ISO-10303-21;
HEADER;
/* Generated by software containing ST-Developer
 * from STEP Tools, Inc. (www.steptools.com) 
 */

FILE_DESCRIPTION(
/* description */ (''),
/* implementation_level */ '2;1');

FILE_NAME(
/* name */ 'Bottom Part.step',
/* time_stamp */ '2026-04-02T15:24:56+02:00',
/* author */ (''),
/* organization */ (''),
/* preprocessor_version */ 'ST-DEVELOPER v20.1',
/* originating_system */ 'Autodesk Translation Framework v14.24.0.0',
/* authorisation */ '');

FILE_SCHEMA (('AUTOMOTIVE_DESIGN { 1 0 10303 214 3 1 1 }'));
ENDSEC;

DATA;
#10=MECHANICAL_DESIGN_GEOMETRIC_PRESENTATION_REPRESENTATION('',(#13),#9444);
#11=SHAPE_REPRESENTATION_RELATIONSHIP('SRR','None',#9451,#12);
#12=ADVANCED_BREP_SHAPE_REPRESENTATION('',(#14),#9443);
#13=STYLED_ITEM('',(#9460),#14);
#14=MANIFOLD_SOLID_BREP('Bottom Part',#4974);
#15=FACE_BOUND('',#924,.T.);
#16=FACE_BOUND('',#982,.T.);
#17=FACE_BOUND('',#983,.T.);
#18=FACE_BOUND('',#1011,.T.);
#19=FACE_BOUND('',#1012,.T.);
#20=FACE_BOUND('',#1014,.T.);
#21=FACE_BOUND('',#1016,.T.);
#22=FACE_BOUND('',#1017,.T.);
#23=FACE_BOUND('',#1033,.T.);
#24=FACE_BOUND('',#1034,.T.);
#25=FACE_BOUND('',#1036,.T.);
#26=FACE_BOUND('',#1037,.T.);
#27=FACE_BOUND('',#1038,.T.);
#28=FACE_BOUND('',#1039,.T.);
#29=FACE_BOUND('',#1040,.T.);
#30=B_SPLINE_SURFACE_WITH_KNOTS('',3,1,((#6100,#6101),(#6102,#6103),(#6104,
#6105),(#6106,#6107),(#6108,#6109)),.UNSPECIFIED.,.F.,.F.,.F.,(4,1,4),(2,
2),(0.,0.0727818127301025,0.15874050373873),(0.,0.0999999999999996),
 .UNSPECIFIED.);
#31=B_SPLINE_SURFACE_WITH_KNOTS('',3,1,((#6305,#6306),(#6307,#6308),(#6309,
#6310),(#6311,#6312),(#6313,#6314)),.UNSPECIFIED.,.F.,.F.,.F.,(4,1,4),(2,
2),(0.,0.0396207775399101,0.0844579614990823),(0.,0.0999999999999996),
 .UNSPECIFIED.);
#32=B_SPLINE_SURFACE_WITH_KNOTS('',3,1,((#6322,#6323),(#6324,#6325),(#6326,
#6327),(#6328,#6329),(#6330,#6331)),.UNSPECIFIED.,.F.,.F.,.F.,(4,1,4),(2,
2),(0.,0.0395955925793837,0.0771385782198388),(0.,0.0999999999999996),
 .UNSPECIFIED.);
#33=B_SPLINE_SURFACE_WITH_KNOTS('',3,1,((#6339,#6340),(#6341,#6342),(#6343,
#6344),(#6345,#6346),(#6347,#6348)),.UNSPECIFIED.,.F.,.F.,.F.,(4,1,4),(2,
2),(0.,0.056968100592938,0.103042864732712),(0.,0.0999999999999996),
 .UNSPECIFIED.);
#34=B_SPLINE_SURFACE_WITH_KNOTS('',3,1,((#6360,#6361),(#6362,#6363),(#6364,
#6365),(#6366,#6367),(#6368,#6369)),.UNSPECIFIED.,.F.,.F.,.F.,(4,1,4),(2,
2),(0.,0.0700268365383139,0.150060261735138),(0.,0.0999999999999996),
 .UNSPECIFIED.);
#35=B_SPLINE_SURFACE_WITH_KNOTS('',3,1,((#6377,#6378),(#6379,#6380),(#6381,
#6382),(#6383,#6384),(#6385,#6386)),.UNSPECIFIED.,.F.,.F.,.F.,(4,1,4),(2,
2),(0.,0.0639695273335032,0.128546810747048),(0.,0.0999999999999996),
 .UNSPECIFIED.);
#36=B_SPLINE_SURFACE_WITH_KNOTS('',3,1,((#6394,#6395),(#6396,#6397),(#6398,
#6399),(#6400,#6401),(#6402,#6403)),.UNSPECIFIED.,.F.,.F.,.F.,(4,1,4),(2,
2),(0.,0.0708922649518095,0.137480820979048),(0.,0.0999999999999996),
 .UNSPECIFIED.);
#37=B_SPLINE_SURFACE_WITH_KNOTS('',3,1,((#6524,#6525),(#6526,#6527),(#6528,
#6529),(#6530,#6531),(#6532,#6533)),.UNSPECIFIED.,.F.,.F.,.F.,(4,1,4),(2,
2),(0.,0.0725100969246104,0.153949696277376),(0.,0.0999999999999996),
 .UNSPECIFIED.);
#38=B_SPLINE_SURFACE_WITH_KNOTS('',3,1,((#6541,#6542),(#6543,#6544),(#6545,
#6546),(#6547,#6548),(#6549,#6550)),.UNSPECIFIED.,.F.,.F.,.F.,(4,1,4),(2,
2),(0.,0.0830598786054543,0.156154968856678),(0.,0.0999999999999996),
 .UNSPECIFIED.);
#39=B_SPLINE_SURFACE_WITH_KNOTS('',3,1,((#6558,#6559),(#6560,#6561),(#6562,
#6563),(#6564,#6565),(#6566,#6567)),.UNSPECIFIED.,.F.,.F.,.F.,(4,1,4),(2,
2),(0.,0.0430359144345665,0.0912232674227076),(0.,0.0999999999999996),
 .UNSPECIFIED.);
#40=B_SPLINE_SURFACE_WITH_KNOTS('',3,1,((#6575,#6576),(#6577,#6578),(#6579,
#6580),(#6581,#6582),(#6583,#6584)),.UNSPECIFIED.,.F.,.F.,.F.,(4,1,4),(2,
2),(0.,0.0331119614317118,0.0716203281725805),(0.,0.0999999999999996),
 .UNSPECIFIED.);
#41=B_SPLINE_SURFACE_WITH_KNOTS('',3,1,((#6596,#6597),(#6598,#6599),(#6600,
#6601),(#6602,#6603),(#6604,#6605)),.UNSPECIFIED.,.F.,.F.,.F.,(4,1,4),(2,
2),(0.,0.0248253388353323,0.0493532942181587),(0.,0.0999999999999996),
 .UNSPECIFIED.);
#42=B_SPLINE_SURFACE_WITH_KNOTS('',3,1,((#6613,#6614),(#6615,#6616),(#6617,
#6618),(#6619,#6620),(#6621,#6622)),.UNSPECIFIED.,.F.,.F.,.F.,(4,1,4),(2,
2),(0.,0.0255403037060714,0.0502009748783586),(0.,0.0999999999999996),
 .UNSPECIFIED.);
#43=B_SPLINE_SURFACE_WITH_KNOTS('',3,1,((#6630,#6631),(#6632,#6633),(#6634,
#6635),(#6636,#6637),(#6638,#6639)),.UNSPECIFIED.,.F.,.F.,.F.,(4,1,4),(2,
2),(0.,0.0325797166515663,0.0702233058423643),(0.,0.0999999999999996),
 .UNSPECIFIED.);
#44=B_SPLINE_SURFACE_WITH_KNOTS('',3,1,((#6647,#6648),(#6649,#6650),(#6651,
#6652),(#6653,#6654),(#6655,#6656)),.UNSPECIFIED.,.F.,.F.,.F.,(4,1,4),(2,
2),(0.,0.0367888957078284,0.0675259225224794),(0.,0.0999999999999996),
 .UNSPECIFIED.);
#45=B_SPLINE_SURFACE_WITH_KNOTS('',3,1,((#6668,#6669),(#6670,#6671),(#6672,
#6673),(#6674,#6675),(#6676,#6677)),.UNSPECIFIED.,.F.,.F.,.F.,(4,1,4),(2,
2),(0.,0.110727067581239,0.239359576014564),(0.,0.0999999999999996),
 .UNSPECIFIED.);
#46=B_SPLINE_SURFACE_WITH_KNOTS('',3,1,((#6697,#6698),(#6699,#6700),(#6701,
#6702),(#6703,#6704),(#6705,#6706)),.UNSPECIFIED.,.F.,.F.,.F.,(4,1,4),(2,
2),(0.,0.077047527859107,0.139537644873907),(0.,0.0999999999999996),
 .UNSPECIFIED.);
#47=B_SPLINE_SURFACE_WITH_KNOTS('',3,1,((#6732,#6733),(#6734,#6735),(#6736,
#6737),(#6738,#6739),(#6740,#6741)),.UNSPECIFIED.,.F.,.F.,.F.,(4,1,4),(2,
2),(0.,0.0639235516835521,0.145199955150042),(0.,0.0999999999999996),
 .UNSPECIFIED.);
#48=B_SPLINE_SURFACE_WITH_KNOTS('',3,1,((#6758,#6759),(#6760,#6761),(#6762,
#6763),(#6764,#6765),(#6766,#6767)),.UNSPECIFIED.,.F.,.F.,.F.,(4,1,4),(2,
2),(0.,0.0142214338443374,0.0267264786928276),(0.,0.0999999999999996),
 .UNSPECIFIED.);
#49=B_SPLINE_SURFACE_WITH_KNOTS('',3,1,((#6784,#6785),(#6786,#6787),(#6788,
#6789),(#6790,#6791),(#6792,#6793)),.UNSPECIFIED.,.F.,.F.,.F.,(4,1,4),(2,
2),(0.,0.0156548644768161,0.0313310185626011),(0.,0.0999999999999996),
 .UNSPECIFIED.);
#50=B_SPLINE_SURFACE_WITH_KNOTS('',3,1,((#6804,#6805),(#6806,#6807),(#6808,
#6809),(#6810,#6811),(#6812,#6813)),.UNSPECIFIED.,.F.,.F.,.F.,(4,1,4),(2,
2),(0.,0.0876502835135797,0.16904668796577),(0.,0.0999999999999996),
 .UNSPECIFIED.);
#51=B_SPLINE_SURFACE_WITH_KNOTS('',3,1,((#6835,#6836),(#6837,#6838),(#6839,
#6840),(#6841,#6842),(#6843,#6844)),.UNSPECIFIED.,.F.,.F.,.F.,(4,1,4),(2,
2),(0.,0.0820857280338574,0.171900253176593),(0.,0.0999999999999996),
 .UNSPECIFIED.);
#52=B_SPLINE_SURFACE_WITH_KNOTS('',3,1,((#6858,#6859),(#6860,#6861),(#6862,
#6863),(#6864,#6865),(#6866,#6867)),.UNSPECIFIED.,.F.,.F.,.F.,(4,1,4),(2,
2),(0.,0.075394089525784,0.152372640825649),(0.,0.0999999999999996),
 .UNSPECIFIED.);
#53=B_SPLINE_SURFACE_WITH_KNOTS('',3,1,((#6881,#6882),(#6883,#6884),(#6885,
#6886),(#6887,#6888),(#6889,#6890)),.UNSPECIFIED.,.F.,.F.,.F.,(4,1,4),(2,
2),(0.,0.0888417831870792,0.168374160692177),(0.,0.0999999999999996),
 .UNSPECIFIED.);
#54=B_SPLINE_SURFACE_WITH_KNOTS('',3,1,((#6904,#6905),(#6906,#6907),(#6908,
#6909),(#6910,#6911),(#6912,#6913)),.UNSPECIFIED.,.F.,.F.,.F.,(4,1,4),(2,
2),(0.,0.061447451235421,0.125139986003065),(0.,0.0999999999999996),
 .UNSPECIFIED.);
#55=B_SPLINE_SURFACE_WITH_KNOTS('',3,1,((#6927,#6928),(#6929,#6930),(#6931,
#6932),(#6933,#6934),(#6935,#6936)),.UNSPECIFIED.,.F.,.F.,.F.,(4,1,4),(2,
2),(0.,0.0560736796514181,0.11509688154243),(0.,0.0999999999999996),
 .UNSPECIFIED.);
#56=B_SPLINE_SURFACE_WITH_KNOTS('',3,1,((#6956,#6957),(#6958,#6959),(#6960,
#6961),(#6962,#6963),(#6964,#6965)),.UNSPECIFIED.,.F.,.F.,.F.,(4,1,4),(2,
2),(0.,0.0423234298952035,0.0872647730322656),(0.,0.0999999999999996),
 .UNSPECIFIED.);
#57=B_SPLINE_SURFACE_WITH_KNOTS('',3,1,((#6979,#6980),(#6981,#6982),(#6983,
#6984),(#6985,#6986),(#6987,#6988)),.UNSPECIFIED.,.F.,.F.,.F.,(4,1,4),(2,
2),(0.,0.0431834470603808,0.0843817813025898),(0.,0.0999999999999996),
 .UNSPECIFIED.);
#58=B_SPLINE_SURFACE_WITH_KNOTS('',3,1,((#7002,#7003),(#7004,#7005),(#7006,
#7007),(#7008,#7009),(#7010,#7011)),.UNSPECIFIED.,.F.,.F.,.F.,(4,1,4),(2,
2),(0.,0.0611940512206953,0.123975800050967),(0.,0.0999999999999996),
 .UNSPECIFIED.);
#59=B_SPLINE_SURFACE_WITH_KNOTS('',3,1,((#7025,#7026),(#7027,#7028),(#7029,
#7030),(#7031,#7032),(#7033,#7034)),.UNSPECIFIED.,.F.,.F.,.F.,(4,1,4),(2,
2),(0.,0.0830225403647736,0.149426218530276),(0.,0.0999999999999996),
 .UNSPECIFIED.);
#60=B_SPLINE_SURFACE_WITH_KNOTS('',3,1,((#7145,#7146),(#7147,#7148),(#7149,
#7150),(#7151,#7152),(#7153,#7154)),.UNSPECIFIED.,.F.,.F.,.F.,(4,1,4),(2,
2),(0.,0.072782088087615,0.15874042214302),(0.,0.0999999999999996),
 .UNSPECIFIED.);
#61=B_SPLINE_SURFACE_WITH_KNOTS('',3,1,((#7191,#7192),(#7193,#7194),(#7195,
#7196),(#7197,#7198),(#7199,#7200)),.UNSPECIFIED.,.F.,.F.,.F.,(4,1,4),(2,
2),(0.,0.0742245554678476,0.173774544215409),(0.,0.0999999999999996),
 .UNSPECIFIED.);
#62=B_SPLINE_SURFACE_WITH_KNOTS('',3,1,((#7298,#7299),(#7300,#7301),(#7302,
#7303),(#7304,#7305),(#7306,#7307)),.UNSPECIFIED.,.F.,.F.,.F.,(4,1,4),(2,
2),(0.,0.041116298081397,0.0828262378900507),(0.,0.0999999999999996),
 .UNSPECIFIED.);
#63=B_SPLINE_SURFACE_WITH_KNOTS('',3,1,((#7315,#7316),(#7317,#7318),(#7319,
#7320),(#7321,#7322),(#7323,#7324)),.UNSPECIFIED.,.F.,.F.,.F.,(4,1,4),(2,
2),(0.,0.0416507025525044,0.0818558511539675),(0.,0.0999999999999996),
 .UNSPECIFIED.);
#64=B_SPLINE_SURFACE_WITH_KNOTS('',3,1,((#7332,#7333),(#7334,#7335),(#7336,
#7337),(#7338,#7339),(#7340,#7341)),.UNSPECIFIED.,.F.,.F.,.F.,(4,1,4),(2,
2),(0.,0.056163952438003,0.111350707178378),(0.,0.0999999999999996),
 .UNSPECIFIED.);
#65=B_SPLINE_SURFACE_WITH_KNOTS('',3,1,((#7349,#7350),(#7351,#7352),(#7353,
#7354),(#7355,#7356),(#7357,#7358)),.UNSPECIFIED.,.F.,.F.,.F.,(4,1,4),(2,
2),(0.,0.101351781165736,0.174517263779059),(0.,0.0999999999999996),
 .UNSPECIFIED.);
#66=B_SPLINE_SURFACE_WITH_KNOTS('',3,1,((#7364,#7365),(#7366,#7367),(#7368,
#7369),(#7370,#7371),(#7372,#7373)),.UNSPECIFIED.,.F.,.F.,.F.,(4,1,4),(2,
2),(0.,0.0884133586453072,0.169079173255741),(0.,0.0999999999999996),
 .UNSPECIFIED.);
#67=B_SPLINE_SURFACE_WITH_KNOTS('',3,1,((#7388,#7389),(#7390,#7391),(#7392,
#7393),(#7394,#7395),(#7396,#7397)),.UNSPECIFIED.,.F.,.F.,.F.,(4,1,4),(2,
2),(0.,0.0806039319138598,0.171108651885491),(0.,0.0999999999999996),
 .UNSPECIFIED.);
#68=B_SPLINE_SURFACE_WITH_KNOTS('',3,1,((#7405,#7406),(#7407,#7408),(#7409,
#7410),(#7411,#7412),(#7413,#7414)),.UNSPECIFIED.,.F.,.F.,.F.,(4,1,4),(2,
2),(0.,0.0655618967591401,0.137250609911261),(0.,0.0999999999999996),
 .UNSPECIFIED.);
#69=B_SPLINE_SURFACE_WITH_KNOTS('',3,1,((#7422,#7423),(#7424,#7425),(#7426,
#7427),(#7428,#7429),(#7430,#7431)),.UNSPECIFIED.,.F.,.F.,.F.,(4,1,4),(2,
2),(0.,0.0725763845106719,0.137849078895304),(0.,0.0999999999999996),
 .UNSPECIFIED.);
#70=B_SPLINE_SURFACE_WITH_KNOTS('',3,1,((#7439,#7440),(#7441,#7442),(#7443,
#7444),(#7445,#7446),(#7447,#7448)),.UNSPECIFIED.,.F.,.F.,.F.,(4,1,4),(2,
2),(0.,0.0494147107284929,0.101061513203784),(0.,0.0999999999999996),
 .UNSPECIFIED.);
#71=B_SPLINE_SURFACE_WITH_KNOTS('',3,1,((#7456,#7457),(#7458,#7459),(#7460,
#7461),(#7462,#7463),(#7464,#7465)),.UNSPECIFIED.,.F.,.F.,.F.,(4,1,4),(2,
2),(0.,0.05163238368559,0.101215543109767),(0.,0.0999999999999996),
 .UNSPECIFIED.);
#72=B_SPLINE_SURFACE_WITH_KNOTS('',3,1,((#7485,#7486),(#7487,#7488),(#7489,
#7490),(#7491,#7492),(#7493,#7494)),.UNSPECIFIED.,.F.,.F.,.F.,(4,1,4),(2,
2),(0.,0.0735023736762562,0.172881924781906),(0.,0.0999999999999996),
 .UNSPECIFIED.);
#73=B_SPLINE_SURFACE_WITH_KNOTS('',3,1,((#7514,#7515),(#7516,#7517),(#7518,
#7519),(#7520,#7521),(#7522,#7523)),.UNSPECIFIED.,.F.,.F.,.F.,(4,1,4),(2,
2),(0.,0.0985004947149857,0.171576638896209),(0.,0.0999999999999996),
 .UNSPECIFIED.);
#74=B_SPLINE_SURFACE_WITH_KNOTS('',3,1,((#7611,#7612),(#7613,#7614),(#7615,
#7616),(#7617,#7618),(#7619,#7620)),.UNSPECIFIED.,.F.,.F.,.F.,(4,1,4),(2,
2),(0.,0.0740433300127788,0.174000310870161),(0.,0.0999999999999996),
 .UNSPECIFIED.);
#75=B_SPLINE_SURFACE_WITH_KNOTS('',3,1,((#7628,#7629),(#7630,#7631),(#7632,
#7633),(#7634,#7635),(#7636,#7637)),.UNSPECIFIED.,.F.,.F.,.F.,(4,1,4),(2,
2),(0.,0.0627682702784014,0.122249551689081),(0.,0.0999999999999996),
 .UNSPECIFIED.);
#76=B_SPLINE_SURFACE_WITH_KNOTS('',3,1,((#7645,#7646),(#7647,#7648),(#7649,
#7650),(#7651,#7652),(#7653,#7654)),.UNSPECIFIED.,.F.,.F.,.F.,(4,1,4),(2,
2),(0.,0.0595070646941432,0.122386022188782),(0.,0.0999999999999996),
 .UNSPECIFIED.);
#77=B_SPLINE_SURFACE_WITH_KNOTS('',3,1,((#7662,#7663),(#7664,#7665),(#7666,
#7667),(#7668,#7669),(#7670,#7671)),.UNSPECIFIED.,.F.,.F.,.F.,(4,1,4),(2,
2),(0.,0.0995111640410098,0.173264346707056),(0.,0.0999999999999996),
 .UNSPECIFIED.);
#78=B_SPLINE_SURFACE_WITH_KNOTS('',3,1,((#7677,#7678),(#7679,#7680),(#7681,
#7682),(#7683,#7684),(#7685,#7686)),.UNSPECIFIED.,.F.,.F.,.F.,(4,1,4),(2,
2),(0.,0.0897748694802639,0.171469116563005),(0.,0.0999999999999996),
 .UNSPECIFIED.);
#79=B_SPLINE_SURFACE_WITH_KNOTS('',3,1,((#7701,#7702),(#7703,#7704),(#7705,
#7706),(#7707,#7708),(#7709,#7710)),.UNSPECIFIED.,.F.,.F.,.F.,(4,1,4),(2,
2),(0.,0.115451617846795,0.249683945013954),(0.,0.0999999999999996),
 .UNSPECIFIED.);
#80=B_SPLINE_SURFACE_WITH_KNOTS('',3,1,((#7718,#7719),(#7720,#7721),(#7722,
#7723),(#7724,#7725),(#7726,#7727)),.UNSPECIFIED.,.F.,.F.,.F.,(4,1,4),(2,
2),(0.,0.120216708828912,0.228651656726965),(0.,0.0999999999999996),
 .UNSPECIFIED.);
#81=B_SPLINE_SURFACE_WITH_KNOTS('',3,1,((#7735,#7736),(#7737,#7738),(#7739,
#7740),(#7741,#7742),(#7743,#7744)),.UNSPECIFIED.,.F.,.F.,.F.,(4,1,4),(2,
2),(0.,0.0745617342487818,0.157054474400589),(0.,0.0999999999999996),
 .UNSPECIFIED.);
#82=B_SPLINE_SURFACE_WITH_KNOTS('',3,1,((#7752,#7753),(#7754,#7755),(#7756,
#7757),(#7758,#7759),(#7760,#7761)),.UNSPECIFIED.,.F.,.F.,.F.,(4,1,4),(2,
2),(0.,0.0755867785812958,0.148570632745158),(0.,0.0999999999999996),
 .UNSPECIFIED.);
#83=B_SPLINE_SURFACE_WITH_KNOTS('',3,1,((#7769,#7770),(#7771,#7772),(#7773,
#7774),(#7775,#7776),(#7777,#7778)),.UNSPECIFIED.,.F.,.F.,.F.,(4,1,4),(2,
2),(0.,0.0915201350132191,0.173895972538844),(0.,0.0999999999999996),
 .UNSPECIFIED.);
#84=B_SPLINE_SURFACE_WITH_KNOTS('',3,1,((#7786,#7787),(#7788,#7789),(#7790,
#7791),(#7792,#7793),(#7794,#7795)),.UNSPECIFIED.,.F.,.F.,.F.,(4,1,4),(2,
2),(0.,0.115122150162364,0.247755178409084),(0.,0.0999999999999996),
 .UNSPECIFIED.);
#85=B_SPLINE_SURFACE_WITH_KNOTS('',3,1,((#7854,#7855),(#7856,#7857),(#7858,
#7859),(#7860,#7861),(#7862,#7863)),.UNSPECIFIED.,.F.,.F.,.F.,(4,1,4),(2,
2),(0.,0.0287814823364405,0.0562735490753446),(0.,0.0999999999999996),
 .UNSPECIFIED.);
#86=B_SPLINE_SURFACE_WITH_KNOTS('',3,1,((#7880,#7881),(#7882,#7883),(#7884,
#7885),(#7886,#7887),(#7888,#7889)),.UNSPECIFIED.,.F.,.F.,.F.,(4,1,4),(2,
2),(0.,0.0322380208282126,0.0621395662215124),(0.,0.0999999999999996),
 .UNSPECIFIED.);
#87=B_SPLINE_SURFACE_WITH_KNOTS('',3,1,((#7903,#7904),(#7905,#7906),(#7907,
#7908),(#7909,#7910),(#7911,#7912)),.UNSPECIFIED.,.F.,.F.,.F.,(4,1,4),(2,
2),(0.,0.0372906156186224,0.0860596151473794),(0.,0.0999999999999996),
 .UNSPECIFIED.);
#88=B_SPLINE_SURFACE_WITH_KNOTS('',3,1,((#7926,#7927),(#7928,#7929),(#7930,
#7931),(#7932,#7933),(#7934,#7935)),.UNSPECIFIED.,.F.,.F.,.F.,(4,1,4),(2,
2),(0.,0.0434716181825381,0.0790888472133789),(0.,0.0999999999999996),
 .UNSPECIFIED.);
#89=B_SPLINE_SURFACE_WITH_KNOTS('',3,1,((#7964,#7965),(#7966,#7967),(#7968,
#7969),(#7970,#7971),(#7972,#7973)),.UNSPECIFIED.,.F.,.F.,.F.,(4,1,4),(2,
2),(0.,0.0764639251929366,0.159354328609382),(0.,0.0999999999999996),
 .UNSPECIFIED.);
#90=B_SPLINE_SURFACE_WITH_KNOTS('',3,1,((#7987,#7988),(#7989,#7990),(#7991,
#7992),(#7993,#7994),(#7995,#7996)),.UNSPECIFIED.,.F.,.F.,.F.,(4,1,4),(2,
2),(0.,0.0949169610834462,0.174825529401458),(0.,0.0999999999999996),
 .UNSPECIFIED.);
#91=B_SPLINE_SURFACE_WITH_KNOTS('',3,1,((#8010,#8011),(#8012,#8013),(#8014,
#8015),(#8016,#8017),(#8018,#8019)),.UNSPECIFIED.,.F.,.F.,.F.,(4,1,4),(2,
2),(0.,0.0490019872591958,0.0991131652880654),(0.,0.0999999999999996),
 .UNSPECIFIED.);
#92=B_SPLINE_SURFACE_WITH_KNOTS('',3,1,((#8033,#8034),(#8035,#8036),(#8037,
#8038),(#8039,#8040),(#8041,#8042)),.UNSPECIFIED.,.F.,.F.,.F.,(4,1,4),(2,
2),(0.,0.0417482962106855,0.0879976668086408),(0.,0.0999999999999996),
 .UNSPECIFIED.);
#93=B_SPLINE_SURFACE_WITH_KNOTS('',3,1,((#8172,#8173),(#8174,#8175),(#8176,
#8177),(#8178,#8179),(#8180,#8181)),.UNSPECIFIED.,.F.,.F.,.F.,(4,1,4),(2,
2),(0.,0.0465396813300363,0.0950867419278656),(0.,0.0999999999999996),
 .UNSPECIFIED.);
#94=B_SPLINE_SURFACE_WITH_KNOTS('',3,1,((#8191,#8192),(#8193,#8194),(#8195,
#8196),(#8197,#8198),(#8199,#8200)),.UNSPECIFIED.,.F.,.F.,.F.,(4,1,4),(2,
2),(0.,0.0789254737562911,0.136226609416642),(0.,0.0999999999999996),
 .UNSPECIFIED.);
#95=B_SPLINE_SURFACE_WITH_KNOTS('',3,1,((#8216,#8217),(#8218,#8219),(#8220,
#8221),(#8222,#8223),(#8224,#8225)),.UNSPECIFIED.,.F.,.F.,.F.,(4,1,4),(2,
2),(0.,0.0422913652044349,0.0851827228456652),(0.,0.0999999999999996),
 .UNSPECIFIED.);
#96=B_SPLINE_SURFACE_WITH_KNOTS('',3,1,((#8233,#8234),(#8235,#8236),(#8237,
#8238),(#8239,#8240),(#8241,#8242)),.UNSPECIFIED.,.F.,.F.,.F.,(4,1,4),(2,
2),(0.,0.0393328457394712,0.0805374392599875),(0.,0.0999999999999996),
 .UNSPECIFIED.);
#97=B_SPLINE_SURFACE_WITH_KNOTS('',3,1,((#8250,#8251),(#8252,#8253),(#8254,
#8255),(#8256,#8257),(#8258,#8259)),.UNSPECIFIED.,.F.,.F.,.F.,(4,1,4),(2,
2),(0.,0.0796127259464433,0.161791812373446),(0.,0.0999999999999996),
 .UNSPECIFIED.);
#98=B_SPLINE_SURFACE_WITH_KNOTS('',3,1,((#8269,#8270),(#8271,#8272),(#8273,
#8274),(#8275,#8276),(#8277,#8278)),.UNSPECIFIED.,.F.,.F.,.F.,(4,1,4),(2,
2),(0.,0.0996026759395141,0.224344263750417),(0.,0.0999999999999996),
 .UNSPECIFIED.);
#99=B_SPLINE_SURFACE_WITH_KNOTS('',3,1,((#8286,#8287),(#8288,#8289),(#8290,
#8291),(#8292,#8293),(#8294,#8295)),.UNSPECIFIED.,.F.,.F.,.F.,(4,1,4),(2,
2),(0.,0.0876998931121708,0.172587040535622),(0.,0.0999999999999996),
 .UNSPECIFIED.);
#100=B_SPLINE_SURFACE_WITH_KNOTS('',3,1,((#8303,#8304),(#8305,#8306),(#8307,
#8308),(#8309,#8310),(#8311,#8312)),.UNSPECIFIED.,.F.,.F.,.F.,(4,1,4),(2,
2),(0.,0.0730759583500614,0.151346528512629),(0.,0.0999999999999996),
 .UNSPECIFIED.);
#101=B_SPLINE_SURFACE_WITH_KNOTS('',3,1,((#8320,#8321),(#8322,#8323),(#8324,
#8325),(#8326,#8327),(#8328,#8329)),.UNSPECIFIED.,.F.,.F.,.F.,(4,1,4),(2,
2),(0.,0.0844910783241968,0.159307980259742),(0.,0.0999999999999996),
 .UNSPECIFIED.);
#102=B_SPLINE_SURFACE_WITH_KNOTS('',3,1,((#8337,#8338),(#8339,#8340),(#8341,
#8342),(#8343,#8344),(#8345,#8346)),.UNSPECIFIED.,.F.,.F.,.F.,(4,1,4),(2,
2),(0.,0.0555825717787588,0.112633228778173),(0.,0.0999999999999996),
 .UNSPECIFIED.);
#103=B_SPLINE_SURFACE_WITH_KNOTS('',3,1,((#8354,#8355),(#8356,#8357),(#8358,
#8359),(#8360,#8361),(#8362,#8363)),.UNSPECIFIED.,.F.,.F.,.F.,(4,1,4),(2,
2),(0.,0.0534958673319979,0.107693772836233),(0.,0.0999999999999996),
 .UNSPECIFIED.);
#104=B_SPLINE_SURFACE_WITH_KNOTS('',3,1,((#8371,#8372),(#8373,#8374),(#8375,
#8376),(#8377,#8378),(#8379,#8380)),.UNSPECIFIED.,.F.,.F.,.F.,(4,1,4),(2,
2),(0.,0.0376971327435464,0.0780902138889515),(0.,0.0999999999999996),
 .UNSPECIFIED.);
#105=B_SPLINE_SURFACE_WITH_KNOTS('',3,1,((#8388,#8389),(#8390,#8391),(#8392,
#8393),(#8394,#8395),(#8396,#8397)),.UNSPECIFIED.,.F.,.F.,.F.,(4,1,4),(2,
2),(0.,0.043090488414767,0.0826007383660464),(0.,0.0999999999999996),
 .UNSPECIFIED.);
#106=B_SPLINE_SURFACE_WITH_KNOTS('',3,1,((#8409,#8410),(#8411,#8412),(#8413,
#8414),(#8415,#8416),(#8417,#8418)),.UNSPECIFIED.,.F.,.F.,.F.,(4,1,4),(2,
2),(0.,0.0201886006466924,0.0435237068481303),(0.,0.0999999999999996),
 .UNSPECIFIED.);
#107=B_SPLINE_SURFACE_WITH_KNOTS('',3,1,((#8426,#8427),(#8428,#8429),(#8430,
#8431),(#8432,#8433),(#8434,#8435)),.UNSPECIFIED.,.F.,.F.,.F.,(4,1,4),(2,
2),(0.,0.0315695288924814,0.0544193811178025),(0.,0.0999999999999996),
 .UNSPECIFIED.);
#108=B_SPLINE_SURFACE_WITH_KNOTS('',3,1,((#8447,#8448),(#8449,#8450),(#8451,
#8452),(#8453,#8454),(#8455,#8456)),.UNSPECIFIED.,.F.,.F.,.F.,(4,1,4),(2,
2),(0.,0.0529226616273099,0.100399205452717),(0.,0.0999999999999996),
 .UNSPECIFIED.);
#109=B_SPLINE_SURFACE_WITH_KNOTS('',3,1,((#8478,#8479),(#8480,#8481),(#8482,
#8483),(#8484,#8485),(#8486,#8487)),.UNSPECIFIED.,.F.,.F.,.F.,(4,1,4),(2,
2),(0.,0.0467920283502326,0.102254084285712),(0.,0.0999999999999996),
 .UNSPECIFIED.);
#110=B_SPLINE_SURFACE_WITH_KNOTS('',3,1,((#8698,#8699),(#8700,#8701),(#8702,
#8703),(#8704,#8705),(#8706,#8707)),.UNSPECIFIED.,.F.,.F.,.F.,(4,1,4),(2,
2),(0.,0.0512735051831539,0.0960139170616135),(0.,0.0999999999999996),
 .UNSPECIFIED.);
#111=B_SPLINE_SURFACE_WITH_KNOTS('',3,1,((#8715,#8716),(#8717,#8718),(#8719,
#8720),(#8721,#8722),(#8723,#8724)),.UNSPECIFIED.,.F.,.F.,.F.,(4,1,4),(2,
2),(0.,0.0473911784111046,0.103002826868759),(0.,0.0999999999999996),
 .UNSPECIFIED.);
#112=B_SPLINE_SURFACE_WITH_KNOTS('',3,1,((#8730,#8731),(#8732,#8733),(#8734,
#8735),(#8736,#8737),(#8738,#8739)),.UNSPECIFIED.,.F.,.F.,.F.,(4,1,4),(2,
2),(0.,0.0497347330444401,0.104870683833557),(0.,0.0999999999999996),
 .UNSPECIFIED.);
#113=B_SPLINE_SURFACE_WITH_KNOTS('',3,1,((#8754,#8755),(#8756,#8757),(#8758,
#8759),(#8760,#8761),(#8762,#8763)),.UNSPECIFIED.,.F.,.F.,.F.,(4,1,4),(2,
2),(0.,0.0574399302439269,0.107789956526728),(0.,0.0999999999999996),
 .UNSPECIFIED.);
#114=B_SPLINE_SURFACE_WITH_KNOTS('',3,1,((#8771,#8772),(#8773,#8774),(#8775,
#8776),(#8777,#8778),(#8779,#8780)),.UNSPECIFIED.,.F.,.F.,.F.,(4,1,4),(2,
2),(0.,0.0630868252351175,0.134725715313531),(0.,0.0999999999999996),
 .UNSPECIFIED.);
#115=B_SPLINE_SURFACE_WITH_KNOTS('',3,1,((#8788,#8789),(#8790,#8791),(#8792,
#8793),(#8794,#8795),(#8796,#8797)),.UNSPECIFIED.,.F.,.F.,.F.,(4,1,4),(2,
2),(0.,0.0486199296933305,0.0937983936948271),(0.,0.0999999999999996),
 .UNSPECIFIED.);
#116=B_SPLINE_SURFACE_WITH_KNOTS('',3,1,((#8805,#8806),(#8807,#8808),(#8809,
#8810),(#8811,#8812),(#8813,#8814)),.UNSPECIFIED.,.F.,.F.,.F.,(4,1,4),(2,
2),(0.,0.0758789663601961,0.134406827963839),(0.,0.0999999999999996),
 .UNSPECIFIED.);
#117=B_SPLINE_SURFACE_WITH_KNOTS('',3,1,((#8826,#8827),(#8828,#8829),(#8830,
#8831),(#8832,#8833),(#8834,#8835)),.UNSPECIFIED.,.F.,.F.,.F.,(4,1,4),(2,
2),(0.,0.0407473151861553,0.089980017357416),(0.,0.0999999999999996),
 .UNSPECIFIED.);
#118=B_SPLINE_SURFACE_WITH_KNOTS('',3,1,((#8843,#8844),(#8845,#8846),(#8847,
#8848),(#8849,#8850),(#8851,#8852)),.UNSPECIFIED.,.F.,.F.,.F.,(4,1,4),(2,
2),(0.,0.0343071211127446,0.0689456937331082),(0.,0.0999999999999996),
 .UNSPECIFIED.);
#119=B_SPLINE_SURFACE_WITH_KNOTS('',3,1,((#8860,#8861),(#8862,#8863),(#8864,
#8865),(#8866,#8867),(#8868,#8869)),.UNSPECIFIED.,.F.,.F.,.F.,(4,1,4),(2,
2),(0.,0.0406999689499936,0.0795082642066198),(0.,0.0999999999999996),
 .UNSPECIFIED.);
#120=B_SPLINE_SURFACE_WITH_KNOTS('',3,1,((#8877,#8878),(#8879,#8880),(#8881,
#8882),(#8883,#8884),(#8885,#8886)),.UNSPECIFIED.,.F.,.F.,.F.,(4,1,4),(2,
2),(0.,0.0818103098091,0.138181325380568),(0.,0.0999999999999996),
 .UNSPECIFIED.);
#121=B_SPLINE_SURFACE_WITH_KNOTS('',3,1,((#8894,#8895),(#8896,#8897),(#8898,
#8899),(#8900,#8901),(#8902,#8903)),.UNSPECIFIED.,.F.,.F.,.F.,(4,1,4),(2,
2),(0.,0.042466582372919,0.099338019192837),(0.,0.0999999999999996),
 .UNSPECIFIED.);
#122=B_SPLINE_SURFACE_WITH_KNOTS('',3,1,((#8911,#8912),(#8913,#8914),(#8915,
#8916),(#8917,#8918),(#8919,#8920)),.UNSPECIFIED.,.F.,.F.,.F.,(4,1,4),(2,
2),(0.,0.0256198890980142,0.0570960997242703),(0.,0.0999999999999996),
 .UNSPECIFIED.);
#123=B_SPLINE_SURFACE_WITH_KNOTS('',3,1,((#8928,#8929),(#8930,#8931),(#8932,
#8933),(#8934,#8935),(#8936,#8937)),.UNSPECIFIED.,.F.,.F.,.F.,(4,1,4),(2,
2),(0.,0.0297213266753067,0.0551831344111889),(0.,0.0999999999999996),
 .UNSPECIFIED.);
#124=B_SPLINE_SURFACE_WITH_KNOTS('',3,1,((#8949,#8950),(#8951,#8952),(#8953,
#8954),(#8955,#8956),(#8957,#8958)),.UNSPECIFIED.,.F.,.F.,.F.,(4,1,4),(2,
2),(0.,0.0505174151581865,0.107510010224006),(0.,0.0999999999999996),
 .UNSPECIFIED.);
#125=B_SPLINE_SURFACE_WITH_KNOTS('',3,1,((#8966,#8967),(#8968,#8969),(#8970,
#8971),(#8972,#8973),(#8974,#8975)),.UNSPECIFIED.,.F.,.F.,.F.,(4,1,4),(2,
2),(0.,0.0570506933389167,0.106733637860768),(0.,0.0999999999999996),
 .UNSPECIFIED.);
#126=B_SPLINE_SURFACE_WITH_KNOTS('',3,1,((#8983,#8984),(#8985,#8986),(#8987,
#8988),(#8989,#8990),(#8991,#8992)),.UNSPECIFIED.,.F.,.F.,.F.,(4,1,4),(2,
2),(0.,0.0942107650498501,0.167165876305415),(0.,0.0999999999999996),
 .UNSPECIFIED.);
#127=B_SPLINE_SURFACE_WITH_KNOTS('',3,1,((#9000,#9001),(#9002,#9003),(#9004,
#9005),(#9006,#9007),(#9008,#9009)),.UNSPECIFIED.,.F.,.F.,.F.,(4,1,4),(2,
2),(0.,0.103399210282186,0.235018890170559),(0.,0.0999999999999996),
 .UNSPECIFIED.);
#128=B_SPLINE_SURFACE_WITH_KNOTS('',3,1,((#9017,#9018),(#9019,#9020),(#9021,
#9022),(#9023,#9024),(#9025,#9026)),.UNSPECIFIED.,.F.,.F.,.F.,(4,1,4),(2,
2),(0.,0.0836593517089469,0.168417078759827),(0.,0.0999999999999996),
 .UNSPECIFIED.);
#129=B_SPLINE_SURFACE_WITH_KNOTS('',3,1,((#9034,#9035),(#9036,#9037),(#9038,
#9039),(#9040,#9041),(#9042,#9043)),.UNSPECIFIED.,.F.,.F.,.F.,(4,1,4),(2,
2),(0.,0.0462917722334202,0.0929449848202021),(0.,0.0999999999999996),
 .UNSPECIFIED.);
#130=B_SPLINE_SURFACE_WITH_KNOTS('',3,1,((#9051,#9052),(#9053,#9054),(#9055,
#9056),(#9057,#9058),(#9059,#9060)),.UNSPECIFIED.,.F.,.F.,.F.,(4,1,4),(2,
2),(0.,0.0520250614498942,0.100500351908671),(0.,0.0999999999999996),
 .UNSPECIFIED.);
#131=B_SPLINE_SURFACE_WITH_KNOTS('',3,1,((#9068,#9069),(#9070,#9071),(#9072,
#9073),(#9074,#9075),(#9076,#9077)),.UNSPECIFIED.,.F.,.F.,.F.,(4,1,4),(2,
2),(0.,0.061853040407372,0.118231355050931),(0.,0.0999999999999996),
 .UNSPECIFIED.);
#132=B_SPLINE_SURFACE_WITH_KNOTS('',3,1,((#9089,#9090),(#9091,#9092),(#9093,
#9094),(#9095,#9096),(#9097,#9098)),.UNSPECIFIED.,.F.,.F.,.F.,(4,1,4),(2,
2),(0.,0.0252527128218738,0.0636585765657829),(0.,0.0999999999999996),
 .UNSPECIFIED.);
#133=B_SPLINE_SURFACE_WITH_KNOTS('',3,1,((#9106,#9107),(#9108,#9109),(#9110,
#9111),(#9112,#9113),(#9114,#9115)),.UNSPECIFIED.,.F.,.F.,.F.,(4,1,4),(2,
2),(0.,0.01779482309494,0.0366353267878083),(0.,0.0999999999999996),
 .UNSPECIFIED.);
#134=B_SPLINE_SURFACE_WITH_KNOTS('',3,1,((#9123,#9124),(#9125,#9126),(#9127,
#9128),(#9129,#9130),(#9131,#9132)),.UNSPECIFIED.,.F.,.F.,.F.,(4,1,4),(2,
2),(0.,0.0297301471661884,0.0593642808717755),(0.,0.0999999999999996),
 .UNSPECIFIED.);
#135=B_SPLINE_SURFACE_WITH_KNOTS('',3,1,((#9140,#9141),(#9142,#9143),(#9144,
#9145),(#9146,#9147),(#9148,#9149)),.UNSPECIFIED.,.F.,.F.,.F.,(4,1,4),(2,
2),(0.,0.0192278950692068,0.0384559734369852),(0.,0.0999999999999996),
 .UNSPECIFIED.);
#136=B_SPLINE_SURFACE_WITH_KNOTS('',3,1,((#9157,#9158),(#9159,#9160),(#9161,
#9162),(#9163,#9164),(#9165,#9166)),.UNSPECIFIED.,.F.,.F.,.F.,(4,1,4),(2,
2),(0.,0.0249343561099112,0.0464538366815111),(0.,0.0999999999999996),
 .UNSPECIFIED.);
#137=B_SPLINE_SURFACE_WITH_KNOTS('',3,1,((#9174,#9175),(#9176,#9177),(#9178,
#9179),(#9180,#9181),(#9182,#9183)),.UNSPECIFIED.,.F.,.F.,.F.,(4,1,4),(2,
2),(0.,0.0624212064545969,0.132305216008457),(0.,0.0999999999999996),
 .UNSPECIFIED.);
#138=B_SPLINE_SURFACE_WITH_KNOTS('',3,1,((#9191,#9192),(#9193,#9194),(#9195,
#9196),(#9197,#9198),(#9199,#9200)),.UNSPECIFIED.,.F.,.F.,.F.,(4,1,4),(2,
2),(0.,0.0548157199147759,0.112457006426422),(0.,0.0999999999999996),
 .UNSPECIFIED.);
#139=B_SPLINE_SURFACE_WITH_KNOTS('',3,1,((#9208,#9209),(#9210,#9211),(#9212,
#9213),(#9214,#9215),(#9216,#9217)),.UNSPECIFIED.,.F.,.F.,.F.,(4,1,4),(2,
2),(0.,0.056984287878529,0.111638733439608),(0.,0.0999999999999996),
 .UNSPECIFIED.);
#140=B_SPLINE_CURVE_WITH_KNOTS('',3,(#6075,#6076,#6077,#6078,#6079),
 .UNSPECIFIED.,.F.,.F.,(4,1,4),(0.0724475933169069,0.0727818127301025,0.15874050373873),
 .UNSPECIFIED.);
#141=B_SPLINE_CURVE_WITH_KNOTS('',3,(#6111,#6112,#6113,#6114,#6115,#6116),
 .UNSPECIFIED.,.F.,.F.,(4,2,4),(0.,0.0499999999999998,0.0999999999999996),
 .UNSPECIFIED.);
#142=B_SPLINE_CURVE_WITH_KNOTS('',3,(#6117,#6118,#6119,#6120,#6121),
 .UNSPECIFIED.,.F.,.F.,(4,1,4),(0.0724475933169074,0.0727818127301025,0.15874050373873),
 .UNSPECIFIED.);
#143=B_SPLINE_CURVE_WITH_KNOTS('',3,(#6255,#6256,#6257,#6258,#6259),
 .UNSPECIFIED.,.F.,.F.,(4,1,4),(0.,0.0396207775399101,0.0844579614990823),
 .UNSPECIFIED.);
#144=B_SPLINE_CURVE_WITH_KNOTS('',3,(#6261,#6262,#6263,#6264,#6265),
 .UNSPECIFIED.,.F.,.F.,(4,1,4),(0.,0.0395955925793837,0.0771385782198388),
 .UNSPECIFIED.);
#145=B_SPLINE_CURVE_WITH_KNOTS('',3,(#6267,#6268,#6269,#6270,#6271),
 .UNSPECIFIED.,.F.,.F.,(4,1,4),(0.,0.056968100592938,0.103042864732712),
 .UNSPECIFIED.);
#146=B_SPLINE_CURVE_WITH_KNOTS('',3,(#6275,#6276,#6277,#6278,#6279),
 .UNSPECIFIED.,.F.,.F.,(4,1,4),(0.,0.0700268365383139,0.150060261735138),
 .UNSPECIFIED.);
#147=B_SPLINE_CURVE_WITH_KNOTS('',3,(#6281,#6282,#6283,#6284,#6285),
 .UNSPECIFIED.,.F.,.F.,(4,1,4),(0.,0.0639695273335032,0.128546810747048),
 .UNSPECIFIED.);
#148=B_SPLINE_CURVE_WITH_KNOTS('',3,(#6287,#6288,#6289,#6290,#6291),
 .UNSPECIFIED.,.F.,.F.,(4,1,4),(0.,0.0708922649518095,0.137480820979048),
 .UNSPECIFIED.);
#149=B_SPLINE_CURVE_WITH_KNOTS('',3,(#6316,#6317,#6318,#6319,#6320),
 .UNSPECIFIED.,.F.,.F.,(4,1,4),(0.,0.0396207775399101,0.0844579614990823),
 .UNSPECIFIED.);
#150=B_SPLINE_CURVE_WITH_KNOTS('',3,(#6333,#6334,#6335,#6336,#6337),
 .UNSPECIFIED.,.F.,.F.,(4,1,4),(0.,0.0395955925793837,0.0771385782198388),
 .UNSPECIFIED.);
#151=B_SPLINE_CURVE_WITH_KNOTS('',3,(#6350,#6351,#6352,#6353,#6354),
 .UNSPECIFIED.,.F.,.F.,(4,1,4),(0.,0.056968100592938,0.103042864732712),
 .UNSPECIFIED.);
#152=B_SPLINE_CURVE_WITH_KNOTS('',3,(#6371,#6372,#6373,#6374,#6375),
 .UNSPECIFIED.,.F.,.F.,(4,1,4),(0.,0.0700268365383139,0.150060261735138),
 .UNSPECIFIED.);
#153=B_SPLINE_CURVE_WITH_KNOTS('',3,(#6388,#6389,#6390,#6391,#6392),
 .UNSPECIFIED.,.F.,.F.,(4,1,4),(0.,0.0639695273335032,0.128546810747048),
 .UNSPECIFIED.);
#154=B_SPLINE_CURVE_WITH_KNOTS('',3,(#6405,#6406,#6407,#6408,#6409),
 .UNSPECIFIED.,.F.,.F.,(4,1,4),(0.,0.0708922649518095,0.137480820979048),
 .UNSPECIFIED.);
#155=B_SPLINE_CURVE_WITH_KNOTS('',3,(#6474,#6475,#6476,#6477,#6478),
 .UNSPECIFIED.,.F.,.F.,(4,1,4),(0.,0.0725100969246104,0.153949696277376),
 .UNSPECIFIED.);
#156=B_SPLINE_CURVE_WITH_KNOTS('',3,(#6480,#6481,#6482,#6483,#6484),
 .UNSPECIFIED.,.F.,.F.,(4,1,4),(0.,0.0830598786054543,0.156154968856678),
 .UNSPECIFIED.);
#157=B_SPLINE_CURVE_WITH_KNOTS('',3,(#6486,#6487,#6488,#6489,#6490),
 .UNSPECIFIED.,.F.,.F.,(4,1,4),(0.,0.0430359144345665,0.0912232674227076),
 .UNSPECIFIED.);
#158=B_SPLINE_CURVE_WITH_KNOTS('',3,(#6492,#6493,#6494,#6495,#6496),
 .UNSPECIFIED.,.F.,.F.,(4,1,4),(0.,0.0331119614317118,0.0716203281725805),
 .UNSPECIFIED.);
#159=B_SPLINE_CURVE_WITH_KNOTS('',3,(#6500,#6501,#6502,#6503,#6504),
 .UNSPECIFIED.,.F.,.F.,(4,1,4),(0.,0.0248253388353323,0.0493532942181587),
 .UNSPECIFIED.);
#160=B_SPLINE_CURVE_WITH_KNOTS('',3,(#6506,#6507,#6508,#6509,#6510),
 .UNSPECIFIED.,.F.,.F.,(4,1,4),(0.,0.0255403037060714,0.0502009748783586),
 .UNSPECIFIED.);
#161=B_SPLINE_CURVE_WITH_KNOTS('',3,(#6512,#6513,#6514,#6515,#6516),
 .UNSPECIFIED.,.F.,.F.,(4,1,4),(0.,0.0325797166515663,0.0702233058423643),
 .UNSPECIFIED.);
#162=B_SPLINE_CURVE_WITH_KNOTS('',3,(#6518,#6519,#6520,#6521,#6522),
 .UNSPECIFIED.,.F.,.F.,(4,1,4),(0.,0.0367888957078284,0.0675259225224794),
 .UNSPECIFIED.);
#163=B_SPLINE_CURVE_WITH_KNOTS('',3,(#6535,#6536,#6537,#6538,#6539),
 .UNSPECIFIED.,.F.,.F.,(4,1,4),(0.,0.0725100969246104,0.153949696277376),
 .UNSPECIFIED.);
#164=B_SPLINE_CURVE_WITH_KNOTS('',3,(#6552,#6553,#6554,#6555,#6556),
 .UNSPECIFIED.,.F.,.F.,(4,1,4),(0.,0.0830598786054543,0.156154968856678),
 .UNSPECIFIED.);
#165=B_SPLINE_CURVE_WITH_KNOTS('',3,(#6569,#6570,#6571,#6572,#6573),
 .UNSPECIFIED.,.F.,.F.,(4,1,4),(0.,0.0430359144345665,0.0912232674227076),
 .UNSPECIFIED.);
#166=B_SPLINE_CURVE_WITH_KNOTS('',3,(#6586,#6587,#6588,#6589,#6590),
 .UNSPECIFIED.,.F.,.F.,(4,1,4),(0.,0.0331119614317118,0.0716203281725805),
 .UNSPECIFIED.);
#167=B_SPLINE_CURVE_WITH_KNOTS('',3,(#6607,#6608,#6609,#6610,#6611),
 .UNSPECIFIED.,.F.,.F.,(4,1,4),(0.,0.0248253388353323,0.0493532942181587),
 .UNSPECIFIED.);
#168=B_SPLINE_CURVE_WITH_KNOTS('',3,(#6624,#6625,#6626,#6627,#6628),
 .UNSPECIFIED.,.F.,.F.,(4,1,4),(0.,0.0255403037060714,0.0502009748783586),
 .UNSPECIFIED.);
#169=B_SPLINE_CURVE_WITH_KNOTS('',3,(#6641,#6642,#6643,#6644,#6645),
 .UNSPECIFIED.,.F.,.F.,(4,1,4),(0.,0.0325797166515663,0.0702233058423643),
 .UNSPECIFIED.);
#170=B_SPLINE_CURVE_WITH_KNOTS('',3,(#6658,#6659,#6660,#6661,#6662),
 .UNSPECIFIED.,.F.,.F.,(4,1,4),(0.,0.0367888957078284,0.0675259225224794),
 .UNSPECIFIED.);
#171=B_SPLINE_CURVE_WITH_KNOTS('',3,(#6680,#6681,#6682,#6683,#6684,#6685),
 .UNSPECIFIED.,.F.,.F.,(4,2,4),(0.,0.0499999999999998,0.0999999999999996),
 .UNSPECIFIED.);
#172=B_SPLINE_CURVE_WITH_KNOTS('',3,(#6687,#6688,#6689,#6690),
 .UNSPECIFIED.,.F.,.F.,(4,4),(0.162459548965318,0.239359576014564),
 .UNSPECIFIED.);
#173=B_SPLINE_CURVE_WITH_KNOTS('',3,(#6693,#6694,#6695,#6696),
 .UNSPECIFIED.,.F.,.F.,(4,4),(0.162459548965154,0.239359576014564),
 .UNSPECIFIED.);
#174=B_SPLINE_CURVE_WITH_KNOTS('',3,(#6709,#6710,#6711,#6712,#6713,#6714),
 .UNSPECIFIED.,.F.,.F.,(4,2,4),(0.,0.0499999999999998,0.0999999999999996),
 .UNSPECIFIED.);
#175=B_SPLINE_CURVE_WITH_KNOTS('',3,(#6716,#6717,#6718,#6719),
 .UNSPECIFIED.,.F.,.F.,(4,4),(0.,0.0466354835957067),.UNSPECIFIED.);
#176=B_SPLINE_CURVE_WITH_KNOTS('',3,(#6722,#6723,#6724,#6725),
 .UNSPECIFIED.,.F.,.F.,(4,4),(0.,0.046635483595698),.UNSPECIFIED.);
#177=B_SPLINE_CURVE_WITH_KNOTS('',3,(#6744,#6745,#6746,#6747,#6748,#6749),
 .UNSPECIFIED.,.F.,.F.,(4,2,4),(0.,0.0499999999999998,0.0999999999999996),
 .UNSPECIFIED.);
#178=B_SPLINE_CURVE_WITH_KNOTS('',3,(#6750,#6751,#6752,#6753),
 .UNSPECIFIED.,.F.,.F.,(4,4),(0.0985054950482235,0.145199955150042),
 .UNSPECIFIED.);
#179=B_SPLINE_CURVE_WITH_KNOTS('',3,(#6754,#6755,#6756,#6757),
 .UNSPECIFIED.,.F.,.F.,(4,4),(0.0985054950481703,0.145199955150042),
 .UNSPECIFIED.);
#180=B_SPLINE_CURVE_WITH_KNOTS('',3,(#6770,#6771,#6772,#6773,#6774),
 .UNSPECIFIED.,.F.,.F.,(4,1,4),(0.,0.0142214338443374,0.0267264786928276),
 .UNSPECIFIED.);
#181=B_SPLINE_CURVE_WITH_KNOTS('',3,(#6778,#6779,#6780,#6781,#6782),
 .UNSPECIFIED.,.F.,.F.,(4,1,4),(0.,0.0142214338443374,0.0267264786928276),
 .UNSPECIFIED.);
#182=B_SPLINE_CURVE_WITH_KNOTS('',3,(#6794,#6795,#6796,#6797,#6798),
 .UNSPECIFIED.,.F.,.F.,(4,1,4),(0.,0.0156548644768161,0.0313310185626011),
 .UNSPECIFIED.);
#183=B_SPLINE_CURVE_WITH_KNOTS('',3,(#6799,#6800,#6801,#6802,#6803),
 .UNSPECIFIED.,.F.,.F.,(4,1,4),(0.,0.0156548644768161,0.0313310185626011),
 .UNSPECIFIED.);
#184=B_SPLINE_CURVE_WITH_KNOTS('',3,(#6816,#6817,#6818,#6819,#6820,#6821),
 .UNSPECIFIED.,.F.,.F.,(4,2,4),(0.,0.0499999999999998,0.0999999999999996),
 .UNSPECIFIED.);
#185=B_SPLINE_CURVE_WITH_KNOTS('',3,(#6823,#6824,#6825,#6826,#6827),
 .UNSPECIFIED.,.F.,.F.,(4,1,4),(0.,0.0876502835135797,0.095125448915036),
 .UNSPECIFIED.);
#186=B_SPLINE_CURVE_WITH_KNOTS('',3,(#6830,#6831,#6832,#6833,#6834),
 .UNSPECIFIED.,.F.,.F.,(4,1,4),(0.,0.0876502835135797,0.0951254489150362),
 .UNSPECIFIED.);
#187=B_SPLINE_CURVE_WITH_KNOTS('',3,(#6846,#6847,#6848,#6849,#6850),
 .UNSPECIFIED.,.F.,.F.,(4,1,4),(0.,0.0820857280338574,0.171900253176593),
 .UNSPECIFIED.);
#188=B_SPLINE_CURVE_WITH_KNOTS('',3,(#6853,#6854,#6855,#6856,#6857),
 .UNSPECIFIED.,.F.,.F.,(4,1,4),(0.,0.0820857280338574,0.171900253176593),
 .UNSPECIFIED.);
#189=B_SPLINE_CURVE_WITH_KNOTS('',3,(#6869,#6870,#6871,#6872,#6873),
 .UNSPECIFIED.,.F.,.F.,(4,1,4),(0.,0.075394089525784,0.152372640825649),
 .UNSPECIFIED.);
#190=B_SPLINE_CURVE_WITH_KNOTS('',3,(#6876,#6877,#6878,#6879,#6880),
 .UNSPECIFIED.,.F.,.F.,(4,1,4),(0.,0.075394089525784,0.152372640825649),
 .UNSPECIFIED.);
#191=B_SPLINE_CURVE_WITH_KNOTS('',3,(#6892,#6893,#6894,#6895,#6896),
 .UNSPECIFIED.,.F.,.F.,(4,1,4),(0.,0.0888417831870792,0.168374160692177),
 .UNSPECIFIED.);
#192=B_SPLINE_CURVE_WITH_KNOTS('',3,(#6899,#6900,#6901,#6902,#6903),
 .UNSPECIFIED.,.F.,.F.,(4,1,4),(0.,0.0888417831870792,0.168374160692177),
 .UNSPECIFIED.);
#193=B_SPLINE_CURVE_WITH_KNOTS('',3,(#6915,#6916,#6917,#6918,#6919),
 .UNSPECIFIED.,.F.,.F.,(4,1,4),(0.,0.061447451235421,0.125139986003065),
 .UNSPECIFIED.);
#194=B_SPLINE_CURVE_WITH_KNOTS('',3,(#6922,#6923,#6924,#6925,#6926),
 .UNSPECIFIED.,.F.,.F.,(4,1,4),(0.,0.061447451235421,0.125139986003065),
 .UNSPECIFIED.);
#195=B_SPLINE_CURVE_WITH_KNOTS('',3,(#6938,#6939,#6940,#6941,#6942),
 .UNSPECIFIED.,.F.,.F.,(4,1,4),(0.,0.0560736796514181,0.11509688154243),
 .UNSPECIFIED.);
#196=B_SPLINE_CURVE_WITH_KNOTS('',3,(#6945,#6946,#6947,#6948,#6949),
 .UNSPECIFIED.,.F.,.F.,(4,1,4),(0.,0.0560736796514181,0.11509688154243),
 .UNSPECIFIED.);
#197=B_SPLINE_CURVE_WITH_KNOTS('',3,(#6967,#6968,#6969,#6970,#6971),
 .UNSPECIFIED.,.F.,.F.,(4,1,4),(0.,0.0423234298952035,0.0872647730322656),
 .UNSPECIFIED.);
#198=B_SPLINE_CURVE_WITH_KNOTS('',3,(#6974,#6975,#6976,#6977,#6978),
 .UNSPECIFIED.,.F.,.F.,(4,1,4),(0.,0.0423234298952035,0.0872647730322656),
 .UNSPECIFIED.);
#199=B_SPLINE_CURVE_WITH_KNOTS('',3,(#6990,#6991,#6992,#6993,#6994),
 .UNSPECIFIED.,.F.,.F.,(4,1,4),(0.,0.0431834470603808,0.0843817813025898),
 .UNSPECIFIED.);
#200=B_SPLINE_CURVE_WITH_KNOTS('',3,(#6997,#6998,#6999,#7000,#7001),
 .UNSPECIFIED.,.F.,.F.,(4,1,4),(0.,0.0431834470603808,0.0843817813025898),
 .UNSPECIFIED.);
#201=B_SPLINE_CURVE_WITH_KNOTS('',3,(#7013,#7014,#7015,#7016,#7017),
 .UNSPECIFIED.,.F.,.F.,(4,1,4),(0.,0.0611940512206953,0.123975800050967),
 .UNSPECIFIED.);
#202=B_SPLINE_CURVE_WITH_KNOTS('',3,(#7020,#7021,#7022,#7023,#7024),
 .UNSPECIFIED.,.F.,.F.,(4,1,4),(0.,0.0611940512206953,0.123975800050967),
 .UNSPECIFIED.);
#203=B_SPLINE_CURVE_WITH_KNOTS('',3,(#7036,#7037,#7038,#7039,#7040),
 .UNSPECIFIED.,.F.,.F.,(4,1,4),(0.,0.0830225403647736,0.149426218530276),
 .UNSPECIFIED.);
#204=B_SPLINE_CURVE_WITH_KNOTS('',3,(#7043,#7044,#7045,#7046,#7047),
 .UNSPECIFIED.,.F.,.F.,(4,1,4),(0.,0.0830225403647736,0.149426218530276),
 .UNSPECIFIED.);
#205=B_SPLINE_CURVE_WITH_KNOTS('',3,(#7120,#7121,#7122,#7123,#7124),
 .UNSPECIFIED.,.F.,.F.,(4,1,4),(0.0724478687860478,0.072782088087615,0.15874042214302),
 .UNSPECIFIED.);
#206=B_SPLINE_CURVE_WITH_KNOTS('',3,(#7156,#7157,#7158,#7159,#7160,#7161),
 .UNSPECIFIED.,.F.,.F.,(4,2,4),(0.,0.0499999999999998,0.0999999999999996),
 .UNSPECIFIED.);
#207=B_SPLINE_CURVE_WITH_KNOTS('',3,(#7162,#7163,#7164,#7165,#7166),
 .UNSPECIFIED.,.F.,.F.,(4,1,4),(0.0724478687860481,0.072782088087615,0.15874042214302),
 .UNSPECIFIED.);
#208=B_SPLINE_CURVE_WITH_KNOTS('',3,(#7203,#7204,#7205,#7206,#7207,#7208),
 .UNSPECIFIED.,.F.,.F.,(4,2,4),(0.,0.0499999999999998,0.0999999999999996),
 .UNSPECIFIED.);
#209=B_SPLINE_CURVE_WITH_KNOTS('',3,(#7210,#7211,#7212,#7213),
 .UNSPECIFIED.,.F.,.F.,(4,4),(0.0796546900981868,0.173774544215409),
 .UNSPECIFIED.);
#210=B_SPLINE_CURVE_WITH_KNOTS('',3,(#7216,#7217,#7218,#7219),
 .UNSPECIFIED.,.F.,.F.,(4,4),(0.0796546900981868,0.173774544215409),
 .UNSPECIFIED.);
#211=B_SPLINE_CURVE_WITH_KNOTS('',3,(#7233,#7234,#7235,#7236,#7237),
 .UNSPECIFIED.,.F.,.F.,(4,1,4),(0.,0.0884133586453072,0.0943449765709015),
 .UNSPECIFIED.);
#212=B_SPLINE_CURVE_WITH_KNOTS('',3,(#7239,#7240,#7241,#7242,#7243),
 .UNSPECIFIED.,.F.,.F.,(4,1,4),(0.,0.0806039319138598,0.171108651885491),
 .UNSPECIFIED.);
#213=B_SPLINE_CURVE_WITH_KNOTS('',3,(#7245,#7246,#7247,#7248,#7249),
 .UNSPECIFIED.,.F.,.F.,(4,1,4),(0.,0.0655618967591401,0.137250609911261),
 .UNSPECIFIED.);
#214=B_SPLINE_CURVE_WITH_KNOTS('',3,(#7251,#7252,#7253,#7254,#7255),
 .UNSPECIFIED.,.F.,.F.,(4,1,4),(0.,0.0725763845106719,0.137849078895304),
 .UNSPECIFIED.);
#215=B_SPLINE_CURVE_WITH_KNOTS('',3,(#7257,#7258,#7259,#7260,#7261),
 .UNSPECIFIED.,.F.,.F.,(4,1,4),(0.,0.0494147107284929,0.101061513203784),
 .UNSPECIFIED.);
#216=B_SPLINE_CURVE_WITH_KNOTS('',3,(#7263,#7264,#7265,#7266,#7267),
 .UNSPECIFIED.,.F.,.F.,(4,1,4),(0.,0.05163238368559,0.101215543109767),
 .UNSPECIFIED.);
#217=B_SPLINE_CURVE_WITH_KNOTS('',3,(#7276,#7277,#7278,#7279,#7280),
 .UNSPECIFIED.,.F.,.F.,(4,1,4),(0.,0.041116298081397,0.0828262378900507),
 .UNSPECIFIED.);
#218=B_SPLINE_CURVE_WITH_KNOTS('',3,(#7282,#7283,#7284,#7285,#7286),
 .UNSPECIFIED.,.F.,.F.,(4,1,4),(0.,0.0416507025525044,0.0818558511539675),
 .UNSPECIFIED.);
#219=B_SPLINE_CURVE_WITH_KNOTS('',3,(#7288,#7289,#7290,#7291,#7292),
 .UNSPECIFIED.,.F.,.F.,(4,1,4),(0.,0.056163952438003,0.111350707178378),
 .UNSPECIFIED.);
#220=B_SPLINE_CURVE_WITH_KNOTS('',3,(#7293,#7294,#7295,#7296,#7297),
 .UNSPECIFIED.,.F.,.F.,(4,1,4),(0.,0.101351781165736,0.174517263779059),
 .UNSPECIFIED.);
#221=B_SPLINE_CURVE_WITH_KNOTS('',3,(#7309,#7310,#7311,#7312,#7313),
 .UNSPECIFIED.,.F.,.F.,(4,1,4),(0.,0.041116298081397,0.0828262378900507),
 .UNSPECIFIED.);
#222=B_SPLINE_CURVE_WITH_KNOTS('',3,(#7326,#7327,#7328,#7329,#7330),
 .UNSPECIFIED.,.F.,.F.,(4,1,4),(0.,0.0416507025525044,0.0818558511539675),
 .UNSPECIFIED.);
#223=B_SPLINE_CURVE_WITH_KNOTS('',3,(#7343,#7344,#7345,#7346,#7347),
 .UNSPECIFIED.,.F.,.F.,(4,1,4),(0.,0.056163952438003,0.111350707178378),
 .UNSPECIFIED.);
#224=B_SPLINE_CURVE_WITH_KNOTS('',3,(#7359,#7360,#7361,#7362,#7363),
 .UNSPECIFIED.,.F.,.F.,(4,1,4),(0.,0.101351781165736,0.174517263779059),
 .UNSPECIFIED.);
#225=B_SPLINE_CURVE_WITH_KNOTS('',3,(#7375,#7376,#7377,#7378,#7379,#7380),
 .UNSPECIFIED.,.F.,.F.,(4,2,4),(0.,0.0499999999999998,0.0999999999999996),
 .UNSPECIFIED.);
#226=B_SPLINE_CURVE_WITH_KNOTS('',3,(#7382,#7383,#7384,#7385,#7386),
 .UNSPECIFIED.,.F.,.F.,(4,1,4),(0.,0.0884133586453072,0.0943449765709014),
 .UNSPECIFIED.);
#227=B_SPLINE_CURVE_WITH_KNOTS('',3,(#7399,#7400,#7401,#7402,#7403),
 .UNSPECIFIED.,.F.,.F.,(4,1,4),(0.,0.0806039319138598,0.171108651885491),
 .UNSPECIFIED.);
#228=B_SPLINE_CURVE_WITH_KNOTS('',3,(#7416,#7417,#7418,#7419,#7420),
 .UNSPECIFIED.,.F.,.F.,(4,1,4),(0.,0.0655618967591401,0.137250609911261),
 .UNSPECIFIED.);
#229=B_SPLINE_CURVE_WITH_KNOTS('',3,(#7433,#7434,#7435,#7436,#7437),
 .UNSPECIFIED.,.F.,.F.,(4,1,4),(0.,0.0725763845106719,0.137849078895304),
 .UNSPECIFIED.);
#230=B_SPLINE_CURVE_WITH_KNOTS('',3,(#7450,#7451,#7452,#7453,#7454),
 .UNSPECIFIED.,.F.,.F.,(4,1,4),(0.,0.0494147107284929,0.101061513203784),
 .UNSPECIFIED.);
#231=B_SPLINE_CURVE_WITH_KNOTS('',3,(#7467,#7468,#7469,#7470,#7471),
 .UNSPECIFIED.,.F.,.F.,(4,1,4),(0.,0.05163238368559,0.101215543109767),
 .UNSPECIFIED.);
#232=B_SPLINE_CURVE_WITH_KNOTS('',3,(#7497,#7498,#7499,#7500,#7501,#7502),
 .UNSPECIFIED.,.F.,.F.,(4,2,4),(0.,0.0499999999999998,0.0999999999999996),
 .UNSPECIFIED.);
#233=B_SPLINE_CURVE_WITH_KNOTS('',3,(#7504,#7505,#7506,#7507),
 .UNSPECIFIED.,.F.,.F.,(4,4),(0.0787728840190425,0.172881924781906),
 .UNSPECIFIED.);
#234=B_SPLINE_CURVE_WITH_KNOTS('',3,(#7510,#7511,#7512,#7513),
 .UNSPECIFIED.,.F.,.F.,(4,4),(0.0787728840190423,0.172881924781906),
 .UNSPECIFIED.);
#235=B_SPLINE_CURVE_WITH_KNOTS('',3,(#7526,#7527,#7528,#7529,#7530,#7531),
 .UNSPECIFIED.,.F.,.F.,(4,2,4),(0.,0.0499999999999998,0.0999999999999996),
 .UNSPECIFIED.);
#236=B_SPLINE_CURVE_WITH_KNOTS('',3,(#7533,#7534,#7535,#7536),
 .UNSPECIFIED.,.F.,.F.,(4,4),(0.,0.0929348370400793),.UNSPECIFIED.);
#237=B_SPLINE_CURVE_WITH_KNOTS('',3,(#7539,#7540,#7541,#7542),
 .UNSPECIFIED.,.F.,.F.,(4,4),(0.,0.0929348370400791),.UNSPECIFIED.);
#238=B_SPLINE_CURVE_WITH_KNOTS('',3,(#7547,#7548,#7549,#7550,#7551),
 .UNSPECIFIED.,.F.,.F.,(4,1,4),(0.,0.0897748694802639,0.0943893584932087),
 .UNSPECIFIED.);
#239=B_SPLINE_CURVE_WITH_KNOTS('',3,(#7553,#7554,#7555,#7556,#7557),
 .UNSPECIFIED.,.F.,.F.,(4,1,4),(0.,0.115451617846795,0.249683945013954),
 .UNSPECIFIED.);
#240=B_SPLINE_CURVE_WITH_KNOTS('',3,(#7559,#7560,#7561,#7562,#7563),
 .UNSPECIFIED.,.F.,.F.,(4,1,4),(0.,0.120216708828912,0.228651656726965),
 .UNSPECIFIED.);
#241=B_SPLINE_CURVE_WITH_KNOTS('',3,(#7565,#7566,#7567,#7568,#7569),
 .UNSPECIFIED.,.F.,.F.,(4,1,4),(0.,0.0745617342487818,0.157054474400589),
 .UNSPECIFIED.);
#242=B_SPLINE_CURVE_WITH_KNOTS('',3,(#7571,#7572,#7573,#7574,#7575),
 .UNSPECIFIED.,.F.,.F.,(4,1,4),(0.,0.0755867785812958,0.148570632745158),
 .UNSPECIFIED.);
#243=B_SPLINE_CURVE_WITH_KNOTS('',3,(#7577,#7578,#7579,#7580,#7581),
 .UNSPECIFIED.,.F.,.F.,(4,1,4),(0.,0.0915201350132191,0.173895972538844),
 .UNSPECIFIED.);
#244=B_SPLINE_CURVE_WITH_KNOTS('',3,(#7583,#7584,#7585,#7586),
 .UNSPECIFIED.,.F.,.F.,(4,4),(0.155498025949008,0.247755178409084),
 .UNSPECIFIED.);
#245=B_SPLINE_CURVE_WITH_KNOTS('',3,(#7589,#7590,#7591,#7592,#7593),
 .UNSPECIFIED.,.F.,.F.,(4,1,4),(0.,0.0740433300127788,0.174000310870161),
 .UNSPECIFIED.);
#246=B_SPLINE_CURVE_WITH_KNOTS('',3,(#7595,#7596,#7597,#7598,#7599),
 .UNSPECIFIED.,.F.,.F.,(4,1,4),(0.,0.0627682702784014,0.122249551689081),
 .UNSPECIFIED.);
#247=B_SPLINE_CURVE_WITH_KNOTS('',3,(#7601,#7602,#7603,#7604,#7605),
 .UNSPECIFIED.,.F.,.F.,(4,1,4),(0.,0.0595070646941432,0.122386022188782),
 .UNSPECIFIED.);
#248=B_SPLINE_CURVE_WITH_KNOTS('',3,(#7606,#7607,#7608,#7609,#7610),
 .UNSPECIFIED.,.F.,.F.,(4,1,4),(0.,0.0995111640410098,0.173264346707056),
 .UNSPECIFIED.);
#249=B_SPLINE_CURVE_WITH_KNOTS('',3,(#7622,#7623,#7624,#7625,#7626),
 .UNSPECIFIED.,.F.,.F.,(4,1,4),(0.,0.0740433300127788,0.174000310870161),
 .UNSPECIFIED.);
#250=B_SPLINE_CURVE_WITH_KNOTS('',3,(#7639,#7640,#7641,#7642,#7643),
 .UNSPECIFIED.,.F.,.F.,(4,1,4),(0.,0.0627682702784014,0.122249551689081),
 .UNSPECIFIED.);
#251=B_SPLINE_CURVE_WITH_KNOTS('',3,(#7656,#7657,#7658,#7659,#7660),
 .UNSPECIFIED.,.F.,.F.,(4,1,4),(0.,0.0595070646941432,0.122386022188782),
 .UNSPECIFIED.);
#252=B_SPLINE_CURVE_WITH_KNOTS('',3,(#7672,#7673,#7674,#7675,#7676),
 .UNSPECIFIED.,.F.,.F.,(4,1,4),(0.,0.0995111640410098,0.173264346707056),
 .UNSPECIFIED.);
#253=B_SPLINE_CURVE_WITH_KNOTS('',3,(#7688,#7689,#7690,#7691,#7692,#7693),
 .UNSPECIFIED.,.F.,.F.,(4,2,4),(0.,0.0499999999999998,0.0999999999999996),
 .UNSPECIFIED.);
#254=B_SPLINE_CURVE_WITH_KNOTS('',3,(#7695,#7696,#7697,#7698,#7699),
 .UNSPECIFIED.,.F.,.F.,(4,1,4),(0.,0.0897748694802639,0.0943893584932087),
 .UNSPECIFIED.);
#255=B_SPLINE_CURVE_WITH_KNOTS('',3,(#7712,#7713,#7714,#7715,#7716),
 .UNSPECIFIED.,.F.,.F.,(4,1,4),(0.,0.115451617846795,0.249683945013954),
 .UNSPECIFIED.);
#256=B_SPLINE_CURVE_WITH_KNOTS('',3,(#7729,#7730,#7731,#7732,#7733),
 .UNSPECIFIED.,.F.,.F.,(4,1,4),(0.,0.120216708828912,0.228651656726965),
 .UNSPECIFIED.);
#257=B_SPLINE_CURVE_WITH_KNOTS('',3,(#7746,#7747,#7748,#7749,#7750),
 .UNSPECIFIED.,.F.,.F.,(4,1,4),(0.,0.0745617342487818,0.157054474400589),
 .UNSPECIFIED.);
#258=B_SPLINE_CURVE_WITH_KNOTS('',3,(#7763,#7764,#7765,#7766,#7767),
 .UNSPECIFIED.,.F.,.F.,(4,1,4),(0.,0.0755867785812958,0.148570632745158),
 .UNSPECIFIED.);
#259=B_SPLINE_CURVE_WITH_KNOTS('',3,(#7780,#7781,#7782,#7783,#7784),
 .UNSPECIFIED.,.F.,.F.,(4,1,4),(0.,0.0915201350132191,0.173895972538844),
 .UNSPECIFIED.);
#260=B_SPLINE_CURVE_WITH_KNOTS('',3,(#7797,#7798,#7799,#7800,#7801,#7802),
 .UNSPECIFIED.,.F.,.F.,(4,2,4),(0.,0.0499999999999998,0.0999999999999996),
 .UNSPECIFIED.);
#261=B_SPLINE_CURVE_WITH_KNOTS('',3,(#7803,#7804,#7805,#7806),
 .UNSPECIFIED.,.F.,.F.,(4,4),(0.155498025949007,0.247755178409084),
 .UNSPECIFIED.);
#262=B_SPLINE_CURVE_WITH_KNOTS('',3,(#7866,#7867,#7868,#7869,#7870),
 .UNSPECIFIED.,.F.,.F.,(4,1,4),(0.,0.0287814823364405,0.0562735490753446),
 .UNSPECIFIED.);
#263=B_SPLINE_CURVE_WITH_KNOTS('',3,(#7874,#7875,#7876,#7877,#7878),
 .UNSPECIFIED.,.F.,.F.,(4,1,4),(0.,0.0287814823364405,0.0562735490753446),
 .UNSPECIFIED.);
#264=B_SPLINE_CURVE_WITH_KNOTS('',3,(#7891,#7892,#7893,#7894,#7895),
 .UNSPECIFIED.,.F.,.F.,(4,1,4),(0.,0.0322380208282126,0.0621395662215124),
 .UNSPECIFIED.);
#265=B_SPLINE_CURVE_WITH_KNOTS('',3,(#7898,#7899,#7900,#7901,#7902),
 .UNSPECIFIED.,.F.,.F.,(4,1,4),(0.,0.0322380208282126,0.0621395662215124),
 .UNSPECIFIED.);
#266=B_SPLINE_CURVE_WITH_KNOTS('',3,(#7914,#7915,#7916,#7917,#7918),
 .UNSPECIFIED.,.F.,.F.,(4,1,4),(0.,0.0372906156186224,0.0860596151473794),
 .UNSPECIFIED.);
#267=B_SPLINE_CURVE_WITH_KNOTS('',3,(#7921,#7922,#7923,#7924,#7925),
 .UNSPECIFIED.,.F.,.F.,(4,1,4),(0.,0.0372906156186224,0.0860596151473794),
 .UNSPECIFIED.);
#268=B_SPLINE_CURVE_WITH_KNOTS('',3,(#7937,#7938,#7939,#7940,#7941),
 .UNSPECIFIED.,.F.,.F.,(4,1,4),(0.,0.0434716181825381,0.0790888472133789),
 .UNSPECIFIED.);
#269=B_SPLINE_CURVE_WITH_KNOTS('',3,(#7944,#7945,#7946,#7947,#7948),
 .UNSPECIFIED.,.F.,.F.,(4,1,4),(0.,0.0434716181825381,0.0790888472133789),
 .UNSPECIFIED.);
#270=B_SPLINE_CURVE_WITH_KNOTS('',3,(#7975,#7976,#7977,#7978,#7979),
 .UNSPECIFIED.,.F.,.F.,(4,1,4),(0.,0.0764639251929366,0.159354328609382),
 .UNSPECIFIED.);
#271=B_SPLINE_CURVE_WITH_KNOTS('',3,(#7982,#7983,#7984,#7985,#7986),
 .UNSPECIFIED.,.F.,.F.,(4,1,4),(0.,0.0764639251929366,0.159354328609382),
 .UNSPECIFIED.);
#272=B_SPLINE_CURVE_WITH_KNOTS('',3,(#7998,#7999,#8000,#8001,#8002),
 .UNSPECIFIED.,.F.,.F.,(4,1,4),(0.,0.0949169610834462,0.174825529401458),
 .UNSPECIFIED.);
#273=B_SPLINE_CURVE_WITH_KNOTS('',3,(#8005,#8006,#8007,#8008,#8009),
 .UNSPECIFIED.,.F.,.F.,(4,1,4),(0.,0.0949169610834462,0.174825529401458),
 .UNSPECIFIED.);
#274=B_SPLINE_CURVE_WITH_KNOTS('',3,(#8021,#8022,#8023,#8024,#8025),
 .UNSPECIFIED.,.F.,.F.,(4,1,4),(0.,0.0490019872591958,0.0991131652880654),
 .UNSPECIFIED.);
#275=B_SPLINE_CURVE_WITH_KNOTS('',3,(#8028,#8029,#8030,#8031,#8032),
 .UNSPECIFIED.,.F.,.F.,(4,1,4),(0.,0.0490019872591958,0.0991131652880654),
 .UNSPECIFIED.);
#276=B_SPLINE_CURVE_WITH_KNOTS('',3,(#8044,#8045,#8046,#8047,#8048),
 .UNSPECIFIED.,.F.,.F.,(4,1,4),(0.,0.0417482962106855,0.0879976668086408),
 .UNSPECIFIED.);
#277=B_SPLINE_CURVE_WITH_KNOTS('',3,(#8051,#8052,#8053,#8054,#8055),
 .UNSPECIFIED.,.F.,.F.,(4,1,4),(0.,0.0417482962106855,0.0879976668086408),
 .UNSPECIFIED.);
#278=B_SPLINE_CURVE_WITH_KNOTS('',3,(#8076,#8077,#8078,#8079,#8080),
 .UNSPECIFIED.,.F.,.F.,(4,1,4),(0.,0.0996026759395141,0.224344263750417),
 .UNSPECIFIED.);
#279=B_SPLINE_CURVE_WITH_KNOTS('',3,(#8082,#8083,#8084,#8085,#8086),
 .UNSPECIFIED.,.F.,.F.,(4,1,4),(0.,0.0876998931121708,0.172587040535622),
 .UNSPECIFIED.);
#280=B_SPLINE_CURVE_WITH_KNOTS('',3,(#8088,#8089,#8090,#8091,#8092),
 .UNSPECIFIED.,.F.,.F.,(4,1,4),(0.,0.0730759583500614,0.151346528512629),
 .UNSPECIFIED.);
#281=B_SPLINE_CURVE_WITH_KNOTS('',3,(#8094,#8095,#8096,#8097,#8098),
 .UNSPECIFIED.,.F.,.F.,(4,1,4),(0.,0.0844910783241968,0.159307980259742),
 .UNSPECIFIED.);
#282=B_SPLINE_CURVE_WITH_KNOTS('',3,(#8100,#8101,#8102,#8103,#8104),
 .UNSPECIFIED.,.F.,.F.,(4,1,4),(0.,0.0555825717787588,0.112633228778173),
 .UNSPECIFIED.);
#283=B_SPLINE_CURVE_WITH_KNOTS('',3,(#8106,#8107,#8108,#8109,#8110),
 .UNSPECIFIED.,.F.,.F.,(4,1,4),(0.,0.0534958673319979,0.107693772836233),
 .UNSPECIFIED.);
#284=B_SPLINE_CURVE_WITH_KNOTS('',3,(#8112,#8113,#8114,#8115,#8116),
 .UNSPECIFIED.,.F.,.F.,(4,1,4),(0.,0.0376971327435464,0.0780902138889515),
 .UNSPECIFIED.);
#285=B_SPLINE_CURVE_WITH_KNOTS('',3,(#8118,#8119,#8120,#8121,#8122),
 .UNSPECIFIED.,.F.,.F.,(4,1,4),(0.,0.043090488414767,0.0826007383660464),
 .UNSPECIFIED.);
#286=B_SPLINE_CURVE_WITH_KNOTS('',3,(#8126,#8127,#8128,#8129,#8130),
 .UNSPECIFIED.,.F.,.F.,(4,1,4),(0.,0.0201886006466924,0.0435237068481303),
 .UNSPECIFIED.);
#287=B_SPLINE_CURVE_WITH_KNOTS('',3,(#8132,#8133,#8134,#8135,#8136),
 .UNSPECIFIED.,.F.,.F.,(4,1,4),(0.,0.0315695288924814,0.0544193811178025),
 .UNSPECIFIED.);
#288=B_SPLINE_CURVE_WITH_KNOTS('',3,(#8140,#8141,#8142,#8143,#8144),
 .UNSPECIFIED.,.F.,.F.,(4,1,4),(0.,0.0796127259464433,0.161791812373446),
 .UNSPECIFIED.);
#289=B_SPLINE_CURVE_WITH_KNOTS('',3,(#8146,#8147,#8148,#8149,#8150),
 .UNSPECIFIED.,.F.,.F.,(4,1,4),(0.,0.0465396813300363,0.0950867419278656),
 .UNSPECIFIED.);
#290=B_SPLINE_CURVE_WITH_KNOTS('',3,(#8152,#8153,#8154,#8155,#8156),
 .UNSPECIFIED.,.F.,.F.,(4,1,4),(0.,0.0789254737562911,0.136226609416642),
 .UNSPECIFIED.);
#291=B_SPLINE_CURVE_WITH_KNOTS('',3,(#8162,#8163,#8164,#8165,#8166),
 .UNSPECIFIED.,.F.,.F.,(4,1,4),(0.,0.0422913652044349,0.0851827228456652),
 .UNSPECIFIED.);
#292=B_SPLINE_CURVE_WITH_KNOTS('',3,(#8167,#8168,#8169,#8170,#8171),
 .UNSPECIFIED.,.F.,.F.,(4,1,4),(0.,0.0393328457394712,0.0805374392599875),
 .UNSPECIFIED.);
#293=B_SPLINE_CURVE_WITH_KNOTS('',3,(#8184,#8185,#8186,#8187,#8188),
 .UNSPECIFIED.,.F.,.F.,(4,1,4),(0.,0.0465396813300363,0.0950867419278656),
 .UNSPECIFIED.);
#294=B_SPLINE_CURVE_WITH_KNOTS('',3,(#8202,#8203,#8204,#8205,#8206),
 .UNSPECIFIED.,.F.,.F.,(4,1,4),(0.,0.0789254737562911,0.136226609416642),
 .UNSPECIFIED.);
#295=B_SPLINE_CURVE_WITH_KNOTS('',3,(#8227,#8228,#8229,#8230,#8231),
 .UNSPECIFIED.,.F.,.F.,(4,1,4),(0.,0.0422913652044349,0.0851827228456652),
 .UNSPECIFIED.);
#296=B_SPLINE_CURVE_WITH_KNOTS('',3,(#8244,#8245,#8246,#8247,#8248),
 .UNSPECIFIED.,.F.,.F.,(4,1,4),(0.,0.0393328457394712,0.0805374392599875),
 .UNSPECIFIED.);
#297=B_SPLINE_CURVE_WITH_KNOTS('',3,(#8260,#8261,#8262,#8263,#8264),
 .UNSPECIFIED.,.F.,.F.,(4,1,4),(0.,0.0796127259464433,0.161791812373446),
 .UNSPECIFIED.);
#298=B_SPLINE_CURVE_WITH_KNOTS('',3,(#8280,#8281,#8282,#8283,#8284),
 .UNSPECIFIED.,.F.,.F.,(4,1,4),(0.,0.0996026759395141,0.224344263750417),
 .UNSPECIFIED.);
#299=B_SPLINE_CURVE_WITH_KNOTS('',3,(#8297,#8298,#8299,#8300,#8301),
 .UNSPECIFIED.,.F.,.F.,(4,1,4),(0.,0.0876998931121708,0.172587040535622),
 .UNSPECIFIED.);
#300=B_SPLINE_CURVE_WITH_KNOTS('',3,(#8314,#8315,#8316,#8317,#8318),
 .UNSPECIFIED.,.F.,.F.,(4,1,4),(0.,0.0730759583500614,0.151346528512629),
 .UNSPECIFIED.);
#301=B_SPLINE_CURVE_WITH_KNOTS('',3,(#8331,#8332,#8333,#8334,#8335),
 .UNSPECIFIED.,.F.,.F.,(4,1,4),(0.,0.0844910783241968,0.159307980259742),
 .UNSPECIFIED.);
#302=B_SPLINE_CURVE_WITH_KNOTS('',3,(#8348,#8349,#8350,#8351,#8352),
 .UNSPECIFIED.,.F.,.F.,(4,1,4),(0.,0.0555825717787588,0.112633228778173),
 .UNSPECIFIED.);
#303=B_SPLINE_CURVE_WITH_KNOTS('',3,(#8365,#8366,#8367,#8368,#8369),
 .UNSPECIFIED.,.F.,.F.,(4,1,4),(0.,0.0534958673319979,0.107693772836233),
 .UNSPECIFIED.);
#304=B_SPLINE_CURVE_WITH_KNOTS('',3,(#8382,#8383,#8384,#8385,#8386),
 .UNSPECIFIED.,.F.,.F.,(4,1,4),(0.,0.0376971327435464,0.0780902138889515),
 .UNSPECIFIED.);
#305=B_SPLINE_CURVE_WITH_KNOTS('',3,(#8399,#8400,#8401,#8402,#8403),
 .UNSPECIFIED.,.F.,.F.,(4,1,4),(0.,0.043090488414767,0.0826007383660464),
 .UNSPECIFIED.);
#306=B_SPLINE_CURVE_WITH_KNOTS('',3,(#8420,#8421,#8422,#8423,#8424),
 .UNSPECIFIED.,.F.,.F.,(4,1,4),(0.,0.0201886006466924,0.0435237068481303),
 .UNSPECIFIED.);
#307=B_SPLINE_CURVE_WITH_KNOTS('',3,(#8437,#8438,#8439,#8440,#8441),
 .UNSPECIFIED.,.F.,.F.,(4,1,4),(0.,0.0315695288924814,0.0544193811178025),
 .UNSPECIFIED.);
#308=B_SPLINE_CURVE_WITH_KNOTS('',3,(#8459,#8460,#8461,#8462,#8463,#8464),
 .UNSPECIFIED.,.F.,.F.,(4,2,4),(0.,0.0499999999999998,0.0999999999999996),
 .UNSPECIFIED.);
#309=B_SPLINE_CURVE_WITH_KNOTS('',3,(#8466,#8467,#8468,#8469,#8470),
 .UNSPECIFIED.,.F.,.F.,(4,1,4),(0.0119377390471334,0.0529226616273099,0.100399205452717),
 .UNSPECIFIED.);
#310=B_SPLINE_CURVE_WITH_KNOTS('',3,(#8473,#8474,#8475,#8476,#8477),
 .UNSPECIFIED.,.F.,.F.,(4,1,4),(0.0119377390471429,0.0529226616273099,0.100399205452717),
 .UNSPECIFIED.);
#311=B_SPLINE_CURVE_WITH_KNOTS('',3,(#8490,#8491,#8492,#8493,#8494,#8495),
 .UNSPECIFIED.,.F.,.F.,(4,2,4),(0.,0.0499999999999998,0.0999999999999996),
 .UNSPECIFIED.);
#312=B_SPLINE_CURVE_WITH_KNOTS('',3,(#8497,#8498,#8499,#8500,#8501),
 .UNSPECIFIED.,.F.,.F.,(4,1,4),(0.,0.0467920283502326,0.0891963651964636),
 .UNSPECIFIED.);
#313=B_SPLINE_CURVE_WITH_KNOTS('',3,(#8504,#8505,#8506,#8507,#8508),
 .UNSPECIFIED.,.F.,.F.,(4,1,4),(0.,0.0467920283502326,0.0891963651964807),
 .UNSPECIFIED.);
#314=B_SPLINE_CURVE_WITH_KNOTS('',3,(#8513,#8514,#8515,#8516,#8517),
 .UNSPECIFIED.,.F.,.F.,(4,1,4),(0.,0.0497347330444401,0.0939706105094809),
 .UNSPECIFIED.);
#315=B_SPLINE_CURVE_WITH_KNOTS('',3,(#8519,#8520,#8521,#8522,#8523),
 .UNSPECIFIED.,.F.,.F.,(4,1,4),(0.,0.0574399302439269,0.107789956526728),
 .UNSPECIFIED.);
#316=B_SPLINE_CURVE_WITH_KNOTS('',3,(#8525,#8526,#8527,#8528,#8529),
 .UNSPECIFIED.,.F.,.F.,(4,1,4),(0.,0.0630868252351175,0.134725715313531),
 .UNSPECIFIED.);
#317=B_SPLINE_CURVE_WITH_KNOTS('',3,(#8531,#8532,#8533,#8534,#8535),
 .UNSPECIFIED.,.F.,.F.,(4,1,4),(0.,0.0486199296933305,0.0937983936948271),
 .UNSPECIFIED.);
#318=B_SPLINE_CURVE_WITH_KNOTS('',3,(#8537,#8538,#8539,#8540,#8541),
 .UNSPECIFIED.,.F.,.F.,(4,1,4),(0.,0.0758789663601961,0.134406827963839),
 .UNSPECIFIED.);
#319=B_SPLINE_CURVE_WITH_KNOTS('',3,(#8545,#8546,#8547,#8548,#8549),
 .UNSPECIFIED.,.F.,.F.,(4,1,4),(0.,0.0407473151861553,0.089980017357416),
 .UNSPECIFIED.);
#320=B_SPLINE_CURVE_WITH_KNOTS('',3,(#8551,#8552,#8553,#8554,#8555),
 .UNSPECIFIED.,.F.,.F.,(4,1,4),(0.,0.0343071211127446,0.0689456937331082),
 .UNSPECIFIED.);
#321=B_SPLINE_CURVE_WITH_KNOTS('',3,(#8557,#8558,#8559,#8560,#8561),
 .UNSPECIFIED.,.F.,.F.,(4,1,4),(0.,0.0406999689499936,0.0795082642066198),
 .UNSPECIFIED.);
#322=B_SPLINE_CURVE_WITH_KNOTS('',3,(#8563,#8564,#8565,#8566,#8567),
 .UNSPECIFIED.,.F.,.F.,(4,1,4),(0.,0.0818103098091,0.138181325380568),
 .UNSPECIFIED.);
#323=B_SPLINE_CURVE_WITH_KNOTS('',3,(#8569,#8570,#8571,#8572,#8573),
 .UNSPECIFIED.,.F.,.F.,(4,1,4),(0.,0.042466582372919,0.099338019192837),
 .UNSPECIFIED.);
#324=B_SPLINE_CURVE_WITH_KNOTS('',3,(#8575,#8576,#8577,#8578,#8579),
 .UNSPECIFIED.,.F.,.F.,(4,1,4),(0.,0.0256198890980142,0.0570960997242703),
 .UNSPECIFIED.);
#325=B_SPLINE_CURVE_WITH_KNOTS('',3,(#8581,#8582,#8583,#8584,#8585),
 .UNSPECIFIED.,.F.,.F.,(4,1,4),(0.,0.0297213266753067,0.0551831344111889),
 .UNSPECIFIED.);
#326=B_SPLINE_CURVE_WITH_KNOTS('',3,(#8589,#8590,#8591,#8592,#8593),
 .UNSPECIFIED.,.F.,.F.,(4,1,4),(0.,0.0505174151581865,0.107510010224006),
 .UNSPECIFIED.);
#327=B_SPLINE_CURVE_WITH_KNOTS('',3,(#8595,#8596,#8597,#8598,#8599),
 .UNSPECIFIED.,.F.,.F.,(4,1,4),(0.,0.0570506933389167,0.106733637860768),
 .UNSPECIFIED.);
#328=B_SPLINE_CURVE_WITH_KNOTS('',3,(#8601,#8602,#8603,#8604,#8605),
 .UNSPECIFIED.,.F.,.F.,(4,1,4),(0.,0.0942107650498501,0.167165876305415),
 .UNSPECIFIED.);
#329=B_SPLINE_CURVE_WITH_KNOTS('',3,(#8607,#8608,#8609,#8610,#8611),
 .UNSPECIFIED.,.F.,.F.,(4,1,4),(0.,0.103399210282186,0.235018890170559),
 .UNSPECIFIED.);
#330=B_SPLINE_CURVE_WITH_KNOTS('',3,(#8613,#8614,#8615,#8616,#8617),
 .UNSPECIFIED.,.F.,.F.,(4,1,4),(0.,0.0836593517089469,0.168417078759827),
 .UNSPECIFIED.);
#331=B_SPLINE_CURVE_WITH_KNOTS('',3,(#8619,#8620,#8621,#8622,#8623),
 .UNSPECIFIED.,.F.,.F.,(4,1,4),(0.,0.0462917722334202,0.0929449848202021),
 .UNSPECIFIED.);
#332=B_SPLINE_CURVE_WITH_KNOTS('',3,(#8625,#8626,#8627,#8628,#8629),
 .UNSPECIFIED.,.F.,.F.,(4,1,4),(0.,0.0520250614498942,0.100500351908671),
 .UNSPECIFIED.);
#333=B_SPLINE_CURVE_WITH_KNOTS('',3,(#8631,#8632,#8633,#8634,#8635),
 .UNSPECIFIED.,.F.,.F.,(4,1,4),(0.,0.061853040407372,0.118231355050931),
 .UNSPECIFIED.);
#334=B_SPLINE_CURVE_WITH_KNOTS('',3,(#8639,#8640,#8641,#8642,#8643),
 .UNSPECIFIED.,.F.,.F.,(4,1,4),(0.,0.0252527128218738,0.0636585765657829),
 .UNSPECIFIED.);
#335=B_SPLINE_CURVE_WITH_KNOTS('',3,(#8645,#8646,#8647,#8648,#8649),
 .UNSPECIFIED.,.F.,.F.,(4,1,4),(0.,0.01779482309494,0.0366353267878083),
 .UNSPECIFIED.);
#336=B_SPLINE_CURVE_WITH_KNOTS('',3,(#8651,#8652,#8653,#8654,#8655),
 .UNSPECIFIED.,.F.,.F.,(4,1,4),(0.,0.0297301471661884,0.0593642808717755),
 .UNSPECIFIED.);
#337=B_SPLINE_CURVE_WITH_KNOTS('',3,(#8657,#8658,#8659,#8660,#8661),
 .UNSPECIFIED.,.F.,.F.,(4,1,4),(0.,0.0192278950692068,0.0384559734369852),
 .UNSPECIFIED.);
#338=B_SPLINE_CURVE_WITH_KNOTS('',3,(#8663,#8664,#8665,#8666,#8667),
 .UNSPECIFIED.,.F.,.F.,(4,1,4),(0.,0.0249343561099112,0.0464538366815111),
 .UNSPECIFIED.);
#339=B_SPLINE_CURVE_WITH_KNOTS('',3,(#8669,#8670,#8671,#8672,#8673),
 .UNSPECIFIED.,.F.,.F.,(4,1,4),(0.,0.0624212064545969,0.132305216008457),
 .UNSPECIFIED.);
#340=B_SPLINE_CURVE_WITH_KNOTS('',3,(#8675,#8676,#8677,#8678,#8679),
 .UNSPECIFIED.,.F.,.F.,(4,1,4),(0.,0.0548157199147759,0.112457006426422),
 .UNSPECIFIED.);
#341=B_SPLINE_CURVE_WITH_KNOTS('',3,(#8681,#8682,#8683,#8684,#8685),
 .UNSPECIFIED.,.F.,.F.,(4,1,4),(0.00630970545419904,0.056984287878529,0.111638733439608),
 .UNSPECIFIED.);
#342=B_SPLINE_CURVE_WITH_KNOTS('',3,(#8688,#8689,#8690,#8691,#8692),
 .UNSPECIFIED.,.F.,.F.,(4,1,4),(0.,0.0512735051831539,0.0960139170616135),
 .UNSPECIFIED.);
#343=B_SPLINE_CURVE_WITH_KNOTS('',3,(#8693,#8694,#8695,#8696,#8697),
 .UNSPECIFIED.,.F.,.F.,(4,1,4),(0.,0.0473911784111046,0.103002826868759),
 .UNSPECIFIED.);
#344=B_SPLINE_CURVE_WITH_KNOTS('',3,(#8709,#8710,#8711,#8712,#8713),
 .UNSPECIFIED.,.F.,.F.,(4,1,4),(0.,0.0512735051831539,0.0960139170616135),
 .UNSPECIFIED.);
#345=B_SPLINE_CURVE_WITH_KNOTS('',3,(#8725,#8726,#8727,#8728,#8729),
 .UNSPECIFIED.,.F.,.F.,(4,1,4),(0.,0.0473911784111046,0.103002826868759),
 .UNSPECIFIED.);
#346=B_SPLINE_CURVE_WITH_KNOTS('',3,(#8741,#8742,#8743,#8744,#8745,#8746),
 .UNSPECIFIED.,.F.,.F.,(4,2,4),(0.,0.0499999999999998,0.0999999999999996),
 .UNSPECIFIED.);
#347=B_SPLINE_CURVE_WITH_KNOTS('',3,(#8748,#8749,#8750,#8751,#8752),
 .UNSPECIFIED.,.F.,.F.,(4,1,4),(0.,0.0497347330444401,0.0939706105094808),
 .UNSPECIFIED.);
#348=B_SPLINE_CURVE_WITH_KNOTS('',3,(#8765,#8766,#8767,#8768,#8769),
 .UNSPECIFIED.,.F.,.F.,(4,1,4),(0.,0.0574399302439269,0.107789956526728),
 .UNSPECIFIED.);
#349=B_SPLINE_CURVE_WITH_KNOTS('',3,(#8782,#8783,#8784,#8785,#8786),
 .UNSPECIFIED.,.F.,.F.,(4,1,4),(0.,0.0630868252351175,0.134725715313531),
 .UNSPECIFIED.);
#350=B_SPLINE_CURVE_WITH_KNOTS('',3,(#8799,#8800,#8801,#8802,#8803),
 .UNSPECIFIED.,.F.,.F.,(4,1,4),(0.,0.0486199296933305,0.0937983936948271),
 .UNSPECIFIED.);
#351=B_SPLINE_CURVE_WITH_KNOTS('',3,(#8816,#8817,#8818,#8819,#8820),
 .UNSPECIFIED.,.F.,.F.,(4,1,4),(0.,0.0758789663601961,0.134406827963839),
 .UNSPECIFIED.);
#352=B_SPLINE_CURVE_WITH_KNOTS('',3,(#8837,#8838,#8839,#8840,#8841),
 .UNSPECIFIED.,.F.,.F.,(4,1,4),(0.,0.0407473151861553,0.089980017357416),
 .UNSPECIFIED.);
#353=B_SPLINE_CURVE_WITH_KNOTS('',3,(#8854,#8855,#8856,#8857,#8858),
 .UNSPECIFIED.,.F.,.F.,(4,1,4),(0.,0.0343071211127446,0.0689456937331082),
 .UNSPECIFIED.);
#354=B_SPLINE_CURVE_WITH_KNOTS('',3,(#8871,#8872,#8873,#8874,#8875),
 .UNSPECIFIED.,.F.,.F.,(4,1,4),(0.,0.0406999689499936,0.0795082642066198),
 .UNSPECIFIED.);
#355=B_SPLINE_CURVE_WITH_KNOTS('',3,(#8888,#8889,#8890,#8891,#8892),
 .UNSPECIFIED.,.F.,.F.,(4,1,4),(0.,0.0818103098091,0.138181325380568),
 .UNSPECIFIED.);
#356=B_SPLINE_CURVE_WITH_KNOTS('',3,(#8905,#8906,#8907,#8908,#8909),
 .UNSPECIFIED.,.F.,.F.,(4,1,4),(0.,0.042466582372919,0.099338019192837),
 .UNSPECIFIED.);
#357=B_SPLINE_CURVE_WITH_KNOTS('',3,(#8922,#8923,#8924,#8925,#8926),
 .UNSPECIFIED.,.F.,.F.,(4,1,4),(0.,0.0256198890980142,0.0570960997242703),
 .UNSPECIFIED.);
#358=B_SPLINE_CURVE_WITH_KNOTS('',3,(#8939,#8940,#8941,#8942,#8943),
 .UNSPECIFIED.,.F.,.F.,(4,1,4),(0.,0.0297213266753067,0.0551831344111889),
 .UNSPECIFIED.);
#359=B_SPLINE_CURVE_WITH_KNOTS('',3,(#8960,#8961,#8962,#8963,#8964),
 .UNSPECIFIED.,.F.,.F.,(4,1,4),(0.,0.0505174151581865,0.107510010224006),
 .UNSPECIFIED.);
#360=B_SPLINE_CURVE_WITH_KNOTS('',3,(#8977,#8978,#8979,#8980,#8981),
 .UNSPECIFIED.,.F.,.F.,(4,1,4),(0.,0.0570506933389167,0.106733637860768),
 .UNSPECIFIED.);
#361=B_SPLINE_CURVE_WITH_KNOTS('',3,(#8994,#8995,#8996,#8997,#8998),
 .UNSPECIFIED.,.F.,.F.,(4,1,4),(0.,0.0942107650498501,0.167165876305415),
 .UNSPECIFIED.);
#362=B_SPLINE_CURVE_WITH_KNOTS('',3,(#9011,#9012,#9013,#9014,#9015),
 .UNSPECIFIED.,.F.,.F.,(4,1,4),(0.,0.103399210282186,0.235018890170559),
 .UNSPECIFIED.);
#363=B_SPLINE_CURVE_WITH_KNOTS('',3,(#9028,#9029,#9030,#9031,#9032),
 .UNSPECIFIED.,.F.,.F.,(4,1,4),(0.,0.0836593517089469,0.168417078759827),
 .UNSPECIFIED.);
#364=B_SPLINE_CURVE_WITH_KNOTS('',3,(#9045,#9046,#9047,#9048,#9049),
 .UNSPECIFIED.,.F.,.F.,(4,1,4),(0.,0.0462917722334202,0.0929449848202021),
 .UNSPECIFIED.);
#365=B_SPLINE_CURVE_WITH_KNOTS('',3,(#9062,#9063,#9064,#9065,#9066),
 .UNSPECIFIED.,.F.,.F.,(4,1,4),(0.,0.0520250614498942,0.100500351908671),
 .UNSPECIFIED.);
#366=B_SPLINE_CURVE_WITH_KNOTS('',3,(#9079,#9080,#9081,#9082,#9083),
 .UNSPECIFIED.,.F.,.F.,(4,1,4),(0.,0.061853040407372,0.118231355050931),
 .UNSPECIFIED.);
#367=B_SPLINE_CURVE_WITH_KNOTS('',3,(#9100,#9101,#9102,#9103,#9104),
 .UNSPECIFIED.,.F.,.F.,(4,1,4),(0.,0.0252527128218738,0.0636585765657829),
 .UNSPECIFIED.);
#368=B_SPLINE_CURVE_WITH_KNOTS('',3,(#9117,#9118,#9119,#9120,#9121),
 .UNSPECIFIED.,.F.,.F.,(4,1,4),(0.,0.01779482309494,0.0366353267878083),
 .UNSPECIFIED.);
#369=B_SPLINE_CURVE_WITH_KNOTS('',3,(#9134,#9135,#9136,#9137,#9138),
 .UNSPECIFIED.,.F.,.F.,(4,1,4),(0.,0.0297301471661884,0.0593642808717755),
 .UNSPECIFIED.);
#370=B_SPLINE_CURVE_WITH_KNOTS('',3,(#9151,#9152,#9153,#9154,#9155),
 .UNSPECIFIED.,.F.,.F.,(4,1,4),(0.,0.0192278950692068,0.0384559734369852),
 .UNSPECIFIED.);
#371=B_SPLINE_CURVE_WITH_KNOTS('',3,(#9168,#9169,#9170,#9171,#9172),
 .UNSPECIFIED.,.F.,.F.,(4,1,4),(0.,0.0249343561099112,0.0464538366815111),
 .UNSPECIFIED.);
#372=B_SPLINE_CURVE_WITH_KNOTS('',3,(#9185,#9186,#9187,#9188,#9189),
 .UNSPECIFIED.,.F.,.F.,(4,1,4),(0.,0.0624212064545969,0.132305216008457),
 .UNSPECIFIED.);
#373=B_SPLINE_CURVE_WITH_KNOTS('',3,(#9202,#9203,#9204,#9205,#9206),
 .UNSPECIFIED.,.F.,.F.,(4,1,4),(0.,0.0548157199147759,0.112457006426422),
 .UNSPECIFIED.);
#374=B_SPLINE_CURVE_WITH_KNOTS('',3,(#9219,#9220,#9221,#9222,#9223,#9224),
 .UNSPECIFIED.,.F.,.F.,(4,2,4),(0.,0.0499999999999998,0.0999999999999996),
 .UNSPECIFIED.);
#375=B_SPLINE_CURVE_WITH_KNOTS('',3,(#9225,#9226,#9227,#9228,#9229),
 .UNSPECIFIED.,.F.,.F.,(4,1,4),(0.00630970545419902,0.056984287878529,0.111638733439608),
 .UNSPECIFIED.);
#376=PLANE('',#4991);
#377=PLANE('',#4995);
#378=PLANE('',#4999);
#379=PLANE('',#5003);
#380=PLANE('',#5004);
#381=PLANE('',#5005);
#382=PLANE('',#5006);
#383=PLANE('',#5007);
#384=PLANE('',#5008);
#385=PLANE('',#5009);
#386=PLANE('',#5010);
#387=PLANE('',#5011);
#388=PLANE('',#5012);
#389=PLANE('',#5013);
#390=PLANE('',#5014);
#391=PLANE('',#5015);
#392=PLANE('',#5016);
#393=PLANE('',#5017);
#394=PLANE('',#5018);
#395=PLANE('',#5019);
#396=PLANE('',#5020);
#397=PLANE('',#5021);
#398=PLANE('',#5022);
#399=PLANE('',#5023);
#400=PLANE('',#5024);
#401=PLANE('',#5025);
#402=PLANE('',#5026);
#403=PLANE('',#5027);
#404=PLANE('',#5028);
#405=PLANE('',#5029);
#406=PLANE('',#5030);
#407=PLANE('',#5031);
#408=PLANE('',#5032);
#409=PLANE('',#5033);
#410=PLANE('',#5034);
#411=PLANE('',#5035);
#412=PLANE('',#5036);
#413=PLANE('',#5037);
#414=PLANE('',#5038);
#415=PLANE('',#5039);
#416=PLANE('',#5040);
#417=PLANE('',#5041);
#418=PLANE('',#5042);
#419=PLANE('',#5043);
#420=PLANE('',#5044);
#421=PLANE('',#5045);
#422=PLANE('',#5046);
#423=PLANE('',#5047);
#424=PLANE('',#5048);
#425=PLANE('',#5049);
#426=PLANE('',#5050);
#427=PLANE('',#5051);
#428=PLANE('',#5052);
#429=PLANE('',#5053);
#430=PLANE('',#5054);
#431=PLANE('',#5055);
#432=PLANE('',#5056);
#433=PLANE('',#5057);
#434=PLANE('',#5058);
#435=PLANE('',#5059);
#436=PLANE('',#5060);
#437=PLANE('',#5061);
#438=PLANE('',#5062);
#439=PLANE('',#5063);
#440=PLANE('',#5064);
#441=PLANE('',#5065);
#442=PLANE('',#5066);
#443=PLANE('',#5067);
#444=PLANE('',#5068);
#445=PLANE('',#5069);
#446=PLANE('',#5070);
#447=PLANE('',#5071);
#448=PLANE('',#5072);
#449=PLANE('',#5073);
#450=PLANE('',#5074);
#451=PLANE('',#5075);
#452=PLANE('',#5076);
#453=PLANE('',#5077);
#454=PLANE('',#5078);
#455=PLANE('',#5079);
#456=PLANE('',#5080);
#457=PLANE('',#5081);
#458=PLANE('',#5082);
#459=PLANE('',#5083);
#460=PLANE('',#5084);
#461=PLANE('',#5085);
#462=PLANE('',#5086);
#463=PLANE('',#5087);
#464=PLANE('',#5088);
#465=PLANE('',#5089);
#466=PLANE('',#5090);
#467=PLANE('',#5091);
#468=PLANE('',#5092);
#469=PLANE('',#5093);
#470=PLANE('',#5094);
#471=PLANE('',#5095);
#472=PLANE('',#5096);
#473=PLANE('',#5097);
#474=PLANE('',#5098);
#475=PLANE('',#5099);
#476=PLANE('',#5100);
#477=PLANE('',#5105);
#478=PLANE('',#5106);
#479=PLANE('',#5107);
#480=PLANE('',#5108);
#481=PLANE('',#5109);
#482=PLANE('',#5110);
#483=PLANE('',#5111);
#484=PLANE('',#5112);
#485=PLANE('',#5116);
#486=PLANE('',#5120);
#487=PLANE('',#5124);
#488=PLANE('',#5128);
#489=PLANE('',#5131);
#490=PLANE('',#5134);
#491=PLANE('',#5138);
#492=PLANE('',#5142);
#493=PLANE('',#5143);
#494=PLANE('',#5144);
#495=PLANE('',#5145);
#496=PLANE('',#5146);
#497=PLANE('',#5151);
#498=PLANE('',#5154);
#499=PLANE('',#5157);
#500=PLANE('',#5160);
#501=PLANE('',#5163);
#502=PLANE('',#5168);
#503=PLANE('',#5173);
#504=PLANE('',#5176);
#505=PLANE('',#5177);
#506=FACE_OUTER_BOUND('',#766,.T.);
#507=FACE_OUTER_BOUND('',#767,.T.);
#508=FACE_OUTER_BOUND('',#768,.T.);
#509=FACE_OUTER_BOUND('',#769,.T.);
#510=FACE_OUTER_BOUND('',#770,.T.);
#511=FACE_OUTER_BOUND('',#771,.T.);
#512=FACE_OUTER_BOUND('',#772,.T.);
#513=FACE_OUTER_BOUND('',#773,.T.);
#514=FACE_OUTER_BOUND('',#774,.T.);
#515=FACE_OUTER_BOUND('',#775,.T.);
#516=FACE_OUTER_BOUND('',#776,.T.);
#517=FACE_OUTER_BOUND('',#777,.T.);
#518=FACE_OUTER_BOUND('',#778,.T.);
#519=FACE_OUTER_BOUND('',#779,.T.);
#520=FACE_OUTER_BOUND('',#780,.T.);
#521=FACE_OUTER_BOUND('',#781,.T.);
#522=FACE_OUTER_BOUND('',#782,.T.);
#523=FACE_OUTER_BOUND('',#783,.T.);
#524=FACE_OUTER_BOUND('',#784,.T.);
#525=FACE_OUTER_BOUND('',#785,.T.);
#526=FACE_OUTER_BOUND('',#786,.T.);
#527=FACE_OUTER_BOUND('',#787,.T.);
#528=FACE_OUTER_BOUND('',#788,.T.);
#529=FACE_OUTER_BOUND('',#789,.T.);
#530=FACE_OUTER_BOUND('',#790,.T.);
#531=FACE_OUTER_BOUND('',#791,.T.);
#532=FACE_OUTER_BOUND('',#792,.T.);
#533=FACE_OUTER_BOUND('',#793,.T.);
#534=FACE_OUTER_BOUND('',#794,.T.);
#535=FACE_OUTER_BOUND('',#795,.T.);
#536=FACE_OUTER_BOUND('',#796,.T.);
#537=FACE_OUTER_BOUND('',#797,.T.);
#538=FACE_OUTER_BOUND('',#798,.T.);
#539=FACE_OUTER_BOUND('',#799,.T.);
#540=FACE_OUTER_BOUND('',#800,.T.);
#541=FACE_OUTER_BOUND('',#801,.T.);
#542=FACE_OUTER_BOUND('',#802,.T.);
#543=FACE_OUTER_BOUND('',#803,.T.);
#544=FACE_OUTER_BOUND('',#804,.T.);
#545=FACE_OUTER_BOUND('',#805,.T.);
#546=FACE_OUTER_BOUND('',#806,.T.);
#547=FACE_OUTER_BOUND('',#807,.T.);
#548=FACE_OUTER_BOUND('',#808,.T.);
#549=FACE_OUTER_BOUND('',#809,.T.);
#550=FACE_OUTER_BOUND('',#810,.T.);
#551=FACE_OUTER_BOUND('',#811,.T.);
#552=FACE_OUTER_BOUND('',#812,.T.);
#553=FACE_OUTER_BOUND('',#813,.T.);
#554=FACE_OUTER_BOUND('',#814,.T.);
#555=FACE_OUTER_BOUND('',#815,.T.);
#556=FACE_OUTER_BOUND('',#816,.T.);
#557=FACE_OUTER_BOUND('',#817,.T.);
#558=FACE_OUTER_BOUND('',#818,.T.);
#559=FACE_OUTER_BOUND('',#819,.T.);
#560=FACE_OUTER_BOUND('',#820,.T.);
#561=FACE_OUTER_BOUND('',#821,.T.);
#562=FACE_OUTER_BOUND('',#822,.T.);
#563=FACE_OUTER_BOUND('',#823,.T.);
#564=FACE_OUTER_BOUND('',#824,.T.);
#565=FACE_OUTER_BOUND('',#825,.T.);
#566=FACE_OUTER_BOUND('',#826,.T.);
#567=FACE_OUTER_BOUND('',#827,.T.);
#568=FACE_OUTER_BOUND('',#828,.T.);
#569=FACE_OUTER_BOUND('',#829,.T.);
#570=FACE_OUTER_BOUND('',#830,.T.);
#571=FACE_OUTER_BOUND('',#831,.T.);
#572=FACE_OUTER_BOUND('',#832,.T.);
#573=FACE_OUTER_BOUND('',#833,.T.);
#574=FACE_OUTER_BOUND('',#834,.T.);
#575=FACE_OUTER_BOUND('',#835,.T.);
#576=FACE_OUTER_BOUND('',#836,.T.);
#577=FACE_OUTER_BOUND('',#837,.T.);
#578=FACE_OUTER_BOUND('',#838,.T.);
#579=FACE_OUTER_BOUND('',#839,.T.);
#580=FACE_OUTER_BOUND('',#840,.T.);
#581=FACE_OUTER_BOUND('',#841,.T.);
#582=FACE_OUTER_BOUND('',#842,.T.);
#583=FACE_OUTER_BOUND('',#843,.T.);
#584=FACE_OUTER_BOUND('',#844,.T.);
#585=FACE_OUTER_BOUND('',#845,.T.);
#586=FACE_OUTER_BOUND('',#846,.T.);
#587=FACE_OUTER_BOUND('',#847,.T.);
#588=FACE_OUTER_BOUND('',#848,.T.);
#589=FACE_OUTER_BOUND('',#849,.T.);
#590=FACE_OUTER_BOUND('',#850,.T.);
#591=FACE_OUTER_BOUND('',#851,.T.);
#592=FACE_OUTER_BOUND('',#852,.T.);
#593=FACE_OUTER_BOUND('',#853,.T.);
#594=FACE_OUTER_BOUND('',#854,.T.);
#595=FACE_OUTER_BOUND('',#855,.T.);
#596=FACE_OUTER_BOUND('',#856,.T.);
#597=FACE_OUTER_BOUND('',#857,.T.);
#598=FACE_OUTER_BOUND('',#858,.T.);
#599=FACE_OUTER_BOUND('',#859,.T.);
#600=FACE_OUTER_BOUND('',#860,.T.);
#601=FACE_OUTER_BOUND('',#861,.T.);
#602=FACE_OUTER_BOUND('',#862,.T.);
#603=FACE_OUTER_BOUND('',#863,.T.);
#604=FACE_OUTER_BOUND('',#864,.T.);
#605=FACE_OUTER_BOUND('',#865,.T.);
#606=FACE_OUTER_BOUND('',#866,.T.);
#607=FACE_OUTER_BOUND('',#867,.T.);
#608=FACE_OUTER_BOUND('',#868,.T.);
#609=FACE_OUTER_BOUND('',#869,.T.);
#610=FACE_OUTER_BOUND('',#870,.T.);
#611=FACE_OUTER_BOUND('',#871,.T.);
#612=FACE_OUTER_BOUND('',#872,.T.);
#613=FACE_OUTER_BOUND('',#873,.T.);
#614=FACE_OUTER_BOUND('',#874,.T.);
#615=FACE_OUTER_BOUND('',#875,.T.);
#616=FACE_OUTER_BOUND('',#876,.T.);
#617=FACE_OUTER_BOUND('',#877,.T.);
#618=FACE_OUTER_BOUND('',#878,.T.);
#619=FACE_OUTER_BOUND('',#879,.T.);
#620=FACE_OUTER_BOUND('',#880,.T.);
#621=FACE_OUTER_BOUND('',#881,.T.);
#622=FACE_OUTER_BOUND('',#882,.T.);
#623=FACE_OUTER_BOUND('',#883,.T.);
#624=FACE_OUTER_BOUND('',#884,.T.);
#625=FACE_OUTER_BOUND('',#885,.T.);
#626=FACE_OUTER_BOUND('',#886,.T.);
#627=FACE_OUTER_BOUND('',#887,.T.);
#628=FACE_OUTER_BOUND('',#888,.T.);
#629=FACE_OUTER_BOUND('',#889,.T.);
#630=FACE_OUTER_BOUND('',#890,.T.);
#631=FACE_OUTER_BOUND('',#891,.T.);
#632=FACE_OUTER_BOUND('',#892,.T.);
#633=FACE_OUTER_BOUND('',#893,.T.);
#634=FACE_OUTER_BOUND('',#894,.T.);
#635=FACE_OUTER_BOUND('',#895,.T.);
#636=FACE_OUTER_BOUND('',#896,.T.);
#637=FACE_OUTER_BOUND('',#897,.T.);
#638=FACE_OUTER_BOUND('',#898,.T.);
#639=FACE_OUTER_BOUND('',#899,.T.);
#640=FACE_OUTER_BOUND('',#900,.T.);
#641=FACE_OUTER_BOUND('',#901,.T.);
#642=FACE_OUTER_BOUND('',#902,.T.);
#643=FACE_OUTER_BOUND('',#903,.T.);
#644=FACE_OUTER_BOUND('',#904,.T.);
#645=FACE_OUTER_BOUND('',#905,.T.);
#646=FACE_OUTER_BOUND('',#906,.T.);
#647=FACE_OUTER_BOUND('',#907,.T.);
#648=FACE_OUTER_BOUND('',#908,.T.);
#649=FACE_OUTER_BOUND('',#909,.T.);
#650=FACE_OUTER_BOUND('',#910,.T.);
#651=FACE_OUTER_BOUND('',#911,.T.);
#652=FACE_OUTER_BOUND('',#912,.T.);
#653=FACE_OUTER_BOUND('',#913,.T.);
#654=FACE_OUTER_BOUND('',#914,.T.);
#655=FACE_OUTER_BOUND('',#915,.T.);
#656=FACE_OUTER_BOUND('',#916,.T.);
#657=FACE_OUTER_BOUND('',#917,.T.);
#658=FACE_OUTER_BOUND('',#918,.T.);
#659=FACE_OUTER_BOUND('',#919,.T.);
#660=FACE_OUTER_BOUND('',#920,.T.);
#661=FACE_OUTER_BOUND('',#921,.T.);
#662=FACE_OUTER_BOUND('',#922,.T.);
#663=FACE_OUTER_BOUND('',#923,.T.);
#664=FACE_OUTER_BOUND('',#925,.T.);
#665=FACE_OUTER_BOUND('',#926,.T.);
#666=FACE_OUTER_BOUND('',#927,.T.);
#667=FACE_OUTER_BOUND('',#928,.T.);
#668=FACE_OUTER_BOUND('',#929,.T.);
#669=FACE_OUTER_BOUND('',#930,.T.);
#670=FACE_OUTER_BOUND('',#931,.T.);
#671=FACE_OUTER_BOUND('',#932,.T.);
#672=FACE_OUTER_BOUND('',#933,.T.);
#673=FACE_OUTER_BOUND('',#934,.T.);
#674=FACE_OUTER_BOUND('',#935,.T.);
#675=FACE_OUTER_BOUND('',#936,.T.);
#676=FACE_OUTER_BOUND('',#937,.T.);
#677=FACE_OUTER_BOUND('',#938,.T.);
#678=FACE_OUTER_BOUND('',#939,.T.);
#679=FACE_OUTER_BOUND('',#940,.T.);
#680=FACE_OUTER_BOUND('',#941,.T.);
#681=FACE_OUTER_BOUND('',#942,.T.);
#682=FACE_OUTER_BOUND('',#943,.T.);
#683=FACE_OUTER_BOUND('',#944,.T.);
#684=FACE_OUTER_BOUND('',#945,.T.);
#685=FACE_OUTER_BOUND('',#946,.T.);
#686=FACE_OUTER_BOUND('',#947,.T.);
#687=FACE_OUTER_BOUND('',#948,.T.);
#688=FACE_OUTER_BOUND('',#949,.T.);
#689=FACE_OUTER_BOUND('',#950,.T.);
#690=FACE_OUTER_BOUND('',#951,.T.);
#691=FACE_OUTER_BOUND('',#952,.T.);
#692=FACE_OUTER_BOUND('',#953,.T.);
#693=FACE_OUTER_BOUND('',#954,.T.);
#694=FACE_OUTER_BOUND('',#955,.T.);
#695=FACE_OUTER_BOUND('',#956,.T.);
#696=FACE_OUTER_BOUND('',#957,.T.);
#697=FACE_OUTER_BOUND('',#958,.T.);
#698=FACE_OUTER_BOUND('',#959,.T.);
#699=FACE_OUTER_BOUND('',#960,.T.);
#700=FACE_OUTER_BOUND('',#961,.T.);
#701=FACE_OUTER_BOUND('',#962,.T.);
#702=FACE_OUTER_BOUND('',#963,.T.);
#703=FACE_OUTER_BOUND('',#964,.T.);
#704=FACE_OUTER_BOUND('',#965,.T.);
#705=FACE_OUTER_BOUND('',#966,.T.);
#706=FACE_OUTER_BOUND('',#967,.T.);
#707=FACE_OUTER_BOUND('',#968,.T.);
#708=FACE_OUTER_BOUND('',#969,.T.);
#709=FACE_OUTER_BOUND('',#970,.T.);
#710=FACE_OUTER_BOUND('',#971,.T.);
#711=FACE_OUTER_BOUND('',#972,.T.);
#712=FACE_OUTER_BOUND('',#973,.T.);
#713=FACE_OUTER_BOUND('',#974,.T.);
#714=FACE_OUTER_BOUND('',#975,.T.);
#715=FACE_OUTER_BOUND('',#976,.T.);
#716=FACE_OUTER_BOUND('',#977,.T.);
#717=FACE_OUTER_BOUND('',#978,.T.);
#718=FACE_OUTER_BOUND('',#979,.T.);
#719=FACE_OUTER_BOUND('',#980,.T.);
#720=FACE_OUTER_BOUND('',#981,.T.);
#721=FACE_OUTER_BOUND('',#984,.T.);
#722=FACE_OUTER_BOUND('',#985,.T.);
#723=FACE_OUTER_BOUND('',#986,.T.);
#724=FACE_OUTER_BOUND('',#987,.T.);
#725=FACE_OUTER_BOUND('',#988,.T.);
#726=FACE_OUTER_BOUND('',#989,.T.);
#727=FACE_OUTER_BOUND('',#990,.T.);
#728=FACE_OUTER_BOUND('',#991,.T.);
#729=FACE_OUTER_BOUND('',#992,.T.);
#730=FACE_OUTER_BOUND('',#993,.T.);
#731=FACE_OUTER_BOUND('',#994,.T.);
#732=FACE_OUTER_BOUND('',#995,.T.);
#733=FACE_OUTER_BOUND('',#996,.T.);
#734=FACE_OUTER_BOUND('',#997,.T.);
#735=FACE_OUTER_BOUND('',#998,.T.);
#736=FACE_OUTER_BOUND('',#999,.T.);
#737=FACE_OUTER_BOUND('',#1000,.T.);
#738=FACE_OUTER_BOUND('',#1001,.T.);
#739=FACE_OUTER_BOUND('',#1002,.T.);
#740=FACE_OUTER_BOUND('',#1003,.T.);
#741=FACE_OUTER_BOUND('',#1004,.T.);
#742=FACE_OUTER_BOUND('',#1005,.T.);
#743=FACE_OUTER_BOUND('',#1006,.T.);
#744=FACE_OUTER_BOUND('',#1007,.T.);
#745=FACE_OUTER_BOUND('',#1008,.T.);
#746=FACE_OUTER_BOUND('',#1009,.T.);
#747=FACE_OUTER_BOUND('',#1010,.T.);
#748=FACE_OUTER_BOUND('',#1013,.T.);
#749=FACE_OUTER_BOUND('',#1015,.T.);
#750=FACE_OUTER_BOUND('',#1018,.T.);
#751=FACE_OUTER_BOUND('',#1019,.T.);
#752=FACE_OUTER_BOUND('',#1020,.T.);
#753=FACE_OUTER_BOUND('',#1021,.T.);
#754=FACE_OUTER_BOUND('',#1022,.T.);
#755=FACE_OUTER_BOUND('',#1023,.T.);
#756=FACE_OUTER_BOUND('',#1024,.T.);
#757=FACE_OUTER_BOUND('',#1025,.T.);
#758=FACE_OUTER_BOUND('',#1026,.T.);
#759=FACE_OUTER_BOUND('',#1027,.T.);
#760=FACE_OUTER_BOUND('',#1028,.T.);
#761=FACE_OUTER_BOUND('',#1029,.T.);
#762=FACE_OUTER_BOUND('',#1030,.T.);
#763=FACE_OUTER_BOUND('',#1031,.T.);
#764=FACE_OUTER_BOUND('',#1032,.T.);
#765=FACE_OUTER_BOUND('',#1035,.T.);
#766=EDGE_LOOP('',(#3224,#3225,#3226,#3227));
#767=EDGE_LOOP('',(#3228));
#768=EDGE_LOOP('',(#3229,#3230,#3231,#3232));
#769=EDGE_LOOP('',(#3233));
#770=EDGE_LOOP('',(#3234,#3235,#3236,#3237));
#771=EDGE_LOOP('',(#3238));
#772=EDGE_LOOP('',(#3239,#3240,#3241,#3242));
#773=EDGE_LOOP('',(#3243));
#774=EDGE_LOOP('',(#3244,#3245,#3246,#3247));
#775=EDGE_LOOP('',(#3248,#3249,#3250,#3251,#3252,#3253,#3254,#3255,#3256));
#776=EDGE_LOOP('',(#3257,#3258,#3259,#3260));
#777=EDGE_LOOP('',(#3261,#3262,#3263,#3264));
#778=EDGE_LOOP('',(#3265,#3266,#3267,#3268));
#779=EDGE_LOOP('',(#3269,#3270,#3271,#3272));
#780=EDGE_LOOP('',(#3273,#3274,#3275,#3276));
#781=EDGE_LOOP('',(#3277,#3278,#3279,#3280));
#782=EDGE_LOOP('',(#3281,#3282,#3283,#3284));
#783=EDGE_LOOP('',(#3285,#3286,#3287,#3288));
#784=EDGE_LOOP('',(#3289,#3290,#3291,#3292));
#785=EDGE_LOOP('',(#3293,#3294,#3295,#3296));
#786=EDGE_LOOP('',(#3297,#3298,#3299,#3300));
#787=EDGE_LOOP('',(#3301,#3302,#3303,#3304));
#788=EDGE_LOOP('',(#3305,#3306,#3307,#3308));
#789=EDGE_LOOP('',(#3309,#3310,#3311,#3312,#3313,#3314,#3315));
#790=EDGE_LOOP('',(#3316,#3317,#3318,#3319));
#791=EDGE_LOOP('',(#3320,#3321,#3322,#3323));
#792=EDGE_LOOP('',(#3324,#3325,#3326,#3327));
#793=EDGE_LOOP('',(#3328,#3329,#3330,#3331));
#794=EDGE_LOOP('',(#3332,#3333,#3334,#3335,#3336,#3337,#3338,#3339));
#795=EDGE_LOOP('',(#3340,#3341,#3342,#3343));
#796=EDGE_LOOP('',(#3344,#3345,#3346,#3347));
#797=EDGE_LOOP('',(#3348,#3349,#3350,#3351));
#798=EDGE_LOOP('',(#3352,#3353,#3354,#3355));
#799=EDGE_LOOP('',(#3356,#3357,#3358,#3359));
#800=EDGE_LOOP('',(#3360,#3361,#3362,#3363));
#801=EDGE_LOOP('',(#3364,#3365,#3366,#3367));
#802=EDGE_LOOP('',(#3368,#3369,#3370,#3371));
#803=EDGE_LOOP('',(#3372,#3373,#3374,#3375,#3376,#3377,#3378,#3379,#3380,
#3381,#3382,#3383,#3384,#3385));
#804=EDGE_LOOP('',(#3386,#3387,#3388,#3389));
#805=EDGE_LOOP('',(#3390,#3391,#3392,#3393));
#806=EDGE_LOOP('',(#3394,#3395,#3396,#3397));
#807=EDGE_LOOP('',(#3398,#3399,#3400,#3401));
#808=EDGE_LOOP('',(#3402,#3403,#3404,#3405));
#809=EDGE_LOOP('',(#3406,#3407,#3408,#3409));
#810=EDGE_LOOP('',(#3410,#3411,#3412,#3413));
#811=EDGE_LOOP('',(#3414,#3415,#3416,#3417));
#812=EDGE_LOOP('',(#3418,#3419,#3420,#3421));
#813=EDGE_LOOP('',(#3422,#3423,#3424,#3425));
#814=EDGE_LOOP('',(#3426,#3427,#3428,#3429));
#815=EDGE_LOOP('',(#3430,#3431,#3432,#3433));
#816=EDGE_LOOP('',(#3434,#3435,#3436,#3437));
#817=EDGE_LOOP('',(#3438,#3439,#3440,#3441));
#818=EDGE_LOOP('',(#3442,#3443,#3444,#3445));
#819=EDGE_LOOP('',(#3446,#3447,#3448,#3449));
#820=EDGE_LOOP('',(#3450,#3451,#3452,#3453));
#821=EDGE_LOOP('',(#3454,#3455,#3456,#3457));
#822=EDGE_LOOP('',(#3458,#3459,#3460,#3461));
#823=EDGE_LOOP('',(#3462,#3463,#3464,#3465,#3466,#3467,#3468,#3469,#3470,
#3471,#3472,#3473));
#824=EDGE_LOOP('',(#3474,#3475,#3476,#3477));
#825=EDGE_LOOP('',(#3478,#3479,#3480,#3481));
#826=EDGE_LOOP('',(#3482,#3483,#3484,#3485));
#827=EDGE_LOOP('',(#3486,#3487,#3488,#3489));
#828=EDGE_LOOP('',(#3490,#3491,#3492,#3493));
#829=EDGE_LOOP('',(#3494,#3495,#3496,#3497));
#830=EDGE_LOOP('',(#3498,#3499,#3500,#3501));
#831=EDGE_LOOP('',(#3502,#3503,#3504,#3505));
#832=EDGE_LOOP('',(#3506,#3507,#3508,#3509));
#833=EDGE_LOOP('',(#3510,#3511,#3512,#3513));
#834=EDGE_LOOP('',(#3514,#3515,#3516,#3517));
#835=EDGE_LOOP('',(#3518,#3519,#3520,#3521));
#836=EDGE_LOOP('',(#3522,#3523,#3524,#3525));
#837=EDGE_LOOP('',(#3526,#3527,#3528,#3529));
#838=EDGE_LOOP('',(#3530,#3531,#3532,#3533));
#839=EDGE_LOOP('',(#3534,#3535,#3536,#3537));
#840=EDGE_LOOP('',(#3538,#3539,#3540,#3541));
#841=EDGE_LOOP('',(#3542,#3543,#3544,#3545));
#842=EDGE_LOOP('',(#3546,#3547,#3548,#3549));
#843=EDGE_LOOP('',(#3550,#3551,#3552,#3553));
#844=EDGE_LOOP('',(#3554,#3555,#3556,#3557));
#845=EDGE_LOOP('',(#3558,#3559,#3560,#3561));
#846=EDGE_LOOP('',(#3562,#3563,#3564,#3565));
#847=EDGE_LOOP('',(#3566,#3567,#3568,#3569));
#848=EDGE_LOOP('',(#3570,#3571,#3572,#3573));
#849=EDGE_LOOP('',(#3574,#3575,#3576,#3577));
#850=EDGE_LOOP('',(#3578,#3579,#3580,#3581));
#851=EDGE_LOOP('',(#3582,#3583,#3584,#3585));
#852=EDGE_LOOP('',(#3586,#3587,#3588,#3589,#3590,#3591,#3592,#3593,#3594,
#3595,#3596,#3597,#3598,#3599,#3600,#3601,#3602,#3603,#3604,#3605));
#853=EDGE_LOOP('',(#3606,#3607,#3608,#3609));
#854=EDGE_LOOP('',(#3610,#3611,#3612,#3613));
#855=EDGE_LOOP('',(#3614,#3615,#3616,#3617,#3618,#3619,#3620));
#856=EDGE_LOOP('',(#3621,#3622,#3623,#3624));
#857=EDGE_LOOP('',(#3625,#3626,#3627,#3628));
#858=EDGE_LOOP('',(#3629,#3630,#3631,#3632));
#859=EDGE_LOOP('',(#3633,#3634,#3635,#3636));
#860=EDGE_LOOP('',(#3637,#3638,#3639,#3640,#3641,#3642,#3643,#3644,#3645));
#861=EDGE_LOOP('',(#3646,#3647,#3648,#3649));
#862=EDGE_LOOP('',(#3650,#3651,#3652,#3653));
#863=EDGE_LOOP('',(#3654,#3655,#3656,#3657));
#864=EDGE_LOOP('',(#3658,#3659,#3660,#3661));
#865=EDGE_LOOP('',(#3662,#3663,#3664,#3665));
#866=EDGE_LOOP('',(#3666,#3667,#3668,#3669));
#867=EDGE_LOOP('',(#3670,#3671,#3672,#3673));
#868=EDGE_LOOP('',(#3674,#3675,#3676,#3677));
#869=EDGE_LOOP('',(#3678,#3679,#3680,#3681));
#870=EDGE_LOOP('',(#3682,#3683,#3684,#3685));
#871=EDGE_LOOP('',(#3686,#3687,#3688,#3689));
#872=EDGE_LOOP('',(#3690,#3691,#3692,#3693));
#873=EDGE_LOOP('',(#3694,#3695,#3696,#3697));
#874=EDGE_LOOP('',(#3698,#3699,#3700,#3701,#3702,#3703,#3704,#3705,#3706,
#3707,#3708,#3709,#3710,#3711,#3712,#3713,#3714));
#875=EDGE_LOOP('',(#3715,#3716,#3717,#3718));
#876=EDGE_LOOP('',(#3719,#3720,#3721,#3722));
#877=EDGE_LOOP('',(#3723,#3724,#3725,#3726));
#878=EDGE_LOOP('',(#3727,#3728,#3729,#3730));
#879=EDGE_LOOP('',(#3731,#3732,#3733,#3734));
#880=EDGE_LOOP('',(#3735,#3736,#3737,#3738));
#881=EDGE_LOOP('',(#3739,#3740,#3741,#3742));
#882=EDGE_LOOP('',(#3743,#3744,#3745,#3746));
#883=EDGE_LOOP('',(#3747,#3748,#3749,#3750));
#884=EDGE_LOOP('',(#3751,#3752,#3753,#3754));
#885=EDGE_LOOP('',(#3755,#3756,#3757,#3758));
#886=EDGE_LOOP('',(#3759,#3760,#3761,#3762));
#887=EDGE_LOOP('',(#3763,#3764,#3765,#3766));
#888=EDGE_LOOP('',(#3767,#3768,#3769,#3770));
#889=EDGE_LOOP('',(#3771,#3772,#3773,#3774));
#890=EDGE_LOOP('',(#3775,#3776,#3777,#3778,#3779,#3780,#3781,#3782,#3783,
#3784,#3785,#3786,#3787,#3788,#3789));
#891=EDGE_LOOP('',(#3790,#3791,#3792,#3793));
#892=EDGE_LOOP('',(#3794,#3795,#3796,#3797));
#893=EDGE_LOOP('',(#3798,#3799,#3800,#3801));
#894=EDGE_LOOP('',(#3802,#3803,#3804,#3805));
#895=EDGE_LOOP('',(#3806,#3807,#3808,#3809));
#896=EDGE_LOOP('',(#3810,#3811,#3812,#3813));
#897=EDGE_LOOP('',(#3814,#3815,#3816,#3817));
#898=EDGE_LOOP('',(#3818,#3819,#3820,#3821));
#899=EDGE_LOOP('',(#3822,#3823,#3824,#3825));
#900=EDGE_LOOP('',(#3826,#3827,#3828,#3829));
#901=EDGE_LOOP('',(#3830,#3831,#3832,#3833));
#902=EDGE_LOOP('',(#3834,#3835,#3836,#3837));
#903=EDGE_LOOP('',(#3838,#3839,#3840,#3841));
#904=EDGE_LOOP('',(#3842,#3843,#3844,#3845));
#905=EDGE_LOOP('',(#3846,#3847,#3848,#3849));
#906=EDGE_LOOP('',(#3850,#3851,#3852,#3853));
#907=EDGE_LOOP('',(#3854,#3855,#3856,#3857));
#908=EDGE_LOOP('',(#3858,#3859,#3860,#3861));
#909=EDGE_LOOP('',(#3862,#3863,#3864,#3865,#3866,#3867,#3868,#3869));
#910=EDGE_LOOP('',(#3870,#3871,#3872,#3873));
#911=EDGE_LOOP('',(#3874,#3875,#3876,#3877));
#912=EDGE_LOOP('',(#3878,#3879,#3880,#3881));
#913=EDGE_LOOP('',(#3882,#3883,#3884,#3885));
#914=EDGE_LOOP('',(#3886,#3887,#3888,#3889));
#915=EDGE_LOOP('',(#3890,#3891,#3892,#3893));
#916=EDGE_LOOP('',(#3894,#3895,#3896,#3897));
#917=EDGE_LOOP('',(#3898,#3899,#3900,#3901));
#918=EDGE_LOOP('',(#3902,#3903,#3904,#3905));
#919=EDGE_LOOP('',(#3906,#3907,#3908,#3909));
#920=EDGE_LOOP('',(#3910,#3911,#3912,#3913));
#921=EDGE_LOOP('',(#3914,#3915,#3916,#3917,#3918,#3919,#3920,#3921,#3922,
#3923,#3924,#3925));
#922=EDGE_LOOP('',(#3926,#3927,#3928,#3929));
#923=EDGE_LOOP('',(#3930,#3931,#3932,#3933,#3934,#3935,#3936,#3937,#3938,
#3939,#3940,#3941,#3942,#3943,#3944));
#924=EDGE_LOOP('',(#3945,#3946,#3947,#3948,#3949,#3950,#3951));
#925=EDGE_LOOP('',(#3952,#3953,#3954,#3955));
#926=EDGE_LOOP('',(#3956,#3957,#3958,#3959));
#927=EDGE_LOOP('',(#3960,#3961,#3962,#3963));
#928=EDGE_LOOP('',(#3964,#3965,#3966,#3967));
#929=EDGE_LOOP('',(#3968,#3969,#3970,#3971));
#930=EDGE_LOOP('',(#3972,#3973,#3974,#3975));
#931=EDGE_LOOP('',(#3976,#3977,#3978,#3979));
#932=EDGE_LOOP('',(#3980,#3981,#3982,#3983));
#933=EDGE_LOOP('',(#3984,#3985,#3986,#3987));
#934=EDGE_LOOP('',(#3988,#3989,#3990,#3991));
#935=EDGE_LOOP('',(#3992,#3993,#3994,#3995));
#936=EDGE_LOOP('',(#3996,#3997,#3998,#3999));
#937=EDGE_LOOP('',(#4000,#4001,#4002,#4003));
#938=EDGE_LOOP('',(#4004,#4005,#4006,#4007));
#939=EDGE_LOOP('',(#4008,#4009,#4010,#4011));
#940=EDGE_LOOP('',(#4012,#4013,#4014,#4015));
#941=EDGE_LOOP('',(#4016,#4017,#4018,#4019));
#942=EDGE_LOOP('',(#4020,#4021,#4022,#4023));
#943=EDGE_LOOP('',(#4024,#4025,#4026,#4027));
#944=EDGE_LOOP('',(#4028,#4029,#4030,#4031));
#945=EDGE_LOOP('',(#4032,#4033,#4034,#4035));
#946=EDGE_LOOP('',(#4036,#4037,#4038,#4039));
#947=EDGE_LOOP('',(#4040,#4041,#4042,#4043,#4044,#4045,#4046,#4047,#4048,
#4049,#4050,#4051,#4052,#4053,#4054,#4055,#4056,#4057,#4058,#4059,#4060,
#4061,#4062,#4063,#4064,#4065,#4066,#4067,#4068,#4069,#4070,#4071,#4072,
#4073,#4074,#4075,#4076));
#948=EDGE_LOOP('',(#4077,#4078,#4079,#4080));
#949=EDGE_LOOP('',(#4081,#4082,#4083,#4084));
#950=EDGE_LOOP('',(#4085,#4086,#4087,#4088));
#951=EDGE_LOOP('',(#4089,#4090,#4091,#4092));
#952=EDGE_LOOP('',(#4093,#4094,#4095,#4096));
#953=EDGE_LOOP('',(#4097,#4098,#4099,#4100));
#954=EDGE_LOOP('',(#4101,#4102,#4103,#4104));
#955=EDGE_LOOP('',(#4105,#4106,#4107,#4108));
#956=EDGE_LOOP('',(#4109,#4110,#4111,#4112));
#957=EDGE_LOOP('',(#4113,#4114,#4115,#4116));
#958=EDGE_LOOP('',(#4117,#4118,#4119,#4120));
#959=EDGE_LOOP('',(#4121,#4122,#4123,#4124));
#960=EDGE_LOOP('',(#4125,#4126,#4127,#4128));
#961=EDGE_LOOP('',(#4129,#4130,#4131,#4132));
#962=EDGE_LOOP('',(#4133,#4134,#4135,#4136));
#963=EDGE_LOOP('',(#4137,#4138,#4139,#4140));
#964=EDGE_LOOP('',(#4141,#4142,#4143,#4144));
#965=EDGE_LOOP('',(#4145,#4146,#4147,#4148));
#966=EDGE_LOOP('',(#4149,#4150,#4151,#4152));
#967=EDGE_LOOP('',(#4153,#4154,#4155,#4156));
#968=EDGE_LOOP('',(#4157,#4158,#4159,#4160));
#969=EDGE_LOOP('',(#4161,#4162,#4163,#4164));
#970=EDGE_LOOP('',(#4165,#4166,#4167,#4168));
#971=EDGE_LOOP('',(#4169,#4170,#4171,#4172));
#972=EDGE_LOOP('',(#4173,#4174,#4175,#4176));
#973=EDGE_LOOP('',(#4177,#4178,#4179,#4180));
#974=EDGE_LOOP('',(#4181,#4182,#4183,#4184));
#975=EDGE_LOOP('',(#4185,#4186,#4187,#4188));
#976=EDGE_LOOP('',(#4189,#4190,#4191,#4192));
#977=EDGE_LOOP('',(#4193,#4194,#4195,#4196));
#978=EDGE_LOOP('',(#4197,#4198,#4199,#4200));
#979=EDGE_LOOP('',(#4201,#4202,#4203,#4204));
#980=EDGE_LOOP('',(#4205,#4206,#4207,#4208));
#981=EDGE_LOOP('',(#4209,#4210,#4211,#4212,#4213,#4214,#4215,#4216,#4217,
#4218,#4219,#4220,#4221,#4222,#4223,#4224,#4225,#4226,#4227,#4228,#4229,
#4230,#4231,#4232,#4233,#4234,#4235,#4236,#4237,#4238,#4239,#4240,#4241,
#4242,#4243,#4244,#4245,#4246,#4247,#4248,#4249,#4250,#4251,#4252,#4253,
#4254,#4255,#4256,#4257,#4258,#4259,#4260,#4261,#4262,#4263,#4264,#4265,
#4266,#4267,#4268,#4269,#4270,#4271,#4272,#4273,#4274,#4275,#4276,#4277,
#4278,#4279,#4280,#4281,#4282,#4283,#4284,#4285,#4286,#4287,#4288,#4289,
#4290,#4291,#4292,#4293,#4294,#4295,#4296,#4297,#4298,#4299,#4300,#4301,
#4302,#4303,#4304,#4305,#4306,#4307,#4308,#4309,#4310,#4311,#4312,#4313,
#4314));
#982=EDGE_LOOP('',(#4315));
#983=EDGE_LOOP('',(#4316));
#984=EDGE_LOOP('',(#4317,#4318,#4319,#4320,#4321));
#985=EDGE_LOOP('',(#4322,#4323,#4324,#4325,#4326,#4327,#4328));
#986=EDGE_LOOP('',(#4329,#4330,#4331,#4332,#4333,#4334,#4335));
#987=EDGE_LOOP('',(#4336,#4337,#4338));
#988=EDGE_LOOP('',(#4339,#4340,#4341,#4342));
#989=EDGE_LOOP('',(#4343,#4344,#4345));
#990=EDGE_LOOP('',(#4346,#4347,#4348));
#991=EDGE_LOOP('',(#4349,#4350,#4351,#4352,#4353,#4354,#4355));
#992=EDGE_LOOP('',(#4356,#4357,#4358,#4359));
#993=EDGE_LOOP('',(#4360));
#994=EDGE_LOOP('',(#4361,#4362,#4363,#4364));
#995=EDGE_LOOP('',(#4365));
#996=EDGE_LOOP('',(#4366,#4367,#4368,#4369));
#997=EDGE_LOOP('',(#4370));
#998=EDGE_LOOP('',(#4371,#4372,#4373,#4374));
#999=EDGE_LOOP('',(#4375));
#1000=EDGE_LOOP('',(#4376,#4377,#4378,#4379));
#1001=EDGE_LOOP('',(#4380));
#1002=EDGE_LOOP('',(#4381,#4382,#4383,#4384));
#1003=EDGE_LOOP('',(#4385));
#1004=EDGE_LOOP('',(#4386,#4387,#4388,#4389));
#1005=EDGE_LOOP('',(#4390));
#1006=EDGE_LOOP('',(#4391,#4392,#4393,#4394));
#1007=EDGE_LOOP('',(#4395));
#1008=EDGE_LOOP('',(#4396,#4397,#4398,#4399));
#1009=EDGE_LOOP('',(#4400,#4401,#4402,#4403));
#1010=EDGE_LOOP('',(#4404,#4405,#4406,#4407,#4408,#4409,#4410,#4411));
#1011=EDGE_LOOP('',(#4412));
#1012=EDGE_LOOP('',(#4413));
#1013=EDGE_LOOP('',(#4414,#4415,#4416,#4417));
#1014=EDGE_LOOP('',(#4418,#4419,#4420,#4421,#4422,#4423,#4424,#4425));
#1015=EDGE_LOOP('',(#4426,#4427,#4428,#4429,#4430,#4431));
#1016=EDGE_LOOP('',(#4432));
#1017=EDGE_LOOP('',(#4433));
#1018=EDGE_LOOP('',(#4434,#4435,#4436,#4437));
#1019=EDGE_LOOP('',(#4438,#4439,#4440,#4441));
#1020=EDGE_LOOP('',(#4442,#4443,#4444,#4445));
#1021=EDGE_LOOP('',(#4446,#4447,#4448,#4449));
#1022=EDGE_LOOP('',(#4450,#4451,#4452,#4453));
#1023=EDGE_LOOP('',(#4454,#4455,#4456,#4457));
#1024=EDGE_LOOP('',(#4458,#4459,#4460,#4461));
#1025=EDGE_LOOP('',(#4462,#4463,#4464,#4465));
#1026=EDGE_LOOP('',(#4466,#4467,#4468,#4469));
#1027=EDGE_LOOP('',(#4470,#4471,#4472,#4473,#4474,#4475,#4476,#4477,#4478,
#4479,#4480,#4481,#4482,#4483,#4484,#4485,#4486,#4487,#4488,#4489,#4490,
#4491,#4492,#4493,#4494,#4495,#4496,#4497,#4498,#4499,#4500,#4501,#4502,
#4503,#4504,#4505,#4506,#4507,#4508,#4509,#4510,#4511,#4512,#4513,#4514,
#4515,#4516,#4517,#4518,#4519,#4520,#4521,#4522,#4523,#4524,#4525,#4526,
#4527,#4528,#4529,#4530,#4531,#4532,#4533,#4534,#4535,#4536,#4537,#4538,
#4539,#4540,#4541,#4542,#4543,#4544,#4545,#4546,#4547,#4548,#4549,#4550,
#4551,#4552,#4553,#4554,#4555,#4556,#4557,#4558,#4559,#4560,#4561,#4562,
#4563,#4564,#4565,#4566,#4567,#4568,#4569,#4570,#4571,#4572,#4573,#4574,
#4575,#4576,#4577,#4578,#4579,#4580,#4581,#4582,#4583,#4584,#4585,#4586,
#4587,#4588,#4589,#4590,#4591,#4592,#4593,#4594,#4595,#4596,#4597,#4598,
#4599,#4600,#4601,#4602,#4603,#4604,#4605,#4606,#4607,#4608,#4609,#4610,
#4611,#4612,#4613,#4614,#4615,#4616,#4617,#4618,#4619,#4620,#4621,#4622,
#4623,#4624,#4625,#4626,#4627,#4628,#4629,#4630,#4631,#4632,#4633,#4634,
#4635,#4636,#4637,#4638,#4639,#4640,#4641,#4642,#4643,#4644,#4645,#4646,
#4647));
#1028=EDGE_LOOP('',(#4648,#4649,#4650,#4651));
#1029=EDGE_LOOP('',(#4652,#4653,#4654,#4655));
#1030=EDGE_LOOP('',(#4656,#4657,#4658,#4659));
#1031=EDGE_LOOP('',(#4660,#4661,#4662,#4663));
#1032=EDGE_LOOP('',(#4664,#4665,#4666,#4667,#4668,#4669,#4670,#4671));
#1033=EDGE_LOOP('',(#4672));
#1034=EDGE_LOOP('',(#4673));
#1035=EDGE_LOOP('',(#4674,#4675,#4676,#4677,#4678,#4679,#4680,#4681));
#1036=EDGE_LOOP('',(#4682));
#1037=EDGE_LOOP('',(#4683));
#1038=EDGE_LOOP('',(#4684));
#1039=EDGE_LOOP('',(#4685));
#1040=EDGE_LOOP('',(#4686,#4687,#4688,#4689,#4690,#4691,#4692,#4693));
#1041=LINE('',#6024,#1500);
#1042=LINE('',#6031,#1501);
#1043=LINE('',#6038,#1502);
#1044=LINE('',#6045,#1503);
#1045=LINE('',#6051,#1504);
#1046=LINE('',#6053,#1505);
#1047=LINE('',#6055,#1506);
#1048=LINE('',#6056,#1507);
#1049=LINE('',#6060,#1508);
#1050=LINE('',#6062,#1509);
#1051=LINE('',#6064,#1510);
#1052=LINE('',#6066,#1511);
#1053=LINE('',#6068,#1512);
#1054=LINE('',#6070,#1513);
#1055=LINE('',#6072,#1514);
#1056=LINE('',#6074,#1515);
#1057=LINE('',#6082,#1516);
#1058=LINE('',#6084,#1517);
#1059=LINE('',#6085,#1518);
#1060=LINE('',#6089,#1519);
#1061=LINE('',#6090,#1520);
#1062=LINE('',#6091,#1521);
#1063=LINE('',#6094,#1522);
#1064=LINE('',#6095,#1523);
#1065=LINE('',#6098,#1524);
#1066=LINE('',#6099,#1525);
#1067=LINE('',#6124,#1526);
#1068=LINE('',#6125,#1527);
#1069=LINE('',#6128,#1528);
#1070=LINE('',#6129,#1529);
#1071=LINE('',#6132,#1530);
#1072=LINE('',#6134,#1531);
#1073=LINE('',#6135,#1532);
#1074=LINE('',#6138,#1533);
#1075=LINE('',#6139,#1534);
#1076=LINE('',#6142,#1535);
#1077=LINE('',#6143,#1536);
#1078=LINE('',#6145,#1537);
#1079=LINE('',#6149,#1538);
#1080=LINE('',#6151,#1539);
#1081=LINE('',#6153,#1540);
#1082=LINE('',#6154,#1541);
#1083=LINE('',#6158,#1542);
#1084=LINE('',#6159,#1543);
#1085=LINE('',#6160,#1544);
#1086=LINE('',#6163,#1545);
#1087=LINE('',#6165,#1546);
#1088=LINE('',#6167,#1547);
#1089=LINE('',#6169,#1548);
#1090=LINE('',#6170,#1549);
#1091=LINE('',#6173,#1550);
#1092=LINE('',#6175,#1551);
#1093=LINE('',#6176,#1552);
#1094=LINE('',#6179,#1553);
#1095=LINE('',#6180,#1554);
#1096=LINE('',#6183,#1555);
#1097=LINE('',#6184,#1556);
#1098=LINE('',#6188,#1557);
#1099=LINE('',#6190,#1558);
#1100=LINE('',#6192,#1559);
#1101=LINE('',#6193,#1560);
#1102=LINE('',#6196,#1561);
#1103=LINE('',#6198,#1562);
#1104=LINE('',#6200,#1563);
#1105=LINE('',#6202,#1564);
#1106=LINE('',#6204,#1565);
#1107=LINE('',#6206,#1566);
#1108=LINE('',#6207,#1567);
#1109=LINE('',#6210,#1568);
#1110=LINE('',#6211,#1569);
#1111=LINE('',#6214,#1570);
#1112=LINE('',#6215,#1571);
#1113=LINE('',#6218,#1572);
#1114=LINE('',#6219,#1573);
#1115=LINE('',#6222,#1574);
#1116=LINE('',#6223,#1575);
#1117=LINE('',#6226,#1576);
#1118=LINE('',#6227,#1577);
#1119=LINE('',#6230,#1578);
#1120=LINE('',#6231,#1579);
#1121=LINE('',#6235,#1580);
#1122=LINE('',#6237,#1581);
#1123=LINE('',#6239,#1582);
#1124=LINE('',#6240,#1583);
#1125=LINE('',#6244,#1584);
#1126=LINE('',#6245,#1585);
#1127=LINE('',#6246,#1586);
#1128=LINE('',#6249,#1587);
#1129=LINE('',#6251,#1588);
#1130=LINE('',#6253,#1589);
#1131=LINE('',#6273,#1590);
#1132=LINE('',#6293,#1591);
#1133=LINE('',#6294,#1592);
#1134=LINE('',#6297,#1593);
#1135=LINE('',#6299,#1594);
#1136=LINE('',#6300,#1595);
#1137=LINE('',#6303,#1596);
#1138=LINE('',#6304,#1597);
#1139=LINE('',#6321,#1598);
#1140=LINE('',#6338,#1599);
#1141=LINE('',#6355,#1600);
#1142=LINE('',#6358,#1601);
#1143=LINE('',#6359,#1602);
#1144=LINE('',#6376,#1603);
#1145=LINE('',#6393,#1604);
#1146=LINE('',#6410,#1605);
#1147=LINE('',#6413,#1606);
#1148=LINE('',#6414,#1607);
#1149=LINE('',#6418,#1608);
#1150=LINE('',#6420,#1609);
#1151=LINE('',#6422,#1610);
#1152=LINE('',#6423,#1611);
#1153=LINE('',#6427,#1612);
#1154=LINE('',#6429,#1613);
#1155=LINE('',#6431,#1614);
#1156=LINE('',#6432,#1615);
#1157=LINE('',#6435,#1616);
#1158=LINE('',#6437,#1617);
#1159=LINE('',#6438,#1618);
#1160=LINE('',#6441,#1619);
#1161=LINE('',#6443,#1620);
#1162=LINE('',#6444,#1621);
#1163=LINE('',#6447,#1622);
#1164=LINE('',#6448,#1623);
#1165=LINE('',#6451,#1624);
#1166=LINE('',#6452,#1625);
#1167=LINE('',#6455,#1626);
#1168=LINE('',#6456,#1627);
#1169=LINE('',#6459,#1628);
#1170=LINE('',#6460,#1629);
#1171=LINE('',#6464,#1630);
#1172=LINE('',#6466,#1631);
#1173=LINE('',#6468,#1632);
#1174=LINE('',#6469,#1633);
#1175=LINE('',#6472,#1634);
#1176=LINE('',#6498,#1635);
#1177=LINE('',#6523,#1636);
#1178=LINE('',#6540,#1637);
#1179=LINE('',#6557,#1638);
#1180=LINE('',#6574,#1639);
#1181=LINE('',#6591,#1640);
#1182=LINE('',#6594,#1641);
#1183=LINE('',#6595,#1642);
#1184=LINE('',#6612,#1643);
#1185=LINE('',#6629,#1644);
#1186=LINE('',#6646,#1645);
#1187=LINE('',#6663,#1646);
#1188=LINE('',#6666,#1647);
#1189=LINE('',#6667,#1648);
#1190=LINE('',#6692,#1649);
#1191=LINE('',#6721,#1650);
#1192=LINE('',#6728,#1651);
#1193=LINE('',#6730,#1652);
#1194=LINE('',#6731,#1653);
#1195=LINE('',#6776,#1654);
#1196=LINE('',#6783,#1655);
#1197=LINE('',#6829,#1656);
#1198=LINE('',#6852,#1657);
#1199=LINE('',#6875,#1658);
#1200=LINE('',#6898,#1659);
#1201=LINE('',#6921,#1660);
#1202=LINE('',#6944,#1661);
#1203=LINE('',#6952,#1662);
#1204=LINE('',#6954,#1663);
#1205=LINE('',#6955,#1664);
#1206=LINE('',#6973,#1665);
#1207=LINE('',#6996,#1666);
#1208=LINE('',#7019,#1667);
#1209=LINE('',#7042,#1668);
#1210=LINE('',#7049,#1669);
#1211=LINE('',#7050,#1670);
#1212=LINE('',#7052,#1671);
#1213=LINE('',#7053,#1672);
#1214=LINE('',#7057,#1673);
#1215=LINE('',#7059,#1674);
#1216=LINE('',#7061,#1675);
#1217=LINE('',#7062,#1676);
#1218=LINE('',#7066,#1677);
#1219=LINE('',#7067,#1678);
#1220=LINE('',#7068,#1679);
#1221=LINE('',#7071,#1680);
#1222=LINE('',#7073,#1681);
#1223=LINE('',#7075,#1682);
#1224=LINE('',#7077,#1683);
#1225=LINE('',#7078,#1684);
#1226=LINE('',#7081,#1685);
#1227=LINE('',#7083,#1686);
#1228=LINE('',#7084,#1687);
#1229=LINE('',#7087,#1688);
#1230=LINE('',#7088,#1689);
#1231=LINE('',#7091,#1690);
#1232=LINE('',#7092,#1691);
#1233=LINE('',#7096,#1692);
#1234=LINE('',#7098,#1693);
#1235=LINE('',#7100,#1694);
#1236=LINE('',#7101,#1695);
#1237=LINE('',#7105,#1696);
#1238=LINE('',#7107,#1697);
#1239=LINE('',#7109,#1698);
#1240=LINE('',#7111,#1699);
#1241=LINE('',#7113,#1700);
#1242=LINE('',#7115,#1701);
#1243=LINE('',#7117,#1702);
#1244=LINE('',#7119,#1703);
#1245=LINE('',#7127,#1704);
#1246=LINE('',#7129,#1705);
#1247=LINE('',#7130,#1706);
#1248=LINE('',#7134,#1707);
#1249=LINE('',#7135,#1708);
#1250=LINE('',#7136,#1709);
#1251=LINE('',#7139,#1710);
#1252=LINE('',#7140,#1711);
#1253=LINE('',#7143,#1712);
#1254=LINE('',#7144,#1713);
#1255=LINE('',#7169,#1714);
#1256=LINE('',#7170,#1715);
#1257=LINE('',#7173,#1716);
#1258=LINE('',#7174,#1717);
#1259=LINE('',#7177,#1718);
#1260=LINE('',#7179,#1719);
#1261=LINE('',#7180,#1720);
#1262=LINE('',#7183,#1721);
#1263=LINE('',#7184,#1722);
#1264=LINE('',#7187,#1723);
#1265=LINE('',#7188,#1724);
#1266=LINE('',#7190,#1725);
#1267=LINE('',#7215,#1726);
#1268=LINE('',#7223,#1727);
#1269=LINE('',#7225,#1728);
#1270=LINE('',#7227,#1729);
#1271=LINE('',#7228,#1730);
#1272=LINE('',#7231,#1731);
#1273=LINE('',#7269,#1732);
#1274=LINE('',#7271,#1733);
#1275=LINE('',#7273,#1734);
#1276=LINE('',#7274,#1735);
#1277=LINE('',#7314,#1736);
#1278=LINE('',#7331,#1737);
#1279=LINE('',#7348,#1738);
#1280=LINE('',#7387,#1739);
#1281=LINE('',#7404,#1740);
#1282=LINE('',#7421,#1741);
#1283=LINE('',#7438,#1742);
#1284=LINE('',#7455,#1743);
#1285=LINE('',#7472,#1744);
#1286=LINE('',#7475,#1745);
#1287=LINE('',#7476,#1746);
#1288=LINE('',#7479,#1747);
#1289=LINE('',#7480,#1748);
#1290=LINE('',#7483,#1749);
#1291=LINE('',#7484,#1750);
#1292=LINE('',#7509,#1751);
#1293=LINE('',#7538,#1752);
#1294=LINE('',#7545,#1753);
#1295=LINE('',#7587,#1754);
#1296=LINE('',#7627,#1755);
#1297=LINE('',#7644,#1756);
#1298=LINE('',#7661,#1757);
#1299=LINE('',#7700,#1758);
#1300=LINE('',#7717,#1759);
#1301=LINE('',#7734,#1760);
#1302=LINE('',#7751,#1761);
#1303=LINE('',#7768,#1762);
#1304=LINE('',#7785,#1763);
#1305=LINE('',#7810,#1764);
#1306=LINE('',#7812,#1765);
#1307=LINE('',#7814,#1766);
#1308=LINE('',#7815,#1767);
#1309=LINE('',#7819,#1768);
#1310=LINE('',#7821,#1769);
#1311=LINE('',#7823,#1770);
#1312=LINE('',#7824,#1771);
#1313=LINE('',#7827,#1772);
#1314=LINE('',#7829,#1773);
#1315=LINE('',#7830,#1774);
#1316=LINE('',#7833,#1775);
#1317=LINE('',#7835,#1776);
#1318=LINE('',#7836,#1777);
#1319=LINE('',#7839,#1778);
#1320=LINE('',#7841,#1779);
#1321=LINE('',#7842,#1780);
#1322=LINE('',#7845,#1781);
#1323=LINE('',#7847,#1782);
#1324=LINE('',#7848,#1783);
#1325=LINE('',#7850,#1784);
#1326=LINE('',#7851,#1785);
#1327=LINE('',#7853,#1786);
#1328=LINE('',#7872,#1787);
#1329=LINE('',#7879,#1788);
#1330=LINE('',#7897,#1789);
#1331=LINE('',#7920,#1790);
#1332=LINE('',#7943,#1791);
#1333=LINE('',#7952,#1792);
#1334=LINE('',#7953,#1793);
#1335=LINE('',#7954,#1794);
#1336=LINE('',#7958,#1795);
#1337=LINE('',#7960,#1796);
#1338=LINE('',#7962,#1797);
#1339=LINE('',#7963,#1798);
#1340=LINE('',#7981,#1799);
#1341=LINE('',#8004,#1800);
#1342=LINE('',#8027,#1801);
#1343=LINE('',#8050,#1802);
#1344=LINE('',#8057,#1803);
#1345=LINE('',#8058,#1804);
#1346=LINE('',#8060,#1805);
#1347=LINE('',#8064,#1806);
#1348=LINE('',#8066,#1807);
#1349=LINE('',#8068,#1808);
#1350=LINE('',#8069,#1809);
#1351=LINE('',#8072,#1810);
#1352=LINE('',#8074,#1811);
#1353=LINE('',#8124,#1812);
#1354=LINE('',#8137,#1813);
#1355=LINE('',#8158,#1814);
#1356=LINE('',#8160,#1815);
#1357=LINE('',#8189,#1816);
#1358=LINE('',#8190,#1817);
#1359=LINE('',#8207,#1818);
#1360=LINE('',#8210,#1819);
#1361=LINE('',#8211,#1820);
#1362=LINE('',#8214,#1821);
#1363=LINE('',#8215,#1822);
#1364=LINE('',#8232,#1823);
#1365=LINE('',#8249,#1824);
#1366=LINE('',#8267,#1825);
#1367=LINE('',#8268,#1826);
#1368=LINE('',#8285,#1827);
#1369=LINE('',#8302,#1828);
#1370=LINE('',#8319,#1829);
#1371=LINE('',#8336,#1830);
#1372=LINE('',#8353,#1831);
#1373=LINE('',#8370,#1832);
#1374=LINE('',#8387,#1833);
#1375=LINE('',#8404,#1834);
#1376=LINE('',#8407,#1835);
#1377=LINE('',#8408,#1836);
#1378=LINE('',#8425,#1837);
#1379=LINE('',#8442,#1838);
#1380=LINE('',#8445,#1839);
#1381=LINE('',#8446,#1840);
#1382=LINE('',#8472,#1841);
#1383=LINE('',#8503,#1842);
#1384=LINE('',#8511,#1843);
#1385=LINE('',#8543,#1844);
#1386=LINE('',#8587,#1845);
#1387=LINE('',#8637,#1846);
#1388=LINE('',#8686,#1847);
#1389=LINE('',#8714,#1848);
#1390=LINE('',#8753,#1849);
#1391=LINE('',#8770,#1850);
#1392=LINE('',#8787,#1851);
#1393=LINE('',#8804,#1852);
#1394=LINE('',#8821,#1853);
#1395=LINE('',#8824,#1854);
#1396=LINE('',#8825,#1855);
#1397=LINE('',#8842,#1856);
#1398=LINE('',#8859,#1857);
#1399=LINE('',#8876,#1858);
#1400=LINE('',#8893,#1859);
#1401=LINE('',#8910,#1860);
#1402=LINE('',#8927,#1861);
#1403=LINE('',#8944,#1862);
#1404=LINE('',#8947,#1863);
#1405=LINE('',#8948,#1864);
#1406=LINE('',#8965,#1865);
#1407=LINE('',#8982,#1866);
#1408=LINE('',#8999,#1867);
#1409=LINE('',#9016,#1868);
#1410=LINE('',#9033,#1869);
#1411=LINE('',#9050,#1870);
#1412=LINE('',#9067,#1871);
#1413=LINE('',#9084,#1872);
#1414=LINE('',#9087,#1873);
#1415=LINE('',#9088,#1874);
#1416=LINE('',#9105,#1875);
#1417=LINE('',#9122,#1876);
#1418=LINE('',#9139,#1877);
#1419=LINE('',#9156,#1878);
#1420=LINE('',#9173,#1879);
#1421=LINE('',#9190,#1880);
#1422=LINE('',#9207,#1881);
#1423=LINE('',#9231,#1882);
#1424=LINE('',#9232,#1883);
#1425=LINE('',#9233,#1884);
#1426=LINE('',#9234,#1885);
#1427=LINE('',#9235,#1886);
#1428=LINE('',#9236,#1887);
#1429=LINE('',#9237,#1888);
#1430=LINE('',#9238,#1889);
#1431=LINE('',#9239,#1890);
#1432=LINE('',#9240,#1891);
#1433=LINE('',#9241,#1892);
#1434=LINE('',#9242,#1893);
#1435=LINE('',#9243,#1894);
#1436=LINE('',#9244,#1895);
#1437=LINE('',#9245,#1896);
#1438=LINE('',#9246,#1897);
#1439=LINE('',#9247,#1898);
#1440=LINE('',#9248,#1899);
#1441=LINE('',#9249,#1900);
#1442=LINE('',#9250,#1901);
#1443=LINE('',#9251,#1902);
#1444=LINE('',#9253,#1903);
#1445=LINE('',#9257,#1904);
#1446=LINE('',#9259,#1905);
#1447=LINE('',#9261,#1906);
#1448=LINE('',#9264,#1907);
#1449=LINE('',#9265,#1908);
#1450=LINE('',#9266,#1909);
#1451=LINE('',#9267,#1910);
#1452=LINE('',#9284,#1911);
#1453=LINE('',#9291,#1912);
#1454=LINE('',#9298,#1913);
#1455=LINE('',#9305,#1914);
#1456=LINE('',#9310,#1915);
#1457=LINE('',#9315,#1916);
#1458=LINE('',#9322,#1917);
#1459=LINE('',#9329,#1918);
#1460=LINE('',#9335,#1919);
#1461=LINE('',#9337,#1920);
#1462=LINE('',#9339,#1921);
#1463=LINE('',#9340,#1922);
#1464=LINE('',#9343,#1923);
#1465=LINE('',#9345,#1924);
#1466=LINE('',#9346,#1925);
#1467=LINE('',#9348,#1926);
#1468=LINE('',#9350,#1927);
#1469=LINE('',#9352,#1928);
#1470=LINE('',#9354,#1929);
#1471=LINE('',#9355,#1930);
#1472=LINE('',#9357,#1931);
#1473=LINE('',#9362,#1932);
#1474=LINE('',#9366,#1933);
#1475=LINE('',#9370,#1934);
#1476=LINE('',#9373,#1935);
#1477=LINE('',#9378,#1936);
#1478=LINE('',#9381,#1937);
#1479=LINE('',#9384,#1938);
#1480=LINE('',#9386,#1939);
#1481=LINE('',#9387,#1940);
#1482=LINE('',#9391,#1941);
#1483=LINE('',#9394,#1942);
#1484=LINE('',#9395,#1943);
#1485=LINE('',#9399,#1944);
#1486=LINE('',#9402,#1945);
#1487=LINE('',#9403,#1946);
#1488=LINE('',#9407,#1947);
#1489=LINE('',#9410,#1948);
#1490=LINE('',#9411,#1949);
#1491=LINE('',#9416,#1950);
#1492=LINE('',#9419,#1951);
#1493=LINE('',#9422,#1952);
#1494=LINE('',#9423,#1953);
#1495=LINE('',#9429,#1954);
#1496=LINE('',#9432,#1955);
#1497=LINE('',#9433,#1956);
#1498=LINE('',#9437,#1957);
#1499=LINE('',#9439,#1958);
#1500=VECTOR('',#5184,2.);
#1501=VECTOR('',#5193,2.);
#1502=VECTOR('',#5202,2.);
#1503=VECTOR('',#5211,2.);
#1504=VECTOR('',#5218,10.);
#1505=VECTOR('',#5219,10.);
#1506=VECTOR('',#5220,10.);
#1507=VECTOR('',#5221,10.);
#1508=VECTOR('',#5224,10.);
#1509=VECTOR('',#5225,10.);
#1510=VECTOR('',#5226,10.);
#1511=VECTOR('',#5227,10.);
#1512=VECTOR('',#5228,10.);
#1513=VECTOR('',#5229,10.);
#1514=VECTOR('',#5230,10.);
#1515=VECTOR('',#5231,10.);
#1516=VECTOR('',#5234,10.);
#1517=VECTOR('',#5235,10.);
#1518=VECTOR('',#5236,10.);
#1519=VECTOR('',#5239,10.);
#1520=VECTOR('',#5240,10.);
#1521=VECTOR('',#5241,10.);
#1522=VECTOR('',#5244,10.);
#1523=VECTOR('',#5245,10.);
#1524=VECTOR('',#5248,10.);
#1525=VECTOR('',#5249,10.);
#1526=VECTOR('',#5252,10.);
#1527=VECTOR('',#5253,10.);
#1528=VECTOR('',#5256,10.);
#1529=VECTOR('',#5257,10.);
#1530=VECTOR('',#5260,10.);
#1531=VECTOR('',#5261,10.);
#1532=VECTOR('',#5262,10.);
#1533=VECTOR('',#5265,10.);
#1534=VECTOR('',#5266,10.);
#1535=VECTOR('',#5269,10.);
#1536=VECTOR('',#5270,10.);
#1537=VECTOR('',#5273,10.);
#1538=VECTOR('',#5276,10.);
#1539=VECTOR('',#5277,10.);
#1540=VECTOR('',#5278,10.);
#1541=VECTOR('',#5279,10.);
#1542=VECTOR('',#5282,10.);
#1543=VECTOR('',#5283,10.);
#1544=VECTOR('',#5284,10.);
#1545=VECTOR('',#5287,10.);
#1546=VECTOR('',#5288,10.);
#1547=VECTOR('',#5289,10.);
#1548=VECTOR('',#5290,10.);
#1549=VECTOR('',#5291,10.);
#1550=VECTOR('',#5294,10.);
#1551=VECTOR('',#5295,10.);
#1552=VECTOR('',#5296,10.);
#1553=VECTOR('',#5299,10.);
#1554=VECTOR('',#5300,10.);
#1555=VECTOR('',#5303,10.);
#1556=VECTOR('',#5304,10.);
#1557=VECTOR('',#5307,10.);
#1558=VECTOR('',#5308,10.);
#1559=VECTOR('',#5309,10.);
#1560=VECTOR('',#5310,10.);
#1561=VECTOR('',#5313,10.);
#1562=VECTOR('',#5314,10.);
#1563=VECTOR('',#5315,10.);
#1564=VECTOR('',#5316,10.);
#1565=VECTOR('',#5317,10.);
#1566=VECTOR('',#5318,10.);
#1567=VECTOR('',#5319,10.);
#1568=VECTOR('',#5322,10.);
#1569=VECTOR('',#5323,10.);
#1570=VECTOR('',#5326,10.);
#1571=VECTOR('',#5327,10.);
#1572=VECTOR('',#5330,10.);
#1573=VECTOR('',#5331,10.);
#1574=VECTOR('',#5334,10.);
#1575=VECTOR('',#5335,10.);
#1576=VECTOR('',#5338,10.);
#1577=VECTOR('',#5339,10.);
#1578=VECTOR('',#5342,10.);
#1579=VECTOR('',#5343,10.);
#1580=VECTOR('',#5346,10.);
#1581=VECTOR('',#5347,10.);
#1582=VECTOR('',#5348,10.);
#1583=VECTOR('',#5349,10.);
#1584=VECTOR('',#5352,10.);
#1585=VECTOR('',#5353,10.);
#1586=VECTOR('',#5354,10.);
#1587=VECTOR('',#5357,10.);
#1588=VECTOR('',#5358,10.);
#1589=VECTOR('',#5359,10.);
#1590=VECTOR('',#5360,10.);
#1591=VECTOR('',#5361,10.);
#1592=VECTOR('',#5362,10.);
#1593=VECTOR('',#5365,10.);
#1594=VECTOR('',#5366,10.);
#1595=VECTOR('',#5367,10.);
#1596=VECTOR('',#5370,10.);
#1597=VECTOR('',#5371,10.);
#1598=VECTOR('',#5372,10.);
#1599=VECTOR('',#5373,10.);
#1600=VECTOR('',#5374,10.);
#1601=VECTOR('',#5377,10.);
#1602=VECTOR('',#5378,10.);
#1603=VECTOR('',#5379,10.);
#1604=VECTOR('',#5380,10.);
#1605=VECTOR('',#5381,10.);
#1606=VECTOR('',#5384,10.);
#1607=VECTOR('',#5385,10.);
#1608=VECTOR('',#5388,10.);
#1609=VECTOR('',#5389,10.);
#1610=VECTOR('',#5390,10.);
#1611=VECTOR('',#5391,10.);
#1612=VECTOR('',#5394,10.);
#1613=VECTOR('',#5395,10.);
#1614=VECTOR('',#5396,10.);
#1615=VECTOR('',#5397,10.);
#1616=VECTOR('',#5400,10.);
#1617=VECTOR('',#5401,10.);
#1618=VECTOR('',#5402,10.);
#1619=VECTOR('',#5405,10.);
#1620=VECTOR('',#5406,10.);
#1621=VECTOR('',#5407,10.);
#1622=VECTOR('',#5410,10.);
#1623=VECTOR('',#5411,10.);
#1624=VECTOR('',#5414,10.);
#1625=VECTOR('',#5415,10.);
#1626=VECTOR('',#5418,10.);
#1627=VECTOR('',#5419,10.);
#1628=VECTOR('',#5422,10.);
#1629=VECTOR('',#5423,10.);
#1630=VECTOR('',#5426,10.);
#1631=VECTOR('',#5427,10.);
#1632=VECTOR('',#5428,10.);
#1633=VECTOR('',#5429,10.);
#1634=VECTOR('',#5432,10.);
#1635=VECTOR('',#5433,10.);
#1636=VECTOR('',#5434,10.);
#1637=VECTOR('',#5435,10.);
#1638=VECTOR('',#5436,10.);
#1639=VECTOR('',#5437,10.);
#1640=VECTOR('',#5438,10.);
#1641=VECTOR('',#5441,10.);
#1642=VECTOR('',#5442,10.);
#1643=VECTOR('',#5443,10.);
#1644=VECTOR('',#5444,10.);
#1645=VECTOR('',#5445,10.);
#1646=VECTOR('',#5446,10.);
#1647=VECTOR('',#5449,10.);
#1648=VECTOR('',#5450,10.);
#1649=VECTOR('',#5451,10.);
#1650=VECTOR('',#5452,10.);
#1651=VECTOR('',#5455,10.);
#1652=VECTOR('',#5456,10.);
#1653=VECTOR('',#5457,10.);
#1654=VECTOR('',#5458,10.);
#1655=VECTOR('',#5459,10.);
#1656=VECTOR('',#5460,10.);
#1657=VECTOR('',#5461,10.);
#1658=VECTOR('',#5462,10.);
#1659=VECTOR('',#5463,10.);
#1660=VECTOR('',#5464,10.);
#1661=VECTOR('',#5465,10.);
#1662=VECTOR('',#5468,10.);
#1663=VECTOR('',#5469,10.);
#1664=VECTOR('',#5470,10.);
#1665=VECTOR('',#5471,10.);
#1666=VECTOR('',#5472,10.);
#1667=VECTOR('',#5473,10.);
#1668=VECTOR('',#5474,10.);
#1669=VECTOR('',#5477,10.);
#1670=VECTOR('',#5478,10.);
#1671=VECTOR('',#5481,10.);
#1672=VECTOR('',#5482,10.);
#1673=VECTOR('',#5485,10.);
#1674=VECTOR('',#5486,10.);
#1675=VECTOR('',#5487,10.);
#1676=VECTOR('',#5488,10.);
#1677=VECTOR('',#5491,10.);
#1678=VECTOR('',#5492,10.);
#1679=VECTOR('',#5493,10.);
#1680=VECTOR('',#5496,10.);
#1681=VECTOR('',#5497,10.);
#1682=VECTOR('',#5498,10.);
#1683=VECTOR('',#5499,10.);
#1684=VECTOR('',#5500,10.);
#1685=VECTOR('',#5503,10.);
#1686=VECTOR('',#5504,10.);
#1687=VECTOR('',#5505,10.);
#1688=VECTOR('',#5508,10.);
#1689=VECTOR('',#5509,10.);
#1690=VECTOR('',#5512,10.);
#1691=VECTOR('',#5513,10.);
#1692=VECTOR('',#5516,10.);
#1693=VECTOR('',#5517,10.);
#1694=VECTOR('',#5518,10.);
#1695=VECTOR('',#5519,10.);
#1696=VECTOR('',#5522,10.);
#1697=VECTOR('',#5523,10.);
#1698=VECTOR('',#5524,10.);
#1699=VECTOR('',#5525,10.);
#1700=VECTOR('',#5526,10.);
#1701=VECTOR('',#5527,10.);
#1702=VECTOR('',#5528,10.);
#1703=VECTOR('',#5529,10.);
#1704=VECTOR('',#5532,10.);
#1705=VECTOR('',#5533,10.);
#1706=VECTOR('',#5534,10.);
#1707=VECTOR('',#5537,10.);
#1708=VECTOR('',#5538,10.);
#1709=VECTOR('',#5539,10.);
#1710=VECTOR('',#5542,10.);
#1711=VECTOR('',#5543,10.);
#1712=VECTOR('',#5546,10.);
#1713=VECTOR('',#5547,10.);
#1714=VECTOR('',#5550,10.);
#1715=VECTOR('',#5551,10.);
#1716=VECTOR('',#5554,10.);
#1717=VECTOR('',#5555,10.);
#1718=VECTOR('',#5558,10.);
#1719=VECTOR('',#5559,10.);
#1720=VECTOR('',#5560,10.);
#1721=VECTOR('',#5563,10.);
#1722=VECTOR('',#5564,10.);
#1723=VECTOR('',#5567,10.);
#1724=VECTOR('',#5568,10.);
#1725=VECTOR('',#5571,10.);
#1726=VECTOR('',#5572,10.);
#1727=VECTOR('',#5575,10.);
#1728=VECTOR('',#5576,10.);
#1729=VECTOR('',#5577,10.);
#1730=VECTOR('',#5578,10.);
#1731=VECTOR('',#5581,10.);
#1732=VECTOR('',#5582,10.);
#1733=VECTOR('',#5583,10.);
#1734=VECTOR('',#5584,10.);
#1735=VECTOR('',#5585,10.);
#1736=VECTOR('',#5586,10.);
#1737=VECTOR('',#5587,10.);
#1738=VECTOR('',#5588,10.);
#1739=VECTOR('',#5589,10.);
#1740=VECTOR('',#5590,10.);
#1741=VECTOR('',#5591,10.);
#1742=VECTOR('',#5592,10.);
#1743=VECTOR('',#5593,10.);
#1744=VECTOR('',#5594,10.);
#1745=VECTOR('',#5597,10.);
#1746=VECTOR('',#5598,10.);
#1747=VECTOR('',#5601,10.);
#1748=VECTOR('',#5602,10.);
#1749=VECTOR('',#5605,10.);
#1750=VECTOR('',#5606,10.);
#1751=VECTOR('',#5607,10.);
#1752=VECTOR('',#5608,10.);
#1753=VECTOR('',#5611,10.);
#1754=VECTOR('',#5612,10.);
#1755=VECTOR('',#5613,10.);
#1756=VECTOR('',#5614,10.);
#1757=VECTOR('',#5615,10.);
#1758=VECTOR('',#5616,10.);
#1759=VECTOR('',#5617,10.);
#1760=VECTOR('',#5618,10.);
#1761=VECTOR('',#5619,10.);
#1762=VECTOR('',#5620,10.);
#1763=VECTOR('',#5621,10.);
#1764=VECTOR('',#5624,10.);
#1765=VECTOR('',#5625,10.);
#1766=VECTOR('',#5626,10.);
#1767=VECTOR('',#5627,10.);
#1768=VECTOR('',#5630,10.);
#1769=VECTOR('',#5631,10.);
#1770=VECTOR('',#5632,10.);
#1771=VECTOR('',#5633,10.);
#1772=VECTOR('',#5636,10.);
#1773=VECTOR('',#5637,10.);
#1774=VECTOR('',#5638,10.);
#1775=VECTOR('',#5641,10.);
#1776=VECTOR('',#5642,10.);
#1777=VECTOR('',#5643,10.);
#1778=VECTOR('',#5646,10.);
#1779=VECTOR('',#5647,10.);
#1780=VECTOR('',#5648,10.);
#1781=VECTOR('',#5651,10.);
#1782=VECTOR('',#5652,10.);
#1783=VECTOR('',#5653,10.);
#1784=VECTOR('',#5656,10.);
#1785=VECTOR('',#5657,10.);
#1786=VECTOR('',#5660,10.);
#1787=VECTOR('',#5661,10.);
#1788=VECTOR('',#5662,10.);
#1789=VECTOR('',#5663,10.);
#1790=VECTOR('',#5664,10.);
#1791=VECTOR('',#5665,10.);
#1792=VECTOR('',#5668,10.);
#1793=VECTOR('',#5669,10.);
#1794=VECTOR('',#5670,10.);
#1795=VECTOR('',#5673,10.);
#1796=VECTOR('',#5674,10.);
#1797=VECTOR('',#5675,10.);
#1798=VECTOR('',#5676,10.);
#1799=VECTOR('',#5677,10.);
#1800=VECTOR('',#5678,10.);
#1801=VECTOR('',#5679,10.);
#1802=VECTOR('',#5680,10.);
#1803=VECTOR('',#5683,10.);
#1804=VECTOR('',#5684,10.);
#1805=VECTOR('',#5687,10.);
#1806=VECTOR('',#5690,10.);
#1807=VECTOR('',#5691,10.);
#1808=VECTOR('',#5692,10.);
#1809=VECTOR('',#5693,10.);
#1810=VECTOR('',#5696,10.);
#1811=VECTOR('',#5697,10.);
#1812=VECTOR('',#5698,10.);
#1813=VECTOR('',#5699,10.);
#1814=VECTOR('',#5700,10.);
#1815=VECTOR('',#5701,10.);
#1816=VECTOR('',#5702,10.);
#1817=VECTOR('',#5703,10.);
#1818=VECTOR('',#5704,10.);
#1819=VECTOR('',#5707,10.);
#1820=VECTOR('',#5708,10.);
#1821=VECTOR('',#5711,10.);
#1822=VECTOR('',#5712,10.);
#1823=VECTOR('',#5713,10.);
#1824=VECTOR('',#5714,10.);
#1825=VECTOR('',#5717,10.);
#1826=VECTOR('',#5718,10.);
#1827=VECTOR('',#5719,10.);
#1828=VECTOR('',#5720,10.);
#1829=VECTOR('',#5721,10.);
#1830=VECTOR('',#5722,10.);
#1831=VECTOR('',#5723,10.);
#1832=VECTOR('',#5724,10.);
#1833=VECTOR('',#5725,10.);
#1834=VECTOR('',#5726,10.);
#1835=VECTOR('',#5729,10.);
#1836=VECTOR('',#5730,10.);
#1837=VECTOR('',#5731,10.);
#1838=VECTOR('',#5732,10.);
#1839=VECTOR('',#5735,10.);
#1840=VECTOR('',#5736,10.);
#1841=VECTOR('',#5737,10.);
#1842=VECTOR('',#5738,10.);
#1843=VECTOR('',#5741,10.);
#1844=VECTOR('',#5742,10.);
#1845=VECTOR('',#5743,10.);
#1846=VECTOR('',#5744,10.);
#1847=VECTOR('',#5745,10.);
#1848=VECTOR('',#5746,10.);
#1849=VECTOR('',#5747,10.);
#1850=VECTOR('',#5748,10.);
#1851=VECTOR('',#5749,10.);
#1852=VECTOR('',#5750,10.);
#1853=VECTOR('',#5751,10.);
#1854=VECTOR('',#5754,10.);
#1855=VECTOR('',#5755,10.);
#1856=VECTOR('',#5756,10.);
#1857=VECTOR('',#5757,10.);
#1858=VECTOR('',#5758,10.);
#1859=VECTOR('',#5759,10.);
#1860=VECTOR('',#5760,10.);
#1861=VECTOR('',#5761,10.);
#1862=VECTOR('',#5762,10.);
#1863=VECTOR('',#5765,10.);
#1864=VECTOR('',#5766,10.);
#1865=VECTOR('',#5767,10.);
#1866=VECTOR('',#5768,10.);
#1867=VECTOR('',#5769,10.);
#1868=VECTOR('',#5770,10.);
#1869=VECTOR('',#5771,10.);
#1870=VECTOR('',#5772,10.);
#1871=VECTOR('',#5773,10.);
#1872=VECTOR('',#5774,10.);
#1873=VECTOR('',#5777,10.);
#1874=VECTOR('',#5778,10.);
#1875=VECTOR('',#5779,10.);
#1876=VECTOR('',#5780,10.);
#1877=VECTOR('',#5781,10.);
#1878=VECTOR('',#5782,10.);
#1879=VECTOR('',#5783,10.);
#1880=VECTOR('',#5784,10.);
#1881=VECTOR('',#5785,10.);
#1882=VECTOR('',#5788,10.);
#1883=VECTOR('',#5789,10.);
#1884=VECTOR('',#5790,10.);
#1885=VECTOR('',#5791,10.);
#1886=VECTOR('',#5792,10.);
#1887=VECTOR('',#5793,10.);
#1888=VECTOR('',#5794,10.);
#1889=VECTOR('',#5795,10.);
#1890=VECTOR('',#5796,10.);
#1891=VECTOR('',#5797,10.);
#1892=VECTOR('',#5798,10.);
#1893=VECTOR('',#5799,10.);
#1894=VECTOR('',#5800,10.);
#1895=VECTOR('',#5801,10.);
#1896=VECTOR('',#5802,10.);
#1897=VECTOR('',#5803,10.);
#1898=VECTOR('',#5804,10.);
#1899=VECTOR('',#5805,10.);
#1900=VECTOR('',#5806,10.);
#1901=VECTOR('',#5807,10.);
#1902=VECTOR('',#5808,10.);
#1903=VECTOR('',#5809,10.);
#1904=VECTOR('',#5812,10.);
#1905=VECTOR('',#5813,10.);
#1906=VECTOR('',#5814,10.);
#1907=VECTOR('',#5817,10.);
#1908=VECTOR('',#5818,10.);
#1909=VECTOR('',#5819,10.);
#1910=VECTOR('',#5820,10.);
#1911=VECTOR('',#5845,2.);
#1912=VECTOR('',#5854,2.);
#1913=VECTOR('',#5863,2.);
#1914=VECTOR('',#5872,2.);
#1915=VECTOR('',#5879,2.);
#1916=VECTOR('',#5886,2.00000000000001);
#1917=VECTOR('',#5895,2.);
#1918=VECTOR('',#5904,1.99999999999999);
#1919=VECTOR('',#5911,10.);
#1920=VECTOR('',#5912,10.);
#1921=VECTOR('',#5913,10.);
#1922=VECTOR('',#5914,10.);
#1923=VECTOR('',#5917,10.);
#1924=VECTOR('',#5918,10.);
#1925=VECTOR('',#5919,10.);
#1926=VECTOR('',#5922,10.);
#1927=VECTOR('',#5923,10.);
#1928=VECTOR('',#5924,10.);
#1929=VECTOR('',#5925,10.);
#1930=VECTOR('',#5926,10.);
#1931=VECTOR('',#5929,10.);
#1932=VECTOR('',#5932,10.);
#1933=VECTOR('',#5935,10.);
#1934=VECTOR('',#5938,10.);
#1935=VECTOR('',#5941,10.);
#1936=VECTOR('',#5946,10.);
#1937=VECTOR('',#5949,10.);
#1938=VECTOR('',#5952,10.);
#1939=VECTOR('',#5953,10.);
#1940=VECTOR('',#5954,10.);
#1941=VECTOR('',#5959,10.);
#1942=VECTOR('',#5962,10.);
#1943=VECTOR('',#5963,10.);
#1944=VECTOR('',#5968,10.);
#1945=VECTOR('',#5971,10.);
#1946=VECTOR('',#5972,10.);
#1947=VECTOR('',#5977,10.);
#1948=VECTOR('',#5980,10.);
#1949=VECTOR('',#5981,10.);
#1950=VECTOR('',#5988,10.);
#1951=VECTOR('',#5991,10.);
#1952=VECTOR('',#5994,10.);
#1953=VECTOR('',#5995,10.);
#1954=VECTOR('',#6004,10.);
#1955=VECTOR('',#6007,10.);
#1956=VECTOR('',#6008,10.);
#1957=VECTOR('',#6013,10.);
#1958=VECTOR('',#6016,10.);
#1959=CIRCLE('',#4989,2.);
#1960=CIRCLE('',#4990,2.);
#1961=CIRCLE('',#4993,2.);
#1962=CIRCLE('',#4994,2.);
#1963=CIRCLE('',#4997,2.);
#1964=CIRCLE('',#4998,2.);
#1965=CIRCLE('',#5001,2.);
#1966=CIRCLE('',#5002,2.);
#1967=CIRCLE('',#5101,5.00000000000001);
#1968=CIRCLE('',#5102,5.00000000000001);
#1969=CIRCLE('',#5103,2.00000000000001);
#1970=CIRCLE('',#5104,2.);
#1971=CIRCLE('',#5114,2.);
#1972=CIRCLE('',#5115,2.);
#1973=CIRCLE('',#5118,2.);
#1974=CIRCLE('',#5119,2.);
#1975=CIRCLE('',#5122,2.);
#1976=CIRCLE('',#5123,2.);
#1977=CIRCLE('',#5126,2.);
#1978=CIRCLE('',#5127,2.);
#1979=CIRCLE('',#5130,2.);
#1980=CIRCLE('',#5133,2.00000000000001);
#1981=CIRCLE('',#5136,2.);
#1982=CIRCLE('',#5137,2.);
#1983=CIRCLE('',#5140,1.99999999999999);
#1984=CIRCLE('',#5141,1.99999999999999);
#1985=CIRCLE('',#5147,5.);
#1986=CIRCLE('',#5148,5.);
#1987=CIRCLE('',#5149,5.);
#1988=CIRCLE('',#5150,5.);
#1989=CIRCLE('',#5152,5.00000000000001);
#1990=CIRCLE('',#5153,5.00000000000001);
#1991=CIRCLE('',#5156,5.);
#1992=CIRCLE('',#5159,5.);
#1993=CIRCLE('',#5162,5.);
#1994=CIRCLE('',#5165,5.);
#1995=CIRCLE('',#5167,5.00000000000001);
#1996=CIRCLE('',#5170,5.00000000000001);
#1997=CIRCLE('',#5172,5.00000000000001);
#1998=CIRCLE('',#5175,5.00000000000001);
#1999=VERTEX_POINT('',#6021);
#2000=VERTEX_POINT('',#6023);
#2001=VERTEX_POINT('',#6028);
#2002=VERTEX_POINT('',#6030);
#2003=VERTEX_POINT('',#6035);
#2004=VERTEX_POINT('',#6037);
#2005=VERTEX_POINT('',#6042);
#2006=VERTEX_POINT('',#6044);
#2007=VERTEX_POINT('',#6049);
#2008=VERTEX_POINT('',#6050);
#2009=VERTEX_POINT('',#6052);
#2010=VERTEX_POINT('',#6054);
#2011=VERTEX_POINT('',#6058);
#2012=VERTEX_POINT('',#6059);
#2013=VERTEX_POINT('',#6061);
#2014=VERTEX_POINT('',#6063);
#2015=VERTEX_POINT('',#6065);
#2016=VERTEX_POINT('',#6067);
#2017=VERTEX_POINT('',#6069);
#2018=VERTEX_POINT('',#6071);
#2019=VERTEX_POINT('',#6073);
#2020=VERTEX_POINT('',#6081);
#2021=VERTEX_POINT('',#6083);
#2022=VERTEX_POINT('',#6087);
#2023=VERTEX_POINT('',#6088);
#2024=VERTEX_POINT('',#6093);
#2025=VERTEX_POINT('',#6097);
#2026=VERTEX_POINT('',#6110);
#2027=VERTEX_POINT('',#6123);
#2028=VERTEX_POINT('',#6127);
#2029=VERTEX_POINT('',#6131);
#2030=VERTEX_POINT('',#6133);
#2031=VERTEX_POINT('',#6137);
#2032=VERTEX_POINT('',#6141);
#2033=VERTEX_POINT('',#6147);
#2034=VERTEX_POINT('',#6148);
#2035=VERTEX_POINT('',#6150);
#2036=VERTEX_POINT('',#6152);
#2037=VERTEX_POINT('',#6156);
#2038=VERTEX_POINT('',#6157);
#2039=VERTEX_POINT('',#6162);
#2040=VERTEX_POINT('',#6164);
#2041=VERTEX_POINT('',#6166);
#2042=VERTEX_POINT('',#6168);
#2043=VERTEX_POINT('',#6172);
#2044=VERTEX_POINT('',#6174);
#2045=VERTEX_POINT('',#6178);
#2046=VERTEX_POINT('',#6182);
#2047=VERTEX_POINT('',#6186);
#2048=VERTEX_POINT('',#6187);
#2049=VERTEX_POINT('',#6189);
#2050=VERTEX_POINT('',#6191);
#2051=VERTEX_POINT('',#6195);
#2052=VERTEX_POINT('',#6197);
#2053=VERTEX_POINT('',#6199);
#2054=VERTEX_POINT('',#6201);
#2055=VERTEX_POINT('',#6203);
#2056=VERTEX_POINT('',#6205);
#2057=VERTEX_POINT('',#6209);
#2058=VERTEX_POINT('',#6213);
#2059=VERTEX_POINT('',#6217);
#2060=VERTEX_POINT('',#6221);
#2061=VERTEX_POINT('',#6225);
#2062=VERTEX_POINT('',#6229);
#2063=VERTEX_POINT('',#6233);
#2064=VERTEX_POINT('',#6234);
#2065=VERTEX_POINT('',#6236);
#2066=VERTEX_POINT('',#6238);
#2067=VERTEX_POINT('',#6242);
#2068=VERTEX_POINT('',#6243);
#2069=VERTEX_POINT('',#6248);
#2070=VERTEX_POINT('',#6250);
#2071=VERTEX_POINT('',#6252);
#2072=VERTEX_POINT('',#6254);
#2073=VERTEX_POINT('',#6260);
#2074=VERTEX_POINT('',#6266);
#2075=VERTEX_POINT('',#6272);
#2076=VERTEX_POINT('',#6274);
#2077=VERTEX_POINT('',#6280);
#2078=VERTEX_POINT('',#6286);
#2079=VERTEX_POINT('',#6292);
#2080=VERTEX_POINT('',#6296);
#2081=VERTEX_POINT('',#6298);
#2082=VERTEX_POINT('',#6302);
#2083=VERTEX_POINT('',#6315);
#2084=VERTEX_POINT('',#6332);
#2085=VERTEX_POINT('',#6349);
#2086=VERTEX_POINT('',#6357);
#2087=VERTEX_POINT('',#6370);
#2088=VERTEX_POINT('',#6387);
#2089=VERTEX_POINT('',#6404);
#2090=VERTEX_POINT('',#6412);
#2091=VERTEX_POINT('',#6416);
#2092=VERTEX_POINT('',#6417);
#2093=VERTEX_POINT('',#6419);
#2094=VERTEX_POINT('',#6421);
#2095=VERTEX_POINT('',#6425);
#2096=VERTEX_POINT('',#6426);
#2097=VERTEX_POINT('',#6428);
#2098=VERTEX_POINT('',#6430);
#2099=VERTEX_POINT('',#6434);
#2100=VERTEX_POINT('',#6436);
#2101=VERTEX_POINT('',#6440);
#2102=VERTEX_POINT('',#6442);
#2103=VERTEX_POINT('',#6446);
#2104=VERTEX_POINT('',#6450);
#2105=VERTEX_POINT('',#6454);
#2106=VERTEX_POINT('',#6458);
#2107=VERTEX_POINT('',#6462);
#2108=VERTEX_POINT('',#6463);
#2109=VERTEX_POINT('',#6465);
#2110=VERTEX_POINT('',#6467);
#2111=VERTEX_POINT('',#6471);
#2112=VERTEX_POINT('',#6473);
#2113=VERTEX_POINT('',#6479);
#2114=VERTEX_POINT('',#6485);
#2115=VERTEX_POINT('',#6491);
#2116=VERTEX_POINT('',#6497);
#2117=VERTEX_POINT('',#6499);
#2118=VERTEX_POINT('',#6505);
#2119=VERTEX_POINT('',#6511);
#2120=VERTEX_POINT('',#6517);
#2121=VERTEX_POINT('',#6534);
#2122=VERTEX_POINT('',#6551);
#2123=VERTEX_POINT('',#6568);
#2124=VERTEX_POINT('',#6585);
#2125=VERTEX_POINT('',#6593);
#2126=VERTEX_POINT('',#6606);
#2127=VERTEX_POINT('',#6623);
#2128=VERTEX_POINT('',#6640);
#2129=VERTEX_POINT('',#6657);
#2130=VERTEX_POINT('',#6665);
#2131=VERTEX_POINT('',#6678);
#2132=VERTEX_POINT('',#6679);
#2133=VERTEX_POINT('',#6686);
#2134=VERTEX_POINT('',#6691);
#2135=VERTEX_POINT('',#6707);
#2136=VERTEX_POINT('',#6708);
#2137=VERTEX_POINT('',#6715);
#2138=VERTEX_POINT('',#6720);
#2139=VERTEX_POINT('',#6727);
#2140=VERTEX_POINT('',#6729);
#2141=VERTEX_POINT('',#6742);
#2142=VERTEX_POINT('',#6743);
#2143=VERTEX_POINT('',#6768);
#2144=VERTEX_POINT('',#6769);
#2145=VERTEX_POINT('',#6775);
#2146=VERTEX_POINT('',#6777);
#2147=VERTEX_POINT('',#6814);
#2148=VERTEX_POINT('',#6815);
#2149=VERTEX_POINT('',#6822);
#2150=VERTEX_POINT('',#6828);
#2151=VERTEX_POINT('',#6845);
#2152=VERTEX_POINT('',#6851);
#2153=VERTEX_POINT('',#6868);
#2154=VERTEX_POINT('',#6874);
#2155=VERTEX_POINT('',#6891);
#2156=VERTEX_POINT('',#6897);
#2157=VERTEX_POINT('',#6914);
#2158=VERTEX_POINT('',#6920);
#2159=VERTEX_POINT('',#6937);
#2160=VERTEX_POINT('',#6943);
#2161=VERTEX_POINT('',#6951);
#2162=VERTEX_POINT('',#6953);
#2163=VERTEX_POINT('',#6966);
#2164=VERTEX_POINT('',#6972);
#2165=VERTEX_POINT('',#6989);
#2166=VERTEX_POINT('',#6995);
#2167=VERTEX_POINT('',#7012);
#2168=VERTEX_POINT('',#7018);
#2169=VERTEX_POINT('',#7035);
#2170=VERTEX_POINT('',#7041);
#2171=VERTEX_POINT('',#7055);
#2172=VERTEX_POINT('',#7056);
#2173=VERTEX_POINT('',#7058);
#2174=VERTEX_POINT('',#7060);
#2175=VERTEX_POINT('',#7064);
#2176=VERTEX_POINT('',#7065);
#2177=VERTEX_POINT('',#7070);
#2178=VERTEX_POINT('',#7072);
#2179=VERTEX_POINT('',#7074);
#2180=VERTEX_POINT('',#7076);
#2181=VERTEX_POINT('',#7080);
#2182=VERTEX_POINT('',#7082);
#2183=VERTEX_POINT('',#7086);
#2184=VERTEX_POINT('',#7090);
#2185=VERTEX_POINT('',#7094);
#2186=VERTEX_POINT('',#7095);
#2187=VERTEX_POINT('',#7097);
#2188=VERTEX_POINT('',#7099);
#2189=VERTEX_POINT('',#7103);
#2190=VERTEX_POINT('',#7104);
#2191=VERTEX_POINT('',#7106);
#2192=VERTEX_POINT('',#7108);
#2193=VERTEX_POINT('',#7110);
#2194=VERTEX_POINT('',#7112);
#2195=VERTEX_POINT('',#7114);
#2196=VERTEX_POINT('',#7116);
#2197=VERTEX_POINT('',#7118);
#2198=VERTEX_POINT('',#7126);
#2199=VERTEX_POINT('',#7128);
#2200=VERTEX_POINT('',#7132);
#2201=VERTEX_POINT('',#7133);
#2202=VERTEX_POINT('',#7138);
#2203=VERTEX_POINT('',#7142);
#2204=VERTEX_POINT('',#7155);
#2205=VERTEX_POINT('',#7168);
#2206=VERTEX_POINT('',#7172);
#2207=VERTEX_POINT('',#7176);
#2208=VERTEX_POINT('',#7178);
#2209=VERTEX_POINT('',#7182);
#2210=VERTEX_POINT('',#7186);
#2211=VERTEX_POINT('',#7201);
#2212=VERTEX_POINT('',#7202);
#2213=VERTEX_POINT('',#7209);
#2214=VERTEX_POINT('',#7214);
#2215=VERTEX_POINT('',#7221);
#2216=VERTEX_POINT('',#7222);
#2217=VERTEX_POINT('',#7224);
#2218=VERTEX_POINT('',#7226);
#2219=VERTEX_POINT('',#7230);
#2220=VERTEX_POINT('',#7232);
#2221=VERTEX_POINT('',#7238);
#2222=VERTEX_POINT('',#7244);
#2223=VERTEX_POINT('',#7250);
#2224=VERTEX_POINT('',#7256);
#2225=VERTEX_POINT('',#7262);
#2226=VERTEX_POINT('',#7268);
#2227=VERTEX_POINT('',#7270);
#2228=VERTEX_POINT('',#7272);
#2229=VERTEX_POINT('',#7275);
#2230=VERTEX_POINT('',#7281);
#2231=VERTEX_POINT('',#7287);
#2232=VERTEX_POINT('',#7308);
#2233=VERTEX_POINT('',#7325);
#2234=VERTEX_POINT('',#7342);
#2235=VERTEX_POINT('',#7374);
#2236=VERTEX_POINT('',#7381);
#2237=VERTEX_POINT('',#7398);
#2238=VERTEX_POINT('',#7415);
#2239=VERTEX_POINT('',#7432);
#2240=VERTEX_POINT('',#7449);
#2241=VERTEX_POINT('',#7466);
#2242=VERTEX_POINT('',#7474);
#2243=VERTEX_POINT('',#7478);
#2244=VERTEX_POINT('',#7482);
#2245=VERTEX_POINT('',#7495);
#2246=VERTEX_POINT('',#7496);
#2247=VERTEX_POINT('',#7503);
#2248=VERTEX_POINT('',#7508);
#2249=VERTEX_POINT('',#7524);
#2250=VERTEX_POINT('',#7525);
#2251=VERTEX_POINT('',#7532);
#2252=VERTEX_POINT('',#7537);
#2253=VERTEX_POINT('',#7544);
#2254=VERTEX_POINT('',#7546);
#2255=VERTEX_POINT('',#7552);
#2256=VERTEX_POINT('',#7558);
#2257=VERTEX_POINT('',#7564);
#2258=VERTEX_POINT('',#7570);
#2259=VERTEX_POINT('',#7576);
#2260=VERTEX_POINT('',#7582);
#2261=VERTEX_POINT('',#7588);
#2262=VERTEX_POINT('',#7594);
#2263=VERTEX_POINT('',#7600);
#2264=VERTEX_POINT('',#7621);
#2265=VERTEX_POINT('',#7638);
#2266=VERTEX_POINT('',#7655);
#2267=VERTEX_POINT('',#7687);
#2268=VERTEX_POINT('',#7694);
#2269=VERTEX_POINT('',#7711);
#2270=VERTEX_POINT('',#7728);
#2271=VERTEX_POINT('',#7745);
#2272=VERTEX_POINT('',#7762);
#2273=VERTEX_POINT('',#7779);
#2274=VERTEX_POINT('',#7796);
#2275=VERTEX_POINT('',#7808);
#2276=VERTEX_POINT('',#7809);
#2277=VERTEX_POINT('',#7811);
#2278=VERTEX_POINT('',#7813);
#2279=VERTEX_POINT('',#7817);
#2280=VERTEX_POINT('',#7818);
#2281=VERTEX_POINT('',#7820);
#2282=VERTEX_POINT('',#7822);
#2283=VERTEX_POINT('',#7826);
#2284=VERTEX_POINT('',#7828);
#2285=VERTEX_POINT('',#7832);
#2286=VERTEX_POINT('',#7834);
#2287=VERTEX_POINT('',#7838);
#2288=VERTEX_POINT('',#7840);
#2289=VERTEX_POINT('',#7844);
#2290=VERTEX_POINT('',#7846);
#2291=VERTEX_POINT('',#7864);
#2292=VERTEX_POINT('',#7865);
#2293=VERTEX_POINT('',#7871);
#2294=VERTEX_POINT('',#7873);
#2295=VERTEX_POINT('',#7890);
#2296=VERTEX_POINT('',#7896);
#2297=VERTEX_POINT('',#7913);
#2298=VERTEX_POINT('',#7919);
#2299=VERTEX_POINT('',#7936);
#2300=VERTEX_POINT('',#7942);
#2301=VERTEX_POINT('',#7950);
#2302=VERTEX_POINT('',#7951);
#2303=VERTEX_POINT('',#7956);
#2304=VERTEX_POINT('',#7957);
#2305=VERTEX_POINT('',#7959);
#2306=VERTEX_POINT('',#7961);
#2307=VERTEX_POINT('',#7974);
#2308=VERTEX_POINT('',#7980);
#2309=VERTEX_POINT('',#7997);
#2310=VERTEX_POINT('',#8003);
#2311=VERTEX_POINT('',#8020);
#2312=VERTEX_POINT('',#8026);
#2313=VERTEX_POINT('',#8043);
#2314=VERTEX_POINT('',#8049);
#2315=VERTEX_POINT('',#8062);
#2316=VERTEX_POINT('',#8063);
#2317=VERTEX_POINT('',#8065);
#2318=VERTEX_POINT('',#8067);
#2319=VERTEX_POINT('',#8071);
#2320=VERTEX_POINT('',#8073);
#2321=VERTEX_POINT('',#8075);
#2322=VERTEX_POINT('',#8081);
#2323=VERTEX_POINT('',#8087);
#2324=VERTEX_POINT('',#8093);
#2325=VERTEX_POINT('',#8099);
#2326=VERTEX_POINT('',#8105);
#2327=VERTEX_POINT('',#8111);
#2328=VERTEX_POINT('',#8117);
#2329=VERTEX_POINT('',#8123);
#2330=VERTEX_POINT('',#8125);
#2331=VERTEX_POINT('',#8131);
#2332=VERTEX_POINT('',#8138);
#2333=VERTEX_POINT('',#8139);
#2334=VERTEX_POINT('',#8145);
#2335=VERTEX_POINT('',#8151);
#2336=VERTEX_POINT('',#8157);
#2337=VERTEX_POINT('',#8159);
#2338=VERTEX_POINT('',#8161);
#2339=VERTEX_POINT('',#8182);
#2340=VERTEX_POINT('',#8183);
#2341=VERTEX_POINT('',#8201);
#2342=VERTEX_POINT('',#8209);
#2343=VERTEX_POINT('',#8213);
#2344=VERTEX_POINT('',#8226);
#2345=VERTEX_POINT('',#8243);
#2346=VERTEX_POINT('',#8266);
#2347=VERTEX_POINT('',#8279);
#2348=VERTEX_POINT('',#8296);
#2349=VERTEX_POINT('',#8313);
#2350=VERTEX_POINT('',#8330);
#2351=VERTEX_POINT('',#8347);
#2352=VERTEX_POINT('',#8364);
#2353=VERTEX_POINT('',#8381);
#2354=VERTEX_POINT('',#8398);
#2355=VERTEX_POINT('',#8406);
#2356=VERTEX_POINT('',#8419);
#2357=VERTEX_POINT('',#8436);
#2358=VERTEX_POINT('',#8444);
#2359=VERTEX_POINT('',#8457);
#2360=VERTEX_POINT('',#8458);
#2361=VERTEX_POINT('',#8465);
#2362=VERTEX_POINT('',#8471);
#2363=VERTEX_POINT('',#8488);
#2364=VERTEX_POINT('',#8489);
#2365=VERTEX_POINT('',#8496);
#2366=VERTEX_POINT('',#8502);
#2367=VERTEX_POINT('',#8510);
#2368=VERTEX_POINT('',#8512);
#2369=VERTEX_POINT('',#8518);
#2370=VERTEX_POINT('',#8524);
#2371=VERTEX_POINT('',#8530);
#2372=VERTEX_POINT('',#8536);
#2373=VERTEX_POINT('',#8542);
#2374=VERTEX_POINT('',#8544);
#2375=VERTEX_POINT('',#8550);
#2376=VERTEX_POINT('',#8556);
#2377=VERTEX_POINT('',#8562);
#2378=VERTEX_POINT('',#8568);
#2379=VERTEX_POINT('',#8574);
#2380=VERTEX_POINT('',#8580);
#2381=VERTEX_POINT('',#8586);
#2382=VERTEX_POINT('',#8588);
#2383=VERTEX_POINT('',#8594);
#2384=VERTEX_POINT('',#8600);
#2385=VERTEX_POINT('',#8606);
#2386=VERTEX_POINT('',#8612);
#2387=VERTEX_POINT('',#8618);
#2388=VERTEX_POINT('',#8624);
#2389=VERTEX_POINT('',#8630);
#2390=VERTEX_POINT('',#8636);
#2391=VERTEX_POINT('',#8638);
#2392=VERTEX_POINT('',#8644);
#2393=VERTEX_POINT('',#8650);
#2394=VERTEX_POINT('',#8656);
#2395=VERTEX_POINT('',#8662);
#2396=VERTEX_POINT('',#8668);
#2397=VERTEX_POINT('',#8674);
#2398=VERTEX_POINT('',#8680);
#2399=VERTEX_POINT('',#8687);
#2400=VERTEX_POINT('',#8708);
#2401=VERTEX_POINT('',#8740);
#2402=VERTEX_POINT('',#8747);
#2403=VERTEX_POINT('',#8764);
#2404=VERTEX_POINT('',#8781);
#2405=VERTEX_POINT('',#8798);
#2406=VERTEX_POINT('',#8815);
#2407=VERTEX_POINT('',#8823);
#2408=VERTEX_POINT('',#8836);
#2409=VERTEX_POINT('',#8853);
#2410=VERTEX_POINT('',#8870);
#2411=VERTEX_POINT('',#8887);
#2412=VERTEX_POINT('',#8904);
#2413=VERTEX_POINT('',#8921);
#2414=VERTEX_POINT('',#8938);
#2415=VERTEX_POINT('',#8946);
#2416=VERTEX_POINT('',#8959);
#2417=VERTEX_POINT('',#8976);
#2418=VERTEX_POINT('',#8993);
#2419=VERTEX_POINT('',#9010);
#2420=VERTEX_POINT('',#9027);
#2421=VERTEX_POINT('',#9044);
#2422=VERTEX_POINT('',#9061);
#2423=VERTEX_POINT('',#9078);
#2424=VERTEX_POINT('',#9086);
#2425=VERTEX_POINT('',#9099);
#2426=VERTEX_POINT('',#9116);
#2427=VERTEX_POINT('',#9133);
#2428=VERTEX_POINT('',#9150);
#2429=VERTEX_POINT('',#9167);
#2430=VERTEX_POINT('',#9184);
#2431=VERTEX_POINT('',#9201);
#2432=VERTEX_POINT('',#9218);
#2433=VERTEX_POINT('',#9252);
#2434=VERTEX_POINT('',#9254);
#2435=VERTEX_POINT('',#9256);
#2436=VERTEX_POINT('',#9258);
#2437=VERTEX_POINT('',#9260);
#2438=VERTEX_POINT('',#9262);
#2439=VERTEX_POINT('',#9268);
#2440=VERTEX_POINT('',#9270);
#2441=VERTEX_POINT('',#9281);
#2442=VERTEX_POINT('',#9283);
#2443=VERTEX_POINT('',#9288);
#2444=VERTEX_POINT('',#9290);
#2445=VERTEX_POINT('',#9295);
#2446=VERTEX_POINT('',#9297);
#2447=VERTEX_POINT('',#9302);
#2448=VERTEX_POINT('',#9304);
#2449=VERTEX_POINT('',#9309);
#2450=VERTEX_POINT('',#9314);
#2451=VERTEX_POINT('',#9319);
#2452=VERTEX_POINT('',#9321);
#2453=VERTEX_POINT('',#9326);
#2454=VERTEX_POINT('',#9328);
#2455=VERTEX_POINT('',#9333);
#2456=VERTEX_POINT('',#9334);
#2457=VERTEX_POINT('',#9336);
#2458=VERTEX_POINT('',#9338);
#2459=VERTEX_POINT('',#9342);
#2460=VERTEX_POINT('',#9344);
#2461=VERTEX_POINT('',#9349);
#2462=VERTEX_POINT('',#9351);
#2463=VERTEX_POINT('',#9353);
#2464=VERTEX_POINT('',#9358);
#2465=VERTEX_POINT('',#9359);
#2466=VERTEX_POINT('',#9361);
#2467=VERTEX_POINT('',#9363);
#2468=VERTEX_POINT('',#9365);
#2469=VERTEX_POINT('',#9367);
#2470=VERTEX_POINT('',#9369);
#2471=VERTEX_POINT('',#9371);
#2472=VERTEX_POINT('',#9375);
#2473=VERTEX_POINT('',#9377);
#2474=VERTEX_POINT('',#9379);
#2475=VERTEX_POINT('',#9383);
#2476=VERTEX_POINT('',#9385);
#2477=VERTEX_POINT('',#9389);
#2478=VERTEX_POINT('',#9393);
#2479=VERTEX_POINT('',#9397);
#2480=VERTEX_POINT('',#9401);
#2481=VERTEX_POINT('',#9405);
#2482=VERTEX_POINT('',#9409);
#2483=VERTEX_POINT('',#9415);
#2484=VERTEX_POINT('',#9417);
#2485=VERTEX_POINT('',#9421);
#2486=VERTEX_POINT('',#9427);
#2487=VERTEX_POINT('',#9431);
#2488=VERTEX_POINT('',#9435);
#2489=EDGE_CURVE('',#1999,#1999,#1959,.T.);
#2490=EDGE_CURVE('',#1999,#2000,#1041,.T.);
#2491=EDGE_CURVE('',#2000,#2000,#1960,.T.);
#2492=EDGE_CURVE('',#2001,#2001,#1961,.T.);
#2493=EDGE_CURVE('',#2001,#2002,#1042,.T.);
#2494=EDGE_CURVE('',#2002,#2002,#1962,.T.);
#2495=EDGE_CURVE('',#2003,#2003,#1963,.T.);
#2496=EDGE_CURVE('',#2003,#2004,#1043,.T.);
#2497=EDGE_CURVE('',#2004,#2004,#1964,.T.);
#2498=EDGE_CURVE('',#2005,#2005,#1965,.T.);
#2499=EDGE_CURVE('',#2005,#2006,#1044,.T.);
#2500=EDGE_CURVE('',#2006,#2006,#1966,.T.);
#2501=EDGE_CURVE('',#2007,#2008,#1045,.T.);
#2502=EDGE_CURVE('',#2009,#2007,#1046,.T.);
#2503=EDGE_CURVE('',#2009,#2010,#1047,.T.);
#2504=EDGE_CURVE('',#2010,#2008,#1048,.T.);
#2505=EDGE_CURVE('',#2011,#2012,#1049,.T.);
#2506=EDGE_CURVE('',#2013,#2011,#1050,.T.);
#2507=EDGE_CURVE('',#2014,#2013,#1051,.T.);
#2508=EDGE_CURVE('',#2015,#2014,#1052,.T.);
#2509=EDGE_CURVE('',#2016,#2015,#1053,.T.);
#2510=EDGE_CURVE('',#2017,#2016,#1054,.T.);
#2511=EDGE_CURVE('',#2018,#2017,#1055,.T.);
#2512=EDGE_CURVE('',#2019,#2018,#1056,.T.);
#2513=EDGE_CURVE('',#2012,#2019,#140,.T.);
#2514=EDGE_CURVE('',#2008,#2020,#1057,.T.);
#2515=EDGE_CURVE('',#2021,#2010,#1058,.T.);
#2516=EDGE_CURVE('',#2020,#2021,#1059,.T.);
#2517=EDGE_CURVE('',#2022,#2023,#1060,.T.);
#2518=EDGE_CURVE('',#2022,#2017,#1061,.T.);
#2519=EDGE_CURVE('',#2023,#2016,#1062,.T.);
#2520=EDGE_CURVE('',#2024,#2022,#1063,.T.);
#2521=EDGE_CURVE('',#2024,#2018,#1064,.T.);
#2522=EDGE_CURVE('',#2025,#2024,#1065,.T.);
#2523=EDGE_CURVE('',#2025,#2019,#1066,.T.);
#2524=EDGE_CURVE('',#2012,#2026,#141,.T.);
#2525=EDGE_CURVE('',#2026,#2025,#142,.T.);
#2526=EDGE_CURVE('',#2027,#2009,#1067,.T.);
#2527=EDGE_CURVE('',#2027,#2021,#1068,.T.);
#2528=EDGE_CURVE('',#2020,#2028,#1069,.T.);
#2529=EDGE_CURVE('',#2028,#2027,#1070,.T.);
#2530=EDGE_CURVE('',#2029,#2011,#1071,.T.);
#2531=EDGE_CURVE('',#2030,#2029,#1072,.T.);
#2532=EDGE_CURVE('',#2030,#2013,#1073,.T.);
#2533=EDGE_CURVE('',#2031,#2030,#1074,.T.);
#2534=EDGE_CURVE('',#2031,#2014,#1075,.T.);
#2535=EDGE_CURVE('',#2032,#2031,#1076,.T.);
#2536=EDGE_CURVE('',#2032,#2015,#1077,.T.);
#2537=EDGE_CURVE('',#2023,#2032,#1078,.T.);
#2538=EDGE_CURVE('',#2033,#2034,#1079,.T.);
#2539=EDGE_CURVE('',#2033,#2035,#1080,.T.);
#2540=EDGE_CURVE('',#2036,#2035,#1081,.T.);
#2541=EDGE_CURVE('',#2034,#2036,#1082,.T.);
#2542=EDGE_CURVE('',#2037,#2038,#1083,.T.);
#2543=EDGE_CURVE('',#2036,#2037,#1084,.T.);
#2544=EDGE_CURVE('',#2035,#2038,#1085,.T.);
#2545=EDGE_CURVE('',#2039,#2033,#1086,.T.);
#2546=EDGE_CURVE('',#2040,#2039,#1087,.T.);
#2547=EDGE_CURVE('',#2041,#2040,#1088,.T.);
#2548=EDGE_CURVE('',#2042,#2041,#1089,.T.);
#2549=EDGE_CURVE('',#2038,#2042,#1090,.T.);
#2550=EDGE_CURVE('',#2043,#2039,#1091,.T.);
#2551=EDGE_CURVE('',#2044,#2043,#1092,.T.);
#2552=EDGE_CURVE('',#2044,#2040,#1093,.T.);
#2553=EDGE_CURVE('',#2045,#2044,#1094,.T.);
#2554=EDGE_CURVE('',#2045,#2041,#1095,.T.);
#2555=EDGE_CURVE('',#2042,#2046,#1096,.T.);
#2556=EDGE_CURVE('',#2046,#2045,#1097,.T.);
#2557=EDGE_CURVE('',#2047,#2048,#1098,.T.);
#2558=EDGE_CURVE('',#2049,#2047,#1099,.T.);
#2559=EDGE_CURVE('',#2049,#2050,#1100,.T.);
#2560=EDGE_CURVE('',#2050,#2048,#1101,.T.);
#2561=EDGE_CURVE('',#2048,#2051,#1102,.T.);
#2562=EDGE_CURVE('',#2052,#2050,#1103,.T.);
#2563=EDGE_CURVE('',#2053,#2052,#1104,.T.);
#2564=EDGE_CURVE('',#2054,#2053,#1105,.T.);
#2565=EDGE_CURVE('',#2055,#2054,#1106,.T.);
#2566=EDGE_CURVE('',#2056,#2055,#1107,.T.);
#2567=EDGE_CURVE('',#2051,#2056,#1108,.T.);
#2568=EDGE_CURVE('',#2057,#2049,#1109,.T.);
#2569=EDGE_CURVE('',#2057,#2052,#1110,.T.);
#2570=EDGE_CURVE('',#2058,#2057,#1111,.T.);
#2571=EDGE_CURVE('',#2058,#2053,#1112,.T.);
#2572=EDGE_CURVE('',#2059,#2058,#1113,.T.);
#2573=EDGE_CURVE('',#2059,#2054,#1114,.T.);
#2574=EDGE_CURVE('',#2060,#2059,#1115,.T.);
#2575=EDGE_CURVE('',#2060,#2055,#1116,.T.);
#2576=EDGE_CURVE('',#2061,#2060,#1117,.T.);
#2577=EDGE_CURVE('',#2061,#2056,#1118,.T.);
#2578=EDGE_CURVE('',#2051,#2062,#1119,.T.);
#2579=EDGE_CURVE('',#2062,#2061,#1120,.T.);
#2580=EDGE_CURVE('',#2063,#2064,#1121,.T.);
#2581=EDGE_CURVE('',#2063,#2065,#1122,.T.);
#2582=EDGE_CURVE('',#2066,#2065,#1123,.T.);
#2583=EDGE_CURVE('',#2064,#2066,#1124,.T.);
#2584=EDGE_CURVE('',#2067,#2068,#1125,.T.);
#2585=EDGE_CURVE('',#2066,#2067,#1126,.T.);
#2586=EDGE_CURVE('',#2065,#2068,#1127,.T.);
#2587=EDGE_CURVE('',#2069,#2063,#1128,.T.);
#2588=EDGE_CURVE('',#2070,#2069,#1129,.T.);
#2589=EDGE_CURVE('',#2071,#2070,#1130,.T.);
#2590=EDGE_CURVE('',#2072,#2071,#143,.T.);
#2591=EDGE_CURVE('',#2073,#2072,#144,.T.);
#2592=EDGE_CURVE('',#2074,#2073,#145,.T.);
#2593=EDGE_CURVE('',#2075,#2074,#1131,.T.);
#2594=EDGE_CURVE('',#2076,#2075,#146,.T.);
#2595=EDGE_CURVE('',#2077,#2076,#147,.T.);
#2596=EDGE_CURVE('',#2078,#2077,#148,.T.);
#2597=EDGE_CURVE('',#2079,#2078,#1132,.T.);
#2598=EDGE_CURVE('',#2068,#2079,#1133,.T.);
#2599=EDGE_CURVE('',#2080,#2069,#1134,.T.);
#2600=EDGE_CURVE('',#2081,#2080,#1135,.T.);
#2601=EDGE_CURVE('',#2081,#2070,#1136,.T.);
#2602=EDGE_CURVE('',#2082,#2081,#1137,.T.);
#2603=EDGE_CURVE('',#2082,#2071,#1138,.T.);
#2604=EDGE_CURVE('',#2083,#2082,#149,.T.);
#2605=EDGE_CURVE('',#2083,#2072,#1139,.T.);
#2606=EDGE_CURVE('',#2084,#2083,#150,.T.);
#2607=EDGE_CURVE('',#2084,#2073,#1140,.T.);
#2608=EDGE_CURVE('',#2085,#2084,#151,.T.);
#2609=EDGE_CURVE('',#2085,#2074,#1141,.T.);
#2610=EDGE_CURVE('',#2086,#2085,#1142,.T.);
#2611=EDGE_CURVE('',#2086,#2075,#1143,.T.);
#2612=EDGE_CURVE('',#2087,#2086,#152,.T.);
#2613=EDGE_CURVE('',#2087,#2076,#1144,.T.);
#2614=EDGE_CURVE('',#2088,#2087,#153,.T.);
#2615=EDGE_CURVE('',#2088,#2077,#1145,.T.);
#2616=EDGE_CURVE('',#2089,#2088,#154,.T.);
#2617=EDGE_CURVE('',#2089,#2078,#1146,.T.);
#2618=EDGE_CURVE('',#2079,#2090,#1147,.T.);
#2619=EDGE_CURVE('',#2090,#2089,#1148,.T.);
#2620=EDGE_CURVE('',#2091,#2092,#1149,.T.);
#2621=EDGE_CURVE('',#2093,#2091,#1150,.T.);
#2622=EDGE_CURVE('',#2093,#2094,#1151,.T.);
#2623=EDGE_CURVE('',#2094,#2092,#1152,.T.);
#2624=EDGE_CURVE('',#2095,#2096,#1153,.T.);
#2625=EDGE_CURVE('',#2097,#2095,#1154,.T.);
#2626=EDGE_CURVE('',#2097,#2098,#1155,.T.);
#2627=EDGE_CURVE('',#2098,#2096,#1156,.T.);
#2628=EDGE_CURVE('',#2096,#2099,#1157,.T.);
#2629=EDGE_CURVE('',#2100,#2098,#1158,.T.);
#2630=EDGE_CURVE('',#2099,#2100,#1159,.T.);
#2631=EDGE_CURVE('',#2092,#2101,#1160,.T.);
#2632=EDGE_CURVE('',#2102,#2094,#1161,.T.);
#2633=EDGE_CURVE('',#2101,#2102,#1162,.T.);
#2634=EDGE_CURVE('',#2103,#2093,#1163,.T.);
#2635=EDGE_CURVE('',#2103,#2102,#1164,.T.);
#2636=EDGE_CURVE('',#2101,#2104,#1165,.T.);
#2637=EDGE_CURVE('',#2104,#2103,#1166,.T.);
#2638=EDGE_CURVE('',#2105,#2097,#1167,.T.);
#2639=EDGE_CURVE('',#2105,#2100,#1168,.T.);
#2640=EDGE_CURVE('',#2099,#2106,#1169,.T.);
#2641=EDGE_CURVE('',#2106,#2105,#1170,.T.);
#2642=EDGE_CURVE('',#2107,#2108,#1171,.T.);
#2643=EDGE_CURVE('',#2109,#2107,#1172,.T.);
#2644=EDGE_CURVE('',#2109,#2110,#1173,.T.);
#2645=EDGE_CURVE('',#2110,#2108,#1174,.T.);
#2646=EDGE_CURVE('',#2108,#2111,#1175,.T.);
#2647=EDGE_CURVE('',#2112,#2110,#155,.T.);
#2648=EDGE_CURVE('',#2113,#2112,#156,.T.);
#2649=EDGE_CURVE('',#2114,#2113,#157,.T.);
#2650=EDGE_CURVE('',#2115,#2114,#158,.T.);
#2651=EDGE_CURVE('',#2116,#2115,#1176,.T.);
#2652=EDGE_CURVE('',#2117,#2116,#159,.T.);
#2653=EDGE_CURVE('',#2118,#2117,#160,.T.);
#2654=EDGE_CURVE('',#2119,#2118,#161,.T.);
#2655=EDGE_CURVE('',#2120,#2119,#162,.T.);
#2656=EDGE_CURVE('',#2111,#2120,#1177,.T.);
#2657=EDGE_CURVE('',#2121,#2109,#163,.T.);
#2658=EDGE_CURVE('',#2121,#2112,#1178,.T.);
#2659=EDGE_CURVE('',#2122,#2121,#164,.T.);
#2660=EDGE_CURVE('',#2122,#2113,#1179,.T.);
#2661=EDGE_CURVE('',#2123,#2122,#165,.T.);
#2662=EDGE_CURVE('',#2123,#2114,#1180,.T.);
#2663=EDGE_CURVE('',#2124,#2123,#166,.T.);
#2664=EDGE_CURVE('',#2124,#2115,#1181,.T.);
#2665=EDGE_CURVE('',#2125,#2124,#1182,.T.);
#2666=EDGE_CURVE('',#2125,#2116,#1183,.T.);
#2667=EDGE_CURVE('',#2126,#2125,#167,.T.);
#2668=EDGE_CURVE('',#2126,#2117,#1184,.T.);
#2669=EDGE_CURVE('',#2127,#2126,#168,.T.);
#2670=EDGE_CURVE('',#2127,#2118,#1185,.T.);
#2671=EDGE_CURVE('',#2128,#2127,#169,.T.);
#2672=EDGE_CURVE('',#2128,#2119,#1186,.T.);
#2673=EDGE_CURVE('',#2129,#2128,#170,.T.);
#2674=EDGE_CURVE('',#2129,#2120,#1187,.T.);
#2675=EDGE_CURVE('',#2111,#2130,#1188,.T.);
#2676=EDGE_CURVE('',#2130,#2129,#1189,.T.);
#2677=EDGE_CURVE('',#2131,#2132,#171,.T.);
#2678=EDGE_CURVE('',#2131,#2133,#172,.T.);
#2679=EDGE_CURVE('',#2134,#2133,#1190,.T.);
#2680=EDGE_CURVE('',#2132,#2134,#173,.T.);
#2681=EDGE_CURVE('',#2135,#2136,#174,.T.);
#2682=EDGE_CURVE('',#2137,#2135,#175,.T.);
#2683=EDGE_CURVE('',#2137,#2138,#1191,.T.);
#2684=EDGE_CURVE('',#2138,#2136,#176,.T.);
#2685=EDGE_CURVE('',#2139,#2137,#1192,.T.);
#2686=EDGE_CURVE('',#2139,#2140,#1193,.T.);
#2687=EDGE_CURVE('',#2140,#2138,#1194,.T.);
#2688=EDGE_CURVE('',#2141,#2142,#177,.T.);
#2689=EDGE_CURVE('',#2141,#2140,#178,.T.);
#2690=EDGE_CURVE('',#2142,#2139,#179,.T.);
#2691=EDGE_CURVE('',#2143,#2144,#180,.T.);
#2692=EDGE_CURVE('',#2143,#2145,#1195,.T.);
#2693=EDGE_CURVE('',#2145,#2146,#181,.T.);
#2694=EDGE_CURVE('',#2144,#2146,#1196,.T.);
#2695=EDGE_CURVE('',#2134,#2143,#182,.T.);
#2696=EDGE_CURVE('',#2133,#2145,#183,.T.);
#2697=EDGE_CURVE('',#2147,#2148,#184,.T.);
#2698=EDGE_CURVE('',#2149,#2147,#185,.T.);
#2699=EDGE_CURVE('',#2149,#2150,#1197,.T.);
#2700=EDGE_CURVE('',#2150,#2148,#186,.T.);
#2701=EDGE_CURVE('',#2151,#2149,#187,.T.);
#2702=EDGE_CURVE('',#2151,#2152,#1198,.T.);
#2703=EDGE_CURVE('',#2152,#2150,#188,.T.);
#2704=EDGE_CURVE('',#2153,#2151,#189,.T.);
#2705=EDGE_CURVE('',#2153,#2154,#1199,.T.);
#2706=EDGE_CURVE('',#2154,#2152,#190,.T.);
#2707=EDGE_CURVE('',#2155,#2153,#191,.T.);
#2708=EDGE_CURVE('',#2155,#2156,#1200,.T.);
#2709=EDGE_CURVE('',#2156,#2154,#192,.T.);
#2710=EDGE_CURVE('',#2157,#2155,#193,.T.);
#2711=EDGE_CURVE('',#2157,#2158,#1201,.T.);
#2712=EDGE_CURVE('',#2158,#2156,#194,.T.);
#2713=EDGE_CURVE('',#2159,#2157,#195,.T.);
#2714=EDGE_CURVE('',#2159,#2160,#1202,.T.);
#2715=EDGE_CURVE('',#2160,#2158,#196,.T.);
#2716=EDGE_CURVE('',#2161,#2159,#1203,.T.);
#2717=EDGE_CURVE('',#2161,#2162,#1204,.T.);
#2718=EDGE_CURVE('',#2162,#2160,#1205,.T.);
#2719=EDGE_CURVE('',#2163,#2161,#197,.T.);
#2720=EDGE_CURVE('',#2163,#2164,#1206,.T.);
#2721=EDGE_CURVE('',#2164,#2162,#198,.T.);
#2722=EDGE_CURVE('',#2165,#2163,#199,.T.);
#2723=EDGE_CURVE('',#2165,#2166,#1207,.T.);
#2724=EDGE_CURVE('',#2166,#2164,#200,.T.);
#2725=EDGE_CURVE('',#2167,#2165,#201,.T.);
#2726=EDGE_CURVE('',#2167,#2168,#1208,.T.);
#2727=EDGE_CURVE('',#2168,#2166,#202,.T.);
#2728=EDGE_CURVE('',#2169,#2167,#203,.T.);
#2729=EDGE_CURVE('',#2169,#2170,#1209,.T.);
#2730=EDGE_CURVE('',#2170,#2168,#204,.T.);
#2731=EDGE_CURVE('',#2144,#2169,#1210,.T.);
#2732=EDGE_CURVE('',#2146,#2170,#1211,.T.);
#2733=EDGE_CURVE('',#2136,#2131,#1212,.T.);
#2734=EDGE_CURVE('',#2148,#2141,#1213,.T.);
#2735=EDGE_CURVE('',#2171,#2172,#1214,.T.);
#2736=EDGE_CURVE('',#2171,#2173,#1215,.T.);
#2737=EDGE_CURVE('',#2174,#2173,#1216,.T.);
#2738=EDGE_CURVE('',#2172,#2174,#1217,.T.);
#2739=EDGE_CURVE('',#2175,#2176,#1218,.T.);
#2740=EDGE_CURVE('',#2174,#2175,#1219,.T.);
#2741=EDGE_CURVE('',#2173,#2176,#1220,.T.);
#2742=EDGE_CURVE('',#2177,#2171,#1221,.T.);
#2743=EDGE_CURVE('',#2178,#2177,#1222,.T.);
#2744=EDGE_CURVE('',#2179,#2178,#1223,.T.);
#2745=EDGE_CURVE('',#2180,#2179,#1224,.T.);
#2746=EDGE_CURVE('',#2176,#2180,#1225,.T.);
#2747=EDGE_CURVE('',#2181,#2177,#1226,.T.);
#2748=EDGE_CURVE('',#2182,#2181,#1227,.T.);
#2749=EDGE_CURVE('',#2182,#2178,#1228,.T.);
#2750=EDGE_CURVE('',#2183,#2182,#1229,.T.);
#2751=EDGE_CURVE('',#2183,#2179,#1230,.T.);
#2752=EDGE_CURVE('',#2180,#2184,#1231,.T.);
#2753=EDGE_CURVE('',#2184,#2183,#1232,.T.);
#2754=EDGE_CURVE('',#2185,#2186,#1233,.T.);
#2755=EDGE_CURVE('',#2187,#2185,#1234,.T.);
#2756=EDGE_CURVE('',#2187,#2188,#1235,.T.);
#2757=EDGE_CURVE('',#2188,#2186,#1236,.T.);
#2758=EDGE_CURVE('',#2189,#2190,#1237,.T.);
#2759=EDGE_CURVE('',#2191,#2189,#1238,.T.);
#2760=EDGE_CURVE('',#2192,#2191,#1239,.T.);
#2761=EDGE_CURVE('',#2193,#2192,#1240,.T.);
#2762=EDGE_CURVE('',#2194,#2193,#1241,.T.);
#2763=EDGE_CURVE('',#2195,#2194,#1242,.T.);
#2764=EDGE_CURVE('',#2196,#2195,#1243,.T.);
#2765=EDGE_CURVE('',#2197,#2196,#1244,.T.);
#2766=EDGE_CURVE('',#2190,#2197,#205,.T.);
#2767=EDGE_CURVE('',#2186,#2198,#1245,.T.);
#2768=EDGE_CURVE('',#2199,#2188,#1246,.T.);
#2769=EDGE_CURVE('',#2198,#2199,#1247,.T.);
#2770=EDGE_CURVE('',#2200,#2201,#1248,.T.);
#2771=EDGE_CURVE('',#2200,#2195,#1249,.T.);
#2772=EDGE_CURVE('',#2201,#2194,#1250,.T.);
#2773=EDGE_CURVE('',#2202,#2200,#1251,.T.);
#2774=EDGE_CURVE('',#2202,#2196,#1252,.T.);
#2775=EDGE_CURVE('',#2203,#2202,#1253,.T.);
#2776=EDGE_CURVE('',#2203,#2197,#1254,.T.);
#2777=EDGE_CURVE('',#2190,#2204,#206,.T.);
#2778=EDGE_CURVE('',#2204,#2203,#207,.T.);
#2779=EDGE_CURVE('',#2205,#2187,#1255,.T.);
#2780=EDGE_CURVE('',#2205,#2199,#1256,.T.);
#2781=EDGE_CURVE('',#2198,#2206,#1257,.T.);
#2782=EDGE_CURVE('',#2206,#2205,#1258,.T.);
#2783=EDGE_CURVE('',#2207,#2189,#1259,.T.);
#2784=EDGE_CURVE('',#2208,#2207,#1260,.T.);
#2785=EDGE_CURVE('',#2208,#2191,#1261,.T.);
#2786=EDGE_CURVE('',#2209,#2208,#1262,.T.);
#2787=EDGE_CURVE('',#2209,#2192,#1263,.T.);
#2788=EDGE_CURVE('',#2210,#2209,#1264,.T.);
#2789=EDGE_CURVE('',#2210,#2193,#1265,.T.);
#2790=EDGE_CURVE('',#2201,#2210,#1266,.T.);
#2791=EDGE_CURVE('',#2211,#2212,#208,.T.);
#2792=EDGE_CURVE('',#2211,#2213,#209,.T.);
#2793=EDGE_CURVE('',#2214,#2213,#1267,.T.);
#2794=EDGE_CURVE('',#2212,#2214,#210,.T.);
#2795=EDGE_CURVE('',#2215,#2216,#1268,.T.);
#2796=EDGE_CURVE('',#2217,#2215,#1269,.T.);
#2797=EDGE_CURVE('',#2217,#2218,#1270,.T.);
#2798=EDGE_CURVE('',#2218,#2216,#1271,.T.);
#2799=EDGE_CURVE('',#2219,#2211,#1272,.T.);
#2800=EDGE_CURVE('',#2220,#2219,#211,.T.);
#2801=EDGE_CURVE('',#2221,#2220,#212,.T.);
#2802=EDGE_CURVE('',#2222,#2221,#213,.T.);
#2803=EDGE_CURVE('',#2223,#2222,#214,.T.);
#2804=EDGE_CURVE('',#2224,#2223,#215,.T.);
#2805=EDGE_CURVE('',#2225,#2224,#216,.T.);
#2806=EDGE_CURVE('',#2226,#2225,#1273,.T.);
#2807=EDGE_CURVE('',#2227,#2226,#1274,.T.);
#2808=EDGE_CURVE('',#2228,#2227,#1275,.T.);
#2809=EDGE_CURVE('',#2216,#2228,#1276,.T.);
#2810=EDGE_CURVE('',#2229,#2218,#217,.T.);
#2811=EDGE_CURVE('',#2230,#2229,#218,.T.);
#2812=EDGE_CURVE('',#2231,#2230,#219,.T.);
#2813=EDGE_CURVE('',#2213,#2231,#220,.T.);
#2814=EDGE_CURVE('',#2232,#2217,#221,.T.);
#2815=EDGE_CURVE('',#2232,#2229,#1277,.T.);
#2816=EDGE_CURVE('',#2233,#2232,#222,.T.);
#2817=EDGE_CURVE('',#2233,#2230,#1278,.T.);
#2818=EDGE_CURVE('',#2234,#2233,#223,.T.);
#2819=EDGE_CURVE('',#2234,#2231,#1279,.T.);
#2820=EDGE_CURVE('',#2214,#2234,#224,.T.);
#2821=EDGE_CURVE('',#2235,#2219,#225,.T.);
#2822=EDGE_CURVE('',#2236,#2235,#226,.T.);
#2823=EDGE_CURVE('',#2236,#2220,#1280,.T.);
#2824=EDGE_CURVE('',#2237,#2236,#227,.T.);
#2825=EDGE_CURVE('',#2237,#2221,#1281,.T.);
#2826=EDGE_CURVE('',#2238,#2237,#228,.T.);
#2827=EDGE_CURVE('',#2238,#2222,#1282,.T.);
#2828=EDGE_CURVE('',#2239,#2238,#229,.T.);
#2829=EDGE_CURVE('',#2239,#2223,#1283,.T.);
#2830=EDGE_CURVE('',#2240,#2239,#230,.T.);
#2831=EDGE_CURVE('',#2240,#2224,#1284,.T.);
#2832=EDGE_CURVE('',#2241,#2240,#231,.T.);
#2833=EDGE_CURVE('',#2241,#2225,#1285,.T.);
#2834=EDGE_CURVE('',#2242,#2241,#1286,.T.);
#2835=EDGE_CURVE('',#2242,#2226,#1287,.T.);
#2836=EDGE_CURVE('',#2243,#2242,#1288,.T.);
#2837=EDGE_CURVE('',#2243,#2227,#1289,.T.);
#2838=EDGE_CURVE('',#2228,#2244,#1290,.T.);
#2839=EDGE_CURVE('',#2244,#2243,#1291,.T.);
#2840=EDGE_CURVE('',#2245,#2246,#232,.T.);
#2841=EDGE_CURVE('',#2245,#2247,#233,.T.);
#2842=EDGE_CURVE('',#2248,#2247,#1292,.T.);
#2843=EDGE_CURVE('',#2246,#2248,#234,.T.);
#2844=EDGE_CURVE('',#2249,#2250,#235,.T.);
#2845=EDGE_CURVE('',#2251,#2249,#236,.T.);
#2846=EDGE_CURVE('',#2251,#2252,#1293,.T.);
#2847=EDGE_CURVE('',#2252,#2250,#237,.T.);
#2848=EDGE_CURVE('',#2253,#2245,#1294,.T.);
#2849=EDGE_CURVE('',#2254,#2253,#238,.T.);
#2850=EDGE_CURVE('',#2255,#2254,#239,.T.);
#2851=EDGE_CURVE('',#2256,#2255,#240,.T.);
#2852=EDGE_CURVE('',#2257,#2256,#241,.T.);
#2853=EDGE_CURVE('',#2258,#2257,#242,.T.);
#2854=EDGE_CURVE('',#2259,#2258,#243,.T.);
#2855=EDGE_CURVE('',#2260,#2259,#244,.T.);
#2856=EDGE_CURVE('',#2250,#2260,#1295,.T.);
#2857=EDGE_CURVE('',#2261,#2252,#245,.T.);
#2858=EDGE_CURVE('',#2262,#2261,#246,.T.);
#2859=EDGE_CURVE('',#2263,#2262,#247,.T.);
#2860=EDGE_CURVE('',#2247,#2263,#248,.T.);
#2861=EDGE_CURVE('',#2264,#2251,#249,.T.);
#2862=EDGE_CURVE('',#2264,#2261,#1296,.T.);
#2863=EDGE_CURVE('',#2265,#2264,#250,.T.);
#2864=EDGE_CURVE('',#2265,#2262,#1297,.T.);
#2865=EDGE_CURVE('',#2266,#2265,#251,.T.);
#2866=EDGE_CURVE('',#2266,#2263,#1298,.T.);
#2867=EDGE_CURVE('',#2248,#2266,#252,.T.);
#2868=EDGE_CURVE('',#2267,#2253,#253,.T.);
#2869=EDGE_CURVE('',#2268,#2267,#254,.T.);
#2870=EDGE_CURVE('',#2268,#2254,#1299,.T.);
#2871=EDGE_CURVE('',#2269,#2268,#255,.T.);
#2872=EDGE_CURVE('',#2269,#2255,#1300,.T.);
#2873=EDGE_CURVE('',#2270,#2269,#256,.T.);
#2874=EDGE_CURVE('',#2270,#2256,#1301,.T.);
#2875=EDGE_CURVE('',#2271,#2270,#257,.T.);
#2876=EDGE_CURVE('',#2271,#2257,#1302,.T.);
#2877=EDGE_CURVE('',#2272,#2271,#258,.T.);
#2878=EDGE_CURVE('',#2272,#2258,#1303,.T.);
#2879=EDGE_CURVE('',#2273,#2272,#259,.T.);
#2880=EDGE_CURVE('',#2273,#2259,#1304,.T.);
#2881=EDGE_CURVE('',#2260,#2274,#260,.T.);
#2882=EDGE_CURVE('',#2274,#2273,#261,.T.);
#2883=EDGE_CURVE('',#2275,#2276,#1305,.T.);
#2884=EDGE_CURVE('',#2275,#2277,#1306,.T.);
#2885=EDGE_CURVE('',#2278,#2277,#1307,.T.);
#2886=EDGE_CURVE('',#2276,#2278,#1308,.T.);
#2887=EDGE_CURVE('',#2279,#2280,#1309,.T.);
#2888=EDGE_CURVE('',#2281,#2279,#1310,.T.);
#2889=EDGE_CURVE('',#2281,#2282,#1311,.T.);
#2890=EDGE_CURVE('',#2282,#2280,#1312,.T.);
#2891=EDGE_CURVE('',#2283,#2281,#1313,.T.);
#2892=EDGE_CURVE('',#2283,#2284,#1314,.T.);
#2893=EDGE_CURVE('',#2284,#2282,#1315,.T.);
#2894=EDGE_CURVE('',#2285,#2283,#1316,.T.);
#2895=EDGE_CURVE('',#2285,#2286,#1317,.T.);
#2896=EDGE_CURVE('',#2286,#2284,#1318,.T.);
#2897=EDGE_CURVE('',#2287,#2285,#1319,.T.);
#2898=EDGE_CURVE('',#2287,#2288,#1320,.T.);
#2899=EDGE_CURVE('',#2288,#2286,#1321,.T.);
#2900=EDGE_CURVE('',#2289,#2287,#1322,.T.);
#2901=EDGE_CURVE('',#2289,#2290,#1323,.T.);
#2902=EDGE_CURVE('',#2290,#2288,#1324,.T.);
#2903=EDGE_CURVE('',#2278,#2289,#1325,.T.);
#2904=EDGE_CURVE('',#2277,#2290,#1326,.T.);
#2905=EDGE_CURVE('',#2280,#2275,#1327,.T.);
#2906=EDGE_CURVE('',#2291,#2292,#262,.T.);
#2907=EDGE_CURVE('',#2291,#2293,#1328,.T.);
#2908=EDGE_CURVE('',#2293,#2294,#263,.T.);
#2909=EDGE_CURVE('',#2292,#2294,#1329,.T.);
#2910=EDGE_CURVE('',#2295,#2291,#264,.T.);
#2911=EDGE_CURVE('',#2295,#2296,#1330,.T.);
#2912=EDGE_CURVE('',#2296,#2293,#265,.T.);
#2913=EDGE_CURVE('',#2297,#2295,#266,.T.);
#2914=EDGE_CURVE('',#2297,#2298,#1331,.T.);
#2915=EDGE_CURVE('',#2298,#2296,#267,.T.);
#2916=EDGE_CURVE('',#2299,#2297,#268,.T.);
#2917=EDGE_CURVE('',#2299,#2300,#1332,.T.);
#2918=EDGE_CURVE('',#2300,#2298,#269,.T.);
#2919=EDGE_CURVE('',#2301,#2302,#1333,.T.);
#2920=EDGE_CURVE('',#2301,#2300,#1334,.T.);
#2921=EDGE_CURVE('',#2302,#2299,#1335,.T.);
#2922=EDGE_CURVE('',#2303,#2304,#1336,.T.);
#2923=EDGE_CURVE('',#2305,#2303,#1337,.T.);
#2924=EDGE_CURVE('',#2305,#2306,#1338,.T.);
#2925=EDGE_CURVE('',#2306,#2304,#1339,.T.);
#2926=EDGE_CURVE('',#2307,#2305,#270,.T.);
#2927=EDGE_CURVE('',#2307,#2308,#1340,.T.);
#2928=EDGE_CURVE('',#2308,#2306,#271,.T.);
#2929=EDGE_CURVE('',#2309,#2307,#272,.T.);
#2930=EDGE_CURVE('',#2309,#2310,#1341,.T.);
#2931=EDGE_CURVE('',#2310,#2308,#273,.T.);
#2932=EDGE_CURVE('',#2311,#2309,#274,.T.);
#2933=EDGE_CURVE('',#2311,#2312,#1342,.T.);
#2934=EDGE_CURVE('',#2312,#2310,#275,.T.);
#2935=EDGE_CURVE('',#2313,#2311,#276,.T.);
#2936=EDGE_CURVE('',#2313,#2314,#1343,.T.);
#2937=EDGE_CURVE('',#2314,#2312,#277,.T.);
#2938=EDGE_CURVE('',#2292,#2313,#1344,.T.);
#2939=EDGE_CURVE('',#2294,#2314,#1345,.T.);
#2940=EDGE_CURVE('',#2304,#2301,#1346,.T.);
#2941=EDGE_CURVE('',#2315,#2316,#1347,.T.);
#2942=EDGE_CURVE('',#2317,#2315,#1348,.T.);
#2943=EDGE_CURVE('',#2317,#2318,#1349,.T.);
#2944=EDGE_CURVE('',#2318,#2316,#1350,.T.);
#2945=EDGE_CURVE('',#2316,#2319,#1351,.T.);
#2946=EDGE_CURVE('',#2320,#2318,#1352,.T.);
#2947=EDGE_CURVE('',#2321,#2320,#278,.T.);
#2948=EDGE_CURVE('',#2322,#2321,#279,.T.);
#2949=EDGE_CURVE('',#2323,#2322,#280,.T.);
#2950=EDGE_CURVE('',#2324,#2323,#281,.T.);
#2951=EDGE_CURVE('',#2325,#2324,#282,.T.);
#2952=EDGE_CURVE('',#2326,#2325,#283,.T.);
#2953=EDGE_CURVE('',#2327,#2326,#284,.T.);
#2954=EDGE_CURVE('',#2328,#2327,#285,.T.);
#2955=EDGE_CURVE('',#2329,#2328,#1353,.T.);
#2956=EDGE_CURVE('',#2330,#2329,#286,.T.);
#2957=EDGE_CURVE('',#2331,#2330,#287,.T.);
#2958=EDGE_CURVE('',#2319,#2331,#1354,.T.);
#2959=EDGE_CURVE('',#2332,#2333,#288,.T.);
#2960=EDGE_CURVE('',#2334,#2332,#289,.T.);
#2961=EDGE_CURVE('',#2335,#2334,#290,.T.);
#2962=EDGE_CURVE('',#2336,#2335,#1355,.T.);
#2963=EDGE_CURVE('',#2337,#2336,#1356,.T.);
#2964=EDGE_CURVE('',#2338,#2337,#291,.T.);
#2965=EDGE_CURVE('',#2333,#2338,#292,.T.);
#2966=EDGE_CURVE('',#2339,#2340,#293,.T.);
#2967=EDGE_CURVE('',#2339,#2334,#1357,.T.);
#2968=EDGE_CURVE('',#2340,#2332,#1358,.T.);
#2969=EDGE_CURVE('',#2341,#2339,#294,.T.);
#2970=EDGE_CURVE('',#2341,#2335,#1359,.T.);
#2971=EDGE_CURVE('',#2342,#2341,#1360,.T.);
#2972=EDGE_CURVE('',#2342,#2336,#1361,.T.);
#2973=EDGE_CURVE('',#2343,#2342,#1362,.T.);
#2974=EDGE_CURVE('',#2343,#2337,#1363,.T.);
#2975=EDGE_CURVE('',#2344,#2343,#295,.T.);
#2976=EDGE_CURVE('',#2344,#2338,#1364,.T.);
#2977=EDGE_CURVE('',#2345,#2344,#296,.T.);
#2978=EDGE_CURVE('',#2345,#2333,#1365,.T.);
#2979=EDGE_CURVE('',#2340,#2345,#297,.T.);
#2980=EDGE_CURVE('',#2346,#2317,#1366,.T.);
#2981=EDGE_CURVE('',#2346,#2320,#1367,.T.);
#2982=EDGE_CURVE('',#2347,#2346,#298,.T.);
#2983=EDGE_CURVE('',#2347,#2321,#1368,.T.);
#2984=EDGE_CURVE('',#2348,#2347,#299,.T.);
#2985=EDGE_CURVE('',#2348,#2322,#1369,.T.);
#2986=EDGE_CURVE('',#2349,#2348,#300,.T.);
#2987=EDGE_CURVE('',#2349,#2323,#1370,.T.);
#2988=EDGE_CURVE('',#2350,#2349,#301,.T.);
#2989=EDGE_CURVE('',#2350,#2324,#1371,.T.);
#2990=EDGE_CURVE('',#2351,#2350,#302,.T.);
#2991=EDGE_CURVE('',#2351,#2325,#1372,.T.);
#2992=EDGE_CURVE('',#2352,#2351,#303,.T.);
#2993=EDGE_CURVE('',#2352,#2326,#1373,.T.);
#2994=EDGE_CURVE('',#2353,#2352,#304,.T.);
#2995=EDGE_CURVE('',#2353,#2327,#1374,.T.);
#2996=EDGE_CURVE('',#2354,#2353,#305,.T.);
#2997=EDGE_CURVE('',#2354,#2328,#1375,.T.);
#2998=EDGE_CURVE('',#2355,#2354,#1376,.T.);
#2999=EDGE_CURVE('',#2355,#2329,#1377,.T.);
#3000=EDGE_CURVE('',#2356,#2355,#306,.T.);
#3001=EDGE_CURVE('',#2356,#2330,#1378,.T.);
#3002=EDGE_CURVE('',#2357,#2356,#307,.T.);
#3003=EDGE_CURVE('',#2357,#2331,#1379,.T.);
#3004=EDGE_CURVE('',#2319,#2358,#1380,.T.);
#3005=EDGE_CURVE('',#2358,#2357,#1381,.T.);
#3006=EDGE_CURVE('',#2359,#2360,#308,.T.);
#3007=EDGE_CURVE('',#2359,#2361,#309,.T.);
#3008=EDGE_CURVE('',#2362,#2361,#1382,.T.);
#3009=EDGE_CURVE('',#2360,#2362,#310,.T.);
#3010=EDGE_CURVE('',#2363,#2364,#311,.T.);
#3011=EDGE_CURVE('',#2365,#2363,#312,.T.);
#3012=EDGE_CURVE('',#2365,#2366,#1383,.T.);
#3013=EDGE_CURVE('',#2366,#2364,#313,.T.);
#3014=EDGE_CURVE('',#2367,#2359,#1384,.T.);
#3015=EDGE_CURVE('',#2368,#2367,#314,.T.);
#3016=EDGE_CURVE('',#2369,#2368,#315,.T.);
#3017=EDGE_CURVE('',#2370,#2369,#316,.T.);
#3018=EDGE_CURVE('',#2371,#2370,#317,.T.);
#3019=EDGE_CURVE('',#2372,#2371,#318,.T.);
#3020=EDGE_CURVE('',#2373,#2372,#1385,.T.);
#3021=EDGE_CURVE('',#2374,#2373,#319,.T.);
#3022=EDGE_CURVE('',#2375,#2374,#320,.T.);
#3023=EDGE_CURVE('',#2376,#2375,#321,.T.);
#3024=EDGE_CURVE('',#2377,#2376,#322,.T.);
#3025=EDGE_CURVE('',#2378,#2377,#323,.T.);
#3026=EDGE_CURVE('',#2379,#2378,#324,.T.);
#3027=EDGE_CURVE('',#2380,#2379,#325,.T.);
#3028=EDGE_CURVE('',#2381,#2380,#1386,.T.);
#3029=EDGE_CURVE('',#2382,#2381,#326,.T.);
#3030=EDGE_CURVE('',#2383,#2382,#327,.T.);
#3031=EDGE_CURVE('',#2384,#2383,#328,.T.);
#3032=EDGE_CURVE('',#2385,#2384,#329,.T.);
#3033=EDGE_CURVE('',#2386,#2385,#330,.T.);
#3034=EDGE_CURVE('',#2387,#2386,#331,.T.);
#3035=EDGE_CURVE('',#2388,#2387,#332,.T.);
#3036=EDGE_CURVE('',#2389,#2388,#333,.T.);
#3037=EDGE_CURVE('',#2390,#2389,#1387,.T.);
#3038=EDGE_CURVE('',#2391,#2390,#334,.T.);
#3039=EDGE_CURVE('',#2392,#2391,#335,.T.);
#3040=EDGE_CURVE('',#2393,#2392,#336,.T.);
#3041=EDGE_CURVE('',#2394,#2393,#337,.T.);
#3042=EDGE_CURVE('',#2395,#2394,#338,.T.);
#3043=EDGE_CURVE('',#2396,#2395,#339,.T.);
#3044=EDGE_CURVE('',#2397,#2396,#340,.T.);
#3045=EDGE_CURVE('',#2398,#2397,#341,.T.);
#3046=EDGE_CURVE('',#2364,#2398,#1388,.T.);
#3047=EDGE_CURVE('',#2399,#2366,#342,.T.);
#3048=EDGE_CURVE('',#2361,#2399,#343,.T.);
#3049=EDGE_CURVE('',#2400,#2365,#344,.T.);
#3050=EDGE_CURVE('',#2400,#2399,#1389,.T.);
#3051=EDGE_CURVE('',#2362,#2400,#345,.T.);
#3052=EDGE_CURVE('',#2401,#2367,#346,.T.);
#3053=EDGE_CURVE('',#2402,#2401,#347,.T.);
#3054=EDGE_CURVE('',#2402,#2368,#1390,.T.);
#3055=EDGE_CURVE('',#2403,#2402,#348,.T.);
#3056=EDGE_CURVE('',#2403,#2369,#1391,.T.);
#3057=EDGE_CURVE('',#2404,#2403,#349,.T.);
#3058=EDGE_CURVE('',#2404,#2370,#1392,.T.);
#3059=EDGE_CURVE('',#2405,#2404,#350,.T.);
#3060=EDGE_CURVE('',#2405,#2371,#1393,.T.);
#3061=EDGE_CURVE('',#2406,#2405,#351,.T.);
#3062=EDGE_CURVE('',#2406,#2372,#1394,.T.);
#3063=EDGE_CURVE('',#2407,#2406,#1395,.T.);
#3064=EDGE_CURVE('',#2407,#2373,#1396,.T.);
#3065=EDGE_CURVE('',#2408,#2407,#352,.T.);
#3066=EDGE_CURVE('',#2408,#2374,#1397,.T.);
#3067=EDGE_CURVE('',#2409,#2408,#353,.T.);
#3068=EDGE_CURVE('',#2409,#2375,#1398,.T.);
#3069=EDGE_CURVE('',#2410,#2409,#354,.T.);
#3070=EDGE_CURVE('',#2410,#2376,#1399,.T.);
#3071=EDGE_CURVE('',#2411,#2410,#355,.T.);
#3072=EDGE_CURVE('',#2411,#2377,#1400,.T.);
#3073=EDGE_CURVE('',#2412,#2411,#356,.T.);
#3074=EDGE_CURVE('',#2412,#2378,#1401,.T.);
#3075=EDGE_CURVE('',#2413,#2412,#357,.T.);
#3076=EDGE_CURVE('',#2413,#2379,#1402,.T.);
#3077=EDGE_CURVE('',#2414,#2413,#358,.T.);
#3078=EDGE_CURVE('',#2414,#2380,#1403,.T.);
#3079=EDGE_CURVE('',#2415,#2414,#1404,.T.);
#3080=EDGE_CURVE('',#2415,#2381,#1405,.T.);
#3081=EDGE_CURVE('',#2416,#2415,#359,.T.);
#3082=EDGE_CURVE('',#2416,#2382,#1406,.T.);
#3083=EDGE_CURVE('',#2417,#2416,#360,.T.);
#3084=EDGE_CURVE('',#2417,#2383,#1407,.T.);
#3085=EDGE_CURVE('',#2418,#2417,#361,.T.);
#3086=EDGE_CURVE('',#2418,#2384,#1408,.T.);
#3087=EDGE_CURVE('',#2419,#2418,#362,.T.);
#3088=EDGE_CURVE('',#2419,#2385,#1409,.T.);
#3089=EDGE_CURVE('',#2420,#2419,#363,.T.);
#3090=EDGE_CURVE('',#2420,#2386,#1410,.T.);
#3091=EDGE_CURVE('',#2421,#2420,#364,.T.);
#3092=EDGE_CURVE('',#2421,#2387,#1411,.T.);
#3093=EDGE_CURVE('',#2422,#2421,#365,.T.);
#3094=EDGE_CURVE('',#2422,#2388,#1412,.T.);
#3095=EDGE_CURVE('',#2423,#2422,#366,.T.);
#3096=EDGE_CURVE('',#2423,#2389,#1413,.T.);
#3097=EDGE_CURVE('',#2424,#2423,#1414,.T.);
#3098=EDGE_CURVE('',#2424,#2390,#1415,.T.);
#3099=EDGE_CURVE('',#2425,#2424,#367,.T.);
#3100=EDGE_CURVE('',#2425,#2391,#1416,.T.);
#3101=EDGE_CURVE('',#2426,#2425,#368,.T.);
#3102=EDGE_CURVE('',#2426,#2392,#1417,.T.);
#3103=EDGE_CURVE('',#2427,#2426,#369,.T.);
#3104=EDGE_CURVE('',#2427,#2393,#1418,.T.);
#3105=EDGE_CURVE('',#2428,#2427,#370,.T.);
#3106=EDGE_CURVE('',#2428,#2394,#1419,.T.);
#3107=EDGE_CURVE('',#2429,#2428,#371,.T.);
#3108=EDGE_CURVE('',#2429,#2395,#1420,.T.);
#3109=EDGE_CURVE('',#2430,#2429,#372,.T.);
#3110=EDGE_CURVE('',#2430,#2396,#1421,.T.);
#3111=EDGE_CURVE('',#2431,#2430,#373,.T.);
#3112=EDGE_CURVE('',#2431,#2397,#1422,.T.);
#3113=EDGE_CURVE('',#2398,#2432,#374,.T.);
#3114=EDGE_CURVE('',#2432,#2431,#375,.T.);
#3115=EDGE_CURVE('',#2028,#2315,#1423,.T.);
#3116=EDGE_CURVE('',#2358,#2043,#1424,.T.);
#3117=EDGE_CURVE('',#2034,#2037,#1425,.T.);
#3118=EDGE_CURVE('',#2046,#2047,#1426,.T.);
#3119=EDGE_CURVE('',#2062,#2303,#1427,.T.);
#3120=EDGE_CURVE('',#2302,#2080,#1428,.T.);
#3121=EDGE_CURVE('',#2064,#2067,#1429,.T.);
#3122=EDGE_CURVE('',#2090,#2091,#1430,.T.);
#3123=EDGE_CURVE('',#2104,#2095,#1431,.T.);
#3124=EDGE_CURVE('',#2106,#2267,#1432,.T.);
#3125=EDGE_CURVE('',#2246,#2249,#1433,.T.);
#3126=EDGE_CURVE('',#2274,#2107,#1434,.T.);
#3127=EDGE_CURVE('',#2130,#2235,#1435,.T.);
#3128=EDGE_CURVE('',#2212,#2215,#1436,.T.);
#3129=EDGE_CURVE('',#2244,#2147,#1437,.T.);
#3130=EDGE_CURVE('',#2142,#2135,#1438,.T.);
#3131=EDGE_CURVE('',#2132,#2207,#1439,.T.);
#3132=EDGE_CURVE('',#2204,#2185,#1440,.T.);
#3133=EDGE_CURVE('',#2206,#2181,#1441,.T.);
#3134=EDGE_CURVE('',#2172,#2175,#1442,.T.);
#3135=EDGE_CURVE('',#2184,#2279,#1443,.T.);
#3136=EDGE_CURVE('',#2276,#2433,#1444,.T.);
#3137=EDGE_CURVE('',#2433,#2434,#1967,.T.);
#3138=EDGE_CURVE('',#2434,#2435,#1445,.T.);
#3139=EDGE_CURVE('',#2435,#2436,#1446,.T.);
#3140=EDGE_CURVE('',#2436,#2437,#1447,.T.);
#3141=EDGE_CURVE('',#2437,#2438,#1968,.T.);
#3142=EDGE_CURVE('',#2438,#2401,#1448,.T.);
#3143=EDGE_CURVE('',#2360,#2363,#1449,.T.);
#3144=EDGE_CURVE('',#2432,#2029,#1450,.T.);
#3145=EDGE_CURVE('',#2026,#2007,#1451,.T.);
#3146=EDGE_CURVE('',#2439,#2439,#1969,.T.);
#3147=EDGE_CURVE('',#2440,#2440,#1970,.T.);
#3148=EDGE_CURVE('',#2441,#2441,#1971,.T.);
#3149=EDGE_CURVE('',#2441,#2442,#1452,.T.);
#3150=EDGE_CURVE('',#2442,#2442,#1972,.T.);
#3151=EDGE_CURVE('',#2443,#2443,#1973,.T.);
#3152=EDGE_CURVE('',#2443,#2444,#1453,.T.);
#3153=EDGE_CURVE('',#2444,#2444,#1974,.T.);
#3154=EDGE_CURVE('',#2445,#2445,#1975,.T.);
#3155=EDGE_CURVE('',#2445,#2446,#1454,.T.);
#3156=EDGE_CURVE('',#2446,#2446,#1976,.T.);
#3157=EDGE_CURVE('',#2447,#2447,#1977,.T.);
#3158=EDGE_CURVE('',#2447,#2448,#1455,.T.);
#3159=EDGE_CURVE('',#2448,#2448,#1978,.T.);
#3160=EDGE_CURVE('',#2440,#2449,#1456,.T.);
#3161=EDGE_CURVE('',#2449,#2449,#1979,.T.);
#3162=EDGE_CURVE('',#2439,#2450,#1457,.T.);
#3163=EDGE_CURVE('',#2450,#2450,#1980,.T.);
#3164=EDGE_CURVE('',#2451,#2451,#1981,.T.);
#3165=EDGE_CURVE('',#2451,#2452,#1458,.T.);
#3166=EDGE_CURVE('',#2452,#2452,#1982,.T.);
#3167=EDGE_CURVE('',#2453,#2453,#1983,.T.);
#3168=EDGE_CURVE('',#2453,#2454,#1459,.T.);
#3169=EDGE_CURVE('',#2454,#2454,#1984,.T.);
#3170=EDGE_CURVE('',#2455,#2456,#1460,.T.);
#3171=EDGE_CURVE('',#2457,#2455,#1461,.T.);
#3172=EDGE_CURVE('',#2457,#2458,#1462,.T.);
#3173=EDGE_CURVE('',#2456,#2458,#1463,.T.);
#3174=EDGE_CURVE('',#2459,#2435,#1464,.T.);
#3175=EDGE_CURVE('',#2459,#2460,#1465,.T.);
#3176=EDGE_CURVE('',#2436,#2460,#1466,.T.);
#3177=EDGE_CURVE('',#2459,#2458,#1467,.T.);
#3178=EDGE_CURVE('',#2434,#2461,#1468,.T.);
#3179=EDGE_CURVE('',#2462,#2461,#1469,.T.);
#3180=EDGE_CURVE('',#2463,#2462,#1470,.T.);
#3181=EDGE_CURVE('',#2456,#2463,#1471,.T.);
#3182=EDGE_CURVE('',#2457,#2460,#1472,.T.);
#3183=EDGE_CURVE('',#2464,#2465,#1985,.T.);
#3184=EDGE_CURVE('',#2466,#2464,#1473,.T.);
#3185=EDGE_CURVE('',#2467,#2466,#1986,.T.);
#3186=EDGE_CURVE('',#2468,#2467,#1474,.T.);
#3187=EDGE_CURVE('',#2469,#2468,#1987,.T.);
#3188=EDGE_CURVE('',#2470,#2469,#1475,.T.);
#3189=EDGE_CURVE('',#2471,#2470,#1988,.T.);
#3190=EDGE_CURVE('',#2465,#2471,#1476,.T.);
#3191=EDGE_CURVE('',#2463,#2472,#1989,.T.);
#3192=EDGE_CURVE('',#2472,#2473,#1477,.T.);
#3193=EDGE_CURVE('',#2473,#2474,#1990,.T.);
#3194=EDGE_CURVE('',#2474,#2455,#1478,.T.);
#3195=EDGE_CURVE('',#2464,#2475,#1479,.T.);
#3196=EDGE_CURVE('',#2476,#2475,#1480,.T.);
#3197=EDGE_CURVE('',#2466,#2476,#1481,.T.);
#3198=EDGE_CURVE('',#2477,#2476,#1991,.T.);
#3199=EDGE_CURVE('',#2467,#2477,#1482,.T.);
#3200=EDGE_CURVE('',#2478,#2477,#1483,.T.);
#3201=EDGE_CURVE('',#2468,#2478,#1484,.T.);
#3202=EDGE_CURVE('',#2479,#2478,#1992,.T.);
#3203=EDGE_CURVE('',#2469,#2479,#1485,.T.);
#3204=EDGE_CURVE('',#2480,#2479,#1486,.T.);
#3205=EDGE_CURVE('',#2470,#2480,#1487,.T.);
#3206=EDGE_CURVE('',#2481,#2480,#1993,.T.);
#3207=EDGE_CURVE('',#2471,#2481,#1488,.T.);
#3208=EDGE_CURVE('',#2482,#2481,#1489,.T.);
#3209=EDGE_CURVE('',#2465,#2482,#1490,.T.);
#3210=EDGE_CURVE('',#2475,#2482,#1994,.T.);
#3211=EDGE_CURVE('',#2437,#2483,#1491,.T.);
#3212=EDGE_CURVE('',#2484,#2483,#1995,.T.);
#3213=EDGE_CURVE('',#2438,#2484,#1492,.T.);
#3214=EDGE_CURVE('',#2485,#2484,#1493,.T.);
#3215=EDGE_CURVE('',#2433,#2485,#1494,.T.);
#3216=EDGE_CURVE('',#2461,#2485,#1996,.T.);
#3217=EDGE_CURVE('',#2486,#2462,#1997,.T.);
#3218=EDGE_CURVE('',#2472,#2486,#1495,.T.);
#3219=EDGE_CURVE('',#2487,#2486,#1496,.T.);
#3220=EDGE_CURVE('',#2473,#2487,#1497,.T.);
#3221=EDGE_CURVE('',#2488,#2487,#1998,.T.);
#3222=EDGE_CURVE('',#2474,#2488,#1498,.T.);
#3223=EDGE_CURVE('',#2483,#2488,#1499,.T.);
#3224=ORIENTED_EDGE('',*,*,#2489,.F.);
#3225=ORIENTED_EDGE('',*,*,#2490,.T.);
#3226=ORIENTED_EDGE('',*,*,#2491,.T.);
#3227=ORIENTED_EDGE('',*,*,#2490,.F.);
#3228=ORIENTED_EDGE('',*,*,#2491,.F.);
#3229=ORIENTED_EDGE('',*,*,#2492,.F.);
#3230=ORIENTED_EDGE('',*,*,#2493,.T.);
#3231=ORIENTED_EDGE('',*,*,#2494,.T.);
#3232=ORIENTED_EDGE('',*,*,#2493,.F.);
#3233=ORIENTED_EDGE('',*,*,#2494,.F.);
#3234=ORIENTED_EDGE('',*,*,#2495,.F.);
#3235=ORIENTED_EDGE('',*,*,#2496,.T.);
#3236=ORIENTED_EDGE('',*,*,#2497,.T.);
#3237=ORIENTED_EDGE('',*,*,#2496,.F.);
#3238=ORIENTED_EDGE('',*,*,#2497,.F.);
#3239=ORIENTED_EDGE('',*,*,#2498,.F.);
#3240=ORIENTED_EDGE('',*,*,#2499,.T.);
#3241=ORIENTED_EDGE('',*,*,#2500,.T.);
#3242=ORIENTED_EDGE('',*,*,#2499,.F.);
#3243=ORIENTED_EDGE('',*,*,#2500,.F.);
#3244=ORIENTED_EDGE('',*,*,#2501,.F.);
#3245=ORIENTED_EDGE('',*,*,#2502,.F.);
#3246=ORIENTED_EDGE('',*,*,#2503,.T.);
#3247=ORIENTED_EDGE('',*,*,#2504,.T.);
#3248=ORIENTED_EDGE('',*,*,#2505,.F.);
#3249=ORIENTED_EDGE('',*,*,#2506,.F.);
#3250=ORIENTED_EDGE('',*,*,#2507,.F.);
#3251=ORIENTED_EDGE('',*,*,#2508,.F.);
#3252=ORIENTED_EDGE('',*,*,#2509,.F.);
#3253=ORIENTED_EDGE('',*,*,#2510,.F.);
#3254=ORIENTED_EDGE('',*,*,#2511,.F.);
#3255=ORIENTED_EDGE('',*,*,#2512,.F.);
#3256=ORIENTED_EDGE('',*,*,#2513,.F.);
#3257=ORIENTED_EDGE('',*,*,#2514,.F.);
#3258=ORIENTED_EDGE('',*,*,#2504,.F.);
#3259=ORIENTED_EDGE('',*,*,#2515,.F.);
#3260=ORIENTED_EDGE('',*,*,#2516,.F.);
#3261=ORIENTED_EDGE('',*,*,#2517,.F.);
#3262=ORIENTED_EDGE('',*,*,#2518,.T.);
#3263=ORIENTED_EDGE('',*,*,#2510,.T.);
#3264=ORIENTED_EDGE('',*,*,#2519,.F.);
#3265=ORIENTED_EDGE('',*,*,#2520,.F.);
#3266=ORIENTED_EDGE('',*,*,#2521,.T.);
#3267=ORIENTED_EDGE('',*,*,#2511,.T.);
#3268=ORIENTED_EDGE('',*,*,#2518,.F.);
#3269=ORIENTED_EDGE('',*,*,#2522,.F.);
#3270=ORIENTED_EDGE('',*,*,#2523,.T.);
#3271=ORIENTED_EDGE('',*,*,#2512,.T.);
#3272=ORIENTED_EDGE('',*,*,#2521,.F.);
#3273=ORIENTED_EDGE('',*,*,#2524,.F.);
#3274=ORIENTED_EDGE('',*,*,#2513,.T.);
#3275=ORIENTED_EDGE('',*,*,#2523,.F.);
#3276=ORIENTED_EDGE('',*,*,#2525,.F.);
#3277=ORIENTED_EDGE('',*,*,#2526,.F.);
#3278=ORIENTED_EDGE('',*,*,#2527,.T.);
#3279=ORIENTED_EDGE('',*,*,#2515,.T.);
#3280=ORIENTED_EDGE('',*,*,#2503,.F.);
#3281=ORIENTED_EDGE('',*,*,#2528,.F.);
#3282=ORIENTED_EDGE('',*,*,#2516,.T.);
#3283=ORIENTED_EDGE('',*,*,#2527,.F.);
#3284=ORIENTED_EDGE('',*,*,#2529,.F.);
#3285=ORIENTED_EDGE('',*,*,#2530,.F.);
#3286=ORIENTED_EDGE('',*,*,#2531,.F.);
#3287=ORIENTED_EDGE('',*,*,#2532,.T.);
#3288=ORIENTED_EDGE('',*,*,#2506,.T.);
#3289=ORIENTED_EDGE('',*,*,#2533,.F.);
#3290=ORIENTED_EDGE('',*,*,#2534,.T.);
#3291=ORIENTED_EDGE('',*,*,#2507,.T.);
#3292=ORIENTED_EDGE('',*,*,#2532,.F.);
#3293=ORIENTED_EDGE('',*,*,#2535,.F.);
#3294=ORIENTED_EDGE('',*,*,#2536,.T.);
#3295=ORIENTED_EDGE('',*,*,#2508,.T.);
#3296=ORIENTED_EDGE('',*,*,#2534,.F.);
#3297=ORIENTED_EDGE('',*,*,#2537,.F.);
#3298=ORIENTED_EDGE('',*,*,#2519,.T.);
#3299=ORIENTED_EDGE('',*,*,#2509,.T.);
#3300=ORIENTED_EDGE('',*,*,#2536,.F.);
#3301=ORIENTED_EDGE('',*,*,#2538,.F.);
#3302=ORIENTED_EDGE('',*,*,#2539,.T.);
#3303=ORIENTED_EDGE('',*,*,#2540,.F.);
#3304=ORIENTED_EDGE('',*,*,#2541,.F.);
#3305=ORIENTED_EDGE('',*,*,#2542,.F.);
#3306=ORIENTED_EDGE('',*,*,#2543,.F.);
#3307=ORIENTED_EDGE('',*,*,#2540,.T.);
#3308=ORIENTED_EDGE('',*,*,#2544,.T.);
#3309=ORIENTED_EDGE('',*,*,#2545,.F.);
#3310=ORIENTED_EDGE('',*,*,#2546,.F.);
#3311=ORIENTED_EDGE('',*,*,#2547,.F.);
#3312=ORIENTED_EDGE('',*,*,#2548,.F.);
#3313=ORIENTED_EDGE('',*,*,#2549,.F.);
#3314=ORIENTED_EDGE('',*,*,#2544,.F.);
#3315=ORIENTED_EDGE('',*,*,#2539,.F.);
#3316=ORIENTED_EDGE('',*,*,#2550,.F.);
#3317=ORIENTED_EDGE('',*,*,#2551,.F.);
#3318=ORIENTED_EDGE('',*,*,#2552,.T.);
#3319=ORIENTED_EDGE('',*,*,#2546,.T.);
#3320=ORIENTED_EDGE('',*,*,#2553,.F.);
#3321=ORIENTED_EDGE('',*,*,#2554,.T.);
#3322=ORIENTED_EDGE('',*,*,#2547,.T.);
#3323=ORIENTED_EDGE('',*,*,#2552,.F.);
#3324=ORIENTED_EDGE('',*,*,#2555,.F.);
#3325=ORIENTED_EDGE('',*,*,#2548,.T.);
#3326=ORIENTED_EDGE('',*,*,#2554,.F.);
#3327=ORIENTED_EDGE('',*,*,#2556,.F.);
#3328=ORIENTED_EDGE('',*,*,#2557,.F.);
#3329=ORIENTED_EDGE('',*,*,#2558,.F.);
#3330=ORIENTED_EDGE('',*,*,#2559,.T.);
#3331=ORIENTED_EDGE('',*,*,#2560,.T.);
#3332=ORIENTED_EDGE('',*,*,#2561,.F.);
#3333=ORIENTED_EDGE('',*,*,#2560,.F.);
#3334=ORIENTED_EDGE('',*,*,#2562,.F.);
#3335=ORIENTED_EDGE('',*,*,#2563,.F.);
#3336=ORIENTED_EDGE('',*,*,#2564,.F.);
#3337=ORIENTED_EDGE('',*,*,#2565,.F.);
#3338=ORIENTED_EDGE('',*,*,#2566,.F.);
#3339=ORIENTED_EDGE('',*,*,#2567,.F.);
#3340=ORIENTED_EDGE('',*,*,#2568,.F.);
#3341=ORIENTED_EDGE('',*,*,#2569,.T.);
#3342=ORIENTED_EDGE('',*,*,#2562,.T.);
#3343=ORIENTED_EDGE('',*,*,#2559,.F.);
#3344=ORIENTED_EDGE('',*,*,#2570,.F.);
#3345=ORIENTED_EDGE('',*,*,#2571,.T.);
#3346=ORIENTED_EDGE('',*,*,#2563,.T.);
#3347=ORIENTED_EDGE('',*,*,#2569,.F.);
#3348=ORIENTED_EDGE('',*,*,#2572,.F.);
#3349=ORIENTED_EDGE('',*,*,#2573,.T.);
#3350=ORIENTED_EDGE('',*,*,#2564,.T.);
#3351=ORIENTED_EDGE('',*,*,#2571,.F.);
#3352=ORIENTED_EDGE('',*,*,#2574,.F.);
#3353=ORIENTED_EDGE('',*,*,#2575,.T.);
#3354=ORIENTED_EDGE('',*,*,#2565,.T.);
#3355=ORIENTED_EDGE('',*,*,#2573,.F.);
#3356=ORIENTED_EDGE('',*,*,#2576,.F.);
#3357=ORIENTED_EDGE('',*,*,#2577,.T.);
#3358=ORIENTED_EDGE('',*,*,#2566,.T.);
#3359=ORIENTED_EDGE('',*,*,#2575,.F.);
#3360=ORIENTED_EDGE('',*,*,#2578,.F.);
#3361=ORIENTED_EDGE('',*,*,#2567,.T.);
#3362=ORIENTED_EDGE('',*,*,#2577,.F.);
#3363=ORIENTED_EDGE('',*,*,#2579,.F.);
#3364=ORIENTED_EDGE('',*,*,#2580,.F.);
#3365=ORIENTED_EDGE('',*,*,#2581,.T.);
#3366=ORIENTED_EDGE('',*,*,#2582,.F.);
#3367=ORIENTED_EDGE('',*,*,#2583,.F.);
#3368=ORIENTED_EDGE('',*,*,#2584,.F.);
#3369=ORIENTED_EDGE('',*,*,#2585,.F.);
#3370=ORIENTED_EDGE('',*,*,#2582,.T.);
#3371=ORIENTED_EDGE('',*,*,#2586,.T.);
#3372=ORIENTED_EDGE('',*,*,#2587,.F.);
#3373=ORIENTED_EDGE('',*,*,#2588,.F.);
#3374=ORIENTED_EDGE('',*,*,#2589,.F.);
#3375=ORIENTED_EDGE('',*,*,#2590,.F.);
#3376=ORIENTED_EDGE('',*,*,#2591,.F.);
#3377=ORIENTED_EDGE('',*,*,#2592,.F.);
#3378=ORIENTED_EDGE('',*,*,#2593,.F.);
#3379=ORIENTED_EDGE('',*,*,#2594,.F.);
#3380=ORIENTED_EDGE('',*,*,#2595,.F.);
#3381=ORIENTED_EDGE('',*,*,#2596,.F.);
#3382=ORIENTED_EDGE('',*,*,#2597,.F.);
#3383=ORIENTED_EDGE('',*,*,#2598,.F.);
#3384=ORIENTED_EDGE('',*,*,#2586,.F.);
#3385=ORIENTED_EDGE('',*,*,#2581,.F.);
#3386=ORIENTED_EDGE('',*,*,#2599,.F.);
#3387=ORIENTED_EDGE('',*,*,#2600,.F.);
#3388=ORIENTED_EDGE('',*,*,#2601,.T.);
#3389=ORIENTED_EDGE('',*,*,#2588,.T.);
#3390=ORIENTED_EDGE('',*,*,#2602,.F.);
#3391=ORIENTED_EDGE('',*,*,#2603,.T.);
#3392=ORIENTED_EDGE('',*,*,#2589,.T.);
#3393=ORIENTED_EDGE('',*,*,#2601,.F.);
#3394=ORIENTED_EDGE('',*,*,#2604,.F.);
#3395=ORIENTED_EDGE('',*,*,#2605,.T.);
#3396=ORIENTED_EDGE('',*,*,#2590,.T.);
#3397=ORIENTED_EDGE('',*,*,#2603,.F.);
#3398=ORIENTED_EDGE('',*,*,#2606,.F.);
#3399=ORIENTED_EDGE('',*,*,#2607,.T.);
#3400=ORIENTED_EDGE('',*,*,#2591,.T.);
#3401=ORIENTED_EDGE('',*,*,#2605,.F.);
#3402=ORIENTED_EDGE('',*,*,#2608,.F.);
#3403=ORIENTED_EDGE('',*,*,#2609,.T.);
#3404=ORIENTED_EDGE('',*,*,#2592,.T.);
#3405=ORIENTED_EDGE('',*,*,#2607,.F.);
#3406=ORIENTED_EDGE('',*,*,#2610,.F.);
#3407=ORIENTED_EDGE('',*,*,#2611,.T.);
#3408=ORIENTED_EDGE('',*,*,#2593,.T.);
#3409=ORIENTED_EDGE('',*,*,#2609,.F.);
#3410=ORIENTED_EDGE('',*,*,#2612,.F.);
#3411=ORIENTED_EDGE('',*,*,#2613,.T.);
#3412=ORIENTED_EDGE('',*,*,#2594,.T.);
#3413=ORIENTED_EDGE('',*,*,#2611,.F.);
#3414=ORIENTED_EDGE('',*,*,#2614,.F.);
#3415=ORIENTED_EDGE('',*,*,#2615,.T.);
#3416=ORIENTED_EDGE('',*,*,#2595,.T.);
#3417=ORIENTED_EDGE('',*,*,#2613,.F.);
#3418=ORIENTED_EDGE('',*,*,#2616,.F.);
#3419=ORIENTED_EDGE('',*,*,#2617,.T.);
#3420=ORIENTED_EDGE('',*,*,#2596,.T.);
#3421=ORIENTED_EDGE('',*,*,#2615,.F.);
#3422=ORIENTED_EDGE('',*,*,#2618,.F.);
#3423=ORIENTED_EDGE('',*,*,#2597,.T.);
#3424=ORIENTED_EDGE('',*,*,#2617,.F.);
#3425=ORIENTED_EDGE('',*,*,#2619,.F.);
#3426=ORIENTED_EDGE('',*,*,#2620,.F.);
#3427=ORIENTED_EDGE('',*,*,#2621,.F.);
#3428=ORIENTED_EDGE('',*,*,#2622,.T.);
#3429=ORIENTED_EDGE('',*,*,#2623,.T.);
#3430=ORIENTED_EDGE('',*,*,#2624,.F.);
#3431=ORIENTED_EDGE('',*,*,#2625,.F.);
#3432=ORIENTED_EDGE('',*,*,#2626,.T.);
#3433=ORIENTED_EDGE('',*,*,#2627,.T.);
#3434=ORIENTED_EDGE('',*,*,#2628,.F.);
#3435=ORIENTED_EDGE('',*,*,#2627,.F.);
#3436=ORIENTED_EDGE('',*,*,#2629,.F.);
#3437=ORIENTED_EDGE('',*,*,#2630,.F.);
#3438=ORIENTED_EDGE('',*,*,#2631,.F.);
#3439=ORIENTED_EDGE('',*,*,#2623,.F.);
#3440=ORIENTED_EDGE('',*,*,#2632,.F.);
#3441=ORIENTED_EDGE('',*,*,#2633,.F.);
#3442=ORIENTED_EDGE('',*,*,#2634,.F.);
#3443=ORIENTED_EDGE('',*,*,#2635,.T.);
#3444=ORIENTED_EDGE('',*,*,#2632,.T.);
#3445=ORIENTED_EDGE('',*,*,#2622,.F.);
#3446=ORIENTED_EDGE('',*,*,#2636,.F.);
#3447=ORIENTED_EDGE('',*,*,#2633,.T.);
#3448=ORIENTED_EDGE('',*,*,#2635,.F.);
#3449=ORIENTED_EDGE('',*,*,#2637,.F.);
#3450=ORIENTED_EDGE('',*,*,#2638,.F.);
#3451=ORIENTED_EDGE('',*,*,#2639,.T.);
#3452=ORIENTED_EDGE('',*,*,#2629,.T.);
#3453=ORIENTED_EDGE('',*,*,#2626,.F.);
#3454=ORIENTED_EDGE('',*,*,#2640,.F.);
#3455=ORIENTED_EDGE('',*,*,#2630,.T.);
#3456=ORIENTED_EDGE('',*,*,#2639,.F.);
#3457=ORIENTED_EDGE('',*,*,#2641,.F.);
#3458=ORIENTED_EDGE('',*,*,#2642,.F.);
#3459=ORIENTED_EDGE('',*,*,#2643,.F.);
#3460=ORIENTED_EDGE('',*,*,#2644,.T.);
#3461=ORIENTED_EDGE('',*,*,#2645,.T.);
#3462=ORIENTED_EDGE('',*,*,#2646,.F.);
#3463=ORIENTED_EDGE('',*,*,#2645,.F.);
#3464=ORIENTED_EDGE('',*,*,#2647,.F.);
#3465=ORIENTED_EDGE('',*,*,#2648,.F.);
#3466=ORIENTED_EDGE('',*,*,#2649,.F.);
#3467=ORIENTED_EDGE('',*,*,#2650,.F.);
#3468=ORIENTED_EDGE('',*,*,#2651,.F.);
#3469=ORIENTED_EDGE('',*,*,#2652,.F.);
#3470=ORIENTED_EDGE('',*,*,#2653,.F.);
#3471=ORIENTED_EDGE('',*,*,#2654,.F.);
#3472=ORIENTED_EDGE('',*,*,#2655,.F.);
#3473=ORIENTED_EDGE('',*,*,#2656,.F.);
#3474=ORIENTED_EDGE('',*,*,#2657,.F.);
#3475=ORIENTED_EDGE('',*,*,#2658,.T.);
#3476=ORIENTED_EDGE('',*,*,#2647,.T.);
#3477=ORIENTED_EDGE('',*,*,#2644,.F.);
#3478=ORIENTED_EDGE('',*,*,#2659,.F.);
#3479=ORIENTED_EDGE('',*,*,#2660,.T.);
#3480=ORIENTED_EDGE('',*,*,#2648,.T.);
#3481=ORIENTED_EDGE('',*,*,#2658,.F.);
#3482=ORIENTED_EDGE('',*,*,#2661,.F.);
#3483=ORIENTED_EDGE('',*,*,#2662,.T.);
#3484=ORIENTED_EDGE('',*,*,#2649,.T.);
#3485=ORIENTED_EDGE('',*,*,#2660,.F.);
#3486=ORIENTED_EDGE('',*,*,#2663,.F.);
#3487=ORIENTED_EDGE('',*,*,#2664,.T.);
#3488=ORIENTED_EDGE('',*,*,#2650,.T.);
#3489=ORIENTED_EDGE('',*,*,#2662,.F.);
#3490=ORIENTED_EDGE('',*,*,#2665,.F.);
#3491=ORIENTED_EDGE('',*,*,#2666,.T.);
#3492=ORIENTED_EDGE('',*,*,#2651,.T.);
#3493=ORIENTED_EDGE('',*,*,#2664,.F.);
#3494=ORIENTED_EDGE('',*,*,#2667,.F.);
#3495=ORIENTED_EDGE('',*,*,#2668,.T.);
#3496=ORIENTED_EDGE('',*,*,#2652,.T.);
#3497=ORIENTED_EDGE('',*,*,#2666,.F.);
#3498=ORIENTED_EDGE('',*,*,#2669,.F.);
#3499=ORIENTED_EDGE('',*,*,#2670,.T.);
#3500=ORIENTED_EDGE('',*,*,#2653,.T.);
#3501=ORIENTED_EDGE('',*,*,#2668,.F.);
#3502=ORIENTED_EDGE('',*,*,#2671,.F.);
#3503=ORIENTED_EDGE('',*,*,#2672,.T.);
#3504=ORIENTED_EDGE('',*,*,#2654,.T.);
#3505=ORIENTED_EDGE('',*,*,#2670,.F.);
#3506=ORIENTED_EDGE('',*,*,#2673,.F.);
#3507=ORIENTED_EDGE('',*,*,#2674,.T.);
#3508=ORIENTED_EDGE('',*,*,#2655,.T.);
#3509=ORIENTED_EDGE('',*,*,#2672,.F.);
#3510=ORIENTED_EDGE('',*,*,#2675,.F.);
#3511=ORIENTED_EDGE('',*,*,#2656,.T.);
#3512=ORIENTED_EDGE('',*,*,#2674,.F.);
#3513=ORIENTED_EDGE('',*,*,#2676,.F.);
#3514=ORIENTED_EDGE('',*,*,#2677,.F.);
#3515=ORIENTED_EDGE('',*,*,#2678,.T.);
#3516=ORIENTED_EDGE('',*,*,#2679,.F.);
#3517=ORIENTED_EDGE('',*,*,#2680,.F.);
#3518=ORIENTED_EDGE('',*,*,#2681,.F.);
#3519=ORIENTED_EDGE('',*,*,#2682,.F.);
#3520=ORIENTED_EDGE('',*,*,#2683,.T.);
#3521=ORIENTED_EDGE('',*,*,#2684,.T.);
#3522=ORIENTED_EDGE('',*,*,#2685,.F.);
#3523=ORIENTED_EDGE('',*,*,#2686,.T.);
#3524=ORIENTED_EDGE('',*,*,#2687,.T.);
#3525=ORIENTED_EDGE('',*,*,#2683,.F.);
#3526=ORIENTED_EDGE('',*,*,#2688,.F.);
#3527=ORIENTED_EDGE('',*,*,#2689,.T.);
#3528=ORIENTED_EDGE('',*,*,#2686,.F.);
#3529=ORIENTED_EDGE('',*,*,#2690,.F.);
#3530=ORIENTED_EDGE('',*,*,#2691,.F.);
#3531=ORIENTED_EDGE('',*,*,#2692,.T.);
#3532=ORIENTED_EDGE('',*,*,#2693,.T.);
#3533=ORIENTED_EDGE('',*,*,#2694,.F.);
#3534=ORIENTED_EDGE('',*,*,#2695,.F.);
#3535=ORIENTED_EDGE('',*,*,#2679,.T.);
#3536=ORIENTED_EDGE('',*,*,#2696,.T.);
#3537=ORIENTED_EDGE('',*,*,#2692,.F.);
#3538=ORIENTED_EDGE('',*,*,#2697,.F.);
#3539=ORIENTED_EDGE('',*,*,#2698,.F.);
#3540=ORIENTED_EDGE('',*,*,#2699,.T.);
#3541=ORIENTED_EDGE('',*,*,#2700,.T.);
#3542=ORIENTED_EDGE('',*,*,#2701,.F.);
#3543=ORIENTED_EDGE('',*,*,#2702,.T.);
#3544=ORIENTED_EDGE('',*,*,#2703,.T.);
#3545=ORIENTED_EDGE('',*,*,#2699,.F.);
#3546=ORIENTED_EDGE('',*,*,#2704,.F.);
#3547=ORIENTED_EDGE('',*,*,#2705,.T.);
#3548=ORIENTED_EDGE('',*,*,#2706,.T.);
#3549=ORIENTED_EDGE('',*,*,#2702,.F.);
#3550=ORIENTED_EDGE('',*,*,#2707,.F.);
#3551=ORIENTED_EDGE('',*,*,#2708,.T.);
#3552=ORIENTED_EDGE('',*,*,#2709,.T.);
#3553=ORIENTED_EDGE('',*,*,#2705,.F.);
#3554=ORIENTED_EDGE('',*,*,#2710,.F.);
#3555=ORIENTED_EDGE('',*,*,#2711,.T.);
#3556=ORIENTED_EDGE('',*,*,#2712,.T.);
#3557=ORIENTED_EDGE('',*,*,#2708,.F.);
#3558=ORIENTED_EDGE('',*,*,#2713,.F.);
#3559=ORIENTED_EDGE('',*,*,#2714,.T.);
#3560=ORIENTED_EDGE('',*,*,#2715,.T.);
#3561=ORIENTED_EDGE('',*,*,#2711,.F.);
#3562=ORIENTED_EDGE('',*,*,#2716,.F.);
#3563=ORIENTED_EDGE('',*,*,#2717,.T.);
#3564=ORIENTED_EDGE('',*,*,#2718,.T.);
#3565=ORIENTED_EDGE('',*,*,#2714,.F.);
#3566=ORIENTED_EDGE('',*,*,#2719,.F.);
#3567=ORIENTED_EDGE('',*,*,#2720,.T.);
#3568=ORIENTED_EDGE('',*,*,#2721,.T.);
#3569=ORIENTED_EDGE('',*,*,#2717,.F.);
#3570=ORIENTED_EDGE('',*,*,#2722,.F.);
#3571=ORIENTED_EDGE('',*,*,#2723,.T.);
#3572=ORIENTED_EDGE('',*,*,#2724,.T.);
#3573=ORIENTED_EDGE('',*,*,#2720,.F.);
#3574=ORIENTED_EDGE('',*,*,#2725,.F.);
#3575=ORIENTED_EDGE('',*,*,#2726,.T.);
#3576=ORIENTED_EDGE('',*,*,#2727,.T.);
#3577=ORIENTED_EDGE('',*,*,#2723,.F.);
#3578=ORIENTED_EDGE('',*,*,#2728,.F.);
#3579=ORIENTED_EDGE('',*,*,#2729,.T.);
#3580=ORIENTED_EDGE('',*,*,#2730,.T.);
#3581=ORIENTED_EDGE('',*,*,#2726,.F.);
#3582=ORIENTED_EDGE('',*,*,#2731,.F.);
#3583=ORIENTED_EDGE('',*,*,#2694,.T.);
#3584=ORIENTED_EDGE('',*,*,#2732,.T.);
#3585=ORIENTED_EDGE('',*,*,#2729,.F.);
#3586=ORIENTED_EDGE('',*,*,#2733,.F.);
#3587=ORIENTED_EDGE('',*,*,#2684,.F.);
#3588=ORIENTED_EDGE('',*,*,#2687,.F.);
#3589=ORIENTED_EDGE('',*,*,#2689,.F.);
#3590=ORIENTED_EDGE('',*,*,#2734,.F.);
#3591=ORIENTED_EDGE('',*,*,#2700,.F.);
#3592=ORIENTED_EDGE('',*,*,#2703,.F.);
#3593=ORIENTED_EDGE('',*,*,#2706,.F.);
#3594=ORIENTED_EDGE('',*,*,#2709,.F.);
#3595=ORIENTED_EDGE('',*,*,#2712,.F.);
#3596=ORIENTED_EDGE('',*,*,#2715,.F.);
#3597=ORIENTED_EDGE('',*,*,#2718,.F.);
#3598=ORIENTED_EDGE('',*,*,#2721,.F.);
#3599=ORIENTED_EDGE('',*,*,#2724,.F.);
#3600=ORIENTED_EDGE('',*,*,#2727,.F.);
#3601=ORIENTED_EDGE('',*,*,#2730,.F.);
#3602=ORIENTED_EDGE('',*,*,#2732,.F.);
#3603=ORIENTED_EDGE('',*,*,#2693,.F.);
#3604=ORIENTED_EDGE('',*,*,#2696,.F.);
#3605=ORIENTED_EDGE('',*,*,#2678,.F.);
#3606=ORIENTED_EDGE('',*,*,#2735,.F.);
#3607=ORIENTED_EDGE('',*,*,#2736,.T.);
#3608=ORIENTED_EDGE('',*,*,#2737,.F.);
#3609=ORIENTED_EDGE('',*,*,#2738,.F.);
#3610=ORIENTED_EDGE('',*,*,#2739,.F.);
#3611=ORIENTED_EDGE('',*,*,#2740,.F.);
#3612=ORIENTED_EDGE('',*,*,#2737,.T.);
#3613=ORIENTED_EDGE('',*,*,#2741,.T.);
#3614=ORIENTED_EDGE('',*,*,#2742,.F.);
#3615=ORIENTED_EDGE('',*,*,#2743,.F.);
#3616=ORIENTED_EDGE('',*,*,#2744,.F.);
#3617=ORIENTED_EDGE('',*,*,#2745,.F.);
#3618=ORIENTED_EDGE('',*,*,#2746,.F.);
#3619=ORIENTED_EDGE('',*,*,#2741,.F.);
#3620=ORIENTED_EDGE('',*,*,#2736,.F.);
#3621=ORIENTED_EDGE('',*,*,#2747,.F.);
#3622=ORIENTED_EDGE('',*,*,#2748,.F.);
#3623=ORIENTED_EDGE('',*,*,#2749,.T.);
#3624=ORIENTED_EDGE('',*,*,#2743,.T.);
#3625=ORIENTED_EDGE('',*,*,#2750,.F.);
#3626=ORIENTED_EDGE('',*,*,#2751,.T.);
#3627=ORIENTED_EDGE('',*,*,#2744,.T.);
#3628=ORIENTED_EDGE('',*,*,#2749,.F.);
#3629=ORIENTED_EDGE('',*,*,#2752,.F.);
#3630=ORIENTED_EDGE('',*,*,#2745,.T.);
#3631=ORIENTED_EDGE('',*,*,#2751,.F.);
#3632=ORIENTED_EDGE('',*,*,#2753,.F.);
#3633=ORIENTED_EDGE('',*,*,#2754,.F.);
#3634=ORIENTED_EDGE('',*,*,#2755,.F.);
#3635=ORIENTED_EDGE('',*,*,#2756,.T.);
#3636=ORIENTED_EDGE('',*,*,#2757,.T.);
#3637=ORIENTED_EDGE('',*,*,#2758,.F.);
#3638=ORIENTED_EDGE('',*,*,#2759,.F.);
#3639=ORIENTED_EDGE('',*,*,#2760,.F.);
#3640=ORIENTED_EDGE('',*,*,#2761,.F.);
#3641=ORIENTED_EDGE('',*,*,#2762,.F.);
#3642=ORIENTED_EDGE('',*,*,#2763,.F.);
#3643=ORIENTED_EDGE('',*,*,#2764,.F.);
#3644=ORIENTED_EDGE('',*,*,#2765,.F.);
#3645=ORIENTED_EDGE('',*,*,#2766,.F.);
#3646=ORIENTED_EDGE('',*,*,#2767,.F.);
#3647=ORIENTED_EDGE('',*,*,#2757,.F.);
#3648=ORIENTED_EDGE('',*,*,#2768,.F.);
#3649=ORIENTED_EDGE('',*,*,#2769,.F.);
#3650=ORIENTED_EDGE('',*,*,#2770,.F.);
#3651=ORIENTED_EDGE('',*,*,#2771,.T.);
#3652=ORIENTED_EDGE('',*,*,#2763,.T.);
#3653=ORIENTED_EDGE('',*,*,#2772,.F.);
#3654=ORIENTED_EDGE('',*,*,#2773,.F.);
#3655=ORIENTED_EDGE('',*,*,#2774,.T.);
#3656=ORIENTED_EDGE('',*,*,#2764,.T.);
#3657=ORIENTED_EDGE('',*,*,#2771,.F.);
#3658=ORIENTED_EDGE('',*,*,#2775,.F.);
#3659=ORIENTED_EDGE('',*,*,#2776,.T.);
#3660=ORIENTED_EDGE('',*,*,#2765,.T.);
#3661=ORIENTED_EDGE('',*,*,#2774,.F.);
#3662=ORIENTED_EDGE('',*,*,#2777,.F.);
#3663=ORIENTED_EDGE('',*,*,#2766,.T.);
#3664=ORIENTED_EDGE('',*,*,#2776,.F.);
#3665=ORIENTED_EDGE('',*,*,#2778,.F.);
#3666=ORIENTED_EDGE('',*,*,#2779,.F.);
#3667=ORIENTED_EDGE('',*,*,#2780,.T.);
#3668=ORIENTED_EDGE('',*,*,#2768,.T.);
#3669=ORIENTED_EDGE('',*,*,#2756,.F.);
#3670=ORIENTED_EDGE('',*,*,#2781,.F.);
#3671=ORIENTED_EDGE('',*,*,#2769,.T.);
#3672=ORIENTED_EDGE('',*,*,#2780,.F.);
#3673=ORIENTED_EDGE('',*,*,#2782,.F.);
#3674=ORIENTED_EDGE('',*,*,#2783,.F.);
#3675=ORIENTED_EDGE('',*,*,#2784,.F.);
#3676=ORIENTED_EDGE('',*,*,#2785,.T.);
#3677=ORIENTED_EDGE('',*,*,#2759,.T.);
#3678=ORIENTED_EDGE('',*,*,#2786,.F.);
#3679=ORIENTED_EDGE('',*,*,#2787,.T.);
#3680=ORIENTED_EDGE('',*,*,#2760,.T.);
#3681=ORIENTED_EDGE('',*,*,#2785,.F.);
#3682=ORIENTED_EDGE('',*,*,#2788,.F.);
#3683=ORIENTED_EDGE('',*,*,#2789,.T.);
#3684=ORIENTED_EDGE('',*,*,#2761,.T.);
#3685=ORIENTED_EDGE('',*,*,#2787,.F.);
#3686=ORIENTED_EDGE('',*,*,#2790,.F.);
#3687=ORIENTED_EDGE('',*,*,#2772,.T.);
#3688=ORIENTED_EDGE('',*,*,#2762,.T.);
#3689=ORIENTED_EDGE('',*,*,#2789,.F.);
#3690=ORIENTED_EDGE('',*,*,#2791,.F.);
#3691=ORIENTED_EDGE('',*,*,#2792,.T.);
#3692=ORIENTED_EDGE('',*,*,#2793,.F.);
#3693=ORIENTED_EDGE('',*,*,#2794,.F.);
#3694=ORIENTED_EDGE('',*,*,#2795,.F.);
#3695=ORIENTED_EDGE('',*,*,#2796,.F.);
#3696=ORIENTED_EDGE('',*,*,#2797,.T.);
#3697=ORIENTED_EDGE('',*,*,#2798,.T.);
#3698=ORIENTED_EDGE('',*,*,#2799,.F.);
#3699=ORIENTED_EDGE('',*,*,#2800,.F.);
#3700=ORIENTED_EDGE('',*,*,#2801,.F.);
#3701=ORIENTED_EDGE('',*,*,#2802,.F.);
#3702=ORIENTED_EDGE('',*,*,#2803,.F.);
#3703=ORIENTED_EDGE('',*,*,#2804,.F.);
#3704=ORIENTED_EDGE('',*,*,#2805,.F.);
#3705=ORIENTED_EDGE('',*,*,#2806,.F.);
#3706=ORIENTED_EDGE('',*,*,#2807,.F.);
#3707=ORIENTED_EDGE('',*,*,#2808,.F.);
#3708=ORIENTED_EDGE('',*,*,#2809,.F.);
#3709=ORIENTED_EDGE('',*,*,#2798,.F.);
#3710=ORIENTED_EDGE('',*,*,#2810,.F.);
#3711=ORIENTED_EDGE('',*,*,#2811,.F.);
#3712=ORIENTED_EDGE('',*,*,#2812,.F.);
#3713=ORIENTED_EDGE('',*,*,#2813,.F.);
#3714=ORIENTED_EDGE('',*,*,#2792,.F.);
#3715=ORIENTED_EDGE('',*,*,#2814,.F.);
#3716=ORIENTED_EDGE('',*,*,#2815,.T.);
#3717=ORIENTED_EDGE('',*,*,#2810,.T.);
#3718=ORIENTED_EDGE('',*,*,#2797,.F.);
#3719=ORIENTED_EDGE('',*,*,#2816,.F.);
#3720=ORIENTED_EDGE('',*,*,#2817,.T.);
#3721=ORIENTED_EDGE('',*,*,#2811,.T.);
#3722=ORIENTED_EDGE('',*,*,#2815,.F.);
#3723=ORIENTED_EDGE('',*,*,#2818,.F.);
#3724=ORIENTED_EDGE('',*,*,#2819,.T.);
#3725=ORIENTED_EDGE('',*,*,#2812,.T.);
#3726=ORIENTED_EDGE('',*,*,#2817,.F.);
#3727=ORIENTED_EDGE('',*,*,#2820,.F.);
#3728=ORIENTED_EDGE('',*,*,#2793,.T.);
#3729=ORIENTED_EDGE('',*,*,#2813,.T.);
#3730=ORIENTED_EDGE('',*,*,#2819,.F.);
#3731=ORIENTED_EDGE('',*,*,#2821,.F.);
#3732=ORIENTED_EDGE('',*,*,#2822,.F.);
#3733=ORIENTED_EDGE('',*,*,#2823,.T.);
#3734=ORIENTED_EDGE('',*,*,#2800,.T.);
#3735=ORIENTED_EDGE('',*,*,#2824,.F.);
#3736=ORIENTED_EDGE('',*,*,#2825,.T.);
#3737=ORIENTED_EDGE('',*,*,#2801,.T.);
#3738=ORIENTED_EDGE('',*,*,#2823,.F.);
#3739=ORIENTED_EDGE('',*,*,#2826,.F.);
#3740=ORIENTED_EDGE('',*,*,#2827,.T.);
#3741=ORIENTED_EDGE('',*,*,#2802,.T.);
#3742=ORIENTED_EDGE('',*,*,#2825,.F.);
#3743=ORIENTED_EDGE('',*,*,#2828,.F.);
#3744=ORIENTED_EDGE('',*,*,#2829,.T.);
#3745=ORIENTED_EDGE('',*,*,#2803,.T.);
#3746=ORIENTED_EDGE('',*,*,#2827,.F.);
#3747=ORIENTED_EDGE('',*,*,#2830,.F.);
#3748=ORIENTED_EDGE('',*,*,#2831,.T.);
#3749=ORIENTED_EDGE('',*,*,#2804,.T.);
#3750=ORIENTED_EDGE('',*,*,#2829,.F.);
#3751=ORIENTED_EDGE('',*,*,#2832,.F.);
#3752=ORIENTED_EDGE('',*,*,#2833,.T.);
#3753=ORIENTED_EDGE('',*,*,#2805,.T.);
#3754=ORIENTED_EDGE('',*,*,#2831,.F.);
#3755=ORIENTED_EDGE('',*,*,#2834,.F.);
#3756=ORIENTED_EDGE('',*,*,#2835,.T.);
#3757=ORIENTED_EDGE('',*,*,#2806,.T.);
#3758=ORIENTED_EDGE('',*,*,#2833,.F.);
#3759=ORIENTED_EDGE('',*,*,#2836,.F.);
#3760=ORIENTED_EDGE('',*,*,#2837,.T.);
#3761=ORIENTED_EDGE('',*,*,#2807,.T.);
#3762=ORIENTED_EDGE('',*,*,#2835,.F.);
#3763=ORIENTED_EDGE('',*,*,#2838,.F.);
#3764=ORIENTED_EDGE('',*,*,#2808,.T.);
#3765=ORIENTED_EDGE('',*,*,#2837,.F.);
#3766=ORIENTED_EDGE('',*,*,#2839,.F.);
#3767=ORIENTED_EDGE('',*,*,#2840,.F.);
#3768=ORIENTED_EDGE('',*,*,#2841,.T.);
#3769=ORIENTED_EDGE('',*,*,#2842,.F.);
#3770=ORIENTED_EDGE('',*,*,#2843,.F.);
#3771=ORIENTED_EDGE('',*,*,#2844,.F.);
#3772=ORIENTED_EDGE('',*,*,#2845,.F.);
#3773=ORIENTED_EDGE('',*,*,#2846,.T.);
#3774=ORIENTED_EDGE('',*,*,#2847,.T.);
#3775=ORIENTED_EDGE('',*,*,#2848,.F.);
#3776=ORIENTED_EDGE('',*,*,#2849,.F.);
#3777=ORIENTED_EDGE('',*,*,#2850,.F.);
#3778=ORIENTED_EDGE('',*,*,#2851,.F.);
#3779=ORIENTED_EDGE('',*,*,#2852,.F.);
#3780=ORIENTED_EDGE('',*,*,#2853,.F.);
#3781=ORIENTED_EDGE('',*,*,#2854,.F.);
#3782=ORIENTED_EDGE('',*,*,#2855,.F.);
#3783=ORIENTED_EDGE('',*,*,#2856,.F.);
#3784=ORIENTED_EDGE('',*,*,#2847,.F.);
#3785=ORIENTED_EDGE('',*,*,#2857,.F.);
#3786=ORIENTED_EDGE('',*,*,#2858,.F.);
#3787=ORIENTED_EDGE('',*,*,#2859,.F.);
#3788=ORIENTED_EDGE('',*,*,#2860,.F.);
#3789=ORIENTED_EDGE('',*,*,#2841,.F.);
#3790=ORIENTED_EDGE('',*,*,#2861,.F.);
#3791=ORIENTED_EDGE('',*,*,#2862,.T.);
#3792=ORIENTED_EDGE('',*,*,#2857,.T.);
#3793=ORIENTED_EDGE('',*,*,#2846,.F.);
#3794=ORIENTED_EDGE('',*,*,#2863,.F.);
#3795=ORIENTED_EDGE('',*,*,#2864,.T.);
#3796=ORIENTED_EDGE('',*,*,#2858,.T.);
#3797=ORIENTED_EDGE('',*,*,#2862,.F.);
#3798=ORIENTED_EDGE('',*,*,#2865,.F.);
#3799=ORIENTED_EDGE('',*,*,#2866,.T.);
#3800=ORIENTED_EDGE('',*,*,#2859,.T.);
#3801=ORIENTED_EDGE('',*,*,#2864,.F.);
#3802=ORIENTED_EDGE('',*,*,#2867,.F.);
#3803=ORIENTED_EDGE('',*,*,#2842,.T.);
#3804=ORIENTED_EDGE('',*,*,#2860,.T.);
#3805=ORIENTED_EDGE('',*,*,#2866,.F.);
#3806=ORIENTED_EDGE('',*,*,#2868,.F.);
#3807=ORIENTED_EDGE('',*,*,#2869,.F.);
#3808=ORIENTED_EDGE('',*,*,#2870,.T.);
#3809=ORIENTED_EDGE('',*,*,#2849,.T.);
#3810=ORIENTED_EDGE('',*,*,#2871,.F.);
#3811=ORIENTED_EDGE('',*,*,#2872,.T.);
#3812=ORIENTED_EDGE('',*,*,#2850,.T.);
#3813=ORIENTED_EDGE('',*,*,#2870,.F.);
#3814=ORIENTED_EDGE('',*,*,#2873,.F.);
#3815=ORIENTED_EDGE('',*,*,#2874,.T.);
#3816=ORIENTED_EDGE('',*,*,#2851,.T.);
#3817=ORIENTED_EDGE('',*,*,#2872,.F.);
#3818=ORIENTED_EDGE('',*,*,#2875,.F.);
#3819=ORIENTED_EDGE('',*,*,#2876,.T.);
#3820=ORIENTED_EDGE('',*,*,#2852,.T.);
#3821=ORIENTED_EDGE('',*,*,#2874,.F.);
#3822=ORIENTED_EDGE('',*,*,#2877,.F.);
#3823=ORIENTED_EDGE('',*,*,#2878,.T.);
#3824=ORIENTED_EDGE('',*,*,#2853,.T.);
#3825=ORIENTED_EDGE('',*,*,#2876,.F.);
#3826=ORIENTED_EDGE('',*,*,#2879,.F.);
#3827=ORIENTED_EDGE('',*,*,#2880,.T.);
#3828=ORIENTED_EDGE('',*,*,#2854,.T.);
#3829=ORIENTED_EDGE('',*,*,#2878,.F.);
#3830=ORIENTED_EDGE('',*,*,#2881,.F.);
#3831=ORIENTED_EDGE('',*,*,#2855,.T.);
#3832=ORIENTED_EDGE('',*,*,#2880,.F.);
#3833=ORIENTED_EDGE('',*,*,#2882,.F.);
#3834=ORIENTED_EDGE('',*,*,#2883,.F.);
#3835=ORIENTED_EDGE('',*,*,#2884,.T.);
#3836=ORIENTED_EDGE('',*,*,#2885,.F.);
#3837=ORIENTED_EDGE('',*,*,#2886,.F.);
#3838=ORIENTED_EDGE('',*,*,#2887,.F.);
#3839=ORIENTED_EDGE('',*,*,#2888,.F.);
#3840=ORIENTED_EDGE('',*,*,#2889,.T.);
#3841=ORIENTED_EDGE('',*,*,#2890,.T.);
#3842=ORIENTED_EDGE('',*,*,#2891,.F.);
#3843=ORIENTED_EDGE('',*,*,#2892,.T.);
#3844=ORIENTED_EDGE('',*,*,#2893,.T.);
#3845=ORIENTED_EDGE('',*,*,#2889,.F.);
#3846=ORIENTED_EDGE('',*,*,#2894,.F.);
#3847=ORIENTED_EDGE('',*,*,#2895,.T.);
#3848=ORIENTED_EDGE('',*,*,#2896,.T.);
#3849=ORIENTED_EDGE('',*,*,#2892,.F.);
#3850=ORIENTED_EDGE('',*,*,#2897,.F.);
#3851=ORIENTED_EDGE('',*,*,#2898,.T.);
#3852=ORIENTED_EDGE('',*,*,#2899,.T.);
#3853=ORIENTED_EDGE('',*,*,#2895,.F.);
#3854=ORIENTED_EDGE('',*,*,#2900,.F.);
#3855=ORIENTED_EDGE('',*,*,#2901,.T.);
#3856=ORIENTED_EDGE('',*,*,#2902,.T.);
#3857=ORIENTED_EDGE('',*,*,#2898,.F.);
#3858=ORIENTED_EDGE('',*,*,#2903,.F.);
#3859=ORIENTED_EDGE('',*,*,#2885,.T.);
#3860=ORIENTED_EDGE('',*,*,#2904,.T.);
#3861=ORIENTED_EDGE('',*,*,#2901,.F.);
#3862=ORIENTED_EDGE('',*,*,#2905,.F.);
#3863=ORIENTED_EDGE('',*,*,#2890,.F.);
#3864=ORIENTED_EDGE('',*,*,#2893,.F.);
#3865=ORIENTED_EDGE('',*,*,#2896,.F.);
#3866=ORIENTED_EDGE('',*,*,#2899,.F.);
#3867=ORIENTED_EDGE('',*,*,#2902,.F.);
#3868=ORIENTED_EDGE('',*,*,#2904,.F.);
#3869=ORIENTED_EDGE('',*,*,#2884,.F.);
#3870=ORIENTED_EDGE('',*,*,#2906,.F.);
#3871=ORIENTED_EDGE('',*,*,#2907,.T.);
#3872=ORIENTED_EDGE('',*,*,#2908,.T.);
#3873=ORIENTED_EDGE('',*,*,#2909,.F.);
#3874=ORIENTED_EDGE('',*,*,#2910,.F.);
#3875=ORIENTED_EDGE('',*,*,#2911,.T.);
#3876=ORIENTED_EDGE('',*,*,#2912,.T.);
#3877=ORIENTED_EDGE('',*,*,#2907,.F.);
#3878=ORIENTED_EDGE('',*,*,#2913,.F.);
#3879=ORIENTED_EDGE('',*,*,#2914,.T.);
#3880=ORIENTED_EDGE('',*,*,#2915,.T.);
#3881=ORIENTED_EDGE('',*,*,#2911,.F.);
#3882=ORIENTED_EDGE('',*,*,#2916,.F.);
#3883=ORIENTED_EDGE('',*,*,#2917,.T.);
#3884=ORIENTED_EDGE('',*,*,#2918,.T.);
#3885=ORIENTED_EDGE('',*,*,#2914,.F.);
#3886=ORIENTED_EDGE('',*,*,#2919,.F.);
#3887=ORIENTED_EDGE('',*,*,#2920,.T.);
#3888=ORIENTED_EDGE('',*,*,#2917,.F.);
#3889=ORIENTED_EDGE('',*,*,#2921,.F.);
#3890=ORIENTED_EDGE('',*,*,#2922,.F.);
#3891=ORIENTED_EDGE('',*,*,#2923,.F.);
#3892=ORIENTED_EDGE('',*,*,#2924,.T.);
#3893=ORIENTED_EDGE('',*,*,#2925,.T.);
#3894=ORIENTED_EDGE('',*,*,#2926,.F.);
#3895=ORIENTED_EDGE('',*,*,#2927,.T.);
#3896=ORIENTED_EDGE('',*,*,#2928,.T.);
#3897=ORIENTED_EDGE('',*,*,#2924,.F.);
#3898=ORIENTED_EDGE('',*,*,#2929,.F.);
#3899=ORIENTED_EDGE('',*,*,#2930,.T.);
#3900=ORIENTED_EDGE('',*,*,#2931,.T.);
#3901=ORIENTED_EDGE('',*,*,#2927,.F.);
#3902=ORIENTED_EDGE('',*,*,#2932,.F.);
#3903=ORIENTED_EDGE('',*,*,#2933,.T.);
#3904=ORIENTED_EDGE('',*,*,#2934,.T.);
#3905=ORIENTED_EDGE('',*,*,#2930,.F.);
#3906=ORIENTED_EDGE('',*,*,#2935,.F.);
#3907=ORIENTED_EDGE('',*,*,#2936,.T.);
#3908=ORIENTED_EDGE('',*,*,#2937,.T.);
#3909=ORIENTED_EDGE('',*,*,#2933,.F.);
#3910=ORIENTED_EDGE('',*,*,#2938,.F.);
#3911=ORIENTED_EDGE('',*,*,#2909,.T.);
#3912=ORIENTED_EDGE('',*,*,#2939,.T.);
#3913=ORIENTED_EDGE('',*,*,#2936,.F.);
#3914=ORIENTED_EDGE('',*,*,#2940,.F.);
#3915=ORIENTED_EDGE('',*,*,#2925,.F.);
#3916=ORIENTED_EDGE('',*,*,#2928,.F.);
#3917=ORIENTED_EDGE('',*,*,#2931,.F.);
#3918=ORIENTED_EDGE('',*,*,#2934,.F.);
#3919=ORIENTED_EDGE('',*,*,#2937,.F.);
#3920=ORIENTED_EDGE('',*,*,#2939,.F.);
#3921=ORIENTED_EDGE('',*,*,#2908,.F.);
#3922=ORIENTED_EDGE('',*,*,#2912,.F.);
#3923=ORIENTED_EDGE('',*,*,#2915,.F.);
#3924=ORIENTED_EDGE('',*,*,#2918,.F.);
#3925=ORIENTED_EDGE('',*,*,#2920,.F.);
#3926=ORIENTED_EDGE('',*,*,#2941,.F.);
#3927=ORIENTED_EDGE('',*,*,#2942,.F.);
#3928=ORIENTED_EDGE('',*,*,#2943,.T.);
#3929=ORIENTED_EDGE('',*,*,#2944,.T.);
#3930=ORIENTED_EDGE('',*,*,#2945,.F.);
#3931=ORIENTED_EDGE('',*,*,#2944,.F.);
#3932=ORIENTED_EDGE('',*,*,#2946,.F.);
#3933=ORIENTED_EDGE('',*,*,#2947,.F.);
#3934=ORIENTED_EDGE('',*,*,#2948,.F.);
#3935=ORIENTED_EDGE('',*,*,#2949,.F.);
#3936=ORIENTED_EDGE('',*,*,#2950,.F.);
#3937=ORIENTED_EDGE('',*,*,#2951,.F.);
#3938=ORIENTED_EDGE('',*,*,#2952,.F.);
#3939=ORIENTED_EDGE('',*,*,#2953,.F.);
#3940=ORIENTED_EDGE('',*,*,#2954,.F.);
#3941=ORIENTED_EDGE('',*,*,#2955,.F.);
#3942=ORIENTED_EDGE('',*,*,#2956,.F.);
#3943=ORIENTED_EDGE('',*,*,#2957,.F.);
#3944=ORIENTED_EDGE('',*,*,#2958,.F.);
#3945=ORIENTED_EDGE('',*,*,#2959,.F.);
#3946=ORIENTED_EDGE('',*,*,#2960,.F.);
#3947=ORIENTED_EDGE('',*,*,#2961,.F.);
#3948=ORIENTED_EDGE('',*,*,#2962,.F.);
#3949=ORIENTED_EDGE('',*,*,#2963,.F.);
#3950=ORIENTED_EDGE('',*,*,#2964,.F.);
#3951=ORIENTED_EDGE('',*,*,#2965,.F.);
#3952=ORIENTED_EDGE('',*,*,#2966,.F.);
#3953=ORIENTED_EDGE('',*,*,#2967,.T.);
#3954=ORIENTED_EDGE('',*,*,#2960,.T.);
#3955=ORIENTED_EDGE('',*,*,#2968,.F.);
#3956=ORIENTED_EDGE('',*,*,#2969,.F.);
#3957=ORIENTED_EDGE('',*,*,#2970,.T.);
#3958=ORIENTED_EDGE('',*,*,#2961,.T.);
#3959=ORIENTED_EDGE('',*,*,#2967,.F.);
#3960=ORIENTED_EDGE('',*,*,#2971,.F.);
#3961=ORIENTED_EDGE('',*,*,#2972,.T.);
#3962=ORIENTED_EDGE('',*,*,#2962,.T.);
#3963=ORIENTED_EDGE('',*,*,#2970,.F.);
#3964=ORIENTED_EDGE('',*,*,#2973,.F.);
#3965=ORIENTED_EDGE('',*,*,#2974,.T.);
#3966=ORIENTED_EDGE('',*,*,#2963,.T.);
#3967=ORIENTED_EDGE('',*,*,#2972,.F.);
#3968=ORIENTED_EDGE('',*,*,#2975,.F.);
#3969=ORIENTED_EDGE('',*,*,#2976,.T.);
#3970=ORIENTED_EDGE('',*,*,#2964,.T.);
#3971=ORIENTED_EDGE('',*,*,#2974,.F.);
#3972=ORIENTED_EDGE('',*,*,#2977,.F.);
#3973=ORIENTED_EDGE('',*,*,#2978,.T.);
#3974=ORIENTED_EDGE('',*,*,#2965,.T.);
#3975=ORIENTED_EDGE('',*,*,#2976,.F.);
#3976=ORIENTED_EDGE('',*,*,#2979,.F.);
#3977=ORIENTED_EDGE('',*,*,#2968,.T.);
#3978=ORIENTED_EDGE('',*,*,#2959,.T.);
#3979=ORIENTED_EDGE('',*,*,#2978,.F.);
#3980=ORIENTED_EDGE('',*,*,#2980,.F.);
#3981=ORIENTED_EDGE('',*,*,#2981,.T.);
#3982=ORIENTED_EDGE('',*,*,#2946,.T.);
#3983=ORIENTED_EDGE('',*,*,#2943,.F.);
#3984=ORIENTED_EDGE('',*,*,#2982,.F.);
#3985=ORIENTED_EDGE('',*,*,#2983,.T.);
#3986=ORIENTED_EDGE('',*,*,#2947,.T.);
#3987=ORIENTED_EDGE('',*,*,#2981,.F.);
#3988=ORIENTED_EDGE('',*,*,#2984,.F.);
#3989=ORIENTED_EDGE('',*,*,#2985,.T.);
#3990=ORIENTED_EDGE('',*,*,#2948,.T.);
#3991=ORIENTED_EDGE('',*,*,#2983,.F.);
#3992=ORIENTED_EDGE('',*,*,#2986,.F.);
#3993=ORIENTED_EDGE('',*,*,#2987,.T.);
#3994=ORIENTED_EDGE('',*,*,#2949,.T.);
#3995=ORIENTED_EDGE('',*,*,#2985,.F.);
#3996=ORIENTED_EDGE('',*,*,#2988,.F.);
#3997=ORIENTED_EDGE('',*,*,#2989,.T.);
#3998=ORIENTED_EDGE('',*,*,#2950,.T.);
#3999=ORIENTED_EDGE('',*,*,#2987,.F.);
#4000=ORIENTED_EDGE('',*,*,#2990,.F.);
#4001=ORIENTED_EDGE('',*,*,#2991,.T.);
#4002=ORIENTED_EDGE('',*,*,#2951,.T.);
#4003=ORIENTED_EDGE('',*,*,#2989,.F.);
#4004=ORIENTED_EDGE('',*,*,#2992,.F.);
#4005=ORIENTED_EDGE('',*,*,#2993,.T.);
#4006=ORIENTED_EDGE('',*,*,#2952,.T.);
#4007=ORIENTED_EDGE('',*,*,#2991,.F.);
#4008=ORIENTED_EDGE('',*,*,#2994,.F.);
#4009=ORIENTED_EDGE('',*,*,#2995,.T.);
#4010=ORIENTED_EDGE('',*,*,#2953,.T.);
#4011=ORIENTED_EDGE('',*,*,#2993,.F.);
#4012=ORIENTED_EDGE('',*,*,#2996,.F.);
#4013=ORIENTED_EDGE('',*,*,#2997,.T.);
#4014=ORIENTED_EDGE('',*,*,#2954,.T.);
#4015=ORIENTED_EDGE('',*,*,#2995,.F.);
#4016=ORIENTED_EDGE('',*,*,#2998,.F.);
#4017=ORIENTED_EDGE('',*,*,#2999,.T.);
#4018=ORIENTED_EDGE('',*,*,#2955,.T.);
#4019=ORIENTED_EDGE('',*,*,#2997,.F.);
#4020=ORIENTED_EDGE('',*,*,#3000,.F.);
#4021=ORIENTED_EDGE('',*,*,#3001,.T.);
#4022=ORIENTED_EDGE('',*,*,#2956,.T.);
#4023=ORIENTED_EDGE('',*,*,#2999,.F.);
#4024=ORIENTED_EDGE('',*,*,#3002,.F.);
#4025=ORIENTED_EDGE('',*,*,#3003,.T.);
#4026=ORIENTED_EDGE('',*,*,#2957,.T.);
#4027=ORIENTED_EDGE('',*,*,#3001,.F.);
#4028=ORIENTED_EDGE('',*,*,#3004,.F.);
#4029=ORIENTED_EDGE('',*,*,#2958,.T.);
#4030=ORIENTED_EDGE('',*,*,#3003,.F.);
#4031=ORIENTED_EDGE('',*,*,#3005,.F.);
#4032=ORIENTED_EDGE('',*,*,#3006,.F.);
#4033=ORIENTED_EDGE('',*,*,#3007,.T.);
#4034=ORIENTED_EDGE('',*,*,#3008,.F.);
#4035=ORIENTED_EDGE('',*,*,#3009,.F.);
#4036=ORIENTED_EDGE('',*,*,#3010,.F.);
#4037=ORIENTED_EDGE('',*,*,#3011,.F.);
#4038=ORIENTED_EDGE('',*,*,#3012,.T.);
#4039=ORIENTED_EDGE('',*,*,#3013,.T.);
#4040=ORIENTED_EDGE('',*,*,#3014,.F.);
#4041=ORIENTED_EDGE('',*,*,#3015,.F.);
#4042=ORIENTED_EDGE('',*,*,#3016,.F.);
#4043=ORIENTED_EDGE('',*,*,#3017,.F.);
#4044=ORIENTED_EDGE('',*,*,#3018,.F.);
#4045=ORIENTED_EDGE('',*,*,#3019,.F.);
#4046=ORIENTED_EDGE('',*,*,#3020,.F.);
#4047=ORIENTED_EDGE('',*,*,#3021,.F.);
#4048=ORIENTED_EDGE('',*,*,#3022,.F.);
#4049=ORIENTED_EDGE('',*,*,#3023,.F.);
#4050=ORIENTED_EDGE('',*,*,#3024,.F.);
#4051=ORIENTED_EDGE('',*,*,#3025,.F.);
#4052=ORIENTED_EDGE('',*,*,#3026,.F.);
#4053=ORIENTED_EDGE('',*,*,#3027,.F.);
#4054=ORIENTED_EDGE('',*,*,#3028,.F.);
#4055=ORIENTED_EDGE('',*,*,#3029,.F.);
#4056=ORIENTED_EDGE('',*,*,#3030,.F.);
#4057=ORIENTED_EDGE('',*,*,#3031,.F.);
#4058=ORIENTED_EDGE('',*,*,#3032,.F.);
#4059=ORIENTED_EDGE('',*,*,#3033,.F.);
#4060=ORIENTED_EDGE('',*,*,#3034,.F.);
#4061=ORIENTED_EDGE('',*,*,#3035,.F.);
#4062=ORIENTED_EDGE('',*,*,#3036,.F.);
#4063=ORIENTED_EDGE('',*,*,#3037,.F.);
#4064=ORIENTED_EDGE('',*,*,#3038,.F.);
#4065=ORIENTED_EDGE('',*,*,#3039,.F.);
#4066=ORIENTED_EDGE('',*,*,#3040,.F.);
#4067=ORIENTED_EDGE('',*,*,#3041,.F.);
#4068=ORIENTED_EDGE('',*,*,#3042,.F.);
#4069=ORIENTED_EDGE('',*,*,#3043,.F.);
#4070=ORIENTED_EDGE('',*,*,#3044,.F.);
#4071=ORIENTED_EDGE('',*,*,#3045,.F.);
#4072=ORIENTED_EDGE('',*,*,#3046,.F.);
#4073=ORIENTED_EDGE('',*,*,#3013,.F.);
#4074=ORIENTED_EDGE('',*,*,#3047,.F.);
#4075=ORIENTED_EDGE('',*,*,#3048,.F.);
#4076=ORIENTED_EDGE('',*,*,#3007,.F.);
#4077=ORIENTED_EDGE('',*,*,#3049,.F.);
#4078=ORIENTED_EDGE('',*,*,#3050,.T.);
#4079=ORIENTED_EDGE('',*,*,#3047,.T.);
#4080=ORIENTED_EDGE('',*,*,#3012,.F.);
#4081=ORIENTED_EDGE('',*,*,#3051,.F.);
#4082=ORIENTED_EDGE('',*,*,#3008,.T.);
#4083=ORIENTED_EDGE('',*,*,#3048,.T.);
#4084=ORIENTED_EDGE('',*,*,#3050,.F.);
#4085=ORIENTED_EDGE('',*,*,#3052,.F.);
#4086=ORIENTED_EDGE('',*,*,#3053,.F.);
#4087=ORIENTED_EDGE('',*,*,#3054,.T.);
#4088=ORIENTED_EDGE('',*,*,#3015,.T.);
#4089=ORIENTED_EDGE('',*,*,#3055,.F.);
#4090=ORIENTED_EDGE('',*,*,#3056,.T.);
#4091=ORIENTED_EDGE('',*,*,#3016,.T.);
#4092=ORIENTED_EDGE('',*,*,#3054,.F.);
#4093=ORIENTED_EDGE('',*,*,#3057,.F.);
#4094=ORIENTED_EDGE('',*,*,#3058,.T.);
#4095=ORIENTED_EDGE('',*,*,#3017,.T.);
#4096=ORIENTED_EDGE('',*,*,#3056,.F.);
#4097=ORIENTED_EDGE('',*,*,#3059,.F.);
#4098=ORIENTED_EDGE('',*,*,#3060,.T.);
#4099=ORIENTED_EDGE('',*,*,#3018,.T.);
#4100=ORIENTED_EDGE('',*,*,#3058,.F.);
#4101=ORIENTED_EDGE('',*,*,#3061,.F.);
#4102=ORIENTED_EDGE('',*,*,#3062,.T.);
#4103=ORIENTED_EDGE('',*,*,#3019,.T.);
#4104=ORIENTED_EDGE('',*,*,#3060,.F.);
#4105=ORIENTED_EDGE('',*,*,#3063,.F.);
#4106=ORIENTED_EDGE('',*,*,#3064,.T.);
#4107=ORIENTED_EDGE('',*,*,#3020,.T.);
#4108=ORIENTED_EDGE('',*,*,#3062,.F.);
#4109=ORIENTED_EDGE('',*,*,#3065,.F.);
#4110=ORIENTED_EDGE('',*,*,#3066,.T.);
#4111=ORIENTED_EDGE('',*,*,#3021,.T.);
#4112=ORIENTED_EDGE('',*,*,#3064,.F.);
#4113=ORIENTED_EDGE('',*,*,#3067,.F.);
#4114=ORIENTED_EDGE('',*,*,#3068,.T.);
#4115=ORIENTED_EDGE('',*,*,#3022,.T.);
#4116=ORIENTED_EDGE('',*,*,#3066,.F.);
#4117=ORIENTED_EDGE('',*,*,#3069,.F.);
#4118=ORIENTED_EDGE('',*,*,#3070,.T.);
#4119=ORIENTED_EDGE('',*,*,#3023,.T.);
#4120=ORIENTED_EDGE('',*,*,#3068,.F.);
#4121=ORIENTED_EDGE('',*,*,#3071,.F.);
#4122=ORIENTED_EDGE('',*,*,#3072,.T.);
#4123=ORIENTED_EDGE('',*,*,#3024,.T.);
#4124=ORIENTED_EDGE('',*,*,#3070,.F.);
#4125=ORIENTED_EDGE('',*,*,#3073,.F.);
#4126=ORIENTED_EDGE('',*,*,#3074,.T.);
#4127=ORIENTED_EDGE('',*,*,#3025,.T.);
#4128=ORIENTED_EDGE('',*,*,#3072,.F.);
#4129=ORIENTED_EDGE('',*,*,#3075,.F.);
#4130=ORIENTED_EDGE('',*,*,#3076,.T.);
#4131=ORIENTED_EDGE('',*,*,#3026,.T.);
#4132=ORIENTED_EDGE('',*,*,#3074,.F.);
#4133=ORIENTED_EDGE('',*,*,#3077,.F.);
#4134=ORIENTED_EDGE('',*,*,#3078,.T.);
#4135=ORIENTED_EDGE('',*,*,#3027,.T.);
#4136=ORIENTED_EDGE('',*,*,#3076,.F.);
#4137=ORIENTED_EDGE('',*,*,#3079,.F.);
#4138=ORIENTED_EDGE('',*,*,#3080,.T.);
#4139=ORIENTED_EDGE('',*,*,#3028,.T.);
#4140=ORIENTED_EDGE('',*,*,#3078,.F.);
#4141=ORIENTED_EDGE('',*,*,#3081,.F.);
#4142=ORIENTED_EDGE('',*,*,#3082,.T.);
#4143=ORIENTED_EDGE('',*,*,#3029,.T.);
#4144=ORIENTED_EDGE('',*,*,#3080,.F.);
#4145=ORIENTED_EDGE('',*,*,#3083,.F.);
#4146=ORIENTED_EDGE('',*,*,#3084,.T.);
#4147=ORIENTED_EDGE('',*,*,#3030,.T.);
#4148=ORIENTED_EDGE('',*,*,#3082,.F.);
#4149=ORIENTED_EDGE('',*,*,#3085,.F.);
#4150=ORIENTED_EDGE('',*,*,#3086,.T.);
#4151=ORIENTED_EDGE('',*,*,#3031,.T.);
#4152=ORIENTED_EDGE('',*,*,#3084,.F.);
#4153=ORIENTED_EDGE('',*,*,#3087,.F.);
#4154=ORIENTED_EDGE('',*,*,#3088,.T.);
#4155=ORIENTED_EDGE('',*,*,#3032,.T.);
#4156=ORIENTED_EDGE('',*,*,#3086,.F.);
#4157=ORIENTED_EDGE('',*,*,#3089,.F.);
#4158=ORIENTED_EDGE('',*,*,#3090,.T.);
#4159=ORIENTED_EDGE('',*,*,#3033,.T.);
#4160=ORIENTED_EDGE('',*,*,#3088,.F.);
#4161=ORIENTED_EDGE('',*,*,#3091,.F.);
#4162=ORIENTED_EDGE('',*,*,#3092,.T.);
#4163=ORIENTED_EDGE('',*,*,#3034,.T.);
#4164=ORIENTED_EDGE('',*,*,#3090,.F.);
#4165=ORIENTED_EDGE('',*,*,#3093,.F.);
#4166=ORIENTED_EDGE('',*,*,#3094,.T.);
#4167=ORIENTED_EDGE('',*,*,#3035,.T.);
#4168=ORIENTED_EDGE('',*,*,#3092,.F.);
#4169=ORIENTED_EDGE('',*,*,#3095,.F.);
#4170=ORIENTED_EDGE('',*,*,#3096,.T.);
#4171=ORIENTED_EDGE('',*,*,#3036,.T.);
#4172=ORIENTED_EDGE('',*,*,#3094,.F.);
#4173=ORIENTED_EDGE('',*,*,#3097,.F.);
#4174=ORIENTED_EDGE('',*,*,#3098,.T.);
#4175=ORIENTED_EDGE('',*,*,#3037,.T.);
#4176=ORIENTED_EDGE('',*,*,#3096,.F.);
#4177=ORIENTED_EDGE('',*,*,#3099,.F.);
#4178=ORIENTED_EDGE('',*,*,#3100,.T.);
#4179=ORIENTED_EDGE('',*,*,#3038,.T.);
#4180=ORIENTED_EDGE('',*,*,#3098,.F.);
#4181=ORIENTED_EDGE('',*,*,#3101,.F.);
#4182=ORIENTED_EDGE('',*,*,#3102,.T.);
#4183=ORIENTED_EDGE('',*,*,#3039,.T.);
#4184=ORIENTED_EDGE('',*,*,#3100,.F.);
#4185=ORIENTED_EDGE('',*,*,#3103,.F.);
#4186=ORIENTED_EDGE('',*,*,#3104,.T.);
#4187=ORIENTED_EDGE('',*,*,#3040,.T.);
#4188=ORIENTED_EDGE('',*,*,#3102,.F.);
#4189=ORIENTED_EDGE('',*,*,#3105,.F.);
#4190=ORIENTED_EDGE('',*,*,#3106,.T.);
#4191=ORIENTED_EDGE('',*,*,#3041,.T.);
#4192=ORIENTED_EDGE('',*,*,#3104,.F.);
#4193=ORIENTED_EDGE('',*,*,#3107,.F.);
#4194=ORIENTED_EDGE('',*,*,#3108,.T.);
#4195=ORIENTED_EDGE('',*,*,#3042,.T.);
#4196=ORIENTED_EDGE('',*,*,#3106,.F.);
#4197=ORIENTED_EDGE('',*,*,#3109,.F.);
#4198=ORIENTED_EDGE('',*,*,#3110,.T.);
#4199=ORIENTED_EDGE('',*,*,#3043,.T.);
#4200=ORIENTED_EDGE('',*,*,#3108,.F.);
#4201=ORIENTED_EDGE('',*,*,#3111,.F.);
#4202=ORIENTED_EDGE('',*,*,#3112,.T.);
#4203=ORIENTED_EDGE('',*,*,#3044,.T.);
#4204=ORIENTED_EDGE('',*,*,#3110,.F.);
#4205=ORIENTED_EDGE('',*,*,#3113,.F.);
#4206=ORIENTED_EDGE('',*,*,#3045,.T.);
#4207=ORIENTED_EDGE('',*,*,#3112,.F.);
#4208=ORIENTED_EDGE('',*,*,#3114,.F.);
#4209=ORIENTED_EDGE('',*,*,#2501,.T.);
#4210=ORIENTED_EDGE('',*,*,#2514,.T.);
#4211=ORIENTED_EDGE('',*,*,#2528,.T.);
#4212=ORIENTED_EDGE('',*,*,#3115,.T.);
#4213=ORIENTED_EDGE('',*,*,#2941,.T.);
#4214=ORIENTED_EDGE('',*,*,#2945,.T.);
#4215=ORIENTED_EDGE('',*,*,#3004,.T.);
#4216=ORIENTED_EDGE('',*,*,#3116,.T.);
#4217=ORIENTED_EDGE('',*,*,#2550,.T.);
#4218=ORIENTED_EDGE('',*,*,#2545,.T.);
#4219=ORIENTED_EDGE('',*,*,#2538,.T.);
#4220=ORIENTED_EDGE('',*,*,#3117,.T.);
#4221=ORIENTED_EDGE('',*,*,#2542,.T.);
#4222=ORIENTED_EDGE('',*,*,#2549,.T.);
#4223=ORIENTED_EDGE('',*,*,#2555,.T.);
#4224=ORIENTED_EDGE('',*,*,#3118,.T.);
#4225=ORIENTED_EDGE('',*,*,#2557,.T.);
#4226=ORIENTED_EDGE('',*,*,#2561,.T.);
#4227=ORIENTED_EDGE('',*,*,#2578,.T.);
#4228=ORIENTED_EDGE('',*,*,#3119,.T.);
#4229=ORIENTED_EDGE('',*,*,#2922,.T.);
#4230=ORIENTED_EDGE('',*,*,#2940,.T.);
#4231=ORIENTED_EDGE('',*,*,#2919,.T.);
#4232=ORIENTED_EDGE('',*,*,#3120,.T.);
#4233=ORIENTED_EDGE('',*,*,#2599,.T.);
#4234=ORIENTED_EDGE('',*,*,#2587,.T.);
#4235=ORIENTED_EDGE('',*,*,#2580,.T.);
#4236=ORIENTED_EDGE('',*,*,#3121,.T.);
#4237=ORIENTED_EDGE('',*,*,#2584,.T.);
#4238=ORIENTED_EDGE('',*,*,#2598,.T.);
#4239=ORIENTED_EDGE('',*,*,#2618,.T.);
#4240=ORIENTED_EDGE('',*,*,#3122,.T.);
#4241=ORIENTED_EDGE('',*,*,#2620,.T.);
#4242=ORIENTED_EDGE('',*,*,#2631,.T.);
#4243=ORIENTED_EDGE('',*,*,#2636,.T.);
#4244=ORIENTED_EDGE('',*,*,#3123,.T.);
#4245=ORIENTED_EDGE('',*,*,#2624,.T.);
#4246=ORIENTED_EDGE('',*,*,#2628,.T.);
#4247=ORIENTED_EDGE('',*,*,#2640,.T.);
#4248=ORIENTED_EDGE('',*,*,#3124,.T.);
#4249=ORIENTED_EDGE('',*,*,#2868,.T.);
#4250=ORIENTED_EDGE('',*,*,#2848,.T.);
#4251=ORIENTED_EDGE('',*,*,#2840,.T.);
#4252=ORIENTED_EDGE('',*,*,#3125,.T.);
#4253=ORIENTED_EDGE('',*,*,#2844,.T.);
#4254=ORIENTED_EDGE('',*,*,#2856,.T.);
#4255=ORIENTED_EDGE('',*,*,#2881,.T.);
#4256=ORIENTED_EDGE('',*,*,#3126,.T.);
#4257=ORIENTED_EDGE('',*,*,#2642,.T.);
#4258=ORIENTED_EDGE('',*,*,#2646,.T.);
#4259=ORIENTED_EDGE('',*,*,#2675,.T.);
#4260=ORIENTED_EDGE('',*,*,#3127,.T.);
#4261=ORIENTED_EDGE('',*,*,#2821,.T.);
#4262=ORIENTED_EDGE('',*,*,#2799,.T.);
#4263=ORIENTED_EDGE('',*,*,#2791,.T.);
#4264=ORIENTED_EDGE('',*,*,#3128,.T.);
#4265=ORIENTED_EDGE('',*,*,#2795,.T.);
#4266=ORIENTED_EDGE('',*,*,#2809,.T.);
#4267=ORIENTED_EDGE('',*,*,#2838,.T.);
#4268=ORIENTED_EDGE('',*,*,#3129,.T.);
#4269=ORIENTED_EDGE('',*,*,#2697,.T.);
#4270=ORIENTED_EDGE('',*,*,#2734,.T.);
#4271=ORIENTED_EDGE('',*,*,#2688,.T.);
#4272=ORIENTED_EDGE('',*,*,#3130,.T.);
#4273=ORIENTED_EDGE('',*,*,#2681,.T.);
#4274=ORIENTED_EDGE('',*,*,#2733,.T.);
#4275=ORIENTED_EDGE('',*,*,#2677,.T.);
#4276=ORIENTED_EDGE('',*,*,#3131,.T.);
#4277=ORIENTED_EDGE('',*,*,#2783,.T.);
#4278=ORIENTED_EDGE('',*,*,#2758,.T.);
#4279=ORIENTED_EDGE('',*,*,#2777,.T.);
#4280=ORIENTED_EDGE('',*,*,#3132,.T.);
#4281=ORIENTED_EDGE('',*,*,#2754,.T.);
#4282=ORIENTED_EDGE('',*,*,#2767,.T.);
#4283=ORIENTED_EDGE('',*,*,#2781,.T.);
#4284=ORIENTED_EDGE('',*,*,#3133,.T.);
#4285=ORIENTED_EDGE('',*,*,#2747,.T.);
#4286=ORIENTED_EDGE('',*,*,#2742,.T.);
#4287=ORIENTED_EDGE('',*,*,#2735,.T.);
#4288=ORIENTED_EDGE('',*,*,#3134,.T.);
#4289=ORIENTED_EDGE('',*,*,#2739,.T.);
#4290=ORIENTED_EDGE('',*,*,#2746,.T.);
#4291=ORIENTED_EDGE('',*,*,#2752,.T.);
#4292=ORIENTED_EDGE('',*,*,#3135,.T.);
#4293=ORIENTED_EDGE('',*,*,#2887,.T.);
#4294=ORIENTED_EDGE('',*,*,#2905,.T.);
#4295=ORIENTED_EDGE('',*,*,#2883,.T.);
#4296=ORIENTED_EDGE('',*,*,#3136,.T.);
#4297=ORIENTED_EDGE('',*,*,#3137,.T.);
#4298=ORIENTED_EDGE('',*,*,#3138,.T.);
#4299=ORIENTED_EDGE('',*,*,#3139,.T.);
#4300=ORIENTED_EDGE('',*,*,#3140,.T.);
#4301=ORIENTED_EDGE('',*,*,#3141,.T.);
#4302=ORIENTED_EDGE('',*,*,#3142,.T.);
#4303=ORIENTED_EDGE('',*,*,#3052,.T.);
#4304=ORIENTED_EDGE('',*,*,#3014,.T.);
#4305=ORIENTED_EDGE('',*,*,#3006,.T.);
#4306=ORIENTED_EDGE('',*,*,#3143,.T.);
#4307=ORIENTED_EDGE('',*,*,#3010,.T.);
#4308=ORIENTED_EDGE('',*,*,#3046,.T.);
#4309=ORIENTED_EDGE('',*,*,#3113,.T.);
#4310=ORIENTED_EDGE('',*,*,#3144,.T.);
#4311=ORIENTED_EDGE('',*,*,#2530,.T.);
#4312=ORIENTED_EDGE('',*,*,#2505,.T.);
#4313=ORIENTED_EDGE('',*,*,#2524,.T.);
#4314=ORIENTED_EDGE('',*,*,#3145,.T.);
#4315=ORIENTED_EDGE('',*,*,#3146,.T.);
#4316=ORIENTED_EDGE('',*,*,#3147,.T.);
#4317=ORIENTED_EDGE('',*,*,#3009,.T.);
#4318=ORIENTED_EDGE('',*,*,#3051,.T.);
#4319=ORIENTED_EDGE('',*,*,#3049,.T.);
#4320=ORIENTED_EDGE('',*,*,#3011,.T.);
#4321=ORIENTED_EDGE('',*,*,#3143,.F.);
#4322=ORIENTED_EDGE('',*,*,#2843,.T.);
#4323=ORIENTED_EDGE('',*,*,#2867,.T.);
#4324=ORIENTED_EDGE('',*,*,#2865,.T.);
#4325=ORIENTED_EDGE('',*,*,#2863,.T.);
#4326=ORIENTED_EDGE('',*,*,#2861,.T.);
#4327=ORIENTED_EDGE('',*,*,#2845,.T.);
#4328=ORIENTED_EDGE('',*,*,#3125,.F.);
#4329=ORIENTED_EDGE('',*,*,#2794,.T.);
#4330=ORIENTED_EDGE('',*,*,#2820,.T.);
#4331=ORIENTED_EDGE('',*,*,#2818,.T.);
#4332=ORIENTED_EDGE('',*,*,#2816,.T.);
#4333=ORIENTED_EDGE('',*,*,#2814,.T.);
#4334=ORIENTED_EDGE('',*,*,#2796,.T.);
#4335=ORIENTED_EDGE('',*,*,#3128,.F.);
#4336=ORIENTED_EDGE('',*,*,#2738,.T.);
#4337=ORIENTED_EDGE('',*,*,#2740,.T.);
#4338=ORIENTED_EDGE('',*,*,#3134,.F.);
#4339=ORIENTED_EDGE('',*,*,#2682,.T.);
#4340=ORIENTED_EDGE('',*,*,#3130,.F.);
#4341=ORIENTED_EDGE('',*,*,#2690,.T.);
#4342=ORIENTED_EDGE('',*,*,#2685,.T.);
#4343=ORIENTED_EDGE('',*,*,#2583,.T.);
#4344=ORIENTED_EDGE('',*,*,#2585,.T.);
#4345=ORIENTED_EDGE('',*,*,#3121,.F.);
#4346=ORIENTED_EDGE('',*,*,#2541,.T.);
#4347=ORIENTED_EDGE('',*,*,#2543,.T.);
#4348=ORIENTED_EDGE('',*,*,#3117,.F.);
#4349=ORIENTED_EDGE('',*,*,#2966,.T.);
#4350=ORIENTED_EDGE('',*,*,#2979,.T.);
#4351=ORIENTED_EDGE('',*,*,#2977,.T.);
#4352=ORIENTED_EDGE('',*,*,#2975,.T.);
#4353=ORIENTED_EDGE('',*,*,#2973,.T.);
#4354=ORIENTED_EDGE('',*,*,#2971,.T.);
#4355=ORIENTED_EDGE('',*,*,#2969,.T.);
#4356=ORIENTED_EDGE('',*,*,#3148,.F.);
#4357=ORIENTED_EDGE('',*,*,#3149,.T.);
#4358=ORIENTED_EDGE('',*,*,#3150,.T.);
#4359=ORIENTED_EDGE('',*,*,#3149,.F.);
#4360=ORIENTED_EDGE('',*,*,#3150,.F.);
#4361=ORIENTED_EDGE('',*,*,#3151,.F.);
#4362=ORIENTED_EDGE('',*,*,#3152,.T.);
#4363=ORIENTED_EDGE('',*,*,#3153,.T.);
#4364=ORIENTED_EDGE('',*,*,#3152,.F.);
#4365=ORIENTED_EDGE('',*,*,#3153,.F.);
#4366=ORIENTED_EDGE('',*,*,#3154,.F.);
#4367=ORIENTED_EDGE('',*,*,#3155,.T.);
#4368=ORIENTED_EDGE('',*,*,#3156,.T.);
#4369=ORIENTED_EDGE('',*,*,#3155,.F.);
#4370=ORIENTED_EDGE('',*,*,#3156,.F.);
#4371=ORIENTED_EDGE('',*,*,#3157,.F.);
#4372=ORIENTED_EDGE('',*,*,#3158,.T.);
#4373=ORIENTED_EDGE('',*,*,#3159,.T.);
#4374=ORIENTED_EDGE('',*,*,#3158,.F.);
#4375=ORIENTED_EDGE('',*,*,#3159,.F.);
#4376=ORIENTED_EDGE('',*,*,#3147,.F.);
#4377=ORIENTED_EDGE('',*,*,#3160,.T.);
#4378=ORIENTED_EDGE('',*,*,#3161,.T.);
#4379=ORIENTED_EDGE('',*,*,#3160,.F.);
#4380=ORIENTED_EDGE('',*,*,#3161,.F.);
#4381=ORIENTED_EDGE('',*,*,#3146,.F.);
#4382=ORIENTED_EDGE('',*,*,#3162,.T.);
#4383=ORIENTED_EDGE('',*,*,#3163,.T.);
#4384=ORIENTED_EDGE('',*,*,#3162,.F.);
#4385=ORIENTED_EDGE('',*,*,#3163,.F.);
#4386=ORIENTED_EDGE('',*,*,#3164,.F.);
#4387=ORIENTED_EDGE('',*,*,#3165,.T.);
#4388=ORIENTED_EDGE('',*,*,#3166,.T.);
#4389=ORIENTED_EDGE('',*,*,#3165,.F.);
#4390=ORIENTED_EDGE('',*,*,#3166,.F.);
#4391=ORIENTED_EDGE('',*,*,#3167,.F.);
#4392=ORIENTED_EDGE('',*,*,#3168,.T.);
#4393=ORIENTED_EDGE('',*,*,#3169,.T.);
#4394=ORIENTED_EDGE('',*,*,#3168,.F.);
#4395=ORIENTED_EDGE('',*,*,#3169,.F.);
#4396=ORIENTED_EDGE('',*,*,#3170,.F.);
#4397=ORIENTED_EDGE('',*,*,#3171,.F.);
#4398=ORIENTED_EDGE('',*,*,#3172,.T.);
#4399=ORIENTED_EDGE('',*,*,#3173,.F.);
#4400=ORIENTED_EDGE('',*,*,#3139,.F.);
#4401=ORIENTED_EDGE('',*,*,#3174,.F.);
#4402=ORIENTED_EDGE('',*,*,#3175,.T.);
#4403=ORIENTED_EDGE('',*,*,#3176,.F.);
#4404=ORIENTED_EDGE('',*,*,#3173,.T.);
#4405=ORIENTED_EDGE('',*,*,#3177,.F.);
#4406=ORIENTED_EDGE('',*,*,#3174,.T.);
#4407=ORIENTED_EDGE('',*,*,#3138,.F.);
#4408=ORIENTED_EDGE('',*,*,#3178,.T.);
#4409=ORIENTED_EDGE('',*,*,#3179,.F.);
#4410=ORIENTED_EDGE('',*,*,#3180,.F.);
#4411=ORIENTED_EDGE('',*,*,#3181,.F.);
#4412=ORIENTED_EDGE('',*,*,#2489,.T.);
#4413=ORIENTED_EDGE('',*,*,#2492,.T.);
#4414=ORIENTED_EDGE('',*,*,#3182,.T.);
#4415=ORIENTED_EDGE('',*,*,#3175,.F.);
#4416=ORIENTED_EDGE('',*,*,#3177,.T.);
#4417=ORIENTED_EDGE('',*,*,#3172,.F.);
#4418=ORIENTED_EDGE('',*,*,#3183,.F.);
#4419=ORIENTED_EDGE('',*,*,#3184,.F.);
#4420=ORIENTED_EDGE('',*,*,#3185,.F.);
#4421=ORIENTED_EDGE('',*,*,#3186,.F.);
#4422=ORIENTED_EDGE('',*,*,#3187,.F.);
#4423=ORIENTED_EDGE('',*,*,#3188,.F.);
#4424=ORIENTED_EDGE('',*,*,#3189,.F.);
#4425=ORIENTED_EDGE('',*,*,#3190,.F.);
#4426=ORIENTED_EDGE('',*,*,#3170,.T.);
#4427=ORIENTED_EDGE('',*,*,#3181,.T.);
#4428=ORIENTED_EDGE('',*,*,#3191,.T.);
#4429=ORIENTED_EDGE('',*,*,#3192,.T.);
#4430=ORIENTED_EDGE('',*,*,#3193,.T.);
#4431=ORIENTED_EDGE('',*,*,#3194,.T.);
#4432=ORIENTED_EDGE('',*,*,#3164,.T.);
#4433=ORIENTED_EDGE('',*,*,#3167,.T.);
#4434=ORIENTED_EDGE('',*,*,#3184,.T.);
#4435=ORIENTED_EDGE('',*,*,#3195,.T.);
#4436=ORIENTED_EDGE('',*,*,#3196,.F.);
#4437=ORIENTED_EDGE('',*,*,#3197,.F.);
#4438=ORIENTED_EDGE('',*,*,#3185,.T.);
#4439=ORIENTED_EDGE('',*,*,#3197,.T.);
#4440=ORIENTED_EDGE('',*,*,#3198,.F.);
#4441=ORIENTED_EDGE('',*,*,#3199,.F.);
#4442=ORIENTED_EDGE('',*,*,#3186,.T.);
#4443=ORIENTED_EDGE('',*,*,#3199,.T.);
#4444=ORIENTED_EDGE('',*,*,#3200,.F.);
#4445=ORIENTED_EDGE('',*,*,#3201,.F.);
#4446=ORIENTED_EDGE('',*,*,#3187,.T.);
#4447=ORIENTED_EDGE('',*,*,#3201,.T.);
#4448=ORIENTED_EDGE('',*,*,#3202,.F.);
#4449=ORIENTED_EDGE('',*,*,#3203,.F.);
#4450=ORIENTED_EDGE('',*,*,#3188,.T.);
#4451=ORIENTED_EDGE('',*,*,#3203,.T.);
#4452=ORIENTED_EDGE('',*,*,#3204,.F.);
#4453=ORIENTED_EDGE('',*,*,#3205,.F.);
#4454=ORIENTED_EDGE('',*,*,#3189,.T.);
#4455=ORIENTED_EDGE('',*,*,#3205,.T.);
#4456=ORIENTED_EDGE('',*,*,#3206,.F.);
#4457=ORIENTED_EDGE('',*,*,#3207,.F.);
#4458=ORIENTED_EDGE('',*,*,#3190,.T.);
#4459=ORIENTED_EDGE('',*,*,#3207,.T.);
#4460=ORIENTED_EDGE('',*,*,#3208,.F.);
#4461=ORIENTED_EDGE('',*,*,#3209,.F.);
#4462=ORIENTED_EDGE('',*,*,#3183,.T.);
#4463=ORIENTED_EDGE('',*,*,#3209,.T.);
#4464=ORIENTED_EDGE('',*,*,#3210,.F.);
#4465=ORIENTED_EDGE('',*,*,#3195,.F.);
#4466=ORIENTED_EDGE('',*,*,#3211,.T.);
#4467=ORIENTED_EDGE('',*,*,#3212,.F.);
#4468=ORIENTED_EDGE('',*,*,#3213,.F.);
#4469=ORIENTED_EDGE('',*,*,#3141,.F.);
#4470=ORIENTED_EDGE('',*,*,#2502,.T.);
#4471=ORIENTED_EDGE('',*,*,#3145,.F.);
#4472=ORIENTED_EDGE('',*,*,#2525,.T.);
#4473=ORIENTED_EDGE('',*,*,#2522,.T.);
#4474=ORIENTED_EDGE('',*,*,#2520,.T.);
#4475=ORIENTED_EDGE('',*,*,#2517,.T.);
#4476=ORIENTED_EDGE('',*,*,#2537,.T.);
#4477=ORIENTED_EDGE('',*,*,#2535,.T.);
#4478=ORIENTED_EDGE('',*,*,#2533,.T.);
#4479=ORIENTED_EDGE('',*,*,#2531,.T.);
#4480=ORIENTED_EDGE('',*,*,#3144,.F.);
#4481=ORIENTED_EDGE('',*,*,#3114,.T.);
#4482=ORIENTED_EDGE('',*,*,#3111,.T.);
#4483=ORIENTED_EDGE('',*,*,#3109,.T.);
#4484=ORIENTED_EDGE('',*,*,#3107,.T.);
#4485=ORIENTED_EDGE('',*,*,#3105,.T.);
#4486=ORIENTED_EDGE('',*,*,#3103,.T.);
#4487=ORIENTED_EDGE('',*,*,#3101,.T.);
#4488=ORIENTED_EDGE('',*,*,#3099,.T.);
#4489=ORIENTED_EDGE('',*,*,#3097,.T.);
#4490=ORIENTED_EDGE('',*,*,#3095,.T.);
#4491=ORIENTED_EDGE('',*,*,#3093,.T.);
#4492=ORIENTED_EDGE('',*,*,#3091,.T.);
#4493=ORIENTED_EDGE('',*,*,#3089,.T.);
#4494=ORIENTED_EDGE('',*,*,#3087,.T.);
#4495=ORIENTED_EDGE('',*,*,#3085,.T.);
#4496=ORIENTED_EDGE('',*,*,#3083,.T.);
#4497=ORIENTED_EDGE('',*,*,#3081,.T.);
#4498=ORIENTED_EDGE('',*,*,#3079,.T.);
#4499=ORIENTED_EDGE('',*,*,#3077,.T.);
#4500=ORIENTED_EDGE('',*,*,#3075,.T.);
#4501=ORIENTED_EDGE('',*,*,#3073,.T.);
#4502=ORIENTED_EDGE('',*,*,#3071,.T.);
#4503=ORIENTED_EDGE('',*,*,#3069,.T.);
#4504=ORIENTED_EDGE('',*,*,#3067,.T.);
#4505=ORIENTED_EDGE('',*,*,#3065,.T.);
#4506=ORIENTED_EDGE('',*,*,#3063,.T.);
#4507=ORIENTED_EDGE('',*,*,#3061,.T.);
#4508=ORIENTED_EDGE('',*,*,#3059,.T.);
#4509=ORIENTED_EDGE('',*,*,#3057,.T.);
#4510=ORIENTED_EDGE('',*,*,#3055,.T.);
#4511=ORIENTED_EDGE('',*,*,#3053,.T.);
#4512=ORIENTED_EDGE('',*,*,#3142,.F.);
#4513=ORIENTED_EDGE('',*,*,#3213,.T.);
#4514=ORIENTED_EDGE('',*,*,#3214,.F.);
#4515=ORIENTED_EDGE('',*,*,#3215,.F.);
#4516=ORIENTED_EDGE('',*,*,#3136,.F.);
#4517=ORIENTED_EDGE('',*,*,#2886,.T.);
#4518=ORIENTED_EDGE('',*,*,#2903,.T.);
#4519=ORIENTED_EDGE('',*,*,#2900,.T.);
#4520=ORIENTED_EDGE('',*,*,#2897,.T.);
#4521=ORIENTED_EDGE('',*,*,#2894,.T.);
#4522=ORIENTED_EDGE('',*,*,#2891,.T.);
#4523=ORIENTED_EDGE('',*,*,#2888,.T.);
#4524=ORIENTED_EDGE('',*,*,#3135,.F.);
#4525=ORIENTED_EDGE('',*,*,#2753,.T.);
#4526=ORIENTED_EDGE('',*,*,#2750,.T.);
#4527=ORIENTED_EDGE('',*,*,#2748,.T.);
#4528=ORIENTED_EDGE('',*,*,#3133,.F.);
#4529=ORIENTED_EDGE('',*,*,#2782,.T.);
#4530=ORIENTED_EDGE('',*,*,#2779,.T.);
#4531=ORIENTED_EDGE('',*,*,#2755,.T.);
#4532=ORIENTED_EDGE('',*,*,#3132,.F.);
#4533=ORIENTED_EDGE('',*,*,#2778,.T.);
#4534=ORIENTED_EDGE('',*,*,#2775,.T.);
#4535=ORIENTED_EDGE('',*,*,#2773,.T.);
#4536=ORIENTED_EDGE('',*,*,#2770,.T.);
#4537=ORIENTED_EDGE('',*,*,#2790,.T.);
#4538=ORIENTED_EDGE('',*,*,#2788,.T.);
#4539=ORIENTED_EDGE('',*,*,#2786,.T.);
#4540=ORIENTED_EDGE('',*,*,#2784,.T.);
#4541=ORIENTED_EDGE('',*,*,#3131,.F.);
#4542=ORIENTED_EDGE('',*,*,#2680,.T.);
#4543=ORIENTED_EDGE('',*,*,#2695,.T.);
#4544=ORIENTED_EDGE('',*,*,#2691,.T.);
#4545=ORIENTED_EDGE('',*,*,#2731,.T.);
#4546=ORIENTED_EDGE('',*,*,#2728,.T.);
#4547=ORIENTED_EDGE('',*,*,#2725,.T.);
#4548=ORIENTED_EDGE('',*,*,#2722,.T.);
#4549=ORIENTED_EDGE('',*,*,#2719,.T.);
#4550=ORIENTED_EDGE('',*,*,#2716,.T.);
#4551=ORIENTED_EDGE('',*,*,#2713,.T.);
#4552=ORIENTED_EDGE('',*,*,#2710,.T.);
#4553=ORIENTED_EDGE('',*,*,#2707,.T.);
#4554=ORIENTED_EDGE('',*,*,#2704,.T.);
#4555=ORIENTED_EDGE('',*,*,#2701,.T.);
#4556=ORIENTED_EDGE('',*,*,#2698,.T.);
#4557=ORIENTED_EDGE('',*,*,#3129,.F.);
#4558=ORIENTED_EDGE('',*,*,#2839,.T.);
#4559=ORIENTED_EDGE('',*,*,#2836,.T.);
#4560=ORIENTED_EDGE('',*,*,#2834,.T.);
#4561=ORIENTED_EDGE('',*,*,#2832,.T.);
#4562=ORIENTED_EDGE('',*,*,#2830,.T.);
#4563=ORIENTED_EDGE('',*,*,#2828,.T.);
#4564=ORIENTED_EDGE('',*,*,#2826,.T.);
#4565=ORIENTED_EDGE('',*,*,#2824,.T.);
#4566=ORIENTED_EDGE('',*,*,#2822,.T.);
#4567=ORIENTED_EDGE('',*,*,#3127,.F.);
#4568=ORIENTED_EDGE('',*,*,#2676,.T.);
#4569=ORIENTED_EDGE('',*,*,#2673,.T.);
#4570=ORIENTED_EDGE('',*,*,#2671,.T.);
#4571=ORIENTED_EDGE('',*,*,#2669,.T.);
#4572=ORIENTED_EDGE('',*,*,#2667,.T.);
#4573=ORIENTED_EDGE('',*,*,#2665,.T.);
#4574=ORIENTED_EDGE('',*,*,#2663,.T.);
#4575=ORIENTED_EDGE('',*,*,#2661,.T.);
#4576=ORIENTED_EDGE('',*,*,#2659,.T.);
#4577=ORIENTED_EDGE('',*,*,#2657,.T.);
#4578=ORIENTED_EDGE('',*,*,#2643,.T.);
#4579=ORIENTED_EDGE('',*,*,#3126,.F.);
#4580=ORIENTED_EDGE('',*,*,#2882,.T.);
#4581=ORIENTED_EDGE('',*,*,#2879,.T.);
#4582=ORIENTED_EDGE('',*,*,#2877,.T.);
#4583=ORIENTED_EDGE('',*,*,#2875,.T.);
#4584=ORIENTED_EDGE('',*,*,#2873,.T.);
#4585=ORIENTED_EDGE('',*,*,#2871,.T.);
#4586=ORIENTED_EDGE('',*,*,#2869,.T.);
#4587=ORIENTED_EDGE('',*,*,#3124,.F.);
#4588=ORIENTED_EDGE('',*,*,#2641,.T.);
#4589=ORIENTED_EDGE('',*,*,#2638,.T.);
#4590=ORIENTED_EDGE('',*,*,#2625,.T.);
#4591=ORIENTED_EDGE('',*,*,#3123,.F.);
#4592=ORIENTED_EDGE('',*,*,#2637,.T.);
#4593=ORIENTED_EDGE('',*,*,#2634,.T.);
#4594=ORIENTED_EDGE('',*,*,#2621,.T.);
#4595=ORIENTED_EDGE('',*,*,#3122,.F.);
#4596=ORIENTED_EDGE('',*,*,#2619,.T.);
#4597=ORIENTED_EDGE('',*,*,#2616,.T.);
#4598=ORIENTED_EDGE('',*,*,#2614,.T.);
#4599=ORIENTED_EDGE('',*,*,#2612,.T.);
#4600=ORIENTED_EDGE('',*,*,#2610,.T.);
#4601=ORIENTED_EDGE('',*,*,#2608,.T.);
#4602=ORIENTED_EDGE('',*,*,#2606,.T.);
#4603=ORIENTED_EDGE('',*,*,#2604,.T.);
#4604=ORIENTED_EDGE('',*,*,#2602,.T.);
#4605=ORIENTED_EDGE('',*,*,#2600,.T.);
#4606=ORIENTED_EDGE('',*,*,#3120,.F.);
#4607=ORIENTED_EDGE('',*,*,#2921,.T.);
#4608=ORIENTED_EDGE('',*,*,#2916,.T.);
#4609=ORIENTED_EDGE('',*,*,#2913,.T.);
#4610=ORIENTED_EDGE('',*,*,#2910,.T.);
#4611=ORIENTED_EDGE('',*,*,#2906,.T.);
#4612=ORIENTED_EDGE('',*,*,#2938,.T.);
#4613=ORIENTED_EDGE('',*,*,#2935,.T.);
#4614=ORIENTED_EDGE('',*,*,#2932,.T.);
#4615=ORIENTED_EDGE('',*,*,#2929,.T.);
#4616=ORIENTED_EDGE('',*,*,#2926,.T.);
#4617=ORIENTED_EDGE('',*,*,#2923,.T.);
#4618=ORIENTED_EDGE('',*,*,#3119,.F.);
#4619=ORIENTED_EDGE('',*,*,#2579,.T.);
#4620=ORIENTED_EDGE('',*,*,#2576,.T.);
#4621=ORIENTED_EDGE('',*,*,#2574,.T.);
#4622=ORIENTED_EDGE('',*,*,#2572,.T.);
#4623=ORIENTED_EDGE('',*,*,#2570,.T.);
#4624=ORIENTED_EDGE('',*,*,#2568,.T.);
#4625=ORIENTED_EDGE('',*,*,#2558,.T.);
#4626=ORIENTED_EDGE('',*,*,#3118,.F.);
#4627=ORIENTED_EDGE('',*,*,#2556,.T.);
#4628=ORIENTED_EDGE('',*,*,#2553,.T.);
#4629=ORIENTED_EDGE('',*,*,#2551,.T.);
#4630=ORIENTED_EDGE('',*,*,#3116,.F.);
#4631=ORIENTED_EDGE('',*,*,#3005,.T.);
#4632=ORIENTED_EDGE('',*,*,#3002,.T.);
#4633=ORIENTED_EDGE('',*,*,#3000,.T.);
#4634=ORIENTED_EDGE('',*,*,#2998,.T.);
#4635=ORIENTED_EDGE('',*,*,#2996,.T.);
#4636=ORIENTED_EDGE('',*,*,#2994,.T.);
#4637=ORIENTED_EDGE('',*,*,#2992,.T.);
#4638=ORIENTED_EDGE('',*,*,#2990,.T.);
#4639=ORIENTED_EDGE('',*,*,#2988,.T.);
#4640=ORIENTED_EDGE('',*,*,#2986,.T.);
#4641=ORIENTED_EDGE('',*,*,#2984,.T.);
#4642=ORIENTED_EDGE('',*,*,#2982,.T.);
#4643=ORIENTED_EDGE('',*,*,#2980,.T.);
#4644=ORIENTED_EDGE('',*,*,#2942,.T.);
#4645=ORIENTED_EDGE('',*,*,#3115,.F.);
#4646=ORIENTED_EDGE('',*,*,#2529,.T.);
#4647=ORIENTED_EDGE('',*,*,#2526,.T.);
#4648=ORIENTED_EDGE('',*,*,#3215,.T.);
#4649=ORIENTED_EDGE('',*,*,#3216,.F.);
#4650=ORIENTED_EDGE('',*,*,#3178,.F.);
#4651=ORIENTED_EDGE('',*,*,#3137,.F.);
#4652=ORIENTED_EDGE('',*,*,#3180,.T.);
#4653=ORIENTED_EDGE('',*,*,#3217,.F.);
#4654=ORIENTED_EDGE('',*,*,#3218,.F.);
#4655=ORIENTED_EDGE('',*,*,#3191,.F.);
#4656=ORIENTED_EDGE('',*,*,#3218,.T.);
#4657=ORIENTED_EDGE('',*,*,#3219,.F.);
#4658=ORIENTED_EDGE('',*,*,#3220,.F.);
#4659=ORIENTED_EDGE('',*,*,#3192,.F.);
#4660=ORIENTED_EDGE('',*,*,#3220,.T.);
#4661=ORIENTED_EDGE('',*,*,#3221,.F.);
#4662=ORIENTED_EDGE('',*,*,#3222,.F.);
#4663=ORIENTED_EDGE('',*,*,#3193,.F.);
#4664=ORIENTED_EDGE('',*,*,#3171,.T.);
#4665=ORIENTED_EDGE('',*,*,#3194,.F.);
#4666=ORIENTED_EDGE('',*,*,#3222,.T.);
#4667=ORIENTED_EDGE('',*,*,#3223,.F.);
#4668=ORIENTED_EDGE('',*,*,#3211,.F.);
#4669=ORIENTED_EDGE('',*,*,#3140,.F.);
#4670=ORIENTED_EDGE('',*,*,#3176,.T.);
#4671=ORIENTED_EDGE('',*,*,#3182,.F.);
#4672=ORIENTED_EDGE('',*,*,#2495,.T.);
#4673=ORIENTED_EDGE('',*,*,#2498,.T.);
#4674=ORIENTED_EDGE('',*,*,#3223,.T.);
#4675=ORIENTED_EDGE('',*,*,#3221,.T.);
#4676=ORIENTED_EDGE('',*,*,#3219,.T.);
#4677=ORIENTED_EDGE('',*,*,#3217,.T.);
#4678=ORIENTED_EDGE('',*,*,#3179,.T.);
#4679=ORIENTED_EDGE('',*,*,#3216,.T.);
#4680=ORIENTED_EDGE('',*,*,#3214,.T.);
#4681=ORIENTED_EDGE('',*,*,#3212,.T.);
#4682=ORIENTED_EDGE('',*,*,#3148,.T.);
#4683=ORIENTED_EDGE('',*,*,#3151,.T.);
#4684=ORIENTED_EDGE('',*,*,#3154,.T.);
#4685=ORIENTED_EDGE('',*,*,#3157,.T.);
#4686=ORIENTED_EDGE('',*,*,#3210,.T.);
#4687=ORIENTED_EDGE('',*,*,#3208,.T.);
#4688=ORIENTED_EDGE('',*,*,#3206,.T.);
#4689=ORIENTED_EDGE('',*,*,#3204,.T.);
#4690=ORIENTED_EDGE('',*,*,#3202,.T.);
#4691=ORIENTED_EDGE('',*,*,#3200,.T.);
#4692=ORIENTED_EDGE('',*,*,#3198,.T.);
#4693=ORIENTED_EDGE('',*,*,#3196,.T.);
#4694=CYLINDRICAL_SURFACE('',#4988,2.);
#4695=CYLINDRICAL_SURFACE('',#4992,2.);
#4696=CYLINDRICAL_SURFACE('',#4996,2.);
#4697=CYLINDRICAL_SURFACE('',#5000,2.);
#4698=CYLINDRICAL_SURFACE('',#5113,2.);
#4699=CYLINDRICAL_SURFACE('',#5117,2.);
#4700=CYLINDRICAL_SURFACE('',#5121,2.);
#4701=CYLINDRICAL_SURFACE('',#5125,2.);
#4702=CYLINDRICAL_SURFACE('',#5129,2.);
#4703=CYLINDRICAL_SURFACE('',#5132,2.00000000000001);
#4704=CYLINDRICAL_SURFACE('',#5135,2.);
#4705=CYLINDRICAL_SURFACE('',#5139,1.99999999999999);
#4706=CYLINDRICAL_SURFACE('',#5155,5.);
#4707=CYLINDRICAL_SURFACE('',#5158,5.);
#4708=CYLINDRICAL_SURFACE('',#5161,5.);
#4709=CYLINDRICAL_SURFACE('',#5164,5.);
#4710=CYLINDRICAL_SURFACE('',#5166,5.00000000000001);
#4711=CYLINDRICAL_SURFACE('',#5169,5.00000000000001);
#4712=CYLINDRICAL_SURFACE('',#5171,5.00000000000001);
#4713=CYLINDRICAL_SURFACE('',#5174,5.00000000000001);
#4714=ADVANCED_FACE('',(#506),#4694,.F.);
#4715=ADVANCED_FACE('',(#507),#376,.T.);
#4716=ADVANCED_FACE('',(#508),#4695,.F.);
#4717=ADVANCED_FACE('',(#509),#377,.T.);
#4718=ADVANCED_FACE('',(#510),#4696,.F.);
#4719=ADVANCED_FACE('',(#511),#378,.T.);
#4720=ADVANCED_FACE('',(#512),#4697,.F.);
#4721=ADVANCED_FACE('',(#513),#379,.T.);
#4722=ADVANCED_FACE('',(#514),#380,.F.);
#4723=ADVANCED_FACE('',(#515),#381,.T.);
#4724=ADVANCED_FACE('',(#516),#382,.T.);
#4725=ADVANCED_FACE('',(#517),#383,.F.);
#4726=ADVANCED_FACE('',(#518),#384,.F.);
#4727=ADVANCED_FACE('',(#519),#385,.F.);
#4728=ADVANCED_FACE('',(#520),#30,.F.);
#4729=ADVANCED_FACE('',(#521),#386,.F.);
#4730=ADVANCED_FACE('',(#522),#387,.F.);
#4731=ADVANCED_FACE('',(#523),#388,.F.);
#4732=ADVANCED_FACE('',(#524),#389,.F.);
#4733=ADVANCED_FACE('',(#525),#390,.F.);
#4734=ADVANCED_FACE('',(#526),#391,.F.);
#4735=ADVANCED_FACE('',(#527),#392,.F.);
#4736=ADVANCED_FACE('',(#528),#393,.F.);
#4737=ADVANCED_FACE('',(#529),#394,.F.);
#4738=ADVANCED_FACE('',(#530),#395,.F.);
#4739=ADVANCED_FACE('',(#531),#396,.F.);
#4740=ADVANCED_FACE('',(#532),#397,.F.);
#4741=ADVANCED_FACE('',(#533),#398,.F.);
#4742=ADVANCED_FACE('',(#534),#399,.F.);
#4743=ADVANCED_FACE('',(#535),#400,.F.);
#4744=ADVANCED_FACE('',(#536),#401,.F.);
#4745=ADVANCED_FACE('',(#537),#402,.F.);
#4746=ADVANCED_FACE('',(#538),#403,.F.);
#4747=ADVANCED_FACE('',(#539),#404,.F.);
#4748=ADVANCED_FACE('',(#540),#405,.F.);
#4749=ADVANCED_FACE('',(#541),#406,.F.);
#4750=ADVANCED_FACE('',(#542),#407,.F.);
#4751=ADVANCED_FACE('',(#543),#408,.T.);
#4752=ADVANCED_FACE('',(#544),#409,.F.);
#4753=ADVANCED_FACE('',(#545),#410,.F.);
#4754=ADVANCED_FACE('',(#546),#31,.F.);
#4755=ADVANCED_FACE('',(#547),#32,.F.);
#4756=ADVANCED_FACE('',(#548),#33,.F.);
#4757=ADVANCED_FACE('',(#549),#411,.F.);
#4758=ADVANCED_FACE('',(#550),#34,.F.);
#4759=ADVANCED_FACE('',(#551),#35,.F.);
#4760=ADVANCED_FACE('',(#552),#36,.F.);
#4761=ADVANCED_FACE('',(#553),#412,.F.);
#4762=ADVANCED_FACE('',(#554),#413,.F.);
#4763=ADVANCED_FACE('',(#555),#414,.F.);
#4764=ADVANCED_FACE('',(#556),#415,.T.);
#4765=ADVANCED_FACE('',(#557),#416,.T.);
#4766=ADVANCED_FACE('',(#558),#417,.F.);
#4767=ADVANCED_FACE('',(#559),#418,.F.);
#4768=ADVANCED_FACE('',(#560),#419,.F.);
#4769=ADVANCED_FACE('',(#561),#420,.F.);
#4770=ADVANCED_FACE('',(#562),#421,.F.);
#4771=ADVANCED_FACE('',(#563),#422,.T.);
#4772=ADVANCED_FACE('',(#564),#37,.F.);
#4773=ADVANCED_FACE('',(#565),#38,.F.);
#4774=ADVANCED_FACE('',(#566),#39,.F.);
#4775=ADVANCED_FACE('',(#567),#40,.F.);
#4776=ADVANCED_FACE('',(#568),#423,.F.);
#4777=ADVANCED_FACE('',(#569),#41,.F.);
#4778=ADVANCED_FACE('',(#570),#42,.F.);
#4779=ADVANCED_FACE('',(#571),#43,.F.);
#4780=ADVANCED_FACE('',(#572),#44,.F.);
#4781=ADVANCED_FACE('',(#573),#424,.F.);
#4782=ADVANCED_FACE('',(#574),#45,.F.);
#4783=ADVANCED_FACE('',(#575),#46,.F.);
#4784=ADVANCED_FACE('',(#576),#425,.F.);
#4785=ADVANCED_FACE('',(#577),#47,.F.);
#4786=ADVANCED_FACE('',(#578),#48,.F.);
#4787=ADVANCED_FACE('',(#579),#49,.F.);
#4788=ADVANCED_FACE('',(#580),#50,.F.);
#4789=ADVANCED_FACE('',(#581),#51,.F.);
#4790=ADVANCED_FACE('',(#582),#52,.F.);
#4791=ADVANCED_FACE('',(#583),#53,.F.);
#4792=ADVANCED_FACE('',(#584),#54,.F.);
#4793=ADVANCED_FACE('',(#585),#55,.F.);
#4794=ADVANCED_FACE('',(#586),#426,.F.);
#4795=ADVANCED_FACE('',(#587),#56,.F.);
#4796=ADVANCED_FACE('',(#588),#57,.F.);
#4797=ADVANCED_FACE('',(#589),#58,.F.);
#4798=ADVANCED_FACE('',(#590),#59,.F.);
#4799=ADVANCED_FACE('',(#591),#427,.F.);
#4800=ADVANCED_FACE('',(#592),#428,.T.);
#4801=ADVANCED_FACE('',(#593),#429,.F.);
#4802=ADVANCED_FACE('',(#594),#430,.F.);
#4803=ADVANCED_FACE('',(#595),#431,.F.);
#4804=ADVANCED_FACE('',(#596),#432,.F.);
#4805=ADVANCED_FACE('',(#597),#433,.F.);
#4806=ADVANCED_FACE('',(#598),#434,.F.);
#4807=ADVANCED_FACE('',(#599),#435,.F.);
#4808=ADVANCED_FACE('',(#600),#436,.T.);
#4809=ADVANCED_FACE('',(#601),#437,.T.);
#4810=ADVANCED_FACE('',(#602),#438,.F.);
#4811=ADVANCED_FACE('',(#603),#439,.F.);
#4812=ADVANCED_FACE('',(#604),#440,.F.);
#4813=ADVANCED_FACE('',(#605),#60,.F.);
#4814=ADVANCED_FACE('',(#606),#441,.F.);
#4815=ADVANCED_FACE('',(#607),#442,.F.);
#4816=ADVANCED_FACE('',(#608),#443,.F.);
#4817=ADVANCED_FACE('',(#609),#444,.F.);
#4818=ADVANCED_FACE('',(#610),#445,.F.);
#4819=ADVANCED_FACE('',(#611),#446,.F.);
#4820=ADVANCED_FACE('',(#612),#61,.F.);
#4821=ADVANCED_FACE('',(#613),#447,.F.);
#4822=ADVANCED_FACE('',(#614),#448,.T.);
#4823=ADVANCED_FACE('',(#615),#62,.F.);
#4824=ADVANCED_FACE('',(#616),#63,.F.);
#4825=ADVANCED_FACE('',(#617),#64,.F.);
#4826=ADVANCED_FACE('',(#618),#65,.F.);
#4827=ADVANCED_FACE('',(#619),#66,.F.);
#4828=ADVANCED_FACE('',(#620),#67,.F.);
#4829=ADVANCED_FACE('',(#621),#68,.F.);
#4830=ADVANCED_FACE('',(#622),#69,.F.);
#4831=ADVANCED_FACE('',(#623),#70,.F.);
#4832=ADVANCED_FACE('',(#624),#71,.F.);
#4833=ADVANCED_FACE('',(#625),#449,.F.);
#4834=ADVANCED_FACE('',(#626),#450,.F.);
#4835=ADVANCED_FACE('',(#627),#451,.F.);
#4836=ADVANCED_FACE('',(#628),#72,.F.);
#4837=ADVANCED_FACE('',(#629),#73,.F.);
#4838=ADVANCED_FACE('',(#630),#452,.T.);
#4839=ADVANCED_FACE('',(#631),#74,.F.);
#4840=ADVANCED_FACE('',(#632),#75,.F.);
#4841=ADVANCED_FACE('',(#633),#76,.F.);
#4842=ADVANCED_FACE('',(#634),#77,.F.);
#4843=ADVANCED_FACE('',(#635),#78,.F.);
#4844=ADVANCED_FACE('',(#636),#79,.F.);
#4845=ADVANCED_FACE('',(#637),#80,.F.);
#4846=ADVANCED_FACE('',(#638),#81,.F.);
#4847=ADVANCED_FACE('',(#639),#82,.F.);
#4848=ADVANCED_FACE('',(#640),#83,.F.);
#4849=ADVANCED_FACE('',(#641),#84,.F.);
#4850=ADVANCED_FACE('',(#642),#453,.F.);
#4851=ADVANCED_FACE('',(#643),#454,.F.);
#4852=ADVANCED_FACE('',(#644),#455,.F.);
#4853=ADVANCED_FACE('',(#645),#456,.F.);
#4854=ADVANCED_FACE('',(#646),#457,.F.);
#4855=ADVANCED_FACE('',(#647),#458,.F.);
#4856=ADVANCED_FACE('',(#648),#459,.F.);
#4857=ADVANCED_FACE('',(#649),#460,.F.);
#4858=ADVANCED_FACE('',(#650),#85,.F.);
#4859=ADVANCED_FACE('',(#651),#86,.F.);
#4860=ADVANCED_FACE('',(#652),#87,.F.);
#4861=ADVANCED_FACE('',(#653),#88,.F.);
#4862=ADVANCED_FACE('',(#654),#461,.F.);
#4863=ADVANCED_FACE('',(#655),#462,.F.);
#4864=ADVANCED_FACE('',(#656),#89,.F.);
#4865=ADVANCED_FACE('',(#657),#90,.F.);
#4866=ADVANCED_FACE('',(#658),#91,.F.);
#4867=ADVANCED_FACE('',(#659),#92,.F.);
#4868=ADVANCED_FACE('',(#660),#463,.F.);
#4869=ADVANCED_FACE('',(#661),#464,.T.);
#4870=ADVANCED_FACE('',(#662),#465,.F.);
#4871=ADVANCED_FACE('',(#663,#15),#466,.T.);
#4872=ADVANCED_FACE('',(#664),#93,.F.);
#4873=ADVANCED_FACE('',(#665),#94,.F.);
#4874=ADVANCED_FACE('',(#666),#467,.F.);
#4875=ADVANCED_FACE('',(#667),#468,.F.);
#4876=ADVANCED_FACE('',(#668),#95,.F.);
#4877=ADVANCED_FACE('',(#669),#96,.F.);
#4878=ADVANCED_FACE('',(#670),#97,.F.);
#4879=ADVANCED_FACE('',(#671),#469,.F.);
#4880=ADVANCED_FACE('',(#672),#98,.F.);
#4881=ADVANCED_FACE('',(#673),#99,.F.);
#4882=ADVANCED_FACE('',(#674),#100,.F.);
#4883=ADVANCED_FACE('',(#675),#101,.F.);
#4884=ADVANCED_FACE('',(#676),#102,.F.);
#4885=ADVANCED_FACE('',(#677),#103,.F.);
#4886=ADVANCED_FACE('',(#678),#104,.F.);
#4887=ADVANCED_FACE('',(#679),#105,.F.);
#4888=ADVANCED_FACE('',(#680),#470,.F.);
#4889=ADVANCED_FACE('',(#681),#106,.F.);
#4890=ADVANCED_FACE('',(#682),#107,.F.);
#4891=ADVANCED_FACE('',(#683),#471,.F.);
#4892=ADVANCED_FACE('',(#684),#108,.F.);
#4893=ADVANCED_FACE('',(#685),#109,.F.);
#4894=ADVANCED_FACE('',(#686),#472,.T.);
#4895=ADVANCED_FACE('',(#687),#110,.F.);
#4896=ADVANCED_FACE('',(#688),#111,.F.);
#4897=ADVANCED_FACE('',(#689),#112,.F.);
#4898=ADVANCED_FACE('',(#690),#113,.F.);
#4899=ADVANCED_FACE('',(#691),#114,.F.);
#4900=ADVANCED_FACE('',(#692),#115,.F.);
#4901=ADVANCED_FACE('',(#693),#116,.F.);
#4902=ADVANCED_FACE('',(#694),#473,.F.);
#4903=ADVANCED_FACE('',(#695),#117,.F.);
#4904=ADVANCED_FACE('',(#696),#118,.F.);
#4905=ADVANCED_FACE('',(#697),#119,.F.);
#4906=ADVANCED_FACE('',(#698),#120,.F.);
#4907=ADVANCED_FACE('',(#699),#121,.F.);
#4908=ADVANCED_FACE('',(#700),#122,.F.);
#4909=ADVANCED_FACE('',(#701),#123,.F.);
#4910=ADVANCED_FACE('',(#702),#474,.F.);
#4911=ADVANCED_FACE('',(#703),#124,.F.);
#4912=ADVANCED_FACE('',(#704),#125,.F.);
#4913=ADVANCED_FACE('',(#705),#126,.F.);
#4914=ADVANCED_FACE('',(#706),#127,.F.);
#4915=ADVANCED_FACE('',(#707),#128,.F.);
#4916=ADVANCED_FACE('',(#708),#129,.F.);
#4917=ADVANCED_FACE('',(#709),#130,.F.);
#4918=ADVANCED_FACE('',(#710),#131,.F.);
#4919=ADVANCED_FACE('',(#711),#475,.F.);
#4920=ADVANCED_FACE('',(#712),#132,.F.);
#4921=ADVANCED_FACE('',(#713),#133,.F.);
#4922=ADVANCED_FACE('',(#714),#134,.F.);
#4923=ADVANCED_FACE('',(#715),#135,.F.);
#4924=ADVANCED_FACE('',(#716),#136,.F.);
#4925=ADVANCED_FACE('',(#717),#137,.F.);
#4926=ADVANCED_FACE('',(#718),#138,.F.);
#4927=ADVANCED_FACE('',(#719),#139,.F.);
#4928=ADVANCED_FACE('',(#720,#16,#17),#476,.F.);
#4929=ADVANCED_FACE('',(#721),#477,.T.);
#4930=ADVANCED_FACE('',(#722),#478,.T.);
#4931=ADVANCED_FACE('',(#723),#479,.T.);
#4932=ADVANCED_FACE('',(#724),#480,.T.);
#4933=ADVANCED_FACE('',(#725),#481,.T.);
#4934=ADVANCED_FACE('',(#726),#482,.T.);
#4935=ADVANCED_FACE('',(#727),#483,.T.);
#4936=ADVANCED_FACE('',(#728),#484,.T.);
#4937=ADVANCED_FACE('',(#729),#4698,.F.);
#4938=ADVANCED_FACE('',(#730),#485,.T.);
#4939=ADVANCED_FACE('',(#731),#4699,.F.);
#4940=ADVANCED_FACE('',(#732),#486,.T.);
#4941=ADVANCED_FACE('',(#733),#4700,.F.);
#4942=ADVANCED_FACE('',(#734),#487,.T.);
#4943=ADVANCED_FACE('',(#735),#4701,.F.);
#4944=ADVANCED_FACE('',(#736),#488,.T.);
#4945=ADVANCED_FACE('',(#737),#4702,.F.);
#4946=ADVANCED_FACE('',(#738),#489,.T.);
#4947=ADVANCED_FACE('',(#739),#4703,.F.);
#4948=ADVANCED_FACE('',(#740),#490,.T.);
#4949=ADVANCED_FACE('',(#741),#4704,.F.);
#4950=ADVANCED_FACE('',(#742),#491,.T.);
#4951=ADVANCED_FACE('',(#743),#4705,.F.);
#4952=ADVANCED_FACE('',(#744),#492,.T.);
#4953=ADVANCED_FACE('',(#745),#493,.F.);
#4954=ADVANCED_FACE('',(#746),#494,.F.);
#4955=ADVANCED_FACE('',(#747,#18,#19),#495,.T.);
#4956=ADVANCED_FACE('',(#748,#20),#496,.F.);
#4957=ADVANCED_FACE('',(#749,#21,#22),#497,.F.);
#4958=ADVANCED_FACE('',(#750),#498,.T.);
#4959=ADVANCED_FACE('',(#751),#4706,.F.);
#4960=ADVANCED_FACE('',(#752),#499,.T.);
#4961=ADVANCED_FACE('',(#753),#4707,.F.);
#4962=ADVANCED_FACE('',(#754),#500,.T.);
#4963=ADVANCED_FACE('',(#755),#4708,.F.);
#4964=ADVANCED_FACE('',(#756),#501,.T.);
#4965=ADVANCED_FACE('',(#757),#4709,.F.);
#4966=ADVANCED_FACE('',(#758),#4710,.T.);
#4967=ADVANCED_FACE('',(#759),#502,.T.);
#4968=ADVANCED_FACE('',(#760),#4711,.T.);
#4969=ADVANCED_FACE('',(#761),#4712,.T.);
#4970=ADVANCED_FACE('',(#762),#503,.T.);
#4971=ADVANCED_FACE('',(#763),#4713,.T.);
#4972=ADVANCED_FACE('',(#764,#23,#24),#504,.T.);
#4973=ADVANCED_FACE('',(#765,#25,#26,#27,#28,#29),#505,.T.);
#4974=CLOSED_SHELL('',(#4714,#4715,#4716,#4717,#4718,#4719,#4720,#4721,
#4722,#4723,#4724,#4725,#4726,#4727,#4728,#4729,#4730,#4731,#4732,#4733,
#4734,#4735,#4736,#4737,#4738,#4739,#4740,#4741,#4742,#4743,#4744,#4745,
#4746,#4747,#4748,#4749,#4750,#4751,#4752,#4753,#4754,#4755,#4756,#4757,
#4758,#4759,#4760,#4761,#4762,#4763,#4764,#4765,#4766,#4767,#4768,#4769,
#4770,#4771,#4772,#4773,#4774,#4775,#4776,#4777,#4778,#4779,#4780,#4781,
#4782,#4783,#4784,#4785,#4786,#4787,#4788,#4789,#4790,#4791,#4792,#4793,
#4794,#4795,#4796,#4797,#4798,#4799,#4800,#4801,#4802,#4803,#4804,#4805,
#4806,#4807,#4808,#4809,#4810,#4811,#4812,#4813,#4814,#4815,#4816,#4817,
#4818,#4819,#4820,#4821,#4822,#4823,#4824,#4825,#4826,#4827,#4828,#4829,
#4830,#4831,#4832,#4833,#4834,#4835,#4836,#4837,#4838,#4839,#4840,#4841,
#4842,#4843,#4844,#4845,#4846,#4847,#4848,#4849,#4850,#4851,#4852,#4853,
#4854,#4855,#4856,#4857,#4858,#4859,#4860,#4861,#4862,#4863,#4864,#4865,
#4866,#4867,#4868,#4869,#4870,#4871,#4872,#4873,#4874,#4875,#4876,#4877,
#4878,#4879,#4880,#4881,#4882,#4883,#4884,#4885,#4886,#4887,#4888,#4889,
#4890,#4891,#4892,#4893,#4894,#4895,#4896,#4897,#4898,#4899,#4900,#4901,
#4902,#4903,#4904,#4905,#4906,#4907,#4908,#4909,#4910,#4911,#4912,#4913,
#4914,#4915,#4916,#4917,#4918,#4919,#4920,#4921,#4922,#4923,#4924,#4925,
#4926,#4927,#4928,#4929,#4930,#4931,#4932,#4933,#4934,#4935,#4936,#4937,
#4938,#4939,#4940,#4941,#4942,#4943,#4944,#4945,#4946,#4947,#4948,#4949,
#4950,#4951,#4952,#4953,#4954,#4955,#4956,#4957,#4958,#4959,#4960,#4961,
#4962,#4963,#4964,#4965,#4966,#4967,#4968,#4969,#4970,#4971,#4972,#4973));
#4975=DERIVED_UNIT_ELEMENT(#4977,1.);
#4976=DERIVED_UNIT_ELEMENT(#9446,-3.);
#4977=(
MASS_UNIT()
NAMED_UNIT(*)
SI_UNIT(.KILO.,.GRAM.)
);
#4978=DERIVED_UNIT((#4975,#4976));
#4979=MEASURE_REPRESENTATION_ITEM('density measure',
POSITIVE_RATIO_MEASURE(7850.),#4978);
#4980=PROPERTY_DEFINITION_REPRESENTATION(#4985,#4982);
#4981=PROPERTY_DEFINITION_REPRESENTATION(#4986,#4983);
#4982=REPRESENTATION('material name',(#4984),#9443);
#4983=REPRESENTATION('density',(#4979),#9443);
#4984=DESCRIPTIVE_REPRESENTATION_ITEM('Steel','Steel');
#4985=PROPERTY_DEFINITION('material property','material name',#9453);
#4986=PROPERTY_DEFINITION('material property','density of part',#9453);
#4987=AXIS2_PLACEMENT_3D('',#6019,#5178,#5179);
#4988=AXIS2_PLACEMENT_3D('',#6020,#5180,#5181);
#4989=AXIS2_PLACEMENT_3D('',#6022,#5182,#5183);
#4990=AXIS2_PLACEMENT_3D('',#6025,#5185,#5186);
#4991=AXIS2_PLACEMENT_3D('',#6026,#5187,#5188);
#4992=AXIS2_PLACEMENT_3D('',#6027,#5189,#5190);
#4993=AXIS2_PLACEMENT_3D('',#6029,#5191,#5192);
#4994=AXIS2_PLACEMENT_3D('',#6032,#5194,#5195);
#4995=AXIS2_PLACEMENT_3D('',#6033,#5196,#5197);
#4996=AXIS2_PLACEMENT_3D('',#6034,#5198,#5199);
#4997=AXIS2_PLACEMENT_3D('',#6036,#5200,#5201);
#4998=AXIS2_PLACEMENT_3D('',#6039,#5203,#5204);
#4999=AXIS2_PLACEMENT_3D('',#6040,#5205,#5206);
#5000=AXIS2_PLACEMENT_3D('',#6041,#5207,#5208);
#5001=AXIS2_PLACEMENT_3D('',#6043,#5209,#5210);
#5002=AXIS2_PLACEMENT_3D('',#6046,#5212,#5213);
#5003=AXIS2_PLACEMENT_3D('',#6047,#5214,#5215);
#5004=AXIS2_PLACEMENT_3D('',#6048,#5216,#5217);
#5005=AXIS2_PLACEMENT_3D('',#6057,#5222,#5223);
#5006=AXIS2_PLACEMENT_3D('',#6080,#5232,#5233);
#5007=AXIS2_PLACEMENT_3D('',#6086,#5237,#5238);
#5008=AXIS2_PLACEMENT_3D('',#6092,#5242,#5243);
#5009=AXIS2_PLACEMENT_3D('',#6096,#5246,#5247);
#5010=AXIS2_PLACEMENT_3D('',#6122,#5250,#5251);
#5011=AXIS2_PLACEMENT_3D('',#6126,#5254,#5255);
#5012=AXIS2_PLACEMENT_3D('',#6130,#5258,#5259);
#5013=AXIS2_PLACEMENT_3D('',#6136,#5263,#5264);
#5014=AXIS2_PLACEMENT_3D('',#6140,#5267,#5268);
#5015=AXIS2_PLACEMENT_3D('',#6144,#5271,#5272);
#5016=AXIS2_PLACEMENT_3D('',#6146,#5274,#5275);
#5017=AXIS2_PLACEMENT_3D('',#6155,#5280,#5281);
#5018=AXIS2_PLACEMENT_3D('',#6161,#5285,#5286);
#5019=AXIS2_PLACEMENT_3D('',#6171,#5292,#5293);
#5020=AXIS2_PLACEMENT_3D('',#6177,#5297,#5298);
#5021=AXIS2_PLACEMENT_3D('',#6181,#5301,#5302);
#5022=AXIS2_PLACEMENT_3D('',#6185,#5305,#5306);
#5023=AXIS2_PLACEMENT_3D('',#6194,#5311,#5312);
#5024=AXIS2_PLACEMENT_3D('',#6208,#5320,#5321);
#5025=AXIS2_PLACEMENT_3D('',#6212,#5324,#5325);
#5026=AXIS2_PLACEMENT_3D('',#6216,#5328,#5329);
#5027=AXIS2_PLACEMENT_3D('',#6220,#5332,#5333);
#5028=AXIS2_PLACEMENT_3D('',#6224,#5336,#5337);
#5029=AXIS2_PLACEMENT_3D('',#6228,#5340,#5341);
#5030=AXIS2_PLACEMENT_3D('',#6232,#5344,#5345);
#5031=AXIS2_PLACEMENT_3D('',#6241,#5350,#5351);
#5032=AXIS2_PLACEMENT_3D('',#6247,#5355,#5356);
#5033=AXIS2_PLACEMENT_3D('',#6295,#5363,#5364);
#5034=AXIS2_PLACEMENT_3D('',#6301,#5368,#5369);
#5035=AXIS2_PLACEMENT_3D('',#6356,#5375,#5376);
#5036=AXIS2_PLACEMENT_3D('',#6411,#5382,#5383);
#5037=AXIS2_PLACEMENT_3D('',#6415,#5386,#5387);
#5038=AXIS2_PLACEMENT_3D('',#6424,#5392,#5393);
#5039=AXIS2_PLACEMENT_3D('',#6433,#5398,#5399);
#5040=AXIS2_PLACEMENT_3D('',#6439,#5403,#5404);
#5041=AXIS2_PLACEMENT_3D('',#6445,#5408,#5409);
#5042=AXIS2_PLACEMENT_3D('',#6449,#5412,#5413);
#5043=AXIS2_PLACEMENT_3D('',#6453,#5416,#5417);
#5044=AXIS2_PLACEMENT_3D('',#6457,#5420,#5421);
#5045=AXIS2_PLACEMENT_3D('',#6461,#5424,#5425);
#5046=AXIS2_PLACEMENT_3D('',#6470,#5430,#5431);
#5047=AXIS2_PLACEMENT_3D('',#6592,#5439,#5440);
#5048=AXIS2_PLACEMENT_3D('',#6664,#5447,#5448);
#5049=AXIS2_PLACEMENT_3D('',#6726,#5453,#5454);
#5050=AXIS2_PLACEMENT_3D('',#6950,#5466,#5467);
#5051=AXIS2_PLACEMENT_3D('',#7048,#5475,#5476);
#5052=AXIS2_PLACEMENT_3D('',#7051,#5479,#5480);
#5053=AXIS2_PLACEMENT_3D('',#7054,#5483,#5484);
#5054=AXIS2_PLACEMENT_3D('',#7063,#5489,#5490);
#5055=AXIS2_PLACEMENT_3D('',#7069,#5494,#5495);
#5056=AXIS2_PLACEMENT_3D('',#7079,#5501,#5502);
#5057=AXIS2_PLACEMENT_3D('',#7085,#5506,#5507);
#5058=AXIS2_PLACEMENT_3D('',#7089,#5510,#5511);
#5059=AXIS2_PLACEMENT_3D('',#7093,#5514,#5515);
#5060=AXIS2_PLACEMENT_3D('',#7102,#5520,#5521);
#5061=AXIS2_PLACEMENT_3D('',#7125,#5530,#5531);
#5062=AXIS2_PLACEMENT_3D('',#7131,#5535,#5536);
#5063=AXIS2_PLACEMENT_3D('',#7137,#5540,#5541);
#5064=AXIS2_PLACEMENT_3D('',#7141,#5544,#5545);
#5065=AXIS2_PLACEMENT_3D('',#7167,#5548,#5549);
#5066=AXIS2_PLACEMENT_3D('',#7171,#5552,#5553);
#5067=AXIS2_PLACEMENT_3D('',#7175,#5556,#5557);
#5068=AXIS2_PLACEMENT_3D('',#7181,#5561,#5562);
#5069=AXIS2_PLACEMENT_3D('',#7185,#5565,#5566);
#5070=AXIS2_PLACEMENT_3D('',#7189,#5569,#5570);
#5071=AXIS2_PLACEMENT_3D('',#7220,#5573,#5574);
#5072=AXIS2_PLACEMENT_3D('',#7229,#5579,#5580);
#5073=AXIS2_PLACEMENT_3D('',#7473,#5595,#5596);
#5074=AXIS2_PLACEMENT_3D('',#7477,#5599,#5600);
#5075=AXIS2_PLACEMENT_3D('',#7481,#5603,#5604);
#5076=AXIS2_PLACEMENT_3D('',#7543,#5609,#5610);
#5077=AXIS2_PLACEMENT_3D('',#7807,#5622,#5623);
#5078=AXIS2_PLACEMENT_3D('',#7816,#5628,#5629);
#5079=AXIS2_PLACEMENT_3D('',#7825,#5634,#5635);
#5080=AXIS2_PLACEMENT_3D('',#7831,#5639,#5640);
#5081=AXIS2_PLACEMENT_3D('',#7837,#5644,#5645);
#5082=AXIS2_PLACEMENT_3D('',#7843,#5649,#5650);
#5083=AXIS2_PLACEMENT_3D('',#7849,#5654,#5655);
#5084=AXIS2_PLACEMENT_3D('',#7852,#5658,#5659);
#5085=AXIS2_PLACEMENT_3D('',#7949,#5666,#5667);
#5086=AXIS2_PLACEMENT_3D('',#7955,#5671,#5672);
#5087=AXIS2_PLACEMENT_3D('',#8056,#5681,#5682);
#5088=AXIS2_PLACEMENT_3D('',#8059,#5685,#5686);
#5089=AXIS2_PLACEMENT_3D('',#8061,#5688,#5689);
#5090=AXIS2_PLACEMENT_3D('',#8070,#5694,#5695);
#5091=AXIS2_PLACEMENT_3D('',#8208,#5705,#5706);
#5092=AXIS2_PLACEMENT_3D('',#8212,#5709,#5710);
#5093=AXIS2_PLACEMENT_3D('',#8265,#5715,#5716);
#5094=AXIS2_PLACEMENT_3D('',#8405,#5727,#5728);
#5095=AXIS2_PLACEMENT_3D('',#8443,#5733,#5734);
#5096=AXIS2_PLACEMENT_3D('',#8509,#5739,#5740);
#5097=AXIS2_PLACEMENT_3D('',#8822,#5752,#5753);
#5098=AXIS2_PLACEMENT_3D('',#8945,#5763,#5764);
#5099=AXIS2_PLACEMENT_3D('',#9085,#5775,#5776);
#5100=AXIS2_PLACEMENT_3D('',#9230,#5786,#5787);
#5101=AXIS2_PLACEMENT_3D('',#9255,#5810,#5811);
#5102=AXIS2_PLACEMENT_3D('',#9263,#5815,#5816);
#5103=AXIS2_PLACEMENT_3D('',#9269,#5821,#5822);
#5104=AXIS2_PLACEMENT_3D('',#9271,#5823,#5824);
#5105=AXIS2_PLACEMENT_3D('',#9272,#5825,#5826);
#5106=AXIS2_PLACEMENT_3D('',#9273,#5827,#5828);
#5107=AXIS2_PLACEMENT_3D('',#9274,#5829,#5830);
#5108=AXIS2_PLACEMENT_3D('',#9275,#5831,#5832);
#5109=AXIS2_PLACEMENT_3D('',#9276,#5833,#5834);
#5110=AXIS2_PLACEMENT_3D('',#9277,#5835,#5836);
#5111=AXIS2_PLACEMENT_3D('',#9278,#5837,#5838);
#5112=AXIS2_PLACEMENT_3D('',#9279,#5839,#5840);
#5113=AXIS2_PLACEMENT_3D('',#9280,#5841,#5842);
#5114=AXIS2_PLACEMENT_3D('',#9282,#5843,#5844);
#5115=AXIS2_PLACEMENT_3D('',#9285,#5846,#5847);
#5116=AXIS2_PLACEMENT_3D('',#9286,#5848,#5849);
#5117=AXIS2_PLACEMENT_3D('',#9287,#5850,#5851);
#5118=AXIS2_PLACEMENT_3D('',#9289,#5852,#5853);
#5119=AXIS2_PLACEMENT_3D('',#9292,#5855,#5856);
#5120=AXIS2_PLACEMENT_3D('',#9293,#5857,#5858);
#5121=AXIS2_PLACEMENT_3D('',#9294,#5859,#5860);
#5122=AXIS2_PLACEMENT_3D('',#9296,#5861,#5862);
#5123=AXIS2_PLACEMENT_3D('',#9299,#5864,#5865);
#5124=AXIS2_PLACEMENT_3D('',#9300,#5866,#5867);
#5125=AXIS2_PLACEMENT_3D('',#9301,#5868,#5869);
#5126=AXIS2_PLACEMENT_3D('',#9303,#5870,#5871);
#5127=AXIS2_PLACEMENT_3D('',#9306,#5873,#5874);
#5128=AXIS2_PLACEMENT_3D('',#9307,#5875,#5876);
#5129=AXIS2_PLACEMENT_3D('',#9308,#5877,#5878);
#5130=AXIS2_PLACEMENT_3D('',#9311,#5880,#5881);
#5131=AXIS2_PLACEMENT_3D('',#9312,#5882,#5883);
#5132=AXIS2_PLACEMENT_3D('',#9313,#5884,#5885);
#5133=AXIS2_PLACEMENT_3D('',#9316,#5887,#5888);
#5134=AXIS2_PLACEMENT_3D('',#9317,#5889,#5890);
#5135=AXIS2_PLACEMENT_3D('',#9318,#5891,#5892);
#5136=AXIS2_PLACEMENT_3D('',#9320,#5893,#5894);
#5137=AXIS2_PLACEMENT_3D('',#9323,#5896,#5897);
#5138=AXIS2_PLACEMENT_3D('',#9324,#5898,#5899);
#5139=AXIS2_PLACEMENT_3D('',#9325,#5900,#5901);
#5140=AXIS2_PLACEMENT_3D('',#9327,#5902,#5903);
#5141=AXIS2_PLACEMENT_3D('',#9330,#5905,#5906);
#5142=AXIS2_PLACEMENT_3D('',#9331,#5907,#5908);
#5143=AXIS2_PLACEMENT_3D('',#9332,#5909,#5910);
#5144=AXIS2_PLACEMENT_3D('',#9341,#5915,#5916);
#5145=AXIS2_PLACEMENT_3D('',#9347,#5920,#5921);
#5146=AXIS2_PLACEMENT_3D('',#9356,#5927,#5928);
#5147=AXIS2_PLACEMENT_3D('',#9360,#5930,#5931);
#5148=AXIS2_PLACEMENT_3D('',#9364,#5933,#5934);
#5149=AXIS2_PLACEMENT_3D('',#9368,#5936,#5937);
#5150=AXIS2_PLACEMENT_3D('',#9372,#5939,#5940);
#5151=AXIS2_PLACEMENT_3D('',#9374,#5942,#5943);
#5152=AXIS2_PLACEMENT_3D('',#9376,#5944,#5945);
#5153=AXIS2_PLACEMENT_3D('',#9380,#5947,#5948);
#5154=AXIS2_PLACEMENT_3D('',#9382,#5950,#5951);
#5155=AXIS2_PLACEMENT_3D('',#9388,#5955,#5956);
#5156=AXIS2_PLACEMENT_3D('',#9390,#5957,#5958);
#5157=AXIS2_PLACEMENT_3D('',#9392,#5960,#5961);
#5158=AXIS2_PLACEMENT_3D('',#9396,#5964,#5965);
#5159=AXIS2_PLACEMENT_3D('',#9398,#5966,#5967);
#5160=AXIS2_PLACEMENT_3D('',#9400,#5969,#5970);
#5161=AXIS2_PLACEMENT_3D('',#9404,#5973,#5974);
#5162=AXIS2_PLACEMENT_3D('',#9406,#5975,#5976);
#5163=AXIS2_PLACEMENT_3D('',#9408,#5978,#5979);
#5164=AXIS2_PLACEMENT_3D('',#9412,#5982,#5983);
#5165=AXIS2_PLACEMENT_3D('',#9413,#5984,#5985);
#5166=AXIS2_PLACEMENT_3D('',#9414,#5986,#5987);
#5167=AXIS2_PLACEMENT_3D('',#9418,#5989,#5990);
#5168=AXIS2_PLACEMENT_3D('',#9420,#5992,#5993);
#5169=AXIS2_PLACEMENT_3D('',#9424,#5996,#5997);
#5170=AXIS2_PLACEMENT_3D('',#9425,#5998,#5999);
#5171=AXIS2_PLACEMENT_3D('',#9426,#6000,#6001);
#5172=AXIS2_PLACEMENT_3D('',#9428,#6002,#6003);
#5173=AXIS2_PLACEMENT_3D('',#9430,#6005,#6006);
#5174=AXIS2_PLACEMENT_3D('',#9434,#6009,#6010);
#5175=AXIS2_PLACEMENT_3D('',#9436,#6011,#6012);
#5176=AXIS2_PLACEMENT_3D('',#9438,#6014,#6015);
#5177=AXIS2_PLACEMENT_3D('',#9440,#6017,#6018);
#5178=DIRECTION('axis',(0.,0.,1.));
#5179=DIRECTION('refdir',(1.,0.,0.));
#5180=DIRECTION('center_axis',(-1.,0.,0.));
#5181=DIRECTION('ref_axis',(0.,0.,-1.));
#5182=DIRECTION('center_axis',(-1.,0.,0.));
#5183=DIRECTION('ref_axis',(0.,0.,-1.));
#5184=DIRECTION('',(-1.,0.,0.));
#5185=DIRECTION('center_axis',(-1.,0.,0.));
#5186=DIRECTION('ref_axis',(0.,0.,-1.));
#5187=DIRECTION('center_axis',(1.,0.,0.));
#5188=DIRECTION('ref_axis',(0.,0.,-1.));
#5189=DIRECTION('center_axis',(-1.,0.,0.));
#5190=DIRECTION('ref_axis',(0.,0.,-1.));
#5191=DIRECTION('center_axis',(-1.,0.,0.));
#5192=DIRECTION('ref_axis',(0.,0.,-1.));
#5193=DIRECTION('',(-1.,0.,0.));
#5194=DIRECTION('center_axis',(-1.,0.,0.));
#5195=DIRECTION('ref_axis',(0.,0.,-1.));
#5196=DIRECTION('center_axis',(1.,0.,0.));
#5197=DIRECTION('ref_axis',(0.,0.,-1.));
#5198=DIRECTION('center_axis',(1.,0.,0.));
#5199=DIRECTION('ref_axis',(0.,0.,1.));
#5200=DIRECTION('center_axis',(1.,0.,0.));
#5201=DIRECTION('ref_axis',(0.,0.,1.));
#5202=DIRECTION('',(1.,0.,0.));
#5203=DIRECTION('center_axis',(1.,0.,0.));
#5204=DIRECTION('ref_axis',(0.,0.,1.));
#5205=DIRECTION('center_axis',(-1.,0.,0.));
#5206=DIRECTION('ref_axis',(0.,0.,1.));
#5207=DIRECTION('center_axis',(1.,0.,0.));
#5208=DIRECTION('ref_axis',(0.,0.,1.));
#5209=DIRECTION('center_axis',(1.,0.,0.));
#5210=DIRECTION('ref_axis',(0.,0.,1.));
#5211=DIRECTION('',(1.,0.,0.));
#5212=DIRECTION('center_axis',(1.,0.,0.));
#5213=DIRECTION('ref_axis',(0.,0.,1.));
#5214=DIRECTION('center_axis',(-1.,0.,0.));
#5215=DIRECTION('ref_axis',(0.,0.,1.));
#5216=DIRECTION('center_axis',(-1.,0.,0.));
#5217=DIRECTION('ref_axis',(0.,1.,0.));
#5218=DIRECTION('',(0.,0.,-1.));
#5219=DIRECTION('',(0.,1.,0.));
#5220=DIRECTION('',(0.,0.,-1.));
#5221=DIRECTION('',(0.,1.,0.));
#5222=DIRECTION('center_axis',(0.,0.,1.));
#5223=DIRECTION('ref_axis',(1.,0.,0.));
#5224=DIRECTION('',(1.,0.,0.));
#5225=DIRECTION('',(0.,1.,0.));
#5226=DIRECTION('',(1.,0.,0.));
#5227=DIRECTION('',(0.,1.,0.));
#5228=DIRECTION('',(-1.,0.,0.));
#5229=DIRECTION('',(0.,-1.,0.));
#5230=DIRECTION('',(1.,0.,0.));
#5231=DIRECTION('',(0.,-1.,0.));
#5232=DIRECTION('center_axis',(0.,0.,1.));
#5233=DIRECTION('ref_axis',(1.,0.,0.));
#5234=DIRECTION('',(1.,0.,0.));
#5235=DIRECTION('',(-1.,0.,0.));
#5236=DIRECTION('',(-0.0972243051858844,-0.995262495265004,0.));
#5237=DIRECTION('center_axis',(1.,0.,0.));
#5238=DIRECTION('ref_axis',(0.,-1.,0.));
#5239=DIRECTION('',(0.,-1.,0.));
#5240=DIRECTION('',(0.,0.,-1.));
#5241=DIRECTION('',(0.,0.,-1.));
#5242=DIRECTION('center_axis',(0.,1.,0.));
#5243=DIRECTION('ref_axis',(1.,0.,0.));
#5244=DIRECTION('',(1.,0.,0.));
#5245=DIRECTION('',(0.,0.,-1.));
#5246=DIRECTION('center_axis',(1.,0.,0.));
#5247=DIRECTION('ref_axis',(0.,-1.,0.));
#5248=DIRECTION('',(0.,-1.,0.));
#5249=DIRECTION('',(0.,0.,-1.));
#5250=DIRECTION('center_axis',(0.,-1.,0.));
#5251=DIRECTION('ref_axis',(-1.,0.,0.));
#5252=DIRECTION('',(-1.,0.,0.));
#5253=DIRECTION('',(0.,0.,-1.));
#5254=DIRECTION('center_axis',(0.995262495265004,-0.0972243051858844,0.));
#5255=DIRECTION('ref_axis',(-0.0972243051858844,-0.995262495265004,0.));
#5256=DIRECTION('',(0.,0.,1.));
#5257=DIRECTION('',(-0.0972243051858844,-0.995262495265004,0.));
#5258=DIRECTION('center_axis',(-1.,0.,0.));
#5259=DIRECTION('ref_axis',(0.,1.,0.));
#5260=DIRECTION('',(0.,0.,-1.));
#5261=DIRECTION('',(0.,1.,0.));
#5262=DIRECTION('',(0.,0.,-1.));
#5263=DIRECTION('center_axis',(0.,1.,0.));
#5264=DIRECTION('ref_axis',(1.,0.,0.));
#5265=DIRECTION('',(1.,0.,0.));
#5266=DIRECTION('',(0.,0.,-1.));
#5267=DIRECTION('center_axis',(-1.,0.,0.));
#5268=DIRECTION('ref_axis',(0.,1.,0.));
#5269=DIRECTION('',(0.,1.,0.));
#5270=DIRECTION('',(0.,0.,-1.));
#5271=DIRECTION('center_axis',(0.,-1.,0.));
#5272=DIRECTION('ref_axis',(-1.,0.,0.));
#5273=DIRECTION('',(-1.,0.,0.));
#5274=DIRECTION('center_axis',(0.955684090706245,0.294394155463347,0.));
#5275=DIRECTION('ref_axis',(0.294394155463347,-0.955684090706245,0.));
#5276=DIRECTION('',(0.,0.,1.));
#5277=DIRECTION('',(0.294394155463347,-0.955684090706245,0.));
#5278=DIRECTION('',(0.,0.,-1.));
#5279=DIRECTION('',(0.294394155463347,-0.955684090706245,0.));
#5280=DIRECTION('center_axis',(-0.955374541388517,0.295397165976047,0.));
#5281=DIRECTION('ref_axis',(0.295397165976047,0.955374541388517,0.));
#5282=DIRECTION('',(0.,0.,-1.));
#5283=DIRECTION('',(0.295397165976047,0.955374541388517,0.));
#5284=DIRECTION('',(0.295397165976047,0.955374541388517,0.));
#5285=DIRECTION('center_axis',(0.,0.,-1.));
#5286=DIRECTION('ref_axis',(-1.,0.,0.));
#5287=DIRECTION('',(1.,0.,0.));
#5288=DIRECTION('',(-0.332259764305289,0.94318791819223,0.));
#5289=DIRECTION('',(-1.,0.,0.));
#5290=DIRECTION('',(-0.332259110738415,-0.943188148426027,0.));
#5291=DIRECTION('',(1.,0.,0.));
#5292=DIRECTION('center_axis',(-0.94318791819223,-0.33225976430529,0.));
#5293=DIRECTION('ref_axis',(-0.332259764305289,0.94318791819223,0.));
#5294=DIRECTION('',(0.,0.,-1.));
#5295=DIRECTION('',(-0.332259764305289,0.94318791819223,0.));
#5296=DIRECTION('',(0.,0.,-1.));
#5297=DIRECTION('center_axis',(0.,-1.,0.));
#5298=DIRECTION('ref_axis',(-1.,0.,0.));
#5299=DIRECTION('',(-1.,0.,0.));
#5300=DIRECTION('',(0.,0.,-1.));
#5301=DIRECTION('center_axis',(0.943188148426027,-0.332259110738415,0.));
#5302=DIRECTION('ref_axis',(-0.332259110738415,-0.943188148426027,0.));
#5303=DIRECTION('',(0.,0.,1.));
#5304=DIRECTION('',(-0.332259110738415,-0.943188148426027,0.));
#5305=DIRECTION('center_axis',(-1.,0.,0.));
#5306=DIRECTION('ref_axis',(0.,1.,0.));
#5307=DIRECTION('',(0.,0.,-1.));
#5308=DIRECTION('',(0.,1.,0.));
#5309=DIRECTION('',(0.,0.,-1.));
#5310=DIRECTION('',(0.,1.,0.));
#5311=DIRECTION('center_axis',(0.,0.,-1.));
#5312=DIRECTION('ref_axis',(-1.,0.,0.));
#5313=DIRECTION('',(1.,0.,0.));
#5314=DIRECTION('',(1.,0.,0.));
#5315=DIRECTION('',(0.,1.,0.));
#5316=DIRECTION('',(-1.,0.,0.));
#5317=DIRECTION('',(0.,-1.,0.));
#5318=DIRECTION('',(1.,0.,0.));
#5319=DIRECTION('',(0.,-1.,0.));
#5320=DIRECTION('center_axis',(0.,1.,0.));
#5321=DIRECTION('ref_axis',(1.,0.,0.));
#5322=DIRECTION('',(1.,0.,0.));
#5323=DIRECTION('',(0.,0.,-1.));
#5324=DIRECTION('center_axis',(-1.,0.,0.));
#5325=DIRECTION('ref_axis',(0.,1.,0.));
#5326=DIRECTION('',(0.,1.,0.));
#5327=DIRECTION('',(0.,0.,-1.));
#5328=DIRECTION('center_axis',(0.,-1.,0.));
#5329=DIRECTION('ref_axis',(-1.,0.,0.));
#5330=DIRECTION('',(-1.,0.,0.));
#5331=DIRECTION('',(0.,0.,-1.));
#5332=DIRECTION('center_axis',(1.,0.,0.));
#5333=DIRECTION('ref_axis',(0.,-1.,0.));
#5334=DIRECTION('',(0.,-1.,0.));
#5335=DIRECTION('',(0.,0.,-1.));
#5336=DIRECTION('center_axis',(0.,1.,0.));
#5337=DIRECTION('ref_axis',(1.,0.,0.));
#5338=DIRECTION('',(1.,0.,0.));
#5339=DIRECTION('',(0.,0.,-1.));
#5340=DIRECTION('center_axis',(1.,0.,0.));
#5341=DIRECTION('ref_axis',(0.,-1.,0.));
#5342=DIRECTION('',(0.,0.,1.));
#5343=DIRECTION('',(0.,-1.,0.));
#5344=DIRECTION('center_axis',(0.958991378733022,0.283435240426695,0.));
#5345=DIRECTION('ref_axis',(0.283435240426695,-0.958991378733021,0.));
#5346=DIRECTION('',(0.,0.,1.));
#5347=DIRECTION('',(0.283435240426695,-0.958991378733021,0.));
#5348=DIRECTION('',(0.,0.,-1.));
#5349=DIRECTION('',(0.283435240426695,-0.958991378733021,0.));
#5350=DIRECTION('center_axis',(-0.957826273174451,0.287347925722012,0.));
#5351=DIRECTION('ref_axis',(0.287347925722012,0.957826273174451,0.));
#5352=DIRECTION('',(0.,0.,-1.));
#5353=DIRECTION('',(0.287347925722012,0.957826273174451,0.));
#5354=DIRECTION('',(0.287347925722012,0.957826273174451,0.));
#5355=DIRECTION('center_axis',(0.,0.,1.));
#5356=DIRECTION('ref_axis',(1.,0.,0.));
#5357=DIRECTION('',(1.,0.,0.));
#5358=DIRECTION('',(-0.319456636532827,0.947600895617524,0.));
#5359=DIRECTION('',(-1.,0.,0.));
#5360=DIRECTION('',(-0.170101036572867,0.985426627079275,0.));
#5361=DIRECTION('',(-0.324780144300452,-0.945789542059002,0.));
#5362=DIRECTION('',(1.,0.,0.));
#5363=DIRECTION('center_axis',(-0.947600895617524,-0.319456636532827,0.));
#5364=DIRECTION('ref_axis',(-0.319456636532827,0.947600895617524,0.));
#5365=DIRECTION('',(0.,0.,-1.));
#5366=DIRECTION('',(-0.319456636532827,0.947600895617524,0.));
#5367=DIRECTION('',(0.,0.,-1.));
#5368=DIRECTION('center_axis',(0.,-1.,0.));
#5369=DIRECTION('ref_axis',(-1.,0.,0.));
#5370=DIRECTION('',(-1.,0.,0.));
#5371=DIRECTION('',(0.,0.,-1.));
#5372=DIRECTION('',(0.,0.,-1.));
#5373=DIRECTION('',(0.,0.,-1.));
#5374=DIRECTION('',(0.,0.,-1.));
#5375=DIRECTION('center_axis',(-0.985426627079275,-0.170101036572867,0.));
#5376=DIRECTION('ref_axis',(-0.170101036572867,0.985426627079275,0.));
#5377=DIRECTION('',(-0.170101036572867,0.985426627079275,0.));
#5378=DIRECTION('',(0.,0.,-1.));
#5379=DIRECTION('',(0.,0.,-1.));
#5380=DIRECTION('',(0.,0.,-1.));
#5381=DIRECTION('',(0.,0.,-1.));
#5382=DIRECTION('center_axis',(0.945789542059002,-0.324780144300452,0.));
#5383=DIRECTION('ref_axis',(-0.324780144300452,-0.945789542059002,0.));
#5384=DIRECTION('',(0.,0.,1.));
#5385=DIRECTION('',(-0.324780144300452,-0.945789542059002,0.));
#5386=DIRECTION('center_axis',(-1.,0.,0.));
#5387=DIRECTION('ref_axis',(0.,1.,0.));
#5388=DIRECTION('',(0.,0.,-1.));
#5389=DIRECTION('',(0.,1.,0.));
#5390=DIRECTION('',(0.,0.,-1.));
#5391=DIRECTION('',(0.,1.,0.));
#5392=DIRECTION('center_axis',(-1.,0.,0.));
#5393=DIRECTION('ref_axis',(0.,1.,0.));
#5394=DIRECTION('',(0.,0.,-1.));
#5395=DIRECTION('',(0.,1.,0.));
#5396=DIRECTION('',(0.,0.,-1.));
#5397=DIRECTION('',(0.,1.,0.));
#5398=DIRECTION('center_axis',(0.,0.,1.));
#5399=DIRECTION('ref_axis',(1.,0.,0.));
#5400=DIRECTION('',(1.,0.,0.));
#5401=DIRECTION('',(-1.,0.,0.));
#5402=DIRECTION('',(0.,-1.,0.));
#5403=DIRECTION('center_axis',(0.,0.,1.));
#5404=DIRECTION('ref_axis',(1.,0.,0.));
#5405=DIRECTION('',(1.,0.,0.));
#5406=DIRECTION('',(-1.,0.,0.));
#5407=DIRECTION('',(0.,-1.,0.));
#5408=DIRECTION('center_axis',(0.,-1.,0.));
#5409=DIRECTION('ref_axis',(-1.,0.,0.));
#5410=DIRECTION('',(-1.,0.,0.));
#5411=DIRECTION('',(0.,0.,-1.));
#5412=DIRECTION('center_axis',(1.,0.,0.));
#5413=DIRECTION('ref_axis',(0.,-1.,0.));
#5414=DIRECTION('',(0.,0.,1.));
#5415=DIRECTION('',(0.,-1.,0.));
#5416=DIRECTION('center_axis',(0.,-1.,0.));
#5417=DIRECTION('ref_axis',(-1.,0.,0.));
#5418=DIRECTION('',(-1.,0.,0.));
#5419=DIRECTION('',(0.,0.,-1.));
#5420=DIRECTION('center_axis',(1.,0.,0.));
#5421=DIRECTION('ref_axis',(0.,-1.,0.));
#5422=DIRECTION('',(0.,0.,1.));
#5423=DIRECTION('',(0.,-1.,0.));
#5424=DIRECTION('center_axis',(-1.,0.,0.));
#5425=DIRECTION('ref_axis',(0.,1.,0.));
#5426=DIRECTION('',(0.,0.,-1.));
#5427=DIRECTION('',(0.,1.,0.));
#5428=DIRECTION('',(0.,0.,-1.));
#5429=DIRECTION('',(0.,1.,0.));
#5430=DIRECTION('center_axis',(0.,0.,1.));
#5431=DIRECTION('ref_axis',(1.,0.,0.));
#5432=DIRECTION('',(1.,0.,0.));
#5433=DIRECTION('',(0.343196439849615,-0.939263649714259,0.));
#5434=DIRECTION('',(0.,-1.,0.));
#5435=DIRECTION('',(0.,0.,-1.));
#5436=DIRECTION('',(0.,0.,-1.));
#5437=DIRECTION('',(0.,0.,-1.));
#5438=DIRECTION('',(0.,0.,-1.));
#5439=DIRECTION('center_axis',(0.939263649714259,0.343196439849615,0.));
#5440=DIRECTION('ref_axis',(0.343196439849615,-0.939263649714259,0.));
#5441=DIRECTION('',(0.343196439849615,-0.939263649714259,0.));
#5442=DIRECTION('',(0.,0.,-1.));
#5443=DIRECTION('',(0.,0.,-1.));
#5444=DIRECTION('',(0.,0.,-1.));
#5445=DIRECTION('',(0.,0.,-1.));
#5446=DIRECTION('',(0.,0.,-1.));
#5447=DIRECTION('center_axis',(1.,0.,0.));
#5448=DIRECTION('ref_axis',(0.,-1.,0.));
#5449=DIRECTION('',(0.,0.,1.));
#5450=DIRECTION('',(0.,-1.,0.));
#5451=DIRECTION('',(0.,0.,-1.));
#5452=DIRECTION('',(0.,0.,-1.));
#5453=DIRECTION('center_axis',(0.,1.,0.));
#5454=DIRECTION('ref_axis',(1.,0.,0.));
#5455=DIRECTION('',(1.,0.,0.));
#5456=DIRECTION('',(0.,0.,-1.));
#5457=DIRECTION('',(1.,0.,0.));
#5458=DIRECTION('',(0.,0.,-1.));
#5459=DIRECTION('',(0.,0.,-1.));
#5460=DIRECTION('',(0.,0.,-1.));
#5461=DIRECTION('',(0.,0.,-1.));
#5462=DIRECTION('',(0.,0.,-1.));
#5463=DIRECTION('',(0.,0.,-1.));
#5464=DIRECTION('',(0.,0.,-1.));
#5465=DIRECTION('',(0.,0.,-1.));
#5466=DIRECTION('center_axis',(0.810043555902607,0.586369710626887,0.));
#5467=DIRECTION('ref_axis',(0.586369710626887,-0.810043555902607,0.));
#5468=DIRECTION('',(0.586369710626887,-0.810043555902607,0.));
#5469=DIRECTION('',(0.,0.,-1.));
#5470=DIRECTION('',(0.586369710626887,-0.810043555902607,0.));
#5471=DIRECTION('',(0.,0.,-1.));
#5472=DIRECTION('',(0.,0.,-1.));
#5473=DIRECTION('',(0.,0.,-1.));
#5474=DIRECTION('',(0.,0.,-1.));
#5475=DIRECTION('center_axis',(0.,-1.,0.));
#5476=DIRECTION('ref_axis',(-1.,0.,0.));
#5477=DIRECTION('',(-1.,0.,0.));
#5478=DIRECTION('',(-1.,0.,0.));
#5479=DIRECTION('center_axis',(0.,0.,1.));
#5480=DIRECTION('ref_axis',(1.,0.,0.));
#5481=DIRECTION('',(1.,0.,0.));
#5482=DIRECTION('',(1.,0.,0.));
#5483=DIRECTION('center_axis',(0.955684090706245,0.294394155463347,0.));
#5484=DIRECTION('ref_axis',(0.294394155463347,-0.955684090706245,0.));
#5485=DIRECTION('',(0.,0.,1.));
#5486=DIRECTION('',(0.294394155463347,-0.955684090706245,0.));
#5487=DIRECTION('',(0.,0.,-1.));
#5488=DIRECTION('',(0.294394155463347,-0.955684090706245,0.));
#5489=DIRECTION('center_axis',(-0.955374541388517,0.295397165976047,0.));
#5490=DIRECTION('ref_axis',(0.295397165976047,0.955374541388517,0.));
#5491=DIRECTION('',(0.,0.,-1.));
#5492=DIRECTION('',(0.295397165976047,0.955374541388517,0.));
#5493=DIRECTION('',(0.295397165976047,0.955374541388517,0.));
#5494=DIRECTION('center_axis',(0.,0.,-1.));
#5495=DIRECTION('ref_axis',(-1.,0.,0.));
#5496=DIRECTION('',(1.,0.,0.));
#5497=DIRECTION('',(-0.332259764305289,0.94318791819223,0.));
#5498=DIRECTION('',(-1.,0.,0.));
#5499=DIRECTION('',(-0.332259764305289,-0.94318791819223,0.));
#5500=DIRECTION('',(1.,0.,0.));
#5501=DIRECTION('center_axis',(-0.94318791819223,-0.33225976430529,0.));
#5502=DIRECTION('ref_axis',(-0.332259764305289,0.94318791819223,0.));
#5503=DIRECTION('',(0.,0.,-1.));
#5504=DIRECTION('',(-0.332259764305289,0.94318791819223,0.));
#5505=DIRECTION('',(0.,0.,-1.));
#5506=DIRECTION('center_axis',(0.,-1.,0.));
#5507=DIRECTION('ref_axis',(-1.,0.,0.));
#5508=DIRECTION('',(-1.,0.,0.));
#5509=DIRECTION('',(0.,0.,-1.));
#5510=DIRECTION('center_axis',(0.94318791819223,-0.33225976430529,0.));
#5511=DIRECTION('ref_axis',(-0.332259764305289,-0.94318791819223,0.));
#5512=DIRECTION('',(0.,0.,1.));
#5513=DIRECTION('',(-0.332259764305289,-0.94318791819223,0.));
#5514=DIRECTION('center_axis',(-1.,0.,0.));
#5515=DIRECTION('ref_axis',(0.,1.,0.));
#5516=DIRECTION('',(0.,0.,-1.));
#5517=DIRECTION('',(0.,1.,0.));
#5518=DIRECTION('',(0.,0.,-1.));
#5519=DIRECTION('',(0.,1.,0.));
#5520=DIRECTION('center_axis',(0.,0.,1.));
#5521=DIRECTION('ref_axis',(1.,0.,0.));
#5522=DIRECTION('',(1.,0.,0.));
#5523=DIRECTION('',(0.,1.,0.));
#5524=DIRECTION('',(1.,0.,0.));
#5525=DIRECTION('',(0.,1.,0.));
#5526=DIRECTION('',(-1.,0.,0.));
#5527=DIRECTION('',(0.,-1.,0.));
#5528=DIRECTION('',(1.,0.,0.));
#5529=DIRECTION('',(0.,-1.,0.));
#5530=DIRECTION('center_axis',(0.,0.,1.));
#5531=DIRECTION('ref_axis',(1.,0.,0.));
#5532=DIRECTION('',(1.,0.,0.));
#5533=DIRECTION('',(-1.,0.,0.));
#5534=DIRECTION('',(-0.0972232628868828,-0.995262597083618,0.));
#5535=DIRECTION('center_axis',(1.,0.,0.));
#5536=DIRECTION('ref_axis',(0.,-1.,0.));
#5537=DIRECTION('',(0.,-1.,0.));
#5538=DIRECTION('',(0.,0.,-1.));
#5539=DIRECTION('',(0.,0.,-1.));
#5540=DIRECTION('center_axis',(0.,1.,0.));
#5541=DIRECTION('ref_axis',(1.,0.,0.));
#5542=DIRECTION('',(1.,0.,0.));
#5543=DIRECTION('',(0.,0.,-1.));
#5544=DIRECTION('center_axis',(1.,0.,0.));
#5545=DIRECTION('ref_axis',(0.,-1.,0.));
#5546=DIRECTION('',(0.,-1.,0.));
#5547=DIRECTION('',(0.,0.,-1.));
#5548=DIRECTION('center_axis',(0.,-1.,0.));
#5549=DIRECTION('ref_axis',(-1.,0.,0.));
#5550=DIRECTION('',(-1.,0.,0.));
#5551=DIRECTION('',(0.,0.,-1.));
#5552=DIRECTION('center_axis',(0.995262597083618,-0.0972232628868828,0.));
#5553=DIRECTION('ref_axis',(-0.0972232628868828,-0.995262597083618,0.));
#5554=DIRECTION('',(0.,0.,1.));
#5555=DIRECTION('',(-0.0972232628868828,-0.995262597083618,0.));
#5556=DIRECTION('center_axis',(-1.,0.,0.));
#5557=DIRECTION('ref_axis',(0.,1.,0.));
#5558=DIRECTION('',(0.,0.,-1.));
#5559=DIRECTION('',(0.,1.,0.));
#5560=DIRECTION('',(0.,0.,-1.));
#5561=DIRECTION('center_axis',(0.,1.,0.));
#5562=DIRECTION('ref_axis',(1.,0.,0.));
#5563=DIRECTION('',(1.,0.,0.));
#5564=DIRECTION('',(0.,0.,-1.));
#5565=DIRECTION('center_axis',(-1.,0.,0.));
#5566=DIRECTION('ref_axis',(0.,1.,0.));
#5567=DIRECTION('',(0.,1.,0.));
#5568=DIRECTION('',(0.,0.,-1.));
#5569=DIRECTION('center_axis',(0.,-1.,0.));
#5570=DIRECTION('ref_axis',(-1.,0.,0.));
#5571=DIRECTION('',(-1.,0.,0.));
#5572=DIRECTION('',(0.,0.,-1.));
#5573=DIRECTION('center_axis',(-1.,0.,0.));
#5574=DIRECTION('ref_axis',(0.,1.,0.));
#5575=DIRECTION('',(0.,0.,-1.));
#5576=DIRECTION('',(0.,1.,0.));
#5577=DIRECTION('',(0.,0.,-1.));
#5578=DIRECTION('',(0.,1.,0.));
#5579=DIRECTION('center_axis',(0.,0.,1.));
#5580=DIRECTION('ref_axis',(1.,0.,0.));
#5581=DIRECTION('',(1.,0.,0.));
#5582=DIRECTION('',(-0.122156343406814,0.992510870351291,0.));
#5583=DIRECTION('',(-1.,0.,0.));
#5584=DIRECTION('',(0.,-1.,0.));
#5585=DIRECTION('',(1.,0.,0.));
#5586=DIRECTION('',(0.,0.,-1.));
#5587=DIRECTION('',(0.,0.,-1.));
#5588=DIRECTION('',(0.,0.,-1.));
#5589=DIRECTION('',(0.,0.,-1.));
#5590=DIRECTION('',(0.,0.,-1.));
#5591=DIRECTION('',(0.,0.,-1.));
#5592=DIRECTION('',(0.,0.,-1.));
#5593=DIRECTION('',(0.,0.,-1.));
#5594=DIRECTION('',(0.,0.,-1.));
#5595=DIRECTION('center_axis',(-0.992510870351291,-0.122156343406814,0.));
#5596=DIRECTION('ref_axis',(-0.122156343406814,0.992510870351291,0.));
#5597=DIRECTION('',(-0.122156343406814,0.992510870351291,0.));
#5598=DIRECTION('',(0.,0.,-1.));
#5599=DIRECTION('center_axis',(0.,-1.,0.));
#5600=DIRECTION('ref_axis',(-1.,0.,0.));
#5601=DIRECTION('',(-1.,0.,0.));
#5602=DIRECTION('',(0.,0.,-1.));
#5603=DIRECTION('center_axis',(1.,0.,0.));
#5604=DIRECTION('ref_axis',(0.,-1.,0.));
#5605=DIRECTION('',(0.,0.,1.));
#5606=DIRECTION('',(0.,-1.,0.));
#5607=DIRECTION('',(0.,0.,-1.));
#5608=DIRECTION('',(0.,0.,-1.));
#5609=DIRECTION('center_axis',(0.,0.,1.));
#5610=DIRECTION('ref_axis',(1.,0.,0.));
#5611=DIRECTION('',(1.,0.,0.));
#5612=DIRECTION('',(1.,0.,0.));
#5613=DIRECTION('',(0.,0.,-1.));
#5614=DIRECTION('',(0.,0.,-1.));
#5615=DIRECTION('',(0.,0.,-1.));
#5616=DIRECTION('',(0.,0.,-1.));
#5617=DIRECTION('',(0.,0.,-1.));
#5618=DIRECTION('',(0.,0.,-1.));
#5619=DIRECTION('',(0.,0.,-1.));
#5620=DIRECTION('',(0.,0.,-1.));
#5621=DIRECTION('',(0.,0.,-1.));
#5622=DIRECTION('center_axis',(1.,0.,0.));
#5623=DIRECTION('ref_axis',(0.,-1.,0.));
#5624=DIRECTION('',(0.,0.,1.));
#5625=DIRECTION('',(0.,-1.,0.));
#5626=DIRECTION('',(0.,0.,-1.));
#5627=DIRECTION('',(0.,-1.,0.));
#5628=DIRECTION('center_axis',(-1.,0.,0.));
#5629=DIRECTION('ref_axis',(0.,1.,0.));
#5630=DIRECTION('',(0.,0.,-1.));
#5631=DIRECTION('',(0.,1.,0.));
#5632=DIRECTION('',(0.,0.,-1.));
#5633=DIRECTION('',(0.,1.,0.));
#5634=DIRECTION('center_axis',(0.,1.,0.));
#5635=DIRECTION('ref_axis',(1.,0.,0.));
#5636=DIRECTION('',(1.,0.,0.));
#5637=DIRECTION('',(0.,0.,-1.));
#5638=DIRECTION('',(1.,0.,0.));
#5639=DIRECTION('center_axis',(-1.,0.,0.));
#5640=DIRECTION('ref_axis',(0.,1.,0.));
#5641=DIRECTION('',(0.,1.,0.));
#5642=DIRECTION('',(0.,0.,-1.));
#5643=DIRECTION('',(0.,1.,0.));
#5644=DIRECTION('center_axis',(0.,-1.,0.));
#5645=DIRECTION('ref_axis',(-1.,0.,0.));
#5646=DIRECTION('',(-1.,0.,0.));
#5647=DIRECTION('',(0.,0.,-1.));
#5648=DIRECTION('',(-1.,0.,0.));
#5649=DIRECTION('center_axis',(1.,0.,0.));
#5650=DIRECTION('ref_axis',(0.,-1.,0.));
#5651=DIRECTION('',(0.,-1.,0.));
#5652=DIRECTION('',(0.,0.,-1.));
#5653=DIRECTION('',(0.,-1.,0.));
#5654=DIRECTION('center_axis',(0.,1.,0.));
#5655=DIRECTION('ref_axis',(1.,0.,0.));
#5656=DIRECTION('',(1.,0.,0.));
#5657=DIRECTION('',(1.,0.,0.));
#5658=DIRECTION('center_axis',(0.,0.,-1.));
#5659=DIRECTION('ref_axis',(-1.,0.,0.));
#5660=DIRECTION('',(1.,0.,0.));
#5661=DIRECTION('',(0.,0.,-1.));
#5662=DIRECTION('',(0.,0.,-1.));
#5663=DIRECTION('',(0.,0.,-1.));
#5664=DIRECTION('',(0.,0.,-1.));
#5665=DIRECTION('',(0.,0.,-1.));
#5666=DIRECTION('center_axis',(1.,0.,0.));
#5667=DIRECTION('ref_axis',(0.,-1.,0.));
#5668=DIRECTION('',(0.,0.,1.));
#5669=DIRECTION('',(0.,-1.,0.));
#5670=DIRECTION('',(0.,-1.,0.));
#5671=DIRECTION('center_axis',(-1.,0.,0.));
#5672=DIRECTION('ref_axis',(0.,1.,0.));
#5673=DIRECTION('',(0.,0.,-1.));
#5674=DIRECTION('',(0.,1.,0.));
#5675=DIRECTION('',(0.,0.,-1.));
#5676=DIRECTION('',(0.,1.,0.));
#5677=DIRECTION('',(0.,0.,-1.));
#5678=DIRECTION('',(0.,0.,-1.));
#5679=DIRECTION('',(0.,0.,-1.));
#5680=DIRECTION('',(0.,0.,-1.));
#5681=DIRECTION('center_axis',(0.877214999767127,0.480097744405824,0.));
#5682=DIRECTION('ref_axis',(0.480097744405824,-0.877214999767127,0.));
#5683=DIRECTION('',(0.480097744405824,-0.877214999767127,0.));
#5684=DIRECTION('',(0.480097744405824,-0.877214999767127,0.));
#5685=DIRECTION('center_axis',(0.,0.,1.));
#5686=DIRECTION('ref_axis',(1.,0.,0.));
#5687=DIRECTION('',(1.,0.,0.));
#5688=DIRECTION('center_axis',(-1.,0.,0.));
#5689=DIRECTION('ref_axis',(0.,1.,0.));
#5690=DIRECTION('',(0.,0.,-1.));
#5691=DIRECTION('',(0.,1.,0.));
#5692=DIRECTION('',(0.,0.,-1.));
#5693=DIRECTION('',(0.,1.,0.));
#5694=DIRECTION('center_axis',(0.,0.,1.));
#5695=DIRECTION('ref_axis',(1.,0.,0.));
#5696=DIRECTION('',(1.,0.,0.));
#5697=DIRECTION('',(1.,0.,0.));
#5698=DIRECTION('',(-0.312475558281201,-0.949925799984847,0.));
#5699=DIRECTION('',(0.,-1.,0.));
#5700=DIRECTION('',(-1.,0.,0.));
#5701=DIRECTION('',(0.,1.,0.));
#5702=DIRECTION('',(0.,0.,-1.));
#5703=DIRECTION('',(0.,0.,-1.));
#5704=DIRECTION('',(0.,0.,-1.));
#5705=DIRECTION('center_axis',(0.,-1.,0.));
#5706=DIRECTION('ref_axis',(-1.,0.,0.));
#5707=DIRECTION('',(-1.,0.,0.));
#5708=DIRECTION('',(0.,0.,-1.));
#5709=DIRECTION('center_axis',(-1.,0.,0.));
#5710=DIRECTION('ref_axis',(0.,1.,0.));
#5711=DIRECTION('',(0.,1.,0.));
#5712=DIRECTION('',(0.,0.,-1.));
#5713=DIRECTION('',(0.,0.,-1.));
#5714=DIRECTION('',(0.,0.,-1.));
#5715=DIRECTION('center_axis',(0.,1.,0.));
#5716=DIRECTION('ref_axis',(1.,0.,0.));
#5717=DIRECTION('',(1.,0.,0.));
#5718=DIRECTION('',(0.,0.,-1.));
#5719=DIRECTION('',(0.,0.,-1.));
#5720=DIRECTION('',(0.,0.,-1.));
#5721=DIRECTION('',(0.,0.,-1.));
#5722=DIRECTION('',(0.,0.,-1.));
#5723=DIRECTION('',(0.,0.,-1.));
#5724=DIRECTION('',(0.,0.,-1.));
#5725=DIRECTION('',(0.,0.,-1.));
#5726=DIRECTION('',(0.,0.,-1.));
#5727=DIRECTION('center_axis',(0.949925799984847,-0.312475558281201,0.));
#5728=DIRECTION('ref_axis',(-0.312475558281201,-0.949925799984847,0.));
#5729=DIRECTION('',(-0.312475558281201,-0.949925799984847,0.));
#5730=DIRECTION('',(0.,0.,-1.));
#5731=DIRECTION('',(0.,0.,-1.));
#5732=DIRECTION('',(0.,0.,-1.));
#5733=DIRECTION('center_axis',(1.,0.,0.));
#5734=DIRECTION('ref_axis',(0.,-1.,0.));
#5735=DIRECTION('',(0.,0.,1.));
#5736=DIRECTION('',(0.,-1.,0.));
#5737=DIRECTION('',(0.,0.,-1.));
#5738=DIRECTION('',(0.,0.,-1.));
#5739=DIRECTION('center_axis',(0.,0.,1.));
#5740=DIRECTION('ref_axis',(1.,0.,0.));
#5741=DIRECTION('',(1.,0.,0.));
#5742=DIRECTION('',(-1.,0.,0.));
#5743=DIRECTION('',(1.,0.,0.));
#5744=DIRECTION('',(1.,0.,0.));
#5745=DIRECTION('',(1.,0.,0.));
#5746=DIRECTION('',(0.,0.,-1.));
#5747=DIRECTION('',(0.,0.,-1.));
#5748=DIRECTION('',(0.,0.,-1.));
#5749=DIRECTION('',(0.,0.,-1.));
#5750=DIRECTION('',(0.,0.,-1.));
#5751=DIRECTION('',(0.,0.,-1.));
#5752=DIRECTION('center_axis',(0.,-1.,0.));
#5753=DIRECTION('ref_axis',(-1.,0.,0.));
#5754=DIRECTION('',(-1.,0.,0.));
#5755=DIRECTION('',(0.,0.,-1.));
#5756=DIRECTION('',(0.,0.,-1.));
#5757=DIRECTION('',(0.,0.,-1.));
#5758=DIRECTION('',(0.,0.,-1.));
#5759=DIRECTION('',(0.,0.,-1.));
#5760=DIRECTION('',(0.,0.,-1.));
#5761=DIRECTION('',(0.,0.,-1.));
#5762=DIRECTION('',(0.,0.,-1.));
#5763=DIRECTION('center_axis',(0.,1.,0.));
#5764=DIRECTION('ref_axis',(1.,0.,0.));
#5765=DIRECTION('',(1.,0.,0.));
#5766=DIRECTION('',(0.,0.,-1.));
#5767=DIRECTION('',(0.,0.,-1.));
#5768=DIRECTION('',(0.,0.,-1.));
#5769=DIRECTION('',(0.,0.,-1.));
#5770=DIRECTION('',(0.,0.,-1.));
#5771=DIRECTION('',(0.,0.,-1.));
#5772=DIRECTION('',(0.,0.,-1.));
#5773=DIRECTION('',(0.,0.,-1.));
#5774=DIRECTION('',(0.,0.,-1.));
#5775=DIRECTION('center_axis',(0.,1.,0.));
#5776=DIRECTION('ref_axis',(1.,0.,0.));
#5777=DIRECTION('',(1.,0.,0.));
#5778=DIRECTION('',(0.,0.,-1.));
#5779=DIRECTION('',(0.,0.,-1.));
#5780=DIRECTION('',(0.,0.,-1.));
#5781=DIRECTION('',(0.,0.,-1.));
#5782=DIRECTION('',(0.,0.,-1.));
#5783=DIRECTION('',(0.,0.,-1.));
#5784=DIRECTION('',(0.,0.,-1.));
#5785=DIRECTION('',(0.,0.,-1.));
#5786=DIRECTION('center_axis',(0.,-1.,0.));
#5787=DIRECTION('ref_axis',(1.,0.,0.));
#5788=DIRECTION('',(1.,0.,0.));
#5789=DIRECTION('',(1.,0.,0.));
#5790=DIRECTION('',(1.,0.,0.));
#5791=DIRECTION('',(1.,0.,0.));
#5792=DIRECTION('',(1.,0.,0.));
#5793=DIRECTION('',(1.,0.,0.));
#5794=DIRECTION('',(1.,0.,0.));
#5795=DIRECTION('',(1.,0.,0.));
#5796=DIRECTION('',(1.,0.,0.));
#5797=DIRECTION('',(1.,0.,0.));
#5798=DIRECTION('',(1.,0.,0.));
#5799=DIRECTION('',(1.,0.,0.));
#5800=DIRECTION('',(1.,0.,0.));
#5801=DIRECTION('',(1.,0.,0.));
#5802=DIRECTION('',(1.,0.,0.));
#5803=DIRECTION('',(1.,0.,0.));
#5804=DIRECTION('',(1.,0.,0.));
#5805=DIRECTION('',(1.,0.,0.));
#5806=DIRECTION('',(1.,0.,0.));
#5807=DIRECTION('',(1.,0.,0.));
#5808=DIRECTION('',(1.,0.,0.));
#5809=DIRECTION('',(1.,0.,0.));
#5810=DIRECTION('center_axis',(0.,1.,0.));
#5811=DIRECTION('ref_axis',(1.,0.,1.77635683940025E-15));
#5812=DIRECTION('',(0.,0.,-1.));
#5813=DIRECTION('',(-1.,0.,0.));
#5814=DIRECTION('',(0.,0.,1.));
#5815=DIRECTION('center_axis',(0.,1.,0.));
#5816=DIRECTION('ref_axis',(-1.77635683940025E-15,0.,1.));
#5817=DIRECTION('',(1.,0.,0.));
#5818=DIRECTION('',(1.,0.,0.));
#5819=DIRECTION('',(1.,0.,0.));
#5820=DIRECTION('',(1.,0.,0.));
#5821=DIRECTION('center_axis',(0.,-1.,0.));
#5822=DIRECTION('ref_axis',(-1.,0.,0.));
#5823=DIRECTION('center_axis',(0.,-1.,0.));
#5824=DIRECTION('ref_axis',(-1.,0.,0.));
#5825=DIRECTION('center_axis',(0.,0.,1.));
#5826=DIRECTION('ref_axis',(-1.,0.,0.));
#5827=DIRECTION('center_axis',(0.,0.,1.));
#5828=DIRECTION('ref_axis',(-1.,0.,0.));
#5829=DIRECTION('center_axis',(0.,0.,1.));
#5830=DIRECTION('ref_axis',(-1.,0.,0.));
#5831=DIRECTION('center_axis',(0.,0.,1.));
#5832=DIRECTION('ref_axis',(-1.,0.,0.));
#5833=DIRECTION('center_axis',(0.,0.,1.));
#5834=DIRECTION('ref_axis',(-1.,0.,0.));
#5835=DIRECTION('center_axis',(0.,0.,1.));
#5836=DIRECTION('ref_axis',(-1.,0.,0.));
#5837=DIRECTION('center_axis',(0.,0.,1.));
#5838=DIRECTION('ref_axis',(-1.,0.,0.));
#5839=DIRECTION('center_axis',(0.,0.,1.));
#5840=DIRECTION('ref_axis',(-1.,0.,0.));
#5841=DIRECTION('center_axis',(0.,1.,0.));
#5842=DIRECTION('ref_axis',(1.,0.,0.));
#5843=DIRECTION('center_axis',(0.,1.,0.));
#5844=DIRECTION('ref_axis',(1.,0.,0.));
#5845=DIRECTION('',(0.,1.,0.));
#5846=DIRECTION('center_axis',(0.,1.,0.));
#5847=DIRECTION('ref_axis',(1.,0.,0.));
#5848=DIRECTION('center_axis',(0.,-1.,0.));
#5849=DIRECTION('ref_axis',(1.,0.,0.));
#5850=DIRECTION('center_axis',(0.,1.,0.));
#5851=DIRECTION('ref_axis',(1.,0.,0.));
#5852=DIRECTION('center_axis',(0.,1.,0.));
#5853=DIRECTION('ref_axis',(1.,0.,0.));
#5854=DIRECTION('',(0.,1.,0.));
#5855=DIRECTION('center_axis',(0.,1.,0.));
#5856=DIRECTION('ref_axis',(1.,0.,0.));
#5857=DIRECTION('center_axis',(0.,-1.,0.));
#5858=DIRECTION('ref_axis',(1.,0.,0.));
#5859=DIRECTION('center_axis',(0.,1.,0.));
#5860=DIRECTION('ref_axis',(1.,0.,0.));
#5861=DIRECTION('center_axis',(0.,1.,0.));
#5862=DIRECTION('ref_axis',(1.,0.,0.));
#5863=DIRECTION('',(0.,1.,0.));
#5864=DIRECTION('center_axis',(0.,1.,0.));
#5865=DIRECTION('ref_axis',(1.,0.,0.));
#5866=DIRECTION('center_axis',(0.,-1.,0.));
#5867=DIRECTION('ref_axis',(1.,0.,0.));
#5868=DIRECTION('center_axis',(0.,1.,0.));
#5869=DIRECTION('ref_axis',(1.,0.,0.));
#5870=DIRECTION('center_axis',(0.,1.,0.));
#5871=DIRECTION('ref_axis',(1.,0.,0.));
#5872=DIRECTION('',(0.,1.,0.));
#5873=DIRECTION('center_axis',(0.,1.,0.));
#5874=DIRECTION('ref_axis',(1.,0.,0.));
#5875=DIRECTION('center_axis',(0.,-1.,0.));
#5876=DIRECTION('ref_axis',(1.,0.,0.));
#5877=DIRECTION('center_axis',(0.,-1.,0.));
#5878=DIRECTION('ref_axis',(-1.,0.,0.));
#5879=DIRECTION('',(0.,-1.,0.));
#5880=DIRECTION('center_axis',(0.,-1.,0.));
#5881=DIRECTION('ref_axis',(-1.,0.,0.));
#5882=DIRECTION('center_axis',(0.,1.,0.));
#5883=DIRECTION('ref_axis',(-1.,0.,0.));
#5884=DIRECTION('center_axis',(0.,-1.,0.));
#5885=DIRECTION('ref_axis',(-1.,0.,0.));
#5886=DIRECTION('',(0.,-1.,0.));
#5887=DIRECTION('center_axis',(0.,-1.,0.));
#5888=DIRECTION('ref_axis',(-1.,0.,0.));
#5889=DIRECTION('center_axis',(0.,1.,0.));
#5890=DIRECTION('ref_axis',(-1.,0.,0.));
#5891=DIRECTION('center_axis',(0.,-1.,0.));
#5892=DIRECTION('ref_axis',(-1.,0.,0.));
#5893=DIRECTION('center_axis',(0.,-1.,0.));
#5894=DIRECTION('ref_axis',(-1.,0.,0.));
#5895=DIRECTION('',(0.,-1.,0.));
#5896=DIRECTION('center_axis',(0.,-1.,0.));
#5897=DIRECTION('ref_axis',(-1.,0.,0.));
#5898=DIRECTION('center_axis',(0.,1.,0.));
#5899=DIRECTION('ref_axis',(-1.,0.,0.));
#5900=DIRECTION('center_axis',(0.,-1.,0.));
#5901=DIRECTION('ref_axis',(-1.,0.,0.));
#5902=DIRECTION('center_axis',(0.,-1.,0.));
#5903=DIRECTION('ref_axis',(-1.,0.,0.));
#5904=DIRECTION('',(0.,-1.,0.));
#5905=DIRECTION('center_axis',(0.,-1.,0.));
#5906=DIRECTION('ref_axis',(-1.,0.,0.));
#5907=DIRECTION('center_axis',(0.,1.,0.));
#5908=DIRECTION('ref_axis',(-1.,0.,0.));
#5909=DIRECTION('center_axis',(0.,0.,-1.));
#5910=DIRECTION('ref_axis',(1.,0.,0.));
#5911=DIRECTION('',(1.,0.,0.));
#5912=DIRECTION('',(0.,1.,0.));
#5913=DIRECTION('',(1.,0.,0.));
#5914=DIRECTION('',(0.,-1.,0.));
#5915=DIRECTION('center_axis',(0.,0.,1.));
#5916=DIRECTION('ref_axis',(-1.,0.,0.));
#5917=DIRECTION('',(0.,1.,0.));
#5918=DIRECTION('',(-1.,0.,0.));
#5919=DIRECTION('',(0.,-1.,0.));
#5920=DIRECTION('center_axis',(1.,0.,0.));
#5921=DIRECTION('ref_axis',(0.,0.,1.));
#5922=DIRECTION('',(0.,0.,-1.));
#5923=DIRECTION('',(0.,-1.,0.));
#5924=DIRECTION('',(0.,0.,1.));
#5925=DIRECTION('',(0.,-1.,0.));
#5926=DIRECTION('',(0.,0.,-1.));
#5927=DIRECTION('center_axis',(0.,-1.,0.));
#5928=DIRECTION('ref_axis',(1.,0.,0.));
#5929=DIRECTION('',(0.,0.,1.));
#5930=DIRECTION('center_axis',(0.,1.,0.));
#5931=DIRECTION('ref_axis',(0.,0.,-1.));
#5932=DIRECTION('',(0.,0.,-1.));
#5933=DIRECTION('center_axis',(0.,1.,0.));
#5934=DIRECTION('ref_axis',(1.,0.,-1.77635683940025E-15));
#5935=DIRECTION('',(1.,0.,8.07434927000114E-17));
#5936=DIRECTION('center_axis',(0.,1.,0.));
#5937=DIRECTION('ref_axis',(0.,0.,1.));
#5938=DIRECTION('',(-1.77635683940025E-16,0.,1.));
#5939=DIRECTION('center_axis',(0.,1.,0.));
#5940=DIRECTION('ref_axis',(-1.,0.,0.));
#5941=DIRECTION('',(-1.,0.,0.));
#5942=DIRECTION('center_axis',(0.,-1.,0.));
#5943=DIRECTION('ref_axis',(1.,0.,0.));
#5944=DIRECTION('center_axis',(0.,1.,0.));
#5945=DIRECTION('ref_axis',(1.77635683940025E-15,0.,-1.));
#5946=DIRECTION('',(-1.,0.,0.));
#5947=DIRECTION('center_axis',(0.,1.,0.));
#5948=DIRECTION('ref_axis',(-1.,0.,-1.77635683940025E-15));
#5949=DIRECTION('',(0.,0.,1.));
#5950=DIRECTION('center_axis',(-1.,0.,0.));
#5951=DIRECTION('ref_axis',(0.,0.,-1.));
#5952=DIRECTION('',(0.,-1.,0.));
#5953=DIRECTION('',(0.,0.,-1.));
#5954=DIRECTION('',(0.,-1.,0.));
#5955=DIRECTION('center_axis',(0.,-1.,0.));
#5956=DIRECTION('ref_axis',(1.,0.,-1.77635683940025E-15));
#5957=DIRECTION('center_axis',(0.,1.,0.));
#5958=DIRECTION('ref_axis',(1.,0.,-1.77635683940025E-15));
#5959=DIRECTION('',(0.,-1.,0.));
#5960=DIRECTION('center_axis',(8.07434927000114E-17,0.,-1.));
#5961=DIRECTION('ref_axis',(1.,0.,8.07434927000114E-17));
#5962=DIRECTION('',(1.,0.,8.07434927000114E-17));
#5963=DIRECTION('',(0.,-1.,0.));
#5964=DIRECTION('center_axis',(0.,-1.,0.));
#5965=DIRECTION('ref_axis',(0.,0.,1.));
#5966=DIRECTION('center_axis',(0.,1.,0.));
#5967=DIRECTION('ref_axis',(0.,0.,1.));
#5968=DIRECTION('',(0.,-1.,0.));
#5969=DIRECTION('center_axis',(1.,0.,1.77635683940025E-16));
#5970=DIRECTION('ref_axis',(-1.77635683940025E-16,0.,1.));
#5971=DIRECTION('',(-1.77635683940025E-16,0.,1.));
#5972=DIRECTION('',(0.,-1.,0.));
#5973=DIRECTION('center_axis',(0.,-1.,0.));
#5974=DIRECTION('ref_axis',(-1.,0.,0.));
#5975=DIRECTION('center_axis',(0.,1.,0.));
#5976=DIRECTION('ref_axis',(-1.,0.,0.));
#5977=DIRECTION('',(0.,-1.,0.));
#5978=DIRECTION('center_axis',(0.,0.,1.));
#5979=DIRECTION('ref_axis',(-1.,0.,0.));
#5980=DIRECTION('',(-1.,0.,0.));
#5981=DIRECTION('',(0.,-1.,0.));
#5982=DIRECTION('center_axis',(0.,-1.,0.));
#5983=DIRECTION('ref_axis',(0.,0.,-1.));
#5984=DIRECTION('center_axis',(0.,1.,0.));
#5985=DIRECTION('ref_axis',(0.,0.,-1.));
#5986=DIRECTION('center_axis',(0.,-1.,0.));
#5987=DIRECTION('ref_axis',(-1.77635683940025E-15,0.,1.));
#5988=DIRECTION('',(0.,-1.,0.));
#5989=DIRECTION('center_axis',(0.,-1.,0.));
#5990=DIRECTION('ref_axis',(-1.77635683940025E-15,0.,1.));
#5991=DIRECTION('',(0.,-1.,0.));
#5992=DIRECTION('center_axis',(0.,0.,1.));
#5993=DIRECTION('ref_axis',(-1.,0.,0.));
#5994=DIRECTION('',(-1.,0.,0.));
#5995=DIRECTION('',(0.,-1.,0.));
#5996=DIRECTION('center_axis',(0.,-1.,0.));
#5997=DIRECTION('ref_axis',(1.,0.,1.77635683940025E-15));
#5998=DIRECTION('center_axis',(0.,-1.,0.));
#5999=DIRECTION('ref_axis',(1.,0.,1.77635683940025E-15));
#6000=DIRECTION('center_axis',(0.,-1.,0.));
#6001=DIRECTION('ref_axis',(1.77635683940025E-15,0.,-1.));
#6002=DIRECTION('center_axis',(0.,-1.,0.));
#6003=DIRECTION('ref_axis',(1.77635683940025E-15,0.,-1.));
#6004=DIRECTION('',(0.,-1.,0.));
#6005=DIRECTION('center_axis',(0.,0.,-1.));
#6006=DIRECTION('ref_axis',(1.,0.,0.));
#6007=DIRECTION('',(1.,0.,0.));
#6008=DIRECTION('',(0.,-1.,0.));
#6009=DIRECTION('center_axis',(0.,-1.,0.));
#6010=DIRECTION('ref_axis',(-1.,0.,-1.77635683940025E-15));
#6011=DIRECTION('center_axis',(0.,-1.,0.));
#6012=DIRECTION('ref_axis',(-1.,0.,-1.77635683940025E-15));
#6013=DIRECTION('',(0.,-1.,0.));
#6014=DIRECTION('center_axis',(-1.,0.,0.));
#6015=DIRECTION('ref_axis',(0.,0.,-1.));
#6016=DIRECTION('',(0.,0.,-1.));
#6017=DIRECTION('center_axis',(0.,-1.,0.));
#6018=DIRECTION('ref_axis',(1.,0.,0.));
#6019=CARTESIAN_POINT('',(0.,0.,0.));
#6020=CARTESIAN_POINT('Origin',(85.,-15.0000002235174,-40.0000005960464));
#6021=CARTESIAN_POINT('',(85.,-15.0000002235174,-38.0000005960464));
#6022=CARTESIAN_POINT('Origin',(85.,-15.0000002235174,-40.0000005960464));
#6023=CARTESIAN_POINT('',(78.3,-15.0000002235174,-38.0000005960464));
#6024=CARTESIAN_POINT('',(85.,-15.0000002235174,-38.0000005960464));
#6025=CARTESIAN_POINT('Origin',(78.3,-15.0000002235174,-40.0000005960464));
#6026=CARTESIAN_POINT('Origin',(78.3,-15.0000002235174,-40.0000005960464));
#6027=CARTESIAN_POINT('Origin',(85.,-15.0000002235174,40.0000005960464));
#6028=CARTESIAN_POINT('',(85.,-15.0000002235174,42.0000005960464));
#6029=CARTESIAN_POINT('Origin',(85.,-15.0000002235174,40.0000005960464));
#6030=CARTESIAN_POINT('',(78.3,-15.0000002235174,42.0000005960464));
#6031=CARTESIAN_POINT('',(85.,-15.0000002235174,42.0000005960464));
#6032=CARTESIAN_POINT('Origin',(78.3,-15.0000002235174,40.0000005960464));
#6033=CARTESIAN_POINT('Origin',(78.3,-15.0000002235174,40.0000005960464));
#6034=CARTESIAN_POINT('Origin',(-85.,-15.0000002235174,-40.0000005960464));
#6035=CARTESIAN_POINT('',(-85.,-15.0000002235174,-42.0000005960464));
#6036=CARTESIAN_POINT('Origin',(-85.,-15.0000002235174,-40.0000005960464));
#6037=CARTESIAN_POINT('',(-78.3,-15.0000002235174,-42.0000005960464));
#6038=CARTESIAN_POINT('',(-85.,-15.0000002235174,-42.0000005960464));
#6039=CARTESIAN_POINT('Origin',(-78.3,-15.0000002235174,-40.0000005960464));
#6040=CARTESIAN_POINT('Origin',(-78.3,-15.0000002235174,-40.0000005960464));
#6041=CARTESIAN_POINT('Origin',(-85.,-15.0000002235174,40.0000005960464));
#6042=CARTESIAN_POINT('',(-85.,-15.0000002235174,38.0000005960464));
#6043=CARTESIAN_POINT('Origin',(-85.,-15.0000002235174,40.0000005960464));
#6044=CARTESIAN_POINT('',(-78.3,-15.0000002235174,38.0000005960464));
#6045=CARTESIAN_POINT('',(-85.,-15.0000002235174,38.0000005960464));
#6046=CARTESIAN_POINT('Origin',(-78.3,-15.0000002235174,40.0000005960464));
#6047=CARTESIAN_POINT('Origin',(-78.3,-15.0000002235174,40.0000005960464));
#6048=CARTESIAN_POINT('Origin',(-49.4246422499418,-0.133333802223206,60.));
#6049=CARTESIAN_POINT('',(-49.4246422499418,0.,60.));
#6050=CARTESIAN_POINT('',(-49.4246422499418,0.,59.));
#6051=CARTESIAN_POINT('',(-49.4246422499418,0.,57.5));
#6052=CARTESIAN_POINT('',(-49.4246422499418,-0.133333802223206,60.));
#6053=CARTESIAN_POINT('',(-49.4246422499418,-5.0666669011116,60.));
#6054=CARTESIAN_POINT('',(-49.4246422499418,-0.133333802223206,59.));
#6055=CARTESIAN_POINT('',(-49.4246422499418,-0.133333802223206,60.));
#6056=CARTESIAN_POINT('',(-49.4246422499418,-0.133333802223206,59.));
#6057=CARTESIAN_POINT('Origin',(-2.50000171363354,-0.69275438785553,59.));
#6058=CARTESIAN_POINT('',(-52.5840627402067,0.,59.));
#6059=CARTESIAN_POINT('',(-50.9621516508918,3.74727375865302E-17,59.));
#6060=CARTESIAN_POINT('',(-1.25000085681677,0.,59.));
#6061=CARTESIAN_POINT('',(-52.5840627402067,-3.07246387004852,59.));
#6062=CARTESIAN_POINT('',(-52.5840627402067,-3.07246387004852,59.));
#6063=CARTESIAN_POINT('',(-53.4826146811247,-3.07246387004852,59.));
#6064=CARTESIAN_POINT('',(-53.4826146811247,-3.07246387004852,59.));
#6065=CARTESIAN_POINT('',(-53.4826146811247,-4.00000035762787,59.));
#6066=CARTESIAN_POINT('',(-53.4826146811247,-4.00000035762787,59.));
#6067=CARTESIAN_POINT('',(-50.0507294386625,-4.00000035762787,59.));
#6068=CARTESIAN_POINT('',(-50.0507294386625,-4.00000035762787,59.));
#6069=CARTESIAN_POINT('',(-50.0507294386625,-3.07246387004852,59.));
#6070=CARTESIAN_POINT('',(-50.0507294386625,-3.07246387004852,59.));
#6071=CARTESIAN_POINT('',(-51.2855135649443,-3.07246387004852,59.));
#6072=CARTESIAN_POINT('',(-51.2855135649443,-3.07246387004852,59.));
#6073=CARTESIAN_POINT('',(-51.2855135649443,-0.799999833106995,59.));
#6074=CARTESIAN_POINT('',(-51.2855135649443,-0.799999833106995,59.));
#6075=CARTESIAN_POINT('Ctrl Pts',(-50.9621516508918,7.49454751730605E-17,
59.));
#6076=CARTESIAN_POINT('Ctrl Pts',(-50.9626926335024,-0.000965404956202338,
59.));
#6077=CARTESIAN_POINT('Ctrl Pts',(-51.1021865144016,-0.2503258970343,59.));
#6078=CARTESIAN_POINT('Ctrl Pts',(-51.1940278942146,-0.525696130650872,
59.));
#6079=CARTESIAN_POINT('Ctrl Pts',(-51.2855135649443,-0.799999833106995,
59.));
#6080=CARTESIAN_POINT('Origin',(-2.50000171363354,-0.69275438785553,59.));
#6081=CARTESIAN_POINT('',(-48.4840831543069,0.,59.));
#6082=CARTESIAN_POINT('',(-1.25000085681677,0.,59.));
#6083=CARTESIAN_POINT('',(-48.4971081465483,-0.133333802223206,59.));
#6084=CARTESIAN_POINT('',(-48.4971081465483,-0.133333802223206,59.));
#6085=CARTESIAN_POINT('',(-48.2768165320158,2.12173998355865,59.));
#6086=CARTESIAN_POINT('Origin',(-50.0507294386625,-3.07246387004852,60.));
#6087=CARTESIAN_POINT('',(-50.0507294386625,-3.07246387004852,60.));
#6088=CARTESIAN_POINT('',(-50.0507294386625,-4.00000035762787,60.));
#6089=CARTESIAN_POINT('',(-50.0507294386625,-6.53623193502426,60.));
#6090=CARTESIAN_POINT('',(-50.0507294386625,-3.07246387004852,60.));
#6091=CARTESIAN_POINT('',(-50.0507294386625,-4.00000035762787,60.));
#6092=CARTESIAN_POINT('Origin',(-51.2855135649443,-3.07246387004852,60.));
#6093=CARTESIAN_POINT('',(-51.2855135649443,-3.07246387004852,60.));
#6094=CARTESIAN_POINT('',(14.3572432175279,-3.07246387004852,60.));
#6095=CARTESIAN_POINT('',(-51.2855135649443,-3.07246387004852,60.));
#6096=CARTESIAN_POINT('Origin',(-51.2855135649443,-0.799999833106995,60.));
#6097=CARTESIAN_POINT('',(-51.2855135649443,-0.799999833106995,60.));
#6098=CARTESIAN_POINT('',(-51.2855135649443,-5.3999999165535,60.));
#6099=CARTESIAN_POINT('',(-51.2855135649443,-0.799999833106995,60.));
#6100=CARTESIAN_POINT('Ctrl Pts',(-50.5434834212065,0.591304898262024,60.));
#6101=CARTESIAN_POINT('Ctrl Pts',(-50.5434834212065,0.591304898262024,59.));
#6102=CARTESIAN_POINT('Ctrl Pts',(-50.6948792865105,0.399404987575107,60.));
#6103=CARTESIAN_POINT('Ctrl Pts',(-50.6948792865105,0.399404987575107,59.));
#6104=CARTESIAN_POINT('Ctrl Pts',(-51.0250806791501,-0.0191376035914836,
60.));
#6105=CARTESIAN_POINT('Ctrl Pts',(-51.0250806791501,-0.0191376035914836,
59.));
#6106=CARTESIAN_POINT('Ctrl Pts',(-51.1940278942146,-0.525696130650872,
60.));
#6107=CARTESIAN_POINT('Ctrl Pts',(-51.1940278942146,-0.525696130650872,
59.));
#6108=CARTESIAN_POINT('Ctrl Pts',(-51.2855135649443,-0.799999833106995,
60.));
#6109=CARTESIAN_POINT('Ctrl Pts',(-51.2855135649443,-0.799999833106995,
59.));
#6110=CARTESIAN_POINT('',(-50.9621516508918,3.74727375865302E-17,60.));
#6111=CARTESIAN_POINT('Ctrl Pts',(-50.9621516508918,7.49454751730605E-17,
59.));
#6112=CARTESIAN_POINT('Ctrl Pts',(-50.9621516508918,7.49454751730605E-17,
59.1666666666667));
#6113=CARTESIAN_POINT('Ctrl Pts',(-50.9621516508918,7.49454751730605E-17,
59.3333333333333));
#6114=CARTESIAN_POINT('Ctrl Pts',(-50.9621516508918,7.49454751730605E-17,
59.6666666666667));
#6115=CARTESIAN_POINT('Ctrl Pts',(-50.9621516508918,7.49454751730605E-17,
59.8333333333333));
#6116=CARTESIAN_POINT('Ctrl Pts',(-50.9621516508918,7.49454751730605E-17,
60.));
#6117=CARTESIAN_POINT('Ctrl Pts',(-50.9621516508918,3.74727375865302E-17,
60.));
#6118=CARTESIAN_POINT('Ctrl Pts',(-50.9626926335024,-0.000965404956201135,
60.));
#6119=CARTESIAN_POINT('Ctrl Pts',(-51.1021865144016,-0.250325897034301,
60.));
#6120=CARTESIAN_POINT('Ctrl Pts',(-51.1940278942146,-0.525696130650872,
60.));
#6121=CARTESIAN_POINT('Ctrl Pts',(-51.2855135649443,-0.799999833106995,
60.));
#6122=CARTESIAN_POINT('Origin',(-48.4971081465483,-0.133333802223206,60.));
#6123=CARTESIAN_POINT('',(-48.4971081465483,-0.133333802223206,60.));
#6124=CARTESIAN_POINT('',(15.7514459267259,-0.133333802223206,60.));
#6125=CARTESIAN_POINT('',(-48.4971081465483,-0.133333802223206,60.));
#6126=CARTESIAN_POINT('Origin',(-48.2768165320158,2.12173998355865,60.));
#6127=CARTESIAN_POINT('',(-48.4840831543069,0.,60.));
#6128=CARTESIAN_POINT('',(-48.4840831543069,0.,57.5));
#6129=CARTESIAN_POINT('',(-48.2570162589854,2.32443075214281,60.));
#6130=CARTESIAN_POINT('Origin',(-52.5840627402067,-3.07246387004852,60.));
#6131=CARTESIAN_POINT('',(-52.5840627402067,0.,60.));
#6132=CARTESIAN_POINT('',(-52.5840627402067,0.,57.5));
#6133=CARTESIAN_POINT('',(-52.5840627402067,-3.07246387004852,60.));
#6134=CARTESIAN_POINT('',(-52.5840627402067,-6.53623193502426,60.));
#6135=CARTESIAN_POINT('',(-52.5840627402067,-3.07246387004852,60.));
#6136=CARTESIAN_POINT('Origin',(-53.4826146811247,-3.07246387004852,60.));
#6137=CARTESIAN_POINT('',(-53.4826146811247,-3.07246387004852,60.));
#6138=CARTESIAN_POINT('',(13.2586926594377,-3.07246387004852,60.));
#6139=CARTESIAN_POINT('',(-53.4826146811247,-3.07246387004852,60.));
#6140=CARTESIAN_POINT('Origin',(-53.4826146811247,-4.00000035762787,60.));
#6141=CARTESIAN_POINT('',(-53.4826146811247,-4.00000035762787,60.));
#6142=CARTESIAN_POINT('',(-53.4826146811247,-7.00000017881393,60.));
#6143=CARTESIAN_POINT('',(-53.4826146811247,-4.00000035762787,60.));
#6144=CARTESIAN_POINT('Origin',(-50.0507294386625,-4.00000035762787,60.));
#6145=CARTESIAN_POINT('',(14.9746352806687,-4.00000035762787,60.));
#6146=CARTESIAN_POINT('Origin',(-38.7058006972075,2.12173998355865,60.));
#6147=CARTESIAN_POINT('',(-38.0522083054884,0.,59.));
#6148=CARTESIAN_POINT('',(-38.0522083054884,0.,60.));
#6149=CARTESIAN_POINT('',(-38.0522083054884,0.,57.5));
#6150=CARTESIAN_POINT('',(-37.1521794050932,-2.9217404127121,59.));
#6151=CARTESIAN_POINT('',(-38.7058006972075,2.12173998355865,59.));
#6152=CARTESIAN_POINT('',(-37.1521794050932,-2.9217404127121,60.));
#6153=CARTESIAN_POINT('',(-37.1521794050932,-2.9217404127121,60.));
#6154=CARTESIAN_POINT('',(-31.8565958474045,-20.1126555962125,60.));
#6155=CARTESIAN_POINT('Origin',(-37.1521794050932,-2.9217404127121,60.));
#6156=CARTESIAN_POINT('',(-36.2487914663917,0.,60.));
#6157=CARTESIAN_POINT('',(-36.2487914663917,0.,59.));
#6158=CARTESIAN_POINT('',(-36.2487914663917,0.,57.5));
#6159=CARTESIAN_POINT('',(-33.0396552192364,10.3789996097252,60.));
#6160=CARTESIAN_POINT('',(-37.1521794050932,-2.9217404127121,59.));
#6161=CARTESIAN_POINT('Origin',(-2.50000171363354,-0.69275438785553,59.));
#6162=CARTESIAN_POINT('',(-39.3496746261995,0.,59.));
#6163=CARTESIAN_POINT('',(-1.25000085681677,0.,59.));
#6164=CARTESIAN_POINT('',(-37.9405819624662,-4.00000035762787,59.));
#6165=CARTESIAN_POINT('',(-37.9405819624662,-4.00000035762787,59.));
#6166=CARTESIAN_POINT('',(-36.4217411726713,-4.00000035762787,59.));
#6167=CARTESIAN_POINT('',(-36.4217411726713,-4.00000035762787,59.));
#6168=CARTESIAN_POINT('',(-35.0126516246351,0.,59.));
#6169=CARTESIAN_POINT('',(-34.2652212828398,2.12173998355865,59.));
#6170=CARTESIAN_POINT('',(-1.25000085681677,0.,59.));
#6171=CARTESIAN_POINT('Origin',(-37.9405819624662,-4.00000035762787,60.));
#6172=CARTESIAN_POINT('',(-39.3496746261995,0.,60.));
#6173=CARTESIAN_POINT('',(-39.3496746261995,0.,57.5));
#6174=CARTESIAN_POINT('',(-37.9405819624662,-4.00000035762787,60.));
#6175=CARTESIAN_POINT('',(-30.4903150979297,-25.1491205607054,60.));
#6176=CARTESIAN_POINT('',(-37.9405819624662,-4.00000035762787,60.));
#6177=CARTESIAN_POINT('Origin',(-36.4217411726713,-4.00000035762787,60.));
#6178=CARTESIAN_POINT('',(-36.4217411726713,-4.00000035762787,60.));
#6179=CARTESIAN_POINT('',(21.7891294136643,-4.00000035762787,60.));
#6180=CARTESIAN_POINT('',(-36.4217411726713,-4.00000035762787,60.));
#6181=CARTESIAN_POINT('Origin',(-34.2652212828398,2.12173998355865,60.));
#6182=CARTESIAN_POINT('',(-35.0126516246351,0.,60.));
#6183=CARTESIAN_POINT('',(-35.0126516246351,1.11022302462516E-15,57.5));
#6184=CARTESIAN_POINT('',(-29.8573756774488,14.6343471649149,60.));
#6185=CARTESIAN_POINT('Origin',(-30.6246411055326,-3.0492752790451,60.));
#6186=CARTESIAN_POINT('',(-30.6246411055326,0.,60.));
#6187=CARTESIAN_POINT('',(-30.6246411055326,0.,59.));
#6188=CARTESIAN_POINT('',(-30.6246411055326,0.,57.5));
#6189=CARTESIAN_POINT('',(-30.6246411055326,-3.0492752790451,60.));
#6190=CARTESIAN_POINT('',(-30.6246411055326,-6.52463763952255,60.));
#6191=CARTESIAN_POINT('',(-30.6246411055326,-3.0492752790451,59.));
#6192=CARTESIAN_POINT('',(-30.6246411055326,-3.0492752790451,60.));
#6193=CARTESIAN_POINT('',(-30.6246411055326,-3.0492752790451,59.));
#6194=CARTESIAN_POINT('Origin',(-2.50000171363354,-0.69275438785553,59.));
#6195=CARTESIAN_POINT('',(-29.3260895460844,0.,59.));
#6196=CARTESIAN_POINT('',(-1.25000085681677,0.,59.));
#6197=CARTESIAN_POINT('',(-32.4565254896879,-3.0492752790451,59.));
#6198=CARTESIAN_POINT('',(-32.4565254896879,-3.0492752790451,59.));
#6199=CARTESIAN_POINT('',(-32.4565254896879,-4.00000035762787,59.));
#6200=CARTESIAN_POINT('',(-32.4565254896879,-4.00000035762787,59.));
#6201=CARTESIAN_POINT('',(-27.6623236387968,-4.00000035762787,59.));
#6202=CARTESIAN_POINT('',(-27.6623236387968,-4.00000035762787,59.));
#6203=CARTESIAN_POINT('',(-27.6623236387968,-3.0492752790451,59.));
#6204=CARTESIAN_POINT('',(-27.6623236387968,-3.0492752790451,59.));
#6205=CARTESIAN_POINT('',(-29.3260895460844,-3.0492752790451,59.));
#6206=CARTESIAN_POINT('',(-29.3260895460844,-3.0492752790451,59.));
#6207=CARTESIAN_POINT('',(-29.3260895460844,2.12173998355865,59.));
#6208=CARTESIAN_POINT('Origin',(-32.4565254896879,-3.0492752790451,60.));
#6209=CARTESIAN_POINT('',(-32.4565254896879,-3.0492752790451,60.));
#6210=CARTESIAN_POINT('',(23.771737255156,-3.0492752790451,60.));
#6211=CARTESIAN_POINT('',(-32.4565254896879,-3.0492752790451,60.));
#6212=CARTESIAN_POINT('Origin',(-32.4565254896879,-4.00000035762787,60.));
#6213=CARTESIAN_POINT('',(-32.4565254896879,-4.00000035762787,60.));
#6214=CARTESIAN_POINT('',(-32.4565254896879,-7.00000017881393,60.));
#6215=CARTESIAN_POINT('',(-32.4565254896879,-4.00000035762787,60.));
#6216=CARTESIAN_POINT('Origin',(-27.6623236387968,-4.00000035762787,60.));
#6217=CARTESIAN_POINT('',(-27.6623236387968,-4.00000035762787,60.));
#6218=CARTESIAN_POINT('',(26.1688381806016,-4.00000035762787,60.));
#6219=CARTESIAN_POINT('',(-27.6623236387968,-4.00000035762787,60.));
#6220=CARTESIAN_POINT('Origin',(-27.6623236387968,-3.0492752790451,60.));
#6221=CARTESIAN_POINT('',(-27.6623236387968,-3.0492752790451,60.));
#6222=CARTESIAN_POINT('',(-27.6623236387968,-6.52463763952255,60.));
#6223=CARTESIAN_POINT('',(-27.6623236387968,-3.0492752790451,60.));
#6224=CARTESIAN_POINT('Origin',(-29.3260895460844,-3.0492752790451,60.));
#6225=CARTESIAN_POINT('',(-29.3260895460844,-3.0492752790451,60.));
#6226=CARTESIAN_POINT('',(25.3369552269578,-3.0492752790451,60.));
#6227=CARTESIAN_POINT('',(-29.3260895460844,-3.0492752790451,60.));
#6228=CARTESIAN_POINT('Origin',(-29.3260895460844,2.12173998355865,60.));
#6229=CARTESIAN_POINT('',(-29.3260895460844,0.,60.));
#6230=CARTESIAN_POINT('',(-29.3260895460844,0.,57.5));
#6231=CARTESIAN_POINT('',(-29.3260895460844,-3.93913000822067,60.));
#6232=CARTESIAN_POINT('Origin',(-17.8420292586088,2.12173998355865,60.));
#6233=CARTESIAN_POINT('',(-17.2149371953231,0.,59.));
#6234=CARTESIAN_POINT('',(-17.2149371953231,0.,60.));
#6235=CARTESIAN_POINT('',(-17.2149371953231,0.,57.5));
#6236=CARTESIAN_POINT('',(-16.2999998778105,-3.09565246105194,59.));
#6237=CARTESIAN_POINT('',(-17.8420292586088,2.12173998355865,59.));
#6238=CARTESIAN_POINT('',(-16.2999998778105,-3.09565246105194,60.));
#6239=CARTESIAN_POINT('',(-16.2999998778105,-3.09565246105194,60.));
#6240=CARTESIAN_POINT('',(-12.2645164471168,-16.7495432518695,60.));
#6241=CARTESIAN_POINT('Origin',(-16.2999998778105,-3.09565246105194,60.));
#6242=CARTESIAN_POINT('',(-15.3713039980332,0.,60.));
#6243=CARTESIAN_POINT('',(-15.3713039980332,0.,59.));
#6244=CARTESIAN_POINT('',(-15.3713039980332,0.,57.5));
#6245=CARTESIAN_POINT('',(-13.2744503886969,6.98951096645831,60.));
#6246=CARTESIAN_POINT('',(-16.2999998778105,-3.09565246105194,59.));
#6247=CARTESIAN_POINT('Origin',(-2.50000171363354,-0.69275438785553,59.));
#6248=CARTESIAN_POINT('',(-18.5064543338271,0.,59.));
#6249=CARTESIAN_POINT('',(-1.25000085681677,0.,59.));
#6250=CARTESIAN_POINT('',(-17.1579682081938,-4.00000035762787,59.));
#6251=CARTESIAN_POINT('',(-17.1579682081938,-4.00000035762787,59.));
#6252=CARTESIAN_POINT('',(-16.7173897475004,-4.00000035762787,59.));
#6253=CARTESIAN_POINT('',(-16.7173897475004,-4.00000035762787,59.));
#6254=CARTESIAN_POINT('',(-17.1057974547148,-4.74782645702362,59.));
#6255=CARTESIAN_POINT('Ctrl Pts',(-17.1057974547148,-4.74782645702362,59.));
#6256=CARTESIAN_POINT('Ctrl Pts',(-17.0330272854645,-4.6372006613568,59.));
#6257=CARTESIAN_POINT('Ctrl Pts',(-16.8779061461422,-4.4013842596766,59.));
#6258=CARTESIAN_POINT('Ctrl Pts',(-16.773053889173,-4.13919292971265,59.));
#6259=CARTESIAN_POINT('Ctrl Pts',(-16.7173897475004,-4.00000035762787,59.));
#6260=CARTESIAN_POINT('',(-17.6913058012724,-5.24058043956757,59.));
#6261=CARTESIAN_POINT('Ctrl Pts',(-17.6913058012724,-5.24058043956757,59.));
#6262=CARTESIAN_POINT('Ctrl Pts',(-17.5751667820932,-5.17510155940105,59.));
#6263=CARTESIAN_POINT('Ctrl Pts',(-17.3489093066591,-5.04753817695272,59.));
#6264=CARTESIAN_POINT('Ctrl Pts',(-17.1853843077306,-4.84594225191531,59.));
#6265=CARTESIAN_POINT('Ctrl Pts',(-17.1057974547148,-4.74782645702362,59.));
#6266=CARTESIAN_POINT('',(-18.6768089979887,-5.5304354429245,59.));
#6267=CARTESIAN_POINT('Ctrl Pts',(-18.6768089979887,-5.5304354429245,59.));
#6268=CARTESIAN_POINT('Ctrl Pts',(-18.4888953972824,-5.49779157352254,59.));
#6269=CARTESIAN_POINT('Ctrl Pts',(-18.1490006923952,-5.43874593597928,59.));
#6270=CARTESIAN_POINT('Ctrl Pts',(-17.8327255939281,-5.30181014511511,59.));
#6271=CARTESIAN_POINT('Ctrl Pts',(-17.6913058012724,-5.24058043956757,59.));
#6272=CARTESIAN_POINT('',(-18.5086952894926,-6.50434911251068,59.));
#6273=CARTESIAN_POINT('',(-18.5086952894926,-6.50434911251068,59.));
#6274=CARTESIAN_POINT('',(-17.0710121840239,-6.10434949398041,59.));
#6275=CARTESIAN_POINT('Ctrl Pts',(-17.0710121840239,-6.10434949398041,59.));
#6276=CARTESIAN_POINT('Ctrl Pts',(-17.2842853623177,-6.20282129524286,59.));
#6277=CARTESIAN_POINT('Ctrl Pts',(-17.7413077060066,-6.41383617184506,59.));
#6278=CARTESIAN_POINT('Ctrl Pts',(-18.2417750728677,-6.47286602072013,59.));
#6279=CARTESIAN_POINT('Ctrl Pts',(-18.5086952894926,-6.50434911251068,59.));
#6280=CARTESIAN_POINT('',(-16.1202894896269,-5.25217473506927,59.));
#6281=CARTESIAN_POINT('Ctrl Pts',(-16.1202894896269,-5.25217473506927,59.));
#6282=CARTESIAN_POINT('Ctrl Pts',(-16.2531095906834,-5.42126370266157,59.));
#6283=CARTESIAN_POINT('Ctrl Pts',(-16.5200116783742,-5.76104810349324,59.));
#6284=CARTESIAN_POINT('Ctrl Pts',(-16.8867673544546,-5.98955557721869,59.));
#6285=CARTESIAN_POINT('Ctrl Pts',(-17.0710121840239,-6.10434949398041,59.));
#6286=CARTESIAN_POINT('',(-15.5115925520658,-4.02318894863129,59.));
#6287=CARTESIAN_POINT('Ctrl Pts',(-15.5115925520658,-4.02318894863129,59.));
#6288=CARTESIAN_POINT('Ctrl Pts',(-15.5943258097309,-4.2453344321572,59.));
#6289=CARTESIAN_POINT('Ctrl Pts',(-15.7547697762736,-4.67613944978065,59.));
#6290=CARTESIAN_POINT('Ctrl Pts',(-16.0010191205556,-5.06421239387525,59.));
#6291=CARTESIAN_POINT('Ctrl Pts',(-16.1202894896269,-5.25217473506927,59.));
#6292=CARTESIAN_POINT('',(-14.1300464160832,0.,59.));
#6293=CARTESIAN_POINT('',(-13.4014498442411,2.12173998355865,59.));
#6294=CARTESIAN_POINT('',(-1.25000085681677,0.,59.));
#6295=CARTESIAN_POINT('Origin',(-17.1579682081938,-4.00000035762787,60.));
#6296=CARTESIAN_POINT('',(-18.5064543338271,0.,60.));
#6297=CARTESIAN_POINT('',(-18.5064543338271,5.55111512312578E-16,57.5));
#6298=CARTESIAN_POINT('',(-17.1579682081938,-4.00000035762787,60.));
#6299=CARTESIAN_POINT('',(-11.2922072316994,-21.3995460835569,60.));
#6300=CARTESIAN_POINT('',(-17.1579682081938,-4.00000035762787,60.));
#6301=CARTESIAN_POINT('Origin',(-16.7173897475004,-4.00000035762787,60.));
#6302=CARTESIAN_POINT('',(-16.7173897475004,-4.00000035762787,60.));
#6303=CARTESIAN_POINT('',(31.6413051262498,-4.00000035762787,60.));
#6304=CARTESIAN_POINT('',(-16.7173897475004,-4.00000035762787,60.));
#6305=CARTESIAN_POINT('Ctrl Pts',(-17.1057974547148,-4.74782645702362,60.));
#6306=CARTESIAN_POINT('Ctrl Pts',(-17.1057974547148,-4.74782645702362,59.));
#6307=CARTESIAN_POINT('Ctrl Pts',(-17.0330272854645,-4.6372006613568,60.));
#6308=CARTESIAN_POINT('Ctrl Pts',(-17.0330272854645,-4.6372006613568,59.));
#6309=CARTESIAN_POINT('Ctrl Pts',(-16.8779061461422,-4.4013842596766,60.));
#6310=CARTESIAN_POINT('Ctrl Pts',(-16.8779061461422,-4.4013842596766,59.));
#6311=CARTESIAN_POINT('Ctrl Pts',(-16.773053889173,-4.13919292971265,60.));
#6312=CARTESIAN_POINT('Ctrl Pts',(-16.773053889173,-4.13919292971265,59.));
#6313=CARTESIAN_POINT('Ctrl Pts',(-16.7173897475004,-4.00000035762787,60.));
#6314=CARTESIAN_POINT('Ctrl Pts',(-16.7173897475004,-4.00000035762787,59.));
#6315=CARTESIAN_POINT('',(-17.1057974547148,-4.74782645702362,60.));
#6316=CARTESIAN_POINT('Ctrl Pts',(-17.1057974547148,-4.74782645702362,60.));
#6317=CARTESIAN_POINT('Ctrl Pts',(-17.0330272854645,-4.6372006613568,60.));
#6318=CARTESIAN_POINT('Ctrl Pts',(-16.8779061461422,-4.4013842596766,60.));
#6319=CARTESIAN_POINT('Ctrl Pts',(-16.773053889173,-4.13919292971265,60.));
#6320=CARTESIAN_POINT('Ctrl Pts',(-16.7173897475004,-4.00000035762787,60.));
#6321=CARTESIAN_POINT('',(-17.1057974547148,-4.74782645702362,60.));
#6322=CARTESIAN_POINT('Ctrl Pts',(-17.6913058012724,-5.24058043956757,60.));
#6323=CARTESIAN_POINT('Ctrl Pts',(-17.6913058012724,-5.24058043956757,59.));
#6324=CARTESIAN_POINT('Ctrl Pts',(-17.5751667820932,-5.17510155940105,60.));
#6325=CARTESIAN_POINT('Ctrl Pts',(-17.5751667820932,-5.17510155940105,59.));
#6326=CARTESIAN_POINT('Ctrl Pts',(-17.3489093066591,-5.04753817695272,60.));
#6327=CARTESIAN_POINT('Ctrl Pts',(-17.3489093066591,-5.04753817695272,59.));
#6328=CARTESIAN_POINT('Ctrl Pts',(-17.1853843077306,-4.84594225191531,60.));
#6329=CARTESIAN_POINT('Ctrl Pts',(-17.1853843077306,-4.84594225191531,59.));
#6330=CARTESIAN_POINT('Ctrl Pts',(-17.1057974547148,-4.74782645702362,60.));
#6331=CARTESIAN_POINT('Ctrl Pts',(-17.1057974547148,-4.74782645702362,59.));
#6332=CARTESIAN_POINT('',(-17.6913058012724,-5.24058043956757,60.));
#6333=CARTESIAN_POINT('Ctrl Pts',(-17.6913058012724,-5.24058043956757,60.));
#6334=CARTESIAN_POINT('Ctrl Pts',(-17.5751667820932,-5.17510155940105,60.));
#6335=CARTESIAN_POINT('Ctrl Pts',(-17.3489093066591,-5.04753817695272,60.));
#6336=CARTESIAN_POINT('Ctrl Pts',(-17.1853843077306,-4.84594225191531,60.));
#6337=CARTESIAN_POINT('Ctrl Pts',(-17.1057974547148,-4.74782645702362,60.));
#6338=CARTESIAN_POINT('',(-17.6913058012724,-5.24058043956757,60.));
#6339=CARTESIAN_POINT('Ctrl Pts',(-18.6768089979887,-5.5304354429245,60.));
#6340=CARTESIAN_POINT('Ctrl Pts',(-18.6768089979887,-5.5304354429245,59.));
#6341=CARTESIAN_POINT('Ctrl Pts',(-18.4888953972824,-5.49779157352254,60.));
#6342=CARTESIAN_POINT('Ctrl Pts',(-18.4888953972824,-5.49779157352254,59.));
#6343=CARTESIAN_POINT('Ctrl Pts',(-18.1490006923952,-5.43874593597928,60.));
#6344=CARTESIAN_POINT('Ctrl Pts',(-18.1490006923952,-5.43874593597928,59.));
#6345=CARTESIAN_POINT('Ctrl Pts',(-17.8327255939281,-5.30181014511511,60.));
#6346=CARTESIAN_POINT('Ctrl Pts',(-17.8327255939281,-5.30181014511511,59.));
#6347=CARTESIAN_POINT('Ctrl Pts',(-17.6913058012724,-5.24058043956757,60.));
#6348=CARTESIAN_POINT('Ctrl Pts',(-17.6913058012724,-5.24058043956757,59.));
#6349=CARTESIAN_POINT('',(-18.6768089979887,-5.5304354429245,60.));
#6350=CARTESIAN_POINT('Ctrl Pts',(-18.6768089979887,-5.5304354429245,60.));
#6351=CARTESIAN_POINT('Ctrl Pts',(-18.4888953972824,-5.49779157352254,60.));
#6352=CARTESIAN_POINT('Ctrl Pts',(-18.1490006923952,-5.43874593597928,60.));
#6353=CARTESIAN_POINT('Ctrl Pts',(-17.8327255939281,-5.30181014511511,60.));
#6354=CARTESIAN_POINT('Ctrl Pts',(-17.6913058012724,-5.24058043956757,60.));
#6355=CARTESIAN_POINT('',(-18.6768089979887,-5.5304354429245,60.));
#6356=CARTESIAN_POINT('Origin',(-18.5086952894926,-6.50434911251068,60.));
#6357=CARTESIAN_POINT('',(-18.5086952894926,-6.50434911251068,60.));
#6358=CARTESIAN_POINT('',(-16.7905779778708,-16.4577190709161,60.));
#6359=CARTESIAN_POINT('',(-18.5086952894926,-6.50434911251068,60.));
#6360=CARTESIAN_POINT('Ctrl Pts',(-17.0710121840239,-6.10434949398041,60.));
#6361=CARTESIAN_POINT('Ctrl Pts',(-17.0710121840239,-6.10434949398041,59.));
#6362=CARTESIAN_POINT('Ctrl Pts',(-17.2842853623177,-6.20282129524286,60.));
#6363=CARTESIAN_POINT('Ctrl Pts',(-17.2842853623177,-6.20282129524286,59.));
#6364=CARTESIAN_POINT('Ctrl Pts',(-17.7413077060066,-6.41383617184506,60.));
#6365=CARTESIAN_POINT('Ctrl Pts',(-17.7413077060066,-6.41383617184506,59.));
#6366=CARTESIAN_POINT('Ctrl Pts',(-18.2417750728677,-6.47286602072013,60.));
#6367=CARTESIAN_POINT('Ctrl Pts',(-18.2417750728677,-6.47286602072013,59.));
#6368=CARTESIAN_POINT('Ctrl Pts',(-18.5086952894926,-6.50434911251068,60.));
#6369=CARTESIAN_POINT('Ctrl Pts',(-18.5086952894926,-6.50434911251068,59.));
#6370=CARTESIAN_POINT('',(-17.0710121840239,-6.10434949398041,60.));
#6371=CARTESIAN_POINT('Ctrl Pts',(-17.0710121840239,-6.10434949398041,60.));
#6372=CARTESIAN_POINT('Ctrl Pts',(-17.2842853623177,-6.20282129524286,60.));
#6373=CARTESIAN_POINT('Ctrl Pts',(-17.7413077060066,-6.41383617184506,60.));
#6374=CARTESIAN_POINT('Ctrl Pts',(-18.2417750728677,-6.47286602072013,60.));
#6375=CARTESIAN_POINT('Ctrl Pts',(-18.5086952894926,-6.50434911251068,60.));
#6376=CARTESIAN_POINT('',(-17.0710121840239,-6.10434949398041,60.));
#6377=CARTESIAN_POINT('Ctrl Pts',(-16.1202894896269,-5.25217473506927,60.));
#6378=CARTESIAN_POINT('Ctrl Pts',(-16.1202894896269,-5.25217473506927,59.));
#6379=CARTESIAN_POINT('Ctrl Pts',(-16.2531095906834,-5.42126370266157,60.));
#6380=CARTESIAN_POINT('Ctrl Pts',(-16.2531095906834,-5.42126370266157,59.));
#6381=CARTESIAN_POINT('Ctrl Pts',(-16.5200116783742,-5.76104810349324,60.));
#6382=CARTESIAN_POINT('Ctrl Pts',(-16.5200116783742,-5.76104810349324,59.));
#6383=CARTESIAN_POINT('Ctrl Pts',(-16.8867673544546,-5.98955557721869,60.));
#6384=CARTESIAN_POINT('Ctrl Pts',(-16.8867673544546,-5.98955557721869,59.));
#6385=CARTESIAN_POINT('Ctrl Pts',(-17.0710121840239,-6.10434949398041,60.));
#6386=CARTESIAN_POINT('Ctrl Pts',(-17.0710121840239,-6.10434949398041,59.));
#6387=CARTESIAN_POINT('',(-16.1202894896269,-5.25217473506927,60.));
#6388=CARTESIAN_POINT('Ctrl Pts',(-16.1202894896269,-5.25217473506927,60.));
#6389=CARTESIAN_POINT('Ctrl Pts',(-16.2531095906834,-5.42126370266157,60.));
#6390=CARTESIAN_POINT('Ctrl Pts',(-16.5200116783742,-5.76104810349324,60.));
#6391=CARTESIAN_POINT('Ctrl Pts',(-16.8867673544546,-5.98955557721869,60.));
#6392=CARTESIAN_POINT('Ctrl Pts',(-17.0710121840239,-6.10434949398041,60.));
#6393=CARTESIAN_POINT('',(-16.1202894896269,-5.25217473506927,60.));
#6394=CARTESIAN_POINT('Ctrl Pts',(-15.5115925520658,-4.02318894863129,60.));
#6395=CARTESIAN_POINT('Ctrl Pts',(-15.5115925520658,-4.02318894863129,59.));
#6396=CARTESIAN_POINT('Ctrl Pts',(-15.5943258097309,-4.2453344321572,60.));
#6397=CARTESIAN_POINT('Ctrl Pts',(-15.5943258097309,-4.2453344321572,59.));
#6398=CARTESIAN_POINT('Ctrl Pts',(-15.7547697762736,-4.67613944978065,60.));
#6399=CARTESIAN_POINT('Ctrl Pts',(-15.7547697762736,-4.67613944978065,59.));
#6400=CARTESIAN_POINT('Ctrl Pts',(-16.0010191205556,-5.06421239387525,60.));
#6401=CARTESIAN_POINT('Ctrl Pts',(-16.0010191205556,-5.06421239387525,59.));
#6402=CARTESIAN_POINT('Ctrl Pts',(-16.1202894896269,-5.25217473506927,60.));
#6403=CARTESIAN_POINT('Ctrl Pts',(-16.1202894896269,-5.25217473506927,59.));
#6404=CARTESIAN_POINT('',(-15.5115925520658,-4.02318894863129,60.));
#6405=CARTESIAN_POINT('Ctrl Pts',(-15.5115925520658,-4.02318894863129,60.));
#6406=CARTESIAN_POINT('Ctrl Pts',(-15.5943258097309,-4.2453344321572,60.));
#6407=CARTESIAN_POINT('Ctrl Pts',(-15.7547697762736,-4.67613944978065,60.));
#6408=CARTESIAN_POINT('Ctrl Pts',(-16.0010191205556,-5.06421239387525,60.));
#6409=CARTESIAN_POINT('Ctrl Pts',(-16.1202894896269,-5.25217473506927,60.));
#6410=CARTESIAN_POINT('',(-15.5115925520658,-4.02318894863129,60.));
#6411=CARTESIAN_POINT('Origin',(-13.4014498442411,2.12173998355865,60.));
#6412=CARTESIAN_POINT('',(-14.1300464160832,0.,60.));
#6413=CARTESIAN_POINT('',(-14.1300464160832,-5.55111512312578E-16,57.5));
#6414=CARTESIAN_POINT('',(-10.3370969824329,11.0454163250399,60.));
#6415=CARTESIAN_POINT('Origin',(-4.84493128955364,-4.00000035762787,60.));
#6416=CARTESIAN_POINT('',(-4.84493128955364,0.,60.));
#6417=CARTESIAN_POINT('',(-4.84493128955364,0.,59.));
#6418=CARTESIAN_POINT('',(-4.84493128955364,0.,57.5));
#6419=CARTESIAN_POINT('',(-4.84493128955364,-4.00000035762787,60.));
#6420=CARTESIAN_POINT('',(-4.84493128955364,-7.00000017881393,60.));
#6421=CARTESIAN_POINT('',(-4.84493128955364,-4.00000035762787,59.));
#6422=CARTESIAN_POINT('',(-4.84493128955364,-4.00000035762787,60.));
#6423=CARTESIAN_POINT('',(-4.84493128955364,-4.00000035762787,59.));
#6424=CARTESIAN_POINT('Origin',(-1.23913638293743,-4.00000035762787,60.));
#6425=CARTESIAN_POINT('',(-1.23913638293743,0.,60.));
#6426=CARTESIAN_POINT('',(-1.23913638293743,0.,59.));
#6427=CARTESIAN_POINT('',(-1.23913638293743,0.,57.5));
#6428=CARTESIAN_POINT('',(-1.23913638293743,-4.00000035762787,60.));
#6429=CARTESIAN_POINT('',(-1.23913638293743,-7.00000017881393,60.));
#6430=CARTESIAN_POINT('',(-1.23913638293743,-4.00000035762787,59.));
#6431=CARTESIAN_POINT('',(-1.23913638293743,-4.00000035762787,60.));
#6432=CARTESIAN_POINT('',(-1.23913638293743,-4.00000035762787,59.));
#6433=CARTESIAN_POINT('Origin',(-2.50000171363354,-0.69275438785553,59.));
#6434=CARTESIAN_POINT('',(0.0594104081392288,0.,59.));
#6435=CARTESIAN_POINT('',(-1.25000085681677,0.,59.));
#6436=CARTESIAN_POINT('',(0.0594104081392288,-4.00000035762787,59.));
#6437=CARTESIAN_POINT('',(0.0594104081392288,-4.00000035762787,59.));
#6438=CARTESIAN_POINT('',(0.0594104081392288,0.463767647743225,59.));
#6439=CARTESIAN_POINT('Origin',(-2.50000171363354,-0.69275438785553,59.));
#6440=CARTESIAN_POINT('',(-3.54638449847698,0.,59.));
#6441=CARTESIAN_POINT('',(-1.25000085681677,0.,59.));
#6442=CARTESIAN_POINT('',(-3.54638449847698,-4.00000035762787,59.));
#6443=CARTESIAN_POINT('',(-3.54638449847698,-4.00000035762787,59.));
#6444=CARTESIAN_POINT('',(-3.54638449847698,0.376811623573303,59.));
#6445=CARTESIAN_POINT('Origin',(-3.54638449847698,-4.00000035762787,60.));
#6446=CARTESIAN_POINT('',(-3.54638449847698,-4.00000035762787,60.));
#6447=CARTESIAN_POINT('',(38.2268077507615,-4.00000035762787,60.));
#6448=CARTESIAN_POINT('',(-3.54638449847698,-4.00000035762787,60.));
#6449=CARTESIAN_POINT('Origin',(-3.54638449847698,0.376811623573303,60.));
#6450=CARTESIAN_POINT('',(-3.54638449847698,0.,60.));
#6451=CARTESIAN_POINT('',(-3.54638449847698,0.,57.5));
#6452=CARTESIAN_POINT('',(-3.54638449847698,-4.81159418821335,60.));
#6453=CARTESIAN_POINT('Origin',(0.0594104081392288,-4.00000035762787,60.));
#6454=CARTESIAN_POINT('',(0.0594104081392288,-4.00000035762787,60.));
#6455=CARTESIAN_POINT('',(40.0297052040696,-4.00000035762787,60.));
#6456=CARTESIAN_POINT('',(0.0594104081392288,-4.00000035762787,60.));
#6457=CARTESIAN_POINT('Origin',(0.0594104081392288,0.463767647743225,60.));
#6458=CARTESIAN_POINT('',(0.0594104081392288,0.,60.));
#6459=CARTESIAN_POINT('',(0.0594104081392288,0.,57.5));
#6460=CARTESIAN_POINT('',(0.0594104081392288,-4.76811617612839,60.));
#6461=CARTESIAN_POINT('Origin',(10.4594195634127,-2.21449315547943,60.));
#6462=CARTESIAN_POINT('',(10.4594195634127,0.,60.));
#6463=CARTESIAN_POINT('',(10.4594195634127,0.,59.));
#6464=CARTESIAN_POINT('',(10.4594195634127,0.,57.5));
#6465=CARTESIAN_POINT('',(10.4594195634127,-2.21449315547943,60.));
#6466=CARTESIAN_POINT('',(10.4594195634127,-6.10724657773972,60.));
#6467=CARTESIAN_POINT('',(10.4594195634127,-2.21449315547943,59.));
#6468=CARTESIAN_POINT('',(10.4594195634127,-2.21449315547943,60.));
#6469=CARTESIAN_POINT('',(10.4594195634127,-2.21449315547943,59.));
#6470=CARTESIAN_POINT('Origin',(-2.50000171363354,-0.69275438785553,59.));
#6471=CARTESIAN_POINT('',(11.7579711228609,0.,59.));
#6472=CARTESIAN_POINT('',(-1.25000085681677,0.,59.));
#6473=CARTESIAN_POINT('',(10.9695590287447,-3.63478362560272,59.));
#6474=CARTESIAN_POINT('Ctrl Pts',(10.9695590287447,-3.63478362560272,59.));
#6475=CARTESIAN_POINT('Ctrl Pts',(10.8209035330038,-3.43733610188686,59.));
#6476=CARTESIAN_POINT('Ctrl Pts',(10.5052858550539,-3.01812570780366,59.));
#6477=CARTESIAN_POINT('Ctrl Pts',(10.4752883071678,-2.49253261735437,59.));
#6478=CARTESIAN_POINT('Ctrl Pts',(10.4594195634127,-2.21449315547943,59.));
#6479=CARTESIAN_POINT('',(12.4072421342134,-4.15652215480804,59.));
#6480=CARTESIAN_POINT('Ctrl Pts',(12.4072421342134,-4.15652215480804,59.));
#6481=CARTESIAN_POINT('Ctrl Pts',(12.1232848013721,-4.14089970607099,59.));
#6482=CARTESIAN_POINT('Ctrl Pts',(11.5894368207232,-4.11152905158703,59.));
#6483=CARTESIAN_POINT('Ctrl Pts',(11.1672035716762,-3.78679121973285,59.));
#6484=CARTESIAN_POINT('Ctrl Pts',(10.9695590287447,-3.63478362560272,59.));
#6485=CARTESIAN_POINT('',(13.3115924149752,-4.05217349529266,59.));
#6486=CARTESIAN_POINT('Ctrl Pts',(13.3115924149752,-4.05217349529266,59.));
#6487=CARTESIAN_POINT('Ctrl Pts',(13.1710458500428,-4.08258198571626,59.));
#6488=CARTESIAN_POINT('Ctrl Pts',(12.8731291670439,-4.14703889084487,59.));
#6489=CARTESIAN_POINT('Ctrl Pts',(12.5682762278674,-4.15324425971851,59.));
#6490=CARTESIAN_POINT('Ctrl Pts',(12.4072421342134,-4.15652215480804,59.));
#6491=CARTESIAN_POINT('',(13.9840567857027,-3.80869567394257,59.));
#6492=CARTESIAN_POINT('Ctrl Pts',(13.9840567857027,-3.80869567394257,59.));
#6493=CARTESIAN_POINT('Ctrl Pts',(13.8835470453291,-3.85473547411652,59.));
#6494=CARTESIAN_POINT('Ctrl Pts',(13.6661470400486,-3.95431838780947,59.));
#6495=CARTESIAN_POINT('Ctrl Pts',(13.4355684553952,-4.01795679664394,59.));
#6496=CARTESIAN_POINT('Ctrl Pts',(13.3115924149752,-4.05217349529266,59.));
#6497=CARTESIAN_POINT('',(13.6536181718111,-2.90434777736664,59.));
#6498=CARTESIAN_POINT('',(13.6536181718111,-2.90434777736664,59.));
#6499=CARTESIAN_POINT('',(13.1840575486422,-3.05507361888885,59.));
#6500=CARTESIAN_POINT('Ctrl Pts',(13.1840575486422,-3.05507361888885,59.));
#6501=CARTESIAN_POINT('Ctrl Pts',(13.2642645704231,-3.03439378212255,59.));
#6502=CARTESIAN_POINT('Ctrl Pts',(13.4237178117495,-2.99328183295316,59.));
#6503=CARTESIAN_POINT('Ctrl Pts',(13.5772931799554,-2.93387313812084,59.));
#6504=CARTESIAN_POINT('Ctrl Pts',(13.6536181718111,-2.90434777736664,59.));
#6505=CARTESIAN_POINT('',(12.6855052262545,-3.10724675655365,59.));
#6506=CARTESIAN_POINT('Ctrl Pts',(12.6855052262545,-3.10724675655365,59.));
#6507=CARTESIAN_POINT('Ctrl Pts',(12.7707745627461,-3.1052290151964,59.));
#6508=CARTESIAN_POINT('Ctrl Pts',(12.9383764780709,-3.10126302542775,59.));
#6509=CARTESIAN_POINT('Ctrl Pts',(13.1031261182737,-3.07028917754126,59.));
#6510=CARTESIAN_POINT('Ctrl Pts',(13.1840575486422,-3.05507361888885,59.));
#6511=CARTESIAN_POINT('',(12.0130408555269,-2.93333470821381,59.));
#6512=CARTESIAN_POINT('Ctrl Pts',(12.0130408555269,-2.93333470821381,59.));
#6513=CARTESIAN_POINT('Ctrl Pts',(12.1106183290244,-2.98398876271337,59.));
#6514=CARTESIAN_POINT('Ctrl Pts',(12.3209397642298,-3.09317004256675,59.));
#6515=CARTESIAN_POINT('Ctrl Pts',(12.5582784948148,-3.10233423878519,59.));
#6516=CARTESIAN_POINT('Ctrl Pts',(12.6855052262545,-3.10724675655365,59.));
#6517=CARTESIAN_POINT('',(11.7579711228609,-2.33043491840363,59.));
#6518=CARTESIAN_POINT('Ctrl Pts',(11.7579711228609,-2.33043491840363,59.));
#6519=CARTESIAN_POINT('Ctrl Pts',(11.7642238524027,-2.45796197957483,59.));
#6520=CARTESIAN_POINT('Ctrl Pts',(11.775700721237,-2.6920375691374,59.));
#6521=CARTESIAN_POINT('Ctrl Pts',(11.9387999527139,-2.85785603915164,59.));
#6522=CARTESIAN_POINT('Ctrl Pts',(12.0130408555269,-2.93333470821381,59.));
#6523=CARTESIAN_POINT('',(11.7579711228609,4.57971036434174,59.));
#6524=CARTESIAN_POINT('Ctrl Pts',(10.9695590287447,-3.63478362560272,60.));
#6525=CARTESIAN_POINT('Ctrl Pts',(10.9695590287447,-3.63478362560272,59.));
#6526=CARTESIAN_POINT('Ctrl Pts',(10.8209035330038,-3.43733610188686,60.));
#6527=CARTESIAN_POINT('Ctrl Pts',(10.8209035330038,-3.43733610188686,59.));
#6528=CARTESIAN_POINT('Ctrl Pts',(10.5052858550539,-3.01812570780366,60.));
#6529=CARTESIAN_POINT('Ctrl Pts',(10.5052858550539,-3.01812570780366,59.));
#6530=CARTESIAN_POINT('Ctrl Pts',(10.4752883071678,-2.49253261735437,60.));
#6531=CARTESIAN_POINT('Ctrl Pts',(10.4752883071678,-2.49253261735437,59.));
#6532=CARTESIAN_POINT('Ctrl Pts',(10.4594195634127,-2.21449315547943,60.));
#6533=CARTESIAN_POINT('Ctrl Pts',(10.4594195634127,-2.21449315547943,59.));
#6534=CARTESIAN_POINT('',(10.9695590287447,-3.63478362560272,60.));
#6535=CARTESIAN_POINT('Ctrl Pts',(10.9695590287447,-3.63478362560272,60.));
#6536=CARTESIAN_POINT('Ctrl Pts',(10.8209035330038,-3.43733610188686,60.));
#6537=CARTESIAN_POINT('Ctrl Pts',(10.5052858550539,-3.01812570780366,60.));
#6538=CARTESIAN_POINT('Ctrl Pts',(10.4752883071678,-2.49253261735437,60.));
#6539=CARTESIAN_POINT('Ctrl Pts',(10.4594195634127,-2.21449315547943,60.));
#6540=CARTESIAN_POINT('',(10.9695590287447,-3.63478362560272,60.));
#6541=CARTESIAN_POINT('Ctrl Pts',(12.4072421342134,-4.15652215480804,60.));
#6542=CARTESIAN_POINT('Ctrl Pts',(12.4072421342134,-4.15652215480804,59.));
#6543=CARTESIAN_POINT('Ctrl Pts',(12.1232848013721,-4.14089970607099,60.));
#6544=CARTESIAN_POINT('Ctrl Pts',(12.1232848013721,-4.14089970607099,59.));
#6545=CARTESIAN_POINT('Ctrl Pts',(11.5894368207232,-4.11152905158703,60.));
#6546=CARTESIAN_POINT('Ctrl Pts',(11.5894368207232,-4.11152905158703,59.));
#6547=CARTESIAN_POINT('Ctrl Pts',(11.1672035716762,-3.78679121973285,60.));
#6548=CARTESIAN_POINT('Ctrl Pts',(11.1672035716762,-3.78679121973285,59.));
#6549=CARTESIAN_POINT('Ctrl Pts',(10.9695590287447,-3.63478362560272,60.));
#6550=CARTESIAN_POINT('Ctrl Pts',(10.9695590287447,-3.63478362560272,59.));
#6551=CARTESIAN_POINT('',(12.4072421342134,-4.15652215480804,60.));
#6552=CARTESIAN_POINT('Ctrl Pts',(12.4072421342134,-4.15652215480804,60.));
#6553=CARTESIAN_POINT('Ctrl Pts',(12.1232848013721,-4.14089970607099,60.));
#6554=CARTESIAN_POINT('Ctrl Pts',(11.5894368207232,-4.11152905158703,60.));
#6555=CARTESIAN_POINT('Ctrl Pts',(11.1672035716762,-3.78679121973285,60.));
#6556=CARTESIAN_POINT('Ctrl Pts',(10.9695590287447,-3.63478362560272,60.));
#6557=CARTESIAN_POINT('',(12.4072421342134,-4.15652215480804,60.));
#6558=CARTESIAN_POINT('Ctrl Pts',(13.3115924149752,-4.05217349529266,60.));
#6559=CARTESIAN_POINT('Ctrl Pts',(13.3115924149752,-4.05217349529266,59.));
#6560=CARTESIAN_POINT('Ctrl Pts',(13.1710458500428,-4.08258198571626,60.));
#6561=CARTESIAN_POINT('Ctrl Pts',(13.1710458500428,-4.08258198571626,59.));
#6562=CARTESIAN_POINT('Ctrl Pts',(12.8731291670439,-4.14703889084487,60.));
#6563=CARTESIAN_POINT('Ctrl Pts',(12.8731291670439,-4.14703889084487,59.));
#6564=CARTESIAN_POINT('Ctrl Pts',(12.5682762278674,-4.15324425971851,60.));
#6565=CARTESIAN_POINT('Ctrl Pts',(12.5682762278674,-4.15324425971851,59.));
#6566=CARTESIAN_POINT('Ctrl Pts',(12.4072421342134,-4.15652215480804,60.));
#6567=CARTESIAN_POINT('Ctrl Pts',(12.4072421342134,-4.15652215480804,59.));
#6568=CARTESIAN_POINT('',(13.3115924149752,-4.05217349529266,60.));
#6569=CARTESIAN_POINT('Ctrl Pts',(13.3115924149752,-4.05217349529266,60.));
#6570=CARTESIAN_POINT('Ctrl Pts',(13.1710458500428,-4.08258198571626,60.));
#6571=CARTESIAN_POINT('Ctrl Pts',(12.8731291670439,-4.14703889084487,60.));
#6572=CARTESIAN_POINT('Ctrl Pts',(12.5682762278674,-4.15324425971851,60.));
#6573=CARTESIAN_POINT('Ctrl Pts',(12.4072421342134,-4.15652215480804,60.));
#6574=CARTESIAN_POINT('',(13.3115924149752,-4.05217349529266,60.));
#6575=CARTESIAN_POINT('Ctrl Pts',(13.9840567857027,-3.80869567394257,60.));
#6576=CARTESIAN_POINT('Ctrl Pts',(13.9840567857027,-3.80869567394257,59.));
#6577=CARTESIAN_POINT('Ctrl Pts',(13.8835470453291,-3.85473547411652,60.));
#6578=CARTESIAN_POINT('Ctrl Pts',(13.8835470453291,-3.85473547411652,59.));
#6579=CARTESIAN_POINT('Ctrl Pts',(13.6661470400486,-3.95431838780947,60.));
#6580=CARTESIAN_POINT('Ctrl Pts',(13.6661470400486,-3.95431838780947,59.));
#6581=CARTESIAN_POINT('Ctrl Pts',(13.4355684553952,-4.01795679664394,60.));
#6582=CARTESIAN_POINT('Ctrl Pts',(13.4355684553952,-4.01795679664394,59.));
#6583=CARTESIAN_POINT('Ctrl Pts',(13.3115924149752,-4.05217349529266,60.));
#6584=CARTESIAN_POINT('Ctrl Pts',(13.3115924149752,-4.05217349529266,59.));
#6585=CARTESIAN_POINT('',(13.9840567857027,-3.80869567394257,60.));
#6586=CARTESIAN_POINT('Ctrl Pts',(13.9840567857027,-3.80869567394257,60.));
#6587=CARTESIAN_POINT('Ctrl Pts',(13.8835470453291,-3.85473547411652,60.));
#6588=CARTESIAN_POINT('Ctrl Pts',(13.6661470400486,-3.95431838780947,60.));
#6589=CARTESIAN_POINT('Ctrl Pts',(13.4355684553952,-4.01795679664394,60.));
#6590=CARTESIAN_POINT('Ctrl Pts',(13.3115924149752,-4.05217349529266,60.));
#6591=CARTESIAN_POINT('',(13.9840567857027,-3.80869567394257,60.));
#6592=CARTESIAN_POINT('Origin',(13.6536181718111,-2.90434777736664,60.));
#6593=CARTESIAN_POINT('',(13.6536181718111,-2.90434777736664,60.));
#6594=CARTESIAN_POINT('',(18.7045311660167,-16.7277399297022,60.));
#6595=CARTESIAN_POINT('',(13.6536181718111,-2.90434777736664,60.));
#6596=CARTESIAN_POINT('Ctrl Pts',(13.1840575486422,-3.05507361888885,60.));
#6597=CARTESIAN_POINT('Ctrl Pts',(13.1840575486422,-3.05507361888885,59.));
#6598=CARTESIAN_POINT('Ctrl Pts',(13.2642645704231,-3.03439378212255,60.));
#6599=CARTESIAN_POINT('Ctrl Pts',(13.2642645704231,-3.03439378212255,59.));
#6600=CARTESIAN_POINT('Ctrl Pts',(13.4237178117495,-2.99328183295316,60.));
#6601=CARTESIAN_POINT('Ctrl Pts',(13.4237178117495,-2.99328183295316,59.));
#6602=CARTESIAN_POINT('Ctrl Pts',(13.5772931799554,-2.93387313812084,60.));
#6603=CARTESIAN_POINT('Ctrl Pts',(13.5772931799554,-2.93387313812084,59.));
#6604=CARTESIAN_POINT('Ctrl Pts',(13.6536181718111,-2.90434777736664,60.));
#6605=CARTESIAN_POINT('Ctrl Pts',(13.6536181718111,-2.90434777736664,59.));
#6606=CARTESIAN_POINT('',(13.1840575486422,-3.05507361888885,60.));
#6607=CARTESIAN_POINT('Ctrl Pts',(13.1840575486422,-3.05507361888885,60.));
#6608=CARTESIAN_POINT('Ctrl Pts',(13.2642645704231,-3.03439378212255,60.));
#6609=CARTESIAN_POINT('Ctrl Pts',(13.4237178117495,-2.99328183295316,60.));
#6610=CARTESIAN_POINT('Ctrl Pts',(13.5772931799554,-2.93387313812084,60.));
#6611=CARTESIAN_POINT('Ctrl Pts',(13.6536181718111,-2.90434777736664,60.));
#6612=CARTESIAN_POINT('',(13.1840575486422,-3.05507361888885,60.));
#6613=CARTESIAN_POINT('Ctrl Pts',(12.6855052262545,-3.10724675655365,60.));
#6614=CARTESIAN_POINT('Ctrl Pts',(12.6855052262545,-3.10724675655365,59.));
#6615=CARTESIAN_POINT('Ctrl Pts',(12.7707745627461,-3.1052290151964,60.));
#6616=CARTESIAN_POINT('Ctrl Pts',(12.7707745627461,-3.1052290151964,59.));
#6617=CARTESIAN_POINT('Ctrl Pts',(12.9383764780709,-3.10126302542775,60.));
#6618=CARTESIAN_POINT('Ctrl Pts',(12.9383764780709,-3.10126302542775,59.));
#6619=CARTESIAN_POINT('Ctrl Pts',(13.1031261182737,-3.07028917754126,60.));
#6620=CARTESIAN_POINT('Ctrl Pts',(13.1031261182737,-3.07028917754126,59.));
#6621=CARTESIAN_POINT('Ctrl Pts',(13.1840575486422,-3.05507361888885,60.));
#6622=CARTESIAN_POINT('Ctrl Pts',(13.1840575486422,-3.05507361888885,59.));
#6623=CARTESIAN_POINT('',(12.6855052262545,-3.10724675655365,60.));
#6624=CARTESIAN_POINT('Ctrl Pts',(12.6855052262545,-3.10724675655365,60.));
#6625=CARTESIAN_POINT('Ctrl Pts',(12.7707745627461,-3.1052290151964,60.));
#6626=CARTESIAN_POINT('Ctrl Pts',(12.9383764780709,-3.10126302542775,60.));
#6627=CARTESIAN_POINT('Ctrl Pts',(13.1031261182737,-3.07028917754126,60.));
#6628=CARTESIAN_POINT('Ctrl Pts',(13.1840575486422,-3.05507361888885,60.));
#6629=CARTESIAN_POINT('',(12.6855052262545,-3.10724675655365,60.));
#6630=CARTESIAN_POINT('Ctrl Pts',(12.0130408555269,-2.93333470821381,60.));
#6631=CARTESIAN_POINT('Ctrl Pts',(12.0130408555269,-2.93333470821381,59.));
#6632=CARTESIAN_POINT('Ctrl Pts',(12.1106183290244,-2.98398876271337,60.));
#6633=CARTESIAN_POINT('Ctrl Pts',(12.1106183290244,-2.98398876271337,59.));
#6634=CARTESIAN_POINT('Ctrl Pts',(12.3209397642298,-3.09317004256675,60.));
#6635=CARTESIAN_POINT('Ctrl Pts',(12.3209397642298,-3.09317004256675,59.));
#6636=CARTESIAN_POINT('Ctrl Pts',(12.5582784948148,-3.10233423878519,60.));
#6637=CARTESIAN_POINT('Ctrl Pts',(12.5582784948148,-3.10233423878519,59.));
#6638=CARTESIAN_POINT('Ctrl Pts',(12.6855052262545,-3.10724675655365,60.));
#6639=CARTESIAN_POINT('Ctrl Pts',(12.6855052262545,-3.10724675655365,59.));
#6640=CARTESIAN_POINT('',(12.0130408555269,-2.93333470821381,60.));
#6641=CARTESIAN_POINT('Ctrl Pts',(12.0130408555269,-2.93333470821381,60.));
#6642=CARTESIAN_POINT('Ctrl Pts',(12.1106183290244,-2.98398876271337,60.));
#6643=CARTESIAN_POINT('Ctrl Pts',(12.3209397642298,-3.09317004256675,60.));
#6644=CARTESIAN_POINT('Ctrl Pts',(12.5582784948148,-3.10233423878519,60.));
#6645=CARTESIAN_POINT('Ctrl Pts',(12.6855052262545,-3.10724675655365,60.));
#6646=CARTESIAN_POINT('',(12.0130408555269,-2.93333470821381,60.));
#6647=CARTESIAN_POINT('Ctrl Pts',(11.7579711228609,-2.33043491840363,60.));
#6648=CARTESIAN_POINT('Ctrl Pts',(11.7579711228609,-2.33043491840363,59.));
#6649=CARTESIAN_POINT('Ctrl Pts',(11.7642238524027,-2.45796197957483,60.));
#6650=CARTESIAN_POINT('Ctrl Pts',(11.7642238524027,-2.45796197957483,59.));
#6651=CARTESIAN_POINT('Ctrl Pts',(11.775700721237,-2.6920375691374,60.));
#6652=CARTESIAN_POINT('Ctrl Pts',(11.775700721237,-2.6920375691374,59.));
#6653=CARTESIAN_POINT('Ctrl Pts',(11.9387999527139,-2.85785603915164,60.));
#6654=CARTESIAN_POINT('Ctrl Pts',(11.9387999527139,-2.85785603915164,59.));
#6655=CARTESIAN_POINT('Ctrl Pts',(12.0130408555269,-2.93333470821381,60.));
#6656=CARTESIAN_POINT('Ctrl Pts',(12.0130408555269,-2.93333470821381,59.));
#6657=CARTESIAN_POINT('',(11.7579711228609,-2.33043491840363,60.));
#6658=CARTESIAN_POINT('Ctrl Pts',(11.7579711228609,-2.33043491840363,60.));
#6659=CARTESIAN_POINT('Ctrl Pts',(11.7642238524027,-2.45796197957483,60.));
#6660=CARTESIAN_POINT('Ctrl Pts',(11.775700721237,-2.6920375691374,60.));
#6661=CARTESIAN_POINT('Ctrl Pts',(11.9387999527139,-2.85785603915164,60.));
#6662=CARTESIAN_POINT('Ctrl Pts',(12.0130408555269,-2.93333470821381,60.));
#6663=CARTESIAN_POINT('',(11.7579711228609,-2.33043491840363,60.));
#6664=CARTESIAN_POINT('Origin',(11.7579711228609,4.57971036434174,60.));
#6665=CARTESIAN_POINT('',(11.7579711228609,0.,60.));
#6666=CARTESIAN_POINT('',(11.7579711228609,0.,57.5));
#6667=CARTESIAN_POINT('',(11.7579711228609,-2.71014481782913,60.));
#6668=CARTESIAN_POINT('Ctrl Pts',(27.4333346635103,1.46666586399078,60.));
#6669=CARTESIAN_POINT('Ctrl Pts',(27.4333346635103,1.46666586399078,59.));
#6670=CARTESIAN_POINT('Ctrl Pts',(27.6409962342348,1.15327087650047,60.));
#6671=CARTESIAN_POINT('Ctrl Pts',(27.6409962342348,1.15327087650047,59.));
#6672=CARTESIAN_POINT('Ctrl Pts',(28.0898998908466,0.475802458259049,60.));
#6673=CARTESIAN_POINT('Ctrl Pts',(28.0898998908466,0.475802458259049,59.));
#6674=CARTESIAN_POINT('Ctrl Pts',(28.1266358622106,-0.338957919039611,60.));
#6675=CARTESIAN_POINT('Ctrl Pts',(28.1266358622106,-0.338957919039611,59.));
#6676=CARTESIAN_POINT('Ctrl Pts',(28.1463778764009,-0.776812434196472,60.));
#6677=CARTESIAN_POINT('Ctrl Pts',(28.1463778764009,-0.776812434196472,59.));
#6678=CARTESIAN_POINT('',(28.0855377270449,1.73472347597681E-17,59.));
#6679=CARTESIAN_POINT('',(28.0855377270449,1.73472347597681E-17,60.));
#6680=CARTESIAN_POINT('Ctrl Pts',(28.0855377270449,3.46944695195361E-17,
59.));
#6681=CARTESIAN_POINT('Ctrl Pts',(28.0855377270449,3.46944695195361E-17,
59.1666666666667));
#6682=CARTESIAN_POINT('Ctrl Pts',(28.0855377270449,3.46944695195361E-17,
59.3333333333333));
#6683=CARTESIAN_POINT('Ctrl Pts',(28.0855377270449,3.46944695195361E-17,
59.6666666666667));
#6684=CARTESIAN_POINT('Ctrl Pts',(28.0855377270449,3.46944695195361E-17,
59.8333333333333));
#6685=CARTESIAN_POINT('Ctrl Pts',(28.0855377270449,3.46944695195361E-17,
60.));
#6686=CARTESIAN_POINT('',(28.1463778764009,-0.776812434196472,59.));
#6687=CARTESIAN_POINT('Ctrl Pts',(28.0855377270449,3.46944695195361E-17,
59.));
#6688=CARTESIAN_POINT('Ctrl Pts',(28.1227732457561,-0.253289656489775,59.));
#6689=CARTESIAN_POINT('Ctrl Pts',(28.1345755610785,-0.515051045343124,59.));
#6690=CARTESIAN_POINT('Ctrl Pts',(28.1463778764009,-0.776812434196472,59.));
#6691=CARTESIAN_POINT('',(28.1463778764009,-0.776812434196472,60.));
#6692=CARTESIAN_POINT('',(28.1463778764009,-0.776812434196472,60.));
#6693=CARTESIAN_POINT('Ctrl Pts',(28.0855377270449,1.73472347597681E-17,
60.));
#6694=CARTESIAN_POINT('Ctrl Pts',(28.1227732457562,-0.25328965649028,60.));
#6695=CARTESIAN_POINT('Ctrl Pts',(28.1345755610785,-0.515051045342564,60.));
#6696=CARTESIAN_POINT('Ctrl Pts',(28.1463778764009,-0.776812434196472,60.));
#6697=CARTESIAN_POINT('Ctrl Pts',(26.888414695859,-0.46956479549408,60.));
#6698=CARTESIAN_POINT('Ctrl Pts',(26.888414695859,-0.46956479549408,59.));
#6699=CARTESIAN_POINT('Ctrl Pts',(26.8758474417394,-0.208656891730208,60.));
#6700=CARTESIAN_POINT('Ctrl Pts',(26.8758474417394,-0.208656891730208,59.));
#6701=CARTESIAN_POINT('Ctrl Pts',(26.8530873988011,0.263862803992843,60.));
#6702=CARTESIAN_POINT('Ctrl Pts',(26.8530873988011,0.263862803992843,59.));
#6703=CARTESIAN_POINT('Ctrl Pts',(26.6212310749184,0.674204932414544,60.));
#6704=CARTESIAN_POINT('Ctrl Pts',(26.6212310749184,0.674204932414544,59.));
#6705=CARTESIAN_POINT('Ctrl Pts',(26.5173972398043,0.85797131061554,60.));
#6706=CARTESIAN_POINT('Ctrl Pts',(26.5173972398043,0.85797131061554,59.));
#6707=CARTESIAN_POINT('',(26.851457593891,1.73472347597681E-17,60.));
#6708=CARTESIAN_POINT('',(26.851457593891,1.73472347597681E-17,59.));
#6709=CARTESIAN_POINT('Ctrl Pts',(26.851457593891,3.46944695195361E-17,
60.));
#6710=CARTESIAN_POINT('Ctrl Pts',(26.851457593891,3.46944695195361E-17,
59.8333333333333));
#6711=CARTESIAN_POINT('Ctrl Pts',(26.851457593891,3.46944695195361E-17,
59.6666666666667));
#6712=CARTESIAN_POINT('Ctrl Pts',(26.851457593891,3.46944695195361E-17,
59.3333333333333));
#6713=CARTESIAN_POINT('Ctrl Pts',(26.851457593891,3.46944695195361E-17,
59.1666666666667));
#6714=CARTESIAN_POINT('Ctrl Pts',(26.851457593891,3.46944695195361E-17,
59.));
#6715=CARTESIAN_POINT('',(26.888414695859,-0.46956479549408,60.));
#6716=CARTESIAN_POINT('Ctrl Pts',(26.888414695859,-0.46956479549408,60.));
#6717=CARTESIAN_POINT('Ctrl Pts',(26.8808079628512,-0.311641931463705,60.));
#6718=CARTESIAN_POINT('Ctrl Pts',(26.8732012298434,-0.153719067433417,60.));
#6719=CARTESIAN_POINT('Ctrl Pts',(26.851457593891,1.73472347597681E-17,
60.));
#6720=CARTESIAN_POINT('',(26.888414695859,-0.46956479549408,59.));
#6721=CARTESIAN_POINT('',(26.888414695859,-0.46956479549408,60.));
#6722=CARTESIAN_POINT('Ctrl Pts',(26.888414695859,-0.46956479549408,59.));
#6723=CARTESIAN_POINT('Ctrl Pts',(26.8808079628512,-0.311641931463734,59.));
#6724=CARTESIAN_POINT('Ctrl Pts',(26.8732012298434,-0.15371906743339,59.));
#6725=CARTESIAN_POINT('Ctrl Pts',(26.851457593891,3.46944695195361E-17,
59.));
#6726=CARTESIAN_POINT('Origin',(24.0536273270845,-0.46956479549408,60.));
#6727=CARTESIAN_POINT('',(24.0536273270845,-0.46956479549408,60.));
#6728=CARTESIAN_POINT('',(52.0268136635423,-0.46956479549408,60.));
#6729=CARTESIAN_POINT('',(24.0536273270845,-0.46956479549408,59.));
#6730=CARTESIAN_POINT('',(24.0536273270845,-0.46956479549408,60.));
#6731=CARTESIAN_POINT('',(24.0536273270845,-0.46956479549408,59.));
#6732=CARTESIAN_POINT('Ctrl Pts',(24.5116008073092,0.886955857276917,60.));
#6733=CARTESIAN_POINT('Ctrl Pts',(24.5116008073092,0.886955857276917,59.));
#6734=CARTESIAN_POINT('Ctrl Pts',(24.3919741025996,0.706781159724552,60.));
#6735=CARTESIAN_POINT('Ctrl Pts',(24.3919741025996,0.706781159724552,59.));
#6736=CARTESIAN_POINT('Ctrl Pts',(24.1202465201812,0.297521077724019,60.));
#6737=CARTESIAN_POINT('Ctrl Pts',(24.1202465201812,0.297521077724019,59.));
#6738=CARTESIAN_POINT('Ctrl Pts',(24.0775352018394,-0.194277867949106,60.));
#6739=CARTESIAN_POINT('Ctrl Pts',(24.0775352018394,-0.194277867949106,59.));
#6740=CARTESIAN_POINT('Ctrl Pts',(24.0536273270845,-0.46956479549408,60.));
#6741=CARTESIAN_POINT('Ctrl Pts',(24.0536273270845,-0.46956479549408,59.));
#6742=CARTESIAN_POINT('',(24.1084406590969,-2.60208521396521E-17,59.));
#6743=CARTESIAN_POINT('',(24.1084406590969,-2.60208521396521E-17,60.));
#6744=CARTESIAN_POINT('Ctrl Pts',(24.1084406590969,-1.21430643318376E-16,
59.));
#6745=CARTESIAN_POINT('Ctrl Pts',(24.1084406590969,-1.21430643318376E-16,
59.1666666666667));
#6746=CARTESIAN_POINT('Ctrl Pts',(24.1084406590969,-1.21430643318376E-16,
59.3333333333333));
#6747=CARTESIAN_POINT('Ctrl Pts',(24.1084406590969,-1.21430643318376E-16,
59.6666666666667));
#6748=CARTESIAN_POINT('Ctrl Pts',(24.1084406590969,-1.21430643318376E-16,
59.8333333333333));
#6749=CARTESIAN_POINT('Ctrl Pts',(24.1084406590969,-1.21430643318376E-16,
60.));
#6750=CARTESIAN_POINT('Ctrl Pts',(24.1084406590969,-5.20417042793042E-17,
59.));
#6751=CARTESIAN_POINT('Ctrl Pts',(24.0810981613303,-0.153252215051201,59.));
#6752=CARTESIAN_POINT('Ctrl Pts',(24.0673627442074,-0.311408505272641,59.));
#6753=CARTESIAN_POINT('Ctrl Pts',(24.0536273270845,-0.46956479549408,59.));
#6754=CARTESIAN_POINT('Ctrl Pts',(24.1084406590969,-2.60208521396521E-17,
60.));
#6755=CARTESIAN_POINT('Ctrl Pts',(24.0810981613302,-0.153252215051365,60.));
#6756=CARTESIAN_POINT('Ctrl Pts',(24.0673627442074,-0.311408505272461,60.));
#6757=CARTESIAN_POINT('Ctrl Pts',(24.0536273270845,-0.46956479549408,60.));
#6758=CARTESIAN_POINT('Ctrl Pts',(28.1347907334566,-1.08985483646393,60.));
#6759=CARTESIAN_POINT('Ctrl Pts',(28.1347907334566,-1.08985483646393,59.));
#6760=CARTESIAN_POINT('Ctrl Pts',(28.1327553873545,-1.13722321121518,60.));
#6761=CARTESIAN_POINT('Ctrl Pts',(28.1327553873545,-1.13722321121518,59.));
#6762=CARTESIAN_POINT('Ctrl Pts',(28.1289303416645,-1.22624305776234,60.));
#6763=CARTESIAN_POINT('Ctrl Pts',(28.1289303416645,-1.22624305776234,59.));
#6764=CARTESIAN_POINT('Ctrl Pts',(28.1210723755528,-1.3149958984251,60.));
#6765=CARTESIAN_POINT('Ctrl Pts',(28.1210723755528,-1.3149958984251,59.));
#6766=CARTESIAN_POINT('Ctrl Pts',(28.1173957139254,-1.35652244091034,60.));
#6767=CARTESIAN_POINT('Ctrl Pts',(28.1173957139254,-1.35652244091034,59.));
#6768=CARTESIAN_POINT('',(28.1347907334566,-1.08985483646393,60.));
#6769=CARTESIAN_POINT('',(28.1173957139254,-1.35652244091034,60.));
#6770=CARTESIAN_POINT('Ctrl Pts',(28.1347907334566,-1.08985483646393,60.));
#6771=CARTESIAN_POINT('Ctrl Pts',(28.1327553873545,-1.13722321121518,60.));
#6772=CARTESIAN_POINT('Ctrl Pts',(28.1289303416645,-1.22624305776234,60.));
#6773=CARTESIAN_POINT('Ctrl Pts',(28.1210723755528,-1.3149958984251,60.));
#6774=CARTESIAN_POINT('Ctrl Pts',(28.1173957139254,-1.35652244091034,60.));
#6775=CARTESIAN_POINT('',(28.1347907334566,-1.08985483646393,59.));
#6776=CARTESIAN_POINT('',(28.1347907334566,-1.08985483646393,60.));
#6777=CARTESIAN_POINT('',(28.1173957139254,-1.35652244091034,59.));
#6778=CARTESIAN_POINT('Ctrl Pts',(28.1347907334566,-1.08985483646393,59.));
#6779=CARTESIAN_POINT('Ctrl Pts',(28.1327553873545,-1.13722321121518,59.));
#6780=CARTESIAN_POINT('Ctrl Pts',(28.1289303416645,-1.22624305776234,59.));
#6781=CARTESIAN_POINT('Ctrl Pts',(28.1210723755528,-1.3149958984251,59.));
#6782=CARTESIAN_POINT('Ctrl Pts',(28.1173957139254,-1.35652244091034,59.));
#6783=CARTESIAN_POINT('',(28.1173957139254,-1.35652244091034,60.));
#6784=CARTESIAN_POINT('Ctrl Pts',(28.1463778764009,-0.776812434196472,60.));
#6785=CARTESIAN_POINT('Ctrl Pts',(28.1463778764009,-0.776812434196472,59.));
#6786=CARTESIAN_POINT('Ctrl Pts',(28.1458925763065,-0.829004167899745,60.));
#6787=CARTESIAN_POINT('Ctrl Pts',(28.1458925763065,-0.829004167899745,59.));
#6788=CARTESIAN_POINT('Ctrl Pts',(28.1449213161407,-0.933458612707831,60.));
#6789=CARTESIAN_POINT('Ctrl Pts',(28.1449213161407,-0.933458612707831,59.));
#6790=CARTESIAN_POINT('Ctrl Pts',(28.1381691237359,-1.03769915119491,60.));
#6791=CARTESIAN_POINT('Ctrl Pts',(28.1381691237359,-1.03769915119491,59.));
#6792=CARTESIAN_POINT('Ctrl Pts',(28.1347907334566,-1.08985483646393,60.));
#6793=CARTESIAN_POINT('Ctrl Pts',(28.1347907334566,-1.08985483646393,59.));
#6794=CARTESIAN_POINT('Ctrl Pts',(28.1463778764009,-0.776812434196472,60.));
#6795=CARTESIAN_POINT('Ctrl Pts',(28.1458925763065,-0.829004167899745,60.));
#6796=CARTESIAN_POINT('Ctrl Pts',(28.1449213161407,-0.933458612707831,60.));
#6797=CARTESIAN_POINT('Ctrl Pts',(28.1381691237359,-1.03769915119491,60.));
#6798=CARTESIAN_POINT('Ctrl Pts',(28.1347907334566,-1.08985483646393,60.));
#6799=CARTESIAN_POINT('Ctrl Pts',(28.1463778764009,-0.776812434196472,59.));
#6800=CARTESIAN_POINT('Ctrl Pts',(28.1458925763065,-0.829004167899745,59.));
#6801=CARTESIAN_POINT('Ctrl Pts',(28.1449213161407,-0.933458612707831,59.));
#6802=CARTESIAN_POINT('Ctrl Pts',(28.1381691237359,-1.03769915119491,59.));
#6803=CARTESIAN_POINT('Ctrl Pts',(28.1347907334566,-1.08985483646393,59.));
#6804=CARTESIAN_POINT('Ctrl Pts',(22.7144969254732,-0.944927334785461,60.));
#6805=CARTESIAN_POINT('Ctrl Pts',(22.7144969254732,-0.944927334785461,59.));
#6806=CARTESIAN_POINT('Ctrl Pts',(22.726312930447,-0.65072854476806,60.));
#6807=CARTESIAN_POINT('Ctrl Pts',(22.726312930447,-0.65072854476806,59.));
#6808=CARTESIAN_POINT('Ctrl Pts',(22.7491018642157,-0.0833221535694184,
60.));
#6809=CARTESIAN_POINT('Ctrl Pts',(22.7491018642157,-0.0833221535694184,
59.));
#6810=CARTESIAN_POINT('Ctrl Pts',(22.9527005844946,0.446391203008751,60.));
#6811=CARTESIAN_POINT('Ctrl Pts',(22.9527005844946,0.446391203008751,59.));
#6812=CARTESIAN_POINT('Ctrl Pts',(23.0507338792086,0.701449513435364,60.));
#6813=CARTESIAN_POINT('Ctrl Pts',(23.0507338792086,0.701449513435364,59.));
#6814=CARTESIAN_POINT('',(22.8150417738362,3.46944695195361E-17,60.));
#6815=CARTESIAN_POINT('',(22.8150417738362,3.46944695195361E-17,59.));
#6816=CARTESIAN_POINT('Ctrl Pts',(22.8150417738362,6.93889390390723E-17,
60.));
#6817=CARTESIAN_POINT('Ctrl Pts',(22.8150417738362,6.93889390390723E-17,
59.8333333333333));
#6818=CARTESIAN_POINT('Ctrl Pts',(22.8150417738362,6.93889390390723E-17,
59.6666666666667));
#6819=CARTESIAN_POINT('Ctrl Pts',(22.8150417738362,6.93889390390723E-17,
59.3333333333333));
#6820=CARTESIAN_POINT('Ctrl Pts',(22.8150417738362,6.93889390390723E-17,
59.1666666666667));
#6821=CARTESIAN_POINT('Ctrl Pts',(22.8150417738362,6.93889390390723E-17,
59.));
#6822=CARTESIAN_POINT('',(22.7144969254732,-0.944927334785461,60.));
#6823=CARTESIAN_POINT('Ctrl Pts',(22.7144969254732,-0.944927334785461,60.));
#6824=CARTESIAN_POINT('Ctrl Pts',(22.726312930447,-0.65072854476806,60.));
#6825=CARTESIAN_POINT('Ctrl Pts',(22.7391366514032,-0.331439309767131,60.));
#6826=CARTESIAN_POINT('Ctrl Pts',(22.8092138721535,-0.0240855910429226,
60.));
#6827=CARTESIAN_POINT('Ctrl Pts',(22.8150417738362,3.46944695195361E-17,
60.));
#6828=CARTESIAN_POINT('',(22.7144969254732,-0.944927334785461,59.));
#6829=CARTESIAN_POINT('',(22.7144969254732,-0.944927334785461,60.));
#6830=CARTESIAN_POINT('Ctrl Pts',(22.7144969254732,-0.944927334785461,59.));
#6831=CARTESIAN_POINT('Ctrl Pts',(22.726312930447,-0.65072854476806,59.));
#6832=CARTESIAN_POINT('Ctrl Pts',(22.7391366514032,-0.331439309767131,59.));
#6833=CARTESIAN_POINT('Ctrl Pts',(22.8092138721535,-0.0240855910429242,
59.));
#6834=CARTESIAN_POINT('Ctrl Pts',(22.8150417738362,6.93889390390723E-17,
59.));
#6835=CARTESIAN_POINT('Ctrl Pts',(23.0507338792086,-2.62029111385345,60.));
#6836=CARTESIAN_POINT('Ctrl Pts',(23.0507338792086,-2.62029111385345,59.));
#6837=CARTESIAN_POINT('Ctrl Pts',(22.952717814251,-2.36277683572332,60.));
#6838=CARTESIAN_POINT('Ctrl Pts',(22.952717814251,-2.36277683572332,59.));
#6839=CARTESIAN_POINT('Ctrl Pts',(22.7474569633681,-1.82350197433816,60.));
#6840=CARTESIAN_POINT('Ctrl Pts',(22.7474569633681,-1.82350197433816,59.));
#6841=CARTESIAN_POINT('Ctrl Pts',(22.7258080565115,-1.24643405351418,60.));
#6842=CARTESIAN_POINT('Ctrl Pts',(22.7258080565115,-1.24643405351418,59.));
#6843=CARTESIAN_POINT('Ctrl Pts',(22.7144969254732,-0.944927334785461,60.));
#6844=CARTESIAN_POINT('Ctrl Pts',(22.7144969254732,-0.944927334785461,59.));
#6845=CARTESIAN_POINT('',(23.0507338792086,-2.62029111385345,60.));
#6846=CARTESIAN_POINT('Ctrl Pts',(23.0507338792086,-2.62029111385345,60.));
#6847=CARTESIAN_POINT('Ctrl Pts',(22.952717814251,-2.36277683572332,60.));
#6848=CARTESIAN_POINT('Ctrl Pts',(22.7474569633681,-1.82350197433816,60.));
#6849=CARTESIAN_POINT('Ctrl Pts',(22.7258080565115,-1.24643405351418,60.));
#6850=CARTESIAN_POINT('Ctrl Pts',(22.7144969254732,-0.944927334785461,60.));
#6851=CARTESIAN_POINT('',(23.0507338792086,-2.62029111385345,59.));
#6852=CARTESIAN_POINT('',(23.0507338792086,-2.62029111385345,60.));
#6853=CARTESIAN_POINT('Ctrl Pts',(23.0507338792086,-2.62029111385345,59.));
#6854=CARTESIAN_POINT('Ctrl Pts',(22.952717814251,-2.36277683572332,59.));
#6855=CARTESIAN_POINT('Ctrl Pts',(22.7474569633681,-1.82350197433816,59.));
#6856=CARTESIAN_POINT('Ctrl Pts',(22.7258080565115,-1.24643405351418,59.));
#6857=CARTESIAN_POINT('Ctrl Pts',(22.7144969254732,-0.944927334785461,59.));
#6858=CARTESIAN_POINT('Ctrl Pts',(24.0478289872408,-3.75072419643402,60.));
#6859=CARTESIAN_POINT('Ctrl Pts',(24.0478289872408,-3.75072419643402,59.));
#6860=CARTESIAN_POINT('Ctrl Pts',(23.8419370640703,-3.60094106173825,60.));
#6861=CARTESIAN_POINT('Ctrl Pts',(23.8419370640703,-3.60094106173825,59.));
#6862=CARTESIAN_POINT('Ctrl Pts',(23.4258262488129,-3.29822699053862,60.));
#6863=CARTESIAN_POINT('Ctrl Pts',(23.4258262488129,-3.29822699053862,59.));
#6864=CARTESIAN_POINT('Ctrl Pts',(23.1766284383263,-2.84783090197398,60.));
#6865=CARTESIAN_POINT('Ctrl Pts',(23.1766284383263,-2.84783090197398,59.));
#6866=CARTESIAN_POINT('Ctrl Pts',(23.0507338792086,-2.62029111385345,60.));
#6867=CARTESIAN_POINT('Ctrl Pts',(23.0507338792086,-2.62029111385345,59.));
#6868=CARTESIAN_POINT('',(24.0478289872408,-3.75072419643402,60.));
#6869=CARTESIAN_POINT('Ctrl Pts',(24.0478289872408,-3.75072419643402,60.));
#6870=CARTESIAN_POINT('Ctrl Pts',(23.8419370640703,-3.60094106173825,60.));
#6871=CARTESIAN_POINT('Ctrl Pts',(23.4258262488129,-3.29822699053862,60.));
#6872=CARTESIAN_POINT('Ctrl Pts',(23.1766284383263,-2.84783090197398,60.));
#6873=CARTESIAN_POINT('Ctrl Pts',(23.0507338792086,-2.62029111385345,60.));
#6874=CARTESIAN_POINT('',(24.0478289872408,-3.75072419643402,59.));
#6875=CARTESIAN_POINT('',(24.0478289872408,-3.75072419643402,60.));
#6876=CARTESIAN_POINT('Ctrl Pts',(24.0478289872408,-3.75072419643402,59.));
#6877=CARTESIAN_POINT('Ctrl Pts',(23.8419370640703,-3.60094106173825,59.));
#6878=CARTESIAN_POINT('Ctrl Pts',(23.4258262488129,-3.29822699053862,59.));
#6879=CARTESIAN_POINT('Ctrl Pts',(23.1766284383263,-2.84783090197398,59.));
#6880=CARTESIAN_POINT('Ctrl Pts',(23.0507338792086,-2.62029111385345,59.));
#6881=CARTESIAN_POINT('Ctrl Pts',(25.6652224808931,-4.15652215480804,60.));
#6882=CARTESIAN_POINT('Ctrl Pts',(25.6652224808931,-4.15652215480804,59.));
#6883=CARTESIAN_POINT('Ctrl Pts',(25.3655845660944,-4.14368161402271,60.));
#6884=CARTESIAN_POINT('Ctrl Pts',(25.3655845660944,-4.14368161402271,59.));
#6885=CARTESIAN_POINT('Ctrl Pts',(24.7977066982048,-4.11934604577986,60.));
#6886=CARTESIAN_POINT('Ctrl Pts',(24.7977066982048,-4.11934604577986,59.));
#6887=CARTESIAN_POINT('Ctrl Pts',(24.2884017354415,-3.86898397405825,60.));
#6888=CARTESIAN_POINT('Ctrl Pts',(24.2884017354415,-3.86898397405825,59.));
#6889=CARTESIAN_POINT('Ctrl Pts',(24.0478289872408,-3.75072419643402,60.));
#6890=CARTESIAN_POINT('Ctrl Pts',(24.0478289872408,-3.75072419643402,59.));
#6891=CARTESIAN_POINT('',(25.6652224808931,-4.15652215480804,60.));
#6892=CARTESIAN_POINT('Ctrl Pts',(25.6652224808931,-4.15652215480804,60.));
#6893=CARTESIAN_POINT('Ctrl Pts',(25.3655845660944,-4.14368161402271,60.));
#6894=CARTESIAN_POINT('Ctrl Pts',(24.7977066982048,-4.11934604577986,60.));
#6895=CARTESIAN_POINT('Ctrl Pts',(24.2884017354415,-3.86898397405825,60.));
#6896=CARTESIAN_POINT('Ctrl Pts',(24.0478289872408,-3.75072419643402,60.));
#6897=CARTESIAN_POINT('',(25.6652224808931,-4.15652215480804,59.));
#6898=CARTESIAN_POINT('',(25.6652224808931,-4.15652215480804,60.));
#6899=CARTESIAN_POINT('Ctrl Pts',(25.6652224808931,-4.15652215480804,59.));
#6900=CARTESIAN_POINT('Ctrl Pts',(25.3655845660944,-4.14368161402271,59.));
#6901=CARTESIAN_POINT('Ctrl Pts',(24.7977066982048,-4.11934604577986,59.));
#6902=CARTESIAN_POINT('Ctrl Pts',(24.2884017354415,-3.86898397405825,59.));
#6903=CARTESIAN_POINT('Ctrl Pts',(24.0478289872408,-3.75072419643402,59.));
#6904=CARTESIAN_POINT('Ctrl Pts',(26.8942130357027,-3.94782721996307,60.));
#6905=CARTESIAN_POINT('Ctrl Pts',(26.8942130357027,-3.94782721996307,59.));
#6906=CARTESIAN_POINT('Ctrl Pts',(26.6976341570518,-4.00869019342873,60.));
#6907=CARTESIAN_POINT('Ctrl Pts',(26.6976341570518,-4.00869019342873,59.));
#6908=CARTESIAN_POINT('Ctrl Pts',(26.2972940676213,-4.13263986903718,60.));
#6909=CARTESIAN_POINT('Ctrl Pts',(26.2972940676213,-4.13263986903718,59.));
#6910=CARTESIAN_POINT('Ctrl Pts',(25.8784179694086,-4.14846674512235,60.));
#6911=CARTESIAN_POINT('Ctrl Pts',(25.8784179694086,-4.14846674512235,59.));
#6912=CARTESIAN_POINT('Ctrl Pts',(25.6652224808931,-4.15652215480804,60.));
#6913=CARTESIAN_POINT('Ctrl Pts',(25.6652224808931,-4.15652215480804,59.));
#6914=CARTESIAN_POINT('',(26.8942130357027,-3.94782721996307,60.));
#6915=CARTESIAN_POINT('Ctrl Pts',(26.8942130357027,-3.94782721996307,60.));
#6916=CARTESIAN_POINT('Ctrl Pts',(26.6976341570518,-4.00869019342873,60.));
#6917=CARTESIAN_POINT('Ctrl Pts',(26.2972940676213,-4.13263986903718,60.));
#6918=CARTESIAN_POINT('Ctrl Pts',(25.8784179694086,-4.14846674512235,60.));
#6919=CARTESIAN_POINT('Ctrl Pts',(25.6652224808931,-4.15652215480804,60.));
#6920=CARTESIAN_POINT('',(26.8942130357027,-3.94782721996307,59.));
#6921=CARTESIAN_POINT('',(26.8942130357027,-3.94782721996307,60.));
#6922=CARTESIAN_POINT('Ctrl Pts',(26.8942130357027,-3.94782721996307,59.));
#6923=CARTESIAN_POINT('Ctrl Pts',(26.6976341570518,-4.00869019342873,59.));
#6924=CARTESIAN_POINT('Ctrl Pts',(26.2972940676213,-4.13263986903718,59.));
#6925=CARTESIAN_POINT('Ctrl Pts',(25.8784179694086,-4.14846674512235,59.));
#6926=CARTESIAN_POINT('Ctrl Pts',(25.6652224808931,-4.15652215480804,59.));
#6927=CARTESIAN_POINT('Ctrl Pts',(27.8971064835787,-3.39130580425262,60.));
#6928=CARTESIAN_POINT('Ctrl Pts',(27.8971064835787,-3.39130580425262,59.));
#6929=CARTESIAN_POINT('Ctrl Pts',(27.7457338363104,-3.5022890288909,60.));
#6930=CARTESIAN_POINT('Ctrl Pts',(27.7457338363104,-3.5022890288909,59.));
#6931=CARTESIAN_POINT('Ctrl Pts',(27.4350262144866,-3.73009328819396,60.));
#6932=CARTESIAN_POINT('Ctrl Pts',(27.4350262144866,-3.73009328819396,59.));
#6933=CARTESIAN_POINT('Ctrl Pts',(27.0775378125306,-3.8740198017726,60.));
#6934=CARTESIAN_POINT('Ctrl Pts',(27.0775378125306,-3.8740198017726,59.));
#6935=CARTESIAN_POINT('Ctrl Pts',(26.8942130357027,-3.94782721996307,60.));
#6936=CARTESIAN_POINT('Ctrl Pts',(26.8942130357027,-3.94782721996307,59.));
#6937=CARTESIAN_POINT('',(27.8971064835787,-3.39130580425262,60.));
#6938=CARTESIAN_POINT('Ctrl Pts',(27.8971064835787,-3.39130580425262,60.));
#6939=CARTESIAN_POINT('Ctrl Pts',(27.7457338363104,-3.5022890288909,60.));
#6940=CARTESIAN_POINT('Ctrl Pts',(27.4350262144866,-3.73009328819396,60.));
#6941=CARTESIAN_POINT('Ctrl Pts',(27.0775378125306,-3.8740198017726,60.));
#6942=CARTESIAN_POINT('Ctrl Pts',(26.8942130357027,-3.94782721996307,60.));
#6943=CARTESIAN_POINT('',(27.8971064835787,-3.39130580425262,59.));
#6944=CARTESIAN_POINT('',(27.8971064835787,-3.39130580425262,60.));
#6945=CARTESIAN_POINT('Ctrl Pts',(27.8971064835787,-3.39130580425262,59.));
#6946=CARTESIAN_POINT('Ctrl Pts',(27.7457338363104,-3.5022890288909,59.));
#6947=CARTESIAN_POINT('Ctrl Pts',(27.4350262144866,-3.73009328819396,59.));
#6948=CARTESIAN_POINT('Ctrl Pts',(27.0775378125306,-3.8740198017726,59.));
#6949=CARTESIAN_POINT('Ctrl Pts',(26.8942130357027,-3.94782721996307,59.));
#6950=CARTESIAN_POINT('Origin',(27.3347914963961,-2.6144927740097,60.));
#6951=CARTESIAN_POINT('',(27.3347914963961,-2.6144927740097,60.));
#6952=CARTESIAN_POINT('',(38.142718600341,-17.5451611638484,60.));
#6953=CARTESIAN_POINT('',(27.3347914963961,-2.6144927740097,59.));
#6954=CARTESIAN_POINT('',(27.3347914963961,-2.6144927740097,60.));
#6955=CARTESIAN_POINT('',(27.3347914963961,-2.6144927740097,59.));
#6956=CARTESIAN_POINT('Ctrl Pts',(26.5579760819674,-3.00869643688202,60.));
#6957=CARTESIAN_POINT('Ctrl Pts',(26.5579760819674,-3.00869643688202,59.));
#6958=CARTESIAN_POINT('Ctrl Pts',(26.6892765460084,-2.95627919308972,60.));
#6959=CARTESIAN_POINT('Ctrl Pts',(26.6892765460084,-2.95627919308972,59.));
#6960=CARTESIAN_POINT('Ctrl Pts',(26.9599990564937,-2.8482024400043,60.));
#6961=CARTESIAN_POINT('Ctrl Pts',(26.9599990564937,-2.8482024400043,59.));
#6962=CARTESIAN_POINT('Ctrl Pts',(27.207386833625,-2.69393861659432,60.));
#6963=CARTESIAN_POINT('Ctrl Pts',(27.207386833625,-2.69393861659432,59.));
#6964=CARTESIAN_POINT('Ctrl Pts',(27.3347914963961,-2.6144927740097,60.));
#6965=CARTESIAN_POINT('Ctrl Pts',(27.3347914963961,-2.6144927740097,59.));
#6966=CARTESIAN_POINT('',(26.5579760819674,-3.00869643688202,60.));
#6967=CARTESIAN_POINT('Ctrl Pts',(26.5579760819674,-3.00869643688202,60.));
#6968=CARTESIAN_POINT('Ctrl Pts',(26.6892765460084,-2.95627919308972,60.));
#6969=CARTESIAN_POINT('Ctrl Pts',(26.9599990564937,-2.8482024400043,60.));
#6970=CARTESIAN_POINT('Ctrl Pts',(27.207386833625,-2.69393861659432,60.));
#6971=CARTESIAN_POINT('Ctrl Pts',(27.3347914963961,-2.6144927740097,60.));
#6972=CARTESIAN_POINT('',(26.5579760819674,-3.00869643688202,59.));
#6973=CARTESIAN_POINT('',(26.5579760819674,-3.00869643688202,60.));
#6974=CARTESIAN_POINT('Ctrl Pts',(26.5579760819674,-3.00869643688202,59.));
#6975=CARTESIAN_POINT('Ctrl Pts',(26.6892765460084,-2.95627919308972,59.));
#6976=CARTESIAN_POINT('Ctrl Pts',(26.9599990564937,-2.8482024400043,59.));
#6977=CARTESIAN_POINT('Ctrl Pts',(27.207386833625,-2.69393861659432,59.));
#6978=CARTESIAN_POINT('Ctrl Pts',(27.3347914963961,-2.6144927740097,59.));
#6979=CARTESIAN_POINT('Ctrl Pts',(25.7289946824312,-3.14782559871674,60.));
#6980=CARTESIAN_POINT('Ctrl Pts',(25.7289946824312,-3.14782559871674,59.));
#6981=CARTESIAN_POINT('Ctrl Pts',(25.8735531145186,-3.14259347217916,60.));
#6982=CARTESIAN_POINT('Ctrl Pts',(25.8735531145186,-3.14259347217916,59.));
#6983=CARTESIAN_POINT('Ctrl Pts',(26.1560247288107,-3.13236973629667,60.));
#6984=CARTESIAN_POINT('Ctrl Pts',(26.1560247288107,-3.13236973629667,59.));
#6985=CARTESIAN_POINT('Ctrl Pts',(26.4261102517393,-3.04926921310553,60.));
#6986=CARTESIAN_POINT('Ctrl Pts',(26.4261102517393,-3.04926921310553,59.));
#6987=CARTESIAN_POINT('Ctrl Pts',(26.5579760819674,-3.00869643688202,60.));
#6988=CARTESIAN_POINT('Ctrl Pts',(26.5579760819674,-3.00869643688202,59.));
#6989=CARTESIAN_POINT('',(25.7289946824312,-3.14782559871674,60.));
#6990=CARTESIAN_POINT('Ctrl Pts',(25.7289946824312,-3.14782559871674,60.));
#6991=CARTESIAN_POINT('Ctrl Pts',(25.8735531145186,-3.14259347217916,60.));
#6992=CARTESIAN_POINT('Ctrl Pts',(26.1560247288107,-3.13236973629667,60.));
#6993=CARTESIAN_POINT('Ctrl Pts',(26.4261102517393,-3.04926921310553,60.));
#6994=CARTESIAN_POINT('Ctrl Pts',(26.5579760819674,-3.00869643688202,60.));
#6995=CARTESIAN_POINT('',(25.7289946824312,-3.14782559871674,59.));
#6996=CARTESIAN_POINT('',(25.7289946824312,-3.14782559871674,60.));
#6997=CARTESIAN_POINT('Ctrl Pts',(25.7289946824312,-3.14782559871674,59.));
#6998=CARTESIAN_POINT('Ctrl Pts',(25.8735531145186,-3.14259347217916,59.));
#6999=CARTESIAN_POINT('Ctrl Pts',(26.1560247288107,-3.13236973629667,59.));
#7000=CARTESIAN_POINT('Ctrl Pts',(26.4261102517393,-3.04926921310553,59.));
#7001=CARTESIAN_POINT('Ctrl Pts',(26.5579760819674,-3.00869643688202,59.));
#7002=CARTESIAN_POINT('Ctrl Pts',(24.5869601517916,-2.72463738918304,60.));
#7003=CARTESIAN_POINT('Ctrl Pts',(24.5869601517916,-2.72463738918304,59.));
#7004=CARTESIAN_POINT('Ctrl Pts',(24.7547777717195,-2.84806216397566,60.));
#7005=CARTESIAN_POINT('Ctrl Pts',(24.7547777717195,-2.84806216397566,59.));
#7006=CARTESIAN_POINT('Ctrl Pts',(25.094767088952,-3.0981140055483,60.));
#7007=CARTESIAN_POINT('Ctrl Pts',(25.094767088952,-3.0981140055483,59.));
#7008=CARTESIAN_POINT('Ctrl Pts',(25.5157882138651,-3.13111419521551,60.));
#7009=CARTESIAN_POINT('Ctrl Pts',(25.5157882138651,-3.13111419521551,59.));
#7010=CARTESIAN_POINT('Ctrl Pts',(25.7289946824312,-3.14782559871674,60.));
#7011=CARTESIAN_POINT('Ctrl Pts',(25.7289946824312,-3.14782559871674,59.));
#7012=CARTESIAN_POINT('',(24.5869601517916,-2.72463738918304,60.));
#7013=CARTESIAN_POINT('Ctrl Pts',(24.5869601517916,-2.72463738918304,60.));
#7014=CARTESIAN_POINT('Ctrl Pts',(24.7547777717195,-2.84806216397566,60.));
#7015=CARTESIAN_POINT('Ctrl Pts',(25.094767088952,-3.0981140055483,60.));
#7016=CARTESIAN_POINT('Ctrl Pts',(25.5157882138651,-3.13111419521551,60.));
#7017=CARTESIAN_POINT('Ctrl Pts',(25.7289946824312,-3.14782559871674,60.));
#7018=CARTESIAN_POINT('',(24.5869601517916,-2.72463738918304,59.));
#7019=CARTESIAN_POINT('',(24.5869601517916,-2.72463738918304,60.));
#7020=CARTESIAN_POINT('Ctrl Pts',(24.5869601517916,-2.72463738918304,59.));
#7021=CARTESIAN_POINT('Ctrl Pts',(24.7547777717195,-2.84806216397566,59.));
#7022=CARTESIAN_POINT('Ctrl Pts',(25.094767088952,-3.0981140055483,59.));
#7023=CARTESIAN_POINT('Ctrl Pts',(25.5157882138651,-3.13111419521551,59.));
#7024=CARTESIAN_POINT('Ctrl Pts',(25.7289946824312,-3.14782559871674,59.));
#7025=CARTESIAN_POINT('Ctrl Pts',(24.0594256669283,-1.35652244091034,60.));
#7026=CARTESIAN_POINT('Ctrl Pts',(24.0594256669283,-1.35652244091034,59.));
#7027=CARTESIAN_POINT('Ctrl Pts',(24.0854922472553,-1.63934594162727,60.));
#7028=CARTESIAN_POINT('Ctrl Pts',(24.0854922472553,-1.63934594162727,59.));
#7029=CARTESIAN_POINT('Ctrl Pts',(24.1324075850801,-2.14837934433868,60.));
#7030=CARTESIAN_POINT('Ctrl Pts',(24.1324075850801,-2.14837934433868,59.));
#7031=CARTESIAN_POINT('Ctrl Pts',(24.4471094507937,-2.5473419619232,60.));
#7032=CARTESIAN_POINT('Ctrl Pts',(24.4471094507937,-2.5473419619232,59.));
#7033=CARTESIAN_POINT('Ctrl Pts',(24.5869601517916,-2.72463738918304,60.));
#7034=CARTESIAN_POINT('Ctrl Pts',(24.5869601517916,-2.72463738918304,59.));
#7035=CARTESIAN_POINT('',(24.0594256669283,-1.35652244091034,60.));
#7036=CARTESIAN_POINT('Ctrl Pts',(24.0594256669283,-1.35652244091034,60.));
#7037=CARTESIAN_POINT('Ctrl Pts',(24.0854922472553,-1.63934594162727,60.));
#7038=CARTESIAN_POINT('Ctrl Pts',(24.1324075850801,-2.14837934433868,60.));
#7039=CARTESIAN_POINT('Ctrl Pts',(24.4471094507937,-2.5473419619232,60.));
#7040=CARTESIAN_POINT('Ctrl Pts',(24.5869601517916,-2.72463738918304,60.));
#7041=CARTESIAN_POINT('',(24.0594256669283,-1.35652244091034,59.));
#7042=CARTESIAN_POINT('',(24.0594256669283,-1.35652244091034,60.));
#7043=CARTESIAN_POINT('Ctrl Pts',(24.0594256669283,-1.35652244091034,59.));
#7044=CARTESIAN_POINT('Ctrl Pts',(24.0854922472553,-1.63934594162727,59.));
#7045=CARTESIAN_POINT('Ctrl Pts',(24.1324075850801,-2.14837934433868,59.));
#7046=CARTESIAN_POINT('Ctrl Pts',(24.4471094507937,-2.5473419619232,59.));
#7047=CARTESIAN_POINT('Ctrl Pts',(24.5869601517916,-2.72463738918304,59.));
#7048=CARTESIAN_POINT('Origin',(28.1173957139254,-1.35652244091034,60.));
#7049=CARTESIAN_POINT('',(54.0586978569627,-1.35652244091034,60.));
#7050=CARTESIAN_POINT('',(28.1173957139254,-1.35652244091034,59.));
#7051=CARTESIAN_POINT('Origin',(-2.50000171363354,-0.69275438785553,59.));
#7052=CARTESIAN_POINT('',(-1.25000085681677,0.,59.));
#7053=CARTESIAN_POINT('',(-1.25000085681677,0.,59.));
#7054=CARTESIAN_POINT('Origin',(44.7724593430758,2.12173998355865,60.));
#7055=CARTESIAN_POINT('',(45.4260517347948,0.,59.));
#7056=CARTESIAN_POINT('',(45.4260517347948,0.,60.));
#7057=CARTESIAN_POINT('',(45.4260517347948,0.,57.5));
#7058=CARTESIAN_POINT('',(46.32608063519,-2.9217404127121,59.));
#7059=CARTESIAN_POINT('',(44.7724593430758,2.12173998355865,59.));
#7060=CARTESIAN_POINT('',(46.32608063519,-2.9217404127121,60.));
#7061=CARTESIAN_POINT('',(46.32608063519,-2.9217404127121,60.));
#7062=CARTESIAN_POINT('',(48.0042206627218,-8.36944274146684,60.));
#7063=CARTESIAN_POINT('Origin',(46.32608063519,-2.9217404127121,60.));
#7064=CARTESIAN_POINT('',(47.2294685738915,0.,60.));
#7065=CARTESIAN_POINT('',(47.2294685738915,0.,59.));
#7066=CARTESIAN_POINT('',(47.2294685738915,1.11022302462516E-15,57.5));
#7067=CARTESIAN_POINT('',(46.7964698033146,-1.40040612947262,60.));
#7068=CARTESIAN_POINT('',(46.32608063519,-2.9217404127121,59.));
#7069=CARTESIAN_POINT('Origin',(-2.50000171363354,-0.69275438785553,59.));
#7070=CARTESIAN_POINT('',(44.1285854140837,0.,59.));
#7071=CARTESIAN_POINT('',(-1.25000085681677,0.,59.));
#7072=CARTESIAN_POINT('',(45.537678077817,-4.00000035762787,59.));
#7073=CARTESIAN_POINT('',(45.537678077817,-4.00000035762787,59.));
#7074=CARTESIAN_POINT('',(47.0565188676119,-4.00000035762787,59.));
#7075=CARTESIAN_POINT('',(47.0565188676119,-4.00000035762787,59.));
#7076=CARTESIAN_POINT('',(48.4656115313451,0.,59.));
#7077=CARTESIAN_POINT('',(49.213043525815,2.12173998355865,59.));
#7078=CARTESIAN_POINT('',(-1.25000085681677,0.,59.));
#7079=CARTESIAN_POINT('Origin',(45.537678077817,-4.00000035762787,60.));
#7080=CARTESIAN_POINT('',(44.1285854140837,0.,60.));
#7081=CARTESIAN_POINT('',(44.1285854140837,0.,57.5));
#7082=CARTESIAN_POINT('',(45.537678077817,-4.00000035762787,60.));
#7083=CARTESIAN_POINT('',(48.3800889473824,-12.0687702741957,60.));
#7084=CARTESIAN_POINT('',(45.537678077817,-4.00000035762787,60.));
#7085=CARTESIAN_POINT('Origin',(47.0565188676119,-4.00000035762787,60.));
#7086=CARTESIAN_POINT('',(47.0565188676119,-4.00000035762787,60.));
#7087=CARTESIAN_POINT('',(63.5282594338059,-4.00000035762787,60.));
#7088=CARTESIAN_POINT('',(47.0565188676119,-4.00000035762787,60.));
#7089=CARTESIAN_POINT('Origin',(49.213043525815,2.12173998355865,60.));
#7090=CARTESIAN_POINT('',(48.4656115313451,0.,60.));
#7091=CARTESIAN_POINT('',(48.4656115313451,1.11022302462516E-15,57.5));
#7092=CARTESIAN_POINT('',(49.013054413651,1.55402961165291,60.));
#7093=CARTESIAN_POINT('Origin',(34.0536273270845,-0.133333802223206,60.));
#7094=CARTESIAN_POINT('',(34.0536273270845,0.,60.));
#7095=CARTESIAN_POINT('',(34.0536273270845,0.,59.));
#7096=CARTESIAN_POINT('',(34.0536273270845,0.,57.5));
#7097=CARTESIAN_POINT('',(34.0536273270845,-0.133333802223206,60.));
#7098=CARTESIAN_POINT('',(34.0536273270845,-5.0666669011116,60.));
#7099=CARTESIAN_POINT('',(34.0536273270845,-0.133333802223206,59.));
#7100=CARTESIAN_POINT('',(34.0536273270845,-0.133333802223206,60.));
#7101=CARTESIAN_POINT('',(34.0536273270845,-0.133333802223206,59.));
#7102=CARTESIAN_POINT('Origin',(-2.50000171363354,-0.69275438785553,59.));
#7103=CARTESIAN_POINT('',(30.8942092210054,0.,59.));
#7104=CARTESIAN_POINT('',(32.5161131493144,1.56531688652595E-17,59.));
#7105=CARTESIAN_POINT('',(-1.25000085681677,0.,59.));
#7106=CARTESIAN_POINT('',(30.8942092210054,-3.07246387004852,59.));
#7107=CARTESIAN_POINT('',(30.8942092210054,-3.07246387004852,59.));
#7108=CARTESIAN_POINT('',(29.9956572800875,-3.07246387004852,59.));
#7109=CARTESIAN_POINT('',(29.9956572800875,-3.07246387004852,59.));
#7110=CARTESIAN_POINT('',(29.9956572800875,-4.00000035762787,59.));
#7111=CARTESIAN_POINT('',(29.9956572800875,-4.00000035762787,59.));
#7112=CARTESIAN_POINT('',(33.4275401383638,-4.00000035762787,59.));
#7113=CARTESIAN_POINT('',(33.4275401383638,-4.00000035762787,59.));
#7114=CARTESIAN_POINT('',(33.4275401383638,-3.07246387004852,59.));
#7115=CARTESIAN_POINT('',(33.4275401383638,-3.07246387004852,59.));
#7116=CARTESIAN_POINT('',(32.1927607804537,-3.07246387004852,59.));
#7117=CARTESIAN_POINT('',(32.1927607804537,-3.07246387004852,59.));
#7118=CARTESIAN_POINT('',(32.1927607804537,-0.799999833106995,59.));
#7119=CARTESIAN_POINT('',(32.1927607804537,-0.799999833106995,59.));
#7120=CARTESIAN_POINT('Ctrl Pts',(32.5161131493144,3.13063377305189E-17,
59.));
#7121=CARTESIAN_POINT('Ctrl Pts',(32.5155721694713,-0.000965404931913839,
59.));
#7122=CARTESIAN_POINT('Ctrl Pts',(32.3760795462793,-0.250324948476435,59.));
#7123=CARTESIAN_POINT('Ctrl Pts',(32.2842423161844,-0.525695659324581,59.));
#7124=CARTESIAN_POINT('Ctrl Pts',(32.1927607804537,-0.799999833106995,59.));
#7125=CARTESIAN_POINT('Origin',(-2.50000171363354,-0.69275438785553,59.));
#7126=CARTESIAN_POINT('',(34.9941862817518,0.,59.));
#7127=CARTESIAN_POINT('',(-1.25000085681677,0.,59.));
#7128=CARTESIAN_POINT('',(34.9811614304781,-0.133333802223206,59.));
#7129=CARTESIAN_POINT('',(34.9811614304781,-0.133333802223206,59.));
#7130=CARTESIAN_POINT('',(35.2014506608248,2.12173998355865,59.));
#7131=CARTESIAN_POINT('Origin',(33.4275401383638,-3.07246387004852,60.));
#7132=CARTESIAN_POINT('',(33.4275401383638,-3.07246387004852,60.));
#7133=CARTESIAN_POINT('',(33.4275401383638,-4.00000035762787,60.));
#7134=CARTESIAN_POINT('',(33.4275401383638,-6.53623193502426,60.));
#7135=CARTESIAN_POINT('',(33.4275401383638,-3.07246387004852,60.));
#7136=CARTESIAN_POINT('',(33.4275401383638,-4.00000035762787,60.));
#7137=CARTESIAN_POINT('Origin',(32.1927607804537,-3.07246387004852,60.));
#7138=CARTESIAN_POINT('',(32.1927607804537,-3.07246387004852,60.));
#7139=CARTESIAN_POINT('',(56.0963803902268,-3.07246387004852,60.));
#7140=CARTESIAN_POINT('',(32.1927607804537,-3.07246387004852,60.));
#7141=CARTESIAN_POINT('Origin',(32.1927607804537,-0.799999833106995,60.));
#7142=CARTESIAN_POINT('',(32.1927607804537,-0.799999833106995,60.));
#7143=CARTESIAN_POINT('',(32.1927607804537,-5.3999999165535,60.));
#7144=CARTESIAN_POINT('',(32.1927607804537,-0.799999833106995,60.));
#7145=CARTESIAN_POINT('Ctrl Pts',(32.9347861558199,0.591304898262024,60.));
#7146=CARTESIAN_POINT('Ctrl Pts',(32.9347861558199,0.591304898262024,59.));
#7147=CARTESIAN_POINT('Ctrl Pts',(32.7833878362728,0.399405423371073,60.));
#7148=CARTESIAN_POINT('Ctrl Pts',(32.7833878362728,0.399405423371073,59.));
#7149=CARTESIAN_POINT('Ctrl Pts',(32.4531825098231,-0.019134418692035,60.));
#7150=CARTESIAN_POINT('Ctrl Pts',(32.4531825098231,-0.019134418692035,59.));
#7151=CARTESIAN_POINT('Ctrl Pts',(32.2842423161844,-0.525695659324581,60.));
#7152=CARTESIAN_POINT('Ctrl Pts',(32.2842423161844,-0.525695659324581,59.));
#7153=CARTESIAN_POINT('Ctrl Pts',(32.1927607804537,-0.799999833106995,60.));
#7154=CARTESIAN_POINT('Ctrl Pts',(32.1927607804537,-0.799999833106995,59.));
#7155=CARTESIAN_POINT('',(32.5161131493144,1.56531688652595E-17,60.));
#7156=CARTESIAN_POINT('Ctrl Pts',(32.5161131493144,-8.94466792300541E-18,
59.));
#7157=CARTESIAN_POINT('Ctrl Pts',(32.5161131493144,-8.94466792300541E-18,
59.1666666666667));
#7158=CARTESIAN_POINT('Ctrl Pts',(32.5161131493144,-8.94466792300541E-18,
59.3333333333333));
#7159=CARTESIAN_POINT('Ctrl Pts',(32.5161131493144,-8.94466792300541E-18,
59.6666666666667));
#7160=CARTESIAN_POINT('Ctrl Pts',(32.5161131493144,-8.94466792300541E-18,
59.8333333333333));
#7161=CARTESIAN_POINT('Ctrl Pts',(32.5161131493144,-8.94466792300541E-18,
60.));
#7162=CARTESIAN_POINT('Ctrl Pts',(32.5161131493144,1.56531688652595E-17,
60.));
#7163=CARTESIAN_POINT('Ctrl Pts',(32.5155721694713,-0.000965404931913093,
60.));
#7164=CARTESIAN_POINT('Ctrl Pts',(32.3760795462793,-0.250324948476436,60.));
#7165=CARTESIAN_POINT('Ctrl Pts',(32.2842423161844,-0.525695659324581,60.));
#7166=CARTESIAN_POINT('Ctrl Pts',(32.1927607804537,-0.799999833106995,60.));
#7167=CARTESIAN_POINT('Origin',(34.9811614304781,-0.133333802223206,60.));
#7168=CARTESIAN_POINT('',(34.9811614304781,-0.133333802223206,60.));
#7169=CARTESIAN_POINT('',(57.490580715239,-0.133333802223206,60.));
#7170=CARTESIAN_POINT('',(34.9811614304781,-0.133333802223206,60.));
#7171=CARTESIAN_POINT('Origin',(35.2014506608248,2.12173998355865,60.));
#7172=CARTESIAN_POINT('',(34.9941862817518,0.,60.));
#7173=CARTESIAN_POINT('',(34.9941862817518,1.38777878078145E-16,57.5));
#7174=CARTESIAN_POINT('',(34.8267107264301,-1.71442668336876,60.));
#7175=CARTESIAN_POINT('Origin',(30.8942092210054,-3.07246387004852,60.));
#7176=CARTESIAN_POINT('',(30.8942092210054,0.,60.));
#7177=CARTESIAN_POINT('',(30.8942092210054,0.,57.5));
#7178=CARTESIAN_POINT('',(30.8942092210054,-3.07246387004852,60.));
#7179=CARTESIAN_POINT('',(30.8942092210054,-6.53623193502426,60.));
#7180=CARTESIAN_POINT('',(30.8942092210054,-3.07246387004852,60.));
#7181=CARTESIAN_POINT('Origin',(29.9956572800875,-3.07246387004852,60.));
#7182=CARTESIAN_POINT('',(29.9956572800875,-3.07246387004852,60.));
#7183=CARTESIAN_POINT('',(54.9978286400437,-3.07246387004852,60.));
#7184=CARTESIAN_POINT('',(29.9956572800875,-3.07246387004852,60.));
#7185=CARTESIAN_POINT('Origin',(29.9956572800875,-4.00000035762787,60.));
#7186=CARTESIAN_POINT('',(29.9956572800875,-4.00000035762787,60.));
#7187=CARTESIAN_POINT('',(29.9956572800875,-7.00000017881393,60.));
#7188=CARTESIAN_POINT('',(29.9956572800875,-4.00000035762787,60.));
#7189=CARTESIAN_POINT('Origin',(33.4275401383638,-4.00000035762787,60.));
#7190=CARTESIAN_POINT('',(56.7137700691819,-4.00000035762787,60.));
#7191=CARTESIAN_POINT('Ctrl Pts',(17.398554161191,0.74202835559845,60.));
#7192=CARTESIAN_POINT('Ctrl Pts',(17.398554161191,0.74202835559845,59.));
#7193=CARTESIAN_POINT('Ctrl Pts',(17.2925961132113,0.515583735368019,60.));
#7194=CARTESIAN_POINT('Ctrl Pts',(17.2925961132113,0.515583735368019,59.));
#7195=CARTESIAN_POINT('Ctrl Pts',(17.0445271099337,-0.0145684551374536,
60.));
#7196=CARTESIAN_POINT('Ctrl Pts',(17.0445271099337,-0.0145684551374536,
59.));
#7197=CARTESIAN_POINT('Ctrl Pts',(17.0374114077131,-0.602387235316995,60.));
#7198=CARTESIAN_POINT('Ctrl Pts',(17.0374114077131,-0.602387235316995,59.));
#7199=CARTESIAN_POINT('Ctrl Pts',(17.03333504498,-0.939130187034607,60.));
#7200=CARTESIAN_POINT('Ctrl Pts',(17.03333504498,-0.939130187034607,59.));
#7201=CARTESIAN_POINT('',(17.1117257864907,2.49366499671666E-17,59.));
#7202=CARTESIAN_POINT('',(17.1117257864907,2.49366499671666E-17,60.));
#7203=CARTESIAN_POINT('Ctrl Pts',(17.1117257864907,4.98732999343332E-17,
59.));
#7204=CARTESIAN_POINT('Ctrl Pts',(17.1117257864907,4.98732999343332E-17,
59.1666666666667));
#7205=CARTESIAN_POINT('Ctrl Pts',(17.1117257864907,4.98732999343332E-17,
59.3333333333333));
#7206=CARTESIAN_POINT('Ctrl Pts',(17.1117257864907,4.98732999343332E-17,
59.6666666666667));
#7207=CARTESIAN_POINT('Ctrl Pts',(17.1117257864907,4.98732999343332E-17,
59.8333333333333));
#7208=CARTESIAN_POINT('Ctrl Pts',(17.1117257864907,4.98732999343332E-17,
60.));
#7209=CARTESIAN_POINT('',(17.03333504498,-0.939130187034607,59.));
#7210=CARTESIAN_POINT('Ctrl Pts',(17.1117257864907,4.98732999343332E-17,
59.));
#7211=CARTESIAN_POINT('Ctrl Pts',(17.0410430652539,-0.302380793299681,59.));
#7212=CARTESIAN_POINT('Ctrl Pts',(17.037189055117,-0.620755490167141,59.));
#7213=CARTESIAN_POINT('Ctrl Pts',(17.03333504498,-0.939130187034607,59.));
#7214=CARTESIAN_POINT('',(17.03333504498,-0.939130187034607,60.));
#7215=CARTESIAN_POINT('',(17.03333504498,-0.939130187034607,60.));
#7216=CARTESIAN_POINT('Ctrl Pts',(17.1117257864907,2.49366499671666E-17,
60.));
#7217=CARTESIAN_POINT('Ctrl Pts',(17.0410430652539,-0.302380793299681,60.));
#7218=CARTESIAN_POINT('Ctrl Pts',(17.037189055117,-0.620755490167141,60.));
#7219=CARTESIAN_POINT('Ctrl Pts',(17.03333504498,-0.939130187034607,60.));
#7220=CARTESIAN_POINT('Origin',(19.618841484189,-2.28985488414764,60.));
#7221=CARTESIAN_POINT('',(19.618841484189,0.,60.));
#7222=CARTESIAN_POINT('',(19.618841484189,0.,59.));
#7223=CARTESIAN_POINT('',(19.618841484189,0.,57.5));
#7224=CARTESIAN_POINT('',(19.618841484189,-2.28985488414764,60.));
#7225=CARTESIAN_POINT('',(19.618841484189,-6.14492744207382,60.));
#7226=CARTESIAN_POINT('',(19.618841484189,-2.28985488414764,59.));
#7227=CARTESIAN_POINT('',(19.618841484189,-2.28985488414764,60.));
#7228=CARTESIAN_POINT('',(19.618841484189,-2.28985488414764,59.));
#7229=CARTESIAN_POINT('Origin',(-2.50000171363354,-0.69275438785553,59.));
#7230=CARTESIAN_POINT('',(15.7431339727831,-3.68628738645072E-17,59.));
#7231=CARTESIAN_POINT('',(-1.25000085681677,0.,59.));
#7232=CARTESIAN_POINT('',(15.6594241410494,-0.939130187034607,59.));
#7233=CARTESIAN_POINT('Ctrl Pts',(15.6594241410494,-0.939130187034607,59.));
#7234=CARTESIAN_POINT('Ctrl Pts',(15.6691260544306,-0.642818529918205,59.));
#7235=CARTESIAN_POINT('Ctrl Pts',(15.6794788654161,-0.326627438699937,59.));
#7236=CARTESIAN_POINT('Ctrl Pts',(15.7391985141884,-0.0192903444544407,
59.));
#7237=CARTESIAN_POINT('Ctrl Pts',(15.7431339727831,-7.37257477290143E-17,
59.));
#7238=CARTESIAN_POINT('',(15.9086955338717,-2.62608706951141,59.));
#7239=CARTESIAN_POINT('Ctrl Pts',(15.9086955338717,-2.62608706951141,59.));
#7240=CARTESIAN_POINT('Ctrl Pts',(15.8360548245981,-2.36631027133053,59.));
#7241=CARTESIAN_POINT('Ctrl Pts',(15.6818507610905,-1.8148476233872,59.));
#7242=CARTESIAN_POINT('Ctrl Pts',(15.6671825937322,-1.24208320808527,59.));
#7243=CARTESIAN_POINT('Ctrl Pts',(15.6594241410494,-0.939130187034607,59.));
#7244=CARTESIAN_POINT('',(16.6623271256685,-3.75652253627777,59.));
#7245=CARTESIAN_POINT('Ctrl Pts',(16.6623271256685,-3.75652253627777,59.));
#7246=CARTESIAN_POINT('Ctrl Pts',(16.5031802440154,-3.60299009707321,59.));
#7247=CARTESIAN_POINT('Ctrl Pts',(16.1700140659134,-3.28157747840836,59.));
#7248=CARTESIAN_POINT('Ctrl Pts',(15.9983559626038,-2.85099094690707,59.));
#7249=CARTESIAN_POINT('Ctrl Pts',(15.9086955338717,-2.62608706951141,59.));
#7250=CARTESIAN_POINT('',(17.9608691483736,-4.15652215480804,59.));
#7251=CARTESIAN_POINT('Ctrl Pts',(17.9608691483736,-4.15652215480804,59.));
#7252=CARTESIAN_POINT('Ctrl Pts',(17.7147377277722,-4.14368414407785,59.));
#7253=CARTESIAN_POINT('Ctrl Pts',(17.2472442056596,-4.11930006975482,59.));
#7254=CARTESIAN_POINT('Ctrl Pts',(16.8502888256188,-3.87310022605416,59.));
#7255=CARTESIAN_POINT('Ctrl Pts',(16.6623271256685,-3.75652253627777,59.));
#7256=CARTESIAN_POINT('',(18.934780433774,-3.91884028911591,59.));
#7257=CARTESIAN_POINT('Ctrl Pts',(18.934780433774,-3.91884028911591,59.));
#7258=CARTESIAN_POINT('Ctrl Pts',(18.7836004532878,-3.98815559458146,59.));
#7259=CARTESIAN_POINT('Ctrl Pts',(18.4744116030685,-4.12991721890868,59.));
#7260=CARTESIAN_POINT('Ctrl Pts',(18.1345520653933,-4.14752421737974,59.));
#7261=CARTESIAN_POINT('Ctrl Pts',(17.9608691483736,-4.15652215480804,59.));
#7262=CARTESIAN_POINT('',(19.6826136857271,-3.24637830257416,59.));
#7263=CARTESIAN_POINT('Ctrl Pts',(19.6826136857271,-3.24637830257416,59.));
#7264=CARTESIAN_POINT('Ctrl Pts',(19.5747190115191,-3.38225084225032,59.));
#7265=CARTESIAN_POINT('Ctrl Pts',(19.3632118667955,-3.64860331167668,59.));
#7266=CARTESIAN_POINT('Ctrl Pts',(19.0756502402702,-3.82998539242566,59.));
#7267=CARTESIAN_POINT('Ctrl Pts',(18.934780433774,-3.91884028911591,59.));
#7268=CARTESIAN_POINT('',(19.7753680497408,-4.00000035762787,59.));
#7269=CARTESIAN_POINT('',(19.7753680497408,-4.00000035762787,59.));
#7270=CARTESIAN_POINT('',(20.9173930436373,-4.00000035762787,59.));
#7271=CARTESIAN_POINT('',(20.9173930436373,-4.00000035762787,59.));
#7272=CARTESIAN_POINT('',(20.9173930436373,0.,59.));
#7273=CARTESIAN_POINT('',(20.9173930436373,4.57971036434174,59.));
#7274=CARTESIAN_POINT('',(-1.25000085681677,0.,59.));
#7275=CARTESIAN_POINT('',(19.0681136399508,-2.90434777736664,59.));
#7276=CARTESIAN_POINT('Ctrl Pts',(19.0681136399508,-2.90434777736664,59.));
#7277=CARTESIAN_POINT('Ctrl Pts',(19.1724888855733,-2.81455190122241,59.));
#7278=CARTESIAN_POINT('Ctrl Pts',(19.3827463583314,-2.63366366599404,59.));
#7279=CARTESIAN_POINT('Ctrl Pts',(19.5397679677972,-2.40500410312555,59.));
#7280=CARTESIAN_POINT('Ctrl Pts',(19.618841484189,-2.28985488414764,59.));
#7281=CARTESIAN_POINT('',(18.3028949052095,-3.15941989421844,59.));
#7282=CARTESIAN_POINT('Ctrl Pts',(18.3028949052095,-3.15941989421844,59.));
#7283=CARTESIAN_POINT('Ctrl Pts',(18.4439319074949,-3.14956198089108,59.));
#7284=CARTESIAN_POINT('Ctrl Pts',(18.7211109983329,-3.13018828881478,59.));
#7285=CARTESIAN_POINT('Ctrl Pts',(18.9538159297952,-2.978736413714,59.));
#7286=CARTESIAN_POINT('Ctrl Pts',(19.0681136399508,-2.90434777736664,59.));
#7287=CARTESIAN_POINT('',(17.3637736588717,-2.63768136501312,59.));
#7288=CARTESIAN_POINT('Ctrl Pts',(17.3637736588717,-2.63768136501312,59.));
#7289=CARTESIAN_POINT('Ctrl Pts',(17.4860624607828,-2.78985202433204,59.));
#7290=CARTESIAN_POINT('Ctrl Pts',(17.7285123593691,-3.09154572271743,59.));
#7291=CARTESIAN_POINT('Ctrl Pts',(18.1125574981226,-3.13692792626915,59.));
#7292=CARTESIAN_POINT('Ctrl Pts',(18.3028949052095,-3.15941989421844,59.));
#7293=CARTESIAN_POINT('Ctrl Pts',(17.03333504498,-0.939130187034607,59.));
#7294=CARTESIAN_POINT('Ctrl Pts',(17.035642499592,-1.28131751257125,59.));
#7295=CARTESIAN_POINT('Ctrl Pts',(17.0396156973053,-1.87052862524895,59.));
#7296=CARTESIAN_POINT('Ctrl Pts',(17.2680173979031,-2.41106444776505,59.));
#7297=CARTESIAN_POINT('Ctrl Pts',(17.3637736588717,-2.63768136501312,59.));
#7298=CARTESIAN_POINT('Ctrl Pts',(19.0681136399508,-2.90434777736664,60.));
#7299=CARTESIAN_POINT('Ctrl Pts',(19.0681136399508,-2.90434777736664,59.));
#7300=CARTESIAN_POINT('Ctrl Pts',(19.1724888855733,-2.81455190122241,60.));
#7301=CARTESIAN_POINT('Ctrl Pts',(19.1724888855733,-2.81455190122241,59.));
#7302=CARTESIAN_POINT('Ctrl Pts',(19.3827463583314,-2.63366366599404,60.));
#7303=CARTESIAN_POINT('Ctrl Pts',(19.3827463583314,-2.63366366599404,59.));
#7304=CARTESIAN_POINT('Ctrl Pts',(19.5397679677972,-2.40500410312555,60.));
#7305=CARTESIAN_POINT('Ctrl Pts',(19.5397679677972,-2.40500410312555,59.));
#7306=CARTESIAN_POINT('Ctrl Pts',(19.618841484189,-2.28985488414764,60.));
#7307=CARTESIAN_POINT('Ctrl Pts',(19.618841484189,-2.28985488414764,59.));
#7308=CARTESIAN_POINT('',(19.0681136399508,-2.90434777736664,60.));
#7309=CARTESIAN_POINT('Ctrl Pts',(19.0681136399508,-2.90434777736664,60.));
#7310=CARTESIAN_POINT('Ctrl Pts',(19.1724888855733,-2.81455190122241,60.));
#7311=CARTESIAN_POINT('Ctrl Pts',(19.3827463583314,-2.63366366599404,60.));
#7312=CARTESIAN_POINT('Ctrl Pts',(19.5397679677972,-2.40500410312555,60.));
#7313=CARTESIAN_POINT('Ctrl Pts',(19.618841484189,-2.28985488414764,60.));
#7314=CARTESIAN_POINT('',(19.0681136399508,-2.90434777736664,60.));
#7315=CARTESIAN_POINT('Ctrl Pts',(18.3028949052095,-3.15941989421844,60.));
#7316=CARTESIAN_POINT('Ctrl Pts',(18.3028949052095,-3.15941989421844,59.));
#7317=CARTESIAN_POINT('Ctrl Pts',(18.4439319074949,-3.14956198089108,60.));
#7318=CARTESIAN_POINT('Ctrl Pts',(18.4439319074949,-3.14956198089108,59.));
#7319=CARTESIAN_POINT('Ctrl Pts',(18.7211109983329,-3.13018828881478,60.));
#7320=CARTESIAN_POINT('Ctrl Pts',(18.7211109983329,-3.13018828881478,59.));
#7321=CARTESIAN_POINT('Ctrl Pts',(18.9538159297952,-2.978736413714,60.));
#7322=CARTESIAN_POINT('Ctrl Pts',(18.9538159297952,-2.978736413714,59.));
#7323=CARTESIAN_POINT('Ctrl Pts',(19.0681136399508,-2.90434777736664,60.));
#7324=CARTESIAN_POINT('Ctrl Pts',(19.0681136399508,-2.90434777736664,59.));
#7325=CARTESIAN_POINT('',(18.3028949052095,-3.15941989421844,60.));
#7326=CARTESIAN_POINT('Ctrl Pts',(18.3028949052095,-3.15941989421844,60.));
#7327=CARTESIAN_POINT('Ctrl Pts',(18.4439319074949,-3.14956198089108,60.));
#7328=CARTESIAN_POINT('Ctrl Pts',(18.7211109983329,-3.13018828881478,60.));
#7329=CARTESIAN_POINT('Ctrl Pts',(18.9538159297952,-2.978736413714,60.));
#7330=CARTESIAN_POINT('Ctrl Pts',(19.0681136399508,-2.90434777736664,60.));
#7331=CARTESIAN_POINT('',(18.3028949052095,-3.15941989421844,60.));
#7332=CARTESIAN_POINT('Ctrl Pts',(17.3637736588717,-2.63768136501312,60.));
#7333=CARTESIAN_POINT('Ctrl Pts',(17.3637736588717,-2.63768136501312,59.));
#7334=CARTESIAN_POINT('Ctrl Pts',(17.4860624607828,-2.78985202433204,60.));
#7335=CARTESIAN_POINT('Ctrl Pts',(17.4860624607828,-2.78985202433204,59.));
#7336=CARTESIAN_POINT('Ctrl Pts',(17.7285123593691,-3.09154572271743,60.));
#7337=CARTESIAN_POINT('Ctrl Pts',(17.7285123593691,-3.09154572271743,59.));
#7338=CARTESIAN_POINT('Ctrl Pts',(18.1125574981226,-3.13692792626915,60.));
#7339=CARTESIAN_POINT('Ctrl Pts',(18.1125574981226,-3.13692792626915,59.));
#7340=CARTESIAN_POINT('Ctrl Pts',(18.3028949052095,-3.15941989421844,60.));
#7341=CARTESIAN_POINT('Ctrl Pts',(18.3028949052095,-3.15941989421844,59.));
#7342=CARTESIAN_POINT('',(17.3637736588717,-2.63768136501312,60.));
#7343=CARTESIAN_POINT('Ctrl Pts',(17.3637736588717,-2.63768136501312,60.));
#7344=CARTESIAN_POINT('Ctrl Pts',(17.4860624607828,-2.78985202433204,60.));
#7345=CARTESIAN_POINT('Ctrl Pts',(17.7285123593691,-3.09154572271743,60.));
#7346=CARTESIAN_POINT('Ctrl Pts',(18.1125574981226,-3.13692792626915,60.));
#7347=CARTESIAN_POINT('Ctrl Pts',(18.3028949052095,-3.15941989421844,60.));
#7348=CARTESIAN_POINT('',(17.3637736588717,-2.63768136501312,60.));
#7349=CARTESIAN_POINT('Ctrl Pts',(17.03333504498,-0.939130187034607,60.));
#7350=CARTESIAN_POINT('Ctrl Pts',(17.03333504498,-0.939130187034607,59.));
#7351=CARTESIAN_POINT('Ctrl Pts',(17.035642499592,-1.28131751257125,60.));
#7352=CARTESIAN_POINT('Ctrl Pts',(17.035642499592,-1.28131751257125,59.));
#7353=CARTESIAN_POINT('Ctrl Pts',(17.0396156973053,-1.87052862524895,60.));
#7354=CARTESIAN_POINT('Ctrl Pts',(17.0396156973053,-1.87052862524895,59.));
#7355=CARTESIAN_POINT('Ctrl Pts',(17.2680173979031,-2.41106444776505,60.));
#7356=CARTESIAN_POINT('Ctrl Pts',(17.2680173979031,-2.41106444776505,59.));
#7357=CARTESIAN_POINT('Ctrl Pts',(17.3637736588717,-2.63768136501312,60.));
#7358=CARTESIAN_POINT('Ctrl Pts',(17.3637736588717,-2.63768136501312,59.));
#7359=CARTESIAN_POINT('Ctrl Pts',(17.03333504498,-0.939130187034607,60.));
#7360=CARTESIAN_POINT('Ctrl Pts',(17.035642499592,-1.28131751257125,60.));
#7361=CARTESIAN_POINT('Ctrl Pts',(17.0396156973053,-1.87052862524895,60.));
#7362=CARTESIAN_POINT('Ctrl Pts',(17.2680173979031,-2.41106444776505,60.));
#7363=CARTESIAN_POINT('Ctrl Pts',(17.3637736588717,-2.63768136501312,60.));
#7364=CARTESIAN_POINT('Ctrl Pts',(15.6594241410494,-0.939130187034607,60.));
#7365=CARTESIAN_POINT('Ctrl Pts',(15.6594241410494,-0.939130187034607,59.));
#7366=CARTESIAN_POINT('Ctrl Pts',(15.6691260544306,-0.642818529918205,60.));
#7367=CARTESIAN_POINT('Ctrl Pts',(15.6691260544306,-0.642818529918205,59.));
#7368=CARTESIAN_POINT('Ctrl Pts',(15.6876797155361,-0.0761606087745337,
60.));
#7369=CARTESIAN_POINT('Ctrl Pts',(15.6876797155361,-0.0761606087745337,
59.));
#7370=CARTESIAN_POINT('Ctrl Pts',(15.8647876597947,0.462060426273261,60.));
#7371=CARTESIAN_POINT('Ctrl Pts',(15.8647876597947,0.462060426273261,59.));
#7372=CARTESIAN_POINT('Ctrl Pts',(15.9492839127779,0.718839764595032,60.));
#7373=CARTESIAN_POINT('Ctrl Pts',(15.9492839127779,0.718839764595032,59.));
#7374=CARTESIAN_POINT('',(15.7431339727831,-3.68628738645072E-17,60.));
#7375=CARTESIAN_POINT('Ctrl Pts',(15.7431339727831,-7.37257477290143E-17,
60.));
#7376=CARTESIAN_POINT('Ctrl Pts',(15.7431339727831,-7.37257477290143E-17,
59.8333333333333));
#7377=CARTESIAN_POINT('Ctrl Pts',(15.7431339727831,-7.37257477290143E-17,
59.6666666666667));
#7378=CARTESIAN_POINT('Ctrl Pts',(15.7431339727831,-7.37257477290143E-17,
59.3333333333333));
#7379=CARTESIAN_POINT('Ctrl Pts',(15.7431339727831,-7.37257477290143E-17,
59.1666666666667));
#7380=CARTESIAN_POINT('Ctrl Pts',(15.7431339727831,-7.37257477290143E-17,
59.));
#7381=CARTESIAN_POINT('',(15.6594241410494,-0.939130187034607,60.));
#7382=CARTESIAN_POINT('Ctrl Pts',(15.6594241410494,-0.939130187034607,60.));
#7383=CARTESIAN_POINT('Ctrl Pts',(15.6691260544306,-0.642818529918205,60.));
#7384=CARTESIAN_POINT('Ctrl Pts',(15.6794788654161,-0.326627438699937,60.));
#7385=CARTESIAN_POINT('Ctrl Pts',(15.7391985141884,-0.0192903444544398,
60.));
#7386=CARTESIAN_POINT('Ctrl Pts',(15.7431339727831,-3.68628738645072E-17,
60.));
#7387=CARTESIAN_POINT('',(15.6594241410494,-0.939130187034607,60.));
#7388=CARTESIAN_POINT('Ctrl Pts',(15.9086955338717,-2.62608706951141,60.));
#7389=CARTESIAN_POINT('Ctrl Pts',(15.9086955338717,-2.62608706951141,59.));
#7390=CARTESIAN_POINT('Ctrl Pts',(15.8360548245981,-2.36631027133053,60.));
#7391=CARTESIAN_POINT('Ctrl Pts',(15.8360548245981,-2.36631027133053,59.));
#7392=CARTESIAN_POINT('Ctrl Pts',(15.6818507610905,-1.8148476233872,60.));
#7393=CARTESIAN_POINT('Ctrl Pts',(15.6818507610905,-1.8148476233872,59.));
#7394=CARTESIAN_POINT('Ctrl Pts',(15.6671825937322,-1.24208320808527,60.));
#7395=CARTESIAN_POINT('Ctrl Pts',(15.6671825937322,-1.24208320808527,59.));
#7396=CARTESIAN_POINT('Ctrl Pts',(15.6594241410494,-0.939130187034607,60.));
#7397=CARTESIAN_POINT('Ctrl Pts',(15.6594241410494,-0.939130187034607,59.));
#7398=CARTESIAN_POINT('',(15.9086955338717,-2.62608706951141,60.));
#7399=CARTESIAN_POINT('Ctrl Pts',(15.9086955338717,-2.62608706951141,60.));
#7400=CARTESIAN_POINT('Ctrl Pts',(15.8360548245981,-2.36631027133053,60.));
#7401=CARTESIAN_POINT('Ctrl Pts',(15.6818507610905,-1.8148476233872,60.));
#7402=CARTESIAN_POINT('Ctrl Pts',(15.6671825937322,-1.24208320808527,60.));
#7403=CARTESIAN_POINT('Ctrl Pts',(15.6594241410494,-0.939130187034607,60.));
#7404=CARTESIAN_POINT('',(15.9086955338717,-2.62608706951141,60.));
#7405=CARTESIAN_POINT('Ctrl Pts',(16.6623271256685,-3.75652253627777,60.));
#7406=CARTESIAN_POINT('Ctrl Pts',(16.6623271256685,-3.75652253627777,59.));
#7407=CARTESIAN_POINT('Ctrl Pts',(16.5031802440154,-3.60299009707321,60.));
#7408=CARTESIAN_POINT('Ctrl Pts',(16.5031802440154,-3.60299009707321,59.));
#7409=CARTESIAN_POINT('Ctrl Pts',(16.1700140659134,-3.28157747840836,60.));
#7410=CARTESIAN_POINT('Ctrl Pts',(16.1700140659134,-3.28157747840836,59.));
#7411=CARTESIAN_POINT('Ctrl Pts',(15.9983559626038,-2.85099094690707,60.));
#7412=CARTESIAN_POINT('Ctrl Pts',(15.9983559626038,-2.85099094690707,59.));
#7413=CARTESIAN_POINT('Ctrl Pts',(15.9086955338717,-2.62608706951141,60.));
#7414=CARTESIAN_POINT('Ctrl Pts',(15.9086955338717,-2.62608706951141,59.));
#7415=CARTESIAN_POINT('',(16.6623271256685,-3.75652253627777,60.));
#7416=CARTESIAN_POINT('Ctrl Pts',(16.6623271256685,-3.75652253627777,60.));
#7417=CARTESIAN_POINT('Ctrl Pts',(16.5031802440154,-3.60299009707321,60.));
#7418=CARTESIAN_POINT('Ctrl Pts',(16.1700140659134,-3.28157747840836,60.));
#7419=CARTESIAN_POINT('Ctrl Pts',(15.9983559626038,-2.85099094690707,60.));
#7420=CARTESIAN_POINT('Ctrl Pts',(15.9086955338717,-2.62608706951141,60.));
#7421=CARTESIAN_POINT('',(16.6623271256685,-3.75652253627777,60.));
#7422=CARTESIAN_POINT('Ctrl Pts',(17.9608691483736,-4.15652215480804,60.));
#7423=CARTESIAN_POINT('Ctrl Pts',(17.9608691483736,-4.15652215480804,59.));
#7424=CARTESIAN_POINT('Ctrl Pts',(17.7147377277722,-4.14368414407785,60.));
#7425=CARTESIAN_POINT('Ctrl Pts',(17.7147377277722,-4.14368414407785,59.));
#7426=CARTESIAN_POINT('Ctrl Pts',(17.2472442056596,-4.11930006975482,60.));
#7427=CARTESIAN_POINT('Ctrl Pts',(17.2472442056596,-4.11930006975482,59.));
#7428=CARTESIAN_POINT('Ctrl Pts',(16.8502888256188,-3.87310022605416,60.));
#7429=CARTESIAN_POINT('Ctrl Pts',(16.8502888256188,-3.87310022605416,59.));
#7430=CARTESIAN_POINT('Ctrl Pts',(16.6623271256685,-3.75652253627777,60.));
#7431=CARTESIAN_POINT('Ctrl Pts',(16.6623271256685,-3.75652253627777,59.));
#7432=CARTESIAN_POINT('',(17.9608691483736,-4.15652215480804,60.));
#7433=CARTESIAN_POINT('Ctrl Pts',(17.9608691483736,-4.15652215480804,60.));
#7434=CARTESIAN_POINT('Ctrl Pts',(17.7147377277722,-4.14368414407785,60.));
#7435=CARTESIAN_POINT('Ctrl Pts',(17.2472442056596,-4.11930006975482,60.));
#7436=CARTESIAN_POINT('Ctrl Pts',(16.8502888256188,-3.87310022605416,60.));
#7437=CARTESIAN_POINT('Ctrl Pts',(16.6623271256685,-3.75652253627777,60.));
#7438=CARTESIAN_POINT('',(17.9608691483736,-4.15652215480804,60.));
#7439=CARTESIAN_POINT('Ctrl Pts',(18.934780433774,-3.91884028911591,60.));
#7440=CARTESIAN_POINT('Ctrl Pts',(18.934780433774,-3.91884028911591,59.));
#7441=CARTESIAN_POINT('Ctrl Pts',(18.7836004532878,-3.98815559458146,60.));
#7442=CARTESIAN_POINT('Ctrl Pts',(18.7836004532878,-3.98815559458146,59.));
#7443=CARTESIAN_POINT('Ctrl Pts',(18.4744116030685,-4.12991721890868,60.));
#7444=CARTESIAN_POINT('Ctrl Pts',(18.4744116030685,-4.12991721890868,59.));
#7445=CARTESIAN_POINT('Ctrl Pts',(18.1345520653933,-4.14752421737974,60.));
#7446=CARTESIAN_POINT('Ctrl Pts',(18.1345520653933,-4.14752421737974,59.));
#7447=CARTESIAN_POINT('Ctrl Pts',(17.9608691483736,-4.15652215480804,60.));
#7448=CARTESIAN_POINT('Ctrl Pts',(17.9608691483736,-4.15652215480804,59.));
#7449=CARTESIAN_POINT('',(18.934780433774,-3.91884028911591,60.));
#7450=CARTESIAN_POINT('Ctrl Pts',(18.934780433774,-3.91884028911591,60.));
#7451=CARTESIAN_POINT('Ctrl Pts',(18.7836004532878,-3.98815559458146,60.));
#7452=CARTESIAN_POINT('Ctrl Pts',(18.4744116030685,-4.12991721890868,60.));
#7453=CARTESIAN_POINT('Ctrl Pts',(18.1345520653933,-4.14752421737974,60.));
#7454=CARTESIAN_POINT('Ctrl Pts',(17.9608691483736,-4.15652215480804,60.));
#7455=CARTESIAN_POINT('',(18.934780433774,-3.91884028911591,60.));
#7456=CARTESIAN_POINT('Ctrl Pts',(19.6826136857271,-3.24637830257416,60.));
#7457=CARTESIAN_POINT('Ctrl Pts',(19.6826136857271,-3.24637830257416,59.));
#7458=CARTESIAN_POINT('Ctrl Pts',(19.5747190115191,-3.38225084225032,60.));
#7459=CARTESIAN_POINT('Ctrl Pts',(19.5747190115191,-3.38225084225032,59.));
#7460=CARTESIAN_POINT('Ctrl Pts',(19.3632118667955,-3.64860331167668,60.));
#7461=CARTESIAN_POINT('Ctrl Pts',(19.3632118667955,-3.64860331167668,59.));
#7462=CARTESIAN_POINT('Ctrl Pts',(19.0756502402702,-3.82998539242566,60.));
#7463=CARTESIAN_POINT('Ctrl Pts',(19.0756502402702,-3.82998539242566,59.));
#7464=CARTESIAN_POINT('Ctrl Pts',(18.934780433774,-3.91884028911591,60.));
#7465=CARTESIAN_POINT('Ctrl Pts',(18.934780433774,-3.91884028911591,59.));
#7466=CARTESIAN_POINT('',(19.6826136857271,-3.24637830257416,60.));
#7467=CARTESIAN_POINT('Ctrl Pts',(19.6826136857271,-3.24637830257416,60.));
#7468=CARTESIAN_POINT('Ctrl Pts',(19.5747190115191,-3.38225084225032,60.));
#7469=CARTESIAN_POINT('Ctrl Pts',(19.3632118667955,-3.64860331167668,60.));
#7470=CARTESIAN_POINT('Ctrl Pts',(19.0756502402702,-3.82998539242566,60.));
#7471=CARTESIAN_POINT('Ctrl Pts',(18.934780433774,-3.91884028911591,60.));
#7472=CARTESIAN_POINT('',(19.6826136857271,-3.24637830257416,60.));
#7473=CARTESIAN_POINT('Origin',(19.7753680497408,-4.00000035762787,60.));
#7474=CARTESIAN_POINT('',(19.7753680497408,-4.00000035762787,60.));
#7475=CARTESIAN_POINT('',(20.5884336895633,-10.6060959833417,60.));
#7476=CARTESIAN_POINT('',(19.7753680497408,-4.00000035762787,60.));
#7477=CARTESIAN_POINT('Origin',(20.9173930436373,-4.00000035762787,60.));
#7478=CARTESIAN_POINT('',(20.9173930436373,-4.00000035762787,60.));
#7479=CARTESIAN_POINT('',(50.4586965218186,-4.00000035762787,60.));
#7480=CARTESIAN_POINT('',(20.9173930436373,-4.00000035762787,60.));
#7481=CARTESIAN_POINT('Origin',(20.9173930436373,4.57971036434174,60.));
#7482=CARTESIAN_POINT('',(20.9173930436373,0.,60.));
#7483=CARTESIAN_POINT('',(20.9173930436373,0.,57.5));
#7484=CARTESIAN_POINT('',(20.9173930436373,-2.71014481782913,60.));
#7485=CARTESIAN_POINT('Ctrl Pts',(3.50869782269001,0.736232399940491,60.));
#7486=CARTESIAN_POINT('Ctrl Pts',(3.50869782269001,0.736232399940491,59.));
#7487=CARTESIAN_POINT('Ctrl Pts',(3.40613221487963,0.511032303556951,60.));
#7488=CARTESIAN_POINT('Ctrl Pts',(3.40613221487963,0.511032303556951,59.));
#7489=CARTESIAN_POINT('Ctrl Pts',(3.16489184660545,-0.0186516260442748,
60.));
#7490=CARTESIAN_POINT('Ctrl Pts',(3.16489184660545,-0.0186516260442748,
59.));
#7491=CARTESIAN_POINT('Ctrl Pts',(3.15865854250069,-0.603141608792368,60.));
#7492=CARTESIAN_POINT('Ctrl Pts',(3.15865854250069,-0.603141608792368,59.));
#7493=CARTESIAN_POINT('Ctrl Pts',(3.15507538616657,-0.939130187034607,60.));
#7494=CARTESIAN_POINT('Ctrl Pts',(3.15507538616657,-0.939130187034607,59.));
#7495=CARTESIAN_POINT('',(3.23119929179239,3.36102673470506E-17,59.));
#7496=CARTESIAN_POINT('',(3.23119929179239,3.36102673470506E-17,60.));
#7497=CARTESIAN_POINT('Ctrl Pts',(3.23119929179239,6.72205346941013E-17,
59.));
#7498=CARTESIAN_POINT('Ctrl Pts',(3.23119929179239,6.72205346941013E-17,
59.1666666666667));
#7499=CARTESIAN_POINT('Ctrl Pts',(3.23119929179239,6.72205346941013E-17,
59.3333333333333));
#7500=CARTESIAN_POINT('Ctrl Pts',(3.23119929179239,6.72205346941013E-17,
59.6666666666667));
#7501=CARTESIAN_POINT('Ctrl Pts',(3.23119929179239,6.72205346941013E-17,
59.8333333333333));
#7502=CARTESIAN_POINT('Ctrl Pts',(3.23119929179239,6.72205346941013E-17,
60.));
#7503=CARTESIAN_POINT('',(3.15507538616657,-0.939130187034607,59.));
#7504=CARTESIAN_POINT('Ctrl Pts',(3.23119929179239,6.72205346941013E-17,
59.));
#7505=CARTESIAN_POINT('Ctrl Pts',(3.16186163951055,-0.302790770044467,59.));
#7506=CARTESIAN_POINT('Ctrl Pts',(3.15846851283856,-0.620960478539538,59.));
#7507=CARTESIAN_POINT('Ctrl Pts',(3.15507538616657,-0.939130187034607,59.));
#7508=CARTESIAN_POINT('',(3.15507538616657,-0.939130187034607,60.));
#7509=CARTESIAN_POINT('',(3.15507538616657,-0.939130187034607,60.));
#7510=CARTESIAN_POINT('Ctrl Pts',(3.23119929179239,3.36102673470506E-17,
60.));
#7511=CARTESIAN_POINT('Ctrl Pts',(3.16186163951055,-0.302790770044468,60.));
#7512=CARTESIAN_POINT('Ctrl Pts',(3.15846851283856,-0.620960478539537,60.));
#7513=CARTESIAN_POINT('Ctrl Pts',(3.15507538616657,-0.939130187034607,60.));
#7514=CARTESIAN_POINT('Ctrl Pts',(5.96087105572224,-0.927535891532898,60.));
#7515=CARTESIAN_POINT('Ctrl Pts',(5.96087105572224,-0.927535891532898,59.));
#7516=CARTESIAN_POINT('Ctrl Pts',(5.9572112366758,-0.594640534044815,60.));
#7517=CARTESIAN_POINT('Ctrl Pts',(5.9572112366758,-0.594640534044815,59.));
#7518=CARTESIAN_POINT('Ctrl Pts',(5.95083624888749,-0.014774750555846,60.));
#7519=CARTESIAN_POINT('Ctrl Pts',(5.95083624888749,-0.014774750555846,59.));
#7520=CARTESIAN_POINT('Ctrl Pts',(5.71393566447547,0.511911604891815,60.));
#7521=CARTESIAN_POINT('Ctrl Pts',(5.71393566447547,0.511911604891815,59.));
#7522=CARTESIAN_POINT('Ctrl Pts',(5.61303742229939,0.736232399940491,60.));
#7523=CARTESIAN_POINT('Ctrl Pts',(5.61303742229939,0.736232399940491,59.));
#7524=CARTESIAN_POINT('',(5.886700318215,-4.66206934168767E-17,60.));
#7525=CARTESIAN_POINT('',(5.886700318215,-4.66206934168767E-17,59.));
#7526=CARTESIAN_POINT('Ctrl Pts',(5.88670031821499,-1.0842021724855E-17,
60.));
#7527=CARTESIAN_POINT('Ctrl Pts',(5.88670031821499,-1.0842021724855E-17,
59.8333333333333));
#7528=CARTESIAN_POINT('Ctrl Pts',(5.88670031821499,-1.0842021724855E-17,
59.6666666666667));
#7529=CARTESIAN_POINT('Ctrl Pts',(5.88670031821499,-1.0842021724855E-17,
59.3333333333333));
#7530=CARTESIAN_POINT('Ctrl Pts',(5.88670031821499,-1.0842021724855E-17,
59.1666666666667));
#7531=CARTESIAN_POINT('Ctrl Pts',(5.88670031821499,-1.0842021724855E-17,
59.));
#7532=CARTESIAN_POINT('',(5.96087105572224,-0.927535891532898,60.));
#7533=CARTESIAN_POINT('Ctrl Pts',(5.96087105572224,-0.927535891532898,60.));
#7534=CARTESIAN_POINT('Ctrl Pts',(5.95741803056068,-0.61345040506836,60.));
#7535=CARTESIAN_POINT('Ctrl Pts',(5.95396500539915,-0.299364918603828,60.));
#7536=CARTESIAN_POINT('Ctrl Pts',(5.886700318215,-4.66206934168767E-17,
60.));
#7537=CARTESIAN_POINT('',(5.96087105572224,-0.927535891532898,59.));
#7538=CARTESIAN_POINT('',(5.96087105572224,-0.927535891532898,60.));
#7539=CARTESIAN_POINT('Ctrl Pts',(5.96087105572224,-0.927535891532898,59.));
#7540=CARTESIAN_POINT('Ctrl Pts',(5.95741803056068,-0.61345040506836,59.));
#7541=CARTESIAN_POINT('Ctrl Pts',(5.95396500539915,-0.299364918603828,59.));
#7542=CARTESIAN_POINT('Ctrl Pts',(5.886700318215,-9.32413868337534E-17,
59.));
#7543=CARTESIAN_POINT('Origin',(-2.50000171363354,-0.69275438785553,59.));
#7544=CARTESIAN_POINT('',(1.88185642702335,1.40946282423116E-17,59.));
#7545=CARTESIAN_POINT('',(-1.25000085681677,0.,59.));
#7546=CARTESIAN_POINT('',(1.79275162518024,-0.939130187034607,59.));
#7547=CARTESIAN_POINT('Ctrl Pts',(1.79275162518024,-0.939130187034607,59.));
#7548=CARTESIAN_POINT('Ctrl Pts',(1.8033454137519,-0.637940542466409,59.));
#7549=CARTESIAN_POINT('Ctrl Pts',(1.81448373022154,-0.32126954644965,59.));
#7550=CARTESIAN_POINT('Ctrl Pts',(1.87860233723945,-0.0149518542142316,
59.));
#7551=CARTESIAN_POINT('Ctrl Pts',(1.88185642702335,2.81892564846231E-17,
59.));
#7552=CARTESIAN_POINT('',(2.50579483807087,-3.2927531003952,59.));
#7553=CARTESIAN_POINT('Ctrl Pts',(2.50579483807087,-3.2927531003952,59.));
#7554=CARTESIAN_POINT('Ctrl Pts',(2.29813656711869,-2.96102287303199,59.));
#7555=CARTESIAN_POINT('Ctrl Pts',(1.84903990417785,-2.24359930294107,59.));
#7556=CARTESIAN_POINT('Ctrl Pts',(1.8124322358487,-1.39522423105889,59.));
#7557=CARTESIAN_POINT('Ctrl Pts',(1.79275162518024,-0.939130187034607,59.));
#7558=CARTESIAN_POINT('',(4.55796845257282,-4.15652215480804,59.));
#7559=CARTESIAN_POINT('Ctrl Pts',(4.55796845257282,-4.15652215480804,59.));
#7560=CARTESIAN_POINT('Ctrl Pts',(4.14461104415954,-4.12855387389301,59.));
#7561=CARTESIAN_POINT('Ctrl Pts',(3.35840705326031,-4.07535832537629,59.));
#7562=CARTESIAN_POINT('Ctrl Pts',(2.78006548502868,-3.54450370582188,59.));
#7563=CARTESIAN_POINT('Ctrl Pts',(2.50579483807087,-3.2927531003952,59.));
#7564=CARTESIAN_POINT('',(6.05941422283649,-3.75652253627777,59.));
#7565=CARTESIAN_POINT('Ctrl Pts',(6.05941422283649,-3.75652253627777,59.));
#7566=CARTESIAN_POINT('Ctrl Pts',(5.836431266021,-3.87310817485659,59.));
#7567=CARTESIAN_POINT('Ctrl Pts',(5.36674703139607,-4.11868046973589,59.));
#7568=CARTESIAN_POINT('Ctrl Pts',(4.83648707892327,-4.14349063490748,59.));
#7569=CARTESIAN_POINT('Ctrl Pts',(4.55796845257282,-4.15652215480804,59.));
#7570=CARTESIAN_POINT('',(6.99855454266071,-2.62608706951141,59.));
#7571=CARTESIAN_POINT('Ctrl Pts',(6.99855454266071,-2.62608706951141,59.));
#7572=CARTESIAN_POINT('Ctrl Pts',(6.88157879693609,-2.85311335395538,59.));
#7573=CARTESIAN_POINT('Ctrl Pts',(6.65165551029345,-3.29934799131784,59.));
#7574=CARTESIAN_POINT('Ctrl Pts',(6.25450867728247,-3.60592138717765,59.));
#7575=CARTESIAN_POINT('Ctrl Pts',(6.05941422283649,-3.75652253627777,59.));
#7576=CARTESIAN_POINT('',(7.3231852799654,-0.927535891532898,59.));
#7577=CARTESIAN_POINT('Ctrl Pts',(7.3231852799654,-0.927535891532898,59.));
#7578=CARTESIAN_POINT('Ctrl Pts',(7.31274098071527,-1.23467144862431,59.));
#7579=CARTESIAN_POINT('Ctrl Pts',(7.2928959315867,-1.81825490153285,59.));
#7580=CARTESIAN_POINT('Ctrl Pts',(7.0931674399011,-2.36641804309514,59.));
#7581=CARTESIAN_POINT('Ctrl Pts',(6.99855454266071,-2.62608706951141,59.));
#7582=CARTESIAN_POINT('',(7.24193653920605,-1.12757025938492E-16,59.));
#7583=CARTESIAN_POINT('Ctrl Pts',(7.24193653920605,-2.25514051876985E-16,
59.));
#7584=CARTESIAN_POINT('Ctrl Pts',(7.29510186040698,-0.300930647452434,59.));
#7585=CARTESIAN_POINT('Ctrl Pts',(7.30914357018619,-0.614233269492666,59.));
#7586=CARTESIAN_POINT('Ctrl Pts',(7.3231852799654,-0.927535891532898,59.));
#7587=CARTESIAN_POINT('',(-1.25000085681677,0.,59.));
#7588=CARTESIAN_POINT('',(5.6072486191988,-2.6144927740097,59.));
#7589=CARTESIAN_POINT('Ctrl Pts',(5.6072486191988,-2.6144927740097,59.));
#7590=CARTESIAN_POINT('Ctrl Pts',(5.7098196139555,-2.38733661085883,59.));
#7591=CARTESIAN_POINT('Ctrl Pts',(5.95085935340061,-1.85352427425129,59.));
#7592=CARTESIAN_POINT('Ctrl Pts',(5.95721815226783,-1.26539513397859,59.));
#7593=CARTESIAN_POINT('Ctrl Pts',(5.96087105572224,-0.927535891532898,59.));
#7594=CARTESIAN_POINT('',(4.55796845257282,-3.15362393856049,59.));
#7595=CARTESIAN_POINT('Ctrl Pts',(4.55796845257282,-3.15362393856049,59.));
#7596=CARTESIAN_POINT('Ctrl Pts',(4.77538211846902,-3.13367625664326,59.));
#7597=CARTESIAN_POINT('Ctrl Pts',(5.19882413891983,-3.09482549397605,59.));
#7598=CARTESIAN_POINT('Ctrl Pts',(5.4735695344111,-2.7717077341777,59.));
#7599=CARTESIAN_POINT('Ctrl Pts',(5.6072486191988,-2.6144927740097,59.));
#7600=CARTESIAN_POINT('',(3.50289948284626,-2.62029111385345,59.));
#7601=CARTESIAN_POINT('Ctrl Pts',(3.50289948284626,-2.62029111385345,59.));
#7602=CARTESIAN_POINT('Ctrl Pts',(3.63833594621404,-2.7758136890522,59.));
#7603=CARTESIAN_POINT('Ctrl Pts',(3.91688320940199,-3.09567133010643,59.));
#7604=CARTESIAN_POINT('Ctrl Pts',(4.34038404010231,-3.13395481593454,59.));
#7605=CARTESIAN_POINT('Ctrl Pts',(4.55796845257282,-3.15362393856049,59.));
#7606=CARTESIAN_POINT('Ctrl Pts',(3.15507538616657,-0.939130187034607,59.));
#7607=CARTESIAN_POINT('Ctrl Pts',(3.15869259350729,-1.2753583267472,59.));
#7608=CARTESIAN_POINT('Ctrl Pts',(3.16499071164138,-1.860783585644,59.));
#7609=CARTESIAN_POINT('Ctrl Pts',(3.4020084756761,-2.39352138780838,59.));
#7610=CARTESIAN_POINT('Ctrl Pts',(3.50289948284626,-2.62029111385345,59.));
#7611=CARTESIAN_POINT('Ctrl Pts',(5.6072486191988,-2.6144927740097,60.));
#7612=CARTESIAN_POINT('Ctrl Pts',(5.6072486191988,-2.6144927740097,59.));
#7613=CARTESIAN_POINT('Ctrl Pts',(5.7098196139555,-2.38733661085883,60.));
#7614=CARTESIAN_POINT('Ctrl Pts',(5.7098196139555,-2.38733661085883,59.));
#7615=CARTESIAN_POINT('Ctrl Pts',(5.95085935340061,-1.85352427425129,60.));
#7616=CARTESIAN_POINT('Ctrl Pts',(5.95085935340061,-1.85352427425129,59.));
#7617=CARTESIAN_POINT('Ctrl Pts',(5.95721815226783,-1.26539513397859,60.));
#7618=CARTESIAN_POINT('Ctrl Pts',(5.95721815226783,-1.26539513397859,59.));
#7619=CARTESIAN_POINT('Ctrl Pts',(5.96087105572224,-0.927535891532898,60.));
#7620=CARTESIAN_POINT('Ctrl Pts',(5.96087105572224,-0.927535891532898,59.));
#7621=CARTESIAN_POINT('',(5.6072486191988,-2.6144927740097,60.));
#7622=CARTESIAN_POINT('Ctrl Pts',(5.6072486191988,-2.6144927740097,60.));
#7623=CARTESIAN_POINT('Ctrl Pts',(5.7098196139555,-2.38733661085883,60.));
#7624=CARTESIAN_POINT('Ctrl Pts',(5.95085935340061,-1.85352427425129,60.));
#7625=CARTESIAN_POINT('Ctrl Pts',(5.95721815226783,-1.26539513397859,60.));
#7626=CARTESIAN_POINT('Ctrl Pts',(5.96087105572224,-0.927535891532898,60.));
#7627=CARTESIAN_POINT('',(5.6072486191988,-2.6144927740097,60.));
#7628=CARTESIAN_POINT('Ctrl Pts',(4.55796845257282,-3.15362393856049,60.));
#7629=CARTESIAN_POINT('Ctrl Pts',(4.55796845257282,-3.15362393856049,59.));
#7630=CARTESIAN_POINT('Ctrl Pts',(4.77538211846902,-3.13367625664326,60.));
#7631=CARTESIAN_POINT('Ctrl Pts',(4.77538211846902,-3.13367625664326,59.));
#7632=CARTESIAN_POINT('Ctrl Pts',(5.19882413891983,-3.09482549397605,60.));
#7633=CARTESIAN_POINT('Ctrl Pts',(5.19882413891983,-3.09482549397605,59.));
#7634=CARTESIAN_POINT('Ctrl Pts',(5.4735695344111,-2.7717077341777,60.));
#7635=CARTESIAN_POINT('Ctrl Pts',(5.4735695344111,-2.7717077341777,59.));
#7636=CARTESIAN_POINT('Ctrl Pts',(5.6072486191988,-2.6144927740097,60.));
#7637=CARTESIAN_POINT('Ctrl Pts',(5.6072486191988,-2.6144927740097,59.));
#7638=CARTESIAN_POINT('',(4.55796845257282,-3.15362393856049,60.));
#7639=CARTESIAN_POINT('Ctrl Pts',(4.55796845257282,-3.15362393856049,60.));
#7640=CARTESIAN_POINT('Ctrl Pts',(4.77538211846902,-3.13367625664326,60.));
#7641=CARTESIAN_POINT('Ctrl Pts',(5.19882413891983,-3.09482549397605,60.));
#7642=CARTESIAN_POINT('Ctrl Pts',(5.4735695344111,-2.7717077341777,60.));
#7643=CARTESIAN_POINT('Ctrl Pts',(5.6072486191988,-2.6144927740097,60.));
#7644=CARTESIAN_POINT('',(4.55796845257282,-3.15362393856049,60.));
#7645=CARTESIAN_POINT('Ctrl Pts',(3.50289948284626,-2.62029111385345,60.));
#7646=CARTESIAN_POINT('Ctrl Pts',(3.50289948284626,-2.62029111385345,59.));
#7647=CARTESIAN_POINT('Ctrl Pts',(3.63833594621404,-2.7758136890522,60.));
#7648=CARTESIAN_POINT('Ctrl Pts',(3.63833594621404,-2.7758136890522,59.));
#7649=CARTESIAN_POINT('Ctrl Pts',(3.91688320940199,-3.09567133010643,60.));
#7650=CARTESIAN_POINT('Ctrl Pts',(3.91688320940199,-3.09567133010643,59.));
#7651=CARTESIAN_POINT('Ctrl Pts',(4.34038404010231,-3.13395481593454,60.));
#7652=CARTESIAN_POINT('Ctrl Pts',(4.34038404010231,-3.13395481593454,59.));
#7653=CARTESIAN_POINT('Ctrl Pts',(4.55796845257282,-3.15362393856049,60.));
#7654=CARTESIAN_POINT('Ctrl Pts',(4.55796845257282,-3.15362393856049,59.));
#7655=CARTESIAN_POINT('',(3.50289948284626,-2.62029111385345,60.));
#7656=CARTESIAN_POINT('Ctrl Pts',(3.50289948284626,-2.62029111385345,60.));
#7657=CARTESIAN_POINT('Ctrl Pts',(3.63833594621404,-2.7758136890522,60.));
#7658=CARTESIAN_POINT('Ctrl Pts',(3.91688320940199,-3.09567133010643,60.));
#7659=CARTESIAN_POINT('Ctrl Pts',(4.34038404010231,-3.13395481593454,60.));
#7660=CARTESIAN_POINT('Ctrl Pts',(4.55796845257282,-3.15362393856049,60.));
#7661=CARTESIAN_POINT('',(3.50289948284626,-2.62029111385345,60.));
#7662=CARTESIAN_POINT('Ctrl Pts',(3.15507538616657,-0.939130187034607,60.));
#7663=CARTESIAN_POINT('Ctrl Pts',(3.15507538616657,-0.939130187034607,59.));
#7664=CARTESIAN_POINT('Ctrl Pts',(3.15869259350729,-1.2753583267472,60.));
#7665=CARTESIAN_POINT('Ctrl Pts',(3.15869259350729,-1.2753583267472,59.));
#7666=CARTESIAN_POINT('Ctrl Pts',(3.16499071164138,-1.860783585644,60.));
#7667=CARTESIAN_POINT('Ctrl Pts',(3.16499071164138,-1.860783585644,59.));
#7668=CARTESIAN_POINT('Ctrl Pts',(3.4020084756761,-2.39352138780838,60.));
#7669=CARTESIAN_POINT('Ctrl Pts',(3.4020084756761,-2.39352138780838,59.));
#7670=CARTESIAN_POINT('Ctrl Pts',(3.50289948284626,-2.62029111385345,60.));
#7671=CARTESIAN_POINT('Ctrl Pts',(3.50289948284626,-2.62029111385345,59.));
#7672=CARTESIAN_POINT('Ctrl Pts',(3.15507538616657,-0.939130187034607,60.));
#7673=CARTESIAN_POINT('Ctrl Pts',(3.15869259350729,-1.2753583267472,60.));
#7674=CARTESIAN_POINT('Ctrl Pts',(3.16499071164138,-1.860783585644,60.));
#7675=CARTESIAN_POINT('Ctrl Pts',(3.4020084756761,-2.39352138780838,60.));
#7676=CARTESIAN_POINT('Ctrl Pts',(3.50289948284626,-2.62029111385345,60.));
#7677=CARTESIAN_POINT('Ctrl Pts',(1.79275162518024,-0.939130187034607,60.));
#7678=CARTESIAN_POINT('Ctrl Pts',(1.79275162518024,-0.939130187034607,59.));
#7679=CARTESIAN_POINT('Ctrl Pts',(1.8033454137519,-0.637940542466409,60.));
#7680=CARTESIAN_POINT('Ctrl Pts',(1.8033454137519,-0.637940542466409,59.));
#7681=CARTESIAN_POINT('Ctrl Pts',(1.82357944559126,-0.0626712875956148,
60.));
#7682=CARTESIAN_POINT('Ctrl Pts',(1.82357944559126,-0.0626712875956148,
59.));
#7683=CARTESIAN_POINT('Ctrl Pts',(2.01865319140735,0.478431135551323,60.));
#7684=CARTESIAN_POINT('Ctrl Pts',(2.01865319140735,0.478431135551323,59.));
#7685=CARTESIAN_POINT('Ctrl Pts',(2.11159355938435,0.736232399940491,60.));
#7686=CARTESIAN_POINT('Ctrl Pts',(2.11159355938435,0.736232399940491,59.));
#7687=CARTESIAN_POINT('',(1.88185642702335,1.40946282423116E-17,60.));
#7688=CARTESIAN_POINT('Ctrl Pts',(1.88185642702335,2.81892564846231E-17,
60.));
#7689=CARTESIAN_POINT('Ctrl Pts',(1.88185642702335,2.81892564846231E-17,
59.8333333333333));
#7690=CARTESIAN_POINT('Ctrl Pts',(1.88185642702335,2.81892564846231E-17,
59.6666666666667));
#7691=CARTESIAN_POINT('Ctrl Pts',(1.88185642702335,2.81892564846231E-17,
59.3333333333333));
#7692=CARTESIAN_POINT('Ctrl Pts',(1.88185642702335,2.81892564846231E-17,
59.1666666666667));
#7693=CARTESIAN_POINT('Ctrl Pts',(1.88185642702335,2.81892564846231E-17,
59.));
#7694=CARTESIAN_POINT('',(1.79275162518024,-0.939130187034607,60.));
#7695=CARTESIAN_POINT('Ctrl Pts',(1.79275162518024,-0.939130187034607,60.));
#7696=CARTESIAN_POINT('Ctrl Pts',(1.8033454137519,-0.637940542466409,60.));
#7697=CARTESIAN_POINT('Ctrl Pts',(1.81448373022154,-0.32126954644965,60.));
#7698=CARTESIAN_POINT('Ctrl Pts',(1.87860233723945,-0.0149518542142313,
60.));
#7699=CARTESIAN_POINT('Ctrl Pts',(1.88185642702335,1.40946282423116E-17,
60.));
#7700=CARTESIAN_POINT('',(1.79275162518024,-0.939130187034607,60.));
#7701=CARTESIAN_POINT('Ctrl Pts',(2.50579483807087,-3.2927531003952,60.));
#7702=CARTESIAN_POINT('Ctrl Pts',(2.50579483807087,-3.2927531003952,59.));
#7703=CARTESIAN_POINT('Ctrl Pts',(2.29813656711869,-2.96102287303199,60.));
#7704=CARTESIAN_POINT('Ctrl Pts',(2.29813656711869,-2.96102287303199,59.));
#7705=CARTESIAN_POINT('Ctrl Pts',(1.84903990417785,-2.24359930294107,60.));
#7706=CARTESIAN_POINT('Ctrl Pts',(1.84903990417785,-2.24359930294107,59.));
#7707=CARTESIAN_POINT('Ctrl Pts',(1.8124322358487,-1.39522423105889,60.));
#7708=CARTESIAN_POINT('Ctrl Pts',(1.8124322358487,-1.39522423105889,59.));
#7709=CARTESIAN_POINT('Ctrl Pts',(1.79275162518024,-0.939130187034607,60.));
#7710=CARTESIAN_POINT('Ctrl Pts',(1.79275162518024,-0.939130187034607,59.));
#7711=CARTESIAN_POINT('',(2.50579483807087,-3.2927531003952,60.));
#7712=CARTESIAN_POINT('Ctrl Pts',(2.50579483807087,-3.2927531003952,60.));
#7713=CARTESIAN_POINT('Ctrl Pts',(2.29813656711869,-2.96102287303199,60.));
#7714=CARTESIAN_POINT('Ctrl Pts',(1.84903990417785,-2.24359930294107,60.));
#7715=CARTESIAN_POINT('Ctrl Pts',(1.8124322358487,-1.39522423105889,60.));
#7716=CARTESIAN_POINT('Ctrl Pts',(1.79275162518024,-0.939130187034607,60.));
#7717=CARTESIAN_POINT('',(2.50579483807087,-3.2927531003952,60.));
#7718=CARTESIAN_POINT('Ctrl Pts',(4.55796845257282,-4.15652215480804,60.));
#7719=CARTESIAN_POINT('Ctrl Pts',(4.55796845257282,-4.15652215480804,59.));
#7720=CARTESIAN_POINT('Ctrl Pts',(4.14461104415954,-4.12855387389301,60.));
#7721=CARTESIAN_POINT('Ctrl Pts',(4.14461104415954,-4.12855387389301,59.));
#7722=CARTESIAN_POINT('Ctrl Pts',(3.35840705326031,-4.07535832537629,60.));
#7723=CARTESIAN_POINT('Ctrl Pts',(3.35840705326031,-4.07535832537629,59.));
#7724=CARTESIAN_POINT('Ctrl Pts',(2.78006548502868,-3.54450370582188,60.));
#7725=CARTESIAN_POINT('Ctrl Pts',(2.78006548502868,-3.54450370582188,59.));
#7726=CARTESIAN_POINT('Ctrl Pts',(2.50579483807087,-3.2927531003952,60.));
#7727=CARTESIAN_POINT('Ctrl Pts',(2.50579483807087,-3.2927531003952,59.));
#7728=CARTESIAN_POINT('',(4.55796845257282,-4.15652215480804,60.));
#7729=CARTESIAN_POINT('Ctrl Pts',(4.55796845257282,-4.15652215480804,60.));
#7730=CARTESIAN_POINT('Ctrl Pts',(4.14461104415954,-4.12855387389301,60.));
#7731=CARTESIAN_POINT('Ctrl Pts',(3.35840705326031,-4.07535832537629,60.));
#7732=CARTESIAN_POINT('Ctrl Pts',(2.78006548502868,-3.54450370582188,60.));
#7733=CARTESIAN_POINT('Ctrl Pts',(2.50579483807087,-3.2927531003952,60.));
#7734=CARTESIAN_POINT('',(4.55796845257282,-4.15652215480804,60.));
#7735=CARTESIAN_POINT('Ctrl Pts',(6.05941422283649,-3.75652253627777,60.));
#7736=CARTESIAN_POINT('Ctrl Pts',(6.05941422283649,-3.75652253627777,59.));
#7737=CARTESIAN_POINT('Ctrl Pts',(5.836431266021,-3.87310817485659,60.));
#7738=CARTESIAN_POINT('Ctrl Pts',(5.836431266021,-3.87310817485659,59.));
#7739=CARTESIAN_POINT('Ctrl Pts',(5.36674703139607,-4.11868046973589,60.));
#7740=CARTESIAN_POINT('Ctrl Pts',(5.36674703139607,-4.11868046973589,59.));
#7741=CARTESIAN_POINT('Ctrl Pts',(4.83648707892327,-4.14349063490748,60.));
#7742=CARTESIAN_POINT('Ctrl Pts',(4.83648707892327,-4.14349063490748,59.));
#7743=CARTESIAN_POINT('Ctrl Pts',(4.55796845257282,-4.15652215480804,60.));
#7744=CARTESIAN_POINT('Ctrl Pts',(4.55796845257282,-4.15652215480804,59.));
#7745=CARTESIAN_POINT('',(6.05941422283649,-3.75652253627777,60.));
#7746=CARTESIAN_POINT('Ctrl Pts',(6.05941422283649,-3.75652253627777,60.));
#7747=CARTESIAN_POINT('Ctrl Pts',(5.836431266021,-3.87310817485659,60.));
#7748=CARTESIAN_POINT('Ctrl Pts',(5.36674703139607,-4.11868046973589,60.));
#7749=CARTESIAN_POINT('Ctrl Pts',(4.83648707892327,-4.14349063490748,60.));
#7750=CARTESIAN_POINT('Ctrl Pts',(4.55796845257282,-4.15652215480804,60.));
#7751=CARTESIAN_POINT('',(6.05941422283649,-3.75652253627777,60.));
#7752=CARTESIAN_POINT('Ctrl Pts',(6.99855454266071,-2.62608706951141,60.));
#7753=CARTESIAN_POINT('Ctrl Pts',(6.99855454266071,-2.62608706951141,59.));
#7754=CARTESIAN_POINT('Ctrl Pts',(6.88157879693609,-2.85311335395538,60.));
#7755=CARTESIAN_POINT('Ctrl Pts',(6.88157879693609,-2.85311335395538,59.));
#7756=CARTESIAN_POINT('Ctrl Pts',(6.65165551029345,-3.29934799131784,60.));
#7757=CARTESIAN_POINT('Ctrl Pts',(6.65165551029345,-3.29934799131784,59.));
#7758=CARTESIAN_POINT('Ctrl Pts',(6.25450867728247,-3.60592138717765,60.));
#7759=CARTESIAN_POINT('Ctrl Pts',(6.25450867728247,-3.60592138717765,59.));
#7760=CARTESIAN_POINT('Ctrl Pts',(6.05941422283649,-3.75652253627777,60.));
#7761=CARTESIAN_POINT('Ctrl Pts',(6.05941422283649,-3.75652253627777,59.));
#7762=CARTESIAN_POINT('',(6.99855454266071,-2.62608706951141,60.));
#7763=CARTESIAN_POINT('Ctrl Pts',(6.99855454266071,-2.62608706951141,60.));
#7764=CARTESIAN_POINT('Ctrl Pts',(6.88157879693609,-2.85311335395538,60.));
#7765=CARTESIAN_POINT('Ctrl Pts',(6.65165551029345,-3.29934799131784,60.));
#7766=CARTESIAN_POINT('Ctrl Pts',(6.25450867728247,-3.60592138717765,60.));
#7767=CARTESIAN_POINT('Ctrl Pts',(6.05941422283649,-3.75652253627777,60.));
#7768=CARTESIAN_POINT('',(6.99855454266071,-2.62608706951141,60.));
#7769=CARTESIAN_POINT('Ctrl Pts',(7.3231852799654,-0.927535891532898,60.));
#7770=CARTESIAN_POINT('Ctrl Pts',(7.3231852799654,-0.927535891532898,59.));
#7771=CARTESIAN_POINT('Ctrl Pts',(7.31274098071527,-1.23467144862431,60.));
#7772=CARTESIAN_POINT('Ctrl Pts',(7.31274098071527,-1.23467144862431,59.));
#7773=CARTESIAN_POINT('Ctrl Pts',(7.2928959315867,-1.81825490153285,60.));
#7774=CARTESIAN_POINT('Ctrl Pts',(7.2928959315867,-1.81825490153285,59.));
#7775=CARTESIAN_POINT('Ctrl Pts',(7.0931674399011,-2.36641804309514,60.));
#7776=CARTESIAN_POINT('Ctrl Pts',(7.0931674399011,-2.36641804309514,59.));
#7777=CARTESIAN_POINT('Ctrl Pts',(6.99855454266071,-2.62608706951141,60.));
#7778=CARTESIAN_POINT('Ctrl Pts',(6.99855454266071,-2.62608706951141,59.));
#7779=CARTESIAN_POINT('',(7.3231852799654,-0.927535891532898,60.));
#7780=CARTESIAN_POINT('Ctrl Pts',(7.3231852799654,-0.927535891532898,60.));
#7781=CARTESIAN_POINT('Ctrl Pts',(7.31274098071527,-1.23467144862431,60.));
#7782=CARTESIAN_POINT('Ctrl Pts',(7.2928959315867,-1.81825490153285,60.));
#7783=CARTESIAN_POINT('Ctrl Pts',(7.0931674399011,-2.36641804309514,60.));
#7784=CARTESIAN_POINT('Ctrl Pts',(6.99855454266071,-2.62608706951141,60.));
#7785=CARTESIAN_POINT('',(7.3231852799654,-0.927535891532898,60.));
#7786=CARTESIAN_POINT('Ctrl Pts',(6.61594040691853,1.40869557857513,60.));
#7787=CARTESIAN_POINT('Ctrl Pts',(6.61594040691853,1.40869557857513,59.));
#7788=CARTESIAN_POINT('Ctrl Pts',(6.82194518226558,1.07734764551372,60.));
#7789=CARTESIAN_POINT('Ctrl Pts',(6.82194518226558,1.07734764551372,59.));
#7790=CARTESIAN_POINT('Ctrl Pts',(7.26528948913653,0.364251458938583,60.));
#7791=CARTESIAN_POINT('Ctrl Pts',(7.26528948913653,0.364251458938583,59.));
#7792=CARTESIAN_POINT('Ctrl Pts',(7.30299828697769,-0.477117962832834,60.));
#7793=CARTESIAN_POINT('Ctrl Pts',(7.30299828697769,-0.477117962832834,59.));
#7794=CARTESIAN_POINT('Ctrl Pts',(7.3231852799654,-0.927535891532898,60.));
#7795=CARTESIAN_POINT('Ctrl Pts',(7.3231852799654,-0.927535891532898,59.));
#7796=CARTESIAN_POINT('',(7.24193653920605,-1.12757025938492E-16,60.));
#7797=CARTESIAN_POINT('Ctrl Pts',(7.24193653920606,0.,59.));
#7798=CARTESIAN_POINT('Ctrl Pts',(7.24193653920606,0.,59.1666666666667));
#7799=CARTESIAN_POINT('Ctrl Pts',(7.24193653920606,0.,59.3333333333333));
#7800=CARTESIAN_POINT('Ctrl Pts',(7.24193653920606,0.,59.6666666666667));
#7801=CARTESIAN_POINT('Ctrl Pts',(7.24193653920606,0.,59.8333333333333));
#7802=CARTESIAN_POINT('Ctrl Pts',(7.24193653920606,0.,60.));
#7803=CARTESIAN_POINT('Ctrl Pts',(7.24193653920605,-1.12757025938492E-16,
60.));
#7804=CARTESIAN_POINT('Ctrl Pts',(7.29510186040698,-0.300930647452439,60.));
#7805=CARTESIAN_POINT('Ctrl Pts',(7.30914357018619,-0.61423326949266,60.));
#7806=CARTESIAN_POINT('Ctrl Pts',(7.3231852799654,-0.927535891532898,60.));
#7807=CARTESIAN_POINT('Origin',(54.3202937394381,4.00000035762787,60.));
#7808=CARTESIAN_POINT('',(54.3202937394381,0.,59.));
#7809=CARTESIAN_POINT('',(54.3202937394381,0.,60.));
#7810=CARTESIAN_POINT('',(54.3202937394381,0.,57.5));
#7811=CARTESIAN_POINT('',(54.3202937394381,-2.97970950603485,59.));
#7812=CARTESIAN_POINT('',(54.3202937394381,4.00000035762787,59.));
#7813=CARTESIAN_POINT('',(54.3202937394381,-2.97970950603485,60.));
#7814=CARTESIAN_POINT('',(54.3202937394381,-2.97970950603485,60.));
#7815=CARTESIAN_POINT('',(54.3202937394381,-2.99999982118607,60.));
#7816=CARTESIAN_POINT('Origin',(53.0333293229342,-2.97970950603485,60.));
#7817=CARTESIAN_POINT('',(53.0333293229342,0.,60.));
#7818=CARTESIAN_POINT('',(53.0333293229342,0.,59.));
#7819=CARTESIAN_POINT('',(53.0333293229342,0.,57.5));
#7820=CARTESIAN_POINT('',(53.0333293229342,-2.97970950603485,60.));
#7821=CARTESIAN_POINT('',(53.0333293229342,-6.48985475301743,60.));
#7822=CARTESIAN_POINT('',(53.0333293229342,-2.97970950603485,59.));
#7823=CARTESIAN_POINT('',(53.0333293229342,-2.97970950603485,60.));
#7824=CARTESIAN_POINT('',(53.0333293229342,-2.97970950603485,59.));
#7825=CARTESIAN_POINT('Origin',(51.0797084122896,-2.97970950603485,60.));
#7826=CARTESIAN_POINT('',(51.0797084122896,-2.97970950603485,60.));
#7827=CARTESIAN_POINT('',(65.5398542061448,-2.97970950603485,60.));
#7828=CARTESIAN_POINT('',(51.0797084122896,-2.97970950603485,59.));
#7829=CARTESIAN_POINT('',(51.0797084122896,-2.97970950603485,60.));
#7830=CARTESIAN_POINT('',(51.0797084122896,-2.97970950603485,59.));
#7831=CARTESIAN_POINT('Origin',(51.0797084122896,-4.00000035762787,60.));
#7832=CARTESIAN_POINT('',(51.0797084122896,-4.00000035762787,60.));
#7833=CARTESIAN_POINT('',(51.0797084122896,-7.00000017881393,60.));
#7834=CARTESIAN_POINT('',(51.0797084122896,-4.00000035762787,59.));
#7835=CARTESIAN_POINT('',(51.0797084122896,-4.00000035762787,60.));
#7836=CARTESIAN_POINT('',(51.0797084122896,-4.00000035762787,59.));
#7837=CARTESIAN_POINT('Origin',(55.9202922135592,-4.00000035762787,60.));
#7838=CARTESIAN_POINT('',(55.9202922135592,-4.00000035762787,60.));
#7839=CARTESIAN_POINT('',(67.9601461067796,-4.00000035762787,60.));
#7840=CARTESIAN_POINT('',(55.9202922135592,-4.00000035762787,59.));
#7841=CARTESIAN_POINT('',(55.9202922135592,-4.00000035762787,60.));
#7842=CARTESIAN_POINT('',(55.9202922135592,-4.00000035762787,59.));
#7843=CARTESIAN_POINT('Origin',(55.9202922135592,-2.97970950603485,60.));
#7844=CARTESIAN_POINT('',(55.9202922135592,-2.97970950603485,60.));
#7845=CARTESIAN_POINT('',(55.9202922135592,-6.48985475301743,60.));
#7846=CARTESIAN_POINT('',(55.9202922135592,-2.97970950603485,59.));
#7847=CARTESIAN_POINT('',(55.9202922135592,-2.97970950603485,60.));
#7848=CARTESIAN_POINT('',(55.9202922135592,-2.97970950603485,59.));
#7849=CARTESIAN_POINT('Origin',(54.3202937394381,-2.97970950603485,60.));
#7850=CARTESIAN_POINT('',(67.160146869719,-2.97970950603485,60.));
#7851=CARTESIAN_POINT('',(54.3202937394381,-2.97970950603485,59.));
#7852=CARTESIAN_POINT('Origin',(-2.50000171363354,-0.69275438785553,59.));
#7853=CARTESIAN_POINT('',(-1.25000085681677,0.,59.));
#7854=CARTESIAN_POINT('Ctrl Pts',(-21.5927540510893,-3.02608668804169,60.));
#7855=CARTESIAN_POINT('Ctrl Pts',(-21.5927540510893,-3.02608668804169,59.));
#7856=CARTESIAN_POINT('Ctrl Pts',(-21.5009544098808,-2.99760976490989,60.));
#7857=CARTESIAN_POINT('Ctrl Pts',(-21.5009544098808,-2.99760976490989,59.));
#7858=CARTESIAN_POINT('Ctrl Pts',(-21.3214677679401,-2.94193168993658,60.));
#7859=CARTESIAN_POINT('Ctrl Pts',(-21.3214677679401,-2.94193168993658,59.));
#7860=CARTESIAN_POINT('Ctrl Pts',(-21.153216123684,-2.85826604534188,60.));
#7861=CARTESIAN_POINT('Ctrl Pts',(-21.153216123684,-2.85826604534188,59.));
#7862=CARTESIAN_POINT('Ctrl Pts',(-21.0710179060698,-2.81739175319672,60.));
#7863=CARTESIAN_POINT('Ctrl Pts',(-21.0710179060698,-2.81739175319672,59.));
#7864=CARTESIAN_POINT('',(-21.5927540510893,-3.02608668804169,60.));
#7865=CARTESIAN_POINT('',(-21.0710179060698,-2.81739175319672,60.));
#7866=CARTESIAN_POINT('Ctrl Pts',(-21.5927540510893,-3.02608668804169,60.));
#7867=CARTESIAN_POINT('Ctrl Pts',(-21.5009544098808,-2.99760976490989,60.));
#7868=CARTESIAN_POINT('Ctrl Pts',(-21.3214677679401,-2.94193168993658,60.));
#7869=CARTESIAN_POINT('Ctrl Pts',(-21.153216123684,-2.85826604534188,60.));
#7870=CARTESIAN_POINT('Ctrl Pts',(-21.0710179060698,-2.81739175319672,60.));
#7871=CARTESIAN_POINT('',(-21.5927540510893,-3.02608668804169,59.));
#7872=CARTESIAN_POINT('',(-21.5927540510893,-3.02608668804169,60.));
#7873=CARTESIAN_POINT('',(-21.0710179060698,-2.81739175319672,59.));
#7874=CARTESIAN_POINT('Ctrl Pts',(-21.5927540510893,-3.02608668804169,59.));
#7875=CARTESIAN_POINT('Ctrl Pts',(-21.5009544098808,-2.99760976490989,59.));
#7876=CARTESIAN_POINT('Ctrl Pts',(-21.3214677679401,-2.94193168993658,59.));
#7877=CARTESIAN_POINT('Ctrl Pts',(-21.153216123684,-2.85826604534188,59.));
#7878=CARTESIAN_POINT('Ctrl Pts',(-21.0710179060698,-2.81739175319672,59.));
#7879=CARTESIAN_POINT('',(-21.0710179060698,-2.81739175319672,60.));
#7880=CARTESIAN_POINT('Ctrl Pts',(-22.2072493284941,-3.10724675655365,60.));
#7881=CARTESIAN_POINT('Ctrl Pts',(-22.2072493284941,-3.10724675655365,59.));
#7882=CARTESIAN_POINT('Ctrl Pts',(-22.0994738588878,-3.10440380859236,60.));
#7883=CARTESIAN_POINT('Ctrl Pts',(-22.0994738588878,-3.10440380859236,59.));
#7884=CARTESIAN_POINT('Ctrl Pts',(-21.8917340299963,-3.09892395751693,60.));
#7885=CARTESIAN_POINT('Ctrl Pts',(-21.8917340299963,-3.09892395751693,59.));
#7886=CARTESIAN_POINT('Ctrl Pts',(-21.6898841623421,-3.04974945005453,60.));
#7887=CARTESIAN_POINT('Ctrl Pts',(-21.6898841623421,-3.04974945005453,59.));
#7888=CARTESIAN_POINT('Ctrl Pts',(-21.5927540510893,-3.02608668804169,60.));
#7889=CARTESIAN_POINT('Ctrl Pts',(-21.5927540510893,-3.02608668804169,59.));
#7890=CARTESIAN_POINT('',(-22.2072493284941,-3.10724675655365,60.));
#7891=CARTESIAN_POINT('Ctrl Pts',(-22.2072493284941,-3.10724675655365,60.));
#7892=CARTESIAN_POINT('Ctrl Pts',(-22.0994738588878,-3.10440380859236,60.));
#7893=CARTESIAN_POINT('Ctrl Pts',(-21.8917340299963,-3.09892395751693,60.));
#7894=CARTESIAN_POINT('Ctrl Pts',(-21.6898841623421,-3.04974945005453,60.));
#7895=CARTESIAN_POINT('Ctrl Pts',(-21.5927540510893,-3.02608668804169,60.));
#7896=CARTESIAN_POINT('',(-22.2072493284941,-3.10724675655365,59.));
#7897=CARTESIAN_POINT('',(-22.2072493284941,-3.10724675655365,60.));
#7898=CARTESIAN_POINT('Ctrl Pts',(-22.2072493284941,-3.10724675655365,59.));
#7899=CARTESIAN_POINT('Ctrl Pts',(-22.0994738588878,-3.10440380859236,59.));
#7900=CARTESIAN_POINT('Ctrl Pts',(-21.8917340299963,-3.09892395751693,59.));
#7901=CARTESIAN_POINT('Ctrl Pts',(-21.6898841623421,-3.04974945005453,59.));
#7902=CARTESIAN_POINT('Ctrl Pts',(-21.5927540510893,-3.02608668804169,59.));
#7903=CARTESIAN_POINT('Ctrl Pts',(-23.0188452452421,-2.86956489086151,60.));
#7904=CARTESIAN_POINT('Ctrl Pts',(-23.0188452452421,-2.86956489086151,59.));
#7905=CARTESIAN_POINT('Ctrl Pts',(-22.9127411029009,-2.93857760636182,60.));
#7906=CARTESIAN_POINT('Ctrl Pts',(-22.9127411029009,-2.93857760636182,59.));
#7907=CARTESIAN_POINT('Ctrl Pts',(-22.6678730173533,-3.097845766399,60.));
#7908=CARTESIAN_POINT('Ctrl Pts',(-22.6678730173533,-3.097845766399,59.));
#7909=CARTESIAN_POINT('Ctrl Pts',(-22.3738620057723,-3.1038463145516,60.));
#7910=CARTESIAN_POINT('Ctrl Pts',(-22.3738620057723,-3.1038463145516,59.));
#7911=CARTESIAN_POINT('Ctrl Pts',(-22.2072493284941,-3.10724675655365,60.));
#7912=CARTESIAN_POINT('Ctrl Pts',(-22.2072493284941,-3.10724675655365,59.));
#7913=CARTESIAN_POINT('',(-23.0188452452421,-2.86956489086151,60.));
#7914=CARTESIAN_POINT('Ctrl Pts',(-23.0188452452421,-2.86956489086151,60.));
#7915=CARTESIAN_POINT('Ctrl Pts',(-22.9127411029009,-2.93857760636182,60.));
#7916=CARTESIAN_POINT('Ctrl Pts',(-22.6678730173533,-3.097845766399,60.));
#7917=CARTESIAN_POINT('Ctrl Pts',(-22.3738620057723,-3.1038463145516,60.));
#7918=CARTESIAN_POINT('Ctrl Pts',(-22.2072493284941,-3.10724675655365,60.));
#7919=CARTESIAN_POINT('',(-23.0188452452421,-2.86956489086151,59.));
#7920=CARTESIAN_POINT('',(-23.0188452452421,-2.86956489086151,60.));
#7921=CARTESIAN_POINT('Ctrl Pts',(-23.0188452452421,-2.86956489086151,59.));
#7922=CARTESIAN_POINT('Ctrl Pts',(-22.9127411029009,-2.93857760636182,59.));
#7923=CARTESIAN_POINT('Ctrl Pts',(-22.6678730173533,-3.097845766399,59.));
#7924=CARTESIAN_POINT('Ctrl Pts',(-22.3738620057723,-3.1038463145516,59.));
#7925=CARTESIAN_POINT('Ctrl Pts',(-22.2072493284941,-3.10724675655365,59.));
#7926=CARTESIAN_POINT('Ctrl Pts',(-23.2623230665922,-2.13333308696747,60.));
#7927=CARTESIAN_POINT('Ctrl Pts',(-23.2623230665922,-2.13333308696747,59.));
#7928=CARTESIAN_POINT('Ctrl Pts',(-23.2568753285605,-2.28205109303607,60.));
#7929=CARTESIAN_POINT('Ctrl Pts',(-23.2568753285605,-2.28205109303607,59.));
#7930=CARTESIAN_POINT('Ctrl Pts',(-23.246964141932,-2.55261695075155,60.));
#7931=CARTESIAN_POINT('Ctrl Pts',(-23.246964141932,-2.55261695075155,59.));
#7932=CARTESIAN_POINT('Ctrl Pts',(-23.08967813619,-2.77114981344473,60.));
#7933=CARTESIAN_POINT('Ctrl Pts',(-23.08967813619,-2.77114981344473,59.));
#7934=CARTESIAN_POINT('Ctrl Pts',(-23.0188452452421,-2.86956489086151,60.));
#7935=CARTESIAN_POINT('Ctrl Pts',(-23.0188452452421,-2.86956489086151,59.));
#7936=CARTESIAN_POINT('',(-23.2623230665922,-2.13333308696747,60.));
#7937=CARTESIAN_POINT('Ctrl Pts',(-23.2623230665922,-2.13333308696747,60.));
#7938=CARTESIAN_POINT('Ctrl Pts',(-23.2568753285605,-2.28205109303607,60.));
#7939=CARTESIAN_POINT('Ctrl Pts',(-23.246964141932,-2.55261695075155,60.));
#7940=CARTESIAN_POINT('Ctrl Pts',(-23.08967813619,-2.77114981344473,60.));
#7941=CARTESIAN_POINT('Ctrl Pts',(-23.0188452452421,-2.86956489086151,60.));
#7942=CARTESIAN_POINT('',(-23.2623230665922,-2.13333308696747,59.));
#7943=CARTESIAN_POINT('',(-23.2623230665922,-2.13333308696747,60.));
#7944=CARTESIAN_POINT('Ctrl Pts',(-23.2623230665922,-2.13333308696747,59.));
#7945=CARTESIAN_POINT('Ctrl Pts',(-23.2568753285605,-2.28205109303607,59.));
#7946=CARTESIAN_POINT('Ctrl Pts',(-23.246964141932,-2.55261695075155,59.));
#7947=CARTESIAN_POINT('Ctrl Pts',(-23.08967813619,-2.77114981344473,59.));
#7948=CARTESIAN_POINT('Ctrl Pts',(-23.0188452452421,-2.86956489086151,59.));
#7949=CARTESIAN_POINT('Origin',(-23.2623230665922,1.17681086063385,60.));
#7950=CARTESIAN_POINT('',(-23.2623230665922,0.,59.));
#7951=CARTESIAN_POINT('',(-23.2623230665922,0.,60.));
#7952=CARTESIAN_POINT('',(-23.2623230665922,0.,57.5));
#7953=CARTESIAN_POINT('',(-23.2623230665922,1.17681086063385,59.));
#7954=CARTESIAN_POINT('',(-23.2623230665922,-4.41159456968307,60.));
#7955=CARTESIAN_POINT('Origin',(-24.5608746260405,-2.14492738246918,60.));
#7956=CARTESIAN_POINT('',(-24.5608746260405,0.,60.));
#7957=CARTESIAN_POINT('',(-24.5608746260405,0.,59.));
#7958=CARTESIAN_POINT('',(-24.5608746260405,0.,57.5));
#7959=CARTESIAN_POINT('',(-24.5608746260405,-2.14492738246918,60.));
#7960=CARTESIAN_POINT('',(-24.5608746260405,-6.07246369123459,60.));
#7961=CARTESIAN_POINT('',(-24.5608746260405,-2.14492738246918,59.));
#7962=CARTESIAN_POINT('',(-24.5608746260405,-2.14492738246918,60.));
#7963=CARTESIAN_POINT('',(-24.5608746260405,-2.14492738246918,59.));
#7964=CARTESIAN_POINT('Ctrl Pts',(-24.0101467818022,-3.60579669475555,60.));
#7965=CARTESIAN_POINT('Ctrl Pts',(-24.0101467818022,-3.60579669475555,59.));
#7966=CARTESIAN_POINT('Ctrl Pts',(-24.1707039893702,-3.40014340478437,60.));
#7967=CARTESIAN_POINT('Ctrl Pts',(-24.1707039893702,-3.40014340478437,59.));
#7968=CARTESIAN_POINT('Ctrl Pts',(-24.5053125770257,-2.97155251219054,60.));
#7969=CARTESIAN_POINT('Ctrl Pts',(-24.5053125770257,-2.97155251219054,59.));
#7970=CARTESIAN_POINT('Ctrl Pts',(-24.5418626103035,-2.42777890169012,60.));
#7971=CARTESIAN_POINT('Ctrl Pts',(-24.5418626103035,-2.42777890169012,59.));
#7972=CARTESIAN_POINT('Ctrl Pts',(-24.5608746260405,-2.14492738246918,60.));
#7973=CARTESIAN_POINT('Ctrl Pts',(-24.5608746260405,-2.14492738246918,59.));
#7974=CARTESIAN_POINT('',(-24.0101467818022,-3.60579669475555,60.));
#7975=CARTESIAN_POINT('Ctrl Pts',(-24.0101467818022,-3.60579669475555,60.));
#7976=CARTESIAN_POINT('Ctrl Pts',(-24.1707039893702,-3.40014340478437,60.));
#7977=CARTESIAN_POINT('Ctrl Pts',(-24.5053125770257,-2.97155251219054,60.));
#7978=CARTESIAN_POINT('Ctrl Pts',(-24.5418626103035,-2.42777890169012,60.));
#7979=CARTESIAN_POINT('Ctrl Pts',(-24.5608746260405,-2.14492738246918,60.));
#7980=CARTESIAN_POINT('',(-24.0101467818022,-3.60579669475555,59.));
#7981=CARTESIAN_POINT('',(-24.0101467818022,-3.60579669475555,60.));
#7982=CARTESIAN_POINT('Ctrl Pts',(-24.0101467818022,-3.60579669475555,59.));
#7983=CARTESIAN_POINT('Ctrl Pts',(-24.1707039893702,-3.40014340478437,59.));
#7984=CARTESIAN_POINT('Ctrl Pts',(-24.5053125770257,-2.97155251219054,59.));
#7985=CARTESIAN_POINT('Ctrl Pts',(-24.5418626103035,-2.42777890169012,59.));
#7986=CARTESIAN_POINT('Ctrl Pts',(-24.5608746260405,-2.14492738246918,59.));
#7987=CARTESIAN_POINT('Ctrl Pts',(-22.3869597166777,-4.15652215480804,60.));
#7988=CARTESIAN_POINT('Ctrl Pts',(-22.3869597166777,-4.15652215480804,59.));
#7989=CARTESIAN_POINT('Ctrl Pts',(-22.7114585845239,-4.1425646889394,60.));
#7990=CARTESIAN_POINT('Ctrl Pts',(-22.7114585845239,-4.1425646889394,59.));
#7991=CARTESIAN_POINT('Ctrl Pts',(-23.3091461391383,-4.11685672977451,60.));
#7992=CARTESIAN_POINT('Ctrl Pts',(-23.3091461391383,-4.11685672977451,59.));
#7993=CARTESIAN_POINT('Ctrl Pts',(-23.7902470579459,-3.76611318198096,60.));
#7994=CARTESIAN_POINT('Ctrl Pts',(-23.7902470579459,-3.76611318198096,59.));
#7995=CARTESIAN_POINT('Ctrl Pts',(-24.0101467818022,-3.60579669475555,60.));
#7996=CARTESIAN_POINT('Ctrl Pts',(-24.0101467818022,-3.60579669475555,59.));
#7997=CARTESIAN_POINT('',(-22.3869597166777,-4.15652215480804,60.));
#7998=CARTESIAN_POINT('Ctrl Pts',(-22.3869597166777,-4.15652215480804,60.));
#7999=CARTESIAN_POINT('Ctrl Pts',(-22.7114585845239,-4.1425646889394,60.));
#8000=CARTESIAN_POINT('Ctrl Pts',(-23.3091461391383,-4.11685672977451,60.));
#8001=CARTESIAN_POINT('Ctrl Pts',(-23.7902470579459,-3.76611318198096,60.));
#8002=CARTESIAN_POINT('Ctrl Pts',(-24.0101467818022,-3.60579669475555,60.));
#8003=CARTESIAN_POINT('',(-22.3869597166777,-4.15652215480804,59.));
#8004=CARTESIAN_POINT('',(-22.3869597166777,-4.15652215480804,60.));
#8005=CARTESIAN_POINT('Ctrl Pts',(-22.3869597166777,-4.15652215480804,59.));
#8006=CARTESIAN_POINT('Ctrl Pts',(-22.7114585845239,-4.1425646889394,59.));
#8007=CARTESIAN_POINT('Ctrl Pts',(-23.3091461391383,-4.11685672977451,59.));
#8008=CARTESIAN_POINT('Ctrl Pts',(-23.7902470579459,-3.76611318198096,59.));
#8009=CARTESIAN_POINT('Ctrl Pts',(-24.0101467818022,-3.60579669475555,59.));
#8010=CARTESIAN_POINT('Ctrl Pts',(-21.4072500914335,-4.02318894863129,60.));
#8011=CARTESIAN_POINT('Ctrl Pts',(-21.4072500914335,-4.02318894863129,59.));
#8012=CARTESIAN_POINT('Ctrl Pts',(-21.5663923649604,-4.06207642425799,60.));
#8013=CARTESIAN_POINT('Ctrl Pts',(-21.5663923649604,-4.06207642425799,59.));
#8014=CARTESIAN_POINT('Ctrl Pts',(-21.8882791973648,-4.14073161795531,60.));
#8015=CARTESIAN_POINT('Ctrl Pts',(-21.8882791973648,-4.14073161795531,59.));
#8016=CARTESIAN_POINT('Ctrl Pts',(-22.2194973058715,-4.1512195186174,60.));
#8017=CARTESIAN_POINT('Ctrl Pts',(-22.2194973058715,-4.1512195186174,59.));
#8018=CARTESIAN_POINT('Ctrl Pts',(-22.3869597166777,-4.15652215480804,60.));
#8019=CARTESIAN_POINT('Ctrl Pts',(-22.3869597166777,-4.15652215480804,59.));
#8020=CARTESIAN_POINT('',(-21.4072500914335,-4.02318894863129,60.));
#8021=CARTESIAN_POINT('Ctrl Pts',(-21.4072500914335,-4.02318894863129,60.));
#8022=CARTESIAN_POINT('Ctrl Pts',(-21.5663923649604,-4.06207642425799,60.));
#8023=CARTESIAN_POINT('Ctrl Pts',(-21.8882791973648,-4.14073161795531,60.));
#8024=CARTESIAN_POINT('Ctrl Pts',(-22.2194973058715,-4.1512195186174,60.));
#8025=CARTESIAN_POINT('Ctrl Pts',(-22.3869597166777,-4.15652215480804,60.));
#8026=CARTESIAN_POINT('',(-21.4072500914335,-4.02318894863129,59.));
#8027=CARTESIAN_POINT('',(-21.4072500914335,-4.02318894863129,60.));
#8028=CARTESIAN_POINT('Ctrl Pts',(-21.4072500914335,-4.02318894863129,59.));
#8029=CARTESIAN_POINT('Ctrl Pts',(-21.5663923649604,-4.06207642425799,59.));
#8030=CARTESIAN_POINT('Ctrl Pts',(-21.8882791973648,-4.14073161795531,59.));
#8031=CARTESIAN_POINT('Ctrl Pts',(-22.2194973058715,-4.1512195186174,59.));
#8032=CARTESIAN_POINT('Ctrl Pts',(-22.3869597166777,-4.15652215480804,59.));
#8033=CARTESIAN_POINT('Ctrl Pts',(-20.6014525145292,-3.67536246776581,60.));
#8034=CARTESIAN_POINT('Ctrl Pts',(-20.6014525145292,-3.67536246776581,59.));
#8035=CARTESIAN_POINT('Ctrl Pts',(-20.7227254182295,-3.74448805261289,60.));
#8036=CARTESIAN_POINT('Ctrl Pts',(-20.7227254182295,-3.74448805261289,59.));
#8037=CARTESIAN_POINT('Ctrl Pts',(-20.9783462109651,-3.89019196715417,60.));
#8038=CARTESIAN_POINT('Ctrl Pts',(-20.9783462109651,-3.89019196715417,59.));
#8039=CARTESIAN_POINT('Ctrl Pts',(-21.2594886592121,-3.9773702340915,60.));
#8040=CARTESIAN_POINT('Ctrl Pts',(-21.2594886592121,-3.9773702340915,59.));
#8041=CARTESIAN_POINT('Ctrl Pts',(-21.4072500914335,-4.02318894863129,60.));
#8042=CARTESIAN_POINT('Ctrl Pts',(-21.4072500914335,-4.02318894863129,59.));
#8043=CARTESIAN_POINT('',(-20.6014525145292,-3.67536246776581,60.));
#8044=CARTESIAN_POINT('Ctrl Pts',(-20.6014525145292,-3.67536246776581,60.));
#8045=CARTESIAN_POINT('Ctrl Pts',(-20.7227254182295,-3.74448805261289,60.));
#8046=CARTESIAN_POINT('Ctrl Pts',(-20.9783462109651,-3.89019196715417,60.));
#8047=CARTESIAN_POINT('Ctrl Pts',(-21.2594886592121,-3.9773702340915,60.));
#8048=CARTESIAN_POINT('Ctrl Pts',(-21.4072500914335,-4.02318894863129,60.));
#8049=CARTESIAN_POINT('',(-20.6014525145292,-3.67536246776581,59.));
#8050=CARTESIAN_POINT('',(-20.6014525145292,-3.67536246776581,60.));
#8051=CARTESIAN_POINT('Ctrl Pts',(-20.6014525145292,-3.67536246776581,59.));
#8052=CARTESIAN_POINT('Ctrl Pts',(-20.7227254182295,-3.74448805261289,59.));
#8053=CARTESIAN_POINT('Ctrl Pts',(-20.9783462109651,-3.89019196715417,59.));
#8054=CARTESIAN_POINT('Ctrl Pts',(-21.2594886592121,-3.9773702340915,59.));
#8055=CARTESIAN_POINT('Ctrl Pts',(-21.4072500914335,-4.02318894863129,59.));
#8056=CARTESIAN_POINT('Origin',(-21.0710179060698,-2.81739175319672,60.));
#8057=CARTESIAN_POINT('',(-7.91042024505793,-26.8638985503232,60.));
#8058=CARTESIAN_POINT('',(-21.0710179060698,-2.81739175319672,59.));
#8059=CARTESIAN_POINT('Origin',(-2.50000171363354,-0.69275438785553,59.));
#8060=CARTESIAN_POINT('',(-1.25000085681677,0.,59.));
#8061=CARTESIAN_POINT('Origin',(-43.181165382266,-0.243478417396545,60.));
#8062=CARTESIAN_POINT('',(-43.181165382266,0.,60.));
#8063=CARTESIAN_POINT('',(-43.181165382266,0.,59.));
#8064=CARTESIAN_POINT('',(-43.181165382266,0.,57.5));
#8065=CARTESIAN_POINT('',(-43.181165382266,-0.243478417396545,60.));
#8066=CARTESIAN_POINT('',(-43.181165382266,-5.12173920869827,60.));
#8067=CARTESIAN_POINT('',(-43.181165382266,-0.243478417396545,59.));
#8068=CARTESIAN_POINT('',(-43.181165382266,-0.243478417396545,60.));
#8069=CARTESIAN_POINT('',(-43.181165382266,-0.243478417396545,59.));
#8070=CARTESIAN_POINT('Origin',(-2.50000171363354,-0.69275438785553,59.));
#8071=CARTESIAN_POINT('',(-41.9058024138212,0.,59.));
#8072=CARTESIAN_POINT('',(-1.25000085681677,0.,59.));
#8073=CARTESIAN_POINT('',(-44.0565287321806,-0.243478417396545,59.));
#8074=CARTESIAN_POINT('',(-44.0565287321806,-0.243478417396545,59.));
#8075=CARTESIAN_POINT('',(-46.2130486220121,-0.765218138694763,59.));
#8076=CARTESIAN_POINT('Ctrl Pts',(-46.2130486220121,-0.765218138694763,
59.));
#8077=CARTESIAN_POINT('Ctrl Pts',(-45.9132564263979,-0.613535110789689,
59.));
#8078=CARTESIAN_POINT('Ctrl Pts',(-45.2380069035433,-0.27188548242566,59.));
#8079=CARTESIAN_POINT('Ctrl Pts',(-44.4787156022601,-0.253629336950953,
59.));
#8080=CARTESIAN_POINT('Ctrl Pts',(-44.0565287321806,-0.243478417396545,
59.));
#8081=CARTESIAN_POINT('',(-46.9666730612516,-2.25507318973541,59.));
#8082=CARTESIAN_POINT('Ctrl Pts',(-46.9666730612516,-2.25507318973541,59.));
#8083=CARTESIAN_POINT('Ctrl Pts',(-46.9373702544053,-1.95244079354659,59.));
#8084=CARTESIAN_POINT('Ctrl Pts',(-46.8797044519337,-1.35688214717939,59.));
#8085=CARTESIAN_POINT('Ctrl Pts',(-46.4328396316036,-0.960284954174411,
59.));
#8086=CARTESIAN_POINT('Ctrl Pts',(-46.2130486220121,-0.765218138694763,
59.));
#8087=CARTESIAN_POINT('',(-46.4275418967009,-3.63478362560272,59.));
#8088=CARTESIAN_POINT('Ctrl Pts',(-46.4275418967009,-3.63478362560272,59.));
#8089=CARTESIAN_POINT('Ctrl Pts',(-46.5847373160063,-3.44082894517873,59.));
#8090=CARTESIAN_POINT('Ctrl Pts',(-46.9103024067301,-3.0391322964625,59.));
#8091=CARTESIAN_POINT('Ctrl Pts',(-46.9474577532659,-2.52233879703886,59.));
#8092=CARTESIAN_POINT('Ctrl Pts',(-46.9666730612516,-2.25507318973541,59.));
#8093=CARTESIAN_POINT('',(-44.9550782889128,-4.15652215480804,59.));
#8094=CARTESIAN_POINT('Ctrl Pts',(-44.9550782889128,-4.15652215480804,59.));
#8095=CARTESIAN_POINT('Ctrl Pts',(-45.2434729483786,-4.1405759964695,59.));
#8096=CARTESIAN_POINT('Ctrl Pts',(-45.7872412565651,-4.11050950509313,59.));
#8097=CARTESIAN_POINT('Ctrl Pts',(-46.2229275483535,-3.7868064953648,59.));
#8098=CARTESIAN_POINT('Ctrl Pts',(-46.4275418967009,-3.63478362560272,59.));
#8099=CARTESIAN_POINT('',(-43.8536297529936,-3.94782721996307,59.));
#8100=CARTESIAN_POINT('Ctrl Pts',(-43.8536297529936,-3.94782721996307,59.));
#8101=CARTESIAN_POINT('Ctrl Pts',(-44.0297489660434,-4.00869277296463,59.));
#8102=CARTESIAN_POINT('Ctrl Pts',(-44.3866391742659,-4.13203150193209,59.));
#8103=CARTESIAN_POINT('Ctrl Pts',(-44.7639592276881,-4.14828797375712,59.));
#8104=CARTESIAN_POINT('Ctrl Pts',(-44.9550782889128,-4.15652215480804,59.));
#8105=CARTESIAN_POINT('',(-43.0014549940825,-3.30434739589691,59.));
#8106=CARTESIAN_POINT('Ctrl Pts',(-43.0014549940825,-3.30434739589691,59.));
#8107=CARTESIAN_POINT('Ctrl Pts',(-43.1215742508985,-3.43863525714136,59.));
#8108=CARTESIAN_POINT('Ctrl Pts',(-43.3633891162698,-3.70897326911848,59.));
#8109=CARTESIAN_POINT('Ctrl Pts',(-43.6895075697174,-3.86786397546595,59.));
#8110=CARTESIAN_POINT('Ctrl Pts',(-43.8536297529936,-3.94782721996307,59.));
#8111=CARTESIAN_POINT('',(-42.5144993513823,-3.90145003795624,59.));
#8112=CARTESIAN_POINT('Ctrl Pts',(-42.5144993513823,-3.90145003795624,59.));
#8113=CARTESIAN_POINT('Ctrl Pts',(-42.6168041032406,-3.82512669913343,59.));
#8114=CARTESIAN_POINT('Ctrl Pts',(-42.8287300342876,-3.6670216810691,59.));
#8115=CARTESIAN_POINT('Ctrl Pts',(-42.9425699561975,-3.42798956693937,59.));
#8116=CARTESIAN_POINT('Ctrl Pts',(-43.0014549940825,-3.30434739589691,59.));
#8117=CARTESIAN_POINT('',(-41.7318903654814,-4.15072381496429,59.));
#8118=CARTESIAN_POINT('Ctrl Pts',(-41.7318903654814,-4.15072381496429,59.));
#8119=CARTESIAN_POINT('Ctrl Pts',(-41.8749189689035,-4.12882297341667,59.));
#8120=CARTESIAN_POINT('Ctrl Pts',(-42.1490924277053,-4.0868409548965,59.));
#8121=CARTESIAN_POINT('Ctrl Pts',(-42.3962682315842,-3.96143515123672,59.));
#8122=CARTESIAN_POINT('Ctrl Pts',(-42.5144993513823,-3.90145003795624,59.));
#8123=CARTESIAN_POINT('',(-41.4420353621244,-3.26956450939178,59.));
#8124=CARTESIAN_POINT('',(-41.4420353621244,-3.26956450939178,59.));
#8125=CARTESIAN_POINT('',(-41.7956577986479,-3.02608668804169,59.));
#8126=CARTESIAN_POINT('Ctrl Pts',(-41.7956577986479,-3.02608668804169,59.));
#8127=CARTESIAN_POINT('Ctrl Pts',(-41.750795129264,-3.07762411016077,59.));
#8128=CARTESIAN_POINT('Ctrl Pts',(-41.654077694269,-3.18873134791709,59.));
#8129=CARTESIAN_POINT('Ctrl Pts',(-41.5160425141229,-3.24135206705884,59.));
#8130=CARTESIAN_POINT('Ctrl Pts',(-41.4420353621244,-3.26956450939178,59.));
#8131=CARTESIAN_POINT('',(-41.9058024138212,-2.49855101108551,59.));
#8132=CARTESIAN_POINT('Ctrl Pts',(-41.9058024138212,-2.49855101108551,59.));
#8133=CARTESIAN_POINT('Ctrl Pts',(-41.9049956694454,-2.60532981867295,59.));
#8134=CARTESIAN_POINT('Ctrl Pts',(-41.9036050079058,-2.78939454276801,59.));
#8135=CARTESIAN_POINT('Ctrl Pts',(-41.827579660338,-2.95609271620582,59.));
#8136=CARTESIAN_POINT('Ctrl Pts',(-41.7956577986479,-3.02608668804169,59.));
#8137=CARTESIAN_POINT('',(-41.9058024138212,0.231884121894836,59.));
#8138=CARTESIAN_POINT('',(-45.6043540686369,-2.19710171222687,59.));
#8139=CARTESIAN_POINT('',(-44.5608746260405,-3.20000112056732,59.));
#8140=CARTESIAN_POINT('Ctrl Pts',(-45.6043540686369,-2.19710171222687,59.));
#8141=CARTESIAN_POINT('Ctrl Pts',(-45.5581814433619,-2.48959289759953,59.));
#8142=CARTESIAN_POINT('Ctrl Pts',(-45.4643477925671,-3.08400388431207,59.));
#8143=CARTESIAN_POINT('Ctrl Pts',(-44.8652002640634,-3.16092864532383,59.));
#8144=CARTESIAN_POINT('Ctrl Pts',(-44.5608746260405,-3.20000112056732,59.));
#8145=CARTESIAN_POINT('',(-45.2101504057646,-1.3623183965683,59.));
#8146=CARTESIAN_POINT('Ctrl Pts',(-45.2101504057646,-1.3623183965683,59.));
#8147=CARTESIAN_POINT('Ctrl Pts',(-45.3251124301235,-1.47427088579441,59.));
#8148=CARTESIAN_POINT('Ctrl Pts',(-45.5599950943216,-1.70300467053467,59.));
#8149=CARTESIAN_POINT('Ctrl Pts',(-45.5893610950034,-2.03010091852478,59.));
#8150=CARTESIAN_POINT('Ctrl Pts',(-45.6043540686369,-2.19710171222687,59.));
#8151=CARTESIAN_POINT('',(-43.9000069350004,-1.0550731420517,59.));
#8152=CARTESIAN_POINT('Ctrl Pts',(-43.9000069350004,-1.0550731420517,59.));
#8153=CARTESIAN_POINT('Ctrl Pts',(-44.1679153186627,-1.05744576824615,59.));
#8154=CARTESIAN_POINT('Ctrl Pts',(-44.6303294037943,-1.06154095838567,59.));
#8155=CARTESIAN_POINT('Ctrl Pts',(-45.0384726864825,-1.27326197325278,59.));
#8156=CARTESIAN_POINT('Ctrl Pts',(-45.2101504057646,-1.3623183965683,59.));
#8157=CARTESIAN_POINT('',(-43.181165382266,-1.0550731420517,59.));
#8158=CARTESIAN_POINT('',(-43.181165382266,-1.0550731420517,59.));
#8159=CARTESIAN_POINT('',(-43.181165382266,-2.40579783916473,59.));
#8160=CARTESIAN_POINT('',(-43.181165382266,-2.40579783916473,59.));
#8161=CARTESIAN_POINT('',(-43.7898623198271,-2.99130380153656,59.));
#8162=CARTESIAN_POINT('Ctrl Pts',(-43.7898623198271,-2.99130380153656,59.));
#8163=CARTESIAN_POINT('Ctrl Pts',(-43.6700299684314,-2.91429742980342,59.));
#8164=CARTESIAN_POINT('Ctrl Pts',(-43.4286651903604,-2.75919218813091,59.));
#8165=CARTESIAN_POINT('Ctrl Pts',(-43.2640518081904,-2.52414780781002,59.));
#8166=CARTESIAN_POINT('Ctrl Pts',(-43.181165382266,-2.40579783916473,59.));
#8167=CARTESIAN_POINT('Ctrl Pts',(-44.5608746260405,-3.20000112056732,59.));
#8168=CARTESIAN_POINT('Ctrl Pts',(-44.4288068874334,-3.19052397361823,59.));
#8169=CARTESIAN_POINT('Ctrl Pts',(-44.1583866501915,-3.17111868695716,59.));
#8170=CARTESIAN_POINT('Ctrl Pts',(-43.9145924141772,-3.05216363025367,59.));
#8171=CARTESIAN_POINT('Ctrl Pts',(-43.7898623198271,-2.99130380153656,59.));
#8172=CARTESIAN_POINT('Ctrl Pts',(-45.2101504057646,-1.3623183965683,60.));
#8173=CARTESIAN_POINT('Ctrl Pts',(-45.2101504057646,-1.3623183965683,59.));
#8174=CARTESIAN_POINT('Ctrl Pts',(-45.3251124301235,-1.47427088579441,60.));
#8175=CARTESIAN_POINT('Ctrl Pts',(-45.3251124301235,-1.47427088579441,59.));
#8176=CARTESIAN_POINT('Ctrl Pts',(-45.5599950943216,-1.70300467053467,60.));
#8177=CARTESIAN_POINT('Ctrl Pts',(-45.5599950943216,-1.70300467053467,59.));
#8178=CARTESIAN_POINT('Ctrl Pts',(-45.5893610950034,-2.03010091852478,60.));
#8179=CARTESIAN_POINT('Ctrl Pts',(-45.5893610950034,-2.03010091852478,59.));
#8180=CARTESIAN_POINT('Ctrl Pts',(-45.6043540686369,-2.19710171222687,60.));
#8181=CARTESIAN_POINT('Ctrl Pts',(-45.6043540686369,-2.19710171222687,59.));
#8182=CARTESIAN_POINT('',(-45.2101504057646,-1.3623183965683,60.));
#8183=CARTESIAN_POINT('',(-45.6043540686369,-2.19710171222687,60.));
#8184=CARTESIAN_POINT('Ctrl Pts',(-45.2101504057646,-1.3623183965683,60.));
#8185=CARTESIAN_POINT('Ctrl Pts',(-45.3251124301235,-1.47427088579441,60.));
#8186=CARTESIAN_POINT('Ctrl Pts',(-45.5599950943216,-1.70300467053467,60.));
#8187=CARTESIAN_POINT('Ctrl Pts',(-45.5893610950034,-2.03010091852478,60.));
#8188=CARTESIAN_POINT('Ctrl Pts',(-45.6043540686369,-2.19710171222687,60.));
#8189=CARTESIAN_POINT('',(-45.2101504057646,-1.3623183965683,60.));
#8190=CARTESIAN_POINT('',(-45.6043540686369,-2.19710171222687,60.));
#8191=CARTESIAN_POINT('Ctrl Pts',(-43.9000069350004,-1.0550731420517,60.));
#8192=CARTESIAN_POINT('Ctrl Pts',(-43.9000069350004,-1.0550731420517,59.));
#8193=CARTESIAN_POINT('Ctrl Pts',(-44.1679153186627,-1.05744576824615,60.));
#8194=CARTESIAN_POINT('Ctrl Pts',(-44.1679153186627,-1.05744576824615,59.));
#8195=CARTESIAN_POINT('Ctrl Pts',(-44.6303294037943,-1.06154095838567,60.));
#8196=CARTESIAN_POINT('Ctrl Pts',(-44.6303294037943,-1.06154095838567,59.));
#8197=CARTESIAN_POINT('Ctrl Pts',(-45.0384726864825,-1.27326197325278,60.));
#8198=CARTESIAN_POINT('Ctrl Pts',(-45.0384726864825,-1.27326197325278,59.));
#8199=CARTESIAN_POINT('Ctrl Pts',(-45.2101504057646,-1.3623183965683,60.));
#8200=CARTESIAN_POINT('Ctrl Pts',(-45.2101504057646,-1.3623183965683,59.));
#8201=CARTESIAN_POINT('',(-43.9000069350004,-1.0550731420517,60.));
#8202=CARTESIAN_POINT('Ctrl Pts',(-43.9000069350004,-1.0550731420517,60.));
#8203=CARTESIAN_POINT('Ctrl Pts',(-44.1679153186627,-1.05744576824615,60.));
#8204=CARTESIAN_POINT('Ctrl Pts',(-44.6303294037943,-1.06154095838567,60.));
#8205=CARTESIAN_POINT('Ctrl Pts',(-45.0384726864825,-1.27326197325278,60.));
#8206=CARTESIAN_POINT('Ctrl Pts',(-45.2101504057646,-1.3623183965683,60.));
#8207=CARTESIAN_POINT('',(-43.9000069350004,-1.0550731420517,60.));
#8208=CARTESIAN_POINT('Origin',(-43.181165382266,-1.0550731420517,60.));
#8209=CARTESIAN_POINT('',(-43.181165382266,-1.0550731420517,60.));
#8210=CARTESIAN_POINT('',(18.409417308867,-1.0550731420517,60.));
#8211=CARTESIAN_POINT('',(-43.181165382266,-1.0550731420517,60.));
#8212=CARTESIAN_POINT('Origin',(-43.181165382266,-2.40579783916473,60.));
#8213=CARTESIAN_POINT('',(-43.181165382266,-2.40579783916473,60.));
#8214=CARTESIAN_POINT('',(-43.181165382266,-6.20289891958237,60.));
#8215=CARTESIAN_POINT('',(-43.181165382266,-2.40579783916473,60.));
#8216=CARTESIAN_POINT('Ctrl Pts',(-43.7898623198271,-2.99130380153656,60.));
#8217=CARTESIAN_POINT('Ctrl Pts',(-43.7898623198271,-2.99130380153656,59.));
#8218=CARTESIAN_POINT('Ctrl Pts',(-43.6700299684314,-2.91429742980342,60.));
#8219=CARTESIAN_POINT('Ctrl Pts',(-43.6700299684314,-2.91429742980342,59.));
#8220=CARTESIAN_POINT('Ctrl Pts',(-43.4286651903604,-2.75919218813091,60.));
#8221=CARTESIAN_POINT('Ctrl Pts',(-43.4286651903604,-2.75919218813091,59.));
#8222=CARTESIAN_POINT('Ctrl Pts',(-43.2640518081904,-2.52414780781002,60.));
#8223=CARTESIAN_POINT('Ctrl Pts',(-43.2640518081904,-2.52414780781002,59.));
#8224=CARTESIAN_POINT('Ctrl Pts',(-43.181165382266,-2.40579783916473,60.));
#8225=CARTESIAN_POINT('Ctrl Pts',(-43.181165382266,-2.40579783916473,59.));
#8226=CARTESIAN_POINT('',(-43.7898623198271,-2.99130380153656,60.));
#8227=CARTESIAN_POINT('Ctrl Pts',(-43.7898623198271,-2.99130380153656,60.));
#8228=CARTESIAN_POINT('Ctrl Pts',(-43.6700299684314,-2.91429742980342,60.));
#8229=CARTESIAN_POINT('Ctrl Pts',(-43.4286651903604,-2.75919218813091,60.));
#8230=CARTESIAN_POINT('Ctrl Pts',(-43.2640518081904,-2.52414780781002,60.));
#8231=CARTESIAN_POINT('Ctrl Pts',(-43.181165382266,-2.40579783916473,60.));
#8232=CARTESIAN_POINT('',(-43.7898623198271,-2.99130380153656,60.));
#8233=CARTESIAN_POINT('Ctrl Pts',(-44.5608746260405,-3.20000112056732,60.));
#8234=CARTESIAN_POINT('Ctrl Pts',(-44.5608746260405,-3.20000112056732,59.));
#8235=CARTESIAN_POINT('Ctrl Pts',(-44.4288068874334,-3.19052397361823,60.));
#8236=CARTESIAN_POINT('Ctrl Pts',(-44.4288068874334,-3.19052397361823,59.));
#8237=CARTESIAN_POINT('Ctrl Pts',(-44.1583866501915,-3.17111868695716,60.));
#8238=CARTESIAN_POINT('Ctrl Pts',(-44.1583866501915,-3.17111868695716,59.));
#8239=CARTESIAN_POINT('Ctrl Pts',(-43.9145924141772,-3.05216363025367,60.));
#8240=CARTESIAN_POINT('Ctrl Pts',(-43.9145924141772,-3.05216363025367,59.));
#8241=CARTESIAN_POINT('Ctrl Pts',(-43.7898623198271,-2.99130380153656,60.));
#8242=CARTESIAN_POINT('Ctrl Pts',(-43.7898623198271,-2.99130380153656,59.));
#8243=CARTESIAN_POINT('',(-44.5608746260405,-3.20000112056732,60.));
#8244=CARTESIAN_POINT('Ctrl Pts',(-44.5608746260405,-3.20000112056732,60.));
#8245=CARTESIAN_POINT('Ctrl Pts',(-44.4288068874334,-3.19052397361823,60.));
#8246=CARTESIAN_POINT('Ctrl Pts',(-44.1583866501915,-3.17111868695716,60.));
#8247=CARTESIAN_POINT('Ctrl Pts',(-43.9145924141772,-3.05216363025367,60.));
#8248=CARTESIAN_POINT('Ctrl Pts',(-43.7898623198271,-2.99130380153656,60.));
#8249=CARTESIAN_POINT('',(-44.5608746260405,-3.20000112056732,60.));
#8250=CARTESIAN_POINT('Ctrl Pts',(-45.6043540686369,-2.19710171222687,60.));
#8251=CARTESIAN_POINT('Ctrl Pts',(-45.6043540686369,-2.19710171222687,59.));
#8252=CARTESIAN_POINT('Ctrl Pts',(-45.5581814433619,-2.48959289759953,60.));
#8253=CARTESIAN_POINT('Ctrl Pts',(-45.5581814433619,-2.48959289759953,59.));
#8254=CARTESIAN_POINT('Ctrl Pts',(-45.4643477925671,-3.08400388431207,60.));
#8255=CARTESIAN_POINT('Ctrl Pts',(-45.4643477925671,-3.08400388431207,59.));
#8256=CARTESIAN_POINT('Ctrl Pts',(-44.8652002640634,-3.16092864532383,60.));
#8257=CARTESIAN_POINT('Ctrl Pts',(-44.8652002640634,-3.16092864532383,59.));
#8258=CARTESIAN_POINT('Ctrl Pts',(-44.5608746260405,-3.20000112056732,60.));
#8259=CARTESIAN_POINT('Ctrl Pts',(-44.5608746260405,-3.20000112056732,59.));
#8260=CARTESIAN_POINT('Ctrl Pts',(-45.6043540686369,-2.19710171222687,60.));
#8261=CARTESIAN_POINT('Ctrl Pts',(-45.5581814433619,-2.48959289759953,60.));
#8262=CARTESIAN_POINT('Ctrl Pts',(-45.4643477925671,-3.08400388431207,60.));
#8263=CARTESIAN_POINT('Ctrl Pts',(-44.8652002640634,-3.16092864532383,60.));
#8264=CARTESIAN_POINT('Ctrl Pts',(-44.5608746260405,-3.20000112056732,60.));
#8265=CARTESIAN_POINT('Origin',(-44.0565287321806,-0.243478417396545,60.));
#8266=CARTESIAN_POINT('',(-44.0565287321806,-0.243478417396545,60.));
#8267=CARTESIAN_POINT('',(17.9717356339097,-0.243478417396545,60.));
#8268=CARTESIAN_POINT('',(-44.0565287321806,-0.243478417396545,60.));
#8269=CARTESIAN_POINT('Ctrl Pts',(-46.2130486220121,-0.765218138694763,
60.));
#8270=CARTESIAN_POINT('Ctrl Pts',(-46.2130486220121,-0.765218138694763,
59.));
#8271=CARTESIAN_POINT('Ctrl Pts',(-45.9132564263979,-0.613535110789689,
60.));
#8272=CARTESIAN_POINT('Ctrl Pts',(-45.9132564263979,-0.613535110789689,
59.));
#8273=CARTESIAN_POINT('Ctrl Pts',(-45.2380069035433,-0.27188548242566,60.));
#8274=CARTESIAN_POINT('Ctrl Pts',(-45.2380069035433,-0.27188548242566,59.));
#8275=CARTESIAN_POINT('Ctrl Pts',(-44.4787156022601,-0.253629336950953,
60.));
#8276=CARTESIAN_POINT('Ctrl Pts',(-44.4787156022601,-0.253629336950953,
59.));
#8277=CARTESIAN_POINT('Ctrl Pts',(-44.0565287321806,-0.243478417396545,
60.));
#8278=CARTESIAN_POINT('Ctrl Pts',(-44.0565287321806,-0.243478417396545,
59.));
#8279=CARTESIAN_POINT('',(-46.2130486220121,-0.765218138694763,60.));
#8280=CARTESIAN_POINT('Ctrl Pts',(-46.2130486220121,-0.765218138694763,
60.));
#8281=CARTESIAN_POINT('Ctrl Pts',(-45.9132564263979,-0.613535110789689,
60.));
#8282=CARTESIAN_POINT('Ctrl Pts',(-45.2380069035433,-0.27188548242566,60.));
#8283=CARTESIAN_POINT('Ctrl Pts',(-44.4787156022601,-0.253629336950953,
60.));
#8284=CARTESIAN_POINT('Ctrl Pts',(-44.0565287321806,-0.243478417396545,
60.));
#8285=CARTESIAN_POINT('',(-46.2130486220121,-0.765218138694763,60.));
#8286=CARTESIAN_POINT('Ctrl Pts',(-46.9666730612516,-2.25507318973541,60.));
#8287=CARTESIAN_POINT('Ctrl Pts',(-46.9666730612516,-2.25507318973541,59.));
#8288=CARTESIAN_POINT('Ctrl Pts',(-46.9373702544053,-1.95244079354659,60.));
#8289=CARTESIAN_POINT('Ctrl Pts',(-46.9373702544053,-1.95244079354659,59.));
#8290=CARTESIAN_POINT('Ctrl Pts',(-46.8797044519337,-1.35688214717939,60.));
#8291=CARTESIAN_POINT('Ctrl Pts',(-46.8797044519337,-1.35688214717939,59.));
#8292=CARTESIAN_POINT('Ctrl Pts',(-46.4328396316036,-0.960284954174411,
60.));
#8293=CARTESIAN_POINT('Ctrl Pts',(-46.4328396316036,-0.960284954174411,
59.));
#8294=CARTESIAN_POINT('Ctrl Pts',(-46.2130486220121,-0.765218138694763,
60.));
#8295=CARTESIAN_POINT('Ctrl Pts',(-46.2130486220121,-0.765218138694763,
59.));
#8296=CARTESIAN_POINT('',(-46.9666730612516,-2.25507318973541,60.));
#8297=CARTESIAN_POINT('Ctrl Pts',(-46.9666730612516,-2.25507318973541,60.));
#8298=CARTESIAN_POINT('Ctrl Pts',(-46.9373702544053,-1.95244079354659,60.));
#8299=CARTESIAN_POINT('Ctrl Pts',(-46.8797044519337,-1.35688214717939,60.));
#8300=CARTESIAN_POINT('Ctrl Pts',(-46.4328396316036,-0.960284954174411,
60.));
#8301=CARTESIAN_POINT('Ctrl Pts',(-46.2130486220121,-0.765218138694763,
60.));
#8302=CARTESIAN_POINT('',(-46.9666730612516,-2.25507318973541,60.));
#8303=CARTESIAN_POINT('Ctrl Pts',(-46.4275418967009,-3.63478362560272,60.));
#8304=CARTESIAN_POINT('Ctrl Pts',(-46.4275418967009,-3.63478362560272,59.));
#8305=CARTESIAN_POINT('Ctrl Pts',(-46.5847373160063,-3.44082894517873,60.));
#8306=CARTESIAN_POINT('Ctrl Pts',(-46.5847373160063,-3.44082894517873,59.));
#8307=CARTESIAN_POINT('Ctrl Pts',(-46.9103024067301,-3.0391322964625,60.));
#8308=CARTESIAN_POINT('Ctrl Pts',(-46.9103024067301,-3.0391322964625,59.));
#8309=CARTESIAN_POINT('Ctrl Pts',(-46.9474577532659,-2.52233879703886,60.));
#8310=CARTESIAN_POINT('Ctrl Pts',(-46.9474577532659,-2.52233879703886,59.));
#8311=CARTESIAN_POINT('Ctrl Pts',(-46.9666730612516,-2.25507318973541,60.));
#8312=CARTESIAN_POINT('Ctrl Pts',(-46.9666730612516,-2.25507318973541,59.));
#8313=CARTESIAN_POINT('',(-46.4275418967009,-3.63478362560272,60.));
#8314=CARTESIAN_POINT('Ctrl Pts',(-46.4275418967009,-3.63478362560272,60.));
#8315=CARTESIAN_POINT('Ctrl Pts',(-46.5847373160063,-3.44082894517873,60.));
#8316=CARTESIAN_POINT('Ctrl Pts',(-46.9103024067301,-3.0391322964625,60.));
#8317=CARTESIAN_POINT('Ctrl Pts',(-46.9474577532659,-2.52233879703886,60.));
#8318=CARTESIAN_POINT('Ctrl Pts',(-46.9666730612516,-2.25507318973541,60.));
#8319=CARTESIAN_POINT('',(-46.4275418967009,-3.63478362560272,60.));
#8320=CARTESIAN_POINT('Ctrl Pts',(-44.9550782889128,-4.15652215480804,60.));
#8321=CARTESIAN_POINT('Ctrl Pts',(-44.9550782889128,-4.15652215480804,59.));
#8322=CARTESIAN_POINT('Ctrl Pts',(-45.2434729483786,-4.1405759964695,60.));
#8323=CARTESIAN_POINT('Ctrl Pts',(-45.2434729483786,-4.1405759964695,59.));
#8324=CARTESIAN_POINT('Ctrl Pts',(-45.7872412565651,-4.11050950509313,60.));
#8325=CARTESIAN_POINT('Ctrl Pts',(-45.7872412565651,-4.11050950509313,59.));
#8326=CARTESIAN_POINT('Ctrl Pts',(-46.2229275483535,-3.7868064953648,60.));
#8327=CARTESIAN_POINT('Ctrl Pts',(-46.2229275483535,-3.7868064953648,59.));
#8328=CARTESIAN_POINT('Ctrl Pts',(-46.4275418967009,-3.63478362560272,60.));
#8329=CARTESIAN_POINT('Ctrl Pts',(-46.4275418967009,-3.63478362560272,59.));
#8330=CARTESIAN_POINT('',(-44.9550782889128,-4.15652215480804,60.));
#8331=CARTESIAN_POINT('Ctrl Pts',(-44.9550782889128,-4.15652215480804,60.));
#8332=CARTESIAN_POINT('Ctrl Pts',(-45.2434729483786,-4.1405759964695,60.));
#8333=CARTESIAN_POINT('Ctrl Pts',(-45.7872412565651,-4.11050950509313,60.));
#8334=CARTESIAN_POINT('Ctrl Pts',(-46.2229275483535,-3.7868064953648,60.));
#8335=CARTESIAN_POINT('Ctrl Pts',(-46.4275418967009,-3.63478362560272,60.));
#8336=CARTESIAN_POINT('',(-44.9550782889128,-4.15652215480804,60.));
#8337=CARTESIAN_POINT('Ctrl Pts',(-43.8536297529936,-3.94782721996307,60.));
#8338=CARTESIAN_POINT('Ctrl Pts',(-43.8536297529936,-3.94782721996307,59.));
#8339=CARTESIAN_POINT('Ctrl Pts',(-44.0297489660434,-4.00869277296463,60.));
#8340=CARTESIAN_POINT('Ctrl Pts',(-44.0297489660434,-4.00869277296463,59.));
#8341=CARTESIAN_POINT('Ctrl Pts',(-44.3866391742659,-4.13203150193209,60.));
#8342=CARTESIAN_POINT('Ctrl Pts',(-44.3866391742659,-4.13203150193209,59.));
#8343=CARTESIAN_POINT('Ctrl Pts',(-44.7639592276881,-4.14828797375712,60.));
#8344=CARTESIAN_POINT('Ctrl Pts',(-44.7639592276881,-4.14828797375712,59.));
#8345=CARTESIAN_POINT('Ctrl Pts',(-44.9550782889128,-4.15652215480804,60.));
#8346=CARTESIAN_POINT('Ctrl Pts',(-44.9550782889128,-4.15652215480804,59.));
#8347=CARTESIAN_POINT('',(-43.8536297529936,-3.94782721996307,60.));
#8348=CARTESIAN_POINT('Ctrl Pts',(-43.8536297529936,-3.94782721996307,60.));
#8349=CARTESIAN_POINT('Ctrl Pts',(-44.0297489660434,-4.00869277296463,60.));
#8350=CARTESIAN_POINT('Ctrl Pts',(-44.3866391742659,-4.13203150193209,60.));
#8351=CARTESIAN_POINT('Ctrl Pts',(-44.7639592276881,-4.14828797375712,60.));
#8352=CARTESIAN_POINT('Ctrl Pts',(-44.9550782889128,-4.15652215480804,60.));
#8353=CARTESIAN_POINT('',(-43.8536297529936,-3.94782721996307,60.));
#8354=CARTESIAN_POINT('Ctrl Pts',(-43.0014549940825,-3.30434739589691,60.));
#8355=CARTESIAN_POINT('Ctrl Pts',(-43.0014549940825,-3.30434739589691,59.));
#8356=CARTESIAN_POINT('Ctrl Pts',(-43.1215742508985,-3.43863525714136,60.));
#8357=CARTESIAN_POINT('Ctrl Pts',(-43.1215742508985,-3.43863525714136,59.));
#8358=CARTESIAN_POINT('Ctrl Pts',(-43.3633891162698,-3.70897326911848,60.));
#8359=CARTESIAN_POINT('Ctrl Pts',(-43.3633891162698,-3.70897326911848,59.));
#8360=CARTESIAN_POINT('Ctrl Pts',(-43.6895075697174,-3.86786397546595,60.));
#8361=CARTESIAN_POINT('Ctrl Pts',(-43.6895075697174,-3.86786397546595,59.));
#8362=CARTESIAN_POINT('Ctrl Pts',(-43.8536297529936,-3.94782721996307,60.));
#8363=CARTESIAN_POINT('Ctrl Pts',(-43.8536297529936,-3.94782721996307,59.));
#8364=CARTESIAN_POINT('',(-43.0014549940825,-3.30434739589691,60.));
#8365=CARTESIAN_POINT('Ctrl Pts',(-43.0014549940825,-3.30434739589691,60.));
#8366=CARTESIAN_POINT('Ctrl Pts',(-43.1215742508985,-3.43863525714136,60.));
#8367=CARTESIAN_POINT('Ctrl Pts',(-43.3633891162698,-3.70897326911848,60.));
#8368=CARTESIAN_POINT('Ctrl Pts',(-43.6895075697174,-3.86786397546595,60.));
#8369=CARTESIAN_POINT('Ctrl Pts',(-43.8536297529936,-3.94782721996307,60.));
#8370=CARTESIAN_POINT('',(-43.0014549940825,-3.30434739589691,60.));
#8371=CARTESIAN_POINT('Ctrl Pts',(-42.5144993513823,-3.90145003795624,60.));
#8372=CARTESIAN_POINT('Ctrl Pts',(-42.5144993513823,-3.90145003795624,59.));
#8373=CARTESIAN_POINT('Ctrl Pts',(-42.6168041032406,-3.82512669913343,60.));
#8374=CARTESIAN_POINT('Ctrl Pts',(-42.6168041032406,-3.82512669913343,59.));
#8375=CARTESIAN_POINT('Ctrl Pts',(-42.8287300342876,-3.6670216810691,60.));
#8376=CARTESIAN_POINT('Ctrl Pts',(-42.8287300342876,-3.6670216810691,59.));
#8377=CARTESIAN_POINT('Ctrl Pts',(-42.9425699561975,-3.42798956693937,60.));
#8378=CARTESIAN_POINT('Ctrl Pts',(-42.9425699561975,-3.42798956693937,59.));
#8379=CARTESIAN_POINT('Ctrl Pts',(-43.0014549940825,-3.30434739589691,60.));
#8380=CARTESIAN_POINT('Ctrl Pts',(-43.0014549940825,-3.30434739589691,59.));
#8381=CARTESIAN_POINT('',(-42.5144993513823,-3.90145003795624,60.));
#8382=CARTESIAN_POINT('Ctrl Pts',(-42.5144993513823,-3.90145003795624,60.));
#8383=CARTESIAN_POINT('Ctrl Pts',(-42.6168041032406,-3.82512669913343,60.));
#8384=CARTESIAN_POINT('Ctrl Pts',(-42.8287300342876,-3.6670216810691,60.));
#8385=CARTESIAN_POINT('Ctrl Pts',(-42.9425699561975,-3.42798956693937,60.));
#8386=CARTESIAN_POINT('Ctrl Pts',(-43.0014549940825,-3.30434739589691,60.));
#8387=CARTESIAN_POINT('',(-42.5144993513823,-3.90145003795624,60.));
#8388=CARTESIAN_POINT('Ctrl Pts',(-41.7318903654814,-4.15072381496429,60.));
#8389=CARTESIAN_POINT('Ctrl Pts',(-41.7318903654814,-4.15072381496429,59.));
#8390=CARTESIAN_POINT('Ctrl Pts',(-41.8749189689035,-4.12882297341667,60.));
#8391=CARTESIAN_POINT('Ctrl Pts',(-41.8749189689035,-4.12882297341667,59.));
#8392=CARTESIAN_POINT('Ctrl Pts',(-42.1490924277053,-4.0868409548965,60.));
#8393=CARTESIAN_POINT('Ctrl Pts',(-42.1490924277053,-4.0868409548965,59.));
#8394=CARTESIAN_POINT('Ctrl Pts',(-42.3962682315842,-3.96143515123672,60.));
#8395=CARTESIAN_POINT('Ctrl Pts',(-42.3962682315842,-3.96143515123672,59.));
#8396=CARTESIAN_POINT('Ctrl Pts',(-42.5144993513823,-3.90145003795624,60.));
#8397=CARTESIAN_POINT('Ctrl Pts',(-42.5144993513823,-3.90145003795624,59.));
#8398=CARTESIAN_POINT('',(-41.7318903654814,-4.15072381496429,60.));
#8399=CARTESIAN_POINT('Ctrl Pts',(-41.7318903654814,-4.15072381496429,60.));
#8400=CARTESIAN_POINT('Ctrl Pts',(-41.8749189689035,-4.12882297341667,60.));
#8401=CARTESIAN_POINT('Ctrl Pts',(-42.1490924277053,-4.0868409548965,60.));
#8402=CARTESIAN_POINT('Ctrl Pts',(-42.3962682315842,-3.96143515123672,60.));
#8403=CARTESIAN_POINT('Ctrl Pts',(-42.5144993513823,-3.90145003795624,60.));
#8404=CARTESIAN_POINT('',(-41.7318903654814,-4.15072381496429,60.));
#8405=CARTESIAN_POINT('Origin',(-41.4420353621244,-3.26956450939178,60.));
#8406=CARTESIAN_POINT('',(-41.4420353621244,-3.26956450939178,60.));
#8407=CARTESIAN_POINT('',(-36.5120688758255,11.7175352310033,60.));
#8408=CARTESIAN_POINT('',(-41.4420353621244,-3.26956450939178,60.));
#8409=CARTESIAN_POINT('Ctrl Pts',(-41.7956577986479,-3.02608668804169,60.));
#8410=CARTESIAN_POINT('Ctrl Pts',(-41.7956577986479,-3.02608668804169,59.));
#8411=CARTESIAN_POINT('Ctrl Pts',(-41.750795129264,-3.07762411016077,60.));
#8412=CARTESIAN_POINT('Ctrl Pts',(-41.750795129264,-3.07762411016077,59.));
#8413=CARTESIAN_POINT('Ctrl Pts',(-41.654077694269,-3.18873134791709,60.));
#8414=CARTESIAN_POINT('Ctrl Pts',(-41.654077694269,-3.18873134791709,59.));
#8415=CARTESIAN_POINT('Ctrl Pts',(-41.5160425141229,-3.24135206705884,60.));
#8416=CARTESIAN_POINT('Ctrl Pts',(-41.5160425141229,-3.24135206705884,59.));
#8417=CARTESIAN_POINT('Ctrl Pts',(-41.4420353621244,-3.26956450939178,60.));
#8418=CARTESIAN_POINT('Ctrl Pts',(-41.4420353621244,-3.26956450939178,59.));
#8419=CARTESIAN_POINT('',(-41.7956577986479,-3.02608668804169,60.));
#8420=CARTESIAN_POINT('Ctrl Pts',(-41.7956577986479,-3.02608668804169,60.));
#8421=CARTESIAN_POINT('Ctrl Pts',(-41.750795129264,-3.07762411016077,60.));
#8422=CARTESIAN_POINT('Ctrl Pts',(-41.654077694269,-3.18873134791709,60.));
#8423=CARTESIAN_POINT('Ctrl Pts',(-41.5160425141229,-3.24135206705884,60.));
#8424=CARTESIAN_POINT('Ctrl Pts',(-41.4420353621244,-3.26956450939178,60.));
#8425=CARTESIAN_POINT('',(-41.7956577986479,-3.02608668804169,60.));
#8426=CARTESIAN_POINT('Ctrl Pts',(-41.9058024138212,-2.49855101108551,60.));
#8427=CARTESIAN_POINT('Ctrl Pts',(-41.9058024138212,-2.49855101108551,59.));
#8428=CARTESIAN_POINT('Ctrl Pts',(-41.9049956694454,-2.60532981867295,60.));
#8429=CARTESIAN_POINT('Ctrl Pts',(-41.9049956694454,-2.60532981867295,59.));
#8430=CARTESIAN_POINT('Ctrl Pts',(-41.9036050079058,-2.78939454276801,60.));
#8431=CARTESIAN_POINT('Ctrl Pts',(-41.9036050079058,-2.78939454276801,59.));
#8432=CARTESIAN_POINT('Ctrl Pts',(-41.827579660338,-2.95609271620582,60.));
#8433=CARTESIAN_POINT('Ctrl Pts',(-41.827579660338,-2.95609271620582,59.));
#8434=CARTESIAN_POINT('Ctrl Pts',(-41.7956577986479,-3.02608668804169,60.));
#8435=CARTESIAN_POINT('Ctrl Pts',(-41.7956577986479,-3.02608668804169,59.));
#8436=CARTESIAN_POINT('',(-41.9058024138212,-2.49855101108551,60.));
#8437=CARTESIAN_POINT('Ctrl Pts',(-41.9058024138212,-2.49855101108551,60.));
#8438=CARTESIAN_POINT('Ctrl Pts',(-41.9049956694454,-2.60532981867295,60.));
#8439=CARTESIAN_POINT('Ctrl Pts',(-41.9036050079058,-2.78939454276801,60.));
#8440=CARTESIAN_POINT('Ctrl Pts',(-41.827579660338,-2.95609271620582,60.));
#8441=CARTESIAN_POINT('Ctrl Pts',(-41.7956577986479,-3.02608668804169,60.));
#8442=CARTESIAN_POINT('',(-41.9058024138212,-2.49855101108551,60.));
#8443=CARTESIAN_POINT('Origin',(-41.9058024138212,0.231884121894836,60.));
#8444=CARTESIAN_POINT('',(-41.9058024138212,0.,60.));
#8445=CARTESIAN_POINT('',(-41.9058024138212,0.,57.5));
#8446=CARTESIAN_POINT('',(-41.9058024138212,-4.88405793905258,60.));
#8447=CARTESIAN_POINT('Ctrl Pts',(-59.4014560431242,0.121739506721497,60.));
#8448=CARTESIAN_POINT('Ctrl Pts',(-59.4014560431242,0.121739506721497,59.));
#8449=CARTESIAN_POINT('Ctrl Pts',(-59.3913015388029,-0.0584549754810393,
60.));
#8450=CARTESIAN_POINT('Ctrl Pts',(-59.3913015388029,-0.0584549754810393,
59.));
#8451=CARTESIAN_POINT('Ctrl Pts',(-59.3720375007845,-0.400300647709331,
60.));
#8452=CARTESIAN_POINT('Ctrl Pts',(-59.3720375007845,-0.400300647709331,
59.));
#8453=CARTESIAN_POINT('Ctrl Pts',(-59.1755355136469,-0.679545479209827,
60.));
#8454=CARTESIAN_POINT('Ctrl Pts',(-59.1755355136469,-0.679545479209827,
59.));
#8455=CARTESIAN_POINT('Ctrl Pts',(-59.0826141089201,-0.811594128608704,
60.));
#8456=CARTESIAN_POINT('Ctrl Pts',(-59.0826141089201,-0.811594128608704,
59.));
#8457=CARTESIAN_POINT('',(-59.3940191791425,-6.50521303491303E-18,59.));
#8458=CARTESIAN_POINT('',(-59.3940191791425,-6.50521303491303E-18,60.));
#8459=CARTESIAN_POINT('Ctrl Pts',(-59.3940191791425,2.16840434497101E-17,
59.));
#8460=CARTESIAN_POINT('Ctrl Pts',(-59.3940191791425,2.16840434497101E-17,
59.1666666666667));
#8461=CARTESIAN_POINT('Ctrl Pts',(-59.3940191791425,2.16840434497101E-17,
59.3333333333333));
#8462=CARTESIAN_POINT('Ctrl Pts',(-59.3940191791425,2.16840434497101E-17,
59.6666666666667));
#8463=CARTESIAN_POINT('Ctrl Pts',(-59.3940191791425,2.16840434497101E-17,
59.8333333333333));
#8464=CARTESIAN_POINT('Ctrl Pts',(-59.3940191791425,2.16840434497101E-17,
60.));
#8465=CARTESIAN_POINT('',(-59.0826141089201,-0.811594128608704,59.));
#8466=CARTESIAN_POINT('Ctrl Pts',(-59.3940191791425,-1.30104260698261E-17,
59.));
#8467=CARTESIAN_POINT('Ctrl Pts',(-59.3842146806695,-0.138862697138336,
59.));
#8468=CARTESIAN_POINT('Ctrl Pts',(-59.348672879181,-0.433503618924911,59.));
#8469=CARTESIAN_POINT('Ctrl Pts',(-59.1755355136469,-0.679545479209827,
59.));
#8470=CARTESIAN_POINT('Ctrl Pts',(-59.0826141089201,-0.811594128608704,
59.));
#8471=CARTESIAN_POINT('',(-59.0826141089201,-0.811594128608704,60.));
#8472=CARTESIAN_POINT('',(-59.0826141089201,-0.811594128608704,60.));
#8473=CARTESIAN_POINT('Ctrl Pts',(-59.3940191791425,-6.50521303491303E-18,
60.));
#8474=CARTESIAN_POINT('Ctrl Pts',(-59.3842146806695,-0.138862697138302,
60.));
#8475=CARTESIAN_POINT('Ctrl Pts',(-59.348672879181,-0.433503618924937,60.));
#8476=CARTESIAN_POINT('Ctrl Pts',(-59.1755355136469,-0.679545479209827,
60.));
#8477=CARTESIAN_POINT('Ctrl Pts',(-59.0826141089201,-0.811594128608704,
60.));
#8478=CARTESIAN_POINT('Ctrl Pts',(-57.2623240202665,-0.823188424110413,
60.));
#8479=CARTESIAN_POINT('Ctrl Pts',(-57.2623240202665,-0.823188424110413,
59.));
#8480=CARTESIAN_POINT('Ctrl Pts',(-57.1728805040084,-0.691723189702045,
60.));
#8481=CARTESIAN_POINT('Ctrl Pts',(-57.1728805040084,-0.691723189702045,
59.));
#8482=CARTESIAN_POINT('Ctrl Pts',(-56.9774206111009,-0.404433716819703,
60.));
#8483=CARTESIAN_POINT('Ctrl Pts',(-56.9774206111009,-0.404433716819703,
59.));
#8484=CARTESIAN_POINT('Ctrl Pts',(-56.9629354421485,-0.0557761530395373,
60.));
#8485=CARTESIAN_POINT('Ctrl Pts',(-56.9629354421485,-0.0557761530395373,
59.));
#8486=CARTESIAN_POINT('Ctrl Pts',(-56.9550787657499,0.133333802223206,60.));
#8487=CARTESIAN_POINT('Ctrl Pts',(-56.9550787657499,0.133333802223206,59.));
#8488=CARTESIAN_POINT('',(-56.9613227842579,2.60208521396521E-17,60.));
#8489=CARTESIAN_POINT('',(-56.9613227842579,2.60208521396521E-17,59.));
#8490=CARTESIAN_POINT('Ctrl Pts',(-56.9613227842579,5.20417042793042E-17,
60.));
#8491=CARTESIAN_POINT('Ctrl Pts',(-56.9613227842579,5.20417042793042E-17,
59.8333333333333));
#8492=CARTESIAN_POINT('Ctrl Pts',(-56.9613227842579,5.20417042793042E-17,
59.6666666666667));
#8493=CARTESIAN_POINT('Ctrl Pts',(-56.9613227842579,5.20417042793042E-17,
59.3333333333333));
#8494=CARTESIAN_POINT('Ctrl Pts',(-56.9613227842579,5.20417042793042E-17,
59.1666666666667));
#8495=CARTESIAN_POINT('Ctrl Pts',(-56.9613227842579,5.20417042793042E-17,
59.));
#8496=CARTESIAN_POINT('',(-57.2623240202665,-0.823188424110413,60.));
#8497=CARTESIAN_POINT('Ctrl Pts',(-57.2623240202665,-0.823188424110413,
60.));
#8498=CARTESIAN_POINT('Ctrl Pts',(-57.1728805040084,-0.691723189702045,
60.));
#8499=CARTESIAN_POINT('Ctrl Pts',(-57.002380595757,-0.441120224360215,60.));
#8500=CARTESIAN_POINT('Ctrl Pts',(-56.969586067869,-0.143821697811839,60.));
#8501=CARTESIAN_POINT('Ctrl Pts',(-56.9613227842579,2.60208521396521E-17,
60.));
#8502=CARTESIAN_POINT('',(-57.2623240202665,-0.823188424110413,59.));
#8503=CARTESIAN_POINT('',(-57.2623240202665,-0.823188424110413,60.));
#8504=CARTESIAN_POINT('Ctrl Pts',(-57.2623240202665,-0.823188424110413,
59.));
#8505=CARTESIAN_POINT('Ctrl Pts',(-57.1728805040084,-0.691723189702045,
59.));
#8506=CARTESIAN_POINT('Ctrl Pts',(-57.002380595757,-0.441120224360167,59.));
#8507=CARTESIAN_POINT('Ctrl Pts',(-56.969586067869,-0.143821697811899,59.));
#8508=CARTESIAN_POINT('Ctrl Pts',(-56.9613227842579,5.20417042793042E-17,
59.));
#8509=CARTESIAN_POINT('Origin',(-2.50000171363354,-0.69275438785553,59.));
#8510=CARTESIAN_POINT('',(-60.7181117786467,2.16840434497101E-17,59.));
#8511=CARTESIAN_POINT('',(-1.25000085681677,0.,59.));
#8512=CARTESIAN_POINT('',(-60.4739176481962,-0.898551344871521,59.));
#8513=CARTESIAN_POINT('Ctrl Pts',(-60.4739176481962,-0.898551344871521,
59.));
#8514=CARTESIAN_POINT('Ctrl Pts',(-60.5465707912748,-0.747559207384128,
59.));
#8515=CARTESIAN_POINT('Ctrl Pts',(-60.6838442778828,-0.462269180208478,
59.));
#8516=CARTESIAN_POINT('Ctrl Pts',(-60.7104404670658,-0.148798336240408,
59.));
#8517=CARTESIAN_POINT('Ctrl Pts',(-60.7181117786467,4.33680868994202E-17,
59.));
#8518=CARTESIAN_POINT('',(-59.6681224554777,-1.60000026226044,59.));
#8519=CARTESIAN_POINT('Ctrl Pts',(-59.6681224554777,-1.60000026226044,59.));
#8520=CARTESIAN_POINT('Ctrl Pts',(-59.8360742598171,-1.50340965184832,59.));
#8521=CARTESIAN_POINT('Ctrl Pts',(-60.1512473042732,-1.32215076707951,59.));
#8522=CARTESIAN_POINT('Ctrl Pts',(-60.3711829696629,-1.03342072870875,59.));
#8523=CARTESIAN_POINT('Ctrl Pts',(-60.4739176481962,-0.898551344871521,
59.));
#8524=CARTESIAN_POINT('',(-60.3521787375212,-2.70724713802338,59.));
#8525=CARTESIAN_POINT('Ctrl Pts',(-60.3521787375212,-2.70724713802338,59.));
#8526=CARTESIAN_POINT('Ctrl Pts',(-60.3170878775546,-2.49180304142153,59.));
#8527=CARTESIAN_POINT('Ctrl Pts',(-60.242149232404,-2.03170919589062,59.));
#8528=CARTESIAN_POINT('Ctrl Pts',(-59.8673942302871,-1.74986679961292,59.));
#8529=CARTESIAN_POINT('Ctrl Pts',(-59.6681224554777,-1.60000026226044,59.));
#8530=CARTESIAN_POINT('',(-59.9521791189909,-3.53043496608734,59.));
#8531=CARTESIAN_POINT('Ctrl Pts',(-59.9521791189909,-3.53043496608734,59.));
#8532=CARTESIAN_POINT('Ctrl Pts',(-60.0687990934434,-3.41080587389368,59.));
#8533=CARTESIAN_POINT('Ctrl Pts',(-60.2937843277984,-3.18001539851226,59.));
#8534=CARTESIAN_POINT('Ctrl Pts',(-60.3331959386489,-2.86093419205232,59.));
#8535=CARTESIAN_POINT('Ctrl Pts',(-60.3521787375212,-2.70724713802338,59.));
#8536=CARTESIAN_POINT('',(-58.6768185347319,-3.88405740261078,59.));
#8537=CARTESIAN_POINT('Ctrl Pts',(-58.6768185347319,-3.88405740261078,59.));
#8538=CARTESIAN_POINT('Ctrl Pts',(-58.9352906180217,-3.87862323972318,59.));
#8539=CARTESIAN_POINT('Ctrl Pts',(-59.3931304450335,-3.868997534058,59.));
#8540=CARTESIAN_POINT('Ctrl Pts',(-59.7825884482182,-3.63313989264452,59.));
#8541=CARTESIAN_POINT('Ctrl Pts',(-59.9521791189909,-3.53043496608734,59.));
#8542=CARTESIAN_POINT('',(-57.6275431364775,-3.88405740261078,59.));
#8543=CARTESIAN_POINT('',(-57.6275431364775,-3.88405740261078,59.));
#8544=CARTESIAN_POINT('',(-56.7579757422209,-4.08116042613983,59.));
#8545=CARTESIAN_POINT('Ctrl Pts',(-56.7579757422209,-4.08116042613983,59.));
#8546=CARTESIAN_POINT('Ctrl Pts',(-56.8826058108923,-4.02380580807034,59.));
#8547=CARTESIAN_POINT('Ctrl Pts',(-57.1578194216804,-3.89715281250872,59.));
#8548=CARTESIAN_POINT('Ctrl Pts',(-57.4614249266495,-3.8886886059771,59.));
#8549=CARTESIAN_POINT('Ctrl Pts',(-57.6275431364775,-3.88405740261078,59.));
#8550=CARTESIAN_POINT('',(-56.4333378523588,-4.6608704328537,59.));
#8551=CARTESIAN_POINT('Ctrl Pts',(-56.4333378523588,-4.6608704328537,59.));
#8552=CARTESIAN_POINT('Ctrl Pts',(-56.4471229736954,-4.5423524109182,59.));
#8553=CARTESIAN_POINT('Ctrl Pts',(-56.4748263986088,-4.30417132847279,59.));
#8554=CARTESIAN_POINT('Ctrl Pts',(-56.6632906182499,-4.15573525885847,59.));
#8555=CARTESIAN_POINT('Ctrl Pts',(-56.7579757422209,-4.08116042613983,59.));
#8556=CARTESIAN_POINT('',(-56.8275415152311,-5.31594216823578,59.));
#8557=CARTESIAN_POINT('Ctrl Pts',(-56.8275415152311,-5.31594216823578,59.));
#8558=CARTESIAN_POINT('Ctrl Pts',(-56.7125841927139,-5.23242697506517,59.));
#8559=CARTESIAN_POINT('Ctrl Pts',(-56.488012592121,-5.06927825001248,59.));
#8560=CARTESIAN_POINT('Ctrl Pts',(-56.4512713813035,-4.79482979767393,59.));
#8561=CARTESIAN_POINT('Ctrl Pts',(-56.4333378523588,-4.6608704328537,59.));
#8562=CARTESIAN_POINT('',(-58.1782662123442,-5.55362403392792,59.));
#8563=CARTESIAN_POINT('Ctrl Pts',(-58.1782662123442,-5.55362403392792,59.));
#8564=CARTESIAN_POINT('Ctrl Pts',(-57.9023560564903,-5.55348155810001,59.));
#8565=CARTESIAN_POINT('Ctrl Pts',(-57.4363312839302,-5.55324090996189,59.));
#8566=CARTESIAN_POINT('Ctrl Pts',(-57.0039367072044,-5.38469883803206,59.));
#8567=CARTESIAN_POINT('Ctrl Pts',(-56.8275415152311,-5.31594216823578,59.));
#8568=CARTESIAN_POINT('',(-59.1637741774321,-5.44927537441254,59.));
#8569=CARTESIAN_POINT('Ctrl Pts',(-59.1637741774321,-5.44927537441254,59.));
#8570=CARTESIAN_POINT('Ctrl Pts',(-59.0251298126883,-5.47955043505022,59.));
#8571=CARTESIAN_POINT('Ctrl Pts',(-58.7008122953298,-5.5503699921382,59.));
#8572=CARTESIAN_POINT('Ctrl Pts',(-58.3685104350856,-5.55243932951388,59.));
#8573=CARTESIAN_POINT('Ctrl Pts',(-58.1782662123442,-5.55362403392792,59.));
#8574=CARTESIAN_POINT('',(-59.6333395689726,-5.14203011989594,59.));
#8575=CARTESIAN_POINT('Ctrl Pts',(-59.6333395689726,-5.14203011989594,59.));
#8576=CARTESIAN_POINT('Ctrl Pts',(-59.57696038962,-5.20828997747043,59.));
#8577=CARTESIAN_POINT('Ctrl Pts',(-59.4513145980096,-5.35595570003916,59.));
#8578=CARTESIAN_POINT('Ctrl Pts',(-59.2659582889884,-5.41611207863166,59.));
#8579=CARTESIAN_POINT('Ctrl Pts',(-59.1637741774321,-5.44927537441254,59.));
#8580=CARTESIAN_POINT('',(-59.7550784796476,-4.60869491100311,59.));
#8581=CARTESIAN_POINT('Ctrl Pts',(-59.7550784796476,-4.60869491100311,59.));
#8582=CARTESIAN_POINT('Ctrl Pts',(-59.7517689871295,-4.70887936092852,59.));
#8583=CARTESIAN_POINT('Ctrl Pts',(-59.7456243027937,-4.89489030271928,59.));
#8584=CARTESIAN_POINT('Ctrl Pts',(-59.6687909218797,-5.06400133915284,59.));
#8585=CARTESIAN_POINT('Ctrl Pts',(-59.6333395689726,-5.14203011989594,59.));
#8586=CARTESIAN_POINT('',(-60.9202956408262,-4.60869491100311,59.));
#8587=CARTESIAN_POINT('',(-60.9202956408262,-4.60869491100311,59.));
#8588=CARTESIAN_POINT('',(-60.6768178194761,-5.6463760137558,59.));
#8589=CARTESIAN_POINT('Ctrl Pts',(-60.6768178194761,-5.6463760137558,59.));
#8590=CARTESIAN_POINT('Ctrl Pts',(-60.7477627640527,-5.49181988674567,59.));
#8591=CARTESIAN_POINT('Ctrl Pts',(-60.8987461762657,-5.16289706393279,59.));
#8592=CARTESIAN_POINT('Ctrl Pts',(-60.9128297413931,-4.80070049554008,59.));
#8593=CARTESIAN_POINT('Ctrl Pts',(-60.9202956408262,-4.60869491100311,59.));
#8594=CARTESIAN_POINT('',(-59.8420345038176,-6.28405749797821,59.));
#8595=CARTESIAN_POINT('Ctrl Pts',(-59.8420345038176,-6.28405749797821,59.));
#8596=CARTESIAN_POINT('Ctrl Pts',(-60.0212784135223,-6.20936615698348,59.));
#8597=CARTESIAN_POINT('Ctrl Pts',(-60.3566179760675,-6.06962940578035,59.));
#8598=CARTESIAN_POINT('Ctrl Pts',(-60.575112036025,-5.78081492345658,59.));
#8599=CARTESIAN_POINT('Ctrl Pts',(-60.6768178194761,-5.6463760137558,59.));
#8600=CARTESIAN_POINT('',(-58.1898605078459,-6.49855077266693,59.));
#8601=CARTESIAN_POINT('Ctrl Pts',(-58.1898605078459,-6.49855077266693,59.));
#8602=CARTESIAN_POINT('Ctrl Pts',(-58.5054220113795,-6.49515273393417,59.));
#8603=CARTESIAN_POINT('Ctrl Pts',(-59.0653486316394,-6.48912331551068,59.));
#8604=CARTESIAN_POINT('Ctrl Pts',(-59.6060567794589,-6.34636192078088,59.));
#8605=CARTESIAN_POINT('Ctrl Pts',(-59.8420345038176,-6.28405749797821,59.));
#8606=CARTESIAN_POINT('',(-55.9173976629972,-5.99420249462128,59.));
#8607=CARTESIAN_POINT('Ctrl Pts',(-55.9173976629972,-5.99420249462128,59.));
#8608=CARTESIAN_POINT('Ctrl Pts',(-56.2332639516804,-6.14076276547516,59.));
#8609=CARTESIAN_POINT('Ctrl Pts',(-56.9512050694704,-6.47388360948524,59.));
#8610=CARTESIAN_POINT('Ctrl Pts',(-57.7451952554564,-6.48969550105378,59.));
#8611=CARTESIAN_POINT('Ctrl Pts',(-58.1898605078459,-6.49855077266693,59.));
#8612=CARTESIAN_POINT('',(-55.1289903372526,-4.57391440868378,59.));
#8613=CARTESIAN_POINT('Ctrl Pts',(-55.1289903372526,-4.57391440868378,59.));
#8614=CARTESIAN_POINT('Ctrl Pts',(-55.1626898737832,-4.86261827695379,59.));
#8615=CARTESIAN_POINT('Ctrl Pts',(-55.2305313927779,-5.44381644700246,59.));
#8616=CARTESIAN_POINT('Ctrl Pts',(-55.6874489377863,-5.80994454586011,59.));
#8617=CARTESIAN_POINT('Ctrl Pts',(-55.9173976629972,-5.99420249462128,59.));
#8618=CARTESIAN_POINT('',(-55.4188453406096,-3.70434701442719,59.));
#8619=CARTESIAN_POINT('Ctrl Pts',(-55.4188453406096,-3.70434701442719,59.));
#8620=CARTESIAN_POINT('Ctrl Pts',(-55.3343040673174,-3.83654492426799,59.));
#8621=CARTESIAN_POINT('Ctrl Pts',(-55.1645614330715,-4.10197292865415,59.));
#8622=CARTESIAN_POINT('Ctrl Pts',(-55.1408780687993,-4.41619327327289,59.));
#8623=CARTESIAN_POINT('Ctrl Pts',(-55.1289903372526,-4.57391440868378,59.));
#8624=CARTESIAN_POINT('',(-56.2072526663542,-3.09565246105194,59.));
#8625=CARTESIAN_POINT('Ctrl Pts',(-56.2072526663542,-3.09565246105194,59.));
#8626=CARTESIAN_POINT('Ctrl Pts',(-56.0501336928987,-3.17365216432148,59.));
#8627=CARTESIAN_POINT('Ctrl Pts',(-55.7466162787193,-3.32432949960749,59.));
#8628=CARTESIAN_POINT('Ctrl Pts',(-55.525498959794,-3.58069284440608,59.));
#8629=CARTESIAN_POINT('Ctrl Pts',(-55.4188453406096,-3.70434701442719,59.));
#8630=CARTESIAN_POINT('',(-57.3608743399382,-2.86956489086151,59.));
#8631=CARTESIAN_POINT('Ctrl Pts',(-57.3608743399382,-2.86956489086151,59.));
#8632=CARTESIAN_POINT('Ctrl Pts',(-57.1532887478802,-2.87711329125417,59.));
#8633=CARTESIAN_POINT('Ctrl Pts',(-56.7564913442858,-2.89154196931127,59.));
#8634=CARTESIAN_POINT('Ctrl Pts',(-56.384591934294,-3.02974886278306,59.));
#8635=CARTESIAN_POINT('Ctrl Pts',(-56.2072526663542,-3.09565246105194,59.));
#8636=CARTESIAN_POINT('',(-58.427542373538,-2.86956489086151,59.));
#8637=CARTESIAN_POINT('',(-58.427542373538,-2.86956489086151,59.));
#8638=CARTESIAN_POINT('',(-59.042035266757,-2.73623168468475,59.));
#8639=CARTESIAN_POINT('Ctrl Pts',(-59.042035266757,-2.73623168468475,59.));
#8640=CARTESIAN_POINT('Ctrl Pts',(-58.9660426067068,-2.77472741007018,59.));
#8641=CARTESIAN_POINT('Ctrl Pts',(-58.7744756807149,-2.87176977930748,59.));
#8642=CARTESIAN_POINT('Ctrl Pts',(-58.558090028365,-2.87039456910175,59.));
#8643=CARTESIAN_POINT('Ctrl Pts',(-58.427542373538,-2.86956489086151,59.));
#8644=CARTESIAN_POINT('',(-59.1927587240934,-2.41159498691559,59.));
#8645=CARTESIAN_POINT('Ctrl Pts',(-59.1927587240934,-2.41159498691559,59.));
#8646=CARTESIAN_POINT('Ctrl Pts',(-59.1857919962063,-2.47212061018318,59.));
#8647=CARTESIAN_POINT('Ctrl Pts',(-59.1714491532668,-2.59672853551145,59.));
#8648=CARTESIAN_POINT('Ctrl Pts',(-59.0859863493379,-2.68885412270158,59.));
#8649=CARTESIAN_POINT('Ctrl Pts',(-59.042035266757,-2.73623168468475,59.));
#8650=CARTESIAN_POINT('',(-58.920296356082,-1.90724670886993,59.));
#8651=CARTESIAN_POINT('Ctrl Pts',(-58.920296356082,-1.90724670886993,59.));
#8652=CARTESIAN_POINT('Ctrl Pts',(-58.9997641889171,-1.97310075783971,59.));
#8653=CARTESIAN_POINT('Ctrl Pts',(-59.1584432133542,-2.10459618023813,59.));
#8654=CARTESIAN_POINT('Ctrl Pts',(-59.1813325606246,-2.30937245039358,59.));
#8655=CARTESIAN_POINT('Ctrl Pts',(-59.1927587240934,-2.41159498691559,59.));
#8656=CARTESIAN_POINT('',(-58.5434829443693,-1.98260843753815,59.));
#8657=CARTESIAN_POINT('Ctrl Pts',(-58.5434829443693,-1.98260843753815,59.));
#8658=CARTESIAN_POINT('Ctrl Pts',(-58.6070095234581,-1.97367147433527,59.));
#8659=CARTESIAN_POINT('Ctrl Pts',(-58.7340632872313,-1.95579746273388,59.));
#8660=CARTESIAN_POINT('Ctrl Pts',(-58.8582184692052,-1.92343034491669,59.));
#8661=CARTESIAN_POINT('Ctrl Pts',(-58.920296356082,-1.90724670886993,59.));
#8662=CARTESIAN_POINT('',(-58.0797158926725,-2.00579702854156,59.));
#8663=CARTESIAN_POINT('Ctrl Pts',(-58.0797158926725,-2.00579702854156,59.));
#8664=CARTESIAN_POINT('Ctrl Pts',(-58.1628748814306,-2.00514875340083,59.));
#8665=CARTESIAN_POINT('Ctrl Pts',(-58.3178038503336,-2.00394098740199,59.));
#8666=CARTESIAN_POINT('Ctrl Pts',(-58.4720358372429,-1.98936204926241,59.));
#8667=CARTESIAN_POINT('Ctrl Pts',(-58.5434829443693,-1.98260843753815,59.));
#8668=CARTESIAN_POINT('',(-56.792758628726,-1.73913061618805,59.));
#8669=CARTESIAN_POINT('Ctrl Pts',(-56.792758628726,-1.73913061618805,59.));
#8670=CARTESIAN_POINT('Ctrl Pts',(-56.9874962828702,-1.81684139203542,59.));
#8671=CARTESIAN_POINT('Ctrl Pts',(-57.4002535629665,-1.98155370005768,59.));
#8672=CARTESIAN_POINT('Ctrl Pts',(-57.8448687992698,-1.9974176453441,59.));
#8673=CARTESIAN_POINT('Ctrl Pts',(-58.0797158926725,-2.00579702854156,59.));
#8674=CARTESIAN_POINT('',(-55.9579765051603,-1.00289881229401,59.));
#8675=CARTESIAN_POINT('Ctrl Pts',(-55.9579765051603,-1.00289881229401,59.));
#8676=CARTESIAN_POINT('Ctrl Pts',(-56.0674057309823,-1.1520180312537,59.));
#8677=CARTESIAN_POINT('Ctrl Pts',(-56.2919048923658,-1.4579430650018,59.));
#8678=CARTESIAN_POINT('Ctrl Pts',(-56.6230340934629,-1.64384446180356,59.));
#8679=CARTESIAN_POINT('Ctrl Pts',(-56.792758628726,-1.73913061618805,59.));
#8680=CARTESIAN_POINT('',(-55.671841368951,4.33680868994202E-18,59.));
#8681=CARTESIAN_POINT('Ctrl Pts',(-55.671841368951,8.67361737988404E-18,
59.));
#8682=CARTESIAN_POINT('Ctrl Pts',(-55.6820857545427,-0.1706328844323,59.));
#8683=CARTESIAN_POINT('Ctrl Pts',(-55.7105414279997,-0.523330710435151,
59.));
#8684=CARTESIAN_POINT('Ctrl Pts',(-55.8734463555468,-0.839066085482643,
59.));
#8685=CARTESIAN_POINT('Ctrl Pts',(-55.9579765051603,-1.00289881229401,59.));
#8686=CARTESIAN_POINT('',(-1.25000085681677,0.,59.));
#8687=CARTESIAN_POINT('',(-58.1376873701811,-1.15942060947418,59.));
#8688=CARTESIAN_POINT('Ctrl Pts',(-58.1376873701811,-1.15942060947418,59.));
#8689=CARTESIAN_POINT('Ctrl Pts',(-57.9617659690125,-1.14964157954565,59.));
#8690=CARTESIAN_POINT('Ctrl Pts',(-57.6323384652594,-1.13132952997643,59.));
#8691=CARTESIAN_POINT('Ctrl Pts',(-57.3799374449805,-0.921134683361873,
59.));
#8692=CARTESIAN_POINT('Ctrl Pts',(-57.2623240202665,-0.823188424110413,
59.));
#8693=CARTESIAN_POINT('Ctrl Pts',(-59.0826141089201,-0.811594128608704,
59.));
#8694=CARTESIAN_POINT('Ctrl Pts',(-58.9562847258872,-0.912872261633224,
59.));
#8695=CARTESIAN_POINT('Ctrl Pts',(-58.6817128750651,-1.13299622459995,59.));
#8696=CARTESIAN_POINT('Ctrl Pts',(-58.3284275599862,-1.15015598467048,59.));
#8697=CARTESIAN_POINT('Ctrl Pts',(-58.1376873701811,-1.15942060947418,59.));
#8698=CARTESIAN_POINT('Ctrl Pts',(-58.1376873701811,-1.15942060947418,60.));
#8699=CARTESIAN_POINT('Ctrl Pts',(-58.1376873701811,-1.15942060947418,59.));
#8700=CARTESIAN_POINT('Ctrl Pts',(-57.9617659690125,-1.14964157954565,60.));
#8701=CARTESIAN_POINT('Ctrl Pts',(-57.9617659690125,-1.14964157954565,59.));
#8702=CARTESIAN_POINT('Ctrl Pts',(-57.6323384652594,-1.13132952997643,60.));
#8703=CARTESIAN_POINT('Ctrl Pts',(-57.6323384652594,-1.13132952997643,59.));
#8704=CARTESIAN_POINT('Ctrl Pts',(-57.3799374449805,-0.921134683361873,
60.));
#8705=CARTESIAN_POINT('Ctrl Pts',(-57.3799374449805,-0.921134683361873,
59.));
#8706=CARTESIAN_POINT('Ctrl Pts',(-57.2623240202665,-0.823188424110413,
60.));
#8707=CARTESIAN_POINT('Ctrl Pts',(-57.2623240202665,-0.823188424110413,
59.));
#8708=CARTESIAN_POINT('',(-58.1376873701811,-1.15942060947418,60.));
#8709=CARTESIAN_POINT('Ctrl Pts',(-58.1376873701811,-1.15942060947418,60.));
#8710=CARTESIAN_POINT('Ctrl Pts',(-57.9617659690125,-1.14964157954565,60.));
#8711=CARTESIAN_POINT('Ctrl Pts',(-57.6323384652594,-1.13132952997643,60.));
#8712=CARTESIAN_POINT('Ctrl Pts',(-57.3799374449805,-0.921134683361873,
60.));
#8713=CARTESIAN_POINT('Ctrl Pts',(-57.2623240202665,-0.823188424110413,
60.));
#8714=CARTESIAN_POINT('',(-58.1376873701811,-1.15942060947418,60.));
#8715=CARTESIAN_POINT('Ctrl Pts',(-59.0826141089201,-0.811594128608704,
60.));
#8716=CARTESIAN_POINT('Ctrl Pts',(-59.0826141089201,-0.811594128608704,
59.));
#8717=CARTESIAN_POINT('Ctrl Pts',(-58.9562847258872,-0.912872261633224,
60.));
#8718=CARTESIAN_POINT('Ctrl Pts',(-58.9562847258872,-0.912872261633224,
59.));
#8719=CARTESIAN_POINT('Ctrl Pts',(-58.6817128750651,-1.13299622459995,60.));
#8720=CARTESIAN_POINT('Ctrl Pts',(-58.6817128750651,-1.13299622459995,59.));
#8721=CARTESIAN_POINT('Ctrl Pts',(-58.3284275599862,-1.15015598467048,60.));
#8722=CARTESIAN_POINT('Ctrl Pts',(-58.3284275599862,-1.15015598467048,59.));
#8723=CARTESIAN_POINT('Ctrl Pts',(-58.1376873701811,-1.15942060947418,60.));
#8724=CARTESIAN_POINT('Ctrl Pts',(-58.1376873701811,-1.15942060947418,59.));
#8725=CARTESIAN_POINT('Ctrl Pts',(-59.0826141089201,-0.811594128608704,
60.));
#8726=CARTESIAN_POINT('Ctrl Pts',(-58.9562847258872,-0.912872261633224,
60.));
#8727=CARTESIAN_POINT('Ctrl Pts',(-58.6817128750651,-1.13299622459995,60.));
#8728=CARTESIAN_POINT('Ctrl Pts',(-58.3284275599862,-1.15015598467048,60.));
#8729=CARTESIAN_POINT('Ctrl Pts',(-58.1376873701811,-1.15942060947418,60.));
#8730=CARTESIAN_POINT('Ctrl Pts',(-60.4739176481962,-0.898551344871521,
60.));
#8731=CARTESIAN_POINT('Ctrl Pts',(-60.4739176481962,-0.898551344871521,
59.));
#8732=CARTESIAN_POINT('Ctrl Pts',(-60.5465707912748,-0.747559207384128,
60.));
#8733=CARTESIAN_POINT('Ctrl Pts',(-60.5465707912748,-0.747559207384128,
59.));
#8734=CARTESIAN_POINT('Ctrl Pts',(-60.6997672463659,-0.429177108144856,
60.));
#8735=CARTESIAN_POINT('Ctrl Pts',(-60.6997672463659,-0.429177108144856,
59.));
#8736=CARTESIAN_POINT('Ctrl Pts',(-60.7151213577127,-0.0756973879329581,
60.));
#8737=CARTESIAN_POINT('Ctrl Pts',(-60.7151213577127,-0.0756973879329581,
59.));
#8738=CARTESIAN_POINT('Ctrl Pts',(-60.7231938093901,0.110145211219788,60.));
#8739=CARTESIAN_POINT('Ctrl Pts',(-60.7231938093901,0.110145211219788,59.));
#8740=CARTESIAN_POINT('',(-60.7181117786467,2.16840434497101E-17,60.));
#8741=CARTESIAN_POINT('Ctrl Pts',(-60.7181117786467,4.33680868994202E-17,
60.));
#8742=CARTESIAN_POINT('Ctrl Pts',(-60.7181117786467,4.33680868994202E-17,
59.8333333333333));
#8743=CARTESIAN_POINT('Ctrl Pts',(-60.7181117786467,4.33680868994202E-17,
59.6666666666667));
#8744=CARTESIAN_POINT('Ctrl Pts',(-60.7181117786467,4.33680868994202E-17,
59.3333333333333));
#8745=CARTESIAN_POINT('Ctrl Pts',(-60.7181117786467,4.33680868994202E-17,
59.1666666666667));
#8746=CARTESIAN_POINT('Ctrl Pts',(-60.7181117786467,4.33680868994202E-17,
59.));
#8747=CARTESIAN_POINT('',(-60.4739176481962,-0.898551344871521,60.));
#8748=CARTESIAN_POINT('Ctrl Pts',(-60.4739176481962,-0.898551344871521,
60.));
#8749=CARTESIAN_POINT('Ctrl Pts',(-60.5465707912748,-0.747559207384128,
60.));
#8750=CARTESIAN_POINT('Ctrl Pts',(-60.6838442778828,-0.462269180208478,
60.));
#8751=CARTESIAN_POINT('Ctrl Pts',(-60.7104404670658,-0.148798336240409,
60.));
#8752=CARTESIAN_POINT('Ctrl Pts',(-60.7181117786467,2.16840434497101E-17,
60.));
#8753=CARTESIAN_POINT('',(-60.4739176481962,-0.898551344871521,60.));
#8754=CARTESIAN_POINT('Ctrl Pts',(-59.6681224554777,-1.60000026226044,60.));
#8755=CARTESIAN_POINT('Ctrl Pts',(-59.6681224554777,-1.60000026226044,59.));
#8756=CARTESIAN_POINT('Ctrl Pts',(-59.8360742598171,-1.50340965184832,60.));
#8757=CARTESIAN_POINT('Ctrl Pts',(-59.8360742598171,-1.50340965184832,59.));
#8758=CARTESIAN_POINT('Ctrl Pts',(-60.1512473042732,-1.32215076707951,60.));
#8759=CARTESIAN_POINT('Ctrl Pts',(-60.1512473042732,-1.32215076707951,59.));
#8760=CARTESIAN_POINT('Ctrl Pts',(-60.3711829696629,-1.03342072870875,60.));
#8761=CARTESIAN_POINT('Ctrl Pts',(-60.3711829696629,-1.03342072870875,59.));
#8762=CARTESIAN_POINT('Ctrl Pts',(-60.4739176481962,-0.898551344871521,
60.));
#8763=CARTESIAN_POINT('Ctrl Pts',(-60.4739176481962,-0.898551344871521,
59.));
#8764=CARTESIAN_POINT('',(-59.6681224554777,-1.60000026226044,60.));
#8765=CARTESIAN_POINT('Ctrl Pts',(-59.6681224554777,-1.60000026226044,60.));
#8766=CARTESIAN_POINT('Ctrl Pts',(-59.8360742598171,-1.50340965184832,60.));
#8767=CARTESIAN_POINT('Ctrl Pts',(-60.1512473042732,-1.32215076707951,60.));
#8768=CARTESIAN_POINT('Ctrl Pts',(-60.3711829696629,-1.03342072870875,60.));
#8769=CARTESIAN_POINT('Ctrl Pts',(-60.4739176481962,-0.898551344871521,
60.));
#8770=CARTESIAN_POINT('',(-59.6681224554777,-1.60000026226044,60.));
#8771=CARTESIAN_POINT('Ctrl Pts',(-60.3521787375212,-2.70724713802338,60.));
#8772=CARTESIAN_POINT('Ctrl Pts',(-60.3521787375212,-2.70724713802338,59.));
#8773=CARTESIAN_POINT('Ctrl Pts',(-60.3170878775546,-2.49180304142153,60.));
#8774=CARTESIAN_POINT('Ctrl Pts',(-60.3170878775546,-2.49180304142153,59.));
#8775=CARTESIAN_POINT('Ctrl Pts',(-60.242149232404,-2.03170919589062,60.));
#8776=CARTESIAN_POINT('Ctrl Pts',(-60.242149232404,-2.03170919589062,59.));
#8777=CARTESIAN_POINT('Ctrl Pts',(-59.8673942302871,-1.74986679961292,60.));
#8778=CARTESIAN_POINT('Ctrl Pts',(-59.8673942302871,-1.74986679961292,59.));
#8779=CARTESIAN_POINT('Ctrl Pts',(-59.6681224554777,-1.60000026226044,60.));
#8780=CARTESIAN_POINT('Ctrl Pts',(-59.6681224554777,-1.60000026226044,59.));
#8781=CARTESIAN_POINT('',(-60.3521787375212,-2.70724713802338,60.));
#8782=CARTESIAN_POINT('Ctrl Pts',(-60.3521787375212,-2.70724713802338,60.));
#8783=CARTESIAN_POINT('Ctrl Pts',(-60.3170878775546,-2.49180304142153,60.));
#8784=CARTESIAN_POINT('Ctrl Pts',(-60.242149232404,-2.03170919589062,60.));
#8785=CARTESIAN_POINT('Ctrl Pts',(-59.8673942302871,-1.74986679961292,60.));
#8786=CARTESIAN_POINT('Ctrl Pts',(-59.6681224554777,-1.60000026226044,60.));
#8787=CARTESIAN_POINT('',(-60.3521787375212,-2.70724713802338,60.));
#8788=CARTESIAN_POINT('Ctrl Pts',(-59.9521791189909,-3.53043496608734,60.));
#8789=CARTESIAN_POINT('Ctrl Pts',(-59.9521791189909,-3.53043496608734,59.));
#8790=CARTESIAN_POINT('Ctrl Pts',(-60.0687990934434,-3.41080587389368,60.));
#8791=CARTESIAN_POINT('Ctrl Pts',(-60.0687990934434,-3.41080587389368,59.));
#8792=CARTESIAN_POINT('Ctrl Pts',(-60.2937843277984,-3.18001539851226,60.));
#8793=CARTESIAN_POINT('Ctrl Pts',(-60.2937843277984,-3.18001539851226,59.));
#8794=CARTESIAN_POINT('Ctrl Pts',(-60.3331959386489,-2.86093419205232,60.));
#8795=CARTESIAN_POINT('Ctrl Pts',(-60.3331959386489,-2.86093419205232,59.));
#8796=CARTESIAN_POINT('Ctrl Pts',(-60.3521787375212,-2.70724713802338,60.));
#8797=CARTESIAN_POINT('Ctrl Pts',(-60.3521787375212,-2.70724713802338,59.));
#8798=CARTESIAN_POINT('',(-59.9521791189909,-3.53043496608734,60.));
#8799=CARTESIAN_POINT('Ctrl Pts',(-59.9521791189909,-3.53043496608734,60.));
#8800=CARTESIAN_POINT('Ctrl Pts',(-60.0687990934434,-3.41080587389368,60.));
#8801=CARTESIAN_POINT('Ctrl Pts',(-60.2937843277984,-3.18001539851226,60.));
#8802=CARTESIAN_POINT('Ctrl Pts',(-60.3331959386489,-2.86093419205232,60.));
#8803=CARTESIAN_POINT('Ctrl Pts',(-60.3521787375212,-2.70724713802338,60.));
#8804=CARTESIAN_POINT('',(-59.9521791189909,-3.53043496608734,60.));
#8805=CARTESIAN_POINT('Ctrl Pts',(-58.6768185347319,-3.88405740261078,60.));
#8806=CARTESIAN_POINT('Ctrl Pts',(-58.6768185347319,-3.88405740261078,59.));
#8807=CARTESIAN_POINT('Ctrl Pts',(-58.9352906180217,-3.87862323972318,60.));
#8808=CARTESIAN_POINT('Ctrl Pts',(-58.9352906180217,-3.87862323972318,59.));
#8809=CARTESIAN_POINT('Ctrl Pts',(-59.3931304450335,-3.868997534058,60.));
#8810=CARTESIAN_POINT('Ctrl Pts',(-59.3931304450335,-3.868997534058,59.));
#8811=CARTESIAN_POINT('Ctrl Pts',(-59.7825884482182,-3.63313989264452,60.));
#8812=CARTESIAN_POINT('Ctrl Pts',(-59.7825884482182,-3.63313989264452,59.));
#8813=CARTESIAN_POINT('Ctrl Pts',(-59.9521791189909,-3.53043496608734,60.));
#8814=CARTESIAN_POINT('Ctrl Pts',(-59.9521791189909,-3.53043496608734,59.));
#8815=CARTESIAN_POINT('',(-58.6768185347319,-3.88405740261078,60.));
#8816=CARTESIAN_POINT('Ctrl Pts',(-58.6768185347319,-3.88405740261078,60.));
#8817=CARTESIAN_POINT('Ctrl Pts',(-58.9352906180217,-3.87862323972318,60.));
#8818=CARTESIAN_POINT('Ctrl Pts',(-59.3931304450335,-3.868997534058,60.));
#8819=CARTESIAN_POINT('Ctrl Pts',(-59.7825884482182,-3.63313989264452,60.));
#8820=CARTESIAN_POINT('Ctrl Pts',(-59.9521791189909,-3.53043496608734,60.));
#8821=CARTESIAN_POINT('',(-58.6768185347319,-3.88405740261078,60.));
#8822=CARTESIAN_POINT('Origin',(-57.6275431364775,-3.88405740261078,60.));
#8823=CARTESIAN_POINT('',(-57.6275431364775,-3.88405740261078,60.));
#8824=CARTESIAN_POINT('',(11.1862284317613,-3.88405740261078,60.));
#8825=CARTESIAN_POINT('',(-57.6275431364775,-3.88405740261078,60.));
#8826=CARTESIAN_POINT('Ctrl Pts',(-56.7579757422209,-4.08116042613983,60.));
#8827=CARTESIAN_POINT('Ctrl Pts',(-56.7579757422209,-4.08116042613983,59.));
#8828=CARTESIAN_POINT('Ctrl Pts',(-56.8826058108923,-4.02380580807034,60.));
#8829=CARTESIAN_POINT('Ctrl Pts',(-56.8826058108923,-4.02380580807034,59.));
#8830=CARTESIAN_POINT('Ctrl Pts',(-57.1578194216804,-3.89715281250872,60.));
#8831=CARTESIAN_POINT('Ctrl Pts',(-57.1578194216804,-3.89715281250872,59.));
#8832=CARTESIAN_POINT('Ctrl Pts',(-57.4614249266495,-3.8886886059771,60.));
#8833=CARTESIAN_POINT('Ctrl Pts',(-57.4614249266495,-3.8886886059771,59.));
#8834=CARTESIAN_POINT('Ctrl Pts',(-57.6275431364775,-3.88405740261078,60.));
#8835=CARTESIAN_POINT('Ctrl Pts',(-57.6275431364775,-3.88405740261078,59.));
#8836=CARTESIAN_POINT('',(-56.7579757422209,-4.08116042613983,60.));
#8837=CARTESIAN_POINT('Ctrl Pts',(-56.7579757422209,-4.08116042613983,60.));
#8838=CARTESIAN_POINT('Ctrl Pts',(-56.8826058108923,-4.02380580807034,60.));
#8839=CARTESIAN_POINT('Ctrl Pts',(-57.1578194216804,-3.89715281250872,60.));
#8840=CARTESIAN_POINT('Ctrl Pts',(-57.4614249266495,-3.8886886059771,60.));
#8841=CARTESIAN_POINT('Ctrl Pts',(-57.6275431364775,-3.88405740261078,60.));
#8842=CARTESIAN_POINT('',(-56.7579757422209,-4.08116042613983,60.));
#8843=CARTESIAN_POINT('Ctrl Pts',(-56.4333378523588,-4.6608704328537,60.));
#8844=CARTESIAN_POINT('Ctrl Pts',(-56.4333378523588,-4.6608704328537,59.));
#8845=CARTESIAN_POINT('Ctrl Pts',(-56.4471229736954,-4.5423524109182,60.));
#8846=CARTESIAN_POINT('Ctrl Pts',(-56.4471229736954,-4.5423524109182,59.));
#8847=CARTESIAN_POINT('Ctrl Pts',(-56.4748263986088,-4.30417132847279,60.));
#8848=CARTESIAN_POINT('Ctrl Pts',(-56.4748263986088,-4.30417132847279,59.));
#8849=CARTESIAN_POINT('Ctrl Pts',(-56.6632906182499,-4.15573525885847,60.));
#8850=CARTESIAN_POINT('Ctrl Pts',(-56.6632906182499,-4.15573525885847,59.));
#8851=CARTESIAN_POINT('Ctrl Pts',(-56.7579757422209,-4.08116042613983,60.));
#8852=CARTESIAN_POINT('Ctrl Pts',(-56.7579757422209,-4.08116042613983,59.));
#8853=CARTESIAN_POINT('',(-56.4333378523588,-4.6608704328537,60.));
#8854=CARTESIAN_POINT('Ctrl Pts',(-56.4333378523588,-4.6608704328537,60.));
#8855=CARTESIAN_POINT('Ctrl Pts',(-56.4471229736954,-4.5423524109182,60.));
#8856=CARTESIAN_POINT('Ctrl Pts',(-56.4748263986088,-4.30417132847279,60.));
#8857=CARTESIAN_POINT('Ctrl Pts',(-56.6632906182499,-4.15573525885847,60.));
#8858=CARTESIAN_POINT('Ctrl Pts',(-56.7579757422209,-4.08116042613983,60.));
#8859=CARTESIAN_POINT('',(-56.4333378523588,-4.6608704328537,60.));
#8860=CARTESIAN_POINT('Ctrl Pts',(-56.8275415152311,-5.31594216823578,60.));
#8861=CARTESIAN_POINT('Ctrl Pts',(-56.8275415152311,-5.31594216823578,59.));
#8862=CARTESIAN_POINT('Ctrl Pts',(-56.7125841927139,-5.23242697506517,60.));
#8863=CARTESIAN_POINT('Ctrl Pts',(-56.7125841927139,-5.23242697506517,59.));
#8864=CARTESIAN_POINT('Ctrl Pts',(-56.488012592121,-5.06927825001248,60.));
#8865=CARTESIAN_POINT('Ctrl Pts',(-56.488012592121,-5.06927825001248,59.));
#8866=CARTESIAN_POINT('Ctrl Pts',(-56.4512713813035,-4.79482979767393,60.));
#8867=CARTESIAN_POINT('Ctrl Pts',(-56.4512713813035,-4.79482979767393,59.));
#8868=CARTESIAN_POINT('Ctrl Pts',(-56.4333378523588,-4.6608704328537,60.));
#8869=CARTESIAN_POINT('Ctrl Pts',(-56.4333378523588,-4.6608704328537,59.));
#8870=CARTESIAN_POINT('',(-56.8275415152311,-5.31594216823578,60.));
#8871=CARTESIAN_POINT('Ctrl Pts',(-56.8275415152311,-5.31594216823578,60.));
#8872=CARTESIAN_POINT('Ctrl Pts',(-56.7125841927139,-5.23242697506517,60.));
#8873=CARTESIAN_POINT('Ctrl Pts',(-56.488012592121,-5.06927825001248,60.));
#8874=CARTESIAN_POINT('Ctrl Pts',(-56.4512713813035,-4.79482979767393,60.));
#8875=CARTESIAN_POINT('Ctrl Pts',(-56.4333378523588,-4.6608704328537,60.));
#8876=CARTESIAN_POINT('',(-56.8275415152311,-5.31594216823578,60.));
#8877=CARTESIAN_POINT('Ctrl Pts',(-58.1782662123442,-5.55362403392792,60.));
#8878=CARTESIAN_POINT('Ctrl Pts',(-58.1782662123442,-5.55362403392792,59.));
#8879=CARTESIAN_POINT('Ctrl Pts',(-57.9023560564903,-5.55348155810001,60.));
#8880=CARTESIAN_POINT('Ctrl Pts',(-57.9023560564903,-5.55348155810001,59.));
#8881=CARTESIAN_POINT('Ctrl Pts',(-57.4363312839302,-5.55324090996189,60.));
#8882=CARTESIAN_POINT('Ctrl Pts',(-57.4363312839302,-5.55324090996189,59.));
#8883=CARTESIAN_POINT('Ctrl Pts',(-57.0039367072044,-5.38469883803206,60.));
#8884=CARTESIAN_POINT('Ctrl Pts',(-57.0039367072044,-5.38469883803206,59.));
#8885=CARTESIAN_POINT('Ctrl Pts',(-56.8275415152311,-5.31594216823578,60.));
#8886=CARTESIAN_POINT('Ctrl Pts',(-56.8275415152311,-5.31594216823578,59.));
#8887=CARTESIAN_POINT('',(-58.1782662123442,-5.55362403392792,60.));
#8888=CARTESIAN_POINT('Ctrl Pts',(-58.1782662123442,-5.55362403392792,60.));
#8889=CARTESIAN_POINT('Ctrl Pts',(-57.9023560564903,-5.55348155810001,60.));
#8890=CARTESIAN_POINT('Ctrl Pts',(-57.4363312839302,-5.55324090996189,60.));
#8891=CARTESIAN_POINT('Ctrl Pts',(-57.0039367072044,-5.38469883803206,60.));
#8892=CARTESIAN_POINT('Ctrl Pts',(-56.8275415152311,-5.31594216823578,60.));
#8893=CARTESIAN_POINT('',(-58.1782662123442,-5.55362403392792,60.));
#8894=CARTESIAN_POINT('Ctrl Pts',(-59.1637741774321,-5.44927537441254,60.));
#8895=CARTESIAN_POINT('Ctrl Pts',(-59.1637741774321,-5.44927537441254,59.));
#8896=CARTESIAN_POINT('Ctrl Pts',(-59.0251298126883,-5.47955043505022,60.));
#8897=CARTESIAN_POINT('Ctrl Pts',(-59.0251298126883,-5.47955043505022,59.));
#8898=CARTESIAN_POINT('Ctrl Pts',(-58.7008122953298,-5.5503699921382,60.));
#8899=CARTESIAN_POINT('Ctrl Pts',(-58.7008122953298,-5.5503699921382,59.));
#8900=CARTESIAN_POINT('Ctrl Pts',(-58.3685104350856,-5.55243932951388,60.));
#8901=CARTESIAN_POINT('Ctrl Pts',(-58.3685104350856,-5.55243932951388,59.));
#8902=CARTESIAN_POINT('Ctrl Pts',(-58.1782662123442,-5.55362403392792,60.));
#8903=CARTESIAN_POINT('Ctrl Pts',(-58.1782662123442,-5.55362403392792,59.));
#8904=CARTESIAN_POINT('',(-59.1637741774321,-5.44927537441254,60.));
#8905=CARTESIAN_POINT('Ctrl Pts',(-59.1637741774321,-5.44927537441254,60.));
#8906=CARTESIAN_POINT('Ctrl Pts',(-59.0251298126883,-5.47955043505022,60.));
#8907=CARTESIAN_POINT('Ctrl Pts',(-58.7008122953298,-5.5503699921382,60.));
#8908=CARTESIAN_POINT('Ctrl Pts',(-58.3685104350856,-5.55243932951388,60.));
#8909=CARTESIAN_POINT('Ctrl Pts',(-58.1782662123442,-5.55362403392792,60.));
#8910=CARTESIAN_POINT('',(-59.1637741774321,-5.44927537441254,60.));
#8911=CARTESIAN_POINT('Ctrl Pts',(-59.6333395689726,-5.14203011989594,60.));
#8912=CARTESIAN_POINT('Ctrl Pts',(-59.6333395689726,-5.14203011989594,59.));
#8913=CARTESIAN_POINT('Ctrl Pts',(-59.57696038962,-5.20828997747043,60.));
#8914=CARTESIAN_POINT('Ctrl Pts',(-59.57696038962,-5.20828997747043,59.));
#8915=CARTESIAN_POINT('Ctrl Pts',(-59.4513145980096,-5.35595570003916,60.));
#8916=CARTESIAN_POINT('Ctrl Pts',(-59.4513145980096,-5.35595570003916,59.));
#8917=CARTESIAN_POINT('Ctrl Pts',(-59.2659582889884,-5.41611207863166,60.));
#8918=CARTESIAN_POINT('Ctrl Pts',(-59.2659582889884,-5.41611207863166,59.));
#8919=CARTESIAN_POINT('Ctrl Pts',(-59.1637741774321,-5.44927537441254,60.));
#8920=CARTESIAN_POINT('Ctrl Pts',(-59.1637741774321,-5.44927537441254,59.));
#8921=CARTESIAN_POINT('',(-59.6333395689726,-5.14203011989594,60.));
#8922=CARTESIAN_POINT('Ctrl Pts',(-59.6333395689726,-5.14203011989594,60.));
#8923=CARTESIAN_POINT('Ctrl Pts',(-59.57696038962,-5.20828997747043,60.));
#8924=CARTESIAN_POINT('Ctrl Pts',(-59.4513145980096,-5.35595570003916,60.));
#8925=CARTESIAN_POINT('Ctrl Pts',(-59.2659582889884,-5.41611207863166,60.));
#8926=CARTESIAN_POINT('Ctrl Pts',(-59.1637741774321,-5.44927537441254,60.));
#8927=CARTESIAN_POINT('',(-59.6333395689726,-5.14203011989594,60.));
#8928=CARTESIAN_POINT('Ctrl Pts',(-59.7550784796476,-4.60869491100311,60.));
#8929=CARTESIAN_POINT('Ctrl Pts',(-59.7550784796476,-4.60869491100311,59.));
#8930=CARTESIAN_POINT('Ctrl Pts',(-59.7517689871295,-4.70887936092852,60.));
#8931=CARTESIAN_POINT('Ctrl Pts',(-59.7517689871295,-4.70887936092852,59.));
#8932=CARTESIAN_POINT('Ctrl Pts',(-59.7456243027937,-4.89489030271928,60.));
#8933=CARTESIAN_POINT('Ctrl Pts',(-59.7456243027937,-4.89489030271928,59.));
#8934=CARTESIAN_POINT('Ctrl Pts',(-59.6687909218797,-5.06400133915284,60.));
#8935=CARTESIAN_POINT('Ctrl Pts',(-59.6687909218797,-5.06400133915284,59.));
#8936=CARTESIAN_POINT('Ctrl Pts',(-59.6333395689726,-5.14203011989594,60.));
#8937=CARTESIAN_POINT('Ctrl Pts',(-59.6333395689726,-5.14203011989594,59.));
#8938=CARTESIAN_POINT('',(-59.7550784796476,-4.60869491100311,60.));
#8939=CARTESIAN_POINT('Ctrl Pts',(-59.7550784796476,-4.60869491100311,60.));
#8940=CARTESIAN_POINT('Ctrl Pts',(-59.7517689871295,-4.70887936092852,60.));
#8941=CARTESIAN_POINT('Ctrl Pts',(-59.7456243027937,-4.89489030271928,60.));
#8942=CARTESIAN_POINT('Ctrl Pts',(-59.6687909218797,-5.06400133915284,60.));
#8943=CARTESIAN_POINT('Ctrl Pts',(-59.6333395689726,-5.14203011989594,60.));
#8944=CARTESIAN_POINT('',(-59.7550784796476,-4.60869491100311,60.));
#8945=CARTESIAN_POINT('Origin',(-60.9202956408262,-4.60869491100311,60.));
#8946=CARTESIAN_POINT('',(-60.9202956408262,-4.60869491100311,60.));
#8947=CARTESIAN_POINT('',(9.53985217958689,-4.60869491100311,60.));
#8948=CARTESIAN_POINT('',(-60.9202956408262,-4.60869491100311,60.));
#8949=CARTESIAN_POINT('Ctrl Pts',(-60.6768178194761,-5.6463760137558,60.));
#8950=CARTESIAN_POINT('Ctrl Pts',(-60.6768178194761,-5.6463760137558,59.));
#8951=CARTESIAN_POINT('Ctrl Pts',(-60.7477627640527,-5.49181988674567,60.));
#8952=CARTESIAN_POINT('Ctrl Pts',(-60.7477627640527,-5.49181988674567,59.));
#8953=CARTESIAN_POINT('Ctrl Pts',(-60.8987461762657,-5.16289706393279,60.));
#8954=CARTESIAN_POINT('Ctrl Pts',(-60.8987461762657,-5.16289706393279,59.));
#8955=CARTESIAN_POINT('Ctrl Pts',(-60.9128297413931,-4.80070049554008,60.));
#8956=CARTESIAN_POINT('Ctrl Pts',(-60.9128297413931,-4.80070049554008,59.));
#8957=CARTESIAN_POINT('Ctrl Pts',(-60.9202956408262,-4.60869491100311,60.));
#8958=CARTESIAN_POINT('Ctrl Pts',(-60.9202956408262,-4.60869491100311,59.));
#8959=CARTESIAN_POINT('',(-60.6768178194761,-5.6463760137558,60.));
#8960=CARTESIAN_POINT('Ctrl Pts',(-60.6768178194761,-5.6463760137558,60.));
#8961=CARTESIAN_POINT('Ctrl Pts',(-60.7477627640527,-5.49181988674567,60.));
#8962=CARTESIAN_POINT('Ctrl Pts',(-60.8987461762657,-5.16289706393279,60.));
#8963=CARTESIAN_POINT('Ctrl Pts',(-60.9128297413931,-4.80070049554008,60.));
#8964=CARTESIAN_POINT('Ctrl Pts',(-60.9202956408262,-4.60869491100311,60.));
#8965=CARTESIAN_POINT('',(-60.6768178194761,-5.6463760137558,60.));
#8966=CARTESIAN_POINT('Ctrl Pts',(-59.8420345038176,-6.28405749797821,60.));
#8967=CARTESIAN_POINT('Ctrl Pts',(-59.8420345038176,-6.28405749797821,59.));
#8968=CARTESIAN_POINT('Ctrl Pts',(-60.0212784135223,-6.20936615698348,60.));
#8969=CARTESIAN_POINT('Ctrl Pts',(-60.0212784135223,-6.20936615698348,59.));
#8970=CARTESIAN_POINT('Ctrl Pts',(-60.3566179760675,-6.06962940578035,60.));
#8971=CARTESIAN_POINT('Ctrl Pts',(-60.3566179760675,-6.06962940578035,59.));
#8972=CARTESIAN_POINT('Ctrl Pts',(-60.575112036025,-5.78081492345658,60.));
#8973=CARTESIAN_POINT('Ctrl Pts',(-60.575112036025,-5.78081492345658,59.));
#8974=CARTESIAN_POINT('Ctrl Pts',(-60.6768178194761,-5.6463760137558,60.));
#8975=CARTESIAN_POINT('Ctrl Pts',(-60.6768178194761,-5.6463760137558,59.));
#8976=CARTESIAN_POINT('',(-59.8420345038176,-6.28405749797821,60.));
#8977=CARTESIAN_POINT('Ctrl Pts',(-59.8420345038176,-6.28405749797821,60.));
#8978=CARTESIAN_POINT('Ctrl Pts',(-60.0212784135223,-6.20936615698348,60.));
#8979=CARTESIAN_POINT('Ctrl Pts',(-60.3566179760675,-6.06962940578035,60.));
#8980=CARTESIAN_POINT('Ctrl Pts',(-60.575112036025,-5.78081492345658,60.));
#8981=CARTESIAN_POINT('Ctrl Pts',(-60.6768178194761,-5.6463760137558,60.));
#8982=CARTESIAN_POINT('',(-59.8420345038176,-6.28405749797821,60.));
#8983=CARTESIAN_POINT('Ctrl Pts',(-58.1898605078459,-6.49855077266693,60.));
#8984=CARTESIAN_POINT('Ctrl Pts',(-58.1898605078459,-6.49855077266693,59.));
#8985=CARTESIAN_POINT('Ctrl Pts',(-58.5054220113795,-6.49515273393417,60.));
#8986=CARTESIAN_POINT('Ctrl Pts',(-58.5054220113795,-6.49515273393417,59.));
#8987=CARTESIAN_POINT('Ctrl Pts',(-59.0653486316394,-6.48912331551068,60.));
#8988=CARTESIAN_POINT('Ctrl Pts',(-59.0653486316394,-6.48912331551068,59.));
#8989=CARTESIAN_POINT('Ctrl Pts',(-59.6060567794589,-6.34636192078088,60.));
#8990=CARTESIAN_POINT('Ctrl Pts',(-59.6060567794589,-6.34636192078088,59.));
#8991=CARTESIAN_POINT('Ctrl Pts',(-59.8420345038176,-6.28405749797821,60.));
#8992=CARTESIAN_POINT('Ctrl Pts',(-59.8420345038176,-6.28405749797821,59.));
#8993=CARTESIAN_POINT('',(-58.1898605078459,-6.49855077266693,60.));
#8994=CARTESIAN_POINT('Ctrl Pts',(-58.1898605078459,-6.49855077266693,60.));
#8995=CARTESIAN_POINT('Ctrl Pts',(-58.5054220113795,-6.49515273393417,60.));
#8996=CARTESIAN_POINT('Ctrl Pts',(-59.0653486316394,-6.48912331551068,60.));
#8997=CARTESIAN_POINT('Ctrl Pts',(-59.6060567794589,-6.34636192078088,60.));
#8998=CARTESIAN_POINT('Ctrl Pts',(-59.8420345038176,-6.28405749797821,60.));
#8999=CARTESIAN_POINT('',(-58.1898605078459,-6.49855077266693,60.));
#9000=CARTESIAN_POINT('Ctrl Pts',(-55.9173976629972,-5.99420249462128,60.));
#9001=CARTESIAN_POINT('Ctrl Pts',(-55.9173976629972,-5.99420249462128,59.));
#9002=CARTESIAN_POINT('Ctrl Pts',(-56.2332639516804,-6.14076276547516,60.));
#9003=CARTESIAN_POINT('Ctrl Pts',(-56.2332639516804,-6.14076276547516,59.));
#9004=CARTESIAN_POINT('Ctrl Pts',(-56.9512050694704,-6.47388360948524,60.));
#9005=CARTESIAN_POINT('Ctrl Pts',(-56.9512050694704,-6.47388360948524,59.));
#9006=CARTESIAN_POINT('Ctrl Pts',(-57.7451952554564,-6.48969550105378,60.));
#9007=CARTESIAN_POINT('Ctrl Pts',(-57.7451952554564,-6.48969550105378,59.));
#9008=CARTESIAN_POINT('Ctrl Pts',(-58.1898605078459,-6.49855077266693,60.));
#9009=CARTESIAN_POINT('Ctrl Pts',(-58.1898605078459,-6.49855077266693,59.));
#9010=CARTESIAN_POINT('',(-55.9173976629972,-5.99420249462128,60.));
#9011=CARTESIAN_POINT('Ctrl Pts',(-55.9173976629972,-5.99420249462128,60.));
#9012=CARTESIAN_POINT('Ctrl Pts',(-56.2332639516804,-6.14076276547516,60.));
#9013=CARTESIAN_POINT('Ctrl Pts',(-56.9512050694704,-6.47388360948524,60.));
#9014=CARTESIAN_POINT('Ctrl Pts',(-57.7451952554564,-6.48969550105378,60.));
#9015=CARTESIAN_POINT('Ctrl Pts',(-58.1898605078459,-6.49855077266693,60.));
#9016=CARTESIAN_POINT('',(-55.9173976629972,-5.99420249462128,60.));
#9017=CARTESIAN_POINT('Ctrl Pts',(-55.1289903372526,-4.57391440868378,60.));
#9018=CARTESIAN_POINT('Ctrl Pts',(-55.1289903372526,-4.57391440868378,59.));
#9019=CARTESIAN_POINT('Ctrl Pts',(-55.1626898737832,-4.86261827695379,60.));
#9020=CARTESIAN_POINT('Ctrl Pts',(-55.1626898737832,-4.86261827695379,59.));
#9021=CARTESIAN_POINT('Ctrl Pts',(-55.2305313927779,-5.44381644700246,60.));
#9022=CARTESIAN_POINT('Ctrl Pts',(-55.2305313927779,-5.44381644700246,59.));
#9023=CARTESIAN_POINT('Ctrl Pts',(-55.6874489377863,-5.80994454586011,60.));
#9024=CARTESIAN_POINT('Ctrl Pts',(-55.6874489377863,-5.80994454586011,59.));
#9025=CARTESIAN_POINT('Ctrl Pts',(-55.9173976629972,-5.99420249462128,60.));
#9026=CARTESIAN_POINT('Ctrl Pts',(-55.9173976629972,-5.99420249462128,59.));
#9027=CARTESIAN_POINT('',(-55.1289903372526,-4.57391440868378,60.));
#9028=CARTESIAN_POINT('Ctrl Pts',(-55.1289903372526,-4.57391440868378,60.));
#9029=CARTESIAN_POINT('Ctrl Pts',(-55.1626898737832,-4.86261827695379,60.));
#9030=CARTESIAN_POINT('Ctrl Pts',(-55.2305313927779,-5.44381644700246,60.));
#9031=CARTESIAN_POINT('Ctrl Pts',(-55.6874489377863,-5.80994454586011,60.));
#9032=CARTESIAN_POINT('Ctrl Pts',(-55.9173976629972,-5.99420249462128,60.));
#9033=CARTESIAN_POINT('',(-55.1289903372526,-4.57391440868378,60.));
#9034=CARTESIAN_POINT('Ctrl Pts',(-55.4188453406096,-3.70434701442719,60.));
#9035=CARTESIAN_POINT('Ctrl Pts',(-55.4188453406096,-3.70434701442719,59.));
#9036=CARTESIAN_POINT('Ctrl Pts',(-55.3343040673174,-3.83654492426799,60.));
#9037=CARTESIAN_POINT('Ctrl Pts',(-55.3343040673174,-3.83654492426799,59.));
#9038=CARTESIAN_POINT('Ctrl Pts',(-55.1645614330715,-4.10197292865415,60.));
#9039=CARTESIAN_POINT('Ctrl Pts',(-55.1645614330715,-4.10197292865415,59.));
#9040=CARTESIAN_POINT('Ctrl Pts',(-55.1408780687993,-4.41619327327289,60.));
#9041=CARTESIAN_POINT('Ctrl Pts',(-55.1408780687993,-4.41619327327289,59.));
#9042=CARTESIAN_POINT('Ctrl Pts',(-55.1289903372526,-4.57391440868378,60.));
#9043=CARTESIAN_POINT('Ctrl Pts',(-55.1289903372526,-4.57391440868378,59.));
#9044=CARTESIAN_POINT('',(-55.4188453406096,-3.70434701442719,60.));
#9045=CARTESIAN_POINT('Ctrl Pts',(-55.4188453406096,-3.70434701442719,60.));
#9046=CARTESIAN_POINT('Ctrl Pts',(-55.3343040673174,-3.83654492426799,60.));
#9047=CARTESIAN_POINT('Ctrl Pts',(-55.1645614330715,-4.10197292865415,60.));
#9048=CARTESIAN_POINT('Ctrl Pts',(-55.1408780687993,-4.41619327327289,60.));
#9049=CARTESIAN_POINT('Ctrl Pts',(-55.1289903372526,-4.57391440868378,60.));
#9050=CARTESIAN_POINT('',(-55.4188453406096,-3.70434701442719,60.));
#9051=CARTESIAN_POINT('Ctrl Pts',(-56.2072526663542,-3.09565246105194,60.));
#9052=CARTESIAN_POINT('Ctrl Pts',(-56.2072526663542,-3.09565246105194,59.));
#9053=CARTESIAN_POINT('Ctrl Pts',(-56.0501336928987,-3.17365216432148,60.));
#9054=CARTESIAN_POINT('Ctrl Pts',(-56.0501336928987,-3.17365216432148,59.));
#9055=CARTESIAN_POINT('Ctrl Pts',(-55.7466162787193,-3.32432949960749,60.));
#9056=CARTESIAN_POINT('Ctrl Pts',(-55.7466162787193,-3.32432949960749,59.));
#9057=CARTESIAN_POINT('Ctrl Pts',(-55.525498959794,-3.58069284440608,60.));
#9058=CARTESIAN_POINT('Ctrl Pts',(-55.525498959794,-3.58069284440608,59.));
#9059=CARTESIAN_POINT('Ctrl Pts',(-55.4188453406096,-3.70434701442719,60.));
#9060=CARTESIAN_POINT('Ctrl Pts',(-55.4188453406096,-3.70434701442719,59.));
#9061=CARTESIAN_POINT('',(-56.2072526663542,-3.09565246105194,60.));
#9062=CARTESIAN_POINT('Ctrl Pts',(-56.2072526663542,-3.09565246105194,60.));
#9063=CARTESIAN_POINT('Ctrl Pts',(-56.0501336928987,-3.17365216432148,60.));
#9064=CARTESIAN_POINT('Ctrl Pts',(-55.7466162787193,-3.32432949960749,60.));
#9065=CARTESIAN_POINT('Ctrl Pts',(-55.525498959794,-3.58069284440608,60.));
#9066=CARTESIAN_POINT('Ctrl Pts',(-55.4188453406096,-3.70434701442719,60.));
#9067=CARTESIAN_POINT('',(-56.2072526663542,-3.09565246105194,60.));
#9068=CARTESIAN_POINT('Ctrl Pts',(-57.3608743399382,-2.86956489086151,60.));
#9069=CARTESIAN_POINT('Ctrl Pts',(-57.3608743399382,-2.86956489086151,59.));
#9070=CARTESIAN_POINT('Ctrl Pts',(-57.1532887478802,-2.87711329125417,60.));
#9071=CARTESIAN_POINT('Ctrl Pts',(-57.1532887478802,-2.87711329125417,59.));
#9072=CARTESIAN_POINT('Ctrl Pts',(-56.7564913442858,-2.89154196931127,60.));
#9073=CARTESIAN_POINT('Ctrl Pts',(-56.7564913442858,-2.89154196931127,59.));
#9074=CARTESIAN_POINT('Ctrl Pts',(-56.384591934294,-3.02974886278306,60.));
#9075=CARTESIAN_POINT('Ctrl Pts',(-56.384591934294,-3.02974886278306,59.));
#9076=CARTESIAN_POINT('Ctrl Pts',(-56.2072526663542,-3.09565246105194,60.));
#9077=CARTESIAN_POINT('Ctrl Pts',(-56.2072526663542,-3.09565246105194,59.));
#9078=CARTESIAN_POINT('',(-57.3608743399382,-2.86956489086151,60.));
#9079=CARTESIAN_POINT('Ctrl Pts',(-57.3608743399382,-2.86956489086151,60.));
#9080=CARTESIAN_POINT('Ctrl Pts',(-57.1532887478802,-2.87711329125417,60.));
#9081=CARTESIAN_POINT('Ctrl Pts',(-56.7564913442858,-2.89154196931127,60.));
#9082=CARTESIAN_POINT('Ctrl Pts',(-56.384591934294,-3.02974886278306,60.));
#9083=CARTESIAN_POINT('Ctrl Pts',(-56.2072526663542,-3.09565246105194,60.));
#9084=CARTESIAN_POINT('',(-57.3608743399382,-2.86956489086151,60.));
#9085=CARTESIAN_POINT('Origin',(-58.427542373538,-2.86956489086151,60.));
#9086=CARTESIAN_POINT('',(-58.427542373538,-2.86956489086151,60.));
#9087=CARTESIAN_POINT('',(10.786228813231,-2.86956489086151,60.));
#9088=CARTESIAN_POINT('',(-58.427542373538,-2.86956489086151,60.));
#9089=CARTESIAN_POINT('Ctrl Pts',(-59.042035266757,-2.73623168468475,60.));
#9090=CARTESIAN_POINT('Ctrl Pts',(-59.042035266757,-2.73623168468475,59.));
#9091=CARTESIAN_POINT('Ctrl Pts',(-58.9660426067068,-2.77472741007018,60.));
#9092=CARTESIAN_POINT('Ctrl Pts',(-58.9660426067068,-2.77472741007018,59.));
#9093=CARTESIAN_POINT('Ctrl Pts',(-58.7744756807149,-2.87176977930748,60.));
#9094=CARTESIAN_POINT('Ctrl Pts',(-58.7744756807149,-2.87176977930748,59.));
#9095=CARTESIAN_POINT('Ctrl Pts',(-58.558090028365,-2.87039456910175,60.));
#9096=CARTESIAN_POINT('Ctrl Pts',(-58.558090028365,-2.87039456910175,59.));
#9097=CARTESIAN_POINT('Ctrl Pts',(-58.427542373538,-2.86956489086151,60.));
#9098=CARTESIAN_POINT('Ctrl Pts',(-58.427542373538,-2.86956489086151,59.));
#9099=CARTESIAN_POINT('',(-59.042035266757,-2.73623168468475,60.));
#9100=CARTESIAN_POINT('Ctrl Pts',(-59.042035266757,-2.73623168468475,60.));
#9101=CARTESIAN_POINT('Ctrl Pts',(-58.9660426067068,-2.77472741007018,60.));
#9102=CARTESIAN_POINT('Ctrl Pts',(-58.7744756807149,-2.87176977930748,60.));
#9103=CARTESIAN_POINT('Ctrl Pts',(-58.558090028365,-2.87039456910175,60.));
#9104=CARTESIAN_POINT('Ctrl Pts',(-58.427542373538,-2.86956489086151,60.));
#9105=CARTESIAN_POINT('',(-59.042035266757,-2.73623168468475,60.));
#9106=CARTESIAN_POINT('Ctrl Pts',(-59.1927587240934,-2.41159498691559,60.));
#9107=CARTESIAN_POINT('Ctrl Pts',(-59.1927587240934,-2.41159498691559,59.));
#9108=CARTESIAN_POINT('Ctrl Pts',(-59.1857919962063,-2.47212061018318,60.));
#9109=CARTESIAN_POINT('Ctrl Pts',(-59.1857919962063,-2.47212061018318,59.));
#9110=CARTESIAN_POINT('Ctrl Pts',(-59.1714491532668,-2.59672853551145,60.));
#9111=CARTESIAN_POINT('Ctrl Pts',(-59.1714491532668,-2.59672853551145,59.));
#9112=CARTESIAN_POINT('Ctrl Pts',(-59.0859863493379,-2.68885412270158,60.));
#9113=CARTESIAN_POINT('Ctrl Pts',(-59.0859863493379,-2.68885412270158,59.));
#9114=CARTESIAN_POINT('Ctrl Pts',(-59.042035266757,-2.73623168468475,60.));
#9115=CARTESIAN_POINT('Ctrl Pts',(-59.042035266757,-2.73623168468475,59.));
#9116=CARTESIAN_POINT('',(-59.1927587240934,-2.41159498691559,60.));
#9117=CARTESIAN_POINT('Ctrl Pts',(-59.1927587240934,-2.41159498691559,60.));
#9118=CARTESIAN_POINT('Ctrl Pts',(-59.1857919962063,-2.47212061018318,60.));
#9119=CARTESIAN_POINT('Ctrl Pts',(-59.1714491532668,-2.59672853551145,60.));
#9120=CARTESIAN_POINT('Ctrl Pts',(-59.0859863493379,-2.68885412270158,60.));
#9121=CARTESIAN_POINT('Ctrl Pts',(-59.042035266757,-2.73623168468475,60.));
#9122=CARTESIAN_POINT('',(-59.1927587240934,-2.41159498691559,60.));
#9123=CARTESIAN_POINT('Ctrl Pts',(-58.920296356082,-1.90724670886993,60.));
#9124=CARTESIAN_POINT('Ctrl Pts',(-58.920296356082,-1.90724670886993,59.));
#9125=CARTESIAN_POINT('Ctrl Pts',(-58.9997641889171,-1.97310075783971,60.));
#9126=CARTESIAN_POINT('Ctrl Pts',(-58.9997641889171,-1.97310075783971,59.));
#9127=CARTESIAN_POINT('Ctrl Pts',(-59.1584432133542,-2.10459618023813,60.));
#9128=CARTESIAN_POINT('Ctrl Pts',(-59.1584432133542,-2.10459618023813,59.));
#9129=CARTESIAN_POINT('Ctrl Pts',(-59.1813325606246,-2.30937245039358,60.));
#9130=CARTESIAN_POINT('Ctrl Pts',(-59.1813325606246,-2.30937245039358,59.));
#9131=CARTESIAN_POINT('Ctrl Pts',(-59.1927587240934,-2.41159498691559,60.));
#9132=CARTESIAN_POINT('Ctrl Pts',(-59.1927587240934,-2.41159498691559,59.));
#9133=CARTESIAN_POINT('',(-58.920296356082,-1.90724670886993,60.));
#9134=CARTESIAN_POINT('Ctrl Pts',(-58.920296356082,-1.90724670886993,60.));
#9135=CARTESIAN_POINT('Ctrl Pts',(-58.9997641889171,-1.97310075783971,60.));
#9136=CARTESIAN_POINT('Ctrl Pts',(-59.1584432133542,-2.10459618023813,60.));
#9137=CARTESIAN_POINT('Ctrl Pts',(-59.1813325606246,-2.30937245039358,60.));
#9138=CARTESIAN_POINT('Ctrl Pts',(-59.1927587240934,-2.41159498691559,60.));
#9139=CARTESIAN_POINT('',(-58.920296356082,-1.90724670886993,60.));
#9140=CARTESIAN_POINT('Ctrl Pts',(-58.5434829443693,-1.98260843753815,60.));
#9141=CARTESIAN_POINT('Ctrl Pts',(-58.5434829443693,-1.98260843753815,59.));
#9142=CARTESIAN_POINT('Ctrl Pts',(-58.6070095234581,-1.97367147433527,60.));
#9143=CARTESIAN_POINT('Ctrl Pts',(-58.6070095234581,-1.97367147433527,59.));
#9144=CARTESIAN_POINT('Ctrl Pts',(-58.7340632872313,-1.95579746273388,60.));
#9145=CARTESIAN_POINT('Ctrl Pts',(-58.7340632872313,-1.95579746273388,59.));
#9146=CARTESIAN_POINT('Ctrl Pts',(-58.8582184692052,-1.92343034491669,60.));
#9147=CARTESIAN_POINT('Ctrl Pts',(-58.8582184692052,-1.92343034491669,59.));
#9148=CARTESIAN_POINT('Ctrl Pts',(-58.920296356082,-1.90724670886993,60.));
#9149=CARTESIAN_POINT('Ctrl Pts',(-58.920296356082,-1.90724670886993,59.));
#9150=CARTESIAN_POINT('',(-58.5434829443693,-1.98260843753815,60.));
#9151=CARTESIAN_POINT('Ctrl Pts',(-58.5434829443693,-1.98260843753815,60.));
#9152=CARTESIAN_POINT('Ctrl Pts',(-58.6070095234581,-1.97367147433527,60.));
#9153=CARTESIAN_POINT('Ctrl Pts',(-58.7340632872313,-1.95579746273388,60.));
#9154=CARTESIAN_POINT('Ctrl Pts',(-58.8582184692052,-1.92343034491669,60.));
#9155=CARTESIAN_POINT('Ctrl Pts',(-58.920296356082,-1.90724670886993,60.));
#9156=CARTESIAN_POINT('',(-58.5434829443693,-1.98260843753815,60.));
#9157=CARTESIAN_POINT('Ctrl Pts',(-58.0797158926725,-2.00579702854156,60.));
#9158=CARTESIAN_POINT('Ctrl Pts',(-58.0797158926725,-2.00579702854156,59.));
#9159=CARTESIAN_POINT('Ctrl Pts',(-58.1628748814306,-2.00514875340083,60.));
#9160=CARTESIAN_POINT('Ctrl Pts',(-58.1628748814306,-2.00514875340083,59.));
#9161=CARTESIAN_POINT('Ctrl Pts',(-58.3178038503336,-2.00394098740199,60.));
#9162=CARTESIAN_POINT('Ctrl Pts',(-58.3178038503336,-2.00394098740199,59.));
#9163=CARTESIAN_POINT('Ctrl Pts',(-58.4720358372429,-1.98936204926241,60.));
#9164=CARTESIAN_POINT('Ctrl Pts',(-58.4720358372429,-1.98936204926241,59.));
#9165=CARTESIAN_POINT('Ctrl Pts',(-58.5434829443693,-1.98260843753815,60.));
#9166=CARTESIAN_POINT('Ctrl Pts',(-58.5434829443693,-1.98260843753815,59.));
#9167=CARTESIAN_POINT('',(-58.0797158926725,-2.00579702854156,60.));
#9168=CARTESIAN_POINT('Ctrl Pts',(-58.0797158926725,-2.00579702854156,60.));
#9169=CARTESIAN_POINT('Ctrl Pts',(-58.1628748814306,-2.00514875340083,60.));
#9170=CARTESIAN_POINT('Ctrl Pts',(-58.3178038503336,-2.00394098740199,60.));
#9171=CARTESIAN_POINT('Ctrl Pts',(-58.4720358372429,-1.98936204926241,60.));
#9172=CARTESIAN_POINT('Ctrl Pts',(-58.5434829443693,-1.98260843753815,60.));
#9173=CARTESIAN_POINT('',(-58.0797158926725,-2.00579702854156,60.));
#9174=CARTESIAN_POINT('Ctrl Pts',(-56.792758628726,-1.73913061618805,60.));
#9175=CARTESIAN_POINT('Ctrl Pts',(-56.792758628726,-1.73913061618805,59.));
#9176=CARTESIAN_POINT('Ctrl Pts',(-56.9874962828702,-1.81684139203542,60.));
#9177=CARTESIAN_POINT('Ctrl Pts',(-56.9874962828702,-1.81684139203542,59.));
#9178=CARTESIAN_POINT('Ctrl Pts',(-57.4002535629665,-1.98155370005768,60.));
#9179=CARTESIAN_POINT('Ctrl Pts',(-57.4002535629665,-1.98155370005768,59.));
#9180=CARTESIAN_POINT('Ctrl Pts',(-57.8448687992698,-1.9974176453441,60.));
#9181=CARTESIAN_POINT('Ctrl Pts',(-57.8448687992698,-1.9974176453441,59.));
#9182=CARTESIAN_POINT('Ctrl Pts',(-58.0797158926725,-2.00579702854156,60.));
#9183=CARTESIAN_POINT('Ctrl Pts',(-58.0797158926725,-2.00579702854156,59.));
#9184=CARTESIAN_POINT('',(-56.792758628726,-1.73913061618805,60.));
#9185=CARTESIAN_POINT('Ctrl Pts',(-56.792758628726,-1.73913061618805,60.));
#9186=CARTESIAN_POINT('Ctrl Pts',(-56.9874962828702,-1.81684139203542,60.));
#9187=CARTESIAN_POINT('Ctrl Pts',(-57.4002535629665,-1.98155370005768,60.));
#9188=CARTESIAN_POINT('Ctrl Pts',(-57.8448687992698,-1.9974176453441,60.));
#9189=CARTESIAN_POINT('Ctrl Pts',(-58.0797158926725,-2.00579702854156,60.));
#9190=CARTESIAN_POINT('',(-56.792758628726,-1.73913061618805,60.));
#9191=CARTESIAN_POINT('Ctrl Pts',(-55.9579765051603,-1.00289881229401,60.));
#9192=CARTESIAN_POINT('Ctrl Pts',(-55.9579765051603,-1.00289881229401,59.));
#9193=CARTESIAN_POINT('Ctrl Pts',(-56.0674057309823,-1.1520180312537,60.));
#9194=CARTESIAN_POINT('Ctrl Pts',(-56.0674057309823,-1.1520180312537,59.));
#9195=CARTESIAN_POINT('Ctrl Pts',(-56.2919048923658,-1.4579430650018,60.));
#9196=CARTESIAN_POINT('Ctrl Pts',(-56.2919048923658,-1.4579430650018,59.));
#9197=CARTESIAN_POINT('Ctrl Pts',(-56.6230340934629,-1.64384446180356,60.));
#9198=CARTESIAN_POINT('Ctrl Pts',(-56.6230340934629,-1.64384446180356,59.));
#9199=CARTESIAN_POINT('Ctrl Pts',(-56.792758628726,-1.73913061618805,60.));
#9200=CARTESIAN_POINT('Ctrl Pts',(-56.792758628726,-1.73913061618805,59.));
#9201=CARTESIAN_POINT('',(-55.9579765051603,-1.00289881229401,60.));
#9202=CARTESIAN_POINT('Ctrl Pts',(-55.9579765051603,-1.00289881229401,60.));
#9203=CARTESIAN_POINT('Ctrl Pts',(-56.0674057309823,-1.1520180312537,60.));
#9204=CARTESIAN_POINT('Ctrl Pts',(-56.2919048923658,-1.4579430650018,60.));
#9205=CARTESIAN_POINT('Ctrl Pts',(-56.6230340934629,-1.64384446180356,60.));
#9206=CARTESIAN_POINT('Ctrl Pts',(-56.792758628726,-1.73913061618805,60.));
#9207=CARTESIAN_POINT('',(-55.9579765051603,-1.00289881229401,60.));
#9208=CARTESIAN_POINT('Ctrl Pts',(-55.6681215018034,0.0637680292129517,
60.));
#9209=CARTESIAN_POINT('Ctrl Pts',(-55.6681215018034,0.0637680292129517,
59.));
#9210=CARTESIAN_POINT('Ctrl Pts',(-55.6791589777213,-0.128243716066581,
60.));
#9211=CARTESIAN_POINT('Ctrl Pts',(-55.6791589777213,-0.128243716066581,
59.));
#9212=CARTESIAN_POINT('Ctrl Pts',(-55.7007826546632,-0.504416672623118,
60.));
#9213=CARTESIAN_POINT('Ctrl Pts',(-55.7007826546632,-0.504416672623118,
59.));
#9214=CARTESIAN_POINT('Ctrl Pts',(-55.8734463555468,-0.839066085482643,
60.));
#9215=CARTESIAN_POINT('Ctrl Pts',(-55.8734463555468,-0.839066085482643,
59.));
#9216=CARTESIAN_POINT('Ctrl Pts',(-55.9579765051603,-1.00289881229401,60.));
#9217=CARTESIAN_POINT('Ctrl Pts',(-55.9579765051603,-1.00289881229401,59.));
#9218=CARTESIAN_POINT('',(-55.671841368951,4.33680868994202E-18,60.));
#9219=CARTESIAN_POINT('Ctrl Pts',(-55.671841368951,1.95156391047391E-17,
59.));
#9220=CARTESIAN_POINT('Ctrl Pts',(-55.671841368951,1.95156391047391E-17,
59.1666666666667));
#9221=CARTESIAN_POINT('Ctrl Pts',(-55.671841368951,1.95156391047391E-17,
59.3333333333333));
#9222=CARTESIAN_POINT('Ctrl Pts',(-55.671841368951,1.95156391047391E-17,
59.6666666666667));
#9223=CARTESIAN_POINT('Ctrl Pts',(-55.671841368951,1.95156391047391E-17,
59.8333333333333));
#9224=CARTESIAN_POINT('Ctrl Pts',(-55.671841368951,1.95156391047391E-17,
60.));
#9225=CARTESIAN_POINT('Ctrl Pts',(-55.671841368951,4.33680868994202E-18,
60.));
#9226=CARTESIAN_POINT('Ctrl Pts',(-55.6820857545427,-0.1706328844323,60.));
#9227=CARTESIAN_POINT('Ctrl Pts',(-55.7105414279997,-0.523330710435151,
60.));
#9228=CARTESIAN_POINT('Ctrl Pts',(-55.8734463555468,-0.839066085482643,
60.));
#9229=CARTESIAN_POINT('Ctrl Pts',(-55.9579765051603,-1.00289881229401,60.));
#9230=CARTESIAN_POINT('Origin',(0.,0.,55.));
#9231=CARTESIAN_POINT('',(-80.,0.,60.));
#9232=CARTESIAN_POINT('',(-80.,0.,60.));
#9233=CARTESIAN_POINT('',(-80.,0.,60.));
#9234=CARTESIAN_POINT('',(-80.,0.,60.));
#9235=CARTESIAN_POINT('',(-80.,0.,60.));
#9236=CARTESIAN_POINT('',(-80.,0.,60.));
#9237=CARTESIAN_POINT('',(-80.,0.,60.));
#9238=CARTESIAN_POINT('',(-80.,0.,60.));
#9239=CARTESIAN_POINT('',(-80.,0.,60.));
#9240=CARTESIAN_POINT('',(-80.,0.,60.));
#9241=CARTESIAN_POINT('',(-80.,0.,60.));
#9242=CARTESIAN_POINT('',(-80.,0.,60.));
#9243=CARTESIAN_POINT('',(-80.,0.,60.));
#9244=CARTESIAN_POINT('',(-80.,0.,60.));
#9245=CARTESIAN_POINT('',(-80.,0.,60.));
#9246=CARTESIAN_POINT('',(-80.,0.,60.));
#9247=CARTESIAN_POINT('',(-80.,0.,60.));
#9248=CARTESIAN_POINT('',(-80.,0.,60.));
#9249=CARTESIAN_POINT('',(-80.,0.,60.));
#9250=CARTESIAN_POINT('',(-80.,0.,60.));
#9251=CARTESIAN_POINT('',(-80.,0.,60.));
#9252=CARTESIAN_POINT('',(80.,0.,60.));
#9253=CARTESIAN_POINT('',(-80.,0.,60.));
#9254=CARTESIAN_POINT('',(85.,0.,55.));
#9255=CARTESIAN_POINT('Origin',(80.,0.,55.));
#9256=CARTESIAN_POINT('',(85.0000012665987,0.,50.1250007450581));
#9257=CARTESIAN_POINT('',(85.,0.,55.));
#9258=CARTESIAN_POINT('',(-85.0000012665987,0.,50.1250007450581));
#9259=CARTESIAN_POINT('',(42.5000006332994,0.,50.1250007450581));
#9260=CARTESIAN_POINT('',(-85.,0.,55.));
#9261=CARTESIAN_POINT('',(-85.,0.,-55.));
#9262=CARTESIAN_POINT('',(-80.,0.,60.));
#9263=CARTESIAN_POINT('Origin',(-80.,0.,55.));
#9264=CARTESIAN_POINT('',(-80.,0.,60.));
#9265=CARTESIAN_POINT('',(-80.,0.,60.));
#9266=CARTESIAN_POINT('',(-80.,0.,60.));
#9267=CARTESIAN_POINT('',(-80.,0.,60.));
#9268=CARTESIAN_POINT('',(82.,0.,55.));
#9269=CARTESIAN_POINT('Origin',(80.,0.,55.));
#9270=CARTESIAN_POINT('',(-78.,0.,55.));
#9271=CARTESIAN_POINT('Origin',(-80.,0.,55.));
#9272=CARTESIAN_POINT('Origin',(80.,-10.,60.));
#9273=CARTESIAN_POINT('Origin',(80.,-10.,60.));
#9274=CARTESIAN_POINT('Origin',(80.,-10.,60.));
#9275=CARTESIAN_POINT('Origin',(80.,-10.,60.));
#9276=CARTESIAN_POINT('Origin',(80.,-10.,60.));
#9277=CARTESIAN_POINT('Origin',(80.,-10.,60.));
#9278=CARTESIAN_POINT('Origin',(80.,-10.,60.));
#9279=CARTESIAN_POINT('Origin',(80.,-10.,60.));
#9280=CARTESIAN_POINT('Origin',(-80.,-20.,-55.));
#9281=CARTESIAN_POINT('',(-82.,-20.,-55.));
#9282=CARTESIAN_POINT('Origin',(-80.,-20.,-55.));
#9283=CARTESIAN_POINT('',(-82.,-13.2,-55.));
#9284=CARTESIAN_POINT('',(-82.,-20.,-55.));
#9285=CARTESIAN_POINT('Origin',(-80.,-13.2,-55.));
#9286=CARTESIAN_POINT('Origin',(-80.,-13.2,-55.));
#9287=CARTESIAN_POINT('Origin',(80.,-20.,-55.));
#9288=CARTESIAN_POINT('',(78.,-20.,-55.));
#9289=CARTESIAN_POINT('Origin',(80.,-20.,-55.));
#9290=CARTESIAN_POINT('',(78.,-13.2,-55.));
#9291=CARTESIAN_POINT('',(78.,-20.,-55.));
#9292=CARTESIAN_POINT('Origin',(80.,-13.2,-55.));
#9293=CARTESIAN_POINT('Origin',(80.,-13.2,-55.));
#9294=CARTESIAN_POINT('Origin',(-80.,-20.,55.));
#9295=CARTESIAN_POINT('',(-82.,-20.,55.));
#9296=CARTESIAN_POINT('Origin',(-80.,-20.,55.));
#9297=CARTESIAN_POINT('',(-82.,-13.2,55.));
#9298=CARTESIAN_POINT('',(-82.,-20.,55.));
#9299=CARTESIAN_POINT('Origin',(-80.,-13.2,55.));
#9300=CARTESIAN_POINT('Origin',(-80.,-13.2,55.));
#9301=CARTESIAN_POINT('Origin',(80.,-20.,55.));
#9302=CARTESIAN_POINT('',(78.,-20.,55.));
#9303=CARTESIAN_POINT('Origin',(80.,-20.,55.));
#9304=CARTESIAN_POINT('',(78.,-13.2,55.));
#9305=CARTESIAN_POINT('',(78.,-20.,55.));
#9306=CARTESIAN_POINT('Origin',(80.,-13.2,55.));
#9307=CARTESIAN_POINT('Origin',(80.,-13.2,55.));
#9308=CARTESIAN_POINT('Origin',(-80.,0.,55.));
#9309=CARTESIAN_POINT('',(-78.,-6.7,55.));
#9310=CARTESIAN_POINT('',(-78.,0.,55.));
#9311=CARTESIAN_POINT('Origin',(-80.,-6.7,55.));
#9312=CARTESIAN_POINT('Origin',(-80.,-6.7,55.));
#9313=CARTESIAN_POINT('Origin',(80.,0.,55.));
#9314=CARTESIAN_POINT('',(82.,-6.7,55.));
#9315=CARTESIAN_POINT('',(82.,0.,55.));
#9316=CARTESIAN_POINT('Origin',(80.,-6.7,55.));
#9317=CARTESIAN_POINT('Origin',(80.,-6.7,55.));
#9318=CARTESIAN_POINT('Origin',(-80.,0.,-55.));
#9319=CARTESIAN_POINT('',(-78.,0.,-55.));
#9320=CARTESIAN_POINT('Origin',(-80.,0.,-55.));
#9321=CARTESIAN_POINT('',(-78.,-6.7,-55.));
#9322=CARTESIAN_POINT('',(-78.,0.,-55.));
#9323=CARTESIAN_POINT('Origin',(-80.,-6.7,-55.));
#9324=CARTESIAN_POINT('Origin',(-80.,-6.7,-55.));
#9325=CARTESIAN_POINT('Origin',(80.,0.,-55.));
#9326=CARTESIAN_POINT('',(82.,0.,-55.));
#9327=CARTESIAN_POINT('Origin',(80.,0.,-55.));
#9328=CARTESIAN_POINT('',(82.,-6.7,-55.));
#9329=CARTESIAN_POINT('',(82.,0.,-55.));
#9330=CARTESIAN_POINT('Origin',(80.,-6.7,-55.));
#9331=CARTESIAN_POINT('Origin',(80.,-6.7,-55.));
#9332=CARTESIAN_POINT('Origin',(-85.,0.,-50.1250007450581));
#9333=CARTESIAN_POINT('',(-85.,0.,-50.1250007450581));
#9334=CARTESIAN_POINT('',(85.0000012349337,0.,-50.1250007450581));
#9335=CARTESIAN_POINT('',(-42.4999996833503,0.,-50.1250007450581));
#9336=CARTESIAN_POINT('',(-85.,-10.,-50.1250007450581));
#9337=CARTESIAN_POINT('',(-85.,-5.,-50.1250007450581));
#9338=CARTESIAN_POINT('',(85.0000012349337,-10.,-50.1250007450581));
#9339=CARTESIAN_POINT('',(-85.0000012665987,-10.,-50.1250007450581));
#9340=CARTESIAN_POINT('',(85.,-5.,-50.1250007450581));
#9341=CARTESIAN_POINT('Origin',(85.0000012665987,0.,50.1250007450581));
#9342=CARTESIAN_POINT('',(85.0000012665987,-10.,50.1250007450581));
#9343=CARTESIAN_POINT('',(85.,-5.,50.1250007450581));
#9344=CARTESIAN_POINT('',(-85.0000012665987,-10.,50.1250007450581));
#9345=CARTESIAN_POINT('',(-85.0000012665987,-10.,50.1250007450581));
#9346=CARTESIAN_POINT('',(-85.,-5.,50.1250007450581));
#9347=CARTESIAN_POINT('Origin',(85.,-10.,-55.));
#9348=CARTESIAN_POINT('',(85.,-10.,55.));
#9349=CARTESIAN_POINT('',(85.,-20.,55.));
#9350=CARTESIAN_POINT('',(85.,-10.,55.));
#9351=CARTESIAN_POINT('',(85.,-20.,-55.));
#9352=CARTESIAN_POINT('',(85.,-20.,55.));
#9353=CARTESIAN_POINT('',(85.,0.,-55.));
#9354=CARTESIAN_POINT('',(85.,-10.,-55.));
#9355=CARTESIAN_POINT('',(85.,0.,55.));
#9356=CARTESIAN_POINT('Origin',(0.,-10.,0.));
#9357=CARTESIAN_POINT('',(-85.,-10.,-55.));
#9358=CARTESIAN_POINT('',(60.,-10.,-25.));
#9359=CARTESIAN_POINT('',(55.,-10.,-30.));
#9360=CARTESIAN_POINT('Origin',(55.,-10.,-25.));
#9361=CARTESIAN_POINT('',(60.,-10.,25.));
#9362=CARTESIAN_POINT('',(60.,-10.,25.));
#9363=CARTESIAN_POINT('',(55.,-10.,30.));
#9364=CARTESIAN_POINT('Origin',(55.,-10.,25.));
#9365=CARTESIAN_POINT('',(-55.,-10.,30.));
#9366=CARTESIAN_POINT('',(-55.,-10.,30.));
#9367=CARTESIAN_POINT('',(-60.,-10.,25.));
#9368=CARTESIAN_POINT('Origin',(-55.,-10.,25.));
#9369=CARTESIAN_POINT('',(-60.,-10.,-25.));
#9370=CARTESIAN_POINT('',(-60.,-10.,-25.));
#9371=CARTESIAN_POINT('',(-55.,-10.,-30.));
#9372=CARTESIAN_POINT('Origin',(-55.,-10.,-25.));
#9373=CARTESIAN_POINT('',(55.,-10.,-30.));
#9374=CARTESIAN_POINT('Origin',(6.33299350738525E-7,0.,-55.000000372529));
#9375=CARTESIAN_POINT('',(80.,0.,-60.));
#9376=CARTESIAN_POINT('Origin',(80.,0.,-55.));
#9377=CARTESIAN_POINT('',(-80.,0.,-60.));
#9378=CARTESIAN_POINT('',(80.,0.,-60.));
#9379=CARTESIAN_POINT('',(-85.,0.,-55.));
#9380=CARTESIAN_POINT('Origin',(-80.,0.,-55.));
#9381=CARTESIAN_POINT('',(-85.,0.,-55.));
#9382=CARTESIAN_POINT('Origin',(60.,-10.,25.));
#9383=CARTESIAN_POINT('',(60.,-20.,-25.));
#9384=CARTESIAN_POINT('',(60.,-10.,-25.));
#9385=CARTESIAN_POINT('',(60.,-20.,25.));
#9386=CARTESIAN_POINT('',(60.,-20.,25.));
#9387=CARTESIAN_POINT('',(60.,-10.,25.));
#9388=CARTESIAN_POINT('Origin',(55.,-10.,25.));
#9389=CARTESIAN_POINT('',(55.,-20.,30.));
#9390=CARTESIAN_POINT('Origin',(55.,-20.,25.));
#9391=CARTESIAN_POINT('',(55.,-10.,30.));
#9392=CARTESIAN_POINT('Origin',(-55.,-10.,30.));
#9393=CARTESIAN_POINT('',(-55.,-20.,30.));
#9394=CARTESIAN_POINT('',(-55.,-20.,30.));
#9395=CARTESIAN_POINT('',(-55.,-10.,30.));
#9396=CARTESIAN_POINT('Origin',(-55.,-10.,25.));
#9397=CARTESIAN_POINT('',(-60.,-20.,25.));
#9398=CARTESIAN_POINT('Origin',(-55.,-20.,25.));
#9399=CARTESIAN_POINT('',(-60.,-10.,25.));
#9400=CARTESIAN_POINT('Origin',(-60.,-10.,-25.));
#9401=CARTESIAN_POINT('',(-60.,-20.,-25.));
#9402=CARTESIAN_POINT('',(-60.,-20.,-25.));
#9403=CARTESIAN_POINT('',(-60.,-10.,-25.));
#9404=CARTESIAN_POINT('Origin',(-55.,-10.,-25.));
#9405=CARTESIAN_POINT('',(-55.,-20.,-30.));
#9406=CARTESIAN_POINT('Origin',(-55.,-20.,-25.));
#9407=CARTESIAN_POINT('',(-55.,-10.,-30.));
#9408=CARTESIAN_POINT('Origin',(55.,-10.,-30.));
#9409=CARTESIAN_POINT('',(55.,-20.,-30.));
#9410=CARTESIAN_POINT('',(55.,-20.,-30.));
#9411=CARTESIAN_POINT('',(55.,-10.,-30.));
#9412=CARTESIAN_POINT('Origin',(55.,-10.,-25.));
#9413=CARTESIAN_POINT('Origin',(55.,-20.,-25.));
#9414=CARTESIAN_POINT('Origin',(-80.,-10.,55.));
#9415=CARTESIAN_POINT('',(-85.,-20.,55.));
#9416=CARTESIAN_POINT('',(-85.,-10.,55.));
#9417=CARTESIAN_POINT('',(-80.,-20.,60.));
#9418=CARTESIAN_POINT('Origin',(-80.,-20.,55.));
#9419=CARTESIAN_POINT('',(-80.,-10.,60.));
#9420=CARTESIAN_POINT('Origin',(80.,-10.,60.));
#9421=CARTESIAN_POINT('',(80.,-20.,60.));
#9422=CARTESIAN_POINT('',(-80.,-20.,60.));
#9423=CARTESIAN_POINT('',(80.,-10.,60.));
#9424=CARTESIAN_POINT('Origin',(80.,-10.,55.));
#9425=CARTESIAN_POINT('Origin',(80.,-20.,55.));
#9426=CARTESIAN_POINT('Origin',(80.,-10.,-55.));
#9427=CARTESIAN_POINT('',(80.,-20.,-60.));
#9428=CARTESIAN_POINT('Origin',(80.,-20.,-55.));
#9429=CARTESIAN_POINT('',(80.,-10.,-60.));
#9430=CARTESIAN_POINT('Origin',(-80.,-10.,-60.));
#9431=CARTESIAN_POINT('',(-80.,-20.,-60.));
#9432=CARTESIAN_POINT('',(80.,-20.,-60.));
#9433=CARTESIAN_POINT('',(-80.,-10.,-60.));
#9434=CARTESIAN_POINT('Origin',(-80.,-10.,-55.));
#9435=CARTESIAN_POINT('',(-85.,-20.,-55.));
#9436=CARTESIAN_POINT('Origin',(-80.,-20.,-55.));
#9437=CARTESIAN_POINT('',(-85.,-10.,-55.));
#9438=CARTESIAN_POINT('Origin',(-85.,-10.,55.));
#9439=CARTESIAN_POINT('',(-85.,-20.,-55.));
#9440=CARTESIAN_POINT('Origin',(0.,-20.,0.));
#9441=UNCERTAINTY_MEASURE_WITH_UNIT(LENGTH_MEASURE(0.01),#9445,
'DISTANCE_ACCURACY_VALUE',
'Maximum model space distance between geometric entities at asserted c
onnectivities');
#9442=UNCERTAINTY_MEASURE_WITH_UNIT(LENGTH_MEASURE(0.01),#9445,
'DISTANCE_ACCURACY_VALUE',
'Maximum model space distance between geometric entities at asserted c
onnectivities');
#9443=(
GEOMETRIC_REPRESENTATION_CONTEXT(3)
GLOBAL_UNCERTAINTY_ASSIGNED_CONTEXT((#9441))
GLOBAL_UNIT_ASSIGNED_CONTEXT((#9445,#9447,#9448))
REPRESENTATION_CONTEXT('','3D')
);
#9444=(
GEOMETRIC_REPRESENTATION_CONTEXT(3)
GLOBAL_UNCERTAINTY_ASSIGNED_CONTEXT((#9442))
GLOBAL_UNIT_ASSIGNED_CONTEXT((#9445,#9447,#9448))
REPRESENTATION_CONTEXT('','3D')
);
#9445=(
LENGTH_UNIT()
NAMED_UNIT(*)
SI_UNIT(.MILLI.,.METRE.)
);
#9446=(
LENGTH_UNIT()
NAMED_UNIT(*)
SI_UNIT($,.METRE.)
);
#9447=(
NAMED_UNIT(*)
PLANE_ANGLE_UNIT()
SI_UNIT($,.RADIAN.)
);
#9448=(
NAMED_UNIT(*)
SI_UNIT($,.STERADIAN.)
SOLID_ANGLE_UNIT()
);
#9449=SHAPE_DEFINITION_REPRESENTATION(#9450,#9451);
#9450=PRODUCT_DEFINITION_SHAPE('',$,#9453);
#9451=SHAPE_REPRESENTATION('',(#4987),#9443);
#9452=PRODUCT_DEFINITION_CONTEXT('part definition',#9457,'design');
#9453=PRODUCT_DEFINITION('2026-04-02-15-24-56-442','Bottom Part',#9454,
#9452);
#9454=PRODUCT_DEFINITION_FORMATION('',$,#9459);
#9455=PRODUCT_RELATED_PRODUCT_CATEGORY('Bottom Part','Bottom Part',(#9459));
#9456=APPLICATION_PROTOCOL_DEFINITION('international standard',
'automotive_design',2009,#9457);
#9457=APPLICATION_CONTEXT(
'Core Data for Automotive Mechanical Design Process');
#9458=PRODUCT_CONTEXT('part definition',#9457,'mechanical');
#9459=PRODUCT('2026-04-02-15-24-56-442','Bottom Part',$,(#9458));
#9460=PRESENTATION_STYLE_ASSIGNMENT((#9461));
#9461=SURFACE_STYLE_USAGE(.BOTH.,#9462);
#9462=SURFACE_SIDE_STYLE('',(#9463));
#9463=SURFACE_STYLE_FILL_AREA(#9464);
#9464=FILL_AREA_STYLE('Steel - Satin',(#9465));
#9465=FILL_AREA_STYLE_COLOUR('Steel - Satin',#9466);
#9466=COLOUR_RGB('Steel - Satin',0.627450980392157,0.627450980392157,0.627450980392157);
ENDSEC;
END-ISO-10303-21;
