ISO-10303-21;
HEADER;
/* Generated by software containing ST-Developer
 * from STEP Tools, Inc. (www.steptools.com) 
 */

FILE_DESCRIPTION(
/* description */ (''),
/* implementation_level */ '2;1');

FILE_NAME(
/* name */ 'LightBed.step',
/* time_stamp */ '2026-04-02T21:35:30+02:00',
/* author */ (''),
/* organization */ (''),
/* preprocessor_version */ 'ST-DEVELOPER v20.1',
/* originating_system */ 'Autodesk Translation Framework v14.24.0.0',
/* authorisation */ '');

FILE_SCHEMA (('AUTOMOTIVE_DESIGN { 1 0 10303 214 3 1 1 }'));
ENDSEC;

DATA;
#10=MECHANICAL_DESIGN_GEOMETRIC_PRESENTATION_REPRESENTATION('',(#13),#12587);
#11=SHAPE_REPRESENTATION_RELATIONSHIP('SRR','None',#12594,#12);
#12=ADVANCED_BREP_SHAPE_REPRESENTATION('',(#14),#12586);
#13=STYLED_ITEM('',(#12603),#14);
#14=MANIFOLD_SOLID_BREP('Body1',#6499);
#15=CYLINDRICAL_SURFACE('',#6659,2.75);
#16=CYLINDRICAL_SURFACE('',#6664,2.75);
#17=CYLINDRICAL_SURFACE('',#6669,2.75);
#18=CYLINDRICAL_SURFACE('',#6674,2.75);
#19=CYLINDRICAL_SURFACE('',#6679,1.75000000000001);
#20=CYLINDRICAL_SURFACE('',#6680,1.75000000000001);
#21=CYLINDRICAL_SURFACE('',#6681,1.74999999999999);
#22=CYLINDRICAL_SURFACE('',#6682,1.75);
#23=CYLINDRICAL_SURFACE('',#6692,15.);
#24=CYLINDRICAL_SURFACE('',#6695,15.);
#25=CYLINDRICAL_SURFACE('',#6697,5.);
#26=CYLINDRICAL_SURFACE('',#6701,5.);
#27=CYLINDRICAL_SURFACE('',#6706,5.);
#28=CYLINDRICAL_SURFACE('',#6709,4.99999999999999);
#29=CYLINDRICAL_SURFACE('',#6712,5.00000000000001);
#30=CYLINDRICAL_SURFACE('',#6715,5.);
#31=CIRCLE('',#6647,15.);
#32=CIRCLE('',#6648,15.);
#33=CIRCLE('',#6649,4.99999999999999);
#34=CIRCLE('',#6650,5.);
#35=CIRCLE('',#6651,1.75);
#36=CIRCLE('',#6652,1.74999999999999);
#37=CIRCLE('',#6653,1.75000000000001);
#38=CIRCLE('',#6654,1.75000000000001);
#39=CIRCLE('',#6660,2.75);
#40=CIRCLE('',#6661,2.75);
#41=CIRCLE('',#6663,1.75000000000001);
#42=CIRCLE('',#6665,2.75);
#43=CIRCLE('',#6666,2.75);
#44=CIRCLE('',#6668,1.75000000000001);
#45=CIRCLE('',#6670,2.75);
#46=CIRCLE('',#6671,2.75);
#47=CIRCLE('',#6673,1.74999999999999);
#48=CIRCLE('',#6675,2.75);
#49=CIRCLE('',#6676,2.75);
#50=CIRCLE('',#6678,1.75);
#51=CIRCLE('',#6684,15.);
#52=CIRCLE('',#6685,15.);
#53=CIRCLE('',#6686,5.);
#54=CIRCLE('',#6687,5.00000000000001);
#55=CIRCLE('',#6688,4.99999999999999);
#56=CIRCLE('',#6689,5.);
#57=CIRCLE('',#6698,5.);
#58=CIRCLE('',#6702,5.);
#59=CIRCLE('',#6707,5.);
#60=CIRCLE('',#6710,4.99999999999999);
#61=CIRCLE('',#6713,5.00000000000001);
#62=CIRCLE('',#6716,5.);
#63=FACE_BOUND('',#1075,.T.);
#64=FACE_BOUND('',#1129,.T.);
#65=FACE_BOUND('',#1149,.T.);
#66=FACE_BOUND('',#1223,.T.);
#67=FACE_BOUND('',#1274,.T.);
#68=FACE_BOUND('',#1276,.T.);
#69=FACE_BOUND('',#1277,.T.);
#70=FACE_BOUND('',#1278,.T.);
#71=FACE_BOUND('',#1279,.T.);
#72=FACE_BOUND('',#1280,.T.);
#73=FACE_BOUND('',#1281,.T.);
#74=FACE_BOUND('',#1282,.T.);
#75=FACE_BOUND('',#1283,.T.);
#76=FACE_BOUND('',#1284,.T.);
#77=FACE_BOUND('',#1285,.T.);
#78=FACE_BOUND('',#1286,.T.);
#79=FACE_BOUND('',#1287,.T.);
#80=FACE_BOUND('',#1288,.T.);
#81=FACE_BOUND('',#1289,.T.);
#82=FACE_BOUND('',#1290,.T.);
#83=FACE_BOUND('',#1291,.T.);
#84=FACE_BOUND('',#1292,.T.);
#85=FACE_BOUND('',#1293,.T.);
#86=FACE_BOUND('',#1294,.T.);
#87=FACE_BOUND('',#1295,.T.);
#88=FACE_BOUND('',#1296,.T.);
#89=FACE_BOUND('',#1303,.T.);
#90=FACE_BOUND('',#1306,.T.);
#91=FACE_BOUND('',#1309,.T.);
#92=FACE_BOUND('',#1312,.T.);
#93=FACE_BOUND('',#1318,.T.);
#94=FACE_BOUND('',#1319,.T.);
#95=FACE_BOUND('',#1320,.T.);
#96=FACE_BOUND('',#1321,.T.);
#97=FACE_BOUND('',#1322,.T.);
#98=FACE_BOUND('',#1345,.T.);
#99=B_SPLINE_CURVE_WITH_KNOTS('',3,(#7739,#7740,#7741,#7742,#7743),
 .UNSPECIFIED.,.F.,.F.,(4,1,4),(0.,0.0727819100544926,0.158740490519316),
 .UNSPECIFIED.);
#100=B_SPLINE_CURVE_WITH_KNOTS('',3,(#7746,#7747,#7748,#7749,#7750),
 .UNSPECIFIED.,.F.,.F.,(4,1,4),(0.,0.0727819100544926,0.158740490519316),
 .UNSPECIFIED.);
#101=B_SPLINE_CURVE_WITH_KNOTS('',3,(#7762,#7763,#7764,#7765,#7766),
 .UNSPECIFIED.,.F.,.F.,(4,1,4),(0.,0.062081299352384,0.126025248976343),
 .UNSPECIFIED.);
#102=B_SPLINE_CURVE_WITH_KNOTS('',3,(#7769,#7770,#7771,#7772,#7773),
 .UNSPECIFIED.,.F.,.F.,(4,1,4),(0.,0.062081299352384,0.126025248976343),
 .UNSPECIFIED.);
#103=B_SPLINE_CURVE_WITH_KNOTS('',3,(#7803,#7804,#7805,#7806,#7807),
 .UNSPECIFIED.,.F.,.F.,(4,1,4),(0.,0.0224004888409041,0.0448759939161286),
 .UNSPECIFIED.);
#104=B_SPLINE_CURVE_WITH_KNOTS('',3,(#7810,#7811,#7812,#7813,#7814),
 .UNSPECIFIED.,.F.,.F.,(4,1,4),(0.,0.0224004888409041,0.0448759939161286),
 .UNSPECIFIED.);
#105=B_SPLINE_CURVE_WITH_KNOTS('',3,(#7826,#7827,#7828,#7829,#7830),
 .UNSPECIFIED.,.F.,.F.,(4,1,4),(0.,0.0258229321322311,0.0489842562337254),
 .UNSPECIFIED.);
#106=B_SPLINE_CURVE_WITH_KNOTS('',3,(#7833,#7834,#7835,#7836,#7837),
 .UNSPECIFIED.,.F.,.F.,(4,1,4),(0.,0.0258229321322311,0.0489842562337254),
 .UNSPECIFIED.);
#107=B_SPLINE_CURVE_WITH_KNOTS('',3,(#7849,#7850,#7851,#7852,#7853),
 .UNSPECIFIED.,.F.,.F.,(4,1,4),(0.,0.0657313256771343,0.139188906445307),
 .UNSPECIFIED.);
#108=B_SPLINE_CURVE_WITH_KNOTS('',3,(#7856,#7857,#7858,#7859,#7860),
 .UNSPECIFIED.,.F.,.F.,(4,1,4),(0.,0.0657313256771343,0.139188906445307),
 .UNSPECIFIED.);
#109=B_SPLINE_CURVE_WITH_KNOTS('',3,(#7872,#7873,#7874,#7875,#7876),
 .UNSPECIFIED.,.F.,.F.,(4,1,4),(0.,0.0778734228314319,0.145540887463392),
 .UNSPECIFIED.);
#110=B_SPLINE_CURVE_WITH_KNOTS('',3,(#7879,#7880,#7881,#7882,#7883),
 .UNSPECIFIED.,.F.,.F.,(4,1,4),(0.,0.0778734228314319,0.145540887463392),
 .UNSPECIFIED.);
#111=B_SPLINE_CURVE_WITH_KNOTS('',3,(#8078,#8079,#8080,#8081,#8082),
 .UNSPECIFIED.,.F.,.F.,(4,1,4),(0.,0.0396207775399101,0.0844579614990823),
 .UNSPECIFIED.);
#112=B_SPLINE_CURVE_WITH_KNOTS('',3,(#8085,#8086,#8087,#8088,#8089),
 .UNSPECIFIED.,.F.,.F.,(4,1,4),(0.,0.0396207775399101,0.0844579614990823),
 .UNSPECIFIED.);
#113=B_SPLINE_CURVE_WITH_KNOTS('',3,(#8101,#8102,#8103,#8104,#8105),
 .UNSPECIFIED.,.F.,.F.,(4,1,4),(0.,0.0395955925793837,0.0771385782198388),
 .UNSPECIFIED.);
#114=B_SPLINE_CURVE_WITH_KNOTS('',3,(#8108,#8109,#8110,#8111,#8112),
 .UNSPECIFIED.,.F.,.F.,(4,1,4),(0.,0.0395955925793837,0.0771385782198388),
 .UNSPECIFIED.);
#115=B_SPLINE_CURVE_WITH_KNOTS('',3,(#8124,#8125,#8126,#8127,#8128),
 .UNSPECIFIED.,.F.,.F.,(4,1,4),(0.,0.056968100592938,0.103042864732712),
 .UNSPECIFIED.);
#116=B_SPLINE_CURVE_WITH_KNOTS('',3,(#8131,#8132,#8133,#8134,#8135),
 .UNSPECIFIED.,.F.,.F.,(4,1,4),(0.,0.056968100592938,0.103042864732712),
 .UNSPECIFIED.);
#117=B_SPLINE_CURVE_WITH_KNOTS('',3,(#8153,#8154,#8155,#8156,#8157),
 .UNSPECIFIED.,.F.,.F.,(4,1,4),(0.,0.0700268811937121,0.15006028588298),
 .UNSPECIFIED.);
#118=B_SPLINE_CURVE_WITH_KNOTS('',3,(#8160,#8161,#8162,#8163,#8164),
 .UNSPECIFIED.,.F.,.F.,(4,1,4),(0.,0.0700268811937121,0.15006028588298),
 .UNSPECIFIED.);
#119=B_SPLINE_CURVE_WITH_KNOTS('',3,(#8176,#8177,#8178,#8179,#8180),
 .UNSPECIFIED.,.F.,.F.,(4,1,4),(0.,0.0639695273335032,0.128546741990363),
 .UNSPECIFIED.);
#120=B_SPLINE_CURVE_WITH_KNOTS('',3,(#8183,#8184,#8185,#8186,#8187),
 .UNSPECIFIED.,.F.,.F.,(4,1,4),(0.,0.0639695273335032,0.128546741990363),
 .UNSPECIFIED.);
#121=B_SPLINE_CURVE_WITH_KNOTS('',3,(#8199,#8200,#8201,#8202,#8203),
 .UNSPECIFIED.,.F.,.F.,(4,1,4),(0.,0.0708920446431491,0.137480806158065),
 .UNSPECIFIED.);
#122=B_SPLINE_CURVE_WITH_KNOTS('',3,(#8206,#8207,#8208,#8209,#8210),
 .UNSPECIFIED.,.F.,.F.,(4,1,4),(0.,0.0708920446431491,0.137480806158065),
 .UNSPECIFIED.);
#123=B_SPLINE_CURVE_WITH_KNOTS('',3,(#8253,#8254,#8255,#8256,#8257),
 .UNSPECIFIED.,.F.,.F.,(4,1,4),(0.,0.0451955871839254,0.088821103938238),
 .UNSPECIFIED.);
#124=B_SPLINE_CURVE_WITH_KNOTS('',3,(#8260,#8261,#8262,#8263,#8264),
 .UNSPECIFIED.,.F.,.F.,(4,1,4),(0.,0.0451955871839254,0.088821103938238),
 .UNSPECIFIED.);
#125=B_SPLINE_CURVE_WITH_KNOTS('',3,(#8276,#8277,#8278,#8279,#8280),
 .UNSPECIFIED.,.F.,.F.,(4,1,4),(0.,0.0424812518057617,0.0866541170185504),
 .UNSPECIFIED.);
#126=B_SPLINE_CURVE_WITH_KNOTS('',3,(#8283,#8284,#8285,#8286,#8287),
 .UNSPECIFIED.,.F.,.F.,(4,1,4),(0.,0.0424812518057617,0.0866541170185504),
 .UNSPECIFIED.);
#127=B_SPLINE_CURVE_WITH_KNOTS('',3,(#8299,#8300,#8301,#8302,#8303),
 .UNSPECIFIED.,.F.,.F.,(4,1,4),(0.,0.0327998256897349,0.0732602737121495),
 .UNSPECIFIED.);
#128=B_SPLINE_CURVE_WITH_KNOTS('',3,(#8306,#8307,#8308,#8309,#8310),
 .UNSPECIFIED.,.F.,.F.,(4,1,4),(0.,0.0327998256897349,0.0732602737121495),
 .UNSPECIFIED.);
#129=B_SPLINE_CURVE_WITH_KNOTS('',3,(#8322,#8323,#8324,#8325,#8326),
 .UNSPECIFIED.,.F.,.F.,(4,1,4),(0.,0.0475335587218512,0.0827924445940405),
 .UNSPECIFIED.);
#130=B_SPLINE_CURVE_WITH_KNOTS('',3,(#8329,#8330,#8331,#8332,#8333),
 .UNSPECIFIED.,.F.,.F.,(4,1,4),(0.,0.0475335587218512,0.0827924445940405),
 .UNSPECIFIED.);
#131=B_SPLINE_CURVE_WITH_KNOTS('',3,(#8363,#8364,#8365,#8366,#8367),
 .UNSPECIFIED.,.F.,.F.,(4,1,4),(0.,0.0657099570260273,0.142816004599779),
 .UNSPECIFIED.);
#132=B_SPLINE_CURVE_WITH_KNOTS('',3,(#8370,#8371,#8372,#8373,#8374),
 .UNSPECIFIED.,.F.,.F.,(4,1,4),(0.,0.0657099570260273,0.142816004599779),
 .UNSPECIFIED.);
#133=B_SPLINE_CURVE_WITH_KNOTS('',3,(#8386,#8387,#8388,#8389,#8390),
 .UNSPECIFIED.,.F.,.F.,(4,1,4),(0.,0.0763166371682383,0.140711615201861),
 .UNSPECIFIED.);
#134=B_SPLINE_CURVE_WITH_KNOTS('',3,(#8393,#8394,#8395,#8396,#8397),
 .UNSPECIFIED.,.F.,.F.,(4,1,4),(0.,0.0763166371682383,0.140711615201861),
 .UNSPECIFIED.);
#135=B_SPLINE_CURVE_WITH_KNOTS('',3,(#8409,#8410,#8411,#8412,#8413),
 .UNSPECIFIED.,.F.,.F.,(4,1,4),(0.,0.0536230319255355,0.106405880076066),
 .UNSPECIFIED.);
#136=B_SPLINE_CURVE_WITH_KNOTS('',3,(#8416,#8417,#8418,#8419,#8420),
 .UNSPECIFIED.,.F.,.F.,(4,1,4),(0.,0.0536230319255355,0.106405880076066),
 .UNSPECIFIED.);
#137=B_SPLINE_CURVE_WITH_KNOTS('',3,(#8432,#8433,#8434,#8435,#8436),
 .UNSPECIFIED.,.F.,.F.,(4,1,4),(0.,0.0563654008001347,0.110550781529454),
 .UNSPECIFIED.);
#138=B_SPLINE_CURVE_WITH_KNOTS('',3,(#8439,#8440,#8441,#8442,#8443),
 .UNSPECIFIED.,.F.,.F.,(4,1,4),(0.,0.0563654008001347,0.110550781529454),
 .UNSPECIFIED.);
#139=B_SPLINE_CURVE_WITH_KNOTS('',3,(#8486,#8487,#8488,#8489,#8490),
 .UNSPECIFIED.,.F.,.F.,(4,1,4),(0.,0.072509995661409,0.153949595014174),
 .UNSPECIFIED.);
#140=B_SPLINE_CURVE_WITH_KNOTS('',3,(#8493,#8494,#8495,#8496,#8497),
 .UNSPECIFIED.,.F.,.F.,(4,1,4),(0.,0.072509995661409,0.153949595014174),
 .UNSPECIFIED.);
#141=B_SPLINE_CURVE_WITH_KNOTS('',3,(#8509,#8510,#8511,#8512,#8513),
 .UNSPECIFIED.,.F.,.F.,(4,1,4),(0.,0.0830598973257057,0.15615498757693),
 .UNSPECIFIED.);
#142=B_SPLINE_CURVE_WITH_KNOTS('',3,(#8516,#8517,#8518,#8519,#8520),
 .UNSPECIFIED.,.F.,.F.,(4,1,4),(0.,0.0830598973257057,0.15615498757693),
 .UNSPECIFIED.);
#143=B_SPLINE_CURVE_WITH_KNOTS('',3,(#8532,#8533,#8534,#8535,#8536),
 .UNSPECIFIED.,.F.,.F.,(4,1,4),(0.,0.0430359144345665,0.0912232609690794),
 .UNSPECIFIED.);
#144=B_SPLINE_CURVE_WITH_KNOTS('',3,(#8539,#8540,#8541,#8542,#8543),
 .UNSPECIFIED.,.F.,.F.,(4,1,4),(0.,0.0430359144345665,0.0912232609690794),
 .UNSPECIFIED.);
#145=B_SPLINE_CURVE_WITH_KNOTS('',3,(#8555,#8556,#8557,#8558,#8559),
 .UNSPECIFIED.,.F.,.F.,(4,1,4),(0.,0.0331119144723282,0.0716203512017012),
 .UNSPECIFIED.);
#146=B_SPLINE_CURVE_WITH_KNOTS('',3,(#8562,#8563,#8564,#8565,#8566),
 .UNSPECIFIED.,.F.,.F.,(4,1,4),(0.,0.0331119144723282,0.0716203512017012),
 .UNSPECIFIED.);
#147=B_SPLINE_CURVE_WITH_KNOTS('',3,(#8584,#8585,#8586,#8587,#8588),
 .UNSPECIFIED.,.F.,.F.,(4,1,4),(0.,0.0248252748085668,0.0493532710444542),
 .UNSPECIFIED.);
#148=B_SPLINE_CURVE_WITH_KNOTS('',3,(#8591,#8592,#8593,#8594,#8595),
 .UNSPECIFIED.,.F.,.F.,(4,1,4),(0.,0.0248252748085668,0.0493532710444542),
 .UNSPECIFIED.);
#149=B_SPLINE_CURVE_WITH_KNOTS('',3,(#8607,#8608,#8609,#8610,#8611),
 .UNSPECIFIED.,.F.,.F.,(4,1,4),(0.,0.0255403037060714,0.0502009937936597),
 .UNSPECIFIED.);
#150=B_SPLINE_CURVE_WITH_KNOTS('',3,(#8614,#8615,#8616,#8617,#8618),
 .UNSPECIFIED.,.F.,.F.,(4,1,4),(0.,0.0255403037060714,0.0502009937936597),
 .UNSPECIFIED.);
#151=B_SPLINE_CURVE_WITH_KNOTS('',3,(#8630,#8631,#8632,#8633,#8634),
 .UNSPECIFIED.,.F.,.F.,(4,1,4),(0.,0.0325797643776058,0.0702233535684038),
 .UNSPECIFIED.);
#152=B_SPLINE_CURVE_WITH_KNOTS('',3,(#8637,#8638,#8639,#8640,#8641),
 .UNSPECIFIED.,.F.,.F.,(4,1,4),(0.,0.0325797643776058,0.0702233535684038),
 .UNSPECIFIED.);
#153=B_SPLINE_CURVE_WITH_KNOTS('',3,(#8653,#8654,#8655,#8656,#8657),
 .UNSPECIFIED.,.F.,.F.,(4,1,4),(0.,0.0367886608976206,0.0675257810174498),
 .UNSPECIFIED.);
#154=B_SPLINE_CURVE_WITH_KNOTS('',3,(#8660,#8661,#8662,#8663,#8664),
 .UNSPECIFIED.,.F.,.F.,(4,1,4),(0.,0.0367886608976206,0.0675257810174498),
 .UNSPECIFIED.);
#155=B_SPLINE_CURVE_WITH_KNOTS('',3,(#8687,#8688,#8689,#8690,#8691),
 .UNSPECIFIED.,.F.,.F.,(4,1,4),(0.,0.0770476460304453,0.139537655497792),
 .UNSPECIFIED.);
#156=B_SPLINE_CURVE_WITH_KNOTS('',3,(#8695,#8696,#8697,#8698,#8699),
 .UNSPECIFIED.,.F.,.F.,(4,1,4),(0.,0.0770476460304453,0.139537655497792),
 .UNSPECIFIED.);
#157=B_SPLINE_CURVE_WITH_KNOTS('',3,(#8718,#8719,#8720,#8721,#8722),
 .UNSPECIFIED.,.F.,.F.,(4,1,4),(0.,0.0639235516835521,0.145199955150042),
 .UNSPECIFIED.);
#158=B_SPLINE_CURVE_WITH_KNOTS('',3,(#8725,#8726,#8727,#8728,#8729),
 .UNSPECIFIED.,.F.,.F.,(4,1,4),(0.,0.0639235516835521,0.145199955150042),
 .UNSPECIFIED.);
#159=B_SPLINE_CURVE_WITH_KNOTS('',3,(#8741,#8742,#8743,#8744,#8745),
 .UNSPECIFIED.,.F.,.F.,(4,1,4),(0.,0.0567032087591318,0.112452235550179),
 .UNSPECIFIED.);
#160=B_SPLINE_CURVE_WITH_KNOTS('',3,(#8748,#8749,#8750,#8751,#8752),
 .UNSPECIFIED.,.F.,.F.,(4,1,4),(0.,0.0567032087591318,0.112452235550179),
 .UNSPECIFIED.);
#161=B_SPLINE_CURVE_WITH_KNOTS('',3,(#8763,#8764,#8765,#8766,#8767),
 .UNSPECIFIED.,.F.,.F.,(4,1,4),(0.,0.0547783402800354,0.113329859504295),
 .UNSPECIFIED.);
#162=B_SPLINE_CURVE_WITH_KNOTS('',3,(#8768,#8769,#8770,#8771,#8772),
 .UNSPECIFIED.,.F.,.F.,(4,1,4),(0.,0.0547783402800354,0.113329859504295),
 .UNSPECIFIED.);
#163=B_SPLINE_CURVE_WITH_KNOTS('',3,(#8785,#8786,#8787,#8788,#8789),
 .UNSPECIFIED.,.F.,.F.,(4,1,4),(0.,0.0142214338443374,0.0267264786928276),
 .UNSPECIFIED.);
#164=B_SPLINE_CURVE_WITH_KNOTS('',3,(#8793,#8794,#8795,#8796,#8797),
 .UNSPECIFIED.,.F.,.F.,(4,1,4),(0.,0.0142214338443374,0.0267264786928276),
 .UNSPECIFIED.);
#165=B_SPLINE_CURVE_WITH_KNOTS('',3,(#8810,#8811,#8812,#8813,#8814),
 .UNSPECIFIED.,.F.,.F.,(4,1,4),(0.,0.0156548644768161,0.0313310185626011),
 .UNSPECIFIED.);
#166=B_SPLINE_CURVE_WITH_KNOTS('',3,(#8817,#8818,#8819,#8820,#8821),
 .UNSPECIFIED.,.F.,.F.,(4,1,4),(0.,0.0156548644768161,0.0313310185626011),
 .UNSPECIFIED.);
#167=B_SPLINE_CURVE_WITH_KNOTS('',3,(#8833,#8834,#8835,#8836,#8837),
 .UNSPECIFIED.,.F.,.F.,(4,1,4),(0.,0.110727067581239,0.239359576014564),
 .UNSPECIFIED.);
#168=B_SPLINE_CURVE_WITH_KNOTS('',3,(#8840,#8841,#8842,#8843,#8844),
 .UNSPECIFIED.,.F.,.F.,(4,1,4),(0.,0.110727067581239,0.239359576014564),
 .UNSPECIFIED.);
#169=B_SPLINE_CURVE_WITH_KNOTS('',3,(#8856,#8857,#8858,#8859,#8860),
 .UNSPECIFIED.,.F.,.F.,(4,1,4),(0.,0.11088418315468,0.214454415899379),
 .UNSPECIFIED.);
#170=B_SPLINE_CURVE_WITH_KNOTS('',3,(#8863,#8864,#8865,#8866,#8867),
 .UNSPECIFIED.,.F.,.F.,(4,1,4),(0.,0.11088418315468,0.214454415899379),
 .UNSPECIFIED.);
#171=B_SPLINE_CURVE_WITH_KNOTS('',3,(#8879,#8880,#8881,#8882,#8883),
 .UNSPECIFIED.,.F.,.F.,(4,1,4),(0.,0.075857162833868,0.157434856712429),
 .UNSPECIFIED.);
#172=B_SPLINE_CURVE_WITH_KNOTS('',3,(#8886,#8887,#8888,#8889,#8890),
 .UNSPECIFIED.,.F.,.F.,(4,1,4),(0.,0.075857162833868,0.157434856712429),
 .UNSPECIFIED.);
#173=B_SPLINE_CURVE_WITH_KNOTS('',3,(#8902,#8903,#8904,#8905,#8906),
 .UNSPECIFIED.,.F.,.F.,(4,1,4),(0.,0.0770875490185282,0.151686637080713),
 .UNSPECIFIED.);
#174=B_SPLINE_CURVE_WITH_KNOTS('',3,(#8909,#8910,#8911,#8912,#8913),
 .UNSPECIFIED.,.F.,.F.,(4,1,4),(0.,0.0770875490185282,0.151686637080713),
 .UNSPECIFIED.);
#175=B_SPLINE_CURVE_WITH_KNOTS('',3,(#8925,#8926,#8927,#8928,#8929),
 .UNSPECIFIED.,.F.,.F.,(4,1,4),(0.,0.0876502835135797,0.16904668796577),
 .UNSPECIFIED.);
#176=B_SPLINE_CURVE_WITH_KNOTS('',3,(#8932,#8933,#8934,#8935,#8936),
 .UNSPECIFIED.,.F.,.F.,(4,1,4),(0.,0.0876502835135797,0.16904668796577),
 .UNSPECIFIED.);
#177=B_SPLINE_CURVE_WITH_KNOTS('',3,(#8948,#8949,#8950,#8951,#8952),
 .UNSPECIFIED.,.F.,.F.,(4,1,4),(0.,0.0820856145895415,0.171900139732277),
 .UNSPECIFIED.);
#178=B_SPLINE_CURVE_WITH_KNOTS('',3,(#8955,#8956,#8957,#8958,#8959),
 .UNSPECIFIED.,.F.,.F.,(4,1,4),(0.,0.0820856145895415,0.171900139732277),
 .UNSPECIFIED.);
#179=B_SPLINE_CURVE_WITH_KNOTS('',3,(#8971,#8972,#8973,#8974,#8975),
 .UNSPECIFIED.,.F.,.F.,(4,1,4),(0.,0.0753941662915812,0.152372817465128),
 .UNSPECIFIED.);
#180=B_SPLINE_CURVE_WITH_KNOTS('',3,(#8978,#8979,#8980,#8981,#8982),
 .UNSPECIFIED.,.F.,.F.,(4,1,4),(0.,0.0753941662915812,0.152372817465128),
 .UNSPECIFIED.);
#181=B_SPLINE_CURVE_WITH_KNOTS('',3,(#8994,#8995,#8996,#8997,#8998),
 .UNSPECIFIED.,.F.,.F.,(4,1,4),(0.,0.0888417831870792,0.168374115074147),
 .UNSPECIFIED.);
#182=B_SPLINE_CURVE_WITH_KNOTS('',3,(#9001,#9002,#9003,#9004,#9005),
 .UNSPECIFIED.,.F.,.F.,(4,1,4),(0.,0.0888417831870792,0.168374115074147),
 .UNSPECIFIED.);
#183=B_SPLINE_CURVE_WITH_KNOTS('',3,(#9017,#9018,#9019,#9020,#9021),
 .UNSPECIFIED.,.F.,.F.,(4,1,4),(0.,0.0614475119660145,0.125140036968407),
 .UNSPECIFIED.);
#184=B_SPLINE_CURVE_WITH_KNOTS('',3,(#9024,#9025,#9026,#9027,#9028),
 .UNSPECIFIED.,.F.,.F.,(4,1,4),(0.,0.0614475119660145,0.125140036968407),
 .UNSPECIFIED.);
#185=B_SPLINE_CURVE_WITH_KNOTS('',3,(#9040,#9041,#9042,#9043,#9044),
 .UNSPECIFIED.,.F.,.F.,(4,1,4),(0.,0.0560730215312429,0.115096993823831),
 .UNSPECIFIED.);
#186=B_SPLINE_CURVE_WITH_KNOTS('',3,(#9047,#9048,#9049,#9050,#9051),
 .UNSPECIFIED.,.F.,.F.,(4,1,4),(0.,0.0560730215312429,0.115096993823831),
 .UNSPECIFIED.);
#187=B_SPLINE_CURVE_WITH_KNOTS('',3,(#9069,#9070,#9071,#9072,#9073),
 .UNSPECIFIED.,.F.,.F.,(4,1,4),(0.,0.0423225546866357,0.0872647220337285),
 .UNSPECIFIED.);
#188=B_SPLINE_CURVE_WITH_KNOTS('',3,(#9076,#9077,#9078,#9079,#9080),
 .UNSPECIFIED.,.F.,.F.,(4,1,4),(0.,0.0423225546866357,0.0872647220337285),
 .UNSPECIFIED.);
#189=B_SPLINE_CURVE_WITH_KNOTS('',3,(#9092,#9093,#9094,#9095,#9096),
 .UNSPECIFIED.,.F.,.F.,(4,1,4),(0.,0.043183437458617,0.0843818320876284),
 .UNSPECIFIED.);
#190=B_SPLINE_CURVE_WITH_KNOTS('',3,(#9099,#9100,#9101,#9102,#9103),
 .UNSPECIFIED.,.F.,.F.,(4,1,4),(0.,0.043183437458617,0.0843818320876284),
 .UNSPECIFIED.);
#191=B_SPLINE_CURVE_WITH_KNOTS('',3,(#9115,#9116,#9117,#9118,#9119),
 .UNSPECIFIED.,.F.,.F.,(4,1,4),(0.,0.0611940512206953,0.123975820139477),
 .UNSPECIFIED.);
#192=B_SPLINE_CURVE_WITH_KNOTS('',3,(#9122,#9123,#9124,#9125,#9126),
 .UNSPECIFIED.,.F.,.F.,(4,1,4),(0.,0.0611940512206953,0.123975820139477),
 .UNSPECIFIED.);
#193=B_SPLINE_CURVE_WITH_KNOTS('',3,(#9138,#9139,#9140,#9141,#9142),
 .UNSPECIFIED.,.F.,.F.,(4,1,4),(0.,0.0830225403647736,0.149426218530276),
 .UNSPECIFIED.);
#194=B_SPLINE_CURVE_WITH_KNOTS('',3,(#9145,#9146,#9147,#9148,#9149),
 .UNSPECIFIED.,.F.,.F.,(4,1,4),(0.,0.0830225403647736,0.149426218530276),
 .UNSPECIFIED.);
#195=B_SPLINE_CURVE_WITH_KNOTS('',3,(#9229,#9230,#9231,#9232,#9233),
 .UNSPECIFIED.,.F.,.F.,(4,1,4),(0.,0.0727821854116369,0.158740408922779),
 .UNSPECIFIED.);
#196=B_SPLINE_CURVE_WITH_KNOTS('',3,(#9236,#9237,#9238,#9239,#9240),
 .UNSPECIFIED.,.F.,.F.,(4,1,4),(0.,0.0727821854116369,0.158740408922779),
 .UNSPECIFIED.);
#197=B_SPLINE_CURVE_WITH_KNOTS('',3,(#9252,#9253,#9254,#9255,#9256),
 .UNSPECIFIED.,.F.,.F.,(4,1,4),(0.,0.0620808351616961,0.126025168449438),
 .UNSPECIFIED.);
#198=B_SPLINE_CURVE_WITH_KNOTS('',3,(#9259,#9260,#9261,#9262,#9263),
 .UNSPECIFIED.,.F.,.F.,(4,1,4),(0.,0.0620808351616961,0.126025168449438),
 .UNSPECIFIED.);
#199=B_SPLINE_CURVE_WITH_KNOTS('',3,(#9293,#9294,#9295,#9296,#9297),
 .UNSPECIFIED.,.F.,.F.,(4,1,4),(0.,0.0224014205257347,0.0448757802500463),
 .UNSPECIFIED.);
#200=B_SPLINE_CURVE_WITH_KNOTS('',3,(#9300,#9301,#9302,#9303,#9304),
 .UNSPECIFIED.,.F.,.F.,(4,1,4),(0.,0.0224014205257347,0.0448757802500463),
 .UNSPECIFIED.);
#201=B_SPLINE_CURVE_WITH_KNOTS('',3,(#9316,#9317,#9318,#9319,#9320),
 .UNSPECIFIED.,.F.,.F.,(4,1,4),(0.,0.0258229321322311,0.0489842562337254),
 .UNSPECIFIED.);
#202=B_SPLINE_CURVE_WITH_KNOTS('',3,(#9323,#9324,#9325,#9326,#9327),
 .UNSPECIFIED.,.F.,.F.,(4,1,4),(0.,0.0258229321322311,0.0489842562337254),
 .UNSPECIFIED.);
#203=B_SPLINE_CURVE_WITH_KNOTS('',3,(#9339,#9340,#9341,#9342,#9343),
 .UNSPECIFIED.,.F.,.F.,(4,1,4),(0.,0.0657313256771343,0.139189142579229),
 .UNSPECIFIED.);
#204=B_SPLINE_CURVE_WITH_KNOTS('',3,(#9346,#9347,#9348,#9349,#9350),
 .UNSPECIFIED.,.F.,.F.,(4,1,4),(0.,0.0657313256771343,0.139189142579229),
 .UNSPECIFIED.);
#205=B_SPLINE_CURVE_WITH_KNOTS('',3,(#9362,#9363,#9364,#9365,#9366),
 .UNSPECIFIED.,.F.,.F.,(4,1,4),(0.,0.0778736571131922,0.145540631535573),
 .UNSPECIFIED.);
#206=B_SPLINE_CURVE_WITH_KNOTS('',3,(#9369,#9370,#9371,#9372,#9373),
 .UNSPECIFIED.,.F.,.F.,(4,1,4),(0.,0.0778736571131922,0.145540631535573),
 .UNSPECIFIED.);
#207=B_SPLINE_CURVE_WITH_KNOTS('',3,(#9432,#9433,#9434,#9435,#9436),
 .UNSPECIFIED.,.F.,.F.,(4,1,4),(0.,0.0377268383349402,0.0730314444358132),
 .UNSPECIFIED.);
#208=B_SPLINE_CURVE_WITH_KNOTS('',3,(#9440,#9441,#9442,#9443,#9444),
 .UNSPECIFIED.,.F.,.F.,(4,1,4),(0.,0.0377268383349402,0.0730314444358132),
 .UNSPECIFIED.);
#209=B_SPLINE_CURVE_WITH_KNOTS('',3,(#9463,#9464,#9465,#9466,#9467),
 .UNSPECIFIED.,.F.,.F.,(4,1,4),(0.,0.041116298081397,0.0828262378900507),
 .UNSPECIFIED.);
#210=B_SPLINE_CURVE_WITH_KNOTS('',3,(#9470,#9471,#9472,#9473,#9474),
 .UNSPECIFIED.,.F.,.F.,(4,1,4),(0.,0.041116298081397,0.0828262378900507),
 .UNSPECIFIED.);
#211=B_SPLINE_CURVE_WITH_KNOTS('',3,(#9486,#9487,#9488,#9489,#9490),
 .UNSPECIFIED.,.F.,.F.,(4,1,4),(0.,0.0416506843009869,0.081855946346235),
 .UNSPECIFIED.);
#212=B_SPLINE_CURVE_WITH_KNOTS('',3,(#9493,#9494,#9495,#9496,#9497),
 .UNSPECIFIED.,.F.,.F.,(4,1,4),(0.,0.0416506843009869,0.081855946346235),
 .UNSPECIFIED.);
#213=B_SPLINE_CURVE_WITH_KNOTS('',3,(#9509,#9510,#9511,#9512,#9513),
 .UNSPECIFIED.,.F.,.F.,(4,1,4),(0.,0.056163952438003,0.111350735353646),
 .UNSPECIFIED.);
#214=B_SPLINE_CURVE_WITH_KNOTS('',3,(#9516,#9517,#9518,#9519,#9520),
 .UNSPECIFIED.,.F.,.F.,(4,1,4),(0.,0.056163952438003,0.111350735353646),
 .UNSPECIFIED.);
#215=B_SPLINE_CURVE_WITH_KNOTS('',3,(#9532,#9533,#9534,#9535,#9536),
 .UNSPECIFIED.,.F.,.F.,(4,1,4),(0.,0.101351781165736,0.174517263779059),
 .UNSPECIFIED.);
#216=B_SPLINE_CURVE_WITH_KNOTS('',3,(#9539,#9540,#9541,#9542,#9543),
 .UNSPECIFIED.,.F.,.F.,(4,1,4),(0.,0.101351781165736,0.174517263779059),
 .UNSPECIFIED.);
#217=B_SPLINE_CURVE_WITH_KNOTS('',3,(#9555,#9556,#9557,#9558,#9559),
 .UNSPECIFIED.,.F.,.F.,(4,1,4),(0.,0.0742245554678476,0.173774544215409),
 .UNSPECIFIED.);
#218=B_SPLINE_CURVE_WITH_KNOTS('',3,(#9562,#9563,#9564,#9565,#9566),
 .UNSPECIFIED.,.F.,.F.,(4,1,4),(0.,0.0742245554678476,0.173774544215409),
 .UNSPECIFIED.);
#219=B_SPLINE_CURVE_WITH_KNOTS('',3,(#9578,#9579,#9580,#9581,#9582),
 .UNSPECIFIED.,.F.,.F.,(4,1,4),(0.,0.0598324651168396,0.119715392921644),
 .UNSPECIFIED.);
#220=B_SPLINE_CURVE_WITH_KNOTS('',3,(#9585,#9586,#9587,#9588,#9589),
 .UNSPECIFIED.,.F.,.F.,(4,1,4),(0.,0.0598324651168396,0.119715392921644),
 .UNSPECIFIED.);
#221=B_SPLINE_CURVE_WITH_KNOTS('',3,(#9600,#9601,#9602,#9603,#9604),
 .UNSPECIFIED.,.F.,.F.,(4,1,4),(0.,0.0346159760506446,0.0702624789070387),
 .UNSPECIFIED.);
#222=B_SPLINE_CURVE_WITH_KNOTS('',3,(#9605,#9606,#9607,#9608,#9609),
 .UNSPECIFIED.,.F.,.F.,(4,1,4),(0.,0.0346159760506446,0.0702624789070387),
 .UNSPECIFIED.);
#223=B_SPLINE_CURVE_WITH_KNOTS('',3,(#9622,#9623,#9624,#9625,#9626),
 .UNSPECIFIED.,.F.,.F.,(4,1,4),(0.,0.0874011191566191,0.172131632935296),
 .UNSPECIFIED.);
#224=B_SPLINE_CURVE_WITH_KNOTS('',3,(#9630,#9631,#9632,#9633,#9634),
 .UNSPECIFIED.,.F.,.F.,(4,1,4),(0.,0.0874011191566191,0.172131632935296),
 .UNSPECIFIED.);
#225=B_SPLINE_CURVE_WITH_KNOTS('',3,(#9647,#9648,#9649,#9650,#9651),
 .UNSPECIFIED.,.F.,.F.,(4,1,4),(0.,0.0671622025626183,0.138366482396937),
 .UNSPECIFIED.);
#226=B_SPLINE_CURVE_WITH_KNOTS('',3,(#9654,#9655,#9656,#9657,#9658),
 .UNSPECIFIED.,.F.,.F.,(4,1,4),(0.,0.0671622025626183,0.138366482396937),
 .UNSPECIFIED.);
#227=B_SPLINE_CURVE_WITH_KNOTS('',3,(#9670,#9671,#9672,#9673,#9674),
 .UNSPECIFIED.,.F.,.F.,(4,1,4),(0.,0.0741186806630704,0.142894269568719),
 .UNSPECIFIED.);
#228=B_SPLINE_CURVE_WITH_KNOTS('',3,(#9677,#9678,#9679,#9680,#9681),
 .UNSPECIFIED.,.F.,.F.,(4,1,4),(0.,0.0741186806630704,0.142894269568719),
 .UNSPECIFIED.);
#229=B_SPLINE_CURVE_WITH_KNOTS('',3,(#9693,#9694,#9695,#9696,#9697),
 .UNSPECIFIED.,.F.,.F.,(4,1,4),(0.,0.0884133586453072,0.169079173255741),
 .UNSPECIFIED.);
#230=B_SPLINE_CURVE_WITH_KNOTS('',3,(#9700,#9701,#9702,#9703,#9704),
 .UNSPECIFIED.,.F.,.F.,(4,1,4),(0.,0.0884133586453072,0.169079173255741),
 .UNSPECIFIED.);
#231=B_SPLINE_CURVE_WITH_KNOTS('',3,(#9716,#9717,#9718,#9719,#9720),
 .UNSPECIFIED.,.F.,.F.,(4,1,4),(0.,0.0806039319138598,0.171108651885491),
 .UNSPECIFIED.);
#232=B_SPLINE_CURVE_WITH_KNOTS('',3,(#9723,#9724,#9725,#9726,#9727),
 .UNSPECIFIED.,.F.,.F.,(4,1,4),(0.,0.0806039319138598,0.171108651885491),
 .UNSPECIFIED.);
#233=B_SPLINE_CURVE_WITH_KNOTS('',3,(#9739,#9740,#9741,#9742,#9743),
 .UNSPECIFIED.,.F.,.F.,(4,1,4),(0.,0.0655618967591401,0.137250609911261),
 .UNSPECIFIED.);
#234=B_SPLINE_CURVE_WITH_KNOTS('',3,(#9746,#9747,#9748,#9749,#9750),
 .UNSPECIFIED.,.F.,.F.,(4,1,4),(0.,0.0655618967591401,0.137250609911261),
 .UNSPECIFIED.);
#235=B_SPLINE_CURVE_WITH_KNOTS('',3,(#9762,#9763,#9764,#9765,#9766),
 .UNSPECIFIED.,.F.,.F.,(4,1,4),(0.,0.0725763845106719,0.137849078895304),
 .UNSPECIFIED.);
#236=B_SPLINE_CURVE_WITH_KNOTS('',3,(#9769,#9770,#9771,#9772,#9773),
 .UNSPECIFIED.,.F.,.F.,(4,1,4),(0.,0.0725763845106719,0.137849078895304),
 .UNSPECIFIED.);
#237=B_SPLINE_CURVE_WITH_KNOTS('',3,(#9785,#9786,#9787,#9788,#9789),
 .UNSPECIFIED.,.F.,.F.,(4,1,4),(0.,0.0494146247196749,0.101061440909907),
 .UNSPECIFIED.);
#238=B_SPLINE_CURVE_WITH_KNOTS('',3,(#9792,#9793,#9794,#9795,#9796),
 .UNSPECIFIED.,.F.,.F.,(4,1,4),(0.,0.0494146247196749,0.101061440909907),
 .UNSPECIFIED.);
#239=B_SPLINE_CURVE_WITH_KNOTS('',3,(#9808,#9809,#9810,#9811,#9812),
 .UNSPECIFIED.,.F.,.F.,(4,1,4),(0.,0.0516324726916417,0.101215701106679),
 .UNSPECIFIED.);
#240=B_SPLINE_CURVE_WITH_KNOTS('',3,(#9815,#9816,#9817,#9818,#9819),
 .UNSPECIFIED.,.F.,.F.,(4,1,4),(0.,0.0516324726916417,0.101215701106679),
 .UNSPECIFIED.);
#241=B_SPLINE_CURVE_WITH_KNOTS('',3,(#9860,#9861,#9862,#9863,#9864),
 .UNSPECIFIED.,.F.,.F.,(4,1,4),(0.,0.0985004947149857,0.171576638896209),
 .UNSPECIFIED.);
#242=B_SPLINE_CURVE_WITH_KNOTS('',3,(#9868,#9869,#9870,#9871,#9872),
 .UNSPECIFIED.,.F.,.F.,(4,1,4),(0.,0.0985004947149857,0.171576638896209),
 .UNSPECIFIED.);
#243=B_SPLINE_CURVE_WITH_KNOTS('',3,(#9885,#9886,#9887,#9888,#9889),
 .UNSPECIFIED.,.F.,.F.,(4,1,4),(0.,0.0740433300127788,0.174000310870161),
 .UNSPECIFIED.);
#244=B_SPLINE_CURVE_WITH_KNOTS('',3,(#9892,#9893,#9894,#9895,#9896),
 .UNSPECIFIED.,.F.,.F.,(4,1,4),(0.,0.0740433300127788,0.174000310870161),
 .UNSPECIFIED.);
#245=B_SPLINE_CURVE_WITH_KNOTS('',3,(#9908,#9909,#9910,#9911,#9912),
 .UNSPECIFIED.,.F.,.F.,(4,1,4),(0.,0.0627682702784014,0.122249551689081),
 .UNSPECIFIED.);
#246=B_SPLINE_CURVE_WITH_KNOTS('',3,(#9915,#9916,#9917,#9918,#9919),
 .UNSPECIFIED.,.F.,.F.,(4,1,4),(0.,0.0627682702784014,0.122249551689081),
 .UNSPECIFIED.);
#247=B_SPLINE_CURVE_WITH_KNOTS('',3,(#9931,#9932,#9933,#9934,#9935),
 .UNSPECIFIED.,.F.,.F.,(4,1,4),(0.,0.0595071448253168,0.122386102319956),
 .UNSPECIFIED.);
#248=B_SPLINE_CURVE_WITH_KNOTS('',3,(#9938,#9939,#9940,#9941,#9942),
 .UNSPECIFIED.,.F.,.F.,(4,1,4),(0.,0.0595071448253168,0.122386102319956),
 .UNSPECIFIED.);
#249=B_SPLINE_CURVE_WITH_KNOTS('',3,(#9954,#9955,#9956,#9957,#9958),
 .UNSPECIFIED.,.F.,.F.,(4,1,4),(0.,0.0995111640410098,0.173264235203783),
 .UNSPECIFIED.);
#250=B_SPLINE_CURVE_WITH_KNOTS('',3,(#9961,#9962,#9963,#9964,#9965),
 .UNSPECIFIED.,.F.,.F.,(4,1,4),(0.,0.0995111640410098,0.173264235203783),
 .UNSPECIFIED.);
#251=B_SPLINE_CURVE_WITH_KNOTS('',3,(#9977,#9978,#9979,#9980,#9981),
 .UNSPECIFIED.,.F.,.F.,(4,1,4),(0.,0.073502484854732,0.172881917223708),
 .UNSPECIFIED.);
#252=B_SPLINE_CURVE_WITH_KNOTS('',3,(#9984,#9985,#9986,#9987,#9988),
 .UNSPECIFIED.,.F.,.F.,(4,1,4),(0.,0.073502484854732,0.172881917223708),
 .UNSPECIFIED.);
#253=B_SPLINE_CURVE_WITH_KNOTS('',3,(#10000,#10001,#10002,#10003,#10004),
 .UNSPECIFIED.,.F.,.F.,(4,1,4),(0.,0.0629098550688803,0.122710024221527),
 .UNSPECIFIED.);
#254=B_SPLINE_CURVE_WITH_KNOTS('',3,(#10007,#10008,#10009,#10010,#10011),
 .UNSPECIFIED.,.F.,.F.,(4,1,4),(0.,0.0629098550688803,0.122710024221527),
 .UNSPECIFIED.);
#255=B_SPLINE_CURVE_WITH_KNOTS('',3,(#10022,#10023,#10024,#10025,#10026),
 .UNSPECIFIED.,.F.,.F.,(4,1,4),(0.,0.0594805009455317,0.122248771223933),
 .UNSPECIFIED.);
#256=B_SPLINE_CURVE_WITH_KNOTS('',3,(#10027,#10028,#10029,#10030,#10031),
 .UNSPECIFIED.,.F.,.F.,(4,1,4),(0.,0.0594805009455317,0.122248771223933),
 .UNSPECIFIED.);
#257=B_SPLINE_CURVE_WITH_KNOTS('',3,(#10044,#10045,#10046,#10047,#10048),
 .UNSPECIFIED.,.F.,.F.,(4,1,4),(0.,0.076184212294534,0.149372452988126),
 .UNSPECIFIED.);
#258=B_SPLINE_CURVE_WITH_KNOTS('',3,(#10052,#10053,#10054,#10055,#10056),
 .UNSPECIFIED.,.F.,.F.,(4,1,4),(0.,0.076184212294534,0.149372452988126),
 .UNSPECIFIED.);
#259=B_SPLINE_CURVE_WITH_KNOTS('',3,(#10069,#10070,#10071,#10072,#10073),
 .UNSPECIFIED.,.F.,.F.,(4,1,4),(0.,0.0897749118182943,0.171468879748406),
 .UNSPECIFIED.);
#260=B_SPLINE_CURVE_WITH_KNOTS('',3,(#10076,#10077,#10078,#10079,#10080),
 .UNSPECIFIED.,.F.,.F.,(4,1,4),(0.,0.0897749118182943,0.171468879748406),
 .UNSPECIFIED.);
#261=B_SPLINE_CURVE_WITH_KNOTS('',3,(#10092,#10093,#10094,#10095,#10096),
 .UNSPECIFIED.,.F.,.F.,(4,1,4),(0.,0.115451617846795,0.249684063167387),
 .UNSPECIFIED.);
#262=B_SPLINE_CURVE_WITH_KNOTS('',3,(#10099,#10100,#10101,#10102,#10103),
 .UNSPECIFIED.,.F.,.F.,(4,1,4),(0.,0.115451617846795,0.249684063167387),
 .UNSPECIFIED.);
#263=B_SPLINE_CURVE_WITH_KNOTS('',3,(#10115,#10116,#10117,#10118,#10119),
 .UNSPECIFIED.,.F.,.F.,(4,1,4),(0.,0.120216218334374,0.228651166232427),
 .UNSPECIFIED.);
#264=B_SPLINE_CURVE_WITH_KNOTS('',3,(#10122,#10123,#10124,#10125,#10126),
 .UNSPECIFIED.,.F.,.F.,(4,1,4),(0.,0.120216218334374,0.228651166232427),
 .UNSPECIFIED.);
#265=B_SPLINE_CURVE_WITH_KNOTS('',3,(#10138,#10139,#10140,#10141,#10142),
 .UNSPECIFIED.,.F.,.F.,(4,1,4),(0.,0.0745617342487818,0.157054474400589),
 .UNSPECIFIED.);
#266=B_SPLINE_CURVE_WITH_KNOTS('',3,(#10145,#10146,#10147,#10148,#10149),
 .UNSPECIFIED.,.F.,.F.,(4,1,4),(0.,0.0745617342487818,0.157054474400589),
 .UNSPECIFIED.);
#267=B_SPLINE_CURVE_WITH_KNOTS('',3,(#10161,#10162,#10163,#10164,#10165),
 .UNSPECIFIED.,.F.,.F.,(4,1,4),(0.,0.0755866768683259,0.148570610333113),
 .UNSPECIFIED.);
#268=B_SPLINE_CURVE_WITH_KNOTS('',3,(#10168,#10169,#10170,#10171,#10172),
 .UNSPECIFIED.,.F.,.F.,(4,1,4),(0.,0.0755866768683259,0.148570610333113),
 .UNSPECIFIED.);
#269=B_SPLINE_CURVE_WITH_KNOTS('',3,(#10184,#10185,#10186,#10187,#10188),
 .UNSPECIFIED.,.F.,.F.,(4,1,4),(0.,0.0915201350132191,0.173895972538844),
 .UNSPECIFIED.);
#270=B_SPLINE_CURVE_WITH_KNOTS('',3,(#10191,#10192,#10193,#10194,#10195),
 .UNSPECIFIED.,.F.,.F.,(4,1,4),(0.,0.0915201350132191,0.173895972538844),
 .UNSPECIFIED.);
#271=B_SPLINE_CURVE_WITH_KNOTS('',3,(#10207,#10208,#10209,#10210,#10211),
 .UNSPECIFIED.,.F.,.F.,(4,1,4),(0.,0.115122150162364,0.247755178409084),
 .UNSPECIFIED.);
#272=B_SPLINE_CURVE_WITH_KNOTS('',3,(#10214,#10215,#10216,#10217,#10218),
 .UNSPECIFIED.,.F.,.F.,(4,1,4),(0.,0.115122150162364,0.247755178409084),
 .UNSPECIFIED.);
#273=B_SPLINE_CURVE_WITH_KNOTS('',3,(#10230,#10231,#10232,#10233,#10234),
 .UNSPECIFIED.,.F.,.F.,(4,1,4),(0.,0.120554191179972,0.229279609431602),
 .UNSPECIFIED.);
#274=B_SPLINE_CURVE_WITH_KNOTS('',3,(#10237,#10238,#10239,#10240,#10241),
 .UNSPECIFIED.,.F.,.F.,(4,1,4),(0.,0.120554191179972,0.229279609431602),
 .UNSPECIFIED.);
#275=B_SPLINE_CURVE_WITH_KNOTS('',3,(#10252,#10253,#10254,#10255,#10256),
 .UNSPECIFIED.,.F.,.F.,(4,1,4),(0.,0.0753127012465333,0.157984443832541),
 .UNSPECIFIED.);
#276=B_SPLINE_CURVE_WITH_KNOTS('',3,(#10257,#10258,#10259,#10260,#10261),
 .UNSPECIFIED.,.F.,.F.,(4,1,4),(0.,0.0753127012465333,0.157984443832541),
 .UNSPECIFIED.);
#277=B_SPLINE_CURVE_WITH_KNOTS('',3,(#10342,#10343,#10344,#10345,#10346),
 .UNSPECIFIED.,.F.,.F.,(4,1,4),(0.,0.0287815207533683,0.0562735372180642),
 .UNSPECIFIED.);
#278=B_SPLINE_CURVE_WITH_KNOTS('',3,(#10350,#10351,#10352,#10353,#10354),
 .UNSPECIFIED.,.F.,.F.,(4,1,4),(0.,0.0287815207533683,0.0562735372180642),
 .UNSPECIFIED.);
#279=B_SPLINE_CURVE_WITH_KNOTS('',3,(#10367,#10368,#10369,#10370,#10371),
 .UNSPECIFIED.,.F.,.F.,(4,1,4),(0.,0.0322380208282126,0.0621395662215124),
 .UNSPECIFIED.);
#280=B_SPLINE_CURVE_WITH_KNOTS('',3,(#10374,#10375,#10376,#10377,#10378),
 .UNSPECIFIED.,.F.,.F.,(4,1,4),(0.,0.0322380208282126,0.0621395662215124),
 .UNSPECIFIED.);
#281=B_SPLINE_CURVE_WITH_KNOTS('',3,(#10390,#10391,#10392,#10393,#10394),
 .UNSPECIFIED.,.F.,.F.,(4,1,4),(0.,0.0372906156186224,0.0860596151473794),
 .UNSPECIFIED.);
#282=B_SPLINE_CURVE_WITH_KNOTS('',3,(#10397,#10398,#10399,#10400,#10401),
 .UNSPECIFIED.,.F.,.F.,(4,1,4),(0.,0.0372906156186224,0.0860596151473794),
 .UNSPECIFIED.);
#283=B_SPLINE_CURVE_WITH_KNOTS('',3,(#10413,#10414,#10415,#10416,#10417),
 .UNSPECIFIED.,.F.,.F.,(4,1,4),(0.,0.0434716181825381,0.0790888472133789),
 .UNSPECIFIED.);
#284=B_SPLINE_CURVE_WITH_KNOTS('',3,(#10420,#10421,#10422,#10423,#10424),
 .UNSPECIFIED.,.F.,.F.,(4,1,4),(0.,0.0434716181825381,0.0790888472133789),
 .UNSPECIFIED.);
#285=B_SPLINE_CURVE_WITH_KNOTS('',3,(#10502,#10503,#10504,#10505,#10506),
 .UNSPECIFIED.,.F.,.F.,(4,1,4),(0.,0.0764638248727506,0.159354463395844),
 .UNSPECIFIED.);
#286=B_SPLINE_CURVE_WITH_KNOTS('',3,(#10509,#10510,#10511,#10512,#10513),
 .UNSPECIFIED.,.F.,.F.,(4,1,4),(0.,0.0764638248727506,0.159354463395844),
 .UNSPECIFIED.);
#287=B_SPLINE_CURVE_WITH_KNOTS('',3,(#10525,#10526,#10527,#10528,#10529),
 .UNSPECIFIED.,.F.,.F.,(4,1,4),(0.,0.0949169437915955,0.174825512109607),
 .UNSPECIFIED.);
#288=B_SPLINE_CURVE_WITH_KNOTS('',3,(#10532,#10533,#10534,#10535,#10536),
 .UNSPECIFIED.,.F.,.F.,(4,1,4),(0.,0.0949169437915955,0.174825512109607),
 .UNSPECIFIED.);
#289=B_SPLINE_CURVE_WITH_KNOTS('',3,(#10548,#10549,#10550,#10551,#10552),
 .UNSPECIFIED.,.F.,.F.,(4,1,4),(0.,0.0490019872591958,0.0991131652880654),
 .UNSPECIFIED.);
#290=B_SPLINE_CURVE_WITH_KNOTS('',3,(#10555,#10556,#10557,#10558,#10559),
 .UNSPECIFIED.,.F.,.F.,(4,1,4),(0.,0.0490019872591958,0.0991131652880654),
 .UNSPECIFIED.);
#291=B_SPLINE_CURVE_WITH_KNOTS('',3,(#10571,#10572,#10573,#10574,#10575),
 .UNSPECIFIED.,.F.,.F.,(4,1,4),(0.,0.0417482407572902,0.0879976509521248),
 .UNSPECIFIED.);
#292=B_SPLINE_CURVE_WITH_KNOTS('',3,(#10578,#10579,#10580,#10581,#10582),
 .UNSPECIFIED.,.F.,.F.,(4,1,4),(0.,0.0417482407572902,0.0879976509521248),
 .UNSPECIFIED.);
#293=B_SPLINE_CURVE_WITH_KNOTS('',3,(#10599,#10600,#10601,#10602,#10603),
 .UNSPECIFIED.,.F.,.F.,(4,1,4),(0.,0.0324330075939629,0.0640288931110159),
 .UNSPECIFIED.);
#294=B_SPLINE_CURVE_WITH_KNOTS('',3,(#10607,#10608,#10609,#10610,#10611),
 .UNSPECIFIED.,.F.,.F.,(4,1,4),(0.,0.0324330075939629,0.0640288931110159),
 .UNSPECIFIED.);
#295=B_SPLINE_CURVE_WITH_KNOTS('',3,(#10624,#10625,#10626,#10627,#10628),
 .UNSPECIFIED.,.F.,.F.,(4,1,4),(0.,0.0319557812705654,0.06453124613747),
 .UNSPECIFIED.);
#296=B_SPLINE_CURVE_WITH_KNOTS('',3,(#10631,#10632,#10633,#10634,#10635),
 .UNSPECIFIED.,.F.,.F.,(4,1,4),(0.,0.0319557812705654,0.06453124613747),
 .UNSPECIFIED.);
#297=B_SPLINE_CURVE_WITH_KNOTS('',3,(#10647,#10648,#10649,#10650,#10651),
 .UNSPECIFIED.,.F.,.F.,(4,1,4),(0.,0.0342869798910896,0.0667255907339593),
 .UNSPECIFIED.);
#298=B_SPLINE_CURVE_WITH_KNOTS('',3,(#10654,#10655,#10656,#10657,#10658),
 .UNSPECIFIED.,.F.,.F.,(4,1,4),(0.,0.0342869798910896,0.0667255907339593),
 .UNSPECIFIED.);
#299=B_SPLINE_CURVE_WITH_KNOTS('',3,(#10670,#10671,#10672,#10673,#10674),
 .UNSPECIFIED.,.F.,.F.,(4,1,4),(0.,0.0323176004085776,0.0673181612747198),
 .UNSPECIFIED.);
#300=B_SPLINE_CURVE_WITH_KNOTS('',3,(#10677,#10678,#10679,#10680,#10681),
 .UNSPECIFIED.,.F.,.F.,(4,1,4),(0.,0.0323176004085776,0.0673181612747198),
 .UNSPECIFIED.);
#301=B_SPLINE_CURVE_WITH_KNOTS('',3,(#10693,#10694,#10695,#10696,#10697),
 .UNSPECIFIED.,.F.,.F.,(4,1,4),(0.,0.0325755518468843,0.0645313331174497),
 .UNSPECIFIED.);
#302=B_SPLINE_CURVE_WITH_KNOTS('',3,(#10700,#10701,#10702,#10703,#10704),
 .UNSPECIFIED.,.F.,.F.,(4,1,4),(0.,0.0325755518468843,0.0645313331174497),
 .UNSPECIFIED.);
#303=B_SPLINE_CURVE_WITH_KNOTS('',3,(#10716,#10717,#10718,#10719,#10720),
 .UNSPECIFIED.,.F.,.F.,(4,1,4),(0.,0.0315958363047918,0.0640289898564518),
 .UNSPECIFIED.);
#304=B_SPLINE_CURVE_WITH_KNOTS('',3,(#10723,#10724,#10725,#10726,#10727),
 .UNSPECIFIED.,.F.,.F.,(4,1,4),(0.,0.0315958363047918,0.0640289898564518),
 .UNSPECIFIED.);
#305=B_SPLINE_CURVE_WITH_KNOTS('',3,(#10739,#10740,#10741,#10742,#10743),
 .UNSPECIFIED.,.F.,.F.,(4,1,4),(0.,0.0349762531149886,0.0670560627068933),
 .UNSPECIFIED.);
#306=B_SPLINE_CURVE_WITH_KNOTS('',3,(#10746,#10747,#10748,#10749,#10750),
 .UNSPECIFIED.,.F.,.F.,(4,1,4),(0.,0.0349762531149886,0.0670560627068933),
 .UNSPECIFIED.);
#307=B_SPLINE_CURVE_WITH_KNOTS('',3,(#10761,#10762,#10763,#10764,#10765),
 .UNSPECIFIED.,.F.,.F.,(4,1,4),(0.,0.0322012801252157,0.0664639260564926),
 .UNSPECIFIED.);
#308=B_SPLINE_CURVE_WITH_KNOTS('',3,(#10766,#10767,#10768,#10769,#10770),
 .UNSPECIFIED.,.F.,.F.,(4,1,4),(0.,0.0322012801252157,0.0664639260564926),
 .UNSPECIFIED.);
#309=B_SPLINE_CURVE_WITH_KNOTS('',3,(#10784,#10785,#10786,#10787,#10788),
 .UNSPECIFIED.,.F.,.F.,(4,1,4),(0.,0.0465396813300363,0.0950867419278656),
 .UNSPECIFIED.);
#310=B_SPLINE_CURVE_WITH_KNOTS('',3,(#10792,#10793,#10794,#10795,#10796),
 .UNSPECIFIED.,.F.,.F.,(4,1,4),(0.,0.0465396813300363,0.0950867419278656),
 .UNSPECIFIED.);
#311=B_SPLINE_CURVE_WITH_KNOTS('',3,(#10809,#10810,#10811,#10812,#10813),
 .UNSPECIFIED.,.F.,.F.,(4,1,4),(0.,0.0789254737562911,0.136226609416642),
 .UNSPECIFIED.);
#312=B_SPLINE_CURVE_WITH_KNOTS('',3,(#10816,#10817,#10818,#10819,#10820),
 .UNSPECIFIED.,.F.,.F.,(4,1,4),(0.,0.0789254737562911,0.136226609416642),
 .UNSPECIFIED.);
#313=B_SPLINE_CURVE_WITH_KNOTS('',3,(#10844,#10845,#10846,#10847,#10848),
 .UNSPECIFIED.,.F.,.F.,(4,1,4),(0.,0.0422914358774902,0.0851827935187206),
 .UNSPECIFIED.);
#314=B_SPLINE_CURVE_WITH_KNOTS('',3,(#10851,#10852,#10853,#10854,#10855),
 .UNSPECIFIED.,.F.,.F.,(4,1,4),(0.,0.0422914358774902,0.0851827935187206),
 .UNSPECIFIED.);
#315=B_SPLINE_CURVE_WITH_KNOTS('',3,(#10867,#10868,#10869,#10870,#10871),
 .UNSPECIFIED.,.F.,.F.,(4,1,4),(0.,0.0393328299263843,0.0805373781636207),
 .UNSPECIFIED.);
#316=B_SPLINE_CURVE_WITH_KNOTS('',3,(#10874,#10875,#10876,#10877,#10878),
 .UNSPECIFIED.,.F.,.F.,(4,1,4),(0.,0.0393328299263843,0.0805373781636207),
 .UNSPECIFIED.);
#317=B_SPLINE_CURVE_WITH_KNOTS('',3,(#10889,#10890,#10891,#10892,#10893),
 .UNSPECIFIED.,.F.,.F.,(4,1,4),(0.,0.0796127259464433,0.161791776003154),
 .UNSPECIFIED.);
#318=B_SPLINE_CURVE_WITH_KNOTS('',3,(#10894,#10895,#10896,#10897,#10898),
 .UNSPECIFIED.,.F.,.F.,(4,1,4),(0.,0.0796127259464433,0.161791776003154),
 .UNSPECIFIED.);
#319=B_SPLINE_CURVE_WITH_KNOTS('',3,(#10911,#10912,#10913,#10914,#10915),
 .UNSPECIFIED.,.F.,.F.,(4,1,4),(0.,0.079370845093339,0.166506967445681),
 .UNSPECIFIED.);
#320=B_SPLINE_CURVE_WITH_KNOTS('',3,(#10919,#10920,#10921,#10922,#10923),
 .UNSPECIFIED.,.F.,.F.,(4,1,4),(0.,0.079370845093339,0.166506967445681),
 .UNSPECIFIED.);
#321=B_SPLINE_CURVE_WITH_KNOTS('',3,(#10936,#10937,#10938,#10939,#10940),
 .UNSPECIFIED.,.F.,.F.,(4,1,4),(0.,0.108108198974558,0.194349182854001),
 .UNSPECIFIED.);
#322=B_SPLINE_CURVE_WITH_KNOTS('',3,(#10943,#10944,#10945,#10946,#10947),
 .UNSPECIFIED.,.F.,.F.,(4,1,4),(0.,0.108108198974558,0.194349182854001),
 .UNSPECIFIED.);
#323=B_SPLINE_CURVE_WITH_KNOTS('',3,(#10959,#10960,#10961,#10962,#10963),
 .UNSPECIFIED.,.F.,.F.,(4,1,4),(0.,0.0536175758301105,0.102672474537487),
 .UNSPECIFIED.);
#324=B_SPLINE_CURVE_WITH_KNOTS('',3,(#10966,#10967,#10968,#10969,#10970),
 .UNSPECIFIED.,.F.,.F.,(4,1,4),(0.,0.0536175758301105,0.102672474537487),
 .UNSPECIFIED.);
#325=B_SPLINE_CURVE_WITH_KNOTS('',3,(#10982,#10983,#10984,#10985,#10986),
 .UNSPECIFIED.,.F.,.F.,(4,1,4),(0.,0.0597637661065678,0.116858585172246),
 .UNSPECIFIED.);
#326=B_SPLINE_CURVE_WITH_KNOTS('',3,(#10989,#10990,#10991,#10992,#10993),
 .UNSPECIFIED.,.F.,.F.,(4,1,4),(0.,0.0597637661065678,0.116858585172246),
 .UNSPECIFIED.);
#327=B_SPLINE_CURVE_WITH_KNOTS('',3,(#11011,#11012,#11013,#11014,#11015),
 .UNSPECIFIED.,.F.,.F.,(4,1,4),(0.,0.04497386086592,0.0930186401190489),
 .UNSPECIFIED.);
#328=B_SPLINE_CURVE_WITH_KNOTS('',3,(#11018,#11019,#11020,#11021,#11022),
 .UNSPECIFIED.,.F.,.F.,(4,1,4),(0.,0.04497386086592,0.0930186401190489),
 .UNSPECIFIED.);
#329=B_SPLINE_CURVE_WITH_KNOTS('',3,(#11034,#11035,#11036,#11037,#11038),
 .UNSPECIFIED.,.F.,.F.,(4,1,4),(0.,0.0333949936055407,0.0735688659610393),
 .UNSPECIFIED.);
#330=B_SPLINE_CURVE_WITH_KNOTS('',3,(#11041,#11042,#11043,#11044,#11045),
 .UNSPECIFIED.,.F.,.F.,(4,1,4),(0.,0.0333949936055407,0.0735688659610393),
 .UNSPECIFIED.);
#331=B_SPLINE_CURVE_WITH_KNOTS('',3,(#11057,#11058,#11059,#11060,#11061),
 .UNSPECIFIED.,.F.,.F.,(4,1,4),(0.,0.0472816596332758,0.104898158544371),
 .UNSPECIFIED.);
#332=B_SPLINE_CURVE_WITH_KNOTS('',3,(#11064,#11065,#11066,#11067,#11068),
 .UNSPECIFIED.,.F.,.F.,(4,1,4),(0.,0.0472816596332758,0.104898158544371),
 .UNSPECIFIED.);
#333=B_SPLINE_CURVE_WITH_KNOTS('',3,(#11080,#11081,#11082,#11083,#11084),
 .UNSPECIFIED.,.F.,.F.,(4,1,4),(0.,0.0519426039910579,0.0953775387781534),
 .UNSPECIFIED.);
#334=B_SPLINE_CURVE_WITH_KNOTS('',3,(#11087,#11088,#11089,#11090,#11091),
 .UNSPECIFIED.,.F.,.F.,(4,1,4),(0.,0.0519426039910579,0.0953775387781534),
 .UNSPECIFIED.);
#335=B_SPLINE_CURVE_WITH_KNOTS('',3,(#11115,#11116,#11117,#11118,#11119),
 .UNSPECIFIED.,.F.,.F.,(4,1,4),(0.,0.0996026759395141,0.224344263750417),
 .UNSPECIFIED.);
#336=B_SPLINE_CURVE_WITH_KNOTS('',3,(#11122,#11123,#11124,#11125,#11126),
 .UNSPECIFIED.,.F.,.F.,(4,1,4),(0.,0.0996026759395141,0.224344263750417),
 .UNSPECIFIED.);
#337=B_SPLINE_CURVE_WITH_KNOTS('',3,(#11138,#11139,#11140,#11141,#11142),
 .UNSPECIFIED.,.F.,.F.,(4,1,4),(0.,0.0876998931121708,0.172587040535622),
 .UNSPECIFIED.);
#338=B_SPLINE_CURVE_WITH_KNOTS('',3,(#11145,#11146,#11147,#11148,#11149),
 .UNSPECIFIED.,.F.,.F.,(4,1,4),(0.,0.0876998931121708,0.172587040535622),
 .UNSPECIFIED.);
#339=B_SPLINE_CURVE_WITH_KNOTS('',3,(#11161,#11162,#11163,#11164,#11165),
 .UNSPECIFIED.,.F.,.F.,(4,1,4),(0.,0.073075859052961,0.151346429215529),
 .UNSPECIFIED.);
#340=B_SPLINE_CURVE_WITH_KNOTS('',3,(#11168,#11169,#11170,#11171,#11172),
 .UNSPECIFIED.,.F.,.F.,(4,1,4),(0.,0.073075859052961,0.151346429215529),
 .UNSPECIFIED.);
#341=B_SPLINE_CURVE_WITH_KNOTS('',3,(#11184,#11185,#11186,#11187,#11188),
 .UNSPECIFIED.,.F.,.F.,(4,1,4),(0.,0.0844910967273448,0.15930799866289),
 .UNSPECIFIED.);
#342=B_SPLINE_CURVE_WITH_KNOTS('',3,(#11191,#11192,#11193,#11194,#11195),
 .UNSPECIFIED.,.F.,.F.,(4,1,4),(0.,0.0844910967273448,0.15930799866289),
 .UNSPECIFIED.);
#343=B_SPLINE_CURVE_WITH_KNOTS('',3,(#11207,#11208,#11209,#11210,#11211),
 .UNSPECIFIED.,.F.,.F.,(4,1,4),(0.,0.0555826389174257,0.11263328501471),
 .UNSPECIFIED.);
#344=B_SPLINE_CURVE_WITH_KNOTS('',3,(#11214,#11215,#11216,#11217,#11218),
 .UNSPECIFIED.,.F.,.F.,(4,1,4),(0.,0.0555826389174257,0.11263328501471),
 .UNSPECIFIED.);
#345=B_SPLINE_CURVE_WITH_KNOTS('',3,(#11230,#11231,#11232,#11233,#11234),
 .UNSPECIFIED.,.F.,.F.,(4,1,4),(0.,0.0534957000413821,0.107693605545617),
 .UNSPECIFIED.);
#346=B_SPLINE_CURVE_WITH_KNOTS('',3,(#11237,#11238,#11239,#11240,#11241),
 .UNSPECIFIED.,.F.,.F.,(4,1,4),(0.,0.0534957000413821,0.107693605545617),
 .UNSPECIFIED.);
#347=B_SPLINE_CURVE_WITH_KNOTS('',3,(#11253,#11254,#11255,#11256,#11257),
 .UNSPECIFIED.,.F.,.F.,(4,1,4),(0.,0.0376969760025348,0.0780901602266955),
 .UNSPECIFIED.);
#348=B_SPLINE_CURVE_WITH_KNOTS('',3,(#11260,#11261,#11262,#11263,#11264),
 .UNSPECIFIED.,.F.,.F.,(4,1,4),(0.,0.0376969760025348,0.0780901602266955),
 .UNSPECIFIED.);
#349=B_SPLINE_CURVE_WITH_KNOTS('',3,(#11276,#11277,#11278,#11279,#11280),
 .UNSPECIFIED.,.F.,.F.,(4,1,4),(0.,0.0430905128722245,0.082600762823504),
 .UNSPECIFIED.);
#350=B_SPLINE_CURVE_WITH_KNOTS('',3,(#11283,#11284,#11285,#11286,#11287),
 .UNSPECIFIED.,.F.,.F.,(4,1,4),(0.,0.0430905128722245,0.082600762823504),
 .UNSPECIFIED.);
#351=B_SPLINE_CURVE_WITH_KNOTS('',3,(#11305,#11306,#11307,#11308,#11309),
 .UNSPECIFIED.,.F.,.F.,(4,1,4),(0.,0.0201886845115065,0.0435237907129444),
 .UNSPECIFIED.);
#352=B_SPLINE_CURVE_WITH_KNOTS('',3,(#11312,#11313,#11314,#11315,#11316),
 .UNSPECIFIED.,.F.,.F.,(4,1,4),(0.,0.0201886845115065,0.0435237907129444),
 .UNSPECIFIED.);
#353=B_SPLINE_CURVE_WITH_KNOTS('',3,(#11328,#11329,#11330,#11331,#11332),
 .UNSPECIFIED.,.F.,.F.,(4,1,4),(0.,0.0315695288924814,0.0544193811178025),
 .UNSPECIFIED.);
#354=B_SPLINE_CURVE_WITH_KNOTS('',3,(#11335,#11336,#11337,#11338,#11339),
 .UNSPECIFIED.,.F.,.F.,(4,1,4),(0.,0.0315695288924814,0.0544193811178025),
 .UNSPECIFIED.);
#355=B_SPLINE_CURVE_WITH_KNOTS('',3,(#11356,#11357,#11358,#11359,#11360),
 .UNSPECIFIED.,.F.,.F.,(4,1,4),(0.,0.0467920283502326,0.102254084285712),
 .UNSPECIFIED.);
#356=B_SPLINE_CURVE_WITH_KNOTS('',3,(#11364,#11365,#11366,#11367,#11368),
 .UNSPECIFIED.,.F.,.F.,(4,1,4),(0.,0.0467920283502326,0.102254084285712),
 .UNSPECIFIED.);
#357=B_SPLINE_CURVE_WITH_KNOTS('',3,(#11381,#11382,#11383,#11384,#11385),
 .UNSPECIFIED.,.F.,.F.,(4,1,4),(0.,0.0512735051831539,0.0960139170616135),
 .UNSPECIFIED.);
#358=B_SPLINE_CURVE_WITH_KNOTS('',3,(#11388,#11389,#11390,#11391,#11392),
 .UNSPECIFIED.,.F.,.F.,(4,1,4),(0.,0.0512735051831539,0.0960139170616135),
 .UNSPECIFIED.);
#359=B_SPLINE_CURVE_WITH_KNOTS('',3,(#11404,#11405,#11406,#11407,#11408),
 .UNSPECIFIED.,.F.,.F.,(4,1,4),(0.,0.0473911784111046,0.103002826868759),
 .UNSPECIFIED.);
#360=B_SPLINE_CURVE_WITH_KNOTS('',3,(#11411,#11412,#11413,#11414,#11415),
 .UNSPECIFIED.,.F.,.F.,(4,1,4),(0.,0.0473911784111046,0.103002826868759),
 .UNSPECIFIED.);
#361=B_SPLINE_CURVE_WITH_KNOTS('',3,(#11427,#11428,#11429,#11430,#11431),
 .UNSPECIFIED.,.F.,.F.,(4,1,4),(0.,0.0529225258230939,0.100399172632055),
 .UNSPECIFIED.);
#362=B_SPLINE_CURVE_WITH_KNOTS('',3,(#11434,#11435,#11436,#11437,#11438),
 .UNSPECIFIED.,.F.,.F.,(4,1,4),(0.,0.0529225258230939,0.100399172632055),
 .UNSPECIFIED.);
#363=B_SPLINE_CURVE_WITH_KNOTS('',3,(#11450,#11451,#11452,#11453,#11454),
 .UNSPECIFIED.,.F.,.F.,(4,1,4),(0.,0.046506384208717,0.0979743367527576),
 .UNSPECIFIED.);
#364=B_SPLINE_CURVE_WITH_KNOTS('',3,(#11457,#11458,#11459,#11460,#11461),
 .UNSPECIFIED.,.F.,.F.,(4,1,4),(0.,0.046506384208717,0.0979743367527576),
 .UNSPECIFIED.);
#365=B_SPLINE_CURVE_WITH_KNOTS('',3,(#11473,#11474,#11475,#11476,#11477),
 .UNSPECIFIED.,.F.,.F.,(4,1,4),(0.,0.0550622274862252,0.10221377198009),
 .UNSPECIFIED.);
#366=B_SPLINE_CURVE_WITH_KNOTS('',3,(#11480,#11481,#11482,#11483,#11484),
 .UNSPECIFIED.,.F.,.F.,(4,1,4),(0.,0.0550622274862252,0.10221377198009),
 .UNSPECIFIED.);
#367=B_SPLINE_CURVE_WITH_KNOTS('',3,(#11495,#11496,#11497,#11498,#11499),
 .UNSPECIFIED.,.F.,.F.,(4,1,4),(0.,0.0985882455979561,0.193877003960021),
 .UNSPECIFIED.);
#368=B_SPLINE_CURVE_WITH_KNOTS('',3,(#11500,#11501,#11502,#11503,#11504),
 .UNSPECIFIED.,.F.,.F.,(4,1,4),(0.,0.0985882455979561,0.193877003960021),
 .UNSPECIFIED.);
#369=B_SPLINE_CURVE_WITH_KNOTS('',3,(#11517,#11518,#11519,#11520,#11521),
 .UNSPECIFIED.,.F.,.F.,(4,1,4),(0.,0.0470690513736599,0.0886892825338234),
 .UNSPECIFIED.);
#370=B_SPLINE_CURVE_WITH_KNOTS('',3,(#11525,#11526,#11527,#11528,#11529),
 .UNSPECIFIED.,.F.,.F.,(4,1,4),(0.,0.0470690513736599,0.0886892825338234),
 .UNSPECIFIED.);
#371=B_SPLINE_CURVE_WITH_KNOTS('',3,(#11542,#11543,#11544,#11545,#11546),
 .UNSPECIFIED.,.F.,.F.,(4,1,4),(0.,0.0675549283550558,0.123235364199188),
 .UNSPECIFIED.);
#372=B_SPLINE_CURVE_WITH_KNOTS('',3,(#11549,#11550,#11551,#11552,#11553),
 .UNSPECIFIED.,.F.,.F.,(4,1,4),(0.,0.0675549283550558,0.123235364199188),
 .UNSPECIFIED.);
#373=B_SPLINE_CURVE_WITH_KNOTS('',3,(#11565,#11566,#11567,#11568,#11569),
 .UNSPECIFIED.,.F.,.F.,(4,1,4),(0.,0.065583849142753,0.136924186739261),
 .UNSPECIFIED.);
#374=B_SPLINE_CURVE_WITH_KNOTS('',3,(#11572,#11573,#11574,#11575,#11576),
 .UNSPECIFIED.,.F.,.F.,(4,1,4),(0.,0.065583849142753,0.136924186739261),
 .UNSPECIFIED.);
#375=B_SPLINE_CURVE_WITH_KNOTS('',3,(#11588,#11589,#11590,#11591,#11592),
 .UNSPECIFIED.,.F.,.F.,(4,1,4),(0.,0.0580957969945953,0.118763850905382),
 .UNSPECIFIED.);
#376=B_SPLINE_CURVE_WITH_KNOTS('',3,(#11595,#11596,#11597,#11598,#11599),
 .UNSPECIFIED.,.F.,.F.,(4,1,4),(0.,0.0580957969945953,0.118763850905382),
 .UNSPECIFIED.);
#377=B_SPLINE_CURVE_WITH_KNOTS('',3,(#11611,#11612,#11613,#11614,#11615),
 .UNSPECIFIED.,.F.,.F.,(4,1,4),(0.,0.0614081440876985,0.119509486386779),
 .UNSPECIFIED.);
#378=B_SPLINE_CURVE_WITH_KNOTS('',3,(#11618,#11619,#11620,#11621,#11622),
 .UNSPECIFIED.,.F.,.F.,(4,1,4),(0.,0.0614081440876985,0.119509486386779),
 .UNSPECIFIED.);
#379=B_SPLINE_CURVE_WITH_KNOTS('',3,(#11634,#11635,#11636,#11637,#11638),
 .UNSPECIFIED.,.F.,.F.,(4,1,4),(0.,0.0497346882327699,0.104870639021887),
 .UNSPECIFIED.);
#380=B_SPLINE_CURVE_WITH_KNOTS('',3,(#11641,#11642,#11643,#11644,#11645),
 .UNSPECIFIED.,.F.,.F.,(4,1,4),(0.,0.0497346882327699,0.104870639021887),
 .UNSPECIFIED.);
#381=B_SPLINE_CURVE_WITH_KNOTS('',3,(#11657,#11658,#11659,#11660,#11661),
 .UNSPECIFIED.,.F.,.F.,(4,1,4),(0.,0.0574400292000265,0.107790133373593),
 .UNSPECIFIED.);
#382=B_SPLINE_CURVE_WITH_KNOTS('',3,(#11664,#11665,#11666,#11667,#11668),
 .UNSPECIFIED.,.F.,.F.,(4,1,4),(0.,0.0574400292000265,0.107790133373593),
 .UNSPECIFIED.);
#383=B_SPLINE_CURVE_WITH_KNOTS('',3,(#11680,#11681,#11682,#11683,#11684),
 .UNSPECIFIED.,.F.,.F.,(4,1,4),(0.,0.0630868898649521,0.134725779943365),
 .UNSPECIFIED.);
#384=B_SPLINE_CURVE_WITH_KNOTS('',3,(#11687,#11688,#11689,#11690,#11691),
 .UNSPECIFIED.,.F.,.F.,(4,1,4),(0.,0.0630868898649521,0.134725779943365),
 .UNSPECIFIED.);
#385=B_SPLINE_CURVE_WITH_KNOTS('',3,(#11703,#11704,#11705,#11706,#11707),
 .UNSPECIFIED.,.F.,.F.,(4,1,4),(0.,0.0486199094388832,0.09379848969278),
 .UNSPECIFIED.);
#386=B_SPLINE_CURVE_WITH_KNOTS('',3,(#11710,#11711,#11712,#11713,#11714),
 .UNSPECIFIED.,.F.,.F.,(4,1,4),(0.,0.0486199094388832,0.09379848969278),
 .UNSPECIFIED.);
#387=B_SPLINE_CURVE_WITH_KNOTS('',3,(#11726,#11727,#11728,#11729,#11730),
 .UNSPECIFIED.,.F.,.F.,(4,1,4),(0.,0.0758790847576322,0.134407000380618),
 .UNSPECIFIED.);
#388=B_SPLINE_CURVE_WITH_KNOTS('',3,(#11733,#11734,#11735,#11736,#11737),
 .UNSPECIFIED.,.F.,.F.,(4,1,4),(0.,0.0758790847576322,0.134407000380618),
 .UNSPECIFIED.);
#389=B_SPLINE_CURVE_WITH_KNOTS('',3,(#11755,#11756,#11757,#11758,#11759),
 .UNSPECIFIED.,.F.,.F.,(4,1,4),(0.,0.0407470497629166,0.0899797400028221),
 .UNSPECIFIED.);
#390=B_SPLINE_CURVE_WITH_KNOTS('',3,(#11762,#11763,#11764,#11765,#11766),
 .UNSPECIFIED.,.F.,.F.,(4,1,4),(0.,0.0407470497629166,0.0899797400028221),
 .UNSPECIFIED.);
#391=B_SPLINE_CURVE_WITH_KNOTS('',3,(#11778,#11779,#11780,#11781,#11782),
 .UNSPECIFIED.,.F.,.F.,(4,1,4),(0.,0.0343072369382486,0.0689458095586121),
 .UNSPECIFIED.);
#392=B_SPLINE_CURVE_WITH_KNOTS('',3,(#11785,#11786,#11787,#11788,#11789),
 .UNSPECIFIED.,.F.,.F.,(4,1,4),(0.,0.0343072369382486,0.0689458095586121),
 .UNSPECIFIED.);
#393=B_SPLINE_CURVE_WITH_KNOTS('',3,(#11801,#11802,#11803,#11804,#11805),
 .UNSPECIFIED.,.F.,.F.,(4,1,4),(0.,0.0406998823538798,0.079508177610506),
 .UNSPECIFIED.);
#394=B_SPLINE_CURVE_WITH_KNOTS('',3,(#11808,#11809,#11810,#11811,#11812),
 .UNSPECIFIED.,.F.,.F.,(4,1,4),(0.,0.0406998823538798,0.079508177610506),
 .UNSPECIFIED.);
#395=B_SPLINE_CURVE_WITH_KNOTS('',3,(#11824,#11825,#11826,#11827,#11828),
 .UNSPECIFIED.,.F.,.F.,(4,1,4),(0.,0.0818103011506901,0.138181354419559),
 .UNSPECIFIED.);
#396=B_SPLINE_CURVE_WITH_KNOTS('',3,(#11831,#11832,#11833,#11834,#11835),
 .UNSPECIFIED.,.F.,.F.,(4,1,4),(0.,0.0818103011506901,0.138181354419559),
 .UNSPECIFIED.);
#397=B_SPLINE_CURVE_WITH_KNOTS('',3,(#11847,#11848,#11849,#11850,#11851),
 .UNSPECIFIED.,.F.,.F.,(4,1,4),(0.,0.042466582372919,0.099338019192837),
 .UNSPECIFIED.);
#398=B_SPLINE_CURVE_WITH_KNOTS('',3,(#11854,#11855,#11856,#11857,#11858),
 .UNSPECIFIED.,.F.,.F.,(4,1,4),(0.,0.042466582372919,0.099338019192837),
 .UNSPECIFIED.);
#399=B_SPLINE_CURVE_WITH_KNOTS('',3,(#11870,#11871,#11872,#11873,#11874),
 .UNSPECIFIED.,.F.,.F.,(4,1,4),(0.,0.0256198890980142,0.0570961474765129),
 .UNSPECIFIED.);
#400=B_SPLINE_CURVE_WITH_KNOTS('',3,(#11877,#11878,#11879,#11880,#11881),
 .UNSPECIFIED.,.F.,.F.,(4,1,4),(0.,0.0256198890980142,0.0570961474765129),
 .UNSPECIFIED.);
#401=B_SPLINE_CURVE_WITH_KNOTS('',3,(#11893,#11894,#11895,#11896,#11897),
 .UNSPECIFIED.,.F.,.F.,(4,1,4),(0.,0.0297214574649885,0.0551828886098246),
 .UNSPECIFIED.);
#402=B_SPLINE_CURVE_WITH_KNOTS('',3,(#11900,#11901,#11902,#11903,#11904),
 .UNSPECIFIED.,.F.,.F.,(4,1,4),(0.,0.0297214574649885,0.0551828886098246),
 .UNSPECIFIED.);
#403=B_SPLINE_CURVE_WITH_KNOTS('',3,(#11922,#11923,#11924,#11925,#11926),
 .UNSPECIFIED.,.F.,.F.,(4,1,4),(0.,0.0505173040096821,0.107510017602948),
 .UNSPECIFIED.);
#404=B_SPLINE_CURVE_WITH_KNOTS('',3,(#11929,#11930,#11931,#11932,#11933),
 .UNSPECIFIED.,.F.,.F.,(4,1,4),(0.,0.0505173040096821,0.107510017602948),
 .UNSPECIFIED.);
#405=B_SPLINE_CURVE_WITH_KNOTS('',3,(#11945,#11946,#11947,#11948,#11949),
 .UNSPECIFIED.,.F.,.F.,(4,1,4),(0.,0.0570507490598331,0.106733604560367),
 .UNSPECIFIED.);
#406=B_SPLINE_CURVE_WITH_KNOTS('',3,(#11952,#11953,#11954,#11955,#11956),
 .UNSPECIFIED.,.F.,.F.,(4,1,4),(0.,0.0570507490598331,0.106733604560367),
 .UNSPECIFIED.);
#407=B_SPLINE_CURVE_WITH_KNOTS('',3,(#11968,#11969,#11970,#11971,#11972),
 .UNSPECIFIED.,.F.,.F.,(4,1,4),(0.,0.0942107650498501,0.167165850019119),
 .UNSPECIFIED.);
#408=B_SPLINE_CURVE_WITH_KNOTS('',3,(#11975,#11976,#11977,#11978,#11979),
 .UNSPECIFIED.,.F.,.F.,(4,1,4),(0.,0.0942107650498501,0.167165850019119),
 .UNSPECIFIED.);
#409=B_SPLINE_CURVE_WITH_KNOTS('',3,(#11991,#11992,#11993,#11994,#11995),
 .UNSPECIFIED.,.F.,.F.,(4,1,4),(0.,0.103399210282186,0.235018878750724),
 .UNSPECIFIED.);
#410=B_SPLINE_CURVE_WITH_KNOTS('',3,(#11998,#11999,#12000,#12001,#12002),
 .UNSPECIFIED.,.F.,.F.,(4,1,4),(0.,0.103399210282186,0.235018878750724),
 .UNSPECIFIED.);
#411=B_SPLINE_CURVE_WITH_KNOTS('',3,(#12014,#12015,#12016,#12017,#12018),
 .UNSPECIFIED.,.F.,.F.,(4,1,4),(0.,0.083659467562458,0.168417280020625),
 .UNSPECIFIED.);
#412=B_SPLINE_CURVE_WITH_KNOTS('',3,(#12021,#12022,#12023,#12024,#12025),
 .UNSPECIFIED.,.F.,.F.,(4,1,4),(0.,0.083659467562458,0.168417280020625),
 .UNSPECIFIED.);
#413=B_SPLINE_CURVE_WITH_KNOTS('',3,(#12037,#12038,#12039,#12040,#12041),
 .UNSPECIFIED.,.F.,.F.,(4,1,4),(0.,0.0462915617404508,0.0929447743272327),
 .UNSPECIFIED.);
#414=B_SPLINE_CURVE_WITH_KNOTS('',3,(#12044,#12045,#12046,#12047,#12048),
 .UNSPECIFIED.,.F.,.F.,(4,1,4),(0.,0.0462915617404508,0.0929447743272327),
 .UNSPECIFIED.);
#415=B_SPLINE_CURVE_WITH_KNOTS('',3,(#12060,#12061,#12062,#12063,#12064),
 .UNSPECIFIED.,.F.,.F.,(4,1,4),(0.,0.0520250013424538,0.100500462160722),
 .UNSPECIFIED.);
#416=B_SPLINE_CURVE_WITH_KNOTS('',3,(#12067,#12068,#12069,#12070,#12071),
 .UNSPECIFIED.,.F.,.F.,(4,1,4),(0.,0.0520250013424538,0.100500462160722),
 .UNSPECIFIED.);
#417=B_SPLINE_CURVE_WITH_KNOTS('',3,(#12083,#12084,#12085,#12086,#12087),
 .UNSPECIFIED.,.F.,.F.,(4,1,4),(0.,0.061852921696854,0.118231463719923),
 .UNSPECIFIED.);
#418=B_SPLINE_CURVE_WITH_KNOTS('',3,(#12090,#12091,#12092,#12093,#12094),
 .UNSPECIFIED.,.F.,.F.,(4,1,4),(0.,0.061852921696854,0.118231463719923),
 .UNSPECIFIED.);
#419=B_SPLINE_CURVE_WITH_KNOTS('',3,(#12112,#12113,#12114,#12115,#12116),
 .UNSPECIFIED.,.F.,.F.,(4,1,4),(0.,0.0252528222860796,0.0636585672705444),
 .UNSPECIFIED.);
#420=B_SPLINE_CURVE_WITH_KNOTS('',3,(#12119,#12120,#12121,#12122,#12123),
 .UNSPECIFIED.,.F.,.F.,(4,1,4),(0.,0.0252528222860796,0.0636585672705444),
 .UNSPECIFIED.);
#421=B_SPLINE_CURVE_WITH_KNOTS('',3,(#12135,#12136,#12137,#12138,#12139),
 .UNSPECIFIED.,.F.,.F.,(4,1,4),(0.,0.01779482309494,0.0366353267878083),
 .UNSPECIFIED.);
#422=B_SPLINE_CURVE_WITH_KNOTS('',3,(#12142,#12143,#12144,#12145,#12146),
 .UNSPECIFIED.,.F.,.F.,(4,1,4),(0.,0.01779482309494,0.0366353267878083),
 .UNSPECIFIED.);
#423=B_SPLINE_CURVE_WITH_KNOTS('',3,(#12158,#12159,#12160,#12161,#12162),
 .UNSPECIFIED.,.F.,.F.,(4,1,4),(0.,0.0297302291032212,0.0593643628088082),
 .UNSPECIFIED.);
#424=B_SPLINE_CURVE_WITH_KNOTS('',3,(#12165,#12166,#12167,#12168,#12169),
 .UNSPECIFIED.,.F.,.F.,(4,1,4),(0.,0.0297302291032212,0.0593643628088082),
 .UNSPECIFIED.);
#425=B_SPLINE_CURVE_WITH_KNOTS('',3,(#12181,#12182,#12183,#12184,#12185),
 .UNSPECIFIED.,.F.,.F.,(4,1,4),(0.,0.0192278950692068,0.0384557416180849),
 .UNSPECIFIED.);
#426=B_SPLINE_CURVE_WITH_KNOTS('',3,(#12188,#12189,#12190,#12191,#12192),
 .UNSPECIFIED.,.F.,.F.,(4,1,4),(0.,0.0192278950692068,0.0384557416180849),
 .UNSPECIFIED.);
#427=B_SPLINE_CURVE_WITH_KNOTS('',3,(#12204,#12205,#12206,#12207,#12208),
 .UNSPECIFIED.,.F.,.F.,(4,1,4),(0.,0.0249343561099112,0.0464539555008621),
 .UNSPECIFIED.);
#428=B_SPLINE_CURVE_WITH_KNOTS('',3,(#12211,#12212,#12213,#12214,#12215),
 .UNSPECIFIED.,.F.,.F.,(4,1,4),(0.,0.0249343561099112,0.0464539555008621),
 .UNSPECIFIED.);
#429=B_SPLINE_CURVE_WITH_KNOTS('',3,(#12227,#12228,#12229,#12230,#12231),
 .UNSPECIFIED.,.F.,.F.,(4,1,4),(0.,0.0624212064545969,0.132305216008457),
 .UNSPECIFIED.);
#430=B_SPLINE_CURVE_WITH_KNOTS('',3,(#12234,#12235,#12236,#12237,#12238),
 .UNSPECIFIED.,.F.,.F.,(4,1,4),(0.,0.0624212064545969,0.132305216008457),
 .UNSPECIFIED.);
#431=B_SPLINE_CURVE_WITH_KNOTS('',3,(#12250,#12251,#12252,#12253,#12254),
 .UNSPECIFIED.,.F.,.F.,(4,1,4),(0.,0.0548157199147759,0.112457006426422),
 .UNSPECIFIED.);
#432=B_SPLINE_CURVE_WITH_KNOTS('',3,(#12257,#12258,#12259,#12260,#12261),
 .UNSPECIFIED.,.F.,.F.,(4,1,4),(0.,0.0548157199147759,0.112457006426422),
 .UNSPECIFIED.);
#433=B_SPLINE_CURVE_WITH_KNOTS('',3,(#12273,#12274,#12275,#12276,#12277),
 .UNSPECIFIED.,.F.,.F.,(4,1,4),(0.,0.0569844061200057,0.111638742307506),
 .UNSPECIFIED.);
#434=B_SPLINE_CURVE_WITH_KNOTS('',3,(#12280,#12281,#12282,#12283,#12284),
 .UNSPECIFIED.,.F.,.F.,(4,1,4),(0.,0.0569844061200057,0.111638742307506),
 .UNSPECIFIED.);
#435=B_SPLINE_CURVE_WITH_KNOTS('',3,(#12296,#12297,#12298,#12299,#12300),
 .UNSPECIFIED.,.F.,.F.,(4,1,4),(0.,0.0469252016187834,0.0981246313883959),
 .UNSPECIFIED.);
#436=B_SPLINE_CURVE_WITH_KNOTS('',3,(#12303,#12304,#12305,#12306,#12307),
 .UNSPECIFIED.,.F.,.F.,(4,1,4),(0.,0.0469252016187834,0.0981246313883959),
 .UNSPECIFIED.);
#437=B_SPLINE_CURVE_WITH_KNOTS('',3,(#12319,#12320,#12321,#12322,#12323),
 .UNSPECIFIED.,.F.,.F.,(4,1,4),(0.,0.0557082337684048,0.104795932309661),
 .UNSPECIFIED.);
#438=B_SPLINE_CURVE_WITH_KNOTS('',3,(#12326,#12327,#12328,#12329,#12330),
 .UNSPECIFIED.,.F.,.F.,(4,1,4),(0.,0.0557082337684048,0.104795932309661),
 .UNSPECIFIED.);
#439=B_SPLINE_CURVE_WITH_KNOTS('',3,(#12342,#12343,#12344,#12345,#12346),
 .UNSPECIFIED.,.F.,.F.,(4,1,4),(0.,0.0461872860877716,0.0975017745240598),
 .UNSPECIFIED.);
#440=B_SPLINE_CURVE_WITH_KNOTS('',3,(#12349,#12350,#12351,#12352,#12353),
 .UNSPECIFIED.,.F.,.F.,(4,1,4),(0.,0.0461872860877716,0.0975017745240598),
 .UNSPECIFIED.);
#441=B_SPLINE_CURVE_WITH_KNOTS('',3,(#12365,#12366,#12367,#12368,#12369),
 .UNSPECIFIED.,.F.,.F.,(4,1,4),(0.,0.039722971499458,0.0823340867380051),
 .UNSPECIFIED.);
#442=B_SPLINE_CURVE_WITH_KNOTS('',3,(#12372,#12373,#12374,#12375,#12376),
 .UNSPECIFIED.,.F.,.F.,(4,1,4),(0.,0.039722971499458,0.0823340867380051),
 .UNSPECIFIED.);
#443=B_SPLINE_CURVE_WITH_KNOTS('',3,(#12393,#12394,#12395,#12396,#12397),
 .UNSPECIFIED.,.F.,.F.,(4,1,4),(0.,0.04002233674488,0.080480957621627),
 .UNSPECIFIED.);
#444=B_SPLINE_CURVE_WITH_KNOTS('',3,(#12398,#12399,#12400,#12401,#12402),
 .UNSPECIFIED.,.F.,.F.,(4,1,4),(0.,0.04002233674488,0.080480957621627),
 .UNSPECIFIED.);
#445=B_SPLINE_SURFACE_WITH_KNOTS('',3,1,((#7728,#7729),(#7730,#7731),(#7732,
#7733),(#7734,#7735),(#7736,#7737)),.UNSPECIFIED.,.F.,.F.,.F.,(4,1,4),(2,
2),(0.,0.0727819100544926,0.158740490519316),(0.,0.1),.UNSPECIFIED.);
#446=B_SPLINE_SURFACE_WITH_KNOTS('',3,1,((#7751,#7752),(#7753,#7754),(#7755,
#7756),(#7757,#7758),(#7759,#7760)),.UNSPECIFIED.,.F.,.F.,.F.,(4,1,4),(2,
2),(0.,0.062081299352384,0.126025248976343),(0.,0.1),.UNSPECIFIED.);
#447=B_SPLINE_SURFACE_WITH_KNOTS('',3,1,((#7792,#7793),(#7794,#7795),(#7796,
#7797),(#7798,#7799),(#7800,#7801)),.UNSPECIFIED.,.F.,.F.,.F.,(4,1,4),(2,
2),(0.,0.0224004888409041,0.0448759939161286),(0.,0.1),.UNSPECIFIED.);
#448=B_SPLINE_SURFACE_WITH_KNOTS('',3,1,((#7815,#7816),(#7817,#7818),(#7819,
#7820),(#7821,#7822),(#7823,#7824)),.UNSPECIFIED.,.F.,.F.,.F.,(4,1,4),(2,
2),(0.,0.0258229321322311,0.0489842562337254),(0.,0.1),.UNSPECIFIED.);
#449=B_SPLINE_SURFACE_WITH_KNOTS('',3,1,((#7838,#7839),(#7840,#7841),(#7842,
#7843),(#7844,#7845),(#7846,#7847)),.UNSPECIFIED.,.F.,.F.,.F.,(4,1,4),(2,
2),(0.,0.0657313256771343,0.139188906445307),(0.,0.1),.UNSPECIFIED.);
#450=B_SPLINE_SURFACE_WITH_KNOTS('',3,1,((#7861,#7862),(#7863,#7864),(#7865,
#7866),(#7867,#7868),(#7869,#7870)),.UNSPECIFIED.,.F.,.F.,.F.,(4,1,4),(2,
2),(0.,0.0778734228314319,0.145540887463392),(0.,0.1),.UNSPECIFIED.);
#451=B_SPLINE_SURFACE_WITH_KNOTS('',3,1,((#8067,#8068),(#8069,#8070),(#8071,
#8072),(#8073,#8074),(#8075,#8076)),.UNSPECIFIED.,.F.,.F.,.F.,(4,1,4),(2,
2),(0.,0.0396207775399101,0.0844579614990823),(0.,0.1),.UNSPECIFIED.);
#452=B_SPLINE_SURFACE_WITH_KNOTS('',3,1,((#8090,#8091),(#8092,#8093),(#8094,
#8095),(#8096,#8097),(#8098,#8099)),.UNSPECIFIED.,.F.,.F.,.F.,(4,1,4),(2,
2),(0.,0.0395955925793837,0.0771385782198388),(0.,0.1),.UNSPECIFIED.);
#453=B_SPLINE_SURFACE_WITH_KNOTS('',3,1,((#8113,#8114),(#8115,#8116),(#8117,
#8118),(#8119,#8120),(#8121,#8122)),.UNSPECIFIED.,.F.,.F.,.F.,(4,1,4),(2,
2),(0.,0.056968100592938,0.103042864732712),(0.,0.1),.UNSPECIFIED.);
#454=B_SPLINE_SURFACE_WITH_KNOTS('',3,1,((#8142,#8143),(#8144,#8145),(#8146,
#8147),(#8148,#8149),(#8150,#8151)),.UNSPECIFIED.,.F.,.F.,.F.,(4,1,4),(2,
2),(0.,0.0700268811937121,0.15006028588298),(0.,0.1),.UNSPECIFIED.);
#455=B_SPLINE_SURFACE_WITH_KNOTS('',3,1,((#8165,#8166),(#8167,#8168),(#8169,
#8170),(#8171,#8172),(#8173,#8174)),.UNSPECIFIED.,.F.,.F.,.F.,(4,1,4),(2,
2),(0.,0.0639695273335032,0.128546741990363),(0.,0.1),.UNSPECIFIED.);
#456=B_SPLINE_SURFACE_WITH_KNOTS('',3,1,((#8188,#8189),(#8190,#8191),(#8192,
#8193),(#8194,#8195),(#8196,#8197)),.UNSPECIFIED.,.F.,.F.,.F.,(4,1,4),(2,
2),(0.,0.0708920446431491,0.137480806158065),(0.,0.1),.UNSPECIFIED.);
#457=B_SPLINE_SURFACE_WITH_KNOTS('',3,1,((#8242,#8243),(#8244,#8245),(#8246,
#8247),(#8248,#8249),(#8250,#8251)),.UNSPECIFIED.,.F.,.F.,.F.,(4,1,4),(2,
2),(0.,0.0451955871839254,0.088821103938238),(0.,0.1),.UNSPECIFIED.);
#458=B_SPLINE_SURFACE_WITH_KNOTS('',3,1,((#8265,#8266),(#8267,#8268),(#8269,
#8270),(#8271,#8272),(#8273,#8274)),.UNSPECIFIED.,.F.,.F.,.F.,(4,1,4),(2,
2),(0.,0.0424812518057617,0.0866541170185504),(0.,0.1),.UNSPECIFIED.);
#459=B_SPLINE_SURFACE_WITH_KNOTS('',3,1,((#8288,#8289),(#8290,#8291),(#8292,
#8293),(#8294,#8295),(#8296,#8297)),.UNSPECIFIED.,.F.,.F.,.F.,(4,1,4),(2,
2),(0.,0.0327998256897349,0.0732602737121495),(0.,0.1),.UNSPECIFIED.);
#460=B_SPLINE_SURFACE_WITH_KNOTS('',3,1,((#8311,#8312),(#8313,#8314),(#8315,
#8316),(#8317,#8318),(#8319,#8320)),.UNSPECIFIED.,.F.,.F.,.F.,(4,1,4),(2,
2),(0.,0.0475335587218512,0.0827924445940405),(0.,0.1),.UNSPECIFIED.);
#461=B_SPLINE_SURFACE_WITH_KNOTS('',3,1,((#8352,#8353),(#8354,#8355),(#8356,
#8357),(#8358,#8359),(#8360,#8361)),.UNSPECIFIED.,.F.,.F.,.F.,(4,1,4),(2,
2),(0.,0.0657099570260273,0.142816004599779),(0.,0.1),.UNSPECIFIED.);
#462=B_SPLINE_SURFACE_WITH_KNOTS('',3,1,((#8375,#8376),(#8377,#8378),(#8379,
#8380),(#8381,#8382),(#8383,#8384)),.UNSPECIFIED.,.F.,.F.,.F.,(4,1,4),(2,
2),(0.,0.0763166371682383,0.140711615201861),(0.,0.1),.UNSPECIFIED.);
#463=B_SPLINE_SURFACE_WITH_KNOTS('',3,1,((#8398,#8399),(#8400,#8401),(#8402,
#8403),(#8404,#8405),(#8406,#8407)),.UNSPECIFIED.,.F.,.F.,.F.,(4,1,4),(2,
2),(0.,0.0536230319255355,0.106405880076066),(0.,0.1),.UNSPECIFIED.);
#464=B_SPLINE_SURFACE_WITH_KNOTS('',3,1,((#8421,#8422),(#8423,#8424),(#8425,
#8426),(#8427,#8428),(#8429,#8430)),.UNSPECIFIED.,.F.,.F.,.F.,(4,1,4),(2,
2),(0.,0.0563654008001347,0.110550781529454),(0.,0.1),.UNSPECIFIED.);
#465=B_SPLINE_SURFACE_WITH_KNOTS('',3,1,((#8475,#8476),(#8477,#8478),(#8479,
#8480),(#8481,#8482),(#8483,#8484)),.UNSPECIFIED.,.F.,.F.,.F.,(4,1,4),(2,
2),(0.,0.072509995661409,0.153949595014174),(0.,0.1),.UNSPECIFIED.);
#466=B_SPLINE_SURFACE_WITH_KNOTS('',3,1,((#8498,#8499),(#8500,#8501),(#8502,
#8503),(#8504,#8505),(#8506,#8507)),.UNSPECIFIED.,.F.,.F.,.F.,(4,1,4),(2,
2),(0.,0.0830598973257057,0.15615498757693),(0.,0.1),.UNSPECIFIED.);
#467=B_SPLINE_SURFACE_WITH_KNOTS('',3,1,((#8521,#8522),(#8523,#8524),(#8525,
#8526),(#8527,#8528),(#8529,#8530)),.UNSPECIFIED.,.F.,.F.,.F.,(4,1,4),(2,
2),(0.,0.0430359144345665,0.0912232609690794),(0.,0.1),.UNSPECIFIED.);
#468=B_SPLINE_SURFACE_WITH_KNOTS('',3,1,((#8544,#8545),(#8546,#8547),(#8548,
#8549),(#8550,#8551),(#8552,#8553)),.UNSPECIFIED.,.F.,.F.,.F.,(4,1,4),(2,
2),(0.,0.0331119144723282,0.0716203512017012),(0.,0.1),.UNSPECIFIED.);
#469=B_SPLINE_SURFACE_WITH_KNOTS('',3,1,((#8573,#8574),(#8575,#8576),(#8577,
#8578),(#8579,#8580),(#8581,#8582)),.UNSPECIFIED.,.F.,.F.,.F.,(4,1,4),(2,
2),(0.,0.0248252748085668,0.0493532710444542),(0.,0.1),.UNSPECIFIED.);
#470=B_SPLINE_SURFACE_WITH_KNOTS('',3,1,((#8596,#8597),(#8598,#8599),(#8600,
#8601),(#8602,#8603),(#8604,#8605)),.UNSPECIFIED.,.F.,.F.,.F.,(4,1,4),(2,
2),(0.,0.0255403037060714,0.0502009937936597),(0.,0.1),.UNSPECIFIED.);
#471=B_SPLINE_SURFACE_WITH_KNOTS('',3,1,((#8619,#8620),(#8621,#8622),(#8623,
#8624),(#8625,#8626),(#8627,#8628)),.UNSPECIFIED.,.F.,.F.,.F.,(4,1,4),(2,
2),(0.,0.0325797643776058,0.0702233535684038),(0.,0.1),.UNSPECIFIED.);
#472=B_SPLINE_SURFACE_WITH_KNOTS('',3,1,((#8642,#8643),(#8644,#8645),(#8646,
#8647),(#8648,#8649),(#8650,#8651)),.UNSPECIFIED.,.F.,.F.,.F.,(4,1,4),(2,
2),(0.,0.0367886608976206,0.0675257810174498),(0.,0.1),.UNSPECIFIED.);
#473=B_SPLINE_SURFACE_WITH_KNOTS('',3,1,((#8675,#8676),(#8677,#8678),(#8679,
#8680),(#8681,#8682),(#8683,#8684)),.UNSPECIFIED.,.F.,.F.,.F.,(4,1,4),(2,
2),(0.,0.0770476460304453,0.139537655497792),(0.,0.1),.UNSPECIFIED.);
#474=B_SPLINE_SURFACE_WITH_KNOTS('',3,1,((#8707,#8708),(#8709,#8710),(#8711,
#8712),(#8713,#8714),(#8715,#8716)),.UNSPECIFIED.,.F.,.F.,.F.,(4,1,4),(2,
2),(0.,0.0639235516835521,0.145199955150042),(0.,0.1),.UNSPECIFIED.);
#475=B_SPLINE_SURFACE_WITH_KNOTS('',3,1,((#8730,#8731),(#8732,#8733),(#8734,
#8735),(#8736,#8737),(#8738,#8739)),.UNSPECIFIED.,.F.,.F.,.F.,(4,1,4),(2,
2),(0.,0.0567032087591318,0.112452235550179),(0.,0.1),.UNSPECIFIED.);
#476=B_SPLINE_SURFACE_WITH_KNOTS('',3,1,((#8753,#8754),(#8755,#8756),(#8757,
#8758),(#8759,#8760),(#8761,#8762)),.UNSPECIFIED.,.F.,.F.,.F.,(4,1,4),(2,
2),(0.,0.0547783402800354,0.113329859504295),(0.,0.1),.UNSPECIFIED.);
#477=B_SPLINE_SURFACE_WITH_KNOTS('',3,1,((#8773,#8774),(#8775,#8776),(#8777,
#8778),(#8779,#8780),(#8781,#8782)),.UNSPECIFIED.,.F.,.F.,.F.,(4,1,4),(2,
2),(0.,0.0142214338443374,0.0267264786928276),(0.,0.1),.UNSPECIFIED.);
#478=B_SPLINE_SURFACE_WITH_KNOTS('',3,1,((#8799,#8800),(#8801,#8802),(#8803,
#8804),(#8805,#8806),(#8807,#8808)),.UNSPECIFIED.,.F.,.F.,.F.,(4,1,4),(2,
2),(0.,0.0156548644768161,0.0313310185626011),(0.,0.1),.UNSPECIFIED.);
#479=B_SPLINE_SURFACE_WITH_KNOTS('',3,1,((#8822,#8823),(#8824,#8825),(#8826,
#8827),(#8828,#8829),(#8830,#8831)),.UNSPECIFIED.,.F.,.F.,.F.,(4,1,4),(2,
2),(0.,0.110727067581239,0.239359576014564),(0.,0.1),.UNSPECIFIED.);
#480=B_SPLINE_SURFACE_WITH_KNOTS('',3,1,((#8845,#8846),(#8847,#8848),(#8849,
#8850),(#8851,#8852),(#8853,#8854)),.UNSPECIFIED.,.F.,.F.,.F.,(4,1,4),(2,
2),(0.,0.11088418315468,0.214454415899379),(0.,0.1),.UNSPECIFIED.);
#481=B_SPLINE_SURFACE_WITH_KNOTS('',3,1,((#8868,#8869),(#8870,#8871),(#8872,
#8873),(#8874,#8875),(#8876,#8877)),.UNSPECIFIED.,.F.,.F.,.F.,(4,1,4),(2,
2),(0.,0.075857162833868,0.157434856712429),(0.,0.1),.UNSPECIFIED.);
#482=B_SPLINE_SURFACE_WITH_KNOTS('',3,1,((#8891,#8892),(#8893,#8894),(#8895,
#8896),(#8897,#8898),(#8899,#8900)),.UNSPECIFIED.,.F.,.F.,.F.,(4,1,4),(2,
2),(0.,0.0770875490185282,0.151686637080713),(0.,0.1),.UNSPECIFIED.);
#483=B_SPLINE_SURFACE_WITH_KNOTS('',3,1,((#8914,#8915),(#8916,#8917),(#8918,
#8919),(#8920,#8921),(#8922,#8923)),.UNSPECIFIED.,.F.,.F.,.F.,(4,1,4),(2,
2),(0.,0.0876502835135797,0.16904668796577),(0.,0.1),.UNSPECIFIED.);
#484=B_SPLINE_SURFACE_WITH_KNOTS('',3,1,((#8937,#8938),(#8939,#8940),(#8941,
#8942),(#8943,#8944),(#8945,#8946)),.UNSPECIFIED.,.F.,.F.,.F.,(4,1,4),(2,
2),(0.,0.0820856145895415,0.171900139732277),(0.,0.1),.UNSPECIFIED.);
#485=B_SPLINE_SURFACE_WITH_KNOTS('',3,1,((#8960,#8961),(#8962,#8963),(#8964,
#8965),(#8966,#8967),(#8968,#8969)),.UNSPECIFIED.,.F.,.F.,.F.,(4,1,4),(2,
2),(0.,0.0753941662915812,0.152372817465128),(0.,0.1),.UNSPECIFIED.);
#486=B_SPLINE_SURFACE_WITH_KNOTS('',3,1,((#8983,#8984),(#8985,#8986),(#8987,
#8988),(#8989,#8990),(#8991,#8992)),.UNSPECIFIED.,.F.,.F.,.F.,(4,1,4),(2,
2),(0.,0.0888417831870792,0.168374115074147),(0.,0.1),.UNSPECIFIED.);
#487=B_SPLINE_SURFACE_WITH_KNOTS('',3,1,((#9006,#9007),(#9008,#9009),(#9010,
#9011),(#9012,#9013),(#9014,#9015)),.UNSPECIFIED.,.F.,.F.,.F.,(4,1,4),(2,
2),(0.,0.0614475119660145,0.125140036968407),(0.,0.1),.UNSPECIFIED.);
#488=B_SPLINE_SURFACE_WITH_KNOTS('',3,1,((#9029,#9030),(#9031,#9032),(#9033,
#9034),(#9035,#9036),(#9037,#9038)),.UNSPECIFIED.,.F.,.F.,.F.,(4,1,4),(2,
2),(0.,0.0560730215312429,0.115096993823831),(0.,0.1),.UNSPECIFIED.);
#489=B_SPLINE_SURFACE_WITH_KNOTS('',3,1,((#9058,#9059),(#9060,#9061),(#9062,
#9063),(#9064,#9065),(#9066,#9067)),.UNSPECIFIED.,.F.,.F.,.F.,(4,1,4),(2,
2),(0.,0.0423225546866357,0.0872647220337285),(0.,0.1),.UNSPECIFIED.);
#490=B_SPLINE_SURFACE_WITH_KNOTS('',3,1,((#9081,#9082),(#9083,#9084),(#9085,
#9086),(#9087,#9088),(#9089,#9090)),.UNSPECIFIED.,.F.,.F.,.F.,(4,1,4),(2,
2),(0.,0.043183437458617,0.0843818320876284),(0.,0.1),.UNSPECIFIED.);
#491=B_SPLINE_SURFACE_WITH_KNOTS('',3,1,((#9104,#9105),(#9106,#9107),(#9108,
#9109),(#9110,#9111),(#9112,#9113)),.UNSPECIFIED.,.F.,.F.,.F.,(4,1,4),(2,
2),(0.,0.0611940512206953,0.123975820139477),(0.,0.1),.UNSPECIFIED.);
#492=B_SPLINE_SURFACE_WITH_KNOTS('',3,1,((#9127,#9128),(#9129,#9130),(#9131,
#9132),(#9133,#9134),(#9135,#9136)),.UNSPECIFIED.,.F.,.F.,.F.,(4,1,4),(2,
2),(0.,0.0830225403647736,0.149426218530276),(0.,0.1),.UNSPECIFIED.);
#493=B_SPLINE_SURFACE_WITH_KNOTS('',3,1,((#9218,#9219),(#9220,#9221),(#9222,
#9223),(#9224,#9225),(#9226,#9227)),.UNSPECIFIED.,.F.,.F.,.F.,(4,1,4),(2,
2),(0.,0.0727821854116369,0.158740408922779),(0.,0.1),.UNSPECIFIED.);
#494=B_SPLINE_SURFACE_WITH_KNOTS('',3,1,((#9241,#9242),(#9243,#9244),(#9245,
#9246),(#9247,#9248),(#9249,#9250)),.UNSPECIFIED.,.F.,.F.,.F.,(4,1,4),(2,
2),(0.,0.0620808351616961,0.126025168449438),(0.,0.1),.UNSPECIFIED.);
#495=B_SPLINE_SURFACE_WITH_KNOTS('',3,1,((#9282,#9283),(#9284,#9285),(#9286,
#9287),(#9288,#9289),(#9290,#9291)),.UNSPECIFIED.,.F.,.F.,.F.,(4,1,4),(2,
2),(0.,0.0224014205257347,0.0448757802500463),(0.,0.1),.UNSPECIFIED.);
#496=B_SPLINE_SURFACE_WITH_KNOTS('',3,1,((#9305,#9306),(#9307,#9308),(#9309,
#9310),(#9311,#9312),(#9313,#9314)),.UNSPECIFIED.,.F.,.F.,.F.,(4,1,4),(2,
2),(0.,0.0258229321322311,0.0489842562337254),(0.,0.1),.UNSPECIFIED.);
#497=B_SPLINE_SURFACE_WITH_KNOTS('',3,1,((#9328,#9329),(#9330,#9331),(#9332,
#9333),(#9334,#9335),(#9336,#9337)),.UNSPECIFIED.,.F.,.F.,.F.,(4,1,4),(2,
2),(0.,0.0657313256771343,0.139189142579229),(0.,0.1),.UNSPECIFIED.);
#498=B_SPLINE_SURFACE_WITH_KNOTS('',3,1,((#9351,#9352),(#9353,#9354),(#9355,
#9356),(#9357,#9358),(#9359,#9360)),.UNSPECIFIED.,.F.,.F.,.F.,(4,1,4),(2,
2),(0.,0.0778736571131922,0.145540631535573),(0.,0.1),.UNSPECIFIED.);
#499=B_SPLINE_SURFACE_WITH_KNOTS('',3,1,((#9420,#9421),(#9422,#9423),(#9424,
#9425),(#9426,#9427),(#9428,#9429)),.UNSPECIFIED.,.F.,.F.,.F.,(4,1,4),(2,
2),(0.,0.0377268383349402,0.0730314444358132),(0.,0.1),.UNSPECIFIED.);
#500=B_SPLINE_SURFACE_WITH_KNOTS('',3,1,((#9452,#9453),(#9454,#9455),(#9456,
#9457),(#9458,#9459),(#9460,#9461)),.UNSPECIFIED.,.F.,.F.,.F.,(4,1,4),(2,
2),(0.,0.041116298081397,0.0828262378900507),(0.,0.1),.UNSPECIFIED.);
#501=B_SPLINE_SURFACE_WITH_KNOTS('',3,1,((#9475,#9476),(#9477,#9478),(#9479,
#9480),(#9481,#9482),(#9483,#9484)),.UNSPECIFIED.,.F.,.F.,.F.,(4,1,4),(2,
2),(0.,0.0416506843009869,0.081855946346235),(0.,0.1),.UNSPECIFIED.);
#502=B_SPLINE_SURFACE_WITH_KNOTS('',3,1,((#9498,#9499),(#9500,#9501),(#9502,
#9503),(#9504,#9505),(#9506,#9507)),.UNSPECIFIED.,.F.,.F.,.F.,(4,1,4),(2,
2),(0.,0.056163952438003,0.111350735353646),(0.,0.1),.UNSPECIFIED.);
#503=B_SPLINE_SURFACE_WITH_KNOTS('',3,1,((#9521,#9522),(#9523,#9524),(#9525,
#9526),(#9527,#9528),(#9529,#9530)),.UNSPECIFIED.,.F.,.F.,.F.,(4,1,4),(2,
2),(0.,0.101351781165736,0.174517263779059),(0.,0.1),.UNSPECIFIED.);
#504=B_SPLINE_SURFACE_WITH_KNOTS('',3,1,((#9544,#9545),(#9546,#9547),(#9548,
#9549),(#9550,#9551),(#9552,#9553)),.UNSPECIFIED.,.F.,.F.,.F.,(4,1,4),(2,
2),(0.,0.0742245554678476,0.173774544215409),(0.,0.1),.UNSPECIFIED.);
#505=B_SPLINE_SURFACE_WITH_KNOTS('',3,1,((#9567,#9568),(#9569,#9570),(#9571,
#9572),(#9573,#9574),(#9575,#9576)),.UNSPECIFIED.,.F.,.F.,.F.,(4,1,4),(2,
2),(0.,0.0598324651168396,0.119715392921644),(0.,0.1),.UNSPECIFIED.);
#506=B_SPLINE_SURFACE_WITH_KNOTS('',3,1,((#9590,#9591),(#9592,#9593),(#9594,
#9595),(#9596,#9597),(#9598,#9599)),.UNSPECIFIED.,.F.,.F.,.F.,(4,1,4),(2,
2),(0.,0.0346159760506446,0.0702624789070387),(0.,0.1),.UNSPECIFIED.);
#507=B_SPLINE_SURFACE_WITH_KNOTS('',3,1,((#9610,#9611),(#9612,#9613),(#9614,
#9615),(#9616,#9617),(#9618,#9619)),.UNSPECIFIED.,.F.,.F.,.F.,(4,1,4),(2,
2),(0.,0.0874011191566191,0.172131632935296),(0.,0.1),.UNSPECIFIED.);
#508=B_SPLINE_SURFACE_WITH_KNOTS('',3,1,((#9636,#9637),(#9638,#9639),(#9640,
#9641),(#9642,#9643),(#9644,#9645)),.UNSPECIFIED.,.F.,.F.,.F.,(4,1,4),(2,
2),(0.,0.0671622025626183,0.138366482396937),(0.,0.1),.UNSPECIFIED.);
#509=B_SPLINE_SURFACE_WITH_KNOTS('',3,1,((#9659,#9660),(#9661,#9662),(#9663,
#9664),(#9665,#9666),(#9667,#9668)),.UNSPECIFIED.,.F.,.F.,.F.,(4,1,4),(2,
2),(0.,0.0741186806630704,0.142894269568719),(0.,0.1),.UNSPECIFIED.);
#510=B_SPLINE_SURFACE_WITH_KNOTS('',3,1,((#9682,#9683),(#9684,#9685),(#9686,
#9687),(#9688,#9689),(#9690,#9691)),.UNSPECIFIED.,.F.,.F.,.F.,(4,1,4),(2,
2),(0.,0.0884133586453072,0.169079173255741),(0.,0.1),.UNSPECIFIED.);
#511=B_SPLINE_SURFACE_WITH_KNOTS('',3,1,((#9705,#9706),(#9707,#9708),(#9709,
#9710),(#9711,#9712),(#9713,#9714)),.UNSPECIFIED.,.F.,.F.,.F.,(4,1,4),(2,
2),(0.,0.0806039319138598,0.171108651885491),(0.,0.1),.UNSPECIFIED.);
#512=B_SPLINE_SURFACE_WITH_KNOTS('',3,1,((#9728,#9729),(#9730,#9731),(#9732,
#9733),(#9734,#9735),(#9736,#9737)),.UNSPECIFIED.,.F.,.F.,.F.,(4,1,4),(2,
2),(0.,0.0655618967591401,0.137250609911261),(0.,0.1),.UNSPECIFIED.);
#513=B_SPLINE_SURFACE_WITH_KNOTS('',3,1,((#9751,#9752),(#9753,#9754),(#9755,
#9756),(#9757,#9758),(#9759,#9760)),.UNSPECIFIED.,.F.,.F.,.F.,(4,1,4),(2,
2),(0.,0.0725763845106719,0.137849078895304),(0.,0.1),.UNSPECIFIED.);
#514=B_SPLINE_SURFACE_WITH_KNOTS('',3,1,((#9774,#9775),(#9776,#9777),(#9778,
#9779),(#9780,#9781),(#9782,#9783)),.UNSPECIFIED.,.F.,.F.,.F.,(4,1,4),(2,
2),(0.,0.0494146247196749,0.101061440909907),(0.,0.1),.UNSPECIFIED.);
#515=B_SPLINE_SURFACE_WITH_KNOTS('',3,1,((#9797,#9798),(#9799,#9800),(#9801,
#9802),(#9803,#9804),(#9805,#9806)),.UNSPECIFIED.,.F.,.F.,.F.,(4,1,4),(2,
2),(0.,0.0516324726916417,0.101215701106679),(0.,0.1),.UNSPECIFIED.);
#516=B_SPLINE_SURFACE_WITH_KNOTS('',3,1,((#9848,#9849),(#9850,#9851),(#9852,
#9853),(#9854,#9855),(#9856,#9857)),.UNSPECIFIED.,.F.,.F.,.F.,(4,1,4),(2,
2),(0.,0.0985004947149857,0.171576638896209),(0.,0.1),.UNSPECIFIED.);
#517=B_SPLINE_SURFACE_WITH_KNOTS('',3,1,((#9874,#9875),(#9876,#9877),(#9878,
#9879),(#9880,#9881),(#9882,#9883)),.UNSPECIFIED.,.F.,.F.,.F.,(4,1,4),(2,
2),(0.,0.0740433300127788,0.174000310870161),(0.,0.1),.UNSPECIFIED.);
#518=B_SPLINE_SURFACE_WITH_KNOTS('',3,1,((#9897,#9898),(#9899,#9900),(#9901,
#9902),(#9903,#9904),(#9905,#9906)),.UNSPECIFIED.,.F.,.F.,.F.,(4,1,4),(2,
2),(0.,0.0627682702784014,0.122249551689081),(0.,0.1),.UNSPECIFIED.);
#519=B_SPLINE_SURFACE_WITH_KNOTS('',3,1,((#9920,#9921),(#9922,#9923),(#9924,
#9925),(#9926,#9927),(#9928,#9929)),.UNSPECIFIED.,.F.,.F.,.F.,(4,1,4),(2,
2),(0.,0.0595071448253168,0.122386102319956),(0.,0.1),.UNSPECIFIED.);
#520=B_SPLINE_SURFACE_WITH_KNOTS('',3,1,((#9943,#9944),(#9945,#9946),(#9947,
#9948),(#9949,#9950),(#9951,#9952)),.UNSPECIFIED.,.F.,.F.,.F.,(4,1,4),(2,
2),(0.,0.0995111640410098,0.173264235203783),(0.,0.1),.UNSPECIFIED.);
#521=B_SPLINE_SURFACE_WITH_KNOTS('',3,1,((#9966,#9967),(#9968,#9969),(#9970,
#9971),(#9972,#9973),(#9974,#9975)),.UNSPECIFIED.,.F.,.F.,.F.,(4,1,4),(2,
2),(0.,0.073502484854732,0.172881917223708),(0.,0.1),.UNSPECIFIED.);
#522=B_SPLINE_SURFACE_WITH_KNOTS('',3,1,((#9989,#9990),(#9991,#9992),(#9993,
#9994),(#9995,#9996),(#9997,#9998)),.UNSPECIFIED.,.F.,.F.,.F.,(4,1,4),(2,
2),(0.,0.0629098550688803,0.122710024221527),(0.,0.1),.UNSPECIFIED.);
#523=B_SPLINE_SURFACE_WITH_KNOTS('',3,1,((#10012,#10013),(#10014,#10015),
(#10016,#10017),(#10018,#10019),(#10020,#10021)),.UNSPECIFIED.,.F.,.F.,
 .F.,(4,1,4),(2,2),(0.,0.0594805009455317,0.122248771223933),(0.,0.1),
 .UNSPECIFIED.);
#524=B_SPLINE_SURFACE_WITH_KNOTS('',3,1,((#10032,#10033),(#10034,#10035),
(#10036,#10037),(#10038,#10039),(#10040,#10041)),.UNSPECIFIED.,.F.,.F.,
 .F.,(4,1,4),(2,2),(0.,0.076184212294534,0.149372452988126),(0.,0.1),
 .UNSPECIFIED.);
#525=B_SPLINE_SURFACE_WITH_KNOTS('',3,1,((#10058,#10059),(#10060,#10061),
(#10062,#10063),(#10064,#10065),(#10066,#10067)),.UNSPECIFIED.,.F.,.F.,
 .F.,(4,1,4),(2,2),(0.,0.0897749118182943,0.171468879748406),(0.,0.1),
 .UNSPECIFIED.);
#526=B_SPLINE_SURFACE_WITH_KNOTS('',3,1,((#10081,#10082),(#10083,#10084),
(#10085,#10086),(#10087,#10088),(#10089,#10090)),.UNSPECIFIED.,.F.,.F.,
 .F.,(4,1,4),(2,2),(0.,0.115451617846795,0.249684063167387),(0.,0.1),
 .UNSPECIFIED.);
#527=B_SPLINE_SURFACE_WITH_KNOTS('',3,1,((#10104,#10105),(#10106,#10107),
(#10108,#10109),(#10110,#10111),(#10112,#10113)),.UNSPECIFIED.,.F.,.F.,
 .F.,(4,1,4),(2,2),(0.,0.120216218334374,0.228651166232427),(0.,0.1),
 .UNSPECIFIED.);
#528=B_SPLINE_SURFACE_WITH_KNOTS('',3,1,((#10127,#10128),(#10129,#10130),
(#10131,#10132),(#10133,#10134),(#10135,#10136)),.UNSPECIFIED.,.F.,.F.,
 .F.,(4,1,4),(2,2),(0.,0.0745617342487818,0.157054474400589),(0.,0.1),
 .UNSPECIFIED.);
#529=B_SPLINE_SURFACE_WITH_KNOTS('',3,1,((#10150,#10151),(#10152,#10153),
(#10154,#10155),(#10156,#10157),(#10158,#10159)),.UNSPECIFIED.,.F.,.F.,
 .F.,(4,1,4),(2,2),(0.,0.0755866768683259,0.148570610333113),(0.,0.1),
 .UNSPECIFIED.);
#530=B_SPLINE_SURFACE_WITH_KNOTS('',3,1,((#10173,#10174),(#10175,#10176),
(#10177,#10178),(#10179,#10180),(#10181,#10182)),.UNSPECIFIED.,.F.,.F.,
 .F.,(4,1,4),(2,2),(0.,0.0915201350132191,0.173895972538844),(0.,0.1),
 .UNSPECIFIED.);
#531=B_SPLINE_SURFACE_WITH_KNOTS('',3,1,((#10196,#10197),(#10198,#10199),
(#10200,#10201),(#10202,#10203),(#10204,#10205)),.UNSPECIFIED.,.F.,.F.,
 .F.,(4,1,4),(2,2),(0.,0.115122150162364,0.247755178409084),(0.,0.1),
 .UNSPECIFIED.);
#532=B_SPLINE_SURFACE_WITH_KNOTS('',3,1,((#10219,#10220),(#10221,#10222),
(#10223,#10224),(#10225,#10226),(#10227,#10228)),.UNSPECIFIED.,.F.,.F.,
 .F.,(4,1,4),(2,2),(0.,0.120554191179972,0.229279609431602),(0.,0.1),
 .UNSPECIFIED.);
#533=B_SPLINE_SURFACE_WITH_KNOTS('',3,1,((#10242,#10243),(#10244,#10245),
(#10246,#10247),(#10248,#10249),(#10250,#10251)),.UNSPECIFIED.,.F.,.F.,
 .F.,(4,1,4),(2,2),(0.,0.0753127012465333,0.157984443832541),(0.,0.1),
 .UNSPECIFIED.);
#534=B_SPLINE_SURFACE_WITH_KNOTS('',3,1,((#10330,#10331),(#10332,#10333),
(#10334,#10335),(#10336,#10337),(#10338,#10339)),.UNSPECIFIED.,.F.,.F.,
 .F.,(4,1,4),(2,2),(0.,0.0287815207533683,0.0562735372180642),(0.,0.1),
 .UNSPECIFIED.);
#535=B_SPLINE_SURFACE_WITH_KNOTS('',3,1,((#10356,#10357),(#10358,#10359),
(#10360,#10361),(#10362,#10363),(#10364,#10365)),.UNSPECIFIED.,.F.,.F.,
 .F.,(4,1,4),(2,2),(0.,0.0322380208282126,0.0621395662215124),(0.,0.1),
 .UNSPECIFIED.);
#536=B_SPLINE_SURFACE_WITH_KNOTS('',3,1,((#10379,#10380),(#10381,#10382),
(#10383,#10384),(#10385,#10386),(#10387,#10388)),.UNSPECIFIED.,.F.,.F.,
 .F.,(4,1,4),(2,2),(0.,0.0372906156186224,0.0860596151473794),(0.,0.1),
 .UNSPECIFIED.);
#537=B_SPLINE_SURFACE_WITH_KNOTS('',3,1,((#10402,#10403),(#10404,#10405),
(#10406,#10407),(#10408,#10409),(#10410,#10411)),.UNSPECIFIED.,.F.,.F.,
 .F.,(4,1,4),(2,2),(0.,0.0434716181825381,0.0790888472133789),(0.,0.1),
 .UNSPECIFIED.);
#538=B_SPLINE_SURFACE_WITH_KNOTS('',3,1,((#10491,#10492),(#10493,#10494),
(#10495,#10496),(#10497,#10498),(#10499,#10500)),.UNSPECIFIED.,.F.,.F.,
 .F.,(4,1,4),(2,2),(0.,0.0764638248727506,0.159354463395844),(0.,0.1),
 .UNSPECIFIED.);
#539=B_SPLINE_SURFACE_WITH_KNOTS('',3,1,((#10514,#10515),(#10516,#10517),
(#10518,#10519),(#10520,#10521),(#10522,#10523)),.UNSPECIFIED.,.F.,.F.,
 .F.,(4,1,4),(2,2),(0.,0.0949169437915955,0.174825512109607),(0.,0.1),
 .UNSPECIFIED.);
#540=B_SPLINE_SURFACE_WITH_KNOTS('',3,1,((#10537,#10538),(#10539,#10540),
(#10541,#10542),(#10543,#10544),(#10545,#10546)),.UNSPECIFIED.,.F.,.F.,
 .F.,(4,1,4),(2,2),(0.,0.0490019872591958,0.0991131652880654),(0.,0.1),
 .UNSPECIFIED.);
#541=B_SPLINE_SURFACE_WITH_KNOTS('',3,1,((#10560,#10561),(#10562,#10563),
(#10564,#10565),(#10566,#10567),(#10568,#10569)),.UNSPECIFIED.,.F.,.F.,
 .F.,(4,1,4),(2,2),(0.,0.0417482407572902,0.0879976509521248),(0.,0.1),
 .UNSPECIFIED.);
#542=B_SPLINE_SURFACE_WITH_KNOTS('',3,1,((#10587,#10588),(#10589,#10590),
(#10591,#10592),(#10593,#10594),(#10595,#10596)),.UNSPECIFIED.,.F.,.F.,
 .F.,(4,1,4),(2,2),(0.,0.0324330075939629,0.0640288931110159),(0.,0.1),
 .UNSPECIFIED.);
#543=B_SPLINE_SURFACE_WITH_KNOTS('',3,1,((#10613,#10614),(#10615,#10616),
(#10617,#10618),(#10619,#10620),(#10621,#10622)),.UNSPECIFIED.,.F.,.F.,
 .F.,(4,1,4),(2,2),(0.,0.0319557812705654,0.06453124613747),(0.,0.1),
 .UNSPECIFIED.);
#544=B_SPLINE_SURFACE_WITH_KNOTS('',3,1,((#10636,#10637),(#10638,#10639),
(#10640,#10641),(#10642,#10643),(#10644,#10645)),.UNSPECIFIED.,.F.,.F.,
 .F.,(4,1,4),(2,2),(0.,0.0342869798910896,0.0667255907339593),(0.,0.1),
 .UNSPECIFIED.);
#545=B_SPLINE_SURFACE_WITH_KNOTS('',3,1,((#10659,#10660),(#10661,#10662),
(#10663,#10664),(#10665,#10666),(#10667,#10668)),.UNSPECIFIED.,.F.,.F.,
 .F.,(4,1,4),(2,2),(0.,0.0323176004085776,0.0673181612747198),(0.,0.1),
 .UNSPECIFIED.);
#546=B_SPLINE_SURFACE_WITH_KNOTS('',3,1,((#10682,#10683),(#10684,#10685),
(#10686,#10687),(#10688,#10689),(#10690,#10691)),.UNSPECIFIED.,.F.,.F.,
 .F.,(4,1,4),(2,2),(0.,0.0325755518468843,0.0645313331174497),(0.,0.1),
 .UNSPECIFIED.);
#547=B_SPLINE_SURFACE_WITH_KNOTS('',3,1,((#10705,#10706),(#10707,#10708),
(#10709,#10710),(#10711,#10712),(#10713,#10714)),.UNSPECIFIED.,.F.,.F.,
 .F.,(4,1,4),(2,2),(0.,0.0315958363047918,0.0640289898564518),(0.,0.1),
 .UNSPECIFIED.);
#548=B_SPLINE_SURFACE_WITH_KNOTS('',3,1,((#10728,#10729),(#10730,#10731),
(#10732,#10733),(#10734,#10735),(#10736,#10737)),.UNSPECIFIED.,.F.,.F.,
 .F.,(4,1,4),(2,2),(0.,0.0349762531149886,0.0670560627068933),(0.,0.1),
 .UNSPECIFIED.);
#549=B_SPLINE_SURFACE_WITH_KNOTS('',3,1,((#10751,#10752),(#10753,#10754),
(#10755,#10756),(#10757,#10758),(#10759,#10760)),.UNSPECIFIED.,.F.,.F.,
 .F.,(4,1,4),(2,2),(0.,0.0322012801252157,0.0664639260564926),(0.,0.1),
 .UNSPECIFIED.);
#550=B_SPLINE_SURFACE_WITH_KNOTS('',3,1,((#10772,#10773),(#10774,#10775),
(#10776,#10777),(#10778,#10779),(#10780,#10781)),.UNSPECIFIED.,.F.,.F.,
 .F.,(4,1,4),(2,2),(0.,0.0465396813300363,0.0950867419278656),(0.,0.1),
 .UNSPECIFIED.);
#551=B_SPLINE_SURFACE_WITH_KNOTS('',3,1,((#10798,#10799),(#10800,#10801),
(#10802,#10803),(#10804,#10805),(#10806,#10807)),.UNSPECIFIED.,.F.,.F.,
 .F.,(4,1,4),(2,2),(0.,0.0789254737562911,0.136226609416642),(0.,0.1),
 .UNSPECIFIED.);
#552=B_SPLINE_SURFACE_WITH_KNOTS('',3,1,((#10833,#10834),(#10835,#10836),
(#10837,#10838),(#10839,#10840),(#10841,#10842)),.UNSPECIFIED.,.F.,.F.,
 .F.,(4,1,4),(2,2),(0.,0.0422914358774902,0.0851827935187206),(0.,0.1),
 .UNSPECIFIED.);
#553=B_SPLINE_SURFACE_WITH_KNOTS('',3,1,((#10856,#10857),(#10858,#10859),
(#10860,#10861),(#10862,#10863),(#10864,#10865)),.UNSPECIFIED.,.F.,.F.,
 .F.,(4,1,4),(2,2),(0.,0.0393328299263843,0.0805373781636207),(0.,0.1),
 .UNSPECIFIED.);
#554=B_SPLINE_SURFACE_WITH_KNOTS('',3,1,((#10879,#10880),(#10881,#10882),
(#10883,#10884),(#10885,#10886),(#10887,#10888)),.UNSPECIFIED.,.F.,.F.,
 .F.,(4,1,4),(2,2),(0.,0.0796127259464433,0.161791776003154),(0.,0.1),
 .UNSPECIFIED.);
#555=B_SPLINE_SURFACE_WITH_KNOTS('',3,1,((#10899,#10900),(#10901,#10902),
(#10903,#10904),(#10905,#10906),(#10907,#10908)),.UNSPECIFIED.,.F.,.F.,
 .F.,(4,1,4),(2,2),(0.,0.079370845093339,0.166506967445681),(0.,0.1),
 .UNSPECIFIED.);
#556=B_SPLINE_SURFACE_WITH_KNOTS('',3,1,((#10925,#10926),(#10927,#10928),
(#10929,#10930),(#10931,#10932),(#10933,#10934)),.UNSPECIFIED.,.F.,.F.,
 .F.,(4,1,4),(2,2),(0.,0.108108198974558,0.194349182854001),(0.,0.1),
 .UNSPECIFIED.);
#557=B_SPLINE_SURFACE_WITH_KNOTS('',3,1,((#10948,#10949),(#10950,#10951),
(#10952,#10953),(#10954,#10955),(#10956,#10957)),.UNSPECIFIED.,.F.,.F.,
 .F.,(4,1,4),(2,2),(0.,0.0536175758301105,0.102672474537487),(0.,0.1),
 .UNSPECIFIED.);
#558=B_SPLINE_SURFACE_WITH_KNOTS('',3,1,((#10971,#10972),(#10973,#10974),
(#10975,#10976),(#10977,#10978),(#10979,#10980)),.UNSPECIFIED.,.F.,.F.,
 .F.,(4,1,4),(2,2),(0.,0.0597637661065678,0.116858585172246),(0.,0.1),
 .UNSPECIFIED.);
#559=B_SPLINE_SURFACE_WITH_KNOTS('',3,1,((#11000,#11001),(#11002,#11003),
(#11004,#11005),(#11006,#11007),(#11008,#11009)),.UNSPECIFIED.,.F.,.F.,
 .F.,(4,1,4),(2,2),(0.,0.04497386086592,0.0930186401190489),(0.,0.1),
 .UNSPECIFIED.);
#560=B_SPLINE_SURFACE_WITH_KNOTS('',3,1,((#11023,#11024),(#11025,#11026),
(#11027,#11028),(#11029,#11030),(#11031,#11032)),.UNSPECIFIED.,.F.,.F.,
 .F.,(4,1,4),(2,2),(0.,0.0333949936055407,0.0735688659610393),(0.,0.1),
 .UNSPECIFIED.);
#561=B_SPLINE_SURFACE_WITH_KNOTS('',3,1,((#11046,#11047),(#11048,#11049),
(#11050,#11051),(#11052,#11053),(#11054,#11055)),.UNSPECIFIED.,.F.,.F.,
 .F.,(4,1,4),(2,2),(0.,0.0472816596332758,0.104898158544371),(0.,0.1),
 .UNSPECIFIED.);
#562=B_SPLINE_SURFACE_WITH_KNOTS('',3,1,((#11069,#11070),(#11071,#11072),
(#11073,#11074),(#11075,#11076),(#11077,#11078)),.UNSPECIFIED.,.F.,.F.,
 .F.,(4,1,4),(2,2),(0.,0.0519426039910579,0.0953775387781534),(0.,0.1),
 .UNSPECIFIED.);
#563=B_SPLINE_SURFACE_WITH_KNOTS('',3,1,((#11104,#11105),(#11106,#11107),
(#11108,#11109),(#11110,#11111),(#11112,#11113)),.UNSPECIFIED.,.F.,.F.,
 .F.,(4,1,4),(2,2),(0.,0.0996026759395141,0.224344263750417),(0.,0.1),
 .UNSPECIFIED.);
#564=B_SPLINE_SURFACE_WITH_KNOTS('',3,1,((#11127,#11128),(#11129,#11130),
(#11131,#11132),(#11133,#11134),(#11135,#11136)),.UNSPECIFIED.,.F.,.F.,
 .F.,(4,1,4),(2,2),(0.,0.0876998931121708,0.172587040535622),(0.,0.1),
 .UNSPECIFIED.);
#565=B_SPLINE_SURFACE_WITH_KNOTS('',3,1,((#11150,#11151),(#11152,#11153),
(#11154,#11155),(#11156,#11157),(#11158,#11159)),.UNSPECIFIED.,.F.,.F.,
 .F.,(4,1,4),(2,2),(0.,0.073075859052961,0.151346429215529),(0.,0.1),
 .UNSPECIFIED.);
#566=B_SPLINE_SURFACE_WITH_KNOTS('',3,1,((#11173,#11174),(#11175,#11176),
(#11177,#11178),(#11179,#11180),(#11181,#11182)),.UNSPECIFIED.,.F.,.F.,
 .F.,(4,1,4),(2,2),(0.,0.0844910967273448,0.15930799866289),(0.,0.1),
 .UNSPECIFIED.);
#567=B_SPLINE_SURFACE_WITH_KNOTS('',3,1,((#11196,#11197),(#11198,#11199),
(#11200,#11201),(#11202,#11203),(#11204,#11205)),.UNSPECIFIED.,.F.,.F.,
 .F.,(4,1,4),(2,2),(0.,0.0555826389174257,0.11263328501471),(0.,0.1),
 .UNSPECIFIED.);
#568=B_SPLINE_SURFACE_WITH_KNOTS('',3,1,((#11219,#11220),(#11221,#11222),
(#11223,#11224),(#11225,#11226),(#11227,#11228)),.UNSPECIFIED.,.F.,.F.,
 .F.,(4,1,4),(2,2),(0.,0.0534957000413821,0.107693605545617),(0.,0.1),
 .UNSPECIFIED.);
#569=B_SPLINE_SURFACE_WITH_KNOTS('',3,1,((#11242,#11243),(#11244,#11245),
(#11246,#11247),(#11248,#11249),(#11250,#11251)),.UNSPECIFIED.,.F.,.F.,
 .F.,(4,1,4),(2,2),(0.,0.0376969760025348,0.0780901602266955),(0.,0.1),
 .UNSPECIFIED.);
#570=B_SPLINE_SURFACE_WITH_KNOTS('',3,1,((#11265,#11266),(#11267,#11268),
(#11269,#11270),(#11271,#11272),(#11273,#11274)),.UNSPECIFIED.,.F.,.F.,
 .F.,(4,1,4),(2,2),(0.,0.0430905128722245,0.082600762823504),(0.,0.1),
 .UNSPECIFIED.);
#571=B_SPLINE_SURFACE_WITH_KNOTS('',3,1,((#11294,#11295),(#11296,#11297),
(#11298,#11299),(#11300,#11301),(#11302,#11303)),.UNSPECIFIED.,.F.,.F.,
 .F.,(4,1,4),(2,2),(0.,0.0201886845115065,0.0435237907129444),(0.,0.1),
 .UNSPECIFIED.);
#572=B_SPLINE_SURFACE_WITH_KNOTS('',3,1,((#11317,#11318),(#11319,#11320),
(#11321,#11322),(#11323,#11324),(#11325,#11326)),.UNSPECIFIED.,.F.,.F.,
 .F.,(4,1,4),(2,2),(0.,0.0315695288924814,0.0544193811178025),(0.,0.1),
 .UNSPECIFIED.);
#573=B_SPLINE_SURFACE_WITH_KNOTS('',3,1,((#11344,#11345),(#11346,#11347),
(#11348,#11349),(#11350,#11351),(#11352,#11353)),.UNSPECIFIED.,.F.,.F.,
 .F.,(4,1,4),(2,2),(0.,0.0467920283502326,0.102254084285712),(0.,0.1),
 .UNSPECIFIED.);
#574=B_SPLINE_SURFACE_WITH_KNOTS('',3,1,((#11370,#11371),(#11372,#11373),
(#11374,#11375),(#11376,#11377),(#11378,#11379)),.UNSPECIFIED.,.F.,.F.,
 .F.,(4,1,4),(2,2),(0.,0.0512735051831539,0.0960139170616135),(0.,0.1),
 .UNSPECIFIED.);
#575=B_SPLINE_SURFACE_WITH_KNOTS('',3,1,((#11393,#11394),(#11395,#11396),
(#11397,#11398),(#11399,#11400),(#11401,#11402)),.UNSPECIFIED.,.F.,.F.,
 .F.,(4,1,4),(2,2),(0.,0.0473911784111046,0.103002826868759),(0.,0.1),
 .UNSPECIFIED.);
#576=B_SPLINE_SURFACE_WITH_KNOTS('',3,1,((#11416,#11417),(#11418,#11419),
(#11420,#11421),(#11422,#11423),(#11424,#11425)),.UNSPECIFIED.,.F.,.F.,
 .F.,(4,1,4),(2,2),(0.,0.0529225258230939,0.100399172632055),(0.,0.1),
 .UNSPECIFIED.);
#577=B_SPLINE_SURFACE_WITH_KNOTS('',3,1,((#11439,#11440),(#11441,#11442),
(#11443,#11444),(#11445,#11446),(#11447,#11448)),.UNSPECIFIED.,.F.,.F.,
 .F.,(4,1,4),(2,2),(0.,0.046506384208717,0.0979743367527576),(0.,0.1),
 .UNSPECIFIED.);
#578=B_SPLINE_SURFACE_WITH_KNOTS('',3,1,((#11462,#11463),(#11464,#11465),
(#11466,#11467),(#11468,#11469),(#11470,#11471)),.UNSPECIFIED.,.F.,.F.,
 .F.,(4,1,4),(2,2),(0.,0.0550622274862252,0.10221377198009),(0.,0.1),
 .UNSPECIFIED.);
#579=B_SPLINE_SURFACE_WITH_KNOTS('',3,1,((#11485,#11486),(#11487,#11488),
(#11489,#11490),(#11491,#11492),(#11493,#11494)),.UNSPECIFIED.,.F.,.F.,
 .F.,(4,1,4),(2,2),(0.,0.0985882455979561,0.193877003960021),(0.,0.1),
 .UNSPECIFIED.);
#580=B_SPLINE_SURFACE_WITH_KNOTS('',3,1,((#11505,#11506),(#11507,#11508),
(#11509,#11510),(#11511,#11512),(#11513,#11514)),.UNSPECIFIED.,.F.,.F.,
 .F.,(4,1,4),(2,2),(0.,0.0470690513736599,0.0886892825338234),(0.,0.1),
 .UNSPECIFIED.);
#581=B_SPLINE_SURFACE_WITH_KNOTS('',3,1,((#11531,#11532),(#11533,#11534),
(#11535,#11536),(#11537,#11538),(#11539,#11540)),.UNSPECIFIED.,.F.,.F.,
 .F.,(4,1,4),(2,2),(0.,0.0675549283550558,0.123235364199188),(0.,0.1),
 .UNSPECIFIED.);
#582=B_SPLINE_SURFACE_WITH_KNOTS('',3,1,((#11554,#11555),(#11556,#11557),
(#11558,#11559),(#11560,#11561),(#11562,#11563)),.UNSPECIFIED.,.F.,.F.,
 .F.,(4,1,4),(2,2),(0.,0.065583849142753,0.136924186739261),(0.,0.1),
 .UNSPECIFIED.);
#583=B_SPLINE_SURFACE_WITH_KNOTS('',3,1,((#11577,#11578),(#11579,#11580),
(#11581,#11582),(#11583,#11584),(#11585,#11586)),.UNSPECIFIED.,.F.,.F.,
 .F.,(4,1,4),(2,2),(0.,0.0580957969945953,0.118763850905382),(0.,0.1),
 .UNSPECIFIED.);
#584=B_SPLINE_SURFACE_WITH_KNOTS('',3,1,((#11600,#11601),(#11602,#11603),
(#11604,#11605),(#11606,#11607),(#11608,#11609)),.UNSPECIFIED.,.F.,.F.,
 .F.,(4,1,4),(2,2),(0.,0.0614081440876985,0.119509486386779),(0.,0.1),
 .UNSPECIFIED.);
#585=B_SPLINE_SURFACE_WITH_KNOTS('',3,1,((#11623,#11624),(#11625,#11626),
(#11627,#11628),(#11629,#11630),(#11631,#11632)),.UNSPECIFIED.,.F.,.F.,
 .F.,(4,1,4),(2,2),(0.,0.0497346882327699,0.104870639021887),(0.,0.1),
 .UNSPECIFIED.);
#586=B_SPLINE_SURFACE_WITH_KNOTS('',3,1,((#11646,#11647),(#11648,#11649),
(#11650,#11651),(#11652,#11653),(#11654,#11655)),.UNSPECIFIED.,.F.,.F.,
 .F.,(4,1,4),(2,2),(0.,0.0574400292000265,0.107790133373593),(0.,0.1),
 .UNSPECIFIED.);
#587=B_SPLINE_SURFACE_WITH_KNOTS('',3,1,((#11669,#11670),(#11671,#11672),
(#11673,#11674),(#11675,#11676),(#11677,#11678)),.UNSPECIFIED.,.F.,.F.,
 .F.,(4,1,4),(2,2),(0.,0.0630868898649521,0.134725779943365),(0.,0.1),
 .UNSPECIFIED.);
#588=B_SPLINE_SURFACE_WITH_KNOTS('',3,1,((#11692,#11693),(#11694,#11695),
(#11696,#11697),(#11698,#11699),(#11700,#11701)),.UNSPECIFIED.,.F.,.F.,
 .F.,(4,1,4),(2,2),(0.,0.0486199094388832,0.09379848969278),(0.,0.1),
 .UNSPECIFIED.);
#589=B_SPLINE_SURFACE_WITH_KNOTS('',3,1,((#11715,#11716),(#11717,#11718),
(#11719,#11720),(#11721,#11722),(#11723,#11724)),.UNSPECIFIED.,.F.,.F.,
 .F.,(4,1,4),(2,2),(0.,0.0758790847576322,0.134407000380618),(0.,0.1),
 .UNSPECIFIED.);
#590=B_SPLINE_SURFACE_WITH_KNOTS('',3,1,((#11744,#11745),(#11746,#11747),
(#11748,#11749),(#11750,#11751),(#11752,#11753)),.UNSPECIFIED.,.F.,.F.,
 .F.,(4,1,4),(2,2),(0.,0.0407470497629166,0.0899797400028221),(0.,0.1),
 .UNSPECIFIED.);
#591=B_SPLINE_SURFACE_WITH_KNOTS('',3,1,((#11767,#11768),(#11769,#11770),
(#11771,#11772),(#11773,#11774),(#11775,#11776)),.UNSPECIFIED.,.F.,.F.,
 .F.,(4,1,4),(2,2),(0.,0.0343072369382486,0.0689458095586121),(0.,0.1),
 .UNSPECIFIED.);
#592=B_SPLINE_SURFACE_WITH_KNOTS('',3,1,((#11790,#11791),(#11792,#11793),
(#11794,#11795),(#11796,#11797),(#11798,#11799)),.UNSPECIFIED.,.F.,.F.,
 .F.,(4,1,4),(2,2),(0.,0.0406998823538798,0.079508177610506),(0.,0.1),
 .UNSPECIFIED.);
#593=B_SPLINE_SURFACE_WITH_KNOTS('',3,1,((#11813,#11814),(#11815,#11816),
(#11817,#11818),(#11819,#11820),(#11821,#11822)),.UNSPECIFIED.,.F.,.F.,
 .F.,(4,1,4),(2,2),(0.,0.0818103011506901,0.138181354419559),(0.,0.1),
 .UNSPECIFIED.);
#594=B_SPLINE_SURFACE_WITH_KNOTS('',3,1,((#11836,#11837),(#11838,#11839),
(#11840,#11841),(#11842,#11843),(#11844,#11845)),.UNSPECIFIED.,.F.,.F.,
 .F.,(4,1,4),(2,2),(0.,0.042466582372919,0.099338019192837),(0.,0.1),
 .UNSPECIFIED.);
#595=B_SPLINE_SURFACE_WITH_KNOTS('',3,1,((#11859,#11860),(#11861,#11862),
(#11863,#11864),(#11865,#11866),(#11867,#11868)),.UNSPECIFIED.,.F.,.F.,
 .F.,(4,1,4),(2,2),(0.,0.0256198890980142,0.0570961474765129),(0.,0.1),
 .UNSPECIFIED.);
#596=B_SPLINE_SURFACE_WITH_KNOTS('',3,1,((#11882,#11883),(#11884,#11885),
(#11886,#11887),(#11888,#11889),(#11890,#11891)),.UNSPECIFIED.,.F.,.F.,
 .F.,(4,1,4),(2,2),(0.,0.0297214574649885,0.0551828886098246),(0.,0.1),
 .UNSPECIFIED.);
#597=B_SPLINE_SURFACE_WITH_KNOTS('',3,1,((#11911,#11912),(#11913,#11914),
(#11915,#11916),(#11917,#11918),(#11919,#11920)),.UNSPECIFIED.,.F.,.F.,
 .F.,(4,1,4),(2,2),(0.,0.0505173040096821,0.107510017602948),(0.,0.1),
 .UNSPECIFIED.);
#598=B_SPLINE_SURFACE_WITH_KNOTS('',3,1,((#11934,#11935),(#11936,#11937),
(#11938,#11939),(#11940,#11941),(#11942,#11943)),.UNSPECIFIED.,.F.,.F.,
 .F.,(4,1,4),(2,2),(0.,0.0570507490598331,0.106733604560367),(0.,0.1),
 .UNSPECIFIED.);
#599=B_SPLINE_SURFACE_WITH_KNOTS('',3,1,((#11957,#11958),(#11959,#11960),
(#11961,#11962),(#11963,#11964),(#11965,#11966)),.UNSPECIFIED.,.F.,.F.,
 .F.,(4,1,4),(2,2),(0.,0.0942107650498501,0.167165850019119),(0.,0.1),
 .UNSPECIFIED.);
#600=B_SPLINE_SURFACE_WITH_KNOTS('',3,1,((#11980,#11981),(#11982,#11983),
(#11984,#11985),(#11986,#11987),(#11988,#11989)),.UNSPECIFIED.,.F.,.F.,
 .F.,(4,1,4),(2,2),(0.,0.103399210282186,0.235018878750724),(0.,0.1),
 .UNSPECIFIED.);
#601=B_SPLINE_SURFACE_WITH_KNOTS('',3,1,((#12003,#12004),(#12005,#12006),
(#12007,#12008),(#12009,#12010),(#12011,#12012)),.UNSPECIFIED.,.F.,.F.,
 .F.,(4,1,4),(2,2),(0.,0.083659467562458,0.168417280020625),(0.,0.1),
 .UNSPECIFIED.);
#602=B_SPLINE_SURFACE_WITH_KNOTS('',3,1,((#12026,#12027),(#12028,#12029),
(#12030,#12031),(#12032,#12033),(#12034,#12035)),.UNSPECIFIED.,.F.,.F.,
 .F.,(4,1,4),(2,2),(0.,0.0462915617404508,0.0929447743272327),(0.,0.1),
 .UNSPECIFIED.);
#603=B_SPLINE_SURFACE_WITH_KNOTS('',3,1,((#12049,#12050),(#12051,#12052),
(#12053,#12054),(#12055,#12056),(#12057,#12058)),.UNSPECIFIED.,.F.,.F.,
 .F.,(4,1,4),(2,2),(0.,0.0520250013424538,0.100500462160722),(0.,0.1),
 .UNSPECIFIED.);
#604=B_SPLINE_SURFACE_WITH_KNOTS('',3,1,((#12072,#12073),(#12074,#12075),
(#12076,#12077),(#12078,#12079),(#12080,#12081)),.UNSPECIFIED.,.F.,.F.,
 .F.,(4,1,4),(2,2),(0.,0.061852921696854,0.118231463719923),(0.,0.1),
 .UNSPECIFIED.);
#605=B_SPLINE_SURFACE_WITH_KNOTS('',3,1,((#12101,#12102),(#12103,#12104),
(#12105,#12106),(#12107,#12108),(#12109,#12110)),.UNSPECIFIED.,.F.,.F.,
 .F.,(4,1,4),(2,2),(0.,0.0252528222860796,0.0636585672705444),(0.,0.1),
 .UNSPECIFIED.);
#606=B_SPLINE_SURFACE_WITH_KNOTS('',3,1,((#12124,#12125),(#12126,#12127),
(#12128,#12129),(#12130,#12131),(#12132,#12133)),.UNSPECIFIED.,.F.,.F.,
 .F.,(4,1,4),(2,2),(0.,0.01779482309494,0.0366353267878083),(0.,0.1),
 .UNSPECIFIED.);
#607=B_SPLINE_SURFACE_WITH_KNOTS('',3,1,((#12147,#12148),(#12149,#12150),
(#12151,#12152),(#12153,#12154),(#12155,#12156)),.UNSPECIFIED.,.F.,.F.,
 .F.,(4,1,4),(2,2),(0.,0.0297302291032212,0.0593643628088082),(0.,0.1),
 .UNSPECIFIED.);
#608=B_SPLINE_SURFACE_WITH_KNOTS('',3,1,((#12170,#12171),(#12172,#12173),
(#12174,#12175),(#12176,#12177),(#12178,#12179)),.UNSPECIFIED.,.F.,.F.,
 .F.,(4,1,4),(2,2),(0.,0.0192278950692068,0.0384557416180849),(0.,0.1),
 .UNSPECIFIED.);
#609=B_SPLINE_SURFACE_WITH_KNOTS('',3,1,((#12193,#12194),(#12195,#12196),
(#12197,#12198),(#12199,#12200),(#12201,#12202)),.UNSPECIFIED.,.F.,.F.,
 .F.,(4,1,4),(2,2),(0.,0.0249343561099112,0.0464539555008621),(0.,0.1),
 .UNSPECIFIED.);
#610=B_SPLINE_SURFACE_WITH_KNOTS('',3,1,((#12216,#12217),(#12218,#12219),
(#12220,#12221),(#12222,#12223),(#12224,#12225)),.UNSPECIFIED.,.F.,.F.,
 .F.,(4,1,4),(2,2),(0.,0.0624212064545969,0.132305216008457),(0.,0.1),
 .UNSPECIFIED.);
#611=B_SPLINE_SURFACE_WITH_KNOTS('',3,1,((#12239,#12240),(#12241,#12242),
(#12243,#12244),(#12245,#12246),(#12247,#12248)),.UNSPECIFIED.,.F.,.F.,
 .F.,(4,1,4),(2,2),(0.,0.0548157199147759,0.112457006426422),(0.,0.1),
 .UNSPECIFIED.);
#612=B_SPLINE_SURFACE_WITH_KNOTS('',3,1,((#12262,#12263),(#12264,#12265),
(#12266,#12267),(#12268,#12269),(#12270,#12271)),.UNSPECIFIED.,.F.,.F.,
 .F.,(4,1,4),(2,2),(0.,0.0569844061200057,0.111638742307506),(0.,0.1),
 .UNSPECIFIED.);
#613=B_SPLINE_SURFACE_WITH_KNOTS('',3,1,((#12285,#12286),(#12287,#12288),
(#12289,#12290),(#12291,#12292),(#12293,#12294)),.UNSPECIFIED.,.F.,.F.,
 .F.,(4,1,4),(2,2),(0.,0.0469252016187834,0.0981246313883959),(0.,0.1),
 .UNSPECIFIED.);
#614=B_SPLINE_SURFACE_WITH_KNOTS('',3,1,((#12308,#12309),(#12310,#12311),
(#12312,#12313),(#12314,#12315),(#12316,#12317)),.UNSPECIFIED.,.F.,.F.,
 .F.,(4,1,4),(2,2),(0.,0.0557082337684048,0.104795932309661),(0.,0.1),
 .UNSPECIFIED.);
#615=B_SPLINE_SURFACE_WITH_KNOTS('',3,1,((#12331,#12332),(#12333,#12334),
(#12335,#12336),(#12337,#12338),(#12339,#12340)),.UNSPECIFIED.,.F.,.F.,
 .F.,(4,1,4),(2,2),(0.,0.0461872860877716,0.0975017745240598),(0.,0.1),
 .UNSPECIFIED.);
#616=B_SPLINE_SURFACE_WITH_KNOTS('',3,1,((#12354,#12355),(#12356,#12357),
(#12358,#12359),(#12360,#12361),(#12362,#12363)),.UNSPECIFIED.,.F.,.F.,
 .F.,(4,1,4),(2,2),(0.,0.039722971499458,0.0823340867380051),(0.,0.1),
 .UNSPECIFIED.);
#617=B_SPLINE_SURFACE_WITH_KNOTS('',3,1,((#12383,#12384),(#12385,#12386),
(#12387,#12388),(#12389,#12390),(#12391,#12392)),.UNSPECIFIED.,.F.,.F.,
 .F.,(4,1,4),(2,2),(0.,0.04002233674488,0.080480957621627),(0.,0.1),
 .UNSPECIFIED.);
#618=FACE_OUTER_BOUND('',#964,.T.);
#619=FACE_OUTER_BOUND('',#965,.T.);
#620=FACE_OUTER_BOUND('',#966,.T.);
#621=FACE_OUTER_BOUND('',#967,.T.);
#622=FACE_OUTER_BOUND('',#968,.T.);
#623=FACE_OUTER_BOUND('',#969,.T.);
#624=FACE_OUTER_BOUND('',#970,.T.);
#625=FACE_OUTER_BOUND('',#971,.T.);
#626=FACE_OUTER_BOUND('',#972,.T.);
#627=FACE_OUTER_BOUND('',#973,.T.);
#628=FACE_OUTER_BOUND('',#974,.T.);
#629=FACE_OUTER_BOUND('',#975,.T.);
#630=FACE_OUTER_BOUND('',#976,.T.);
#631=FACE_OUTER_BOUND('',#977,.T.);
#632=FACE_OUTER_BOUND('',#978,.T.);
#633=FACE_OUTER_BOUND('',#979,.T.);
#634=FACE_OUTER_BOUND('',#980,.T.);
#635=FACE_OUTER_BOUND('',#981,.T.);
#636=FACE_OUTER_BOUND('',#982,.T.);
#637=FACE_OUTER_BOUND('',#983,.T.);
#638=FACE_OUTER_BOUND('',#984,.T.);
#639=FACE_OUTER_BOUND('',#985,.T.);
#640=FACE_OUTER_BOUND('',#986,.T.);
#641=FACE_OUTER_BOUND('',#987,.T.);
#642=FACE_OUTER_BOUND('',#988,.T.);
#643=FACE_OUTER_BOUND('',#989,.T.);
#644=FACE_OUTER_BOUND('',#990,.T.);
#645=FACE_OUTER_BOUND('',#991,.T.);
#646=FACE_OUTER_BOUND('',#992,.T.);
#647=FACE_OUTER_BOUND('',#993,.T.);
#648=FACE_OUTER_BOUND('',#994,.T.);
#649=FACE_OUTER_BOUND('',#995,.T.);
#650=FACE_OUTER_BOUND('',#996,.T.);
#651=FACE_OUTER_BOUND('',#997,.T.);
#652=FACE_OUTER_BOUND('',#998,.T.);
#653=FACE_OUTER_BOUND('',#999,.T.);
#654=FACE_OUTER_BOUND('',#1000,.T.);
#655=FACE_OUTER_BOUND('',#1001,.T.);
#656=FACE_OUTER_BOUND('',#1002,.T.);
#657=FACE_OUTER_BOUND('',#1003,.T.);
#658=FACE_OUTER_BOUND('',#1004,.T.);
#659=FACE_OUTER_BOUND('',#1005,.T.);
#660=FACE_OUTER_BOUND('',#1006,.T.);
#661=FACE_OUTER_BOUND('',#1007,.T.);
#662=FACE_OUTER_BOUND('',#1008,.T.);
#663=FACE_OUTER_BOUND('',#1009,.T.);
#664=FACE_OUTER_BOUND('',#1010,.T.);
#665=FACE_OUTER_BOUND('',#1011,.T.);
#666=FACE_OUTER_BOUND('',#1012,.T.);
#667=FACE_OUTER_BOUND('',#1013,.T.);
#668=FACE_OUTER_BOUND('',#1014,.T.);
#669=FACE_OUTER_BOUND('',#1015,.T.);
#670=FACE_OUTER_BOUND('',#1016,.T.);
#671=FACE_OUTER_BOUND('',#1017,.T.);
#672=FACE_OUTER_BOUND('',#1018,.T.);
#673=FACE_OUTER_BOUND('',#1019,.T.);
#674=FACE_OUTER_BOUND('',#1020,.T.);
#675=FACE_OUTER_BOUND('',#1021,.T.);
#676=FACE_OUTER_BOUND('',#1022,.T.);
#677=FACE_OUTER_BOUND('',#1023,.T.);
#678=FACE_OUTER_BOUND('',#1024,.T.);
#679=FACE_OUTER_BOUND('',#1025,.T.);
#680=FACE_OUTER_BOUND('',#1026,.T.);
#681=FACE_OUTER_BOUND('',#1027,.T.);
#682=FACE_OUTER_BOUND('',#1028,.T.);
#683=FACE_OUTER_BOUND('',#1029,.T.);
#684=FACE_OUTER_BOUND('',#1030,.T.);
#685=FACE_OUTER_BOUND('',#1031,.T.);
#686=FACE_OUTER_BOUND('',#1032,.T.);
#687=FACE_OUTER_BOUND('',#1033,.T.);
#688=FACE_OUTER_BOUND('',#1034,.T.);
#689=FACE_OUTER_BOUND('',#1035,.T.);
#690=FACE_OUTER_BOUND('',#1036,.T.);
#691=FACE_OUTER_BOUND('',#1037,.T.);
#692=FACE_OUTER_BOUND('',#1038,.T.);
#693=FACE_OUTER_BOUND('',#1039,.T.);
#694=FACE_OUTER_BOUND('',#1040,.T.);
#695=FACE_OUTER_BOUND('',#1041,.T.);
#696=FACE_OUTER_BOUND('',#1042,.T.);
#697=FACE_OUTER_BOUND('',#1043,.T.);
#698=FACE_OUTER_BOUND('',#1044,.T.);
#699=FACE_OUTER_BOUND('',#1045,.T.);
#700=FACE_OUTER_BOUND('',#1046,.T.);
#701=FACE_OUTER_BOUND('',#1047,.T.);
#702=FACE_OUTER_BOUND('',#1048,.T.);
#703=FACE_OUTER_BOUND('',#1049,.T.);
#704=FACE_OUTER_BOUND('',#1050,.T.);
#705=FACE_OUTER_BOUND('',#1051,.T.);
#706=FACE_OUTER_BOUND('',#1052,.T.);
#707=FACE_OUTER_BOUND('',#1053,.T.);
#708=FACE_OUTER_BOUND('',#1054,.T.);
#709=FACE_OUTER_BOUND('',#1055,.T.);
#710=FACE_OUTER_BOUND('',#1056,.T.);
#711=FACE_OUTER_BOUND('',#1057,.T.);
#712=FACE_OUTER_BOUND('',#1058,.T.);
#713=FACE_OUTER_BOUND('',#1059,.T.);
#714=FACE_OUTER_BOUND('',#1060,.T.);
#715=FACE_OUTER_BOUND('',#1061,.T.);
#716=FACE_OUTER_BOUND('',#1062,.T.);
#717=FACE_OUTER_BOUND('',#1063,.T.);
#718=FACE_OUTER_BOUND('',#1064,.T.);
#719=FACE_OUTER_BOUND('',#1065,.T.);
#720=FACE_OUTER_BOUND('',#1066,.T.);
#721=FACE_OUTER_BOUND('',#1067,.T.);
#722=FACE_OUTER_BOUND('',#1068,.T.);
#723=FACE_OUTER_BOUND('',#1069,.T.);
#724=FACE_OUTER_BOUND('',#1070,.T.);
#725=FACE_OUTER_BOUND('',#1071,.T.);
#726=FACE_OUTER_BOUND('',#1072,.T.);
#727=FACE_OUTER_BOUND('',#1073,.T.);
#728=FACE_OUTER_BOUND('',#1074,.T.);
#729=FACE_OUTER_BOUND('',#1076,.T.);
#730=FACE_OUTER_BOUND('',#1077,.T.);
#731=FACE_OUTER_BOUND('',#1078,.T.);
#732=FACE_OUTER_BOUND('',#1079,.T.);
#733=FACE_OUTER_BOUND('',#1080,.T.);
#734=FACE_OUTER_BOUND('',#1081,.T.);
#735=FACE_OUTER_BOUND('',#1082,.T.);
#736=FACE_OUTER_BOUND('',#1083,.T.);
#737=FACE_OUTER_BOUND('',#1084,.T.);
#738=FACE_OUTER_BOUND('',#1085,.T.);
#739=FACE_OUTER_BOUND('',#1086,.T.);
#740=FACE_OUTER_BOUND('',#1087,.T.);
#741=FACE_OUTER_BOUND('',#1088,.T.);
#742=FACE_OUTER_BOUND('',#1089,.T.);
#743=FACE_OUTER_BOUND('',#1090,.T.);
#744=FACE_OUTER_BOUND('',#1091,.T.);
#745=FACE_OUTER_BOUND('',#1092,.T.);
#746=FACE_OUTER_BOUND('',#1093,.T.);
#747=FACE_OUTER_BOUND('',#1094,.T.);
#748=FACE_OUTER_BOUND('',#1095,.T.);
#749=FACE_OUTER_BOUND('',#1096,.T.);
#750=FACE_OUTER_BOUND('',#1097,.T.);
#751=FACE_OUTER_BOUND('',#1098,.T.);
#752=FACE_OUTER_BOUND('',#1099,.T.);
#753=FACE_OUTER_BOUND('',#1100,.T.);
#754=FACE_OUTER_BOUND('',#1101,.T.);
#755=FACE_OUTER_BOUND('',#1102,.T.);
#756=FACE_OUTER_BOUND('',#1103,.T.);
#757=FACE_OUTER_BOUND('',#1104,.T.);
#758=FACE_OUTER_BOUND('',#1105,.T.);
#759=FACE_OUTER_BOUND('',#1106,.T.);
#760=FACE_OUTER_BOUND('',#1107,.T.);
#761=FACE_OUTER_BOUND('',#1108,.T.);
#762=FACE_OUTER_BOUND('',#1109,.T.);
#763=FACE_OUTER_BOUND('',#1110,.T.);
#764=FACE_OUTER_BOUND('',#1111,.T.);
#765=FACE_OUTER_BOUND('',#1112,.T.);
#766=FACE_OUTER_BOUND('',#1113,.T.);
#767=FACE_OUTER_BOUND('',#1114,.T.);
#768=FACE_OUTER_BOUND('',#1115,.T.);
#769=FACE_OUTER_BOUND('',#1116,.T.);
#770=FACE_OUTER_BOUND('',#1117,.T.);
#771=FACE_OUTER_BOUND('',#1118,.T.);
#772=FACE_OUTER_BOUND('',#1119,.T.);
#773=FACE_OUTER_BOUND('',#1120,.T.);
#774=FACE_OUTER_BOUND('',#1121,.T.);
#775=FACE_OUTER_BOUND('',#1122,.T.);
#776=FACE_OUTER_BOUND('',#1123,.T.);
#777=FACE_OUTER_BOUND('',#1124,.T.);
#778=FACE_OUTER_BOUND('',#1125,.T.);
#779=FACE_OUTER_BOUND('',#1126,.T.);
#780=FACE_OUTER_BOUND('',#1127,.T.);
#781=FACE_OUTER_BOUND('',#1128,.T.);
#782=FACE_OUTER_BOUND('',#1130,.T.);
#783=FACE_OUTER_BOUND('',#1131,.T.);
#784=FACE_OUTER_BOUND('',#1132,.T.);
#785=FACE_OUTER_BOUND('',#1133,.T.);
#786=FACE_OUTER_BOUND('',#1134,.T.);
#787=FACE_OUTER_BOUND('',#1135,.T.);
#788=FACE_OUTER_BOUND('',#1136,.T.);
#789=FACE_OUTER_BOUND('',#1137,.T.);
#790=FACE_OUTER_BOUND('',#1138,.T.);
#791=FACE_OUTER_BOUND('',#1139,.T.);
#792=FACE_OUTER_BOUND('',#1140,.T.);
#793=FACE_OUTER_BOUND('',#1141,.T.);
#794=FACE_OUTER_BOUND('',#1142,.T.);
#795=FACE_OUTER_BOUND('',#1143,.T.);
#796=FACE_OUTER_BOUND('',#1144,.T.);
#797=FACE_OUTER_BOUND('',#1145,.T.);
#798=FACE_OUTER_BOUND('',#1146,.T.);
#799=FACE_OUTER_BOUND('',#1147,.T.);
#800=FACE_OUTER_BOUND('',#1148,.T.);
#801=FACE_OUTER_BOUND('',#1150,.T.);
#802=FACE_OUTER_BOUND('',#1151,.T.);
#803=FACE_OUTER_BOUND('',#1152,.T.);
#804=FACE_OUTER_BOUND('',#1153,.T.);
#805=FACE_OUTER_BOUND('',#1154,.T.);
#806=FACE_OUTER_BOUND('',#1155,.T.);
#807=FACE_OUTER_BOUND('',#1156,.T.);
#808=FACE_OUTER_BOUND('',#1157,.T.);
#809=FACE_OUTER_BOUND('',#1158,.T.);
#810=FACE_OUTER_BOUND('',#1159,.T.);
#811=FACE_OUTER_BOUND('',#1160,.T.);
#812=FACE_OUTER_BOUND('',#1161,.T.);
#813=FACE_OUTER_BOUND('',#1162,.T.);
#814=FACE_OUTER_BOUND('',#1163,.T.);
#815=FACE_OUTER_BOUND('',#1164,.T.);
#816=FACE_OUTER_BOUND('',#1165,.T.);
#817=FACE_OUTER_BOUND('',#1166,.T.);
#818=FACE_OUTER_BOUND('',#1167,.T.);
#819=FACE_OUTER_BOUND('',#1168,.T.);
#820=FACE_OUTER_BOUND('',#1169,.T.);
#821=FACE_OUTER_BOUND('',#1170,.T.);
#822=FACE_OUTER_BOUND('',#1171,.T.);
#823=FACE_OUTER_BOUND('',#1172,.T.);
#824=FACE_OUTER_BOUND('',#1173,.T.);
#825=FACE_OUTER_BOUND('',#1174,.T.);
#826=FACE_OUTER_BOUND('',#1175,.T.);
#827=FACE_OUTER_BOUND('',#1176,.T.);
#828=FACE_OUTER_BOUND('',#1177,.T.);
#829=FACE_OUTER_BOUND('',#1178,.T.);
#830=FACE_OUTER_BOUND('',#1179,.T.);
#831=FACE_OUTER_BOUND('',#1180,.T.);
#832=FACE_OUTER_BOUND('',#1181,.T.);
#833=FACE_OUTER_BOUND('',#1182,.T.);
#834=FACE_OUTER_BOUND('',#1183,.T.);
#835=FACE_OUTER_BOUND('',#1184,.T.);
#836=FACE_OUTER_BOUND('',#1185,.T.);
#837=FACE_OUTER_BOUND('',#1186,.T.);
#838=FACE_OUTER_BOUND('',#1187,.T.);
#839=FACE_OUTER_BOUND('',#1188,.T.);
#840=FACE_OUTER_BOUND('',#1189,.T.);
#841=FACE_OUTER_BOUND('',#1190,.T.);
#842=FACE_OUTER_BOUND('',#1191,.T.);
#843=FACE_OUTER_BOUND('',#1192,.T.);
#844=FACE_OUTER_BOUND('',#1193,.T.);
#845=FACE_OUTER_BOUND('',#1194,.T.);
#846=FACE_OUTER_BOUND('',#1195,.T.);
#847=FACE_OUTER_BOUND('',#1196,.T.);
#848=FACE_OUTER_BOUND('',#1197,.T.);
#849=FACE_OUTER_BOUND('',#1198,.T.);
#850=FACE_OUTER_BOUND('',#1199,.T.);
#851=FACE_OUTER_BOUND('',#1200,.T.);
#852=FACE_OUTER_BOUND('',#1201,.T.);
#853=FACE_OUTER_BOUND('',#1202,.T.);
#854=FACE_OUTER_BOUND('',#1203,.T.);
#855=FACE_OUTER_BOUND('',#1204,.T.);
#856=FACE_OUTER_BOUND('',#1205,.T.);
#857=FACE_OUTER_BOUND('',#1206,.T.);
#858=FACE_OUTER_BOUND('',#1207,.T.);
#859=FACE_OUTER_BOUND('',#1208,.T.);
#860=FACE_OUTER_BOUND('',#1209,.T.);
#861=FACE_OUTER_BOUND('',#1210,.T.);
#862=FACE_OUTER_BOUND('',#1211,.T.);
#863=FACE_OUTER_BOUND('',#1212,.T.);
#864=FACE_OUTER_BOUND('',#1213,.T.);
#865=FACE_OUTER_BOUND('',#1214,.T.);
#866=FACE_OUTER_BOUND('',#1215,.T.);
#867=FACE_OUTER_BOUND('',#1216,.T.);
#868=FACE_OUTER_BOUND('',#1217,.T.);
#869=FACE_OUTER_BOUND('',#1218,.T.);
#870=FACE_OUTER_BOUND('',#1219,.T.);
#871=FACE_OUTER_BOUND('',#1220,.T.);
#872=FACE_OUTER_BOUND('',#1221,.T.);
#873=FACE_OUTER_BOUND('',#1222,.T.);
#874=FACE_OUTER_BOUND('',#1224,.T.);
#875=FACE_OUTER_BOUND('',#1225,.T.);
#876=FACE_OUTER_BOUND('',#1226,.T.);
#877=FACE_OUTER_BOUND('',#1227,.T.);
#878=FACE_OUTER_BOUND('',#1228,.T.);
#879=FACE_OUTER_BOUND('',#1229,.T.);
#880=FACE_OUTER_BOUND('',#1230,.T.);
#881=FACE_OUTER_BOUND('',#1231,.T.);
#882=FACE_OUTER_BOUND('',#1232,.T.);
#883=FACE_OUTER_BOUND('',#1233,.T.);
#884=FACE_OUTER_BOUND('',#1234,.T.);
#885=FACE_OUTER_BOUND('',#1235,.T.);
#886=FACE_OUTER_BOUND('',#1236,.T.);
#887=FACE_OUTER_BOUND('',#1237,.T.);
#888=FACE_OUTER_BOUND('',#1238,.T.);
#889=FACE_OUTER_BOUND('',#1239,.T.);
#890=FACE_OUTER_BOUND('',#1240,.T.);
#891=FACE_OUTER_BOUND('',#1241,.T.);
#892=FACE_OUTER_BOUND('',#1242,.T.);
#893=FACE_OUTER_BOUND('',#1243,.T.);
#894=FACE_OUTER_BOUND('',#1244,.T.);
#895=FACE_OUTER_BOUND('',#1245,.T.);
#896=FACE_OUTER_BOUND('',#1246,.T.);
#897=FACE_OUTER_BOUND('',#1247,.T.);
#898=FACE_OUTER_BOUND('',#1248,.T.);
#899=FACE_OUTER_BOUND('',#1249,.T.);
#900=FACE_OUTER_BOUND('',#1250,.T.);
#901=FACE_OUTER_BOUND('',#1251,.T.);
#902=FACE_OUTER_BOUND('',#1252,.T.);
#903=FACE_OUTER_BOUND('',#1253,.T.);
#904=FACE_OUTER_BOUND('',#1254,.T.);
#905=FACE_OUTER_BOUND('',#1255,.T.);
#906=FACE_OUTER_BOUND('',#1256,.T.);
#907=FACE_OUTER_BOUND('',#1257,.T.);
#908=FACE_OUTER_BOUND('',#1258,.T.);
#909=FACE_OUTER_BOUND('',#1259,.T.);
#910=FACE_OUTER_BOUND('',#1260,.T.);
#911=FACE_OUTER_BOUND('',#1261,.T.);
#912=FACE_OUTER_BOUND('',#1262,.T.);
#913=FACE_OUTER_BOUND('',#1263,.T.);
#914=FACE_OUTER_BOUND('',#1264,.T.);
#915=FACE_OUTER_BOUND('',#1265,.T.);
#916=FACE_OUTER_BOUND('',#1266,.T.);
#917=FACE_OUTER_BOUND('',#1267,.T.);
#918=FACE_OUTER_BOUND('',#1268,.T.);
#919=FACE_OUTER_BOUND('',#1269,.T.);
#920=FACE_OUTER_BOUND('',#1270,.T.);
#921=FACE_OUTER_BOUND('',#1271,.T.);
#922=FACE_OUTER_BOUND('',#1272,.T.);
#923=FACE_OUTER_BOUND('',#1273,.T.);
#924=FACE_OUTER_BOUND('',#1275,.T.);
#925=FACE_OUTER_BOUND('',#1297,.T.);
#926=FACE_OUTER_BOUND('',#1298,.T.);
#927=FACE_OUTER_BOUND('',#1299,.T.);
#928=FACE_OUTER_BOUND('',#1300,.T.);
#929=FACE_OUTER_BOUND('',#1301,.T.);
#930=FACE_OUTER_BOUND('',#1302,.T.);
#931=FACE_OUTER_BOUND('',#1304,.T.);
#932=FACE_OUTER_BOUND('',#1305,.T.);
#933=FACE_OUTER_BOUND('',#1307,.T.);
#934=FACE_OUTER_BOUND('',#1308,.T.);
#935=FACE_OUTER_BOUND('',#1310,.T.);
#936=FACE_OUTER_BOUND('',#1311,.T.);
#937=FACE_OUTER_BOUND('',#1313,.T.);
#938=FACE_OUTER_BOUND('',#1314,.T.);
#939=FACE_OUTER_BOUND('',#1315,.T.);
#940=FACE_OUTER_BOUND('',#1316,.T.);
#941=FACE_OUTER_BOUND('',#1317,.T.);
#942=FACE_OUTER_BOUND('',#1323,.T.);
#943=FACE_OUTER_BOUND('',#1324,.T.);
#944=FACE_OUTER_BOUND('',#1325,.T.);
#945=FACE_OUTER_BOUND('',#1326,.T.);
#946=FACE_OUTER_BOUND('',#1327,.T.);
#947=FACE_OUTER_BOUND('',#1328,.T.);
#948=FACE_OUTER_BOUND('',#1329,.T.);
#949=FACE_OUTER_BOUND('',#1330,.T.);
#950=FACE_OUTER_BOUND('',#1331,.T.);
#951=FACE_OUTER_BOUND('',#1332,.T.);
#952=FACE_OUTER_BOUND('',#1333,.T.);
#953=FACE_OUTER_BOUND('',#1334,.T.);
#954=FACE_OUTER_BOUND('',#1335,.T.);
#955=FACE_OUTER_BOUND('',#1336,.T.);
#956=FACE_OUTER_BOUND('',#1337,.T.);
#957=FACE_OUTER_BOUND('',#1338,.T.);
#958=FACE_OUTER_BOUND('',#1339,.T.);
#959=FACE_OUTER_BOUND('',#1340,.T.);
#960=FACE_OUTER_BOUND('',#1341,.T.);
#961=FACE_OUTER_BOUND('',#1342,.T.);
#962=FACE_OUTER_BOUND('',#1343,.T.);
#963=FACE_OUTER_BOUND('',#1344,.T.);
#964=EDGE_LOOP('',(#4088,#4089,#4090,#4091));
#965=EDGE_LOOP('',(#4092,#4093,#4094,#4095));
#966=EDGE_LOOP('',(#4096,#4097,#4098,#4099));
#967=EDGE_LOOP('',(#4100,#4101,#4102,#4103));
#968=EDGE_LOOP('',(#4104,#4105,#4106,#4107));
#969=EDGE_LOOP('',(#4108,#4109,#4110,#4111));
#970=EDGE_LOOP('',(#4112,#4113,#4114,#4115));
#971=EDGE_LOOP('',(#4116,#4117,#4118,#4119));
#972=EDGE_LOOP('',(#4120,#4121,#4122,#4123));
#973=EDGE_LOOP('',(#4124,#4125,#4126,#4127));
#974=EDGE_LOOP('',(#4128,#4129,#4130,#4131));
#975=EDGE_LOOP('',(#4132,#4133,#4134,#4135));
#976=EDGE_LOOP('',(#4136,#4137,#4138,#4139));
#977=EDGE_LOOP('',(#4140,#4141,#4142,#4143));
#978=EDGE_LOOP('',(#4144,#4145,#4146,#4147));
#979=EDGE_LOOP('',(#4148,#4149,#4150,#4151));
#980=EDGE_LOOP('',(#4152,#4153,#4154,#4155));
#981=EDGE_LOOP('',(#4156,#4157,#4158,#4159));
#982=EDGE_LOOP('',(#4160,#4161,#4162,#4163));
#983=EDGE_LOOP('',(#4164,#4165,#4166,#4167));
#984=EDGE_LOOP('',(#4168,#4169,#4170,#4171,#4172,#4173,#4174,#4175,#4176,
#4177,#4178,#4179,#4180,#4181,#4182,#4183,#4184,#4185,#4186,#4187));
#985=EDGE_LOOP('',(#4188,#4189,#4190,#4191));
#986=EDGE_LOOP('',(#4192,#4193,#4194,#4195));
#987=EDGE_LOOP('',(#4196,#4197,#4198,#4199));
#988=EDGE_LOOP('',(#4200,#4201,#4202,#4203));
#989=EDGE_LOOP('',(#4204,#4205,#4206,#4207));
#990=EDGE_LOOP('',(#4208,#4209,#4210,#4211));
#991=EDGE_LOOP('',(#4212,#4213,#4214,#4215));
#992=EDGE_LOOP('',(#4216,#4217,#4218,#4219,#4220,#4221,#4222));
#993=EDGE_LOOP('',(#4223,#4224,#4225,#4226));
#994=EDGE_LOOP('',(#4227,#4228,#4229,#4230));
#995=EDGE_LOOP('',(#4231,#4232,#4233,#4234));
#996=EDGE_LOOP('',(#4235,#4236,#4237,#4238));
#997=EDGE_LOOP('',(#4239,#4240,#4241,#4242));
#998=EDGE_LOOP('',(#4243,#4244,#4245,#4246));
#999=EDGE_LOOP('',(#4247,#4248,#4249,#4250));
#1000=EDGE_LOOP('',(#4251,#4252,#4253,#4254));
#1001=EDGE_LOOP('',(#4255,#4256,#4257,#4258));
#1002=EDGE_LOOP('',(#4259,#4260,#4261,#4262));
#1003=EDGE_LOOP('',(#4263,#4264,#4265,#4266,#4267,#4268,#4269,#4270,#4271,
#4272));
#1004=EDGE_LOOP('',(#4273,#4274,#4275,#4276));
#1005=EDGE_LOOP('',(#4277,#4278,#4279,#4280));
#1006=EDGE_LOOP('',(#4281,#4282,#4283,#4284));
#1007=EDGE_LOOP('',(#4285,#4286,#4287,#4288));
#1008=EDGE_LOOP('',(#4289,#4290,#4291,#4292));
#1009=EDGE_LOOP('',(#4293,#4294,#4295,#4296));
#1010=EDGE_LOOP('',(#4297,#4298,#4299,#4300));
#1011=EDGE_LOOP('',(#4301,#4302,#4303,#4304));
#1012=EDGE_LOOP('',(#4305,#4306,#4307,#4308));
#1013=EDGE_LOOP('',(#4309,#4310,#4311,#4312));
#1014=EDGE_LOOP('',(#4313,#4314,#4315,#4316));
#1015=EDGE_LOOP('',(#4317,#4318,#4319,#4320));
#1016=EDGE_LOOP('',(#4321,#4322,#4323,#4324));
#1017=EDGE_LOOP('',(#4325,#4326,#4327,#4328));
#1018=EDGE_LOOP('',(#4329,#4330,#4331,#4332,#4333,#4334,#4335,#4336,#4337,
#4338,#4339,#4340,#4341,#4342));
#1019=EDGE_LOOP('',(#4343,#4344,#4345,#4346));
#1020=EDGE_LOOP('',(#4347,#4348,#4349,#4350));
#1021=EDGE_LOOP('',(#4351,#4352,#4353,#4354));
#1022=EDGE_LOOP('',(#4355,#4356,#4357,#4358));
#1023=EDGE_LOOP('',(#4359,#4360,#4361,#4362));
#1024=EDGE_LOOP('',(#4363,#4364,#4365,#4366));
#1025=EDGE_LOOP('',(#4367,#4368,#4369,#4370));
#1026=EDGE_LOOP('',(#4371,#4372,#4373,#4374));
#1027=EDGE_LOOP('',(#4375,#4376,#4377,#4378));
#1028=EDGE_LOOP('',(#4379,#4380,#4381,#4382));
#1029=EDGE_LOOP('',(#4383,#4384,#4385,#4386));
#1030=EDGE_LOOP('',(#4387,#4388,#4389,#4390));
#1031=EDGE_LOOP('',(#4391,#4392,#4393,#4394));
#1032=EDGE_LOOP('',(#4395,#4396,#4397,#4398));
#1033=EDGE_LOOP('',(#4399,#4400,#4401,#4402));
#1034=EDGE_LOOP('',(#4403,#4404,#4405,#4406));
#1035=EDGE_LOOP('',(#4407,#4408,#4409,#4410,#4411,#4412,#4413,#4414,#4415,
#4416,#4417,#4418,#4419,#4420,#4421,#4422));
#1036=EDGE_LOOP('',(#4423,#4424,#4425,#4426));
#1037=EDGE_LOOP('',(#4427,#4428,#4429,#4430));
#1038=EDGE_LOOP('',(#4431,#4432,#4433,#4434));
#1039=EDGE_LOOP('',(#4435,#4436,#4437,#4438));
#1040=EDGE_LOOP('',(#4439,#4440,#4441,#4442));
#1041=EDGE_LOOP('',(#4443,#4444,#4445,#4446));
#1042=EDGE_LOOP('',(#4447,#4448,#4449,#4450));
#1043=EDGE_LOOP('',(#4451,#4452,#4453,#4454));
#1044=EDGE_LOOP('',(#4455,#4456,#4457,#4458));
#1045=EDGE_LOOP('',(#4459,#4460,#4461,#4462));
#1046=EDGE_LOOP('',(#4463,#4464,#4465,#4466));
#1047=EDGE_LOOP('',(#4467,#4468,#4469,#4470));
#1048=EDGE_LOOP('',(#4471,#4472,#4473,#4474));
#1049=EDGE_LOOP('',(#4475,#4476,#4477,#4478));
#1050=EDGE_LOOP('',(#4479,#4480,#4481,#4482,#4483,#4484,#4485,#4486,#4487,
#4488,#4489,#4490,#4491,#4492));
#1051=EDGE_LOOP('',(#4493,#4494,#4495,#4496));
#1052=EDGE_LOOP('',(#4497,#4498,#4499,#4500));
#1053=EDGE_LOOP('',(#4501,#4502,#4503,#4504));
#1054=EDGE_LOOP('',(#4505,#4506,#4507,#4508));
#1055=EDGE_LOOP('',(#4509,#4510,#4511,#4512));
#1056=EDGE_LOOP('',(#4513,#4514,#4515,#4516));
#1057=EDGE_LOOP('',(#4517,#4518,#4519,#4520));
#1058=EDGE_LOOP('',(#4521,#4522,#4523,#4524));
#1059=EDGE_LOOP('',(#4525,#4526,#4527,#4528));
#1060=EDGE_LOOP('',(#4529,#4530,#4531,#4532));
#1061=EDGE_LOOP('',(#4533,#4534,#4535,#4536));
#1062=EDGE_LOOP('',(#4537,#4538,#4539,#4540));
#1063=EDGE_LOOP('',(#4541,#4542,#4543,#4544));
#1064=EDGE_LOOP('',(#4545,#4546,#4547,#4548));
#1065=EDGE_LOOP('',(#4549,#4550,#4551,#4552));
#1066=EDGE_LOOP('',(#4553,#4554,#4555,#4556));
#1067=EDGE_LOOP('',(#4557,#4558,#4559,#4560));
#1068=EDGE_LOOP('',(#4561,#4562,#4563,#4564));
#1069=EDGE_LOOP('',(#4565,#4566,#4567,#4568));
#1070=EDGE_LOOP('',(#4569,#4570,#4571,#4572));
#1071=EDGE_LOOP('',(#4573,#4574,#4575,#4576));
#1072=EDGE_LOOP('',(#4577,#4578,#4579,#4580));
#1073=EDGE_LOOP('',(#4581,#4582,#4583,#4584));
#1074=EDGE_LOOP('',(#4585,#4586,#4587,#4588,#4589,#4590,#4591,#4592,#4593,
#4594,#4595,#4596,#4597,#4598,#4599,#4600,#4601,#4602));
#1075=EDGE_LOOP('',(#4603,#4604,#4605,#4606,#4607));
#1076=EDGE_LOOP('',(#4608,#4609,#4610,#4611));
#1077=EDGE_LOOP('',(#4612,#4613,#4614,#4615));
#1078=EDGE_LOOP('',(#4616,#4617,#4618,#4619));
#1079=EDGE_LOOP('',(#4620,#4621,#4622,#4623));
#1080=EDGE_LOOP('',(#4624,#4625,#4626,#4627));
#1081=EDGE_LOOP('',(#4628,#4629,#4630,#4631));
#1082=EDGE_LOOP('',(#4632,#4633,#4634,#4635));
#1083=EDGE_LOOP('',(#4636,#4637,#4638,#4639,#4640,#4641,#4642));
#1084=EDGE_LOOP('',(#4643,#4644,#4645,#4646));
#1085=EDGE_LOOP('',(#4647,#4648,#4649,#4650));
#1086=EDGE_LOOP('',(#4651,#4652,#4653,#4654));
#1087=EDGE_LOOP('',(#4655,#4656,#4657,#4658));
#1088=EDGE_LOOP('',(#4659,#4660,#4661,#4662));
#1089=EDGE_LOOP('',(#4663,#4664,#4665,#4666));
#1090=EDGE_LOOP('',(#4667,#4668,#4669,#4670));
#1091=EDGE_LOOP('',(#4671,#4672,#4673,#4674));
#1092=EDGE_LOOP('',(#4675,#4676,#4677,#4678));
#1093=EDGE_LOOP('',(#4679,#4680,#4681,#4682));
#1094=EDGE_LOOP('',(#4683,#4684,#4685,#4686));
#1095=EDGE_LOOP('',(#4687,#4688,#4689,#4690));
#1096=EDGE_LOOP('',(#4691,#4692,#4693,#4694));
#1097=EDGE_LOOP('',(#4695,#4696,#4697,#4698));
#1098=EDGE_LOOP('',(#4699,#4700,#4701,#4702));
#1099=EDGE_LOOP('',(#4703,#4704,#4705,#4706));
#1100=EDGE_LOOP('',(#4707,#4708,#4709,#4710));
#1101=EDGE_LOOP('',(#4711,#4712,#4713,#4714));
#1102=EDGE_LOOP('',(#4715,#4716,#4717,#4718));
#1103=EDGE_LOOP('',(#4719,#4720,#4721,#4722));
#1104=EDGE_LOOP('',(#4723,#4724,#4725,#4726,#4727,#4728,#4729,#4730,#4731,
#4732,#4733,#4734,#4735,#4736,#4737,#4738,#4739,#4740,#4741,#4742));
#1105=EDGE_LOOP('',(#4743,#4744,#4745,#4746));
#1106=EDGE_LOOP('',(#4747,#4748,#4749,#4750));
#1107=EDGE_LOOP('',(#4751,#4752,#4753,#4754));
#1108=EDGE_LOOP('',(#4755,#4756,#4757,#4758));
#1109=EDGE_LOOP('',(#4759,#4760,#4761,#4762));
#1110=EDGE_LOOP('',(#4763,#4764,#4765,#4766));
#1111=EDGE_LOOP('',(#4767,#4768,#4769,#4770));
#1112=EDGE_LOOP('',(#4771,#4772,#4773,#4774));
#1113=EDGE_LOOP('',(#4775,#4776,#4777,#4778));
#1114=EDGE_LOOP('',(#4779,#4780,#4781,#4782));
#1115=EDGE_LOOP('',(#4783,#4784,#4785,#4786));
#1116=EDGE_LOOP('',(#4787,#4788,#4789,#4790));
#1117=EDGE_LOOP('',(#4791,#4792,#4793,#4794));
#1118=EDGE_LOOP('',(#4795,#4796,#4797,#4798));
#1119=EDGE_LOOP('',(#4799,#4800,#4801,#4802));
#1120=EDGE_LOOP('',(#4803,#4804,#4805,#4806));
#1121=EDGE_LOOP('',(#4807,#4808,#4809,#4810));
#1122=EDGE_LOOP('',(#4811,#4812,#4813,#4814));
#1123=EDGE_LOOP('',(#4815,#4816,#4817,#4818));
#1124=EDGE_LOOP('',(#4819,#4820,#4821,#4822));
#1125=EDGE_LOOP('',(#4823,#4824,#4825,#4826));
#1126=EDGE_LOOP('',(#4827,#4828,#4829,#4830));
#1127=EDGE_LOOP('',(#4831,#4832,#4833,#4834));
#1128=EDGE_LOOP('',(#4835,#4836,#4837,#4838,#4839,#4840,#4841,#4842,#4843,
#4844,#4845,#4846,#4847,#4848));
#1129=EDGE_LOOP('',(#4849,#4850,#4851,#4852,#4853,#4854,#4855,#4856,#4857));
#1130=EDGE_LOOP('',(#4858,#4859,#4860,#4861));
#1131=EDGE_LOOP('',(#4862,#4863,#4864,#4865));
#1132=EDGE_LOOP('',(#4866,#4867,#4868,#4869));
#1133=EDGE_LOOP('',(#4870,#4871,#4872,#4873));
#1134=EDGE_LOOP('',(#4874,#4875,#4876,#4877));
#1135=EDGE_LOOP('',(#4878,#4879,#4880,#4881));
#1136=EDGE_LOOP('',(#4882,#4883,#4884,#4885));
#1137=EDGE_LOOP('',(#4886,#4887,#4888,#4889));
#1138=EDGE_LOOP('',(#4890,#4891,#4892,#4893));
#1139=EDGE_LOOP('',(#4894,#4895,#4896,#4897));
#1140=EDGE_LOOP('',(#4898,#4899,#4900,#4901));
#1141=EDGE_LOOP('',(#4902,#4903,#4904,#4905));
#1142=EDGE_LOOP('',(#4906,#4907,#4908,#4909));
#1143=EDGE_LOOP('',(#4910,#4911,#4912,#4913));
#1144=EDGE_LOOP('',(#4914,#4915,#4916,#4917));
#1145=EDGE_LOOP('',(#4918,#4919,#4920,#4921));
#1146=EDGE_LOOP('',(#4922,#4923,#4924,#4925));
#1147=EDGE_LOOP('',(#4926,#4927,#4928,#4929));
#1148=EDGE_LOOP('',(#4930,#4931,#4932,#4933,#4934,#4935,#4936,#4937,#4938,
#4939));
#1149=EDGE_LOOP('',(#4940,#4941,#4942,#4943,#4944,#4945,#4946,#4947));
#1150=EDGE_LOOP('',(#4948,#4949,#4950,#4951));
#1151=EDGE_LOOP('',(#4952,#4953,#4954,#4955));
#1152=EDGE_LOOP('',(#4956,#4957,#4958,#4959));
#1153=EDGE_LOOP('',(#4960,#4961,#4962,#4963));
#1154=EDGE_LOOP('',(#4964,#4965,#4966,#4967));
#1155=EDGE_LOOP('',(#4968,#4969,#4970,#4971));
#1156=EDGE_LOOP('',(#4972,#4973,#4974,#4975));
#1157=EDGE_LOOP('',(#4976,#4977,#4978,#4979));
#1158=EDGE_LOOP('',(#4980,#4981,#4982,#4983));
#1159=EDGE_LOOP('',(#4984,#4985,#4986,#4987));
#1160=EDGE_LOOP('',(#4988,#4989,#4990,#4991));
#1161=EDGE_LOOP('',(#4992,#4993,#4994,#4995,#4996,#4997,#4998,#4999,#5000,
#5001,#5002));
#1162=EDGE_LOOP('',(#5003,#5004,#5005,#5006));
#1163=EDGE_LOOP('',(#5007,#5008,#5009,#5010));
#1164=EDGE_LOOP('',(#5011,#5012,#5013,#5014));
#1165=EDGE_LOOP('',(#5015,#5016,#5017,#5018));
#1166=EDGE_LOOP('',(#5019,#5020,#5021,#5022));
#1167=EDGE_LOOP('',(#5023,#5024,#5025,#5026));
#1168=EDGE_LOOP('',(#5027,#5028,#5029,#5030));
#1169=EDGE_LOOP('',(#5031,#5032,#5033,#5034));
#1170=EDGE_LOOP('',(#5035,#5036,#5037,#5038));
#1171=EDGE_LOOP('',(#5039,#5040,#5041,#5042));
#1172=EDGE_LOOP('',(#5043,#5044,#5045,#5046));
#1173=EDGE_LOOP('',(#5047,#5048,#5049,#5050));
#1174=EDGE_LOOP('',(#5051,#5052,#5053,#5054));
#1175=EDGE_LOOP('',(#5055,#5056,#5057,#5058));
#1176=EDGE_LOOP('',(#5059,#5060,#5061,#5062));
#1177=EDGE_LOOP('',(#5063,#5064,#5065,#5066));
#1178=EDGE_LOOP('',(#5067,#5068,#5069,#5070));
#1179=EDGE_LOOP('',(#5071,#5072,#5073,#5074));
#1180=EDGE_LOOP('',(#5075,#5076,#5077,#5078));
#1181=EDGE_LOOP('',(#5079,#5080,#5081,#5082));
#1182=EDGE_LOOP('',(#5083,#5084,#5085,#5086,#5087,#5088,#5089,#5090,#5091,
#5092,#5093,#5094,#5095,#5096,#5097,#5098,#5099,#5100,#5101,#5102));
#1183=EDGE_LOOP('',(#5103,#5104,#5105,#5106));
#1184=EDGE_LOOP('',(#5107,#5108,#5109,#5110));
#1185=EDGE_LOOP('',(#5111,#5112,#5113,#5114));
#1186=EDGE_LOOP('',(#5115,#5116,#5117,#5118));
#1187=EDGE_LOOP('',(#5119,#5120,#5121,#5122));
#1188=EDGE_LOOP('',(#5123,#5124,#5125,#5126));
#1189=EDGE_LOOP('',(#5127,#5128,#5129,#5130));
#1190=EDGE_LOOP('',(#5131,#5132,#5133,#5134));
#1191=EDGE_LOOP('',(#5135,#5136,#5137,#5138,#5139,#5140,#5141,#5142));
#1192=EDGE_LOOP('',(#5143,#5144,#5145,#5146));
#1193=EDGE_LOOP('',(#5147,#5148,#5149,#5150));
#1194=EDGE_LOOP('',(#5151,#5152,#5153,#5154));
#1195=EDGE_LOOP('',(#5155,#5156,#5157,#5158));
#1196=EDGE_LOOP('',(#5159,#5160,#5161,#5162));
#1197=EDGE_LOOP('',(#5163,#5164,#5165,#5166));
#1198=EDGE_LOOP('',(#5167,#5168,#5169,#5170));
#1199=EDGE_LOOP('',(#5171,#5172,#5173,#5174));
#1200=EDGE_LOOP('',(#5175,#5176,#5177,#5178));
#1201=EDGE_LOOP('',(#5179,#5180,#5181,#5182));
#1202=EDGE_LOOP('',(#5183,#5184,#5185,#5186));
#1203=EDGE_LOOP('',(#5187,#5188,#5189,#5190));
#1204=EDGE_LOOP('',(#5191,#5192,#5193,#5194));
#1205=EDGE_LOOP('',(#5195,#5196,#5197,#5198));
#1206=EDGE_LOOP('',(#5199,#5200,#5201,#5202));
#1207=EDGE_LOOP('',(#5203,#5204,#5205,#5206));
#1208=EDGE_LOOP('',(#5207,#5208,#5209,#5210));
#1209=EDGE_LOOP('',(#5211,#5212,#5213,#5214));
#1210=EDGE_LOOP('',(#5215,#5216,#5217,#5218));
#1211=EDGE_LOOP('',(#5219,#5220,#5221,#5222));
#1212=EDGE_LOOP('',(#5223,#5224,#5225,#5226));
#1213=EDGE_LOOP('',(#5227,#5228,#5229,#5230));
#1214=EDGE_LOOP('',(#5231,#5232,#5233,#5234));
#1215=EDGE_LOOP('',(#5235,#5236,#5237,#5238));
#1216=EDGE_LOOP('',(#5239,#5240,#5241,#5242));
#1217=EDGE_LOOP('',(#5243,#5244,#5245,#5246));
#1218=EDGE_LOOP('',(#5247,#5248,#5249,#5250));
#1219=EDGE_LOOP('',(#5251,#5252,#5253,#5254));
#1220=EDGE_LOOP('',(#5255,#5256,#5257,#5258));
#1221=EDGE_LOOP('',(#5259,#5260,#5261,#5262));
#1222=EDGE_LOOP('',(#5263,#5264,#5265,#5266,#5267,#5268,#5269,#5270,#5271,
#5272,#5273,#5274,#5275,#5276,#5277,#5278,#5279,#5280,#5281,#5282,#5283,
#5284,#5285));
#1223=EDGE_LOOP('',(#5286,#5287,#5288,#5289,#5290,#5291,#5292));
#1224=EDGE_LOOP('',(#5293,#5294,#5295,#5296));
#1225=EDGE_LOOP('',(#5297,#5298,#5299,#5300));
#1226=EDGE_LOOP('',(#5301,#5302,#5303,#5304));
#1227=EDGE_LOOP('',(#5305,#5306,#5307,#5308));
#1228=EDGE_LOOP('',(#5309,#5310,#5311,#5312));
#1229=EDGE_LOOP('',(#5313,#5314,#5315,#5316));
#1230=EDGE_LOOP('',(#5317,#5318,#5319,#5320));
#1231=EDGE_LOOP('',(#5321,#5322,#5323,#5324));
#1232=EDGE_LOOP('',(#5325,#5326,#5327,#5328));
#1233=EDGE_LOOP('',(#5329,#5330,#5331,#5332));
#1234=EDGE_LOOP('',(#5333,#5334,#5335,#5336));
#1235=EDGE_LOOP('',(#5337,#5338,#5339,#5340));
#1236=EDGE_LOOP('',(#5341,#5342,#5343,#5344));
#1237=EDGE_LOOP('',(#5345,#5346,#5347,#5348));
#1238=EDGE_LOOP('',(#5349,#5350,#5351,#5352));
#1239=EDGE_LOOP('',(#5353,#5354,#5355,#5356));
#1240=EDGE_LOOP('',(#5357,#5358,#5359,#5360));
#1241=EDGE_LOOP('',(#5361,#5362,#5363,#5364));
#1242=EDGE_LOOP('',(#5365,#5366,#5367,#5368));
#1243=EDGE_LOOP('',(#5369,#5370,#5371,#5372));
#1244=EDGE_LOOP('',(#5373,#5374,#5375,#5376));
#1245=EDGE_LOOP('',(#5377,#5378,#5379,#5380));
#1246=EDGE_LOOP('',(#5381,#5382,#5383,#5384));
#1247=EDGE_LOOP('',(#5385,#5386,#5387,#5388));
#1248=EDGE_LOOP('',(#5389,#5390,#5391,#5392));
#1249=EDGE_LOOP('',(#5393,#5394,#5395,#5396));
#1250=EDGE_LOOP('',(#5397,#5398,#5399,#5400));
#1251=EDGE_LOOP('',(#5401,#5402,#5403,#5404));
#1252=EDGE_LOOP('',(#5405,#5406,#5407,#5408));
#1253=EDGE_LOOP('',(#5409,#5410,#5411,#5412));
#1254=EDGE_LOOP('',(#5413,#5414,#5415,#5416));
#1255=EDGE_LOOP('',(#5417,#5418,#5419,#5420));
#1256=EDGE_LOOP('',(#5421,#5422,#5423,#5424));
#1257=EDGE_LOOP('',(#5425,#5426,#5427,#5428));
#1258=EDGE_LOOP('',(#5429,#5430,#5431,#5432));
#1259=EDGE_LOOP('',(#5433,#5434,#5435,#5436));
#1260=EDGE_LOOP('',(#5437,#5438,#5439,#5440));
#1261=EDGE_LOOP('',(#5441,#5442,#5443,#5444));
#1262=EDGE_LOOP('',(#5445,#5446,#5447,#5448));
#1263=EDGE_LOOP('',(#5449,#5450,#5451,#5452));
#1264=EDGE_LOOP('',(#5453,#5454,#5455,#5456));
#1265=EDGE_LOOP('',(#5457,#5458,#5459,#5460));
#1266=EDGE_LOOP('',(#5461,#5462,#5463,#5464));
#1267=EDGE_LOOP('',(#5465,#5466,#5467,#5468));
#1268=EDGE_LOOP('',(#5469,#5470,#5471,#5472));
#1269=EDGE_LOOP('',(#5473,#5474,#5475,#5476));
#1270=EDGE_LOOP('',(#5477,#5478,#5479,#5480));
#1271=EDGE_LOOP('',(#5481,#5482,#5483,#5484));
#1272=EDGE_LOOP('',(#5485,#5486,#5487,#5488));
#1273=EDGE_LOOP('',(#5489,#5490,#5491,#5492,#5493,#5494,#5495,#5496,#5497,
#5498,#5499,#5500,#5501,#5502,#5503,#5504,#5505,#5506,#5507,#5508,#5509,
#5510,#5511,#5512,#5513,#5514,#5515,#5516,#5517,#5518,#5519,#5520,#5521,
#5522,#5523,#5524,#5525,#5526,#5527,#5528,#5529,#5530));
#1274=EDGE_LOOP('',(#5531,#5532,#5533,#5534,#5535,#5536,#5537));
#1275=EDGE_LOOP('',(#5538,#5539,#5540,#5541,#5542,#5543));
#1276=EDGE_LOOP('',(#5544,#5545,#5546,#5547,#5548,#5549));
#1277=EDGE_LOOP('',(#5550));
#1278=EDGE_LOOP('',(#5551));
#1279=EDGE_LOOP('',(#5552));
#1280=EDGE_LOOP('',(#5553));
#1281=EDGE_LOOP('',(#5554,#5555,#5556,#5557,#5558,#5559,#5560,#5561,#5562,
#5563,#5564,#5565,#5566,#5567,#5568,#5569,#5570,#5571,#5572,#5573,#5574,
#5575,#5576,#5577,#5578,#5579,#5580,#5581,#5582,#5583,#5584,#5585,#5586,
#5587,#5588,#5589,#5590,#5591,#5592,#5593,#5594,#5595));
#1282=EDGE_LOOP('',(#5596,#5597,#5598,#5599,#5600,#5601,#5602,#5603,#5604,
#5605,#5606,#5607,#5608,#5609,#5610,#5611,#5612,#5613,#5614,#5615,#5616,
#5617,#5618));
#1283=EDGE_LOOP('',(#5619,#5620,#5621,#5622,#5623,#5624,#5625,#5626));
#1284=EDGE_LOOP('',(#5627,#5628,#5629,#5630,#5631,#5632,#5633,#5634,#5635,
#5636,#5637,#5638,#5639,#5640,#5641,#5642,#5643,#5644,#5645,#5646));
#1285=EDGE_LOOP('',(#5647,#5648,#5649,#5650,#5651,#5652,#5653,#5654,#5655,
#5656,#5657));
#1286=EDGE_LOOP('',(#5658,#5659,#5660,#5661,#5662,#5663,#5664,#5665,#5666,
#5667));
#1287=EDGE_LOOP('',(#5668,#5669,#5670,#5671,#5672,#5673,#5674,#5675,#5676,
#5677,#5678,#5679,#5680,#5681));
#1288=EDGE_LOOP('',(#5682,#5683,#5684,#5685,#5686,#5687,#5688,#5689,#5690,
#5691,#5692,#5693,#5694,#5695,#5696,#5697,#5698,#5699,#5700,#5701));
#1289=EDGE_LOOP('',(#5702,#5703,#5704,#5705,#5706,#5707,#5708));
#1290=EDGE_LOOP('',(#5709,#5710,#5711,#5712,#5713,#5714,#5715,#5716,#5717,
#5718,#5719,#5720,#5721,#5722,#5723,#5724,#5725,#5726));
#1291=EDGE_LOOP('',(#5727,#5728,#5729,#5730,#5731,#5732,#5733,#5734,#5735,
#5736,#5737,#5738,#5739,#5740));
#1292=EDGE_LOOP('',(#5741,#5742,#5743,#5744,#5745,#5746,#5747,#5748,#5749,
#5750,#5751,#5752,#5753,#5754,#5755,#5756));
#1293=EDGE_LOOP('',(#5757,#5758,#5759,#5760,#5761,#5762,#5763,#5764,#5765,
#5766,#5767,#5768,#5769,#5770));
#1294=EDGE_LOOP('',(#5771,#5772,#5773,#5774,#5775,#5776,#5777,#5778,#5779,
#5780));
#1295=EDGE_LOOP('',(#5781,#5782,#5783,#5784,#5785,#5786,#5787));
#1296=EDGE_LOOP('',(#5788,#5789,#5790,#5791,#5792,#5793,#5794,#5795,#5796,
#5797,#5798,#5799,#5800,#5801,#5802,#5803,#5804,#5805,#5806,#5807));
#1297=EDGE_LOOP('',(#5808,#5809,#5810,#5811,#5812,#5813,#5814));
#1298=EDGE_LOOP('',(#5815,#5816,#5817,#5818,#5819,#5820,#5821));
#1299=EDGE_LOOP('',(#5822,#5823,#5824,#5825,#5826,#5827,#5828,#5829));
#1300=EDGE_LOOP('',(#5830,#5831,#5832,#5833,#5834,#5835,#5836,#5837,#5838));
#1301=EDGE_LOOP('',(#5839,#5840,#5841,#5842));
#1302=EDGE_LOOP('',(#5843));
#1303=EDGE_LOOP('',(#5844));
#1304=EDGE_LOOP('',(#5845,#5846,#5847,#5848));
#1305=EDGE_LOOP('',(#5849));
#1306=EDGE_LOOP('',(#5850));
#1307=EDGE_LOOP('',(#5851,#5852,#5853,#5854));
#1308=EDGE_LOOP('',(#5855));
#1309=EDGE_LOOP('',(#5856));
#1310=EDGE_LOOP('',(#5857,#5858,#5859,#5860));
#1311=EDGE_LOOP('',(#5861));
#1312=EDGE_LOOP('',(#5862));
#1313=EDGE_LOOP('',(#5863,#5864,#5865,#5866));
#1314=EDGE_LOOP('',(#5867,#5868,#5869,#5870));
#1315=EDGE_LOOP('',(#5871,#5872,#5873,#5874));
#1316=EDGE_LOOP('',(#5875,#5876,#5877,#5878));
#1317=EDGE_LOOP('',(#5879,#5880,#5881,#5882,#5883,#5884));
#1318=EDGE_LOOP('',(#5885));
#1319=EDGE_LOOP('',(#5886));
#1320=EDGE_LOOP('',(#5887));
#1321=EDGE_LOOP('',(#5888));
#1322=EDGE_LOOP('',(#5889,#5890,#5891,#5892,#5893,#5894,#5895,#5896));
#1323=EDGE_LOOP('',(#5897,#5898,#5899,#5900));
#1324=EDGE_LOOP('',(#5901,#5902,#5903,#5904));
#1325=EDGE_LOOP('',(#5905,#5906,#5907,#5908));
#1326=EDGE_LOOP('',(#5909,#5910,#5911,#5912));
#1327=EDGE_LOOP('',(#5913,#5914,#5915,#5916));
#1328=EDGE_LOOP('',(#5917,#5918,#5919,#5920));
#1329=EDGE_LOOP('',(#5921,#5922,#5923,#5924,#5925));
#1330=EDGE_LOOP('',(#5926,#5927,#5928,#5929));
#1331=EDGE_LOOP('',(#5930,#5931,#5932,#5933));
#1332=EDGE_LOOP('',(#5934,#5935,#5936,#5937));
#1333=EDGE_LOOP('',(#5938,#5939,#5940,#5941));
#1334=EDGE_LOOP('',(#5942,#5943,#5944,#5945));
#1335=EDGE_LOOP('',(#5946,#5947,#5948,#5949));
#1336=EDGE_LOOP('',(#5950,#5951,#5952,#5953));
#1337=EDGE_LOOP('',(#5954,#5955,#5956,#5957));
#1338=EDGE_LOOP('',(#5958,#5959,#5960,#5961));
#1339=EDGE_LOOP('',(#5962,#5963,#5964,#5965));
#1340=EDGE_LOOP('',(#5966,#5967,#5968,#5969));
#1341=EDGE_LOOP('',(#5970,#5971,#5972,#5973));
#1342=EDGE_LOOP('',(#5974,#5975,#5976,#5977));
#1343=EDGE_LOOP('',(#5978,#5979,#5980,#5981));
#1344=EDGE_LOOP('',(#5982,#5983,#5984,#5985,#5986,#5987,#5988,#5989));
#1345=EDGE_LOOP('',(#5990,#5991,#5992,#5993,#5994,#5995));
#1346=LINE('',#7710,#1922);
#1347=LINE('',#7712,#1923);
#1348=LINE('',#7714,#1924);
#1349=LINE('',#7715,#1925);
#1350=LINE('',#7718,#1926);
#1351=LINE('',#7720,#1927);
#1352=LINE('',#7721,#1928);
#1353=LINE('',#7724,#1929);
#1354=LINE('',#7726,#1930);
#1355=LINE('',#7727,#1931);
#1356=LINE('',#7745,#1932);
#1357=LINE('',#7768,#1933);
#1358=LINE('',#7776,#1934);
#1359=LINE('',#7778,#1935);
#1360=LINE('',#7779,#1936);
#1361=LINE('',#7782,#1937);
#1362=LINE('',#7784,#1938);
#1363=LINE('',#7785,#1939);
#1364=LINE('',#7788,#1940);
#1365=LINE('',#7790,#1941);
#1366=LINE('',#7791,#1942);
#1367=LINE('',#7809,#1943);
#1368=LINE('',#7832,#1944);
#1369=LINE('',#7855,#1945);
#1370=LINE('',#7878,#1946);
#1371=LINE('',#7886,#1947);
#1372=LINE('',#7888,#1948);
#1373=LINE('',#7889,#1949);
#1374=LINE('',#7892,#1950);
#1375=LINE('',#7894,#1951);
#1376=LINE('',#7895,#1952);
#1377=LINE('',#7898,#1953);
#1378=LINE('',#7900,#1954);
#1379=LINE('',#7901,#1955);
#1380=LINE('',#7904,#1956);
#1381=LINE('',#7906,#1957);
#1382=LINE('',#7907,#1958);
#1383=LINE('',#7910,#1959);
#1384=LINE('',#7912,#1960);
#1385=LINE('',#7913,#1961);
#1386=LINE('',#7916,#1962);
#1387=LINE('',#7918,#1963);
#1388=LINE('',#7919,#1964);
#1389=LINE('',#7922,#1965);
#1390=LINE('',#7924,#1966);
#1391=LINE('',#7925,#1967);
#1392=LINE('',#7927,#1968);
#1393=LINE('',#7928,#1969);
#1394=LINE('',#7933,#1970);
#1395=LINE('',#7935,#1971);
#1396=LINE('',#7937,#1972);
#1397=LINE('',#7938,#1973);
#1398=LINE('',#7941,#1974);
#1399=LINE('',#7943,#1975);
#1400=LINE('',#7944,#1976);
#1401=LINE('',#7947,#1977);
#1402=LINE('',#7949,#1978);
#1403=LINE('',#7950,#1979);
#1404=LINE('',#7953,#1980);
#1405=LINE('',#7955,#1981);
#1406=LINE('',#7956,#1982);
#1407=LINE('',#7959,#1983);
#1408=LINE('',#7961,#1984);
#1409=LINE('',#7962,#1985);
#1410=LINE('',#7965,#1986);
#1411=LINE('',#7967,#1987);
#1412=LINE('',#7968,#1988);
#1413=LINE('',#7970,#1989);
#1414=LINE('',#7971,#1990);
#1415=LINE('',#7976,#1991);
#1416=LINE('',#7978,#1992);
#1417=LINE('',#7980,#1993);
#1418=LINE('',#7981,#1994);
#1419=LINE('',#7984,#1995);
#1420=LINE('',#7986,#1996);
#1421=LINE('',#7987,#1997);
#1422=LINE('',#7990,#1998);
#1423=LINE('',#7992,#1999);
#1424=LINE('',#7993,#2000);
#1425=LINE('',#7996,#2001);
#1426=LINE('',#7998,#2002);
#1427=LINE('',#7999,#2003);
#1428=LINE('',#8002,#2004);
#1429=LINE('',#8004,#2005);
#1430=LINE('',#8005,#2006);
#1431=LINE('',#8008,#2007);
#1432=LINE('',#8010,#2008);
#1433=LINE('',#8011,#2009);
#1434=LINE('',#8014,#2010);
#1435=LINE('',#8016,#2011);
#1436=LINE('',#8017,#2012);
#1437=LINE('',#8020,#2013);
#1438=LINE('',#8022,#2014);
#1439=LINE('',#8023,#2015);
#1440=LINE('',#8026,#2016);
#1441=LINE('',#8028,#2017);
#1442=LINE('',#8029,#2018);
#1443=LINE('',#8031,#2019);
#1444=LINE('',#8032,#2020);
#1445=LINE('',#8037,#2021);
#1446=LINE('',#8039,#2022);
#1447=LINE('',#8041,#2023);
#1448=LINE('',#8042,#2024);
#1449=LINE('',#8045,#2025);
#1450=LINE('',#8047,#2026);
#1451=LINE('',#8048,#2027);
#1452=LINE('',#8051,#2028);
#1453=LINE('',#8053,#2029);
#1454=LINE('',#8054,#2030);
#1455=LINE('',#8057,#2031);
#1456=LINE('',#8059,#2032);
#1457=LINE('',#8060,#2033);
#1458=LINE('',#8063,#2034);
#1459=LINE('',#8065,#2035);
#1460=LINE('',#8066,#2036);
#1461=LINE('',#8084,#2037);
#1462=LINE('',#8107,#2038);
#1463=LINE('',#8130,#2039);
#1464=LINE('',#8138,#2040);
#1465=LINE('',#8140,#2041);
#1466=LINE('',#8141,#2042);
#1467=LINE('',#8159,#2043);
#1468=LINE('',#8182,#2044);
#1469=LINE('',#8205,#2045);
#1470=LINE('',#8213,#2046);
#1471=LINE('',#8215,#2047);
#1472=LINE('',#8216,#2048);
#1473=LINE('',#8218,#2049);
#1474=LINE('',#8219,#2050);
#1475=LINE('',#8224,#2051);
#1476=LINE('',#8226,#2052);
#1477=LINE('',#8228,#2053);
#1478=LINE('',#8229,#2054);
#1479=LINE('',#8232,#2055);
#1480=LINE('',#8234,#2056);
#1481=LINE('',#8235,#2057);
#1482=LINE('',#8238,#2058);
#1483=LINE('',#8240,#2059);
#1484=LINE('',#8241,#2060);
#1485=LINE('',#8259,#2061);
#1486=LINE('',#8282,#2062);
#1487=LINE('',#8305,#2063);
#1488=LINE('',#8328,#2064);
#1489=LINE('',#8336,#2065);
#1490=LINE('',#8338,#2066);
#1491=LINE('',#8339,#2067);
#1492=LINE('',#8342,#2068);
#1493=LINE('',#8344,#2069);
#1494=LINE('',#8345,#2070);
#1495=LINE('',#8348,#2071);
#1496=LINE('',#8350,#2072);
#1497=LINE('',#8351,#2073);
#1498=LINE('',#8369,#2074);
#1499=LINE('',#8392,#2075);
#1500=LINE('',#8415,#2076);
#1501=LINE('',#8438,#2077);
#1502=LINE('',#8446,#2078);
#1503=LINE('',#8448,#2079);
#1504=LINE('',#8449,#2080);
#1505=LINE('',#8451,#2081);
#1506=LINE('',#8452,#2082);
#1507=LINE('',#8457,#2083);
#1508=LINE('',#8459,#2084);
#1509=LINE('',#8461,#2085);
#1510=LINE('',#8462,#2086);
#1511=LINE('',#8465,#2087);
#1512=LINE('',#8467,#2088);
#1513=LINE('',#8468,#2089);
#1514=LINE('',#8471,#2090);
#1515=LINE('',#8473,#2091);
#1516=LINE('',#8474,#2092);
#1517=LINE('',#8492,#2093);
#1518=LINE('',#8515,#2094);
#1519=LINE('',#8538,#2095);
#1520=LINE('',#8561,#2096);
#1521=LINE('',#8569,#2097);
#1522=LINE('',#8571,#2098);
#1523=LINE('',#8572,#2099);
#1524=LINE('',#8590,#2100);
#1525=LINE('',#8613,#2101);
#1526=LINE('',#8636,#2102);
#1527=LINE('',#8659,#2103);
#1528=LINE('',#8667,#2104);
#1529=LINE('',#8669,#2105);
#1530=LINE('',#8670,#2106);
#1531=LINE('',#8672,#2107);
#1532=LINE('',#8673,#2108);
#1533=LINE('',#8693,#2109);
#1534=LINE('',#8700,#2110);
#1535=LINE('',#8703,#2111);
#1536=LINE('',#8705,#2112);
#1537=LINE('',#8706,#2113);
#1538=LINE('',#8724,#2114);
#1539=LINE('',#8747,#2115);
#1540=LINE('',#8791,#2116);
#1541=LINE('',#8798,#2117);
#1542=LINE('',#8816,#2118);
#1543=LINE('',#8839,#2119);
#1544=LINE('',#8862,#2120);
#1545=LINE('',#8885,#2121);
#1546=LINE('',#8908,#2122);
#1547=LINE('',#8931,#2123);
#1548=LINE('',#8954,#2124);
#1549=LINE('',#8977,#2125);
#1550=LINE('',#9000,#2126);
#1551=LINE('',#9023,#2127);
#1552=LINE('',#9046,#2128);
#1553=LINE('',#9054,#2129);
#1554=LINE('',#9056,#2130);
#1555=LINE('',#9057,#2131);
#1556=LINE('',#9075,#2132);
#1557=LINE('',#9098,#2133);
#1558=LINE('',#9121,#2134);
#1559=LINE('',#9144,#2135);
#1560=LINE('',#9151,#2136);
#1561=LINE('',#9152,#2137);
#1562=LINE('',#9157,#2138);
#1563=LINE('',#9159,#2139);
#1564=LINE('',#9161,#2140);
#1565=LINE('',#9162,#2141);
#1566=LINE('',#9165,#2142);
#1567=LINE('',#9167,#2143);
#1568=LINE('',#9168,#2144);
#1569=LINE('',#9171,#2145);
#1570=LINE('',#9173,#2146);
#1571=LINE('',#9174,#2147);
#1572=LINE('',#9177,#2148);
#1573=LINE('',#9179,#2149);
#1574=LINE('',#9180,#2150);
#1575=LINE('',#9183,#2151);
#1576=LINE('',#9185,#2152);
#1577=LINE('',#9186,#2153);
#1578=LINE('',#9189,#2154);
#1579=LINE('',#9191,#2155);
#1580=LINE('',#9192,#2156);
#1581=LINE('',#9194,#2157);
#1582=LINE('',#9195,#2158);
#1583=LINE('',#9200,#2159);
#1584=LINE('',#9202,#2160);
#1585=LINE('',#9204,#2161);
#1586=LINE('',#9205,#2162);
#1587=LINE('',#9208,#2163);
#1588=LINE('',#9210,#2164);
#1589=LINE('',#9211,#2165);
#1590=LINE('',#9214,#2166);
#1591=LINE('',#9216,#2167);
#1592=LINE('',#9217,#2168);
#1593=LINE('',#9235,#2169);
#1594=LINE('',#9258,#2170);
#1595=LINE('',#9266,#2171);
#1596=LINE('',#9268,#2172);
#1597=LINE('',#9269,#2173);
#1598=LINE('',#9272,#2174);
#1599=LINE('',#9274,#2175);
#1600=LINE('',#9275,#2176);
#1601=LINE('',#9278,#2177);
#1602=LINE('',#9280,#2178);
#1603=LINE('',#9281,#2179);
#1604=LINE('',#9299,#2180);
#1605=LINE('',#9322,#2181);
#1606=LINE('',#9345,#2182);
#1607=LINE('',#9368,#2183);
#1608=LINE('',#9376,#2184);
#1609=LINE('',#9378,#2185);
#1610=LINE('',#9379,#2186);
#1611=LINE('',#9382,#2187);
#1612=LINE('',#9384,#2188);
#1613=LINE('',#9385,#2189);
#1614=LINE('',#9388,#2190);
#1615=LINE('',#9390,#2191);
#1616=LINE('',#9391,#2192);
#1617=LINE('',#9394,#2193);
#1618=LINE('',#9396,#2194);
#1619=LINE('',#9397,#2195);
#1620=LINE('',#9400,#2196);
#1621=LINE('',#9402,#2197);
#1622=LINE('',#9403,#2198);
#1623=LINE('',#9406,#2199);
#1624=LINE('',#9408,#2200);
#1625=LINE('',#9409,#2201);
#1626=LINE('',#9412,#2202);
#1627=LINE('',#9414,#2203);
#1628=LINE('',#9415,#2204);
#1629=LINE('',#9417,#2205);
#1630=LINE('',#9418,#2206);
#1631=LINE('',#9438,#2207);
#1632=LINE('',#9445,#2208);
#1633=LINE('',#9448,#2209);
#1634=LINE('',#9450,#2210);
#1635=LINE('',#9451,#2211);
#1636=LINE('',#9469,#2212);
#1637=LINE('',#9492,#2213);
#1638=LINE('',#9515,#2214);
#1639=LINE('',#9538,#2215);
#1640=LINE('',#9561,#2216);
#1641=LINE('',#9584,#2217);
#1642=LINE('',#9628,#2218);
#1643=LINE('',#9635,#2219);
#1644=LINE('',#9653,#2220);
#1645=LINE('',#9676,#2221);
#1646=LINE('',#9699,#2222);
#1647=LINE('',#9722,#2223);
#1648=LINE('',#9745,#2224);
#1649=LINE('',#9768,#2225);
#1650=LINE('',#9791,#2226);
#1651=LINE('',#9814,#2227);
#1652=LINE('',#9822,#2228);
#1653=LINE('',#9824,#2229);
#1654=LINE('',#9825,#2230);
#1655=LINE('',#9828,#2231);
#1656=LINE('',#9830,#2232);
#1657=LINE('',#9831,#2233);
#1658=LINE('',#9834,#2234);
#1659=LINE('',#9836,#2235);
#1660=LINE('',#9837,#2236);
#1661=LINE('',#9840,#2237);
#1662=LINE('',#9842,#2238);
#1663=LINE('',#9843,#2239);
#1664=LINE('',#9845,#2240);
#1665=LINE('',#9846,#2241);
#1666=LINE('',#9866,#2242);
#1667=LINE('',#9873,#2243);
#1668=LINE('',#9891,#2244);
#1669=LINE('',#9914,#2245);
#1670=LINE('',#9937,#2246);
#1671=LINE('',#9960,#2247);
#1672=LINE('',#9983,#2248);
#1673=LINE('',#10006,#2249);
#1674=LINE('',#10050,#2250);
#1675=LINE('',#10057,#2251);
#1676=LINE('',#10075,#2252);
#1677=LINE('',#10098,#2253);
#1678=LINE('',#10121,#2254);
#1679=LINE('',#10144,#2255);
#1680=LINE('',#10167,#2256);
#1681=LINE('',#10190,#2257);
#1682=LINE('',#10213,#2258);
#1683=LINE('',#10236,#2259);
#1684=LINE('',#10266,#2260);
#1685=LINE('',#10268,#2261);
#1686=LINE('',#10270,#2262);
#1687=LINE('',#10271,#2263);
#1688=LINE('',#10274,#2264);
#1689=LINE('',#10276,#2265);
#1690=LINE('',#10277,#2266);
#1691=LINE('',#10280,#2267);
#1692=LINE('',#10282,#2268);
#1693=LINE('',#10283,#2269);
#1694=LINE('',#10286,#2270);
#1695=LINE('',#10288,#2271);
#1696=LINE('',#10289,#2272);
#1697=LINE('',#10292,#2273);
#1698=LINE('',#10294,#2274);
#1699=LINE('',#10295,#2275);
#1700=LINE('',#10298,#2276);
#1701=LINE('',#10300,#2277);
#1702=LINE('',#10301,#2278);
#1703=LINE('',#10304,#2279);
#1704=LINE('',#10306,#2280);
#1705=LINE('',#10307,#2281);
#1706=LINE('',#10310,#2282);
#1707=LINE('',#10312,#2283);
#1708=LINE('',#10313,#2284);
#1709=LINE('',#10316,#2285);
#1710=LINE('',#10318,#2286);
#1711=LINE('',#10319,#2287);
#1712=LINE('',#10322,#2288);
#1713=LINE('',#10324,#2289);
#1714=LINE('',#10325,#2290);
#1715=LINE('',#10327,#2291);
#1716=LINE('',#10328,#2292);
#1717=LINE('',#10348,#2293);
#1718=LINE('',#10355,#2294);
#1719=LINE('',#10373,#2295);
#1720=LINE('',#10396,#2296);
#1721=LINE('',#10419,#2297);
#1722=LINE('',#10427,#2298);
#1723=LINE('',#10429,#2299);
#1724=LINE('',#10430,#2300);
#1725=LINE('',#10433,#2301);
#1726=LINE('',#10435,#2302);
#1727=LINE('',#10436,#2303);
#1728=LINE('',#10439,#2304);
#1729=LINE('',#10441,#2305);
#1730=LINE('',#10442,#2306);
#1731=LINE('',#10445,#2307);
#1732=LINE('',#10447,#2308);
#1733=LINE('',#10448,#2309);
#1734=LINE('',#10451,#2310);
#1735=LINE('',#10453,#2311);
#1736=LINE('',#10454,#2312);
#1737=LINE('',#10457,#2313);
#1738=LINE('',#10459,#2314);
#1739=LINE('',#10460,#2315);
#1740=LINE('',#10463,#2316);
#1741=LINE('',#10465,#2317);
#1742=LINE('',#10466,#2318);
#1743=LINE('',#10469,#2319);
#1744=LINE('',#10471,#2320);
#1745=LINE('',#10472,#2321);
#1746=LINE('',#10475,#2322);
#1747=LINE('',#10477,#2323);
#1748=LINE('',#10478,#2324);
#1749=LINE('',#10481,#2325);
#1750=LINE('',#10483,#2326);
#1751=LINE('',#10484,#2327);
#1752=LINE('',#10487,#2328);
#1753=LINE('',#10489,#2329);
#1754=LINE('',#10490,#2330);
#1755=LINE('',#10508,#2331);
#1756=LINE('',#10531,#2332);
#1757=LINE('',#10554,#2333);
#1758=LINE('',#10577,#2334);
#1759=LINE('',#10584,#2335);
#1760=LINE('',#10585,#2336);
#1761=LINE('',#10605,#2337);
#1762=LINE('',#10612,#2338);
#1763=LINE('',#10630,#2339);
#1764=LINE('',#10653,#2340);
#1765=LINE('',#10676,#2341);
#1766=LINE('',#10699,#2342);
#1767=LINE('',#10722,#2343);
#1768=LINE('',#10745,#2344);
#1769=LINE('',#10790,#2345);
#1770=LINE('',#10797,#2346);
#1771=LINE('',#10815,#2347);
#1772=LINE('',#10823,#2348);
#1773=LINE('',#10825,#2349);
#1774=LINE('',#10826,#2350);
#1775=LINE('',#10829,#2351);
#1776=LINE('',#10831,#2352);
#1777=LINE('',#10832,#2353);
#1778=LINE('',#10850,#2354);
#1779=LINE('',#10873,#2355);
#1780=LINE('',#10917,#2356);
#1781=LINE('',#10924,#2357);
#1782=LINE('',#10942,#2358);
#1783=LINE('',#10965,#2359);
#1784=LINE('',#10988,#2360);
#1785=LINE('',#10996,#2361);
#1786=LINE('',#10998,#2362);
#1787=LINE('',#10999,#2363);
#1788=LINE('',#11017,#2364);
#1789=LINE('',#11040,#2365);
#1790=LINE('',#11063,#2366);
#1791=LINE('',#11086,#2367);
#1792=LINE('',#11094,#2368);
#1793=LINE('',#11096,#2369);
#1794=LINE('',#11097,#2370);
#1795=LINE('',#11100,#2371);
#1796=LINE('',#11102,#2372);
#1797=LINE('',#11103,#2373);
#1798=LINE('',#11121,#2374);
#1799=LINE('',#11144,#2375);
#1800=LINE('',#11167,#2376);
#1801=LINE('',#11190,#2377);
#1802=LINE('',#11213,#2378);
#1803=LINE('',#11236,#2379);
#1804=LINE('',#11259,#2380);
#1805=LINE('',#11282,#2381);
#1806=LINE('',#11290,#2382);
#1807=LINE('',#11292,#2383);
#1808=LINE('',#11293,#2384);
#1809=LINE('',#11311,#2385);
#1810=LINE('',#11334,#2386);
#1811=LINE('',#11341,#2387);
#1812=LINE('',#11342,#2388);
#1813=LINE('',#11362,#2389);
#1814=LINE('',#11369,#2390);
#1815=LINE('',#11387,#2391);
#1816=LINE('',#11410,#2392);
#1817=LINE('',#11433,#2393);
#1818=LINE('',#11456,#2394);
#1819=LINE('',#11479,#2395);
#1820=LINE('',#11523,#2396);
#1821=LINE('',#11530,#2397);
#1822=LINE('',#11548,#2398);
#1823=LINE('',#11571,#2399);
#1824=LINE('',#11594,#2400);
#1825=LINE('',#11617,#2401);
#1826=LINE('',#11640,#2402);
#1827=LINE('',#11663,#2403);
#1828=LINE('',#11686,#2404);
#1829=LINE('',#11709,#2405);
#1830=LINE('',#11732,#2406);
#1831=LINE('',#11740,#2407);
#1832=LINE('',#11742,#2408);
#1833=LINE('',#11743,#2409);
#1834=LINE('',#11761,#2410);
#1835=LINE('',#11784,#2411);
#1836=LINE('',#11807,#2412);
#1837=LINE('',#11830,#2413);
#1838=LINE('',#11853,#2414);
#1839=LINE('',#11876,#2415);
#1840=LINE('',#11899,#2416);
#1841=LINE('',#11907,#2417);
#1842=LINE('',#11909,#2418);
#1843=LINE('',#11910,#2419);
#1844=LINE('',#11928,#2420);
#1845=LINE('',#11951,#2421);
#1846=LINE('',#11974,#2422);
#1847=LINE('',#11997,#2423);
#1848=LINE('',#12020,#2424);
#1849=LINE('',#12043,#2425);
#1850=LINE('',#12066,#2426);
#1851=LINE('',#12089,#2427);
#1852=LINE('',#12097,#2428);
#1853=LINE('',#12099,#2429);
#1854=LINE('',#12100,#2430);
#1855=LINE('',#12118,#2431);
#1856=LINE('',#12141,#2432);
#1857=LINE('',#12164,#2433);
#1858=LINE('',#12187,#2434);
#1859=LINE('',#12210,#2435);
#1860=LINE('',#12233,#2436);
#1861=LINE('',#12256,#2437);
#1862=LINE('',#12279,#2438);
#1863=LINE('',#12302,#2439);
#1864=LINE('',#12325,#2440);
#1865=LINE('',#12348,#2441);
#1866=LINE('',#12371,#2442);
#1867=LINE('',#12379,#2443);
#1868=LINE('',#12381,#2444);
#1869=LINE('',#12382,#2445);
#1870=LINE('',#12409,#2446);
#1871=LINE('',#12411,#2447);
#1872=LINE('',#12415,#2448);
#1873=LINE('',#12416,#2449);
#1874=LINE('',#12419,#2450);
#1875=LINE('',#12421,#2451);
#1876=LINE('',#12425,#2452);
#1877=LINE('',#12427,#2453);
#1878=LINE('',#12445,#2454);
#1879=LINE('',#12454,#2455);
#1880=LINE('',#12463,#2456);
#1881=LINE('',#12472,#2457);
#1882=LINE('',#12478,#2458);
#1883=LINE('',#12480,#2459);
#1884=LINE('',#12482,#2460);
#1885=LINE('',#12484,#2461);
#1886=LINE('',#12490,#2462);
#1887=LINE('',#12492,#2463);
#1888=LINE('',#12496,#2464);
#1889=LINE('',#12497,#2465);
#1890=LINE('',#12500,#2466);
#1891=LINE('',#12504,#2467);
#1892=LINE('',#12508,#2468);
#1893=LINE('',#12512,#2469);
#1894=LINE('',#12515,#2470);
#1895=LINE('',#12516,#2471);
#1896=LINE('',#12518,#2472);
#1897=LINE('',#12520,#2473);
#1898=LINE('',#12522,#2474);
#1899=LINE('',#12524,#2475);
#1900=LINE('',#12531,#2476);
#1901=LINE('',#12532,#2477);
#1902=LINE('',#12535,#2478);
#1903=LINE('',#12536,#2479);
#1904=LINE('',#12539,#2480);
#1905=LINE('',#12540,#2481);
#1906=LINE('',#12544,#2482);
#1907=LINE('',#12547,#2483);
#1908=LINE('',#12548,#2484);
#1909=LINE('',#12550,#2485);
#1910=LINE('',#12554,#2486);
#1911=LINE('',#12555,#2487);
#1912=LINE('',#12556,#2488);
#1913=LINE('',#12560,#2489);
#1914=LINE('',#12563,#2490);
#1915=LINE('',#12564,#2491);
#1916=LINE('',#12568,#2492);
#1917=LINE('',#12571,#2493);
#1918=LINE('',#12572,#2494);
#1919=LINE('',#12576,#2495);
#1920=LINE('',#12579,#2496);
#1921=LINE('',#12580,#2497);
#1922=VECTOR('',#6722,10.);
#1923=VECTOR('',#6723,10.);
#1924=VECTOR('',#6724,10.);
#1925=VECTOR('',#6725,10.);
#1926=VECTOR('',#6728,10.);
#1927=VECTOR('',#6729,10.);
#1928=VECTOR('',#6730,10.);
#1929=VECTOR('',#6733,10.);
#1930=VECTOR('',#6734,10.);
#1931=VECTOR('',#6735,10.);
#1932=VECTOR('',#6736,10.);
#1933=VECTOR('',#6737,10.);
#1934=VECTOR('',#6740,10.);
#1935=VECTOR('',#6741,10.);
#1936=VECTOR('',#6742,10.);
#1937=VECTOR('',#6745,10.);
#1938=VECTOR('',#6746,10.);
#1939=VECTOR('',#6747,10.);
#1940=VECTOR('',#6750,10.);
#1941=VECTOR('',#6751,10.);
#1942=VECTOR('',#6752,10.);
#1943=VECTOR('',#6753,10.);
#1944=VECTOR('',#6754,10.);
#1945=VECTOR('',#6755,10.);
#1946=VECTOR('',#6756,10.);
#1947=VECTOR('',#6759,10.);
#1948=VECTOR('',#6760,10.);
#1949=VECTOR('',#6761,10.);
#1950=VECTOR('',#6764,10.);
#1951=VECTOR('',#6765,10.);
#1952=VECTOR('',#6766,10.);
#1953=VECTOR('',#6769,10.);
#1954=VECTOR('',#6770,10.);
#1955=VECTOR('',#6771,10.);
#1956=VECTOR('',#6774,10.);
#1957=VECTOR('',#6775,10.);
#1958=VECTOR('',#6776,10.);
#1959=VECTOR('',#6779,10.);
#1960=VECTOR('',#6780,10.);
#1961=VECTOR('',#6781,10.);
#1962=VECTOR('',#6784,10.);
#1963=VECTOR('',#6785,10.);
#1964=VECTOR('',#6786,10.);
#1965=VECTOR('',#6789,10.);
#1966=VECTOR('',#6790,10.);
#1967=VECTOR('',#6791,10.);
#1968=VECTOR('',#6794,10.);
#1969=VECTOR('',#6795,10.);
#1970=VECTOR('',#6800,10.);
#1971=VECTOR('',#6801,10.);
#1972=VECTOR('',#6802,10.);
#1973=VECTOR('',#6803,10.);
#1974=VECTOR('',#6806,10.);
#1975=VECTOR('',#6807,10.);
#1976=VECTOR('',#6808,10.);
#1977=VECTOR('',#6811,10.);
#1978=VECTOR('',#6812,10.);
#1979=VECTOR('',#6813,10.);
#1980=VECTOR('',#6816,10.);
#1981=VECTOR('',#6817,10.);
#1982=VECTOR('',#6818,10.);
#1983=VECTOR('',#6821,10.);
#1984=VECTOR('',#6822,10.);
#1985=VECTOR('',#6823,10.);
#1986=VECTOR('',#6826,10.);
#1987=VECTOR('',#6827,10.);
#1988=VECTOR('',#6828,10.);
#1989=VECTOR('',#6831,10.);
#1990=VECTOR('',#6832,10.);
#1991=VECTOR('',#6837,10.);
#1992=VECTOR('',#6838,10.);
#1993=VECTOR('',#6839,10.);
#1994=VECTOR('',#6840,10.);
#1995=VECTOR('',#6843,10.);
#1996=VECTOR('',#6844,10.);
#1997=VECTOR('',#6845,10.);
#1998=VECTOR('',#6848,10.);
#1999=VECTOR('',#6849,10.);
#2000=VECTOR('',#6850,10.);
#2001=VECTOR('',#6853,10.);
#2002=VECTOR('',#6854,10.);
#2003=VECTOR('',#6855,10.);
#2004=VECTOR('',#6858,10.);
#2005=VECTOR('',#6859,10.);
#2006=VECTOR('',#6860,10.);
#2007=VECTOR('',#6863,10.);
#2008=VECTOR('',#6864,10.);
#2009=VECTOR('',#6865,10.);
#2010=VECTOR('',#6868,10.);
#2011=VECTOR('',#6869,10.);
#2012=VECTOR('',#6870,10.);
#2013=VECTOR('',#6873,10.);
#2014=VECTOR('',#6874,10.);
#2015=VECTOR('',#6875,10.);
#2016=VECTOR('',#6878,10.);
#2017=VECTOR('',#6879,10.);
#2018=VECTOR('',#6880,10.);
#2019=VECTOR('',#6883,10.);
#2020=VECTOR('',#6884,10.);
#2021=VECTOR('',#6889,10.);
#2022=VECTOR('',#6890,10.);
#2023=VECTOR('',#6891,10.);
#2024=VECTOR('',#6892,10.);
#2025=VECTOR('',#6895,10.);
#2026=VECTOR('',#6896,10.);
#2027=VECTOR('',#6897,10.);
#2028=VECTOR('',#6900,10.);
#2029=VECTOR('',#6901,10.);
#2030=VECTOR('',#6902,10.);
#2031=VECTOR('',#6905,10.);
#2032=VECTOR('',#6906,10.);
#2033=VECTOR('',#6907,10.);
#2034=VECTOR('',#6910,10.);
#2035=VECTOR('',#6911,10.);
#2036=VECTOR('',#6912,10.);
#2037=VECTOR('',#6913,10.);
#2038=VECTOR('',#6914,10.);
#2039=VECTOR('',#6915,10.);
#2040=VECTOR('',#6918,10.);
#2041=VECTOR('',#6919,10.);
#2042=VECTOR('',#6920,10.);
#2043=VECTOR('',#6921,10.);
#2044=VECTOR('',#6922,10.);
#2045=VECTOR('',#6923,10.);
#2046=VECTOR('',#6926,10.);
#2047=VECTOR('',#6927,10.);
#2048=VECTOR('',#6928,10.);
#2049=VECTOR('',#6931,10.);
#2050=VECTOR('',#6932,10.);
#2051=VECTOR('',#6937,10.);
#2052=VECTOR('',#6938,10.);
#2053=VECTOR('',#6939,10.);
#2054=VECTOR('',#6940,10.);
#2055=VECTOR('',#6943,10.);
#2056=VECTOR('',#6944,10.);
#2057=VECTOR('',#6945,10.);
#2058=VECTOR('',#6948,10.);
#2059=VECTOR('',#6949,10.);
#2060=VECTOR('',#6950,10.);
#2061=VECTOR('',#6951,10.);
#2062=VECTOR('',#6952,10.);
#2063=VECTOR('',#6953,10.);
#2064=VECTOR('',#6954,10.);
#2065=VECTOR('',#6957,10.);
#2066=VECTOR('',#6958,10.);
#2067=VECTOR('',#6959,10.);
#2068=VECTOR('',#6962,10.);
#2069=VECTOR('',#6963,10.);
#2070=VECTOR('',#6964,10.);
#2071=VECTOR('',#6967,10.);
#2072=VECTOR('',#6968,10.);
#2073=VECTOR('',#6969,10.);
#2074=VECTOR('',#6970,10.);
#2075=VECTOR('',#6971,10.);
#2076=VECTOR('',#6972,10.);
#2077=VECTOR('',#6973,10.);
#2078=VECTOR('',#6976,10.);
#2079=VECTOR('',#6977,10.);
#2080=VECTOR('',#6978,10.);
#2081=VECTOR('',#6981,10.);
#2082=VECTOR('',#6982,10.);
#2083=VECTOR('',#6987,10.);
#2084=VECTOR('',#6988,10.);
#2085=VECTOR('',#6989,10.);
#2086=VECTOR('',#6990,10.);
#2087=VECTOR('',#6993,10.);
#2088=VECTOR('',#6994,10.);
#2089=VECTOR('',#6995,10.);
#2090=VECTOR('',#6998,10.);
#2091=VECTOR('',#6999,10.);
#2092=VECTOR('',#7000,10.);
#2093=VECTOR('',#7001,10.);
#2094=VECTOR('',#7002,10.);
#2095=VECTOR('',#7003,10.);
#2096=VECTOR('',#7004,10.);
#2097=VECTOR('',#7007,10.);
#2098=VECTOR('',#7008,10.);
#2099=VECTOR('',#7009,10.);
#2100=VECTOR('',#7010,10.);
#2101=VECTOR('',#7011,10.);
#2102=VECTOR('',#7012,10.);
#2103=VECTOR('',#7013,10.);
#2104=VECTOR('',#7016,10.);
#2105=VECTOR('',#7017,10.);
#2106=VECTOR('',#7018,10.);
#2107=VECTOR('',#7021,10.);
#2108=VECTOR('',#7022,10.);
#2109=VECTOR('',#7025,10.);
#2110=VECTOR('',#7026,10.);
#2111=VECTOR('',#7029,10.);
#2112=VECTOR('',#7030,10.);
#2113=VECTOR('',#7031,10.);
#2114=VECTOR('',#7032,10.);
#2115=VECTOR('',#7033,10.);
#2116=VECTOR('',#7034,10.);
#2117=VECTOR('',#7035,10.);
#2118=VECTOR('',#7036,10.);
#2119=VECTOR('',#7037,10.);
#2120=VECTOR('',#7038,10.);
#2121=VECTOR('',#7039,10.);
#2122=VECTOR('',#7040,10.);
#2123=VECTOR('',#7041,10.);
#2124=VECTOR('',#7042,10.);
#2125=VECTOR('',#7043,10.);
#2126=VECTOR('',#7044,10.);
#2127=VECTOR('',#7045,10.);
#2128=VECTOR('',#7046,10.);
#2129=VECTOR('',#7049,10.);
#2130=VECTOR('',#7050,10.);
#2131=VECTOR('',#7051,10.);
#2132=VECTOR('',#7052,10.);
#2133=VECTOR('',#7053,10.);
#2134=VECTOR('',#7054,10.);
#2135=VECTOR('',#7055,10.);
#2136=VECTOR('',#7058,10.);
#2137=VECTOR('',#7059,10.);
#2138=VECTOR('',#7064,10.);
#2139=VECTOR('',#7065,10.);
#2140=VECTOR('',#7066,10.);
#2141=VECTOR('',#7067,10.);
#2142=VECTOR('',#7070,10.);
#2143=VECTOR('',#7071,10.);
#2144=VECTOR('',#7072,10.);
#2145=VECTOR('',#7075,10.);
#2146=VECTOR('',#7076,10.);
#2147=VECTOR('',#7077,10.);
#2148=VECTOR('',#7080,10.);
#2149=VECTOR('',#7081,10.);
#2150=VECTOR('',#7082,10.);
#2151=VECTOR('',#7085,10.);
#2152=VECTOR('',#7086,10.);
#2153=VECTOR('',#7087,10.);
#2154=VECTOR('',#7090,10.);
#2155=VECTOR('',#7091,10.);
#2156=VECTOR('',#7092,10.);
#2157=VECTOR('',#7095,10.);
#2158=VECTOR('',#7096,10.);
#2159=VECTOR('',#7101,10.);
#2160=VECTOR('',#7102,10.);
#2161=VECTOR('',#7103,10.);
#2162=VECTOR('',#7104,10.);
#2163=VECTOR('',#7107,10.);
#2164=VECTOR('',#7108,10.);
#2165=VECTOR('',#7109,10.);
#2166=VECTOR('',#7112,10.);
#2167=VECTOR('',#7113,10.);
#2168=VECTOR('',#7114,10.);
#2169=VECTOR('',#7115,10.);
#2170=VECTOR('',#7116,10.);
#2171=VECTOR('',#7119,10.);
#2172=VECTOR('',#7120,10.);
#2173=VECTOR('',#7121,10.);
#2174=VECTOR('',#7124,10.);
#2175=VECTOR('',#7125,10.);
#2176=VECTOR('',#7126,10.);
#2177=VECTOR('',#7129,10.);
#2178=VECTOR('',#7130,10.);
#2179=VECTOR('',#7131,10.);
#2180=VECTOR('',#7132,10.);
#2181=VECTOR('',#7133,10.);
#2182=VECTOR('',#7134,10.);
#2183=VECTOR('',#7135,10.);
#2184=VECTOR('',#7138,10.);
#2185=VECTOR('',#7139,10.);
#2186=VECTOR('',#7140,10.);
#2187=VECTOR('',#7143,10.);
#2188=VECTOR('',#7144,10.);
#2189=VECTOR('',#7145,10.);
#2190=VECTOR('',#7148,10.);
#2191=VECTOR('',#7149,10.);
#2192=VECTOR('',#7150,10.);
#2193=VECTOR('',#7153,10.);
#2194=VECTOR('',#7154,10.);
#2195=VECTOR('',#7155,10.);
#2196=VECTOR('',#7158,10.);
#2197=VECTOR('',#7159,10.);
#2198=VECTOR('',#7160,10.);
#2199=VECTOR('',#7163,10.);
#2200=VECTOR('',#7164,10.);
#2201=VECTOR('',#7165,10.);
#2202=VECTOR('',#7168,10.);
#2203=VECTOR('',#7169,10.);
#2204=VECTOR('',#7170,10.);
#2205=VECTOR('',#7173,10.);
#2206=VECTOR('',#7174,10.);
#2207=VECTOR('',#7177,10.);
#2208=VECTOR('',#7178,10.);
#2209=VECTOR('',#7181,10.);
#2210=VECTOR('',#7182,10.);
#2211=VECTOR('',#7183,10.);
#2212=VECTOR('',#7184,10.);
#2213=VECTOR('',#7185,10.);
#2214=VECTOR('',#7186,10.);
#2215=VECTOR('',#7187,10.);
#2216=VECTOR('',#7188,10.);
#2217=VECTOR('',#7189,10.);
#2218=VECTOR('',#7190,10.);
#2219=VECTOR('',#7191,10.);
#2220=VECTOR('',#7192,10.);
#2221=VECTOR('',#7193,10.);
#2222=VECTOR('',#7194,10.);
#2223=VECTOR('',#7195,10.);
#2224=VECTOR('',#7196,10.);
#2225=VECTOR('',#7197,10.);
#2226=VECTOR('',#7198,10.);
#2227=VECTOR('',#7199,10.);
#2228=VECTOR('',#7202,10.);
#2229=VECTOR('',#7203,10.);
#2230=VECTOR('',#7204,10.);
#2231=VECTOR('',#7207,10.);
#2232=VECTOR('',#7208,10.);
#2233=VECTOR('',#7209,10.);
#2234=VECTOR('',#7212,10.);
#2235=VECTOR('',#7213,10.);
#2236=VECTOR('',#7214,10.);
#2237=VECTOR('',#7217,10.);
#2238=VECTOR('',#7218,10.);
#2239=VECTOR('',#7219,10.);
#2240=VECTOR('',#7222,10.);
#2241=VECTOR('',#7223,10.);
#2242=VECTOR('',#7226,10.);
#2243=VECTOR('',#7227,10.);
#2244=VECTOR('',#7228,10.);
#2245=VECTOR('',#7229,10.);
#2246=VECTOR('',#7230,10.);
#2247=VECTOR('',#7231,10.);
#2248=VECTOR('',#7232,10.);
#2249=VECTOR('',#7233,10.);
#2250=VECTOR('',#7234,10.);
#2251=VECTOR('',#7235,10.);
#2252=VECTOR('',#7236,10.);
#2253=VECTOR('',#7237,10.);
#2254=VECTOR('',#7238,10.);
#2255=VECTOR('',#7239,10.);
#2256=VECTOR('',#7240,10.);
#2257=VECTOR('',#7241,10.);
#2258=VECTOR('',#7242,10.);
#2259=VECTOR('',#7243,10.);
#2260=VECTOR('',#7248,10.);
#2261=VECTOR('',#7249,10.);
#2262=VECTOR('',#7250,10.);
#2263=VECTOR('',#7251,10.);
#2264=VECTOR('',#7254,10.);
#2265=VECTOR('',#7255,10.);
#2266=VECTOR('',#7256,10.);
#2267=VECTOR('',#7259,10.);
#2268=VECTOR('',#7260,10.);
#2269=VECTOR('',#7261,10.);
#2270=VECTOR('',#7264,10.);
#2271=VECTOR('',#7265,10.);
#2272=VECTOR('',#7266,10.);
#2273=VECTOR('',#7269,10.);
#2274=VECTOR('',#7270,10.);
#2275=VECTOR('',#7271,10.);
#2276=VECTOR('',#7274,10.);
#2277=VECTOR('',#7275,10.);
#2278=VECTOR('',#7276,10.);
#2279=VECTOR('',#7279,10.);
#2280=VECTOR('',#7280,10.);
#2281=VECTOR('',#7281,10.);
#2282=VECTOR('',#7284,10.);
#2283=VECTOR('',#7285,10.);
#2284=VECTOR('',#7286,10.);
#2285=VECTOR('',#7289,10.);
#2286=VECTOR('',#7290,10.);
#2287=VECTOR('',#7291,10.);
#2288=VECTOR('',#7294,10.);
#2289=VECTOR('',#7295,10.);
#2290=VECTOR('',#7296,10.);
#2291=VECTOR('',#7299,10.);
#2292=VECTOR('',#7300,10.);
#2293=VECTOR('',#7303,10.);
#2294=VECTOR('',#7304,10.);
#2295=VECTOR('',#7305,10.);
#2296=VECTOR('',#7306,10.);
#2297=VECTOR('',#7307,10.);
#2298=VECTOR('',#7310,10.);
#2299=VECTOR('',#7311,10.);
#2300=VECTOR('',#7312,10.);
#2301=VECTOR('',#7315,10.);
#2302=VECTOR('',#7316,10.);
#2303=VECTOR('',#7317,10.);
#2304=VECTOR('',#7320,10.);
#2305=VECTOR('',#7321,10.);
#2306=VECTOR('',#7322,10.);
#2307=VECTOR('',#7325,10.);
#2308=VECTOR('',#7326,10.);
#2309=VECTOR('',#7327,10.);
#2310=VECTOR('',#7330,10.);
#2311=VECTOR('',#7331,10.);
#2312=VECTOR('',#7332,10.);
#2313=VECTOR('',#7335,10.);
#2314=VECTOR('',#7336,10.);
#2315=VECTOR('',#7337,10.);
#2316=VECTOR('',#7340,10.);
#2317=VECTOR('',#7341,10.);
#2318=VECTOR('',#7342,10.);
#2319=VECTOR('',#7345,10.);
#2320=VECTOR('',#7346,10.);
#2321=VECTOR('',#7347,10.);
#2322=VECTOR('',#7350,10.);
#2323=VECTOR('',#7351,10.);
#2324=VECTOR('',#7352,10.);
#2325=VECTOR('',#7355,10.);
#2326=VECTOR('',#7356,10.);
#2327=VECTOR('',#7357,10.);
#2328=VECTOR('',#7360,10.);
#2329=VECTOR('',#7361,10.);
#2330=VECTOR('',#7362,10.);
#2331=VECTOR('',#7363,10.);
#2332=VECTOR('',#7364,10.);
#2333=VECTOR('',#7365,10.);
#2334=VECTOR('',#7366,10.);
#2335=VECTOR('',#7369,10.);
#2336=VECTOR('',#7370,10.);
#2337=VECTOR('',#7373,10.);
#2338=VECTOR('',#7374,10.);
#2339=VECTOR('',#7375,10.);
#2340=VECTOR('',#7376,10.);
#2341=VECTOR('',#7377,10.);
#2342=VECTOR('',#7378,10.);
#2343=VECTOR('',#7379,10.);
#2344=VECTOR('',#7380,10.);
#2345=VECTOR('',#7383,10.);
#2346=VECTOR('',#7384,10.);
#2347=VECTOR('',#7385,10.);
#2348=VECTOR('',#7388,10.);
#2349=VECTOR('',#7389,10.);
#2350=VECTOR('',#7390,10.);
#2351=VECTOR('',#7393,10.);
#2352=VECTOR('',#7394,10.);
#2353=VECTOR('',#7395,10.);
#2354=VECTOR('',#7396,10.);
#2355=VECTOR('',#7397,10.);
#2356=VECTOR('',#7398,10.);
#2357=VECTOR('',#7399,10.);
#2358=VECTOR('',#7400,10.);
#2359=VECTOR('',#7401,10.);
#2360=VECTOR('',#7402,10.);
#2361=VECTOR('',#7405,10.);
#2362=VECTOR('',#7406,10.);
#2363=VECTOR('',#7407,10.);
#2364=VECTOR('',#7408,10.);
#2365=VECTOR('',#7409,10.);
#2366=VECTOR('',#7410,10.);
#2367=VECTOR('',#7411,10.);
#2368=VECTOR('',#7414,10.);
#2369=VECTOR('',#7415,10.);
#2370=VECTOR('',#7416,10.);
#2371=VECTOR('',#7419,10.);
#2372=VECTOR('',#7420,10.);
#2373=VECTOR('',#7421,10.);
#2374=VECTOR('',#7422,10.);
#2375=VECTOR('',#7423,10.);
#2376=VECTOR('',#7424,10.);
#2377=VECTOR('',#7425,10.);
#2378=VECTOR('',#7426,10.);
#2379=VECTOR('',#7427,10.);
#2380=VECTOR('',#7428,10.);
#2381=VECTOR('',#7429,10.);
#2382=VECTOR('',#7432,10.);
#2383=VECTOR('',#7433,10.);
#2384=VECTOR('',#7434,10.);
#2385=VECTOR('',#7435,10.);
#2386=VECTOR('',#7436,10.);
#2387=VECTOR('',#7439,10.);
#2388=VECTOR('',#7440,10.);
#2389=VECTOR('',#7443,10.);
#2390=VECTOR('',#7444,10.);
#2391=VECTOR('',#7445,10.);
#2392=VECTOR('',#7446,10.);
#2393=VECTOR('',#7447,10.);
#2394=VECTOR('',#7448,10.);
#2395=VECTOR('',#7449,10.);
#2396=VECTOR('',#7450,10.);
#2397=VECTOR('',#7451,10.);
#2398=VECTOR('',#7452,10.);
#2399=VECTOR('',#7453,10.);
#2400=VECTOR('',#7454,10.);
#2401=VECTOR('',#7455,10.);
#2402=VECTOR('',#7456,10.);
#2403=VECTOR('',#7457,10.);
#2404=VECTOR('',#7458,10.);
#2405=VECTOR('',#7459,10.);
#2406=VECTOR('',#7460,10.);
#2407=VECTOR('',#7463,10.);
#2408=VECTOR('',#7464,10.);
#2409=VECTOR('',#7465,10.);
#2410=VECTOR('',#7466,10.);
#2411=VECTOR('',#7467,10.);
#2412=VECTOR('',#7468,10.);
#2413=VECTOR('',#7469,10.);
#2414=VECTOR('',#7470,10.);
#2415=VECTOR('',#7471,10.);
#2416=VECTOR('',#7472,10.);
#2417=VECTOR('',#7475,10.);
#2418=VECTOR('',#7476,10.);
#2419=VECTOR('',#7477,10.);
#2420=VECTOR('',#7478,10.);
#2421=VECTOR('',#7479,10.);
#2422=VECTOR('',#7480,10.);
#2423=VECTOR('',#7481,10.);
#2424=VECTOR('',#7482,10.);
#2425=VECTOR('',#7483,10.);
#2426=VECTOR('',#7484,10.);
#2427=VECTOR('',#7485,10.);
#2428=VECTOR('',#7488,10.);
#2429=VECTOR('',#7489,10.);
#2430=VECTOR('',#7490,10.);
#2431=VECTOR('',#7491,10.);
#2432=VECTOR('',#7492,10.);
#2433=VECTOR('',#7493,10.);
#2434=VECTOR('',#7494,10.);
#2435=VECTOR('',#7495,10.);
#2436=VECTOR('',#7496,10.);
#2437=VECTOR('',#7497,10.);
#2438=VECTOR('',#7498,10.);
#2439=VECTOR('',#7499,10.);
#2440=VECTOR('',#7500,10.);
#2441=VECTOR('',#7501,10.);
#2442=VECTOR('',#7502,10.);
#2443=VECTOR('',#7505,10.);
#2444=VECTOR('',#7506,10.);
#2445=VECTOR('',#7507,10.);
#2446=VECTOR('',#7514,10.);
#2447=VECTOR('',#7515,10.);
#2448=VECTOR('',#7518,10.);
#2449=VECTOR('',#7519,10.);
#2450=VECTOR('',#7520,10.);
#2451=VECTOR('',#7521,10.);
#2452=VECTOR('',#7524,10.);
#2453=VECTOR('',#7525,10.);
#2454=VECTOR('',#7548,2.75);
#2455=VECTOR('',#7559,2.75);
#2456=VECTOR('',#7570,2.75);
#2457=VECTOR('',#7581,2.75);
#2458=VECTOR('',#7590,1.75000000000001);
#2459=VECTOR('',#7593,1.75000000000001);
#2460=VECTOR('',#7596,1.74999999999999);
#2461=VECTOR('',#7599,1.75);
#2462=VECTOR('',#7604,10.);
#2463=VECTOR('',#7605,10.);
#2464=VECTOR('',#7608,10.);
#2465=VECTOR('',#7609,10.);
#2466=VECTOR('',#7610,10.);
#2467=VECTOR('',#7613,10.);
#2468=VECTOR('',#7616,10.);
#2469=VECTOR('',#7619,10.);
#2470=VECTOR('',#7624,10.);
#2471=VECTOR('',#7625,10.);
#2472=VECTOR('',#7628,10.);
#2473=VECTOR('',#7631,10.);
#2474=VECTOR('',#7634,10.);
#2475=VECTOR('',#7637,10.);
#2476=VECTOR('',#7646,10.);
#2477=VECTOR('',#7647,10.);
#2478=VECTOR('',#7650,10.);
#2479=VECTOR('',#7651,10.);
#2480=VECTOR('',#7654,10.);
#2481=VECTOR('',#7655,10.);
#2482=VECTOR('',#7660,10.);
#2483=VECTOR('',#7663,10.);
#2484=VECTOR('',#7664,10.);
#2485=VECTOR('',#7667,10.);
#2486=VECTOR('',#7670,10.);
#2487=VECTOR('',#7671,10.);
#2488=VECTOR('',#7672,10.);
#2489=VECTOR('',#7677,10.);
#2490=VECTOR('',#7680,10.);
#2491=VECTOR('',#7681,10.);
#2492=VECTOR('',#7686,10.);
#2493=VECTOR('',#7689,10.);
#2494=VECTOR('',#7690,10.);
#2495=VECTOR('',#7695,10.);
#2496=VECTOR('',#7698,10.);
#2497=VECTOR('',#7699,10.);
#2498=VERTEX_POINT('',#7708);
#2499=VERTEX_POINT('',#7709);
#2500=VERTEX_POINT('',#7711);
#2501=VERTEX_POINT('',#7713);
#2502=VERTEX_POINT('',#7717);
#2503=VERTEX_POINT('',#7719);
#2504=VERTEX_POINT('',#7723);
#2505=VERTEX_POINT('',#7725);
#2506=VERTEX_POINT('',#7738);
#2507=VERTEX_POINT('',#7744);
#2508=VERTEX_POINT('',#7761);
#2509=VERTEX_POINT('',#7767);
#2510=VERTEX_POINT('',#7775);
#2511=VERTEX_POINT('',#7777);
#2512=VERTEX_POINT('',#7781);
#2513=VERTEX_POINT('',#7783);
#2514=VERTEX_POINT('',#7787);
#2515=VERTEX_POINT('',#7789);
#2516=VERTEX_POINT('',#7802);
#2517=VERTEX_POINT('',#7808);
#2518=VERTEX_POINT('',#7825);
#2519=VERTEX_POINT('',#7831);
#2520=VERTEX_POINT('',#7848);
#2521=VERTEX_POINT('',#7854);
#2522=VERTEX_POINT('',#7871);
#2523=VERTEX_POINT('',#7877);
#2524=VERTEX_POINT('',#7885);
#2525=VERTEX_POINT('',#7887);
#2526=VERTEX_POINT('',#7891);
#2527=VERTEX_POINT('',#7893);
#2528=VERTEX_POINT('',#7897);
#2529=VERTEX_POINT('',#7899);
#2530=VERTEX_POINT('',#7903);
#2531=VERTEX_POINT('',#7905);
#2532=VERTEX_POINT('',#7909);
#2533=VERTEX_POINT('',#7911);
#2534=VERTEX_POINT('',#7915);
#2535=VERTEX_POINT('',#7917);
#2536=VERTEX_POINT('',#7921);
#2537=VERTEX_POINT('',#7923);
#2538=VERTEX_POINT('',#7931);
#2539=VERTEX_POINT('',#7932);
#2540=VERTEX_POINT('',#7934);
#2541=VERTEX_POINT('',#7936);
#2542=VERTEX_POINT('',#7940);
#2543=VERTEX_POINT('',#7942);
#2544=VERTEX_POINT('',#7946);
#2545=VERTEX_POINT('',#7948);
#2546=VERTEX_POINT('',#7952);
#2547=VERTEX_POINT('',#7954);
#2548=VERTEX_POINT('',#7958);
#2549=VERTEX_POINT('',#7960);
#2550=VERTEX_POINT('',#7964);
#2551=VERTEX_POINT('',#7966);
#2552=VERTEX_POINT('',#7974);
#2553=VERTEX_POINT('',#7975);
#2554=VERTEX_POINT('',#7977);
#2555=VERTEX_POINT('',#7979);
#2556=VERTEX_POINT('',#7983);
#2557=VERTEX_POINT('',#7985);
#2558=VERTEX_POINT('',#7989);
#2559=VERTEX_POINT('',#7991);
#2560=VERTEX_POINT('',#7995);
#2561=VERTEX_POINT('',#7997);
#2562=VERTEX_POINT('',#8001);
#2563=VERTEX_POINT('',#8003);
#2564=VERTEX_POINT('',#8007);
#2565=VERTEX_POINT('',#8009);
#2566=VERTEX_POINT('',#8013);
#2567=VERTEX_POINT('',#8015);
#2568=VERTEX_POINT('',#8019);
#2569=VERTEX_POINT('',#8021);
#2570=VERTEX_POINT('',#8025);
#2571=VERTEX_POINT('',#8027);
#2572=VERTEX_POINT('',#8035);
#2573=VERTEX_POINT('',#8036);
#2574=VERTEX_POINT('',#8038);
#2575=VERTEX_POINT('',#8040);
#2576=VERTEX_POINT('',#8044);
#2577=VERTEX_POINT('',#8046);
#2578=VERTEX_POINT('',#8050);
#2579=VERTEX_POINT('',#8052);
#2580=VERTEX_POINT('',#8056);
#2581=VERTEX_POINT('',#8058);
#2582=VERTEX_POINT('',#8062);
#2583=VERTEX_POINT('',#8064);
#2584=VERTEX_POINT('',#8077);
#2585=VERTEX_POINT('',#8083);
#2586=VERTEX_POINT('',#8100);
#2587=VERTEX_POINT('',#8106);
#2588=VERTEX_POINT('',#8123);
#2589=VERTEX_POINT('',#8129);
#2590=VERTEX_POINT('',#8137);
#2591=VERTEX_POINT('',#8139);
#2592=VERTEX_POINT('',#8152);
#2593=VERTEX_POINT('',#8158);
#2594=VERTEX_POINT('',#8175);
#2595=VERTEX_POINT('',#8181);
#2596=VERTEX_POINT('',#8198);
#2597=VERTEX_POINT('',#8204);
#2598=VERTEX_POINT('',#8212);
#2599=VERTEX_POINT('',#8214);
#2600=VERTEX_POINT('',#8222);
#2601=VERTEX_POINT('',#8223);
#2602=VERTEX_POINT('',#8225);
#2603=VERTEX_POINT('',#8227);
#2604=VERTEX_POINT('',#8231);
#2605=VERTEX_POINT('',#8233);
#2606=VERTEX_POINT('',#8237);
#2607=VERTEX_POINT('',#8239);
#2608=VERTEX_POINT('',#8252);
#2609=VERTEX_POINT('',#8258);
#2610=VERTEX_POINT('',#8275);
#2611=VERTEX_POINT('',#8281);
#2612=VERTEX_POINT('',#8298);
#2613=VERTEX_POINT('',#8304);
#2614=VERTEX_POINT('',#8321);
#2615=VERTEX_POINT('',#8327);
#2616=VERTEX_POINT('',#8335);
#2617=VERTEX_POINT('',#8337);
#2618=VERTEX_POINT('',#8341);
#2619=VERTEX_POINT('',#8343);
#2620=VERTEX_POINT('',#8347);
#2621=VERTEX_POINT('',#8349);
#2622=VERTEX_POINT('',#8362);
#2623=VERTEX_POINT('',#8368);
#2624=VERTEX_POINT('',#8385);
#2625=VERTEX_POINT('',#8391);
#2626=VERTEX_POINT('',#8408);
#2627=VERTEX_POINT('',#8414);
#2628=VERTEX_POINT('',#8431);
#2629=VERTEX_POINT('',#8437);
#2630=VERTEX_POINT('',#8445);
#2631=VERTEX_POINT('',#8447);
#2632=VERTEX_POINT('',#8455);
#2633=VERTEX_POINT('',#8456);
#2634=VERTEX_POINT('',#8458);
#2635=VERTEX_POINT('',#8460);
#2636=VERTEX_POINT('',#8464);
#2637=VERTEX_POINT('',#8466);
#2638=VERTEX_POINT('',#8470);
#2639=VERTEX_POINT('',#8472);
#2640=VERTEX_POINT('',#8485);
#2641=VERTEX_POINT('',#8491);
#2642=VERTEX_POINT('',#8508);
#2643=VERTEX_POINT('',#8514);
#2644=VERTEX_POINT('',#8531);
#2645=VERTEX_POINT('',#8537);
#2646=VERTEX_POINT('',#8554);
#2647=VERTEX_POINT('',#8560);
#2648=VERTEX_POINT('',#8568);
#2649=VERTEX_POINT('',#8570);
#2650=VERTEX_POINT('',#8583);
#2651=VERTEX_POINT('',#8589);
#2652=VERTEX_POINT('',#8606);
#2653=VERTEX_POINT('',#8612);
#2654=VERTEX_POINT('',#8629);
#2655=VERTEX_POINT('',#8635);
#2656=VERTEX_POINT('',#8652);
#2657=VERTEX_POINT('',#8658);
#2658=VERTEX_POINT('',#8666);
#2659=VERTEX_POINT('',#8668);
#2660=VERTEX_POINT('',#8685);
#2661=VERTEX_POINT('',#8686);
#2662=VERTEX_POINT('',#8692);
#2663=VERTEX_POINT('',#8694);
#2664=VERTEX_POINT('',#8702);
#2665=VERTEX_POINT('',#8704);
#2666=VERTEX_POINT('',#8717);
#2667=VERTEX_POINT('',#8723);
#2668=VERTEX_POINT('',#8740);
#2669=VERTEX_POINT('',#8746);
#2670=VERTEX_POINT('',#8783);
#2671=VERTEX_POINT('',#8784);
#2672=VERTEX_POINT('',#8790);
#2673=VERTEX_POINT('',#8792);
#2674=VERTEX_POINT('',#8809);
#2675=VERTEX_POINT('',#8815);
#2676=VERTEX_POINT('',#8832);
#2677=VERTEX_POINT('',#8838);
#2678=VERTEX_POINT('',#8855);
#2679=VERTEX_POINT('',#8861);
#2680=VERTEX_POINT('',#8878);
#2681=VERTEX_POINT('',#8884);
#2682=VERTEX_POINT('',#8901);
#2683=VERTEX_POINT('',#8907);
#2684=VERTEX_POINT('',#8924);
#2685=VERTEX_POINT('',#8930);
#2686=VERTEX_POINT('',#8947);
#2687=VERTEX_POINT('',#8953);
#2688=VERTEX_POINT('',#8970);
#2689=VERTEX_POINT('',#8976);
#2690=VERTEX_POINT('',#8993);
#2691=VERTEX_POINT('',#8999);
#2692=VERTEX_POINT('',#9016);
#2693=VERTEX_POINT('',#9022);
#2694=VERTEX_POINT('',#9039);
#2695=VERTEX_POINT('',#9045);
#2696=VERTEX_POINT('',#9053);
#2697=VERTEX_POINT('',#9055);
#2698=VERTEX_POINT('',#9068);
#2699=VERTEX_POINT('',#9074);
#2700=VERTEX_POINT('',#9091);
#2701=VERTEX_POINT('',#9097);
#2702=VERTEX_POINT('',#9114);
#2703=VERTEX_POINT('',#9120);
#2704=VERTEX_POINT('',#9137);
#2705=VERTEX_POINT('',#9143);
#2706=VERTEX_POINT('',#9155);
#2707=VERTEX_POINT('',#9156);
#2708=VERTEX_POINT('',#9158);
#2709=VERTEX_POINT('',#9160);
#2710=VERTEX_POINT('',#9164);
#2711=VERTEX_POINT('',#9166);
#2712=VERTEX_POINT('',#9170);
#2713=VERTEX_POINT('',#9172);
#2714=VERTEX_POINT('',#9176);
#2715=VERTEX_POINT('',#9178);
#2716=VERTEX_POINT('',#9182);
#2717=VERTEX_POINT('',#9184);
#2718=VERTEX_POINT('',#9188);
#2719=VERTEX_POINT('',#9190);
#2720=VERTEX_POINT('',#9198);
#2721=VERTEX_POINT('',#9199);
#2722=VERTEX_POINT('',#9201);
#2723=VERTEX_POINT('',#9203);
#2724=VERTEX_POINT('',#9207);
#2725=VERTEX_POINT('',#9209);
#2726=VERTEX_POINT('',#9213);
#2727=VERTEX_POINT('',#9215);
#2728=VERTEX_POINT('',#9228);
#2729=VERTEX_POINT('',#9234);
#2730=VERTEX_POINT('',#9251);
#2731=VERTEX_POINT('',#9257);
#2732=VERTEX_POINT('',#9265);
#2733=VERTEX_POINT('',#9267);
#2734=VERTEX_POINT('',#9271);
#2735=VERTEX_POINT('',#9273);
#2736=VERTEX_POINT('',#9277);
#2737=VERTEX_POINT('',#9279);
#2738=VERTEX_POINT('',#9292);
#2739=VERTEX_POINT('',#9298);
#2740=VERTEX_POINT('',#9315);
#2741=VERTEX_POINT('',#9321);
#2742=VERTEX_POINT('',#9338);
#2743=VERTEX_POINT('',#9344);
#2744=VERTEX_POINT('',#9361);
#2745=VERTEX_POINT('',#9367);
#2746=VERTEX_POINT('',#9375);
#2747=VERTEX_POINT('',#9377);
#2748=VERTEX_POINT('',#9381);
#2749=VERTEX_POINT('',#9383);
#2750=VERTEX_POINT('',#9387);
#2751=VERTEX_POINT('',#9389);
#2752=VERTEX_POINT('',#9393);
#2753=VERTEX_POINT('',#9395);
#2754=VERTEX_POINT('',#9399);
#2755=VERTEX_POINT('',#9401);
#2756=VERTEX_POINT('',#9405);
#2757=VERTEX_POINT('',#9407);
#2758=VERTEX_POINT('',#9411);
#2759=VERTEX_POINT('',#9413);
#2760=VERTEX_POINT('',#9430);
#2761=VERTEX_POINT('',#9431);
#2762=VERTEX_POINT('',#9437);
#2763=VERTEX_POINT('',#9439);
#2764=VERTEX_POINT('',#9447);
#2765=VERTEX_POINT('',#9449);
#2766=VERTEX_POINT('',#9462);
#2767=VERTEX_POINT('',#9468);
#2768=VERTEX_POINT('',#9485);
#2769=VERTEX_POINT('',#9491);
#2770=VERTEX_POINT('',#9508);
#2771=VERTEX_POINT('',#9514);
#2772=VERTEX_POINT('',#9531);
#2773=VERTEX_POINT('',#9537);
#2774=VERTEX_POINT('',#9554);
#2775=VERTEX_POINT('',#9560);
#2776=VERTEX_POINT('',#9577);
#2777=VERTEX_POINT('',#9583);
#2778=VERTEX_POINT('',#9620);
#2779=VERTEX_POINT('',#9621);
#2780=VERTEX_POINT('',#9627);
#2781=VERTEX_POINT('',#9629);
#2782=VERTEX_POINT('',#9646);
#2783=VERTEX_POINT('',#9652);
#2784=VERTEX_POINT('',#9669);
#2785=VERTEX_POINT('',#9675);
#2786=VERTEX_POINT('',#9692);
#2787=VERTEX_POINT('',#9698);
#2788=VERTEX_POINT('',#9715);
#2789=VERTEX_POINT('',#9721);
#2790=VERTEX_POINT('',#9738);
#2791=VERTEX_POINT('',#9744);
#2792=VERTEX_POINT('',#9761);
#2793=VERTEX_POINT('',#9767);
#2794=VERTEX_POINT('',#9784);
#2795=VERTEX_POINT('',#9790);
#2796=VERTEX_POINT('',#9807);
#2797=VERTEX_POINT('',#9813);
#2798=VERTEX_POINT('',#9821);
#2799=VERTEX_POINT('',#9823);
#2800=VERTEX_POINT('',#9827);
#2801=VERTEX_POINT('',#9829);
#2802=VERTEX_POINT('',#9833);
#2803=VERTEX_POINT('',#9835);
#2804=VERTEX_POINT('',#9839);
#2805=VERTEX_POINT('',#9841);
#2806=VERTEX_POINT('',#9858);
#2807=VERTEX_POINT('',#9859);
#2808=VERTEX_POINT('',#9865);
#2809=VERTEX_POINT('',#9867);
#2810=VERTEX_POINT('',#9884);
#2811=VERTEX_POINT('',#9890);
#2812=VERTEX_POINT('',#9907);
#2813=VERTEX_POINT('',#9913);
#2814=VERTEX_POINT('',#9930);
#2815=VERTEX_POINT('',#9936);
#2816=VERTEX_POINT('',#9953);
#2817=VERTEX_POINT('',#9959);
#2818=VERTEX_POINT('',#9976);
#2819=VERTEX_POINT('',#9982);
#2820=VERTEX_POINT('',#9999);
#2821=VERTEX_POINT('',#10005);
#2822=VERTEX_POINT('',#10042);
#2823=VERTEX_POINT('',#10043);
#2824=VERTEX_POINT('',#10049);
#2825=VERTEX_POINT('',#10051);
#2826=VERTEX_POINT('',#10068);
#2827=VERTEX_POINT('',#10074);
#2828=VERTEX_POINT('',#10091);
#2829=VERTEX_POINT('',#10097);
#2830=VERTEX_POINT('',#10114);
#2831=VERTEX_POINT('',#10120);
#2832=VERTEX_POINT('',#10137);
#2833=VERTEX_POINT('',#10143);
#2834=VERTEX_POINT('',#10160);
#2835=VERTEX_POINT('',#10166);
#2836=VERTEX_POINT('',#10183);
#2837=VERTEX_POINT('',#10189);
#2838=VERTEX_POINT('',#10206);
#2839=VERTEX_POINT('',#10212);
#2840=VERTEX_POINT('',#10229);
#2841=VERTEX_POINT('',#10235);
#2842=VERTEX_POINT('',#10264);
#2843=VERTEX_POINT('',#10265);
#2844=VERTEX_POINT('',#10267);
#2845=VERTEX_POINT('',#10269);
#2846=VERTEX_POINT('',#10273);
#2847=VERTEX_POINT('',#10275);
#2848=VERTEX_POINT('',#10279);
#2849=VERTEX_POINT('',#10281);
#2850=VERTEX_POINT('',#10285);
#2851=VERTEX_POINT('',#10287);
#2852=VERTEX_POINT('',#10291);
#2853=VERTEX_POINT('',#10293);
#2854=VERTEX_POINT('',#10297);
#2855=VERTEX_POINT('',#10299);
#2856=VERTEX_POINT('',#10303);
#2857=VERTEX_POINT('',#10305);
#2858=VERTEX_POINT('',#10309);
#2859=VERTEX_POINT('',#10311);
#2860=VERTEX_POINT('',#10315);
#2861=VERTEX_POINT('',#10317);
#2862=VERTEX_POINT('',#10321);
#2863=VERTEX_POINT('',#10323);
#2864=VERTEX_POINT('',#10340);
#2865=VERTEX_POINT('',#10341);
#2866=VERTEX_POINT('',#10347);
#2867=VERTEX_POINT('',#10349);
#2868=VERTEX_POINT('',#10366);
#2869=VERTEX_POINT('',#10372);
#2870=VERTEX_POINT('',#10389);
#2871=VERTEX_POINT('',#10395);
#2872=VERTEX_POINT('',#10412);
#2873=VERTEX_POINT('',#10418);
#2874=VERTEX_POINT('',#10426);
#2875=VERTEX_POINT('',#10428);
#2876=VERTEX_POINT('',#10432);
#2877=VERTEX_POINT('',#10434);
#2878=VERTEX_POINT('',#10438);
#2879=VERTEX_POINT('',#10440);
#2880=VERTEX_POINT('',#10444);
#2881=VERTEX_POINT('',#10446);
#2882=VERTEX_POINT('',#10450);
#2883=VERTEX_POINT('',#10452);
#2884=VERTEX_POINT('',#10456);
#2885=VERTEX_POINT('',#10458);
#2886=VERTEX_POINT('',#10462);
#2887=VERTEX_POINT('',#10464);
#2888=VERTEX_POINT('',#10468);
#2889=VERTEX_POINT('',#10470);
#2890=VERTEX_POINT('',#10474);
#2891=VERTEX_POINT('',#10476);
#2892=VERTEX_POINT('',#10480);
#2893=VERTEX_POINT('',#10482);
#2894=VERTEX_POINT('',#10486);
#2895=VERTEX_POINT('',#10488);
#2896=VERTEX_POINT('',#10501);
#2897=VERTEX_POINT('',#10507);
#2898=VERTEX_POINT('',#10524);
#2899=VERTEX_POINT('',#10530);
#2900=VERTEX_POINT('',#10547);
#2901=VERTEX_POINT('',#10553);
#2902=VERTEX_POINT('',#10570);
#2903=VERTEX_POINT('',#10576);
#2904=VERTEX_POINT('',#10597);
#2905=VERTEX_POINT('',#10598);
#2906=VERTEX_POINT('',#10604);
#2907=VERTEX_POINT('',#10606);
#2908=VERTEX_POINT('',#10623);
#2909=VERTEX_POINT('',#10629);
#2910=VERTEX_POINT('',#10646);
#2911=VERTEX_POINT('',#10652);
#2912=VERTEX_POINT('',#10669);
#2913=VERTEX_POINT('',#10675);
#2914=VERTEX_POINT('',#10692);
#2915=VERTEX_POINT('',#10698);
#2916=VERTEX_POINT('',#10715);
#2917=VERTEX_POINT('',#10721);
#2918=VERTEX_POINT('',#10738);
#2919=VERTEX_POINT('',#10744);
#2920=VERTEX_POINT('',#10782);
#2921=VERTEX_POINT('',#10783);
#2922=VERTEX_POINT('',#10789);
#2923=VERTEX_POINT('',#10791);
#2924=VERTEX_POINT('',#10808);
#2925=VERTEX_POINT('',#10814);
#2926=VERTEX_POINT('',#10822);
#2927=VERTEX_POINT('',#10824);
#2928=VERTEX_POINT('',#10828);
#2929=VERTEX_POINT('',#10830);
#2930=VERTEX_POINT('',#10843);
#2931=VERTEX_POINT('',#10849);
#2932=VERTEX_POINT('',#10866);
#2933=VERTEX_POINT('',#10872);
#2934=VERTEX_POINT('',#10909);
#2935=VERTEX_POINT('',#10910);
#2936=VERTEX_POINT('',#10916);
#2937=VERTEX_POINT('',#10918);
#2938=VERTEX_POINT('',#10935);
#2939=VERTEX_POINT('',#10941);
#2940=VERTEX_POINT('',#10958);
#2941=VERTEX_POINT('',#10964);
#2942=VERTEX_POINT('',#10981);
#2943=VERTEX_POINT('',#10987);
#2944=VERTEX_POINT('',#10995);
#2945=VERTEX_POINT('',#10997);
#2946=VERTEX_POINT('',#11010);
#2947=VERTEX_POINT('',#11016);
#2948=VERTEX_POINT('',#11033);
#2949=VERTEX_POINT('',#11039);
#2950=VERTEX_POINT('',#11056);
#2951=VERTEX_POINT('',#11062);
#2952=VERTEX_POINT('',#11079);
#2953=VERTEX_POINT('',#11085);
#2954=VERTEX_POINT('',#11093);
#2955=VERTEX_POINT('',#11095);
#2956=VERTEX_POINT('',#11099);
#2957=VERTEX_POINT('',#11101);
#2958=VERTEX_POINT('',#11114);
#2959=VERTEX_POINT('',#11120);
#2960=VERTEX_POINT('',#11137);
#2961=VERTEX_POINT('',#11143);
#2962=VERTEX_POINT('',#11160);
#2963=VERTEX_POINT('',#11166);
#2964=VERTEX_POINT('',#11183);
#2965=VERTEX_POINT('',#11189);
#2966=VERTEX_POINT('',#11206);
#2967=VERTEX_POINT('',#11212);
#2968=VERTEX_POINT('',#11229);
#2969=VERTEX_POINT('',#11235);
#2970=VERTEX_POINT('',#11252);
#2971=VERTEX_POINT('',#11258);
#2972=VERTEX_POINT('',#11275);
#2973=VERTEX_POINT('',#11281);
#2974=VERTEX_POINT('',#11289);
#2975=VERTEX_POINT('',#11291);
#2976=VERTEX_POINT('',#11304);
#2977=VERTEX_POINT('',#11310);
#2978=VERTEX_POINT('',#11327);
#2979=VERTEX_POINT('',#11333);
#2980=VERTEX_POINT('',#11354);
#2981=VERTEX_POINT('',#11355);
#2982=VERTEX_POINT('',#11361);
#2983=VERTEX_POINT('',#11363);
#2984=VERTEX_POINT('',#11380);
#2985=VERTEX_POINT('',#11386);
#2986=VERTEX_POINT('',#11403);
#2987=VERTEX_POINT('',#11409);
#2988=VERTEX_POINT('',#11426);
#2989=VERTEX_POINT('',#11432);
#2990=VERTEX_POINT('',#11449);
#2991=VERTEX_POINT('',#11455);
#2992=VERTEX_POINT('',#11472);
#2993=VERTEX_POINT('',#11478);
#2994=VERTEX_POINT('',#11515);
#2995=VERTEX_POINT('',#11516);
#2996=VERTEX_POINT('',#11522);
#2997=VERTEX_POINT('',#11524);
#2998=VERTEX_POINT('',#11541);
#2999=VERTEX_POINT('',#11547);
#3000=VERTEX_POINT('',#11564);
#3001=VERTEX_POINT('',#11570);
#3002=VERTEX_POINT('',#11587);
#3003=VERTEX_POINT('',#11593);
#3004=VERTEX_POINT('',#11610);
#3005=VERTEX_POINT('',#11616);
#3006=VERTEX_POINT('',#11633);
#3007=VERTEX_POINT('',#11639);
#3008=VERTEX_POINT('',#11656);
#3009=VERTEX_POINT('',#11662);
#3010=VERTEX_POINT('',#11679);
#3011=VERTEX_POINT('',#11685);
#3012=VERTEX_POINT('',#11702);
#3013=VERTEX_POINT('',#11708);
#3014=VERTEX_POINT('',#11725);
#3015=VERTEX_POINT('',#11731);
#3016=VERTEX_POINT('',#11739);
#3017=VERTEX_POINT('',#11741);
#3018=VERTEX_POINT('',#11754);
#3019=VERTEX_POINT('',#11760);
#3020=VERTEX_POINT('',#11777);
#3021=VERTEX_POINT('',#11783);
#3022=VERTEX_POINT('',#11800);
#3023=VERTEX_POINT('',#11806);
#3024=VERTEX_POINT('',#11823);
#3025=VERTEX_POINT('',#11829);
#3026=VERTEX_POINT('',#11846);
#3027=VERTEX_POINT('',#11852);
#3028=VERTEX_POINT('',#11869);
#3029=VERTEX_POINT('',#11875);
#3030=VERTEX_POINT('',#11892);
#3031=VERTEX_POINT('',#11898);
#3032=VERTEX_POINT('',#11906);
#3033=VERTEX_POINT('',#11908);
#3034=VERTEX_POINT('',#11921);
#3035=VERTEX_POINT('',#11927);
#3036=VERTEX_POINT('',#11944);
#3037=VERTEX_POINT('',#11950);
#3038=VERTEX_POINT('',#11967);
#3039=VERTEX_POINT('',#11973);
#3040=VERTEX_POINT('',#11990);
#3041=VERTEX_POINT('',#11996);
#3042=VERTEX_POINT('',#12013);
#3043=VERTEX_POINT('',#12019);
#3044=VERTEX_POINT('',#12036);
#3045=VERTEX_POINT('',#12042);
#3046=VERTEX_POINT('',#12059);
#3047=VERTEX_POINT('',#12065);
#3048=VERTEX_POINT('',#12082);
#3049=VERTEX_POINT('',#12088);
#3050=VERTEX_POINT('',#12096);
#3051=VERTEX_POINT('',#12098);
#3052=VERTEX_POINT('',#12111);
#3053=VERTEX_POINT('',#12117);
#3054=VERTEX_POINT('',#12134);
#3055=VERTEX_POINT('',#12140);
#3056=VERTEX_POINT('',#12157);
#3057=VERTEX_POINT('',#12163);
#3058=VERTEX_POINT('',#12180);
#3059=VERTEX_POINT('',#12186);
#3060=VERTEX_POINT('',#12203);
#3061=VERTEX_POINT('',#12209);
#3062=VERTEX_POINT('',#12226);
#3063=VERTEX_POINT('',#12232);
#3064=VERTEX_POINT('',#12249);
#3065=VERTEX_POINT('',#12255);
#3066=VERTEX_POINT('',#12272);
#3067=VERTEX_POINT('',#12278);
#3068=VERTEX_POINT('',#12295);
#3069=VERTEX_POINT('',#12301);
#3070=VERTEX_POINT('',#12318);
#3071=VERTEX_POINT('',#12324);
#3072=VERTEX_POINT('',#12341);
#3073=VERTEX_POINT('',#12347);
#3074=VERTEX_POINT('',#12364);
#3075=VERTEX_POINT('',#12370);
#3076=VERTEX_POINT('',#12378);
#3077=VERTEX_POINT('',#12380);
#3078=VERTEX_POINT('',#12405);
#3079=VERTEX_POINT('',#12406);
#3080=VERTEX_POINT('',#12408);
#3081=VERTEX_POINT('',#12410);
#3082=VERTEX_POINT('',#12412);
#3083=VERTEX_POINT('',#12414);
#3084=VERTEX_POINT('',#12417);
#3085=VERTEX_POINT('',#12418);
#3086=VERTEX_POINT('',#12420);
#3087=VERTEX_POINT('',#12422);
#3088=VERTEX_POINT('',#12424);
#3089=VERTEX_POINT('',#12426);
#3090=VERTEX_POINT('',#12429);
#3091=VERTEX_POINT('',#12431);
#3092=VERTEX_POINT('',#12433);
#3093=VERTEX_POINT('',#12435);
#3094=VERTEX_POINT('',#12442);
#3095=VERTEX_POINT('',#12444);
#3096=VERTEX_POINT('',#12448);
#3097=VERTEX_POINT('',#12451);
#3098=VERTEX_POINT('',#12453);
#3099=VERTEX_POINT('',#12457);
#3100=VERTEX_POINT('',#12460);
#3101=VERTEX_POINT('',#12462);
#3102=VERTEX_POINT('',#12466);
#3103=VERTEX_POINT('',#12469);
#3104=VERTEX_POINT('',#12471);
#3105=VERTEX_POINT('',#12475);
#3106=VERTEX_POINT('',#12486);
#3107=VERTEX_POINT('',#12487);
#3108=VERTEX_POINT('',#12489);
#3109=VERTEX_POINT('',#12491);
#3110=VERTEX_POINT('',#12493);
#3111=VERTEX_POINT('',#12495);
#3112=VERTEX_POINT('',#12498);
#3113=VERTEX_POINT('',#12499);
#3114=VERTEX_POINT('',#12501);
#3115=VERTEX_POINT('',#12503);
#3116=VERTEX_POINT('',#12505);
#3117=VERTEX_POINT('',#12507);
#3118=VERTEX_POINT('',#12509);
#3119=VERTEX_POINT('',#12511);
#3120=VERTEX_POINT('',#12528);
#3121=VERTEX_POINT('',#12529);
#3122=VERTEX_POINT('',#12534);
#3123=VERTEX_POINT('',#12538);
#3124=VERTEX_POINT('',#12542);
#3125=VERTEX_POINT('',#12546);
#3126=VERTEX_POINT('',#12552);
#3127=VERTEX_POINT('',#12553);
#3128=VERTEX_POINT('',#12558);
#3129=VERTEX_POINT('',#12562);
#3130=VERTEX_POINT('',#12566);
#3131=VERTEX_POINT('',#12570);
#3132=VERTEX_POINT('',#12574);
#3133=VERTEX_POINT('',#12578);
#3134=EDGE_CURVE('',#2498,#2499,#1346,.T.);
#3135=EDGE_CURVE('',#2498,#2500,#1347,.T.);
#3136=EDGE_CURVE('',#2500,#2501,#1348,.T.);
#3137=EDGE_CURVE('',#2499,#2501,#1349,.T.);
#3138=EDGE_CURVE('',#2502,#2498,#1350,.T.);
#3139=EDGE_CURVE('',#2502,#2503,#1351,.T.);
#3140=EDGE_CURVE('',#2503,#2500,#1352,.T.);
#3141=EDGE_CURVE('',#2504,#2502,#1353,.T.);
#3142=EDGE_CURVE('',#2504,#2505,#1354,.T.);
#3143=EDGE_CURVE('',#2505,#2503,#1355,.T.);
#3144=EDGE_CURVE('',#2506,#2504,#99,.T.);
#3145=EDGE_CURVE('',#2506,#2507,#1356,.T.);
#3146=EDGE_CURVE('',#2507,#2505,#100,.T.);
#3147=EDGE_CURVE('',#2508,#2506,#101,.T.);
#3148=EDGE_CURVE('',#2508,#2509,#1357,.T.);
#3149=EDGE_CURVE('',#2509,#2507,#102,.T.);
#3150=EDGE_CURVE('',#2510,#2508,#1358,.T.);
#3151=EDGE_CURVE('',#2510,#2511,#1359,.T.);
#3152=EDGE_CURVE('',#2511,#2509,#1360,.T.);
#3153=EDGE_CURVE('',#2512,#2510,#1361,.T.);
#3154=EDGE_CURVE('',#2512,#2513,#1362,.T.);
#3155=EDGE_CURVE('',#2513,#2511,#1363,.T.);
#3156=EDGE_CURVE('',#2514,#2512,#1364,.T.);
#3157=EDGE_CURVE('',#2514,#2515,#1365,.T.);
#3158=EDGE_CURVE('',#2515,#2513,#1366,.T.);
#3159=EDGE_CURVE('',#2516,#2514,#103,.T.);
#3160=EDGE_CURVE('',#2516,#2517,#1367,.T.);
#3161=EDGE_CURVE('',#2517,#2515,#104,.T.);
#3162=EDGE_CURVE('',#2518,#2516,#105,.T.);
#3163=EDGE_CURVE('',#2518,#2519,#1368,.T.);
#3164=EDGE_CURVE('',#2519,#2517,#106,.T.);
#3165=EDGE_CURVE('',#2520,#2518,#107,.T.);
#3166=EDGE_CURVE('',#2520,#2521,#1369,.T.);
#3167=EDGE_CURVE('',#2521,#2519,#108,.T.);
#3168=EDGE_CURVE('',#2522,#2520,#109,.T.);
#3169=EDGE_CURVE('',#2522,#2523,#1370,.T.);
#3170=EDGE_CURVE('',#2523,#2521,#110,.T.);
#3171=EDGE_CURVE('',#2524,#2522,#1371,.T.);
#3172=EDGE_CURVE('',#2524,#2525,#1372,.T.);
#3173=EDGE_CURVE('',#2525,#2523,#1373,.T.);
#3174=EDGE_CURVE('',#2526,#2524,#1374,.T.);
#3175=EDGE_CURVE('',#2526,#2527,#1375,.T.);
#3176=EDGE_CURVE('',#2527,#2525,#1376,.T.);
#3177=EDGE_CURVE('',#2528,#2526,#1377,.T.);
#3178=EDGE_CURVE('',#2528,#2529,#1378,.T.);
#3179=EDGE_CURVE('',#2529,#2527,#1379,.T.);
#3180=EDGE_CURVE('',#2530,#2528,#1380,.T.);
#3181=EDGE_CURVE('',#2530,#2531,#1381,.T.);
#3182=EDGE_CURVE('',#2531,#2529,#1382,.T.);
#3183=EDGE_CURVE('',#2532,#2530,#1383,.T.);
#3184=EDGE_CURVE('',#2532,#2533,#1384,.T.);
#3185=EDGE_CURVE('',#2533,#2531,#1385,.T.);
#3186=EDGE_CURVE('',#2534,#2532,#1386,.T.);
#3187=EDGE_CURVE('',#2534,#2535,#1387,.T.);
#3188=EDGE_CURVE('',#2535,#2533,#1388,.T.);
#3189=EDGE_CURVE('',#2536,#2534,#1389,.T.);
#3190=EDGE_CURVE('',#2536,#2537,#1390,.T.);
#3191=EDGE_CURVE('',#2537,#2535,#1391,.T.);
#3192=EDGE_CURVE('',#2499,#2536,#1392,.T.);
#3193=EDGE_CURVE('',#2501,#2537,#1393,.T.);
#3194=EDGE_CURVE('',#2538,#2539,#1394,.T.);
#3195=EDGE_CURVE('',#2538,#2540,#1395,.T.);
#3196=EDGE_CURVE('',#2540,#2541,#1396,.T.);
#3197=EDGE_CURVE('',#2539,#2541,#1397,.T.);
#3198=EDGE_CURVE('',#2542,#2538,#1398,.T.);
#3199=EDGE_CURVE('',#2542,#2543,#1399,.T.);
#3200=EDGE_CURVE('',#2543,#2540,#1400,.T.);
#3201=EDGE_CURVE('',#2544,#2542,#1401,.T.);
#3202=EDGE_CURVE('',#2544,#2545,#1402,.T.);
#3203=EDGE_CURVE('',#2545,#2543,#1403,.T.);
#3204=EDGE_CURVE('',#2546,#2544,#1404,.T.);
#3205=EDGE_CURVE('',#2546,#2547,#1405,.T.);
#3206=EDGE_CURVE('',#2547,#2545,#1406,.T.);
#3207=EDGE_CURVE('',#2548,#2546,#1407,.T.);
#3208=EDGE_CURVE('',#2548,#2549,#1408,.T.);
#3209=EDGE_CURVE('',#2549,#2547,#1409,.T.);
#3210=EDGE_CURVE('',#2550,#2548,#1410,.T.);
#3211=EDGE_CURVE('',#2550,#2551,#1411,.T.);
#3212=EDGE_CURVE('',#2551,#2549,#1412,.T.);
#3213=EDGE_CURVE('',#2539,#2550,#1413,.T.);
#3214=EDGE_CURVE('',#2541,#2551,#1414,.T.);
#3215=EDGE_CURVE('',#2552,#2553,#1415,.T.);
#3216=EDGE_CURVE('',#2552,#2554,#1416,.T.);
#3217=EDGE_CURVE('',#2554,#2555,#1417,.T.);
#3218=EDGE_CURVE('',#2553,#2555,#1418,.T.);
#3219=EDGE_CURVE('',#2556,#2552,#1419,.T.);
#3220=EDGE_CURVE('',#2556,#2557,#1420,.T.);
#3221=EDGE_CURVE('',#2557,#2554,#1421,.T.);
#3222=EDGE_CURVE('',#2558,#2556,#1422,.T.);
#3223=EDGE_CURVE('',#2558,#2559,#1423,.T.);
#3224=EDGE_CURVE('',#2559,#2557,#1424,.T.);
#3225=EDGE_CURVE('',#2560,#2558,#1425,.T.);
#3226=EDGE_CURVE('',#2560,#2561,#1426,.T.);
#3227=EDGE_CURVE('',#2561,#2559,#1427,.T.);
#3228=EDGE_CURVE('',#2562,#2560,#1428,.T.);
#3229=EDGE_CURVE('',#2562,#2563,#1429,.T.);
#3230=EDGE_CURVE('',#2563,#2561,#1430,.T.);
#3231=EDGE_CURVE('',#2564,#2562,#1431,.T.);
#3232=EDGE_CURVE('',#2564,#2565,#1432,.T.);
#3233=EDGE_CURVE('',#2565,#2563,#1433,.T.);
#3234=EDGE_CURVE('',#2566,#2564,#1434,.T.);
#3235=EDGE_CURVE('',#2566,#2567,#1435,.T.);
#3236=EDGE_CURVE('',#2567,#2565,#1436,.T.);
#3237=EDGE_CURVE('',#2568,#2566,#1437,.T.);
#3238=EDGE_CURVE('',#2568,#2569,#1438,.T.);
#3239=EDGE_CURVE('',#2569,#2567,#1439,.T.);
#3240=EDGE_CURVE('',#2570,#2568,#1440,.T.);
#3241=EDGE_CURVE('',#2570,#2571,#1441,.T.);
#3242=EDGE_CURVE('',#2571,#2569,#1442,.T.);
#3243=EDGE_CURVE('',#2553,#2570,#1443,.T.);
#3244=EDGE_CURVE('',#2555,#2571,#1444,.T.);
#3245=EDGE_CURVE('',#2572,#2573,#1445,.T.);
#3246=EDGE_CURVE('',#2572,#2574,#1446,.T.);
#3247=EDGE_CURVE('',#2574,#2575,#1447,.T.);
#3248=EDGE_CURVE('',#2573,#2575,#1448,.T.);
#3249=EDGE_CURVE('',#2576,#2572,#1449,.T.);
#3250=EDGE_CURVE('',#2576,#2577,#1450,.T.);
#3251=EDGE_CURVE('',#2577,#2574,#1451,.T.);
#3252=EDGE_CURVE('',#2578,#2576,#1452,.T.);
#3253=EDGE_CURVE('',#2578,#2579,#1453,.T.);
#3254=EDGE_CURVE('',#2579,#2577,#1454,.T.);
#3255=EDGE_CURVE('',#2580,#2578,#1455,.T.);
#3256=EDGE_CURVE('',#2580,#2581,#1456,.T.);
#3257=EDGE_CURVE('',#2581,#2579,#1457,.T.);
#3258=EDGE_CURVE('',#2582,#2580,#1458,.T.);
#3259=EDGE_CURVE('',#2582,#2583,#1459,.T.);
#3260=EDGE_CURVE('',#2583,#2581,#1460,.T.);
#3261=EDGE_CURVE('',#2584,#2582,#111,.T.);
#3262=EDGE_CURVE('',#2584,#2585,#1461,.T.);
#3263=EDGE_CURVE('',#2585,#2583,#112,.T.);
#3264=EDGE_CURVE('',#2586,#2584,#113,.T.);
#3265=EDGE_CURVE('',#2586,#2587,#1462,.T.);
#3266=EDGE_CURVE('',#2587,#2585,#114,.T.);
#3267=EDGE_CURVE('',#2588,#2586,#115,.T.);
#3268=EDGE_CURVE('',#2588,#2589,#1463,.T.);
#3269=EDGE_CURVE('',#2589,#2587,#116,.T.);
#3270=EDGE_CURVE('',#2590,#2588,#1464,.T.);
#3271=EDGE_CURVE('',#2590,#2591,#1465,.T.);
#3272=EDGE_CURVE('',#2591,#2589,#1466,.T.);
#3273=EDGE_CURVE('',#2592,#2590,#117,.T.);
#3274=EDGE_CURVE('',#2592,#2593,#1467,.T.);
#3275=EDGE_CURVE('',#2593,#2591,#118,.T.);
#3276=EDGE_CURVE('',#2594,#2592,#119,.T.);
#3277=EDGE_CURVE('',#2594,#2595,#1468,.T.);
#3278=EDGE_CURVE('',#2595,#2593,#120,.T.);
#3279=EDGE_CURVE('',#2596,#2594,#121,.T.);
#3280=EDGE_CURVE('',#2596,#2597,#1469,.T.);
#3281=EDGE_CURVE('',#2597,#2595,#122,.T.);
#3282=EDGE_CURVE('',#2598,#2596,#1470,.T.);
#3283=EDGE_CURVE('',#2598,#2599,#1471,.T.);
#3284=EDGE_CURVE('',#2599,#2597,#1472,.T.);
#3285=EDGE_CURVE('',#2573,#2598,#1473,.T.);
#3286=EDGE_CURVE('',#2575,#2599,#1474,.T.);
#3287=EDGE_CURVE('',#2600,#2601,#1475,.T.);
#3288=EDGE_CURVE('',#2600,#2602,#1476,.T.);
#3289=EDGE_CURVE('',#2602,#2603,#1477,.T.);
#3290=EDGE_CURVE('',#2601,#2603,#1478,.T.);
#3291=EDGE_CURVE('',#2604,#2600,#1479,.T.);
#3292=EDGE_CURVE('',#2604,#2605,#1480,.T.);
#3293=EDGE_CURVE('',#2605,#2602,#1481,.T.);
#3294=EDGE_CURVE('',#2606,#2604,#1482,.T.);
#3295=EDGE_CURVE('',#2606,#2607,#1483,.T.);
#3296=EDGE_CURVE('',#2607,#2605,#1484,.T.);
#3297=EDGE_CURVE('',#2608,#2606,#123,.T.);
#3298=EDGE_CURVE('',#2608,#2609,#1485,.T.);
#3299=EDGE_CURVE('',#2609,#2607,#124,.T.);
#3300=EDGE_CURVE('',#2610,#2608,#125,.T.);
#3301=EDGE_CURVE('',#2610,#2611,#1486,.T.);
#3302=EDGE_CURVE('',#2611,#2609,#126,.T.);
#3303=EDGE_CURVE('',#2612,#2610,#127,.T.);
#3304=EDGE_CURVE('',#2612,#2613,#1487,.T.);
#3305=EDGE_CURVE('',#2613,#2611,#128,.T.);
#3306=EDGE_CURVE('',#2614,#2612,#129,.T.);
#3307=EDGE_CURVE('',#2614,#2615,#1488,.T.);
#3308=EDGE_CURVE('',#2615,#2613,#130,.T.);
#3309=EDGE_CURVE('',#2616,#2614,#1489,.T.);
#3310=EDGE_CURVE('',#2616,#2617,#1490,.T.);
#3311=EDGE_CURVE('',#2617,#2615,#1491,.T.);
#3312=EDGE_CURVE('',#2618,#2616,#1492,.T.);
#3313=EDGE_CURVE('',#2618,#2619,#1493,.T.);
#3314=EDGE_CURVE('',#2619,#2617,#1494,.T.);
#3315=EDGE_CURVE('',#2620,#2618,#1495,.T.);
#3316=EDGE_CURVE('',#2620,#2621,#1496,.T.);
#3317=EDGE_CURVE('',#2621,#2619,#1497,.T.);
#3318=EDGE_CURVE('',#2622,#2620,#131,.T.);
#3319=EDGE_CURVE('',#2622,#2623,#1498,.T.);
#3320=EDGE_CURVE('',#2623,#2621,#132,.T.);
#3321=EDGE_CURVE('',#2624,#2622,#133,.T.);
#3322=EDGE_CURVE('',#2624,#2625,#1499,.T.);
#3323=EDGE_CURVE('',#2625,#2623,#134,.T.);
#3324=EDGE_CURVE('',#2626,#2624,#135,.T.);
#3325=EDGE_CURVE('',#2626,#2627,#1500,.T.);
#3326=EDGE_CURVE('',#2627,#2625,#136,.T.);
#3327=EDGE_CURVE('',#2628,#2626,#137,.T.);
#3328=EDGE_CURVE('',#2628,#2629,#1501,.T.);
#3329=EDGE_CURVE('',#2629,#2627,#138,.T.);
#3330=EDGE_CURVE('',#2630,#2628,#1502,.T.);
#3331=EDGE_CURVE('',#2630,#2631,#1503,.T.);
#3332=EDGE_CURVE('',#2631,#2629,#1504,.T.);
#3333=EDGE_CURVE('',#2601,#2630,#1505,.T.);
#3334=EDGE_CURVE('',#2603,#2631,#1506,.T.);
#3335=EDGE_CURVE('',#2632,#2633,#1507,.T.);
#3336=EDGE_CURVE('',#2632,#2634,#1508,.T.);
#3337=EDGE_CURVE('',#2634,#2635,#1509,.T.);
#3338=EDGE_CURVE('',#2633,#2635,#1510,.T.);
#3339=EDGE_CURVE('',#2636,#2632,#1511,.T.);
#3340=EDGE_CURVE('',#2636,#2637,#1512,.T.);
#3341=EDGE_CURVE('',#2637,#2634,#1513,.T.);
#3342=EDGE_CURVE('',#2638,#2636,#1514,.T.);
#3343=EDGE_CURVE('',#2638,#2639,#1515,.T.);
#3344=EDGE_CURVE('',#2639,#2637,#1516,.T.);
#3345=EDGE_CURVE('',#2640,#2638,#139,.T.);
#3346=EDGE_CURVE('',#2640,#2641,#1517,.T.);
#3347=EDGE_CURVE('',#2641,#2639,#140,.T.);
#3348=EDGE_CURVE('',#2642,#2640,#141,.T.);
#3349=EDGE_CURVE('',#2642,#2643,#1518,.T.);
#3350=EDGE_CURVE('',#2643,#2641,#142,.T.);
#3351=EDGE_CURVE('',#2644,#2642,#143,.T.);
#3352=EDGE_CURVE('',#2644,#2645,#1519,.T.);
#3353=EDGE_CURVE('',#2645,#2643,#144,.T.);
#3354=EDGE_CURVE('',#2646,#2644,#145,.T.);
#3355=EDGE_CURVE('',#2646,#2647,#1520,.T.);
#3356=EDGE_CURVE('',#2647,#2645,#146,.T.);
#3357=EDGE_CURVE('',#2648,#2646,#1521,.T.);
#3358=EDGE_CURVE('',#2648,#2649,#1522,.T.);
#3359=EDGE_CURVE('',#2649,#2647,#1523,.T.);
#3360=EDGE_CURVE('',#2650,#2648,#147,.T.);
#3361=EDGE_CURVE('',#2650,#2651,#1524,.T.);
#3362=EDGE_CURVE('',#2651,#2649,#148,.T.);
#3363=EDGE_CURVE('',#2652,#2650,#149,.T.);
#3364=EDGE_CURVE('',#2652,#2653,#1525,.T.);
#3365=EDGE_CURVE('',#2653,#2651,#150,.T.);
#3366=EDGE_CURVE('',#2654,#2652,#151,.T.);
#3367=EDGE_CURVE('',#2654,#2655,#1526,.T.);
#3368=EDGE_CURVE('',#2655,#2653,#152,.T.);
#3369=EDGE_CURVE('',#2656,#2654,#153,.T.);
#3370=EDGE_CURVE('',#2656,#2657,#1527,.T.);
#3371=EDGE_CURVE('',#2657,#2655,#154,.T.);
#3372=EDGE_CURVE('',#2658,#2656,#1528,.T.);
#3373=EDGE_CURVE('',#2658,#2659,#1529,.T.);
#3374=EDGE_CURVE('',#2659,#2657,#1530,.T.);
#3375=EDGE_CURVE('',#2633,#2658,#1531,.T.);
#3376=EDGE_CURVE('',#2635,#2659,#1532,.T.);
#3377=EDGE_CURVE('',#2660,#2661,#155,.T.);
#3378=EDGE_CURVE('',#2660,#2662,#1533,.T.);
#3379=EDGE_CURVE('',#2662,#2663,#156,.T.);
#3380=EDGE_CURVE('',#2661,#2663,#1534,.T.);
#3381=EDGE_CURVE('',#2664,#2660,#1535,.T.);
#3382=EDGE_CURVE('',#2664,#2665,#1536,.T.);
#3383=EDGE_CURVE('',#2665,#2662,#1537,.T.);
#3384=EDGE_CURVE('',#2666,#2664,#157,.T.);
#3385=EDGE_CURVE('',#2666,#2667,#1538,.T.);
#3386=EDGE_CURVE('',#2667,#2665,#158,.T.);
#3387=EDGE_CURVE('',#2668,#2666,#159,.T.);
#3388=EDGE_CURVE('',#2668,#2669,#1539,.T.);
#3389=EDGE_CURVE('',#2669,#2667,#160,.T.);
#3390=EDGE_CURVE('',#2661,#2668,#161,.T.);
#3391=EDGE_CURVE('',#2663,#2669,#162,.T.);
#3392=EDGE_CURVE('',#2670,#2671,#163,.T.);
#3393=EDGE_CURVE('',#2670,#2672,#1540,.T.);
#3394=EDGE_CURVE('',#2672,#2673,#164,.T.);
#3395=EDGE_CURVE('',#2671,#2673,#1541,.T.);
#3396=EDGE_CURVE('',#2674,#2670,#165,.T.);
#3397=EDGE_CURVE('',#2674,#2675,#1542,.T.);
#3398=EDGE_CURVE('',#2675,#2672,#166,.T.);
#3399=EDGE_CURVE('',#2676,#2674,#167,.T.);
#3400=EDGE_CURVE('',#2676,#2677,#1543,.T.);
#3401=EDGE_CURVE('',#2677,#2675,#168,.T.);
#3402=EDGE_CURVE('',#2678,#2676,#169,.T.);
#3403=EDGE_CURVE('',#2678,#2679,#1544,.T.);
#3404=EDGE_CURVE('',#2679,#2677,#170,.T.);
#3405=EDGE_CURVE('',#2680,#2678,#171,.T.);
#3406=EDGE_CURVE('',#2680,#2681,#1545,.T.);
#3407=EDGE_CURVE('',#2681,#2679,#172,.T.);
#3408=EDGE_CURVE('',#2682,#2680,#173,.T.);
#3409=EDGE_CURVE('',#2682,#2683,#1546,.T.);
#3410=EDGE_CURVE('',#2683,#2681,#174,.T.);
#3411=EDGE_CURVE('',#2684,#2682,#175,.T.);
#3412=EDGE_CURVE('',#2684,#2685,#1547,.T.);
#3413=EDGE_CURVE('',#2685,#2683,#176,.T.);
#3414=EDGE_CURVE('',#2686,#2684,#177,.T.);
#3415=EDGE_CURVE('',#2686,#2687,#1548,.T.);
#3416=EDGE_CURVE('',#2687,#2685,#178,.T.);
#3417=EDGE_CURVE('',#2688,#2686,#179,.T.);
#3418=EDGE_CURVE('',#2688,#2689,#1549,.T.);
#3419=EDGE_CURVE('',#2689,#2687,#180,.T.);
#3420=EDGE_CURVE('',#2690,#2688,#181,.T.);
#3421=EDGE_CURVE('',#2690,#2691,#1550,.T.);
#3422=EDGE_CURVE('',#2691,#2689,#182,.T.);
#3423=EDGE_CURVE('',#2692,#2690,#183,.T.);
#3424=EDGE_CURVE('',#2692,#2693,#1551,.T.);
#3425=EDGE_CURVE('',#2693,#2691,#184,.T.);
#3426=EDGE_CURVE('',#2694,#2692,#185,.T.);
#3427=EDGE_CURVE('',#2694,#2695,#1552,.T.);
#3428=EDGE_CURVE('',#2695,#2693,#186,.T.);
#3429=EDGE_CURVE('',#2696,#2694,#1553,.T.);
#3430=EDGE_CURVE('',#2696,#2697,#1554,.T.);
#3431=EDGE_CURVE('',#2697,#2695,#1555,.T.);
#3432=EDGE_CURVE('',#2698,#2696,#187,.T.);
#3433=EDGE_CURVE('',#2698,#2699,#1556,.T.);
#3434=EDGE_CURVE('',#2699,#2697,#188,.T.);
#3435=EDGE_CURVE('',#2700,#2698,#189,.T.);
#3436=EDGE_CURVE('',#2700,#2701,#1557,.T.);
#3437=EDGE_CURVE('',#2701,#2699,#190,.T.);
#3438=EDGE_CURVE('',#2702,#2700,#191,.T.);
#3439=EDGE_CURVE('',#2702,#2703,#1558,.T.);
#3440=EDGE_CURVE('',#2703,#2701,#192,.T.);
#3441=EDGE_CURVE('',#2704,#2702,#193,.T.);
#3442=EDGE_CURVE('',#2704,#2705,#1559,.T.);
#3443=EDGE_CURVE('',#2705,#2703,#194,.T.);
#3444=EDGE_CURVE('',#2671,#2704,#1560,.T.);
#3445=EDGE_CURVE('',#2673,#2705,#1561,.T.);
#3446=EDGE_CURVE('',#2706,#2707,#1562,.T.);
#3447=EDGE_CURVE('',#2706,#2708,#1563,.T.);
#3448=EDGE_CURVE('',#2708,#2709,#1564,.T.);
#3449=EDGE_CURVE('',#2707,#2709,#1565,.T.);
#3450=EDGE_CURVE('',#2710,#2706,#1566,.T.);
#3451=EDGE_CURVE('',#2710,#2711,#1567,.T.);
#3452=EDGE_CURVE('',#2711,#2708,#1568,.T.);
#3453=EDGE_CURVE('',#2712,#2710,#1569,.T.);
#3454=EDGE_CURVE('',#2712,#2713,#1570,.T.);
#3455=EDGE_CURVE('',#2713,#2711,#1571,.T.);
#3456=EDGE_CURVE('',#2714,#2712,#1572,.T.);
#3457=EDGE_CURVE('',#2714,#2715,#1573,.T.);
#3458=EDGE_CURVE('',#2715,#2713,#1574,.T.);
#3459=EDGE_CURVE('',#2716,#2714,#1575,.T.);
#3460=EDGE_CURVE('',#2716,#2717,#1576,.T.);
#3461=EDGE_CURVE('',#2717,#2715,#1577,.T.);
#3462=EDGE_CURVE('',#2718,#2716,#1578,.T.);
#3463=EDGE_CURVE('',#2718,#2719,#1579,.T.);
#3464=EDGE_CURVE('',#2719,#2717,#1580,.T.);
#3465=EDGE_CURVE('',#2707,#2718,#1581,.T.);
#3466=EDGE_CURVE('',#2709,#2719,#1582,.T.);
#3467=EDGE_CURVE('',#2720,#2721,#1583,.T.);
#3468=EDGE_CURVE('',#2720,#2722,#1584,.T.);
#3469=EDGE_CURVE('',#2722,#2723,#1585,.T.);
#3470=EDGE_CURVE('',#2721,#2723,#1586,.T.);
#3471=EDGE_CURVE('',#2724,#2720,#1587,.T.);
#3472=EDGE_CURVE('',#2724,#2725,#1588,.T.);
#3473=EDGE_CURVE('',#2725,#2722,#1589,.T.);
#3474=EDGE_CURVE('',#2726,#2724,#1590,.T.);
#3475=EDGE_CURVE('',#2726,#2727,#1591,.T.);
#3476=EDGE_CURVE('',#2727,#2725,#1592,.T.);
#3477=EDGE_CURVE('',#2728,#2726,#195,.T.);
#3478=EDGE_CURVE('',#2728,#2729,#1593,.T.);
#3479=EDGE_CURVE('',#2729,#2727,#196,.T.);
#3480=EDGE_CURVE('',#2730,#2728,#197,.T.);
#3481=EDGE_CURVE('',#2730,#2731,#1594,.T.);
#3482=EDGE_CURVE('',#2731,#2729,#198,.T.);
#3483=EDGE_CURVE('',#2732,#2730,#1595,.T.);
#3484=EDGE_CURVE('',#2732,#2733,#1596,.T.);
#3485=EDGE_CURVE('',#2733,#2731,#1597,.T.);
#3486=EDGE_CURVE('',#2734,#2732,#1598,.T.);
#3487=EDGE_CURVE('',#2734,#2735,#1599,.T.);
#3488=EDGE_CURVE('',#2735,#2733,#1600,.T.);
#3489=EDGE_CURVE('',#2736,#2734,#1601,.T.);
#3490=EDGE_CURVE('',#2736,#2737,#1602,.T.);
#3491=EDGE_CURVE('',#2737,#2735,#1603,.T.);
#3492=EDGE_CURVE('',#2738,#2736,#199,.T.);
#3493=EDGE_CURVE('',#2738,#2739,#1604,.T.);
#3494=EDGE_CURVE('',#2739,#2737,#200,.T.);
#3495=EDGE_CURVE('',#2740,#2738,#201,.T.);
#3496=EDGE_CURVE('',#2740,#2741,#1605,.T.);
#3497=EDGE_CURVE('',#2741,#2739,#202,.T.);
#3498=EDGE_CURVE('',#2742,#2740,#203,.T.);
#3499=EDGE_CURVE('',#2742,#2743,#1606,.T.);
#3500=EDGE_CURVE('',#2743,#2741,#204,.T.);
#3501=EDGE_CURVE('',#2744,#2742,#205,.T.);
#3502=EDGE_CURVE('',#2744,#2745,#1607,.T.);
#3503=EDGE_CURVE('',#2745,#2743,#206,.T.);
#3504=EDGE_CURVE('',#2746,#2744,#1608,.T.);
#3505=EDGE_CURVE('',#2746,#2747,#1609,.T.);
#3506=EDGE_CURVE('',#2747,#2745,#1610,.T.);
#3507=EDGE_CURVE('',#2748,#2746,#1611,.T.);
#3508=EDGE_CURVE('',#2748,#2749,#1612,.T.);
#3509=EDGE_CURVE('',#2749,#2747,#1613,.T.);
#3510=EDGE_CURVE('',#2750,#2748,#1614,.T.);
#3511=EDGE_CURVE('',#2750,#2751,#1615,.T.);
#3512=EDGE_CURVE('',#2751,#2749,#1616,.T.);
#3513=EDGE_CURVE('',#2752,#2750,#1617,.T.);
#3514=EDGE_CURVE('',#2752,#2753,#1618,.T.);
#3515=EDGE_CURVE('',#2753,#2751,#1619,.T.);
#3516=EDGE_CURVE('',#2754,#2752,#1620,.T.);
#3517=EDGE_CURVE('',#2754,#2755,#1621,.T.);
#3518=EDGE_CURVE('',#2755,#2753,#1622,.T.);
#3519=EDGE_CURVE('',#2756,#2754,#1623,.T.);
#3520=EDGE_CURVE('',#2756,#2757,#1624,.T.);
#3521=EDGE_CURVE('',#2757,#2755,#1625,.T.);
#3522=EDGE_CURVE('',#2758,#2756,#1626,.T.);
#3523=EDGE_CURVE('',#2758,#2759,#1627,.T.);
#3524=EDGE_CURVE('',#2759,#2757,#1628,.T.);
#3525=EDGE_CURVE('',#2721,#2758,#1629,.T.);
#3526=EDGE_CURVE('',#2723,#2759,#1630,.T.);
#3527=EDGE_CURVE('',#2760,#2761,#207,.T.);
#3528=EDGE_CURVE('',#2760,#2762,#1631,.T.);
#3529=EDGE_CURVE('',#2762,#2763,#208,.T.);
#3530=EDGE_CURVE('',#2761,#2763,#1632,.T.);
#3531=EDGE_CURVE('',#2764,#2760,#1633,.T.);
#3532=EDGE_CURVE('',#2764,#2765,#1634,.T.);
#3533=EDGE_CURVE('',#2765,#2762,#1635,.T.);
#3534=EDGE_CURVE('',#2766,#2764,#209,.T.);
#3535=EDGE_CURVE('',#2766,#2767,#1636,.T.);
#3536=EDGE_CURVE('',#2767,#2765,#210,.T.);
#3537=EDGE_CURVE('',#2768,#2766,#211,.T.);
#3538=EDGE_CURVE('',#2768,#2769,#1637,.T.);
#3539=EDGE_CURVE('',#2769,#2767,#212,.T.);
#3540=EDGE_CURVE('',#2770,#2768,#213,.T.);
#3541=EDGE_CURVE('',#2770,#2771,#1638,.T.);
#3542=EDGE_CURVE('',#2771,#2769,#214,.T.);
#3543=EDGE_CURVE('',#2772,#2770,#215,.T.);
#3544=EDGE_CURVE('',#2772,#2773,#1639,.T.);
#3545=EDGE_CURVE('',#2773,#2771,#216,.T.);
#3546=EDGE_CURVE('',#2774,#2772,#217,.T.);
#3547=EDGE_CURVE('',#2774,#2775,#1640,.T.);
#3548=EDGE_CURVE('',#2775,#2773,#218,.T.);
#3549=EDGE_CURVE('',#2776,#2774,#219,.T.);
#3550=EDGE_CURVE('',#2776,#2777,#1641,.T.);
#3551=EDGE_CURVE('',#2777,#2775,#220,.T.);
#3552=EDGE_CURVE('',#2761,#2776,#221,.T.);
#3553=EDGE_CURVE('',#2763,#2777,#222,.T.);
#3554=EDGE_CURVE('',#2778,#2779,#223,.T.);
#3555=EDGE_CURVE('',#2778,#2780,#1642,.T.);
#3556=EDGE_CURVE('',#2780,#2781,#224,.T.);
#3557=EDGE_CURVE('',#2779,#2781,#1643,.T.);
#3558=EDGE_CURVE('',#2782,#2778,#225,.T.);
#3559=EDGE_CURVE('',#2782,#2783,#1644,.T.);
#3560=EDGE_CURVE('',#2783,#2780,#226,.T.);
#3561=EDGE_CURVE('',#2784,#2782,#227,.T.);
#3562=EDGE_CURVE('',#2784,#2785,#1645,.T.);
#3563=EDGE_CURVE('',#2785,#2783,#228,.T.);
#3564=EDGE_CURVE('',#2786,#2784,#229,.T.);
#3565=EDGE_CURVE('',#2786,#2787,#1646,.T.);
#3566=EDGE_CURVE('',#2787,#2785,#230,.T.);
#3567=EDGE_CURVE('',#2788,#2786,#231,.T.);
#3568=EDGE_CURVE('',#2788,#2789,#1647,.T.);
#3569=EDGE_CURVE('',#2789,#2787,#232,.T.);
#3570=EDGE_CURVE('',#2790,#2788,#233,.T.);
#3571=EDGE_CURVE('',#2790,#2791,#1648,.T.);
#3572=EDGE_CURVE('',#2791,#2789,#234,.T.);
#3573=EDGE_CURVE('',#2792,#2790,#235,.T.);
#3574=EDGE_CURVE('',#2792,#2793,#1649,.T.);
#3575=EDGE_CURVE('',#2793,#2791,#236,.T.);
#3576=EDGE_CURVE('',#2794,#2792,#237,.T.);
#3577=EDGE_CURVE('',#2794,#2795,#1650,.T.);
#3578=EDGE_CURVE('',#2795,#2793,#238,.T.);
#3579=EDGE_CURVE('',#2796,#2794,#239,.T.);
#3580=EDGE_CURVE('',#2796,#2797,#1651,.T.);
#3581=EDGE_CURVE('',#2797,#2795,#240,.T.);
#3582=EDGE_CURVE('',#2798,#2796,#1652,.T.);
#3583=EDGE_CURVE('',#2798,#2799,#1653,.T.);
#3584=EDGE_CURVE('',#2799,#2797,#1654,.T.);
#3585=EDGE_CURVE('',#2800,#2798,#1655,.T.);
#3586=EDGE_CURVE('',#2800,#2801,#1656,.T.);
#3587=EDGE_CURVE('',#2801,#2799,#1657,.T.);
#3588=EDGE_CURVE('',#2802,#2800,#1658,.T.);
#3589=EDGE_CURVE('',#2802,#2803,#1659,.T.);
#3590=EDGE_CURVE('',#2803,#2801,#1660,.T.);
#3591=EDGE_CURVE('',#2804,#2802,#1661,.T.);
#3592=EDGE_CURVE('',#2804,#2805,#1662,.T.);
#3593=EDGE_CURVE('',#2805,#2803,#1663,.T.);
#3594=EDGE_CURVE('',#2779,#2804,#1664,.T.);
#3595=EDGE_CURVE('',#2781,#2805,#1665,.T.);
#3596=EDGE_CURVE('',#2806,#2807,#241,.T.);
#3597=EDGE_CURVE('',#2806,#2808,#1666,.T.);
#3598=EDGE_CURVE('',#2808,#2809,#242,.T.);
#3599=EDGE_CURVE('',#2807,#2809,#1667,.T.);
#3600=EDGE_CURVE('',#2810,#2806,#243,.T.);
#3601=EDGE_CURVE('',#2810,#2811,#1668,.T.);
#3602=EDGE_CURVE('',#2811,#2808,#244,.T.);
#3603=EDGE_CURVE('',#2812,#2810,#245,.T.);
#3604=EDGE_CURVE('',#2812,#2813,#1669,.T.);
#3605=EDGE_CURVE('',#2813,#2811,#246,.T.);
#3606=EDGE_CURVE('',#2814,#2812,#247,.T.);
#3607=EDGE_CURVE('',#2814,#2815,#1670,.T.);
#3608=EDGE_CURVE('',#2815,#2813,#248,.T.);
#3609=EDGE_CURVE('',#2816,#2814,#249,.T.);
#3610=EDGE_CURVE('',#2816,#2817,#1671,.T.);
#3611=EDGE_CURVE('',#2817,#2815,#250,.T.);
#3612=EDGE_CURVE('',#2818,#2816,#251,.T.);
#3613=EDGE_CURVE('',#2818,#2819,#1672,.T.);
#3614=EDGE_CURVE('',#2819,#2817,#252,.T.);
#3615=EDGE_CURVE('',#2820,#2818,#253,.T.);
#3616=EDGE_CURVE('',#2820,#2821,#1673,.T.);
#3617=EDGE_CURVE('',#2821,#2819,#254,.T.);
#3618=EDGE_CURVE('',#2807,#2820,#255,.T.);
#3619=EDGE_CURVE('',#2809,#2821,#256,.T.);
#3620=EDGE_CURVE('',#2822,#2823,#257,.T.);
#3621=EDGE_CURVE('',#2822,#2824,#1674,.T.);
#3622=EDGE_CURVE('',#2824,#2825,#258,.T.);
#3623=EDGE_CURVE('',#2823,#2825,#1675,.T.);
#3624=EDGE_CURVE('',#2826,#2822,#259,.T.);
#3625=EDGE_CURVE('',#2826,#2827,#1676,.T.);
#3626=EDGE_CURVE('',#2827,#2824,#260,.T.);
#3627=EDGE_CURVE('',#2828,#2826,#261,.T.);
#3628=EDGE_CURVE('',#2828,#2829,#1677,.T.);
#3629=EDGE_CURVE('',#2829,#2827,#262,.T.);
#3630=EDGE_CURVE('',#2830,#2828,#263,.T.);
#3631=EDGE_CURVE('',#2830,#2831,#1678,.T.);
#3632=EDGE_CURVE('',#2831,#2829,#264,.T.);
#3633=EDGE_CURVE('',#2832,#2830,#265,.T.);
#3634=EDGE_CURVE('',#2832,#2833,#1679,.T.);
#3635=EDGE_CURVE('',#2833,#2831,#266,.T.);
#3636=EDGE_CURVE('',#2834,#2832,#267,.T.);
#3637=EDGE_CURVE('',#2834,#2835,#1680,.T.);
#3638=EDGE_CURVE('',#2835,#2833,#268,.T.);
#3639=EDGE_CURVE('',#2836,#2834,#269,.T.);
#3640=EDGE_CURVE('',#2836,#2837,#1681,.T.);
#3641=EDGE_CURVE('',#2837,#2835,#270,.T.);
#3642=EDGE_CURVE('',#2838,#2836,#271,.T.);
#3643=EDGE_CURVE('',#2838,#2839,#1682,.T.);
#3644=EDGE_CURVE('',#2839,#2837,#272,.T.);
#3645=EDGE_CURVE('',#2840,#2838,#273,.T.);
#3646=EDGE_CURVE('',#2840,#2841,#1683,.T.);
#3647=EDGE_CURVE('',#2841,#2839,#274,.T.);
#3648=EDGE_CURVE('',#2823,#2840,#275,.T.);
#3649=EDGE_CURVE('',#2825,#2841,#276,.T.);
#3650=EDGE_CURVE('',#2842,#2843,#1684,.T.);
#3651=EDGE_CURVE('',#2842,#2844,#1685,.T.);
#3652=EDGE_CURVE('',#2844,#2845,#1686,.T.);
#3653=EDGE_CURVE('',#2843,#2845,#1687,.T.);
#3654=EDGE_CURVE('',#2846,#2842,#1688,.T.);
#3655=EDGE_CURVE('',#2846,#2847,#1689,.T.);
#3656=EDGE_CURVE('',#2847,#2844,#1690,.T.);
#3657=EDGE_CURVE('',#2848,#2846,#1691,.T.);
#3658=EDGE_CURVE('',#2848,#2849,#1692,.T.);
#3659=EDGE_CURVE('',#2849,#2847,#1693,.T.);
#3660=EDGE_CURVE('',#2850,#2848,#1694,.T.);
#3661=EDGE_CURVE('',#2850,#2851,#1695,.T.);
#3662=EDGE_CURVE('',#2851,#2849,#1696,.T.);
#3663=EDGE_CURVE('',#2852,#2850,#1697,.T.);
#3664=EDGE_CURVE('',#2852,#2853,#1698,.T.);
#3665=EDGE_CURVE('',#2853,#2851,#1699,.T.);
#3666=EDGE_CURVE('',#2854,#2852,#1700,.T.);
#3667=EDGE_CURVE('',#2854,#2855,#1701,.T.);
#3668=EDGE_CURVE('',#2855,#2853,#1702,.T.);
#3669=EDGE_CURVE('',#2856,#2854,#1703,.T.);
#3670=EDGE_CURVE('',#2856,#2857,#1704,.T.);
#3671=EDGE_CURVE('',#2857,#2855,#1705,.T.);
#3672=EDGE_CURVE('',#2858,#2856,#1706,.T.);
#3673=EDGE_CURVE('',#2858,#2859,#1707,.T.);
#3674=EDGE_CURVE('',#2859,#2857,#1708,.T.);
#3675=EDGE_CURVE('',#2860,#2858,#1709,.T.);
#3676=EDGE_CURVE('',#2860,#2861,#1710,.T.);
#3677=EDGE_CURVE('',#2861,#2859,#1711,.T.);
#3678=EDGE_CURVE('',#2862,#2860,#1712,.T.);
#3679=EDGE_CURVE('',#2862,#2863,#1713,.T.);
#3680=EDGE_CURVE('',#2863,#2861,#1714,.T.);
#3681=EDGE_CURVE('',#2843,#2862,#1715,.T.);
#3682=EDGE_CURVE('',#2845,#2863,#1716,.T.);
#3683=EDGE_CURVE('',#2864,#2865,#277,.T.);
#3684=EDGE_CURVE('',#2864,#2866,#1717,.T.);
#3685=EDGE_CURVE('',#2866,#2867,#278,.T.);
#3686=EDGE_CURVE('',#2865,#2867,#1718,.T.);
#3687=EDGE_CURVE('',#2868,#2864,#279,.T.);
#3688=EDGE_CURVE('',#2868,#2869,#1719,.T.);
#3689=EDGE_CURVE('',#2869,#2866,#280,.T.);
#3690=EDGE_CURVE('',#2870,#2868,#281,.T.);
#3691=EDGE_CURVE('',#2870,#2871,#1720,.T.);
#3692=EDGE_CURVE('',#2871,#2869,#282,.T.);
#3693=EDGE_CURVE('',#2872,#2870,#283,.T.);
#3694=EDGE_CURVE('',#2872,#2873,#1721,.T.);
#3695=EDGE_CURVE('',#2873,#2871,#284,.T.);
#3696=EDGE_CURVE('',#2874,#2872,#1722,.T.);
#3697=EDGE_CURVE('',#2874,#2875,#1723,.T.);
#3698=EDGE_CURVE('',#2875,#2873,#1724,.T.);
#3699=EDGE_CURVE('',#2876,#2874,#1725,.T.);
#3700=EDGE_CURVE('',#2876,#2877,#1726,.T.);
#3701=EDGE_CURVE('',#2877,#2875,#1727,.T.);
#3702=EDGE_CURVE('',#2878,#2876,#1728,.T.);
#3703=EDGE_CURVE('',#2878,#2879,#1729,.T.);
#3704=EDGE_CURVE('',#2879,#2877,#1730,.T.);
#3705=EDGE_CURVE('',#2880,#2878,#1731,.T.);
#3706=EDGE_CURVE('',#2880,#2881,#1732,.T.);
#3707=EDGE_CURVE('',#2881,#2879,#1733,.T.);
#3708=EDGE_CURVE('',#2882,#2880,#1734,.T.);
#3709=EDGE_CURVE('',#2882,#2883,#1735,.T.);
#3710=EDGE_CURVE('',#2883,#2881,#1736,.T.);
#3711=EDGE_CURVE('',#2884,#2882,#1737,.T.);
#3712=EDGE_CURVE('',#2884,#2885,#1738,.T.);
#3713=EDGE_CURVE('',#2885,#2883,#1739,.T.);
#3714=EDGE_CURVE('',#2886,#2884,#1740,.T.);
#3715=EDGE_CURVE('',#2886,#2887,#1741,.T.);
#3716=EDGE_CURVE('',#2887,#2885,#1742,.T.);
#3717=EDGE_CURVE('',#2888,#2886,#1743,.T.);
#3718=EDGE_CURVE('',#2888,#2889,#1744,.T.);
#3719=EDGE_CURVE('',#2889,#2887,#1745,.T.);
#3720=EDGE_CURVE('',#2890,#2888,#1746,.T.);
#3721=EDGE_CURVE('',#2890,#2891,#1747,.T.);
#3722=EDGE_CURVE('',#2891,#2889,#1748,.T.);
#3723=EDGE_CURVE('',#2892,#2890,#1749,.T.);
#3724=EDGE_CURVE('',#2892,#2893,#1750,.T.);
#3725=EDGE_CURVE('',#2893,#2891,#1751,.T.);
#3726=EDGE_CURVE('',#2894,#2892,#1752,.T.);
#3727=EDGE_CURVE('',#2894,#2895,#1753,.T.);
#3728=EDGE_CURVE('',#2895,#2893,#1754,.T.);
#3729=EDGE_CURVE('',#2896,#2894,#285,.T.);
#3730=EDGE_CURVE('',#2896,#2897,#1755,.T.);
#3731=EDGE_CURVE('',#2897,#2895,#286,.T.);
#3732=EDGE_CURVE('',#2898,#2896,#287,.T.);
#3733=EDGE_CURVE('',#2898,#2899,#1756,.T.);
#3734=EDGE_CURVE('',#2899,#2897,#288,.T.);
#3735=EDGE_CURVE('',#2900,#2898,#289,.T.);
#3736=EDGE_CURVE('',#2900,#2901,#1757,.T.);
#3737=EDGE_CURVE('',#2901,#2899,#290,.T.);
#3738=EDGE_CURVE('',#2902,#2900,#291,.T.);
#3739=EDGE_CURVE('',#2902,#2903,#1758,.T.);
#3740=EDGE_CURVE('',#2903,#2901,#292,.T.);
#3741=EDGE_CURVE('',#2865,#2902,#1759,.T.);
#3742=EDGE_CURVE('',#2867,#2903,#1760,.T.);
#3743=EDGE_CURVE('',#2904,#2905,#293,.T.);
#3744=EDGE_CURVE('',#2904,#2906,#1761,.T.);
#3745=EDGE_CURVE('',#2906,#2907,#294,.T.);
#3746=EDGE_CURVE('',#2905,#2907,#1762,.T.);
#3747=EDGE_CURVE('',#2908,#2904,#295,.T.);
#3748=EDGE_CURVE('',#2908,#2909,#1763,.T.);
#3749=EDGE_CURVE('',#2909,#2906,#296,.T.);
#3750=EDGE_CURVE('',#2910,#2908,#297,.T.);
#3751=EDGE_CURVE('',#2910,#2911,#1764,.T.);
#3752=EDGE_CURVE('',#2911,#2909,#298,.T.);
#3753=EDGE_CURVE('',#2912,#2910,#299,.T.);
#3754=EDGE_CURVE('',#2912,#2913,#1765,.T.);
#3755=EDGE_CURVE('',#2913,#2911,#300,.T.);
#3756=EDGE_CURVE('',#2914,#2912,#301,.T.);
#3757=EDGE_CURVE('',#2914,#2915,#1766,.T.);
#3758=EDGE_CURVE('',#2915,#2913,#302,.T.);
#3759=EDGE_CURVE('',#2916,#2914,#303,.T.);
#3760=EDGE_CURVE('',#2916,#2917,#1767,.T.);
#3761=EDGE_CURVE('',#2917,#2915,#304,.T.);
#3762=EDGE_CURVE('',#2918,#2916,#305,.T.);
#3763=EDGE_CURVE('',#2918,#2919,#1768,.T.);
#3764=EDGE_CURVE('',#2919,#2917,#306,.T.);
#3765=EDGE_CURVE('',#2905,#2918,#307,.T.);
#3766=EDGE_CURVE('',#2907,#2919,#308,.T.);
#3767=EDGE_CURVE('',#2920,#2921,#309,.T.);
#3768=EDGE_CURVE('',#2920,#2922,#1769,.T.);
#3769=EDGE_CURVE('',#2922,#2923,#310,.T.);
#3770=EDGE_CURVE('',#2921,#2923,#1770,.T.);
#3771=EDGE_CURVE('',#2924,#2920,#311,.T.);
#3772=EDGE_CURVE('',#2924,#2925,#1771,.T.);
#3773=EDGE_CURVE('',#2925,#2922,#312,.T.);
#3774=EDGE_CURVE('',#2926,#2924,#1772,.T.);
#3775=EDGE_CURVE('',#2926,#2927,#1773,.T.);
#3776=EDGE_CURVE('',#2927,#2925,#1774,.T.);
#3777=EDGE_CURVE('',#2928,#2926,#1775,.T.);
#3778=EDGE_CURVE('',#2928,#2929,#1776,.T.);
#3779=EDGE_CURVE('',#2929,#2927,#1777,.T.);
#3780=EDGE_CURVE('',#2930,#2928,#313,.T.);
#3781=EDGE_CURVE('',#2930,#2931,#1778,.T.);
#3782=EDGE_CURVE('',#2931,#2929,#314,.T.);
#3783=EDGE_CURVE('',#2932,#2930,#315,.T.);
#3784=EDGE_CURVE('',#2932,#2933,#1779,.T.);
#3785=EDGE_CURVE('',#2933,#2931,#316,.T.);
#3786=EDGE_CURVE('',#2921,#2932,#317,.T.);
#3787=EDGE_CURVE('',#2923,#2933,#318,.T.);
#3788=EDGE_CURVE('',#2934,#2935,#319,.T.);
#3789=EDGE_CURVE('',#2934,#2936,#1780,.T.);
#3790=EDGE_CURVE('',#2936,#2937,#320,.T.);
#3791=EDGE_CURVE('',#2935,#2937,#1781,.T.);
#3792=EDGE_CURVE('',#2938,#2934,#321,.T.);
#3793=EDGE_CURVE('',#2938,#2939,#1782,.T.);
#3794=EDGE_CURVE('',#2939,#2936,#322,.T.);
#3795=EDGE_CURVE('',#2940,#2938,#323,.T.);
#3796=EDGE_CURVE('',#2940,#2941,#1783,.T.);
#3797=EDGE_CURVE('',#2941,#2939,#324,.T.);
#3798=EDGE_CURVE('',#2942,#2940,#325,.T.);
#3799=EDGE_CURVE('',#2942,#2943,#1784,.T.);
#3800=EDGE_CURVE('',#2943,#2941,#326,.T.);
#3801=EDGE_CURVE('',#2944,#2942,#1785,.T.);
#3802=EDGE_CURVE('',#2944,#2945,#1786,.T.);
#3803=EDGE_CURVE('',#2945,#2943,#1787,.T.);
#3804=EDGE_CURVE('',#2946,#2944,#327,.T.);
#3805=EDGE_CURVE('',#2946,#2947,#1788,.T.);
#3806=EDGE_CURVE('',#2947,#2945,#328,.T.);
#3807=EDGE_CURVE('',#2948,#2946,#329,.T.);
#3808=EDGE_CURVE('',#2948,#2949,#1789,.T.);
#3809=EDGE_CURVE('',#2949,#2947,#330,.T.);
#3810=EDGE_CURVE('',#2950,#2948,#331,.T.);
#3811=EDGE_CURVE('',#2950,#2951,#1790,.T.);
#3812=EDGE_CURVE('',#2951,#2949,#332,.T.);
#3813=EDGE_CURVE('',#2952,#2950,#333,.T.);
#3814=EDGE_CURVE('',#2952,#2953,#1791,.T.);
#3815=EDGE_CURVE('',#2953,#2951,#334,.T.);
#3816=EDGE_CURVE('',#2954,#2952,#1792,.T.);
#3817=EDGE_CURVE('',#2954,#2955,#1793,.T.);
#3818=EDGE_CURVE('',#2955,#2953,#1794,.T.);
#3819=EDGE_CURVE('',#2956,#2954,#1795,.T.);
#3820=EDGE_CURVE('',#2956,#2957,#1796,.T.);
#3821=EDGE_CURVE('',#2957,#2955,#1797,.T.);
#3822=EDGE_CURVE('',#2958,#2956,#335,.T.);
#3823=EDGE_CURVE('',#2958,#2959,#1798,.T.);
#3824=EDGE_CURVE('',#2959,#2957,#336,.T.);
#3825=EDGE_CURVE('',#2960,#2958,#337,.T.);
#3826=EDGE_CURVE('',#2960,#2961,#1799,.T.);
#3827=EDGE_CURVE('',#2961,#2959,#338,.T.);
#3828=EDGE_CURVE('',#2962,#2960,#339,.T.);
#3829=EDGE_CURVE('',#2962,#2963,#1800,.T.);
#3830=EDGE_CURVE('',#2963,#2961,#340,.T.);
#3831=EDGE_CURVE('',#2964,#2962,#341,.T.);
#3832=EDGE_CURVE('',#2964,#2965,#1801,.T.);
#3833=EDGE_CURVE('',#2965,#2963,#342,.T.);
#3834=EDGE_CURVE('',#2966,#2964,#343,.T.);
#3835=EDGE_CURVE('',#2966,#2967,#1802,.T.);
#3836=EDGE_CURVE('',#2967,#2965,#344,.T.);
#3837=EDGE_CURVE('',#2968,#2966,#345,.T.);
#3838=EDGE_CURVE('',#2968,#2969,#1803,.T.);
#3839=EDGE_CURVE('',#2969,#2967,#346,.T.);
#3840=EDGE_CURVE('',#2970,#2968,#347,.T.);
#3841=EDGE_CURVE('',#2970,#2971,#1804,.T.);
#3842=EDGE_CURVE('',#2971,#2969,#348,.T.);
#3843=EDGE_CURVE('',#2972,#2970,#349,.T.);
#3844=EDGE_CURVE('',#2972,#2973,#1805,.T.);
#3845=EDGE_CURVE('',#2973,#2971,#350,.T.);
#3846=EDGE_CURVE('',#2974,#2972,#1806,.T.);
#3847=EDGE_CURVE('',#2974,#2975,#1807,.T.);
#3848=EDGE_CURVE('',#2975,#2973,#1808,.T.);
#3849=EDGE_CURVE('',#2976,#2974,#351,.T.);
#3850=EDGE_CURVE('',#2976,#2977,#1809,.T.);
#3851=EDGE_CURVE('',#2977,#2975,#352,.T.);
#3852=EDGE_CURVE('',#2978,#2976,#353,.T.);
#3853=EDGE_CURVE('',#2978,#2979,#1810,.T.);
#3854=EDGE_CURVE('',#2979,#2977,#354,.T.);
#3855=EDGE_CURVE('',#2935,#2978,#1811,.T.);
#3856=EDGE_CURVE('',#2937,#2979,#1812,.T.);
#3857=EDGE_CURVE('',#2980,#2981,#355,.T.);
#3858=EDGE_CURVE('',#2980,#2982,#1813,.T.);
#3859=EDGE_CURVE('',#2982,#2983,#356,.T.);
#3860=EDGE_CURVE('',#2981,#2983,#1814,.T.);
#3861=EDGE_CURVE('',#2984,#2980,#357,.T.);
#3862=EDGE_CURVE('',#2984,#2985,#1815,.T.);
#3863=EDGE_CURVE('',#2985,#2982,#358,.T.);
#3864=EDGE_CURVE('',#2986,#2984,#359,.T.);
#3865=EDGE_CURVE('',#2986,#2987,#1816,.T.);
#3866=EDGE_CURVE('',#2987,#2985,#360,.T.);
#3867=EDGE_CURVE('',#2988,#2986,#361,.T.);
#3868=EDGE_CURVE('',#2988,#2989,#1817,.T.);
#3869=EDGE_CURVE('',#2989,#2987,#362,.T.);
#3870=EDGE_CURVE('',#2990,#2988,#363,.T.);
#3871=EDGE_CURVE('',#2990,#2991,#1818,.T.);
#3872=EDGE_CURVE('',#2991,#2989,#364,.T.);
#3873=EDGE_CURVE('',#2992,#2990,#365,.T.);
#3874=EDGE_CURVE('',#2992,#2993,#1819,.T.);
#3875=EDGE_CURVE('',#2993,#2991,#366,.T.);
#3876=EDGE_CURVE('',#2981,#2992,#367,.T.);
#3877=EDGE_CURVE('',#2983,#2993,#368,.T.);
#3878=EDGE_CURVE('',#2994,#2995,#369,.T.);
#3879=EDGE_CURVE('',#2994,#2996,#1820,.T.);
#3880=EDGE_CURVE('',#2996,#2997,#370,.T.);
#3881=EDGE_CURVE('',#2995,#2997,#1821,.T.);
#3882=EDGE_CURVE('',#2998,#2994,#371,.T.);
#3883=EDGE_CURVE('',#2998,#2999,#1822,.T.);
#3884=EDGE_CURVE('',#2999,#2996,#372,.T.);
#3885=EDGE_CURVE('',#3000,#2998,#373,.T.);
#3886=EDGE_CURVE('',#3000,#3001,#1823,.T.);
#3887=EDGE_CURVE('',#3001,#2999,#374,.T.);
#3888=EDGE_CURVE('',#3002,#3000,#375,.T.);
#3889=EDGE_CURVE('',#3002,#3003,#1824,.T.);
#3890=EDGE_CURVE('',#3003,#3001,#376,.T.);
#3891=EDGE_CURVE('',#3004,#3002,#377,.T.);
#3892=EDGE_CURVE('',#3004,#3005,#1825,.T.);
#3893=EDGE_CURVE('',#3005,#3003,#378,.T.);
#3894=EDGE_CURVE('',#3006,#3004,#379,.T.);
#3895=EDGE_CURVE('',#3006,#3007,#1826,.T.);
#3896=EDGE_CURVE('',#3007,#3005,#380,.T.);
#3897=EDGE_CURVE('',#3008,#3006,#381,.T.);
#3898=EDGE_CURVE('',#3008,#3009,#1827,.T.);
#3899=EDGE_CURVE('',#3009,#3007,#382,.T.);
#3900=EDGE_CURVE('',#3010,#3008,#383,.T.);
#3901=EDGE_CURVE('',#3010,#3011,#1828,.T.);
#3902=EDGE_CURVE('',#3011,#3009,#384,.T.);
#3903=EDGE_CURVE('',#3012,#3010,#385,.T.);
#3904=EDGE_CURVE('',#3012,#3013,#1829,.T.);
#3905=EDGE_CURVE('',#3013,#3011,#386,.T.);
#3906=EDGE_CURVE('',#3014,#3012,#387,.T.);
#3907=EDGE_CURVE('',#3014,#3015,#1830,.T.);
#3908=EDGE_CURVE('',#3015,#3013,#388,.T.);
#3909=EDGE_CURVE('',#3016,#3014,#1831,.T.);
#3910=EDGE_CURVE('',#3016,#3017,#1832,.T.);
#3911=EDGE_CURVE('',#3017,#3015,#1833,.T.);
#3912=EDGE_CURVE('',#3018,#3016,#389,.T.);
#3913=EDGE_CURVE('',#3018,#3019,#1834,.T.);
#3914=EDGE_CURVE('',#3019,#3017,#390,.T.);
#3915=EDGE_CURVE('',#3020,#3018,#391,.T.);
#3916=EDGE_CURVE('',#3020,#3021,#1835,.T.);
#3917=EDGE_CURVE('',#3021,#3019,#392,.T.);
#3918=EDGE_CURVE('',#3022,#3020,#393,.T.);
#3919=EDGE_CURVE('',#3022,#3023,#1836,.T.);
#3920=EDGE_CURVE('',#3023,#3021,#394,.T.);
#3921=EDGE_CURVE('',#3024,#3022,#395,.T.);
#3922=EDGE_CURVE('',#3024,#3025,#1837,.T.);
#3923=EDGE_CURVE('',#3025,#3023,#396,.T.);
#3924=EDGE_CURVE('',#3026,#3024,#397,.T.);
#3925=EDGE_CURVE('',#3026,#3027,#1838,.T.);
#3926=EDGE_CURVE('',#3027,#3025,#398,.T.);
#3927=EDGE_CURVE('',#3028,#3026,#399,.T.);
#3928=EDGE_CURVE('',#3028,#3029,#1839,.T.);
#3929=EDGE_CURVE('',#3029,#3027,#400,.T.);
#3930=EDGE_CURVE('',#3030,#3028,#401,.T.);
#3931=EDGE_CURVE('',#3030,#3031,#1840,.T.);
#3932=EDGE_CURVE('',#3031,#3029,#402,.T.);
#3933=EDGE_CURVE('',#3032,#3030,#1841,.T.);
#3934=EDGE_CURVE('',#3032,#3033,#1842,.T.);
#3935=EDGE_CURVE('',#3033,#3031,#1843,.T.);
#3936=EDGE_CURVE('',#3034,#3032,#403,.T.);
#3937=EDGE_CURVE('',#3034,#3035,#1844,.T.);
#3938=EDGE_CURVE('',#3035,#3033,#404,.T.);
#3939=EDGE_CURVE('',#3036,#3034,#405,.T.);
#3940=EDGE_CURVE('',#3036,#3037,#1845,.T.);
#3941=EDGE_CURVE('',#3037,#3035,#406,.T.);
#3942=EDGE_CURVE('',#3038,#3036,#407,.T.);
#3943=EDGE_CURVE('',#3038,#3039,#1846,.T.);
#3944=EDGE_CURVE('',#3039,#3037,#408,.T.);
#3945=EDGE_CURVE('',#3040,#3038,#409,.T.);
#3946=EDGE_CURVE('',#3040,#3041,#1847,.T.);
#3947=EDGE_CURVE('',#3041,#3039,#410,.T.);
#3948=EDGE_CURVE('',#3042,#3040,#411,.T.);
#3949=EDGE_CURVE('',#3042,#3043,#1848,.T.);
#3950=EDGE_CURVE('',#3043,#3041,#412,.T.);
#3951=EDGE_CURVE('',#3044,#3042,#413,.T.);
#3952=EDGE_CURVE('',#3044,#3045,#1849,.T.);
#3953=EDGE_CURVE('',#3045,#3043,#414,.T.);
#3954=EDGE_CURVE('',#3046,#3044,#415,.T.);
#3955=EDGE_CURVE('',#3046,#3047,#1850,.T.);
#3956=EDGE_CURVE('',#3047,#3045,#416,.T.);
#3957=EDGE_CURVE('',#3048,#3046,#417,.T.);
#3958=EDGE_CURVE('',#3048,#3049,#1851,.T.);
#3959=EDGE_CURVE('',#3049,#3047,#418,.T.);
#3960=EDGE_CURVE('',#3050,#3048,#1852,.T.);
#3961=EDGE_CURVE('',#3050,#3051,#1853,.T.);
#3962=EDGE_CURVE('',#3051,#3049,#1854,.T.);
#3963=EDGE_CURVE('',#3052,#3050,#419,.T.);
#3964=EDGE_CURVE('',#3052,#3053,#1855,.T.);
#3965=EDGE_CURVE('',#3053,#3051,#420,.T.);
#3966=EDGE_CURVE('',#3054,#3052,#421,.T.);
#3967=EDGE_CURVE('',#3054,#3055,#1856,.T.);
#3968=EDGE_CURVE('',#3055,#3053,#422,.T.);
#3969=EDGE_CURVE('',#3056,#3054,#423,.T.);
#3970=EDGE_CURVE('',#3056,#3057,#1857,.T.);
#3971=EDGE_CURVE('',#3057,#3055,#424,.T.);
#3972=EDGE_CURVE('',#3058,#3056,#425,.T.);
#3973=EDGE_CURVE('',#3058,#3059,#1858,.T.);
#3974=EDGE_CURVE('',#3059,#3057,#426,.T.);
#3975=EDGE_CURVE('',#3060,#3058,#427,.T.);
#3976=EDGE_CURVE('',#3060,#3061,#1859,.T.);
#3977=EDGE_CURVE('',#3061,#3059,#428,.T.);
#3978=EDGE_CURVE('',#3062,#3060,#429,.T.);
#3979=EDGE_CURVE('',#3062,#3063,#1860,.T.);
#3980=EDGE_CURVE('',#3063,#3061,#430,.T.);
#3981=EDGE_CURVE('',#3064,#3062,#431,.T.);
#3982=EDGE_CURVE('',#3064,#3065,#1861,.T.);
#3983=EDGE_CURVE('',#3065,#3063,#432,.T.);
#3984=EDGE_CURVE('',#3066,#3064,#433,.T.);
#3985=EDGE_CURVE('',#3066,#3067,#1862,.T.);
#3986=EDGE_CURVE('',#3067,#3065,#434,.T.);
#3987=EDGE_CURVE('',#3068,#3066,#435,.T.);
#3988=EDGE_CURVE('',#3068,#3069,#1863,.T.);
#3989=EDGE_CURVE('',#3069,#3067,#436,.T.);
#3990=EDGE_CURVE('',#3070,#3068,#437,.T.);
#3991=EDGE_CURVE('',#3070,#3071,#1864,.T.);
#3992=EDGE_CURVE('',#3071,#3069,#438,.T.);
#3993=EDGE_CURVE('',#3072,#3070,#439,.T.);
#3994=EDGE_CURVE('',#3072,#3073,#1865,.T.);
#3995=EDGE_CURVE('',#3073,#3071,#440,.T.);
#3996=EDGE_CURVE('',#3074,#3072,#441,.T.);
#3997=EDGE_CURVE('',#3074,#3075,#1866,.T.);
#3998=EDGE_CURVE('',#3075,#3073,#442,.T.);
#3999=EDGE_CURVE('',#3076,#3074,#1867,.T.);
#4000=EDGE_CURVE('',#3076,#3077,#1868,.T.);
#4001=EDGE_CURVE('',#3077,#3075,#1869,.T.);
#4002=EDGE_CURVE('',#2995,#3076,#443,.T.);
#4003=EDGE_CURVE('',#2997,#3077,#444,.T.);
#4004=EDGE_CURVE('',#3078,#3079,#31,.T.);
#4005=EDGE_CURVE('',#3079,#3080,#1870,.T.);
#4006=EDGE_CURVE('',#3080,#3081,#1871,.T.);
#4007=EDGE_CURVE('',#3081,#3082,#32,.T.);
#4008=EDGE_CURVE('',#3082,#3083,#1872,.T.);
#4009=EDGE_CURVE('',#3083,#3078,#1873,.T.);
#4010=EDGE_CURVE('',#3084,#3085,#1874,.T.);
#4011=EDGE_CURVE('',#3085,#3086,#1875,.T.);
#4012=EDGE_CURVE('',#3086,#3087,#33,.T.);
#4013=EDGE_CURVE('',#3087,#3088,#1876,.T.);
#4014=EDGE_CURVE('',#3088,#3089,#1877,.T.);
#4015=EDGE_CURVE('',#3089,#3084,#34,.T.);
#4016=EDGE_CURVE('',#3090,#3090,#35,.T.);
#4017=EDGE_CURVE('',#3091,#3091,#36,.T.);
#4018=EDGE_CURVE('',#3092,#3092,#37,.T.);
#4019=EDGE_CURVE('',#3093,#3093,#38,.T.);
#4020=EDGE_CURVE('',#3094,#3094,#39,.T.);
#4021=EDGE_CURVE('',#3094,#3095,#1878,.T.);
#4022=EDGE_CURVE('',#3095,#3095,#40,.T.);
#4023=EDGE_CURVE('',#3096,#3096,#41,.T.);
#4024=EDGE_CURVE('',#3097,#3097,#42,.T.);
#4025=EDGE_CURVE('',#3097,#3098,#1879,.T.);
#4026=EDGE_CURVE('',#3098,#3098,#43,.T.);
#4027=EDGE_CURVE('',#3099,#3099,#44,.T.);
#4028=EDGE_CURVE('',#3100,#3100,#45,.T.);
#4029=EDGE_CURVE('',#3100,#3101,#1880,.T.);
#4030=EDGE_CURVE('',#3101,#3101,#46,.T.);
#4031=EDGE_CURVE('',#3102,#3102,#47,.T.);
#4032=EDGE_CURVE('',#3103,#3103,#48,.T.);
#4033=EDGE_CURVE('',#3103,#3104,#1881,.T.);
#4034=EDGE_CURVE('',#3104,#3104,#49,.T.);
#4035=EDGE_CURVE('',#3105,#3105,#50,.T.);
#4036=EDGE_CURVE('',#3093,#3096,#1882,.T.);
#4037=EDGE_CURVE('',#3092,#3099,#1883,.T.);
#4038=EDGE_CURVE('',#3091,#3102,#1884,.T.);
#4039=EDGE_CURVE('',#3090,#3105,#1885,.T.);
#4040=EDGE_CURVE('',#3106,#3107,#51,.T.);
#4041=EDGE_CURVE('',#3108,#3106,#1886,.T.);
#4042=EDGE_CURVE('',#3109,#3108,#1887,.T.);
#4043=EDGE_CURVE('',#3110,#3109,#52,.T.);
#4044=EDGE_CURVE('',#3111,#3110,#1888,.T.);
#4045=EDGE_CURVE('',#3107,#3111,#1889,.T.);
#4046=EDGE_CURVE('',#3112,#3113,#1890,.T.);
#4047=EDGE_CURVE('',#3113,#3114,#53,.T.);
#4048=EDGE_CURVE('',#3114,#3115,#1891,.T.);
#4049=EDGE_CURVE('',#3115,#3116,#54,.T.);
#4050=EDGE_CURVE('',#3116,#3117,#1892,.T.);
#4051=EDGE_CURVE('',#3117,#3118,#55,.T.);
#4052=EDGE_CURVE('',#3118,#3119,#1893,.T.);
#4053=EDGE_CURVE('',#3119,#3112,#56,.T.);
#4054=EDGE_CURVE('',#3106,#3078,#1894,.T.);
#4055=EDGE_CURVE('',#3108,#3083,#1895,.T.);
#4056=EDGE_CURVE('',#3109,#3082,#1896,.T.);
#4057=EDGE_CURVE('',#3110,#3081,#1897,.T.);
#4058=EDGE_CURVE('',#3111,#3080,#1898,.T.);
#4059=EDGE_CURVE('',#3107,#3079,#1899,.T.);
#4060=EDGE_CURVE('',#3120,#3121,#57,.T.);
#4061=EDGE_CURVE('',#3121,#3084,#1900,.T.);
#4062=EDGE_CURVE('',#3120,#3089,#1901,.T.);
#4063=EDGE_CURVE('',#3122,#3120,#1902,.T.);
#4064=EDGE_CURVE('',#3122,#3088,#1903,.T.);
#4065=EDGE_CURVE('',#3123,#3122,#1904,.T.);
#4066=EDGE_CURVE('',#3123,#3087,#1905,.T.);
#4067=EDGE_CURVE('',#3124,#3123,#58,.T.);
#4068=EDGE_CURVE('',#3124,#3086,#1906,.T.);
#4069=EDGE_CURVE('',#3125,#3124,#1907,.T.);
#4070=EDGE_CURVE('',#3125,#3085,#1908,.T.);
#4071=EDGE_CURVE('',#3121,#3125,#1909,.T.);
#4072=EDGE_CURVE('',#3126,#3127,#1910,.T.);
#4073=EDGE_CURVE('',#3126,#3113,#1911,.T.);
#4074=EDGE_CURVE('',#3127,#3112,#1912,.T.);
#4075=EDGE_CURVE('',#3128,#3127,#59,.T.);
#4076=EDGE_CURVE('',#3128,#3119,#1913,.T.);
#4077=EDGE_CURVE('',#3128,#3129,#1914,.T.);
#4078=EDGE_CURVE('',#3129,#3118,#1915,.T.);
#4079=EDGE_CURVE('',#3130,#3129,#60,.T.);
#4080=EDGE_CURVE('',#3130,#3117,#1916,.T.);
#4081=EDGE_CURVE('',#3130,#3131,#1917,.T.);
#4082=EDGE_CURVE('',#3131,#3116,#1918,.T.);
#4083=EDGE_CURVE('',#3132,#3131,#61,.T.);
#4084=EDGE_CURVE('',#3132,#3115,#1919,.T.);
#4085=EDGE_CURVE('',#3132,#3133,#1920,.T.);
#4086=EDGE_CURVE('',#3133,#3114,#1921,.T.);
#4087=EDGE_CURVE('',#3126,#3133,#62,.T.);
#4088=ORIENTED_EDGE('',*,*,#3134,.F.);
#4089=ORIENTED_EDGE('',*,*,#3135,.T.);
#4090=ORIENTED_EDGE('',*,*,#3136,.T.);
#4091=ORIENTED_EDGE('',*,*,#3137,.F.);
#4092=ORIENTED_EDGE('',*,*,#3138,.F.);
#4093=ORIENTED_EDGE('',*,*,#3139,.T.);
#4094=ORIENTED_EDGE('',*,*,#3140,.T.);
#4095=ORIENTED_EDGE('',*,*,#3135,.F.);
#4096=ORIENTED_EDGE('',*,*,#3141,.F.);
#4097=ORIENTED_EDGE('',*,*,#3142,.T.);
#4098=ORIENTED_EDGE('',*,*,#3143,.T.);
#4099=ORIENTED_EDGE('',*,*,#3139,.F.);
#4100=ORIENTED_EDGE('',*,*,#3144,.F.);
#4101=ORIENTED_EDGE('',*,*,#3145,.T.);
#4102=ORIENTED_EDGE('',*,*,#3146,.T.);
#4103=ORIENTED_EDGE('',*,*,#3142,.F.);
#4104=ORIENTED_EDGE('',*,*,#3147,.F.);
#4105=ORIENTED_EDGE('',*,*,#3148,.T.);
#4106=ORIENTED_EDGE('',*,*,#3149,.T.);
#4107=ORIENTED_EDGE('',*,*,#3145,.F.);
#4108=ORIENTED_EDGE('',*,*,#3150,.F.);
#4109=ORIENTED_EDGE('',*,*,#3151,.T.);
#4110=ORIENTED_EDGE('',*,*,#3152,.T.);
#4111=ORIENTED_EDGE('',*,*,#3148,.F.);
#4112=ORIENTED_EDGE('',*,*,#3153,.F.);
#4113=ORIENTED_EDGE('',*,*,#3154,.T.);
#4114=ORIENTED_EDGE('',*,*,#3155,.T.);
#4115=ORIENTED_EDGE('',*,*,#3151,.F.);
#4116=ORIENTED_EDGE('',*,*,#3156,.F.);
#4117=ORIENTED_EDGE('',*,*,#3157,.T.);
#4118=ORIENTED_EDGE('',*,*,#3158,.T.);
#4119=ORIENTED_EDGE('',*,*,#3154,.F.);
#4120=ORIENTED_EDGE('',*,*,#3159,.F.);
#4121=ORIENTED_EDGE('',*,*,#3160,.T.);
#4122=ORIENTED_EDGE('',*,*,#3161,.T.);
#4123=ORIENTED_EDGE('',*,*,#3157,.F.);
#4124=ORIENTED_EDGE('',*,*,#3162,.F.);
#4125=ORIENTED_EDGE('',*,*,#3163,.T.);
#4126=ORIENTED_EDGE('',*,*,#3164,.T.);
#4127=ORIENTED_EDGE('',*,*,#3160,.F.);
#4128=ORIENTED_EDGE('',*,*,#3165,.F.);
#4129=ORIENTED_EDGE('',*,*,#3166,.T.);
#4130=ORIENTED_EDGE('',*,*,#3167,.T.);
#4131=ORIENTED_EDGE('',*,*,#3163,.F.);
#4132=ORIENTED_EDGE('',*,*,#3168,.F.);
#4133=ORIENTED_EDGE('',*,*,#3169,.T.);
#4134=ORIENTED_EDGE('',*,*,#3170,.T.);
#4135=ORIENTED_EDGE('',*,*,#3166,.F.);
#4136=ORIENTED_EDGE('',*,*,#3171,.F.);
#4137=ORIENTED_EDGE('',*,*,#3172,.T.);
#4138=ORIENTED_EDGE('',*,*,#3173,.T.);
#4139=ORIENTED_EDGE('',*,*,#3169,.F.);
#4140=ORIENTED_EDGE('',*,*,#3174,.F.);
#4141=ORIENTED_EDGE('',*,*,#3175,.T.);
#4142=ORIENTED_EDGE('',*,*,#3176,.T.);
#4143=ORIENTED_EDGE('',*,*,#3172,.F.);
#4144=ORIENTED_EDGE('',*,*,#3177,.F.);
#4145=ORIENTED_EDGE('',*,*,#3178,.T.);
#4146=ORIENTED_EDGE('',*,*,#3179,.T.);
#4147=ORIENTED_EDGE('',*,*,#3175,.F.);
#4148=ORIENTED_EDGE('',*,*,#3180,.F.);
#4149=ORIENTED_EDGE('',*,*,#3181,.T.);
#4150=ORIENTED_EDGE('',*,*,#3182,.T.);
#4151=ORIENTED_EDGE('',*,*,#3178,.F.);
#4152=ORIENTED_EDGE('',*,*,#3183,.F.);
#4153=ORIENTED_EDGE('',*,*,#3184,.T.);
#4154=ORIENTED_EDGE('',*,*,#3185,.T.);
#4155=ORIENTED_EDGE('',*,*,#3181,.F.);
#4156=ORIENTED_EDGE('',*,*,#3186,.F.);
#4157=ORIENTED_EDGE('',*,*,#3187,.T.);
#4158=ORIENTED_EDGE('',*,*,#3188,.T.);
#4159=ORIENTED_EDGE('',*,*,#3184,.F.);
#4160=ORIENTED_EDGE('',*,*,#3189,.F.);
#4161=ORIENTED_EDGE('',*,*,#3190,.T.);
#4162=ORIENTED_EDGE('',*,*,#3191,.T.);
#4163=ORIENTED_EDGE('',*,*,#3187,.F.);
#4164=ORIENTED_EDGE('',*,*,#3192,.F.);
#4165=ORIENTED_EDGE('',*,*,#3137,.T.);
#4166=ORIENTED_EDGE('',*,*,#3193,.T.);
#4167=ORIENTED_EDGE('',*,*,#3190,.F.);
#4168=ORIENTED_EDGE('',*,*,#3193,.F.);
#4169=ORIENTED_EDGE('',*,*,#3136,.F.);
#4170=ORIENTED_EDGE('',*,*,#3140,.F.);
#4171=ORIENTED_EDGE('',*,*,#3143,.F.);
#4172=ORIENTED_EDGE('',*,*,#3146,.F.);
#4173=ORIENTED_EDGE('',*,*,#3149,.F.);
#4174=ORIENTED_EDGE('',*,*,#3152,.F.);
#4175=ORIENTED_EDGE('',*,*,#3155,.F.);
#4176=ORIENTED_EDGE('',*,*,#3158,.F.);
#4177=ORIENTED_EDGE('',*,*,#3161,.F.);
#4178=ORIENTED_EDGE('',*,*,#3164,.F.);
#4179=ORIENTED_EDGE('',*,*,#3167,.F.);
#4180=ORIENTED_EDGE('',*,*,#3170,.F.);
#4181=ORIENTED_EDGE('',*,*,#3173,.F.);
#4182=ORIENTED_EDGE('',*,*,#3176,.F.);
#4183=ORIENTED_EDGE('',*,*,#3179,.F.);
#4184=ORIENTED_EDGE('',*,*,#3182,.F.);
#4185=ORIENTED_EDGE('',*,*,#3185,.F.);
#4186=ORIENTED_EDGE('',*,*,#3188,.F.);
#4187=ORIENTED_EDGE('',*,*,#3191,.F.);
#4188=ORIENTED_EDGE('',*,*,#3194,.F.);
#4189=ORIENTED_EDGE('',*,*,#3195,.T.);
#4190=ORIENTED_EDGE('',*,*,#3196,.T.);
#4191=ORIENTED_EDGE('',*,*,#3197,.F.);
#4192=ORIENTED_EDGE('',*,*,#3198,.F.);
#4193=ORIENTED_EDGE('',*,*,#3199,.T.);
#4194=ORIENTED_EDGE('',*,*,#3200,.T.);
#4195=ORIENTED_EDGE('',*,*,#3195,.F.);
#4196=ORIENTED_EDGE('',*,*,#3201,.F.);
#4197=ORIENTED_EDGE('',*,*,#3202,.T.);
#4198=ORIENTED_EDGE('',*,*,#3203,.T.);
#4199=ORIENTED_EDGE('',*,*,#3199,.F.);
#4200=ORIENTED_EDGE('',*,*,#3204,.F.);
#4201=ORIENTED_EDGE('',*,*,#3205,.T.);
#4202=ORIENTED_EDGE('',*,*,#3206,.T.);
#4203=ORIENTED_EDGE('',*,*,#3202,.F.);
#4204=ORIENTED_EDGE('',*,*,#3207,.F.);
#4205=ORIENTED_EDGE('',*,*,#3208,.T.);
#4206=ORIENTED_EDGE('',*,*,#3209,.T.);
#4207=ORIENTED_EDGE('',*,*,#3205,.F.);
#4208=ORIENTED_EDGE('',*,*,#3210,.F.);
#4209=ORIENTED_EDGE('',*,*,#3211,.T.);
#4210=ORIENTED_EDGE('',*,*,#3212,.T.);
#4211=ORIENTED_EDGE('',*,*,#3208,.F.);
#4212=ORIENTED_EDGE('',*,*,#3213,.F.);
#4213=ORIENTED_EDGE('',*,*,#3197,.T.);
#4214=ORIENTED_EDGE('',*,*,#3214,.T.);
#4215=ORIENTED_EDGE('',*,*,#3211,.F.);
#4216=ORIENTED_EDGE('',*,*,#3214,.F.);
#4217=ORIENTED_EDGE('',*,*,#3196,.F.);
#4218=ORIENTED_EDGE('',*,*,#3200,.F.);
#4219=ORIENTED_EDGE('',*,*,#3203,.F.);
#4220=ORIENTED_EDGE('',*,*,#3206,.F.);
#4221=ORIENTED_EDGE('',*,*,#3209,.F.);
#4222=ORIENTED_EDGE('',*,*,#3212,.F.);
#4223=ORIENTED_EDGE('',*,*,#3215,.F.);
#4224=ORIENTED_EDGE('',*,*,#3216,.T.);
#4225=ORIENTED_EDGE('',*,*,#3217,.T.);
#4226=ORIENTED_EDGE('',*,*,#3218,.F.);
#4227=ORIENTED_EDGE('',*,*,#3219,.F.);
#4228=ORIENTED_EDGE('',*,*,#3220,.T.);
#4229=ORIENTED_EDGE('',*,*,#3221,.T.);
#4230=ORIENTED_EDGE('',*,*,#3216,.F.);
#4231=ORIENTED_EDGE('',*,*,#3222,.F.);
#4232=ORIENTED_EDGE('',*,*,#3223,.T.);
#4233=ORIENTED_EDGE('',*,*,#3224,.T.);
#4234=ORIENTED_EDGE('',*,*,#3220,.F.);
#4235=ORIENTED_EDGE('',*,*,#3225,.F.);
#4236=ORIENTED_EDGE('',*,*,#3226,.T.);
#4237=ORIENTED_EDGE('',*,*,#3227,.T.);
#4238=ORIENTED_EDGE('',*,*,#3223,.F.);
#4239=ORIENTED_EDGE('',*,*,#3228,.F.);
#4240=ORIENTED_EDGE('',*,*,#3229,.T.);
#4241=ORIENTED_EDGE('',*,*,#3230,.T.);
#4242=ORIENTED_EDGE('',*,*,#3226,.F.);
#4243=ORIENTED_EDGE('',*,*,#3231,.F.);
#4244=ORIENTED_EDGE('',*,*,#3232,.T.);
#4245=ORIENTED_EDGE('',*,*,#3233,.T.);
#4246=ORIENTED_EDGE('',*,*,#3229,.F.);
#4247=ORIENTED_EDGE('',*,*,#3234,.F.);
#4248=ORIENTED_EDGE('',*,*,#3235,.T.);
#4249=ORIENTED_EDGE('',*,*,#3236,.T.);
#4250=ORIENTED_EDGE('',*,*,#3232,.F.);
#4251=ORIENTED_EDGE('',*,*,#3237,.F.);
#4252=ORIENTED_EDGE('',*,*,#3238,.T.);
#4253=ORIENTED_EDGE('',*,*,#3239,.T.);
#4254=ORIENTED_EDGE('',*,*,#3235,.F.);
#4255=ORIENTED_EDGE('',*,*,#3240,.F.);
#4256=ORIENTED_EDGE('',*,*,#3241,.T.);
#4257=ORIENTED_EDGE('',*,*,#3242,.T.);
#4258=ORIENTED_EDGE('',*,*,#3238,.F.);
#4259=ORIENTED_EDGE('',*,*,#3243,.F.);
#4260=ORIENTED_EDGE('',*,*,#3218,.T.);
#4261=ORIENTED_EDGE('',*,*,#3244,.T.);
#4262=ORIENTED_EDGE('',*,*,#3241,.F.);
#4263=ORIENTED_EDGE('',*,*,#3244,.F.);
#4264=ORIENTED_EDGE('',*,*,#3217,.F.);
#4265=ORIENTED_EDGE('',*,*,#3221,.F.);
#4266=ORIENTED_EDGE('',*,*,#3224,.F.);
#4267=ORIENTED_EDGE('',*,*,#3227,.F.);
#4268=ORIENTED_EDGE('',*,*,#3230,.F.);
#4269=ORIENTED_EDGE('',*,*,#3233,.F.);
#4270=ORIENTED_EDGE('',*,*,#3236,.F.);
#4271=ORIENTED_EDGE('',*,*,#3239,.F.);
#4272=ORIENTED_EDGE('',*,*,#3242,.F.);
#4273=ORIENTED_EDGE('',*,*,#3245,.F.);
#4274=ORIENTED_EDGE('',*,*,#3246,.T.);
#4275=ORIENTED_EDGE('',*,*,#3247,.T.);
#4276=ORIENTED_EDGE('',*,*,#3248,.F.);
#4277=ORIENTED_EDGE('',*,*,#3249,.F.);
#4278=ORIENTED_EDGE('',*,*,#3250,.T.);
#4279=ORIENTED_EDGE('',*,*,#3251,.T.);
#4280=ORIENTED_EDGE('',*,*,#3246,.F.);
#4281=ORIENTED_EDGE('',*,*,#3252,.F.);
#4282=ORIENTED_EDGE('',*,*,#3253,.T.);
#4283=ORIENTED_EDGE('',*,*,#3254,.T.);
#4284=ORIENTED_EDGE('',*,*,#3250,.F.);
#4285=ORIENTED_EDGE('',*,*,#3255,.F.);
#4286=ORIENTED_EDGE('',*,*,#3256,.T.);
#4287=ORIENTED_EDGE('',*,*,#3257,.T.);
#4288=ORIENTED_EDGE('',*,*,#3253,.F.);
#4289=ORIENTED_EDGE('',*,*,#3258,.F.);
#4290=ORIENTED_EDGE('',*,*,#3259,.T.);
#4291=ORIENTED_EDGE('',*,*,#3260,.T.);
#4292=ORIENTED_EDGE('',*,*,#3256,.F.);
#4293=ORIENTED_EDGE('',*,*,#3261,.F.);
#4294=ORIENTED_EDGE('',*,*,#3262,.T.);
#4295=ORIENTED_EDGE('',*,*,#3263,.T.);
#4296=ORIENTED_EDGE('',*,*,#3259,.F.);
#4297=ORIENTED_EDGE('',*,*,#3264,.F.);
#4298=ORIENTED_EDGE('',*,*,#3265,.T.);
#4299=ORIENTED_EDGE('',*,*,#3266,.T.);
#4300=ORIENTED_EDGE('',*,*,#3262,.F.);
#4301=ORIENTED_EDGE('',*,*,#3267,.F.);
#4302=ORIENTED_EDGE('',*,*,#3268,.T.);
#4303=ORIENTED_EDGE('',*,*,#3269,.T.);
#4304=ORIENTED_EDGE('',*,*,#3265,.F.);
#4305=ORIENTED_EDGE('',*,*,#3270,.F.);
#4306=ORIENTED_EDGE('',*,*,#3271,.T.);
#4307=ORIENTED_EDGE('',*,*,#3272,.T.);
#4308=ORIENTED_EDGE('',*,*,#3268,.F.);
#4309=ORIENTED_EDGE('',*,*,#3273,.F.);
#4310=ORIENTED_EDGE('',*,*,#3274,.T.);
#4311=ORIENTED_EDGE('',*,*,#3275,.T.);
#4312=ORIENTED_EDGE('',*,*,#3271,.F.);
#4313=ORIENTED_EDGE('',*,*,#3276,.F.);
#4314=ORIENTED_EDGE('',*,*,#3277,.T.);
#4315=ORIENTED_EDGE('',*,*,#3278,.T.);
#4316=ORIENTED_EDGE('',*,*,#3274,.F.);
#4317=ORIENTED_EDGE('',*,*,#3279,.F.);
#4318=ORIENTED_EDGE('',*,*,#3280,.T.);
#4319=ORIENTED_EDGE('',*,*,#3281,.T.);
#4320=ORIENTED_EDGE('',*,*,#3277,.F.);
#4321=ORIENTED_EDGE('',*,*,#3282,.F.);
#4322=ORIENTED_EDGE('',*,*,#3283,.T.);
#4323=ORIENTED_EDGE('',*,*,#3284,.T.);
#4324=ORIENTED_EDGE('',*,*,#3280,.F.);
#4325=ORIENTED_EDGE('',*,*,#3285,.F.);
#4326=ORIENTED_EDGE('',*,*,#3248,.T.);
#4327=ORIENTED_EDGE('',*,*,#3286,.T.);
#4328=ORIENTED_EDGE('',*,*,#3283,.F.);
#4329=ORIENTED_EDGE('',*,*,#3286,.F.);
#4330=ORIENTED_EDGE('',*,*,#3247,.F.);
#4331=ORIENTED_EDGE('',*,*,#3251,.F.);
#4332=ORIENTED_EDGE('',*,*,#3254,.F.);
#4333=ORIENTED_EDGE('',*,*,#3257,.F.);
#4334=ORIENTED_EDGE('',*,*,#3260,.F.);
#4335=ORIENTED_EDGE('',*,*,#3263,.F.);
#4336=ORIENTED_EDGE('',*,*,#3266,.F.);
#4337=ORIENTED_EDGE('',*,*,#3269,.F.);
#4338=ORIENTED_EDGE('',*,*,#3272,.F.);
#4339=ORIENTED_EDGE('',*,*,#3275,.F.);
#4340=ORIENTED_EDGE('',*,*,#3278,.F.);
#4341=ORIENTED_EDGE('',*,*,#3281,.F.);
#4342=ORIENTED_EDGE('',*,*,#3284,.F.);
#4343=ORIENTED_EDGE('',*,*,#3287,.F.);
#4344=ORIENTED_EDGE('',*,*,#3288,.T.);
#4345=ORIENTED_EDGE('',*,*,#3289,.T.);
#4346=ORIENTED_EDGE('',*,*,#3290,.F.);
#4347=ORIENTED_EDGE('',*,*,#3291,.F.);
#4348=ORIENTED_EDGE('',*,*,#3292,.T.);
#4349=ORIENTED_EDGE('',*,*,#3293,.T.);
#4350=ORIENTED_EDGE('',*,*,#3288,.F.);
#4351=ORIENTED_EDGE('',*,*,#3294,.F.);
#4352=ORIENTED_EDGE('',*,*,#3295,.T.);
#4353=ORIENTED_EDGE('',*,*,#3296,.T.);
#4354=ORIENTED_EDGE('',*,*,#3292,.F.);
#4355=ORIENTED_EDGE('',*,*,#3297,.F.);
#4356=ORIENTED_EDGE('',*,*,#3298,.T.);
#4357=ORIENTED_EDGE('',*,*,#3299,.T.);
#4358=ORIENTED_EDGE('',*,*,#3295,.F.);
#4359=ORIENTED_EDGE('',*,*,#3300,.F.);
#4360=ORIENTED_EDGE('',*,*,#3301,.T.);
#4361=ORIENTED_EDGE('',*,*,#3302,.T.);
#4362=ORIENTED_EDGE('',*,*,#3298,.F.);
#4363=ORIENTED_EDGE('',*,*,#3303,.F.);
#4364=ORIENTED_EDGE('',*,*,#3304,.T.);
#4365=ORIENTED_EDGE('',*,*,#3305,.T.);
#4366=ORIENTED_EDGE('',*,*,#3301,.F.);
#4367=ORIENTED_EDGE('',*,*,#3306,.F.);
#4368=ORIENTED_EDGE('',*,*,#3307,.T.);
#4369=ORIENTED_EDGE('',*,*,#3308,.T.);
#4370=ORIENTED_EDGE('',*,*,#3304,.F.);
#4371=ORIENTED_EDGE('',*,*,#3309,.F.);
#4372=ORIENTED_EDGE('',*,*,#3310,.T.);
#4373=ORIENTED_EDGE('',*,*,#3311,.T.);
#4374=ORIENTED_EDGE('',*,*,#3307,.F.);
#4375=ORIENTED_EDGE('',*,*,#3312,.F.);
#4376=ORIENTED_EDGE('',*,*,#3313,.T.);
#4377=ORIENTED_EDGE('',*,*,#3314,.T.);
#4378=ORIENTED_EDGE('',*,*,#3310,.F.);
#4379=ORIENTED_EDGE('',*,*,#3315,.F.);
#4380=ORIENTED_EDGE('',*,*,#3316,.T.);
#4381=ORIENTED_EDGE('',*,*,#3317,.T.);
#4382=ORIENTED_EDGE('',*,*,#3313,.F.);
#4383=ORIENTED_EDGE('',*,*,#3318,.F.);
#4384=ORIENTED_EDGE('',*,*,#3319,.T.);
#4385=ORIENTED_EDGE('',*,*,#3320,.T.);
#4386=ORIENTED_EDGE('',*,*,#3316,.F.);
#4387=ORIENTED_EDGE('',*,*,#3321,.F.);
#4388=ORIENTED_EDGE('',*,*,#3322,.T.);
#4389=ORIENTED_EDGE('',*,*,#3323,.T.);
#4390=ORIENTED_EDGE('',*,*,#3319,.F.);
#4391=ORIENTED_EDGE('',*,*,#3324,.F.);
#4392=ORIENTED_EDGE('',*,*,#3325,.T.);
#4393=ORIENTED_EDGE('',*,*,#3326,.T.);
#4394=ORIENTED_EDGE('',*,*,#3322,.F.);
#4395=ORIENTED_EDGE('',*,*,#3327,.F.);
#4396=ORIENTED_EDGE('',*,*,#3328,.T.);
#4397=ORIENTED_EDGE('',*,*,#3329,.T.);
#4398=ORIENTED_EDGE('',*,*,#3325,.F.);
#4399=ORIENTED_EDGE('',*,*,#3330,.F.);
#4400=ORIENTED_EDGE('',*,*,#3331,.T.);
#4401=ORIENTED_EDGE('',*,*,#3332,.T.);
#4402=ORIENTED_EDGE('',*,*,#3328,.F.);
#4403=ORIENTED_EDGE('',*,*,#3333,.F.);
#4404=ORIENTED_EDGE('',*,*,#3290,.T.);
#4405=ORIENTED_EDGE('',*,*,#3334,.T.);
#4406=ORIENTED_EDGE('',*,*,#3331,.F.);
#4407=ORIENTED_EDGE('',*,*,#3334,.F.);
#4408=ORIENTED_EDGE('',*,*,#3289,.F.);
#4409=ORIENTED_EDGE('',*,*,#3293,.F.);
#4410=ORIENTED_EDGE('',*,*,#3296,.F.);
#4411=ORIENTED_EDGE('',*,*,#3299,.F.);
#4412=ORIENTED_EDGE('',*,*,#3302,.F.);
#4413=ORIENTED_EDGE('',*,*,#3305,.F.);
#4414=ORIENTED_EDGE('',*,*,#3308,.F.);
#4415=ORIENTED_EDGE('',*,*,#3311,.F.);
#4416=ORIENTED_EDGE('',*,*,#3314,.F.);
#4417=ORIENTED_EDGE('',*,*,#3317,.F.);
#4418=ORIENTED_EDGE('',*,*,#3320,.F.);
#4419=ORIENTED_EDGE('',*,*,#3323,.F.);
#4420=ORIENTED_EDGE('',*,*,#3326,.F.);
#4421=ORIENTED_EDGE('',*,*,#3329,.F.);
#4422=ORIENTED_EDGE('',*,*,#3332,.F.);
#4423=ORIENTED_EDGE('',*,*,#3335,.F.);
#4424=ORIENTED_EDGE('',*,*,#3336,.T.);
#4425=ORIENTED_EDGE('',*,*,#3337,.T.);
#4426=ORIENTED_EDGE('',*,*,#3338,.F.);
#4427=ORIENTED_EDGE('',*,*,#3339,.F.);
#4428=ORIENTED_EDGE('',*,*,#3340,.T.);
#4429=ORIENTED_EDGE('',*,*,#3341,.T.);
#4430=ORIENTED_EDGE('',*,*,#3336,.F.);
#4431=ORIENTED_EDGE('',*,*,#3342,.F.);
#4432=ORIENTED_EDGE('',*,*,#3343,.T.);
#4433=ORIENTED_EDGE('',*,*,#3344,.T.);
#4434=ORIENTED_EDGE('',*,*,#3340,.F.);
#4435=ORIENTED_EDGE('',*,*,#3345,.F.);
#4436=ORIENTED_EDGE('',*,*,#3346,.T.);
#4437=ORIENTED_EDGE('',*,*,#3347,.T.);
#4438=ORIENTED_EDGE('',*,*,#3343,.F.);
#4439=ORIENTED_EDGE('',*,*,#3348,.F.);
#4440=ORIENTED_EDGE('',*,*,#3349,.T.);
#4441=ORIENTED_EDGE('',*,*,#3350,.T.);
#4442=ORIENTED_EDGE('',*,*,#3346,.F.);
#4443=ORIENTED_EDGE('',*,*,#3351,.F.);
#4444=ORIENTED_EDGE('',*,*,#3352,.T.);
#4445=ORIENTED_EDGE('',*,*,#3353,.T.);
#4446=ORIENTED_EDGE('',*,*,#3349,.F.);
#4447=ORIENTED_EDGE('',*,*,#3354,.F.);
#4448=ORIENTED_EDGE('',*,*,#3355,.T.);
#4449=ORIENTED_EDGE('',*,*,#3356,.T.);
#4450=ORIENTED_EDGE('',*,*,#3352,.F.);
#4451=ORIENTED_EDGE('',*,*,#3357,.F.);
#4452=ORIENTED_EDGE('',*,*,#3358,.T.);
#4453=ORIENTED_EDGE('',*,*,#3359,.T.);
#4454=ORIENTED_EDGE('',*,*,#3355,.F.);
#4455=ORIENTED_EDGE('',*,*,#3360,.F.);
#4456=ORIENTED_EDGE('',*,*,#3361,.T.);
#4457=ORIENTED_EDGE('',*,*,#3362,.T.);
#4458=ORIENTED_EDGE('',*,*,#3358,.F.);
#4459=ORIENTED_EDGE('',*,*,#3363,.F.);
#4460=ORIENTED_EDGE('',*,*,#3364,.T.);
#4461=ORIENTED_EDGE('',*,*,#3365,.T.);
#4462=ORIENTED_EDGE('',*,*,#3361,.F.);
#4463=ORIENTED_EDGE('',*,*,#3366,.F.);
#4464=ORIENTED_EDGE('',*,*,#3367,.T.);
#4465=ORIENTED_EDGE('',*,*,#3368,.T.);
#4466=ORIENTED_EDGE('',*,*,#3364,.F.);
#4467=ORIENTED_EDGE('',*,*,#3369,.F.);
#4468=ORIENTED_EDGE('',*,*,#3370,.T.);
#4469=ORIENTED_EDGE('',*,*,#3371,.T.);
#4470=ORIENTED_EDGE('',*,*,#3367,.F.);
#4471=ORIENTED_EDGE('',*,*,#3372,.F.);
#4472=ORIENTED_EDGE('',*,*,#3373,.T.);
#4473=ORIENTED_EDGE('',*,*,#3374,.T.);
#4474=ORIENTED_EDGE('',*,*,#3370,.F.);
#4475=ORIENTED_EDGE('',*,*,#3375,.F.);
#4476=ORIENTED_EDGE('',*,*,#3338,.T.);
#4477=ORIENTED_EDGE('',*,*,#3376,.T.);
#4478=ORIENTED_EDGE('',*,*,#3373,.F.);
#4479=ORIENTED_EDGE('',*,*,#3376,.F.);
#4480=ORIENTED_EDGE('',*,*,#3337,.F.);
#4481=ORIENTED_EDGE('',*,*,#3341,.F.);
#4482=ORIENTED_EDGE('',*,*,#3344,.F.);
#4483=ORIENTED_EDGE('',*,*,#3347,.F.);
#4484=ORIENTED_EDGE('',*,*,#3350,.F.);
#4485=ORIENTED_EDGE('',*,*,#3353,.F.);
#4486=ORIENTED_EDGE('',*,*,#3356,.F.);
#4487=ORIENTED_EDGE('',*,*,#3359,.F.);
#4488=ORIENTED_EDGE('',*,*,#3362,.F.);
#4489=ORIENTED_EDGE('',*,*,#3365,.F.);
#4490=ORIENTED_EDGE('',*,*,#3368,.F.);
#4491=ORIENTED_EDGE('',*,*,#3371,.F.);
#4492=ORIENTED_EDGE('',*,*,#3374,.F.);
#4493=ORIENTED_EDGE('',*,*,#3377,.F.);
#4494=ORIENTED_EDGE('',*,*,#3378,.T.);
#4495=ORIENTED_EDGE('',*,*,#3379,.T.);
#4496=ORIENTED_EDGE('',*,*,#3380,.F.);
#4497=ORIENTED_EDGE('',*,*,#3381,.F.);
#4498=ORIENTED_EDGE('',*,*,#3382,.T.);
#4499=ORIENTED_EDGE('',*,*,#3383,.T.);
#4500=ORIENTED_EDGE('',*,*,#3378,.F.);
#4501=ORIENTED_EDGE('',*,*,#3384,.F.);
#4502=ORIENTED_EDGE('',*,*,#3385,.T.);
#4503=ORIENTED_EDGE('',*,*,#3386,.T.);
#4504=ORIENTED_EDGE('',*,*,#3382,.F.);
#4505=ORIENTED_EDGE('',*,*,#3387,.F.);
#4506=ORIENTED_EDGE('',*,*,#3388,.T.);
#4507=ORIENTED_EDGE('',*,*,#3389,.T.);
#4508=ORIENTED_EDGE('',*,*,#3385,.F.);
#4509=ORIENTED_EDGE('',*,*,#3390,.F.);
#4510=ORIENTED_EDGE('',*,*,#3380,.T.);
#4511=ORIENTED_EDGE('',*,*,#3391,.T.);
#4512=ORIENTED_EDGE('',*,*,#3388,.F.);
#4513=ORIENTED_EDGE('',*,*,#3392,.F.);
#4514=ORIENTED_EDGE('',*,*,#3393,.T.);
#4515=ORIENTED_EDGE('',*,*,#3394,.T.);
#4516=ORIENTED_EDGE('',*,*,#3395,.F.);
#4517=ORIENTED_EDGE('',*,*,#3396,.F.);
#4518=ORIENTED_EDGE('',*,*,#3397,.T.);
#4519=ORIENTED_EDGE('',*,*,#3398,.T.);
#4520=ORIENTED_EDGE('',*,*,#3393,.F.);
#4521=ORIENTED_EDGE('',*,*,#3399,.F.);
#4522=ORIENTED_EDGE('',*,*,#3400,.T.);
#4523=ORIENTED_EDGE('',*,*,#3401,.T.);
#4524=ORIENTED_EDGE('',*,*,#3397,.F.);
#4525=ORIENTED_EDGE('',*,*,#3402,.F.);
#4526=ORIENTED_EDGE('',*,*,#3403,.T.);
#4527=ORIENTED_EDGE('',*,*,#3404,.T.);
#4528=ORIENTED_EDGE('',*,*,#3400,.F.);
#4529=ORIENTED_EDGE('',*,*,#3405,.F.);
#4530=ORIENTED_EDGE('',*,*,#3406,.T.);
#4531=ORIENTED_EDGE('',*,*,#3407,.T.);
#4532=ORIENTED_EDGE('',*,*,#3403,.F.);
#4533=ORIENTED_EDGE('',*,*,#3408,.F.);
#4534=ORIENTED_EDGE('',*,*,#3409,.T.);
#4535=ORIENTED_EDGE('',*,*,#3410,.T.);
#4536=ORIENTED_EDGE('',*,*,#3406,.F.);
#4537=ORIENTED_EDGE('',*,*,#3411,.F.);
#4538=ORIENTED_EDGE('',*,*,#3412,.T.);
#4539=ORIENTED_EDGE('',*,*,#3413,.T.);
#4540=ORIENTED_EDGE('',*,*,#3409,.F.);
#4541=ORIENTED_EDGE('',*,*,#3414,.F.);
#4542=ORIENTED_EDGE('',*,*,#3415,.T.);
#4543=ORIENTED_EDGE('',*,*,#3416,.T.);
#4544=ORIENTED_EDGE('',*,*,#3412,.F.);
#4545=ORIENTED_EDGE('',*,*,#3417,.F.);
#4546=ORIENTED_EDGE('',*,*,#3418,.T.);
#4547=ORIENTED_EDGE('',*,*,#3419,.T.);
#4548=ORIENTED_EDGE('',*,*,#3415,.F.);
#4549=ORIENTED_EDGE('',*,*,#3420,.F.);
#4550=ORIENTED_EDGE('',*,*,#3421,.T.);
#4551=ORIENTED_EDGE('',*,*,#3422,.T.);
#4552=ORIENTED_EDGE('',*,*,#3418,.F.);
#4553=ORIENTED_EDGE('',*,*,#3423,.F.);
#4554=ORIENTED_EDGE('',*,*,#3424,.T.);
#4555=ORIENTED_EDGE('',*,*,#3425,.T.);
#4556=ORIENTED_EDGE('',*,*,#3421,.F.);
#4557=ORIENTED_EDGE('',*,*,#3426,.F.);
#4558=ORIENTED_EDGE('',*,*,#3427,.T.);
#4559=ORIENTED_EDGE('',*,*,#3428,.T.);
#4560=ORIENTED_EDGE('',*,*,#3424,.F.);
#4561=ORIENTED_EDGE('',*,*,#3429,.F.);
#4562=ORIENTED_EDGE('',*,*,#3430,.T.);
#4563=ORIENTED_EDGE('',*,*,#3431,.T.);
#4564=ORIENTED_EDGE('',*,*,#3427,.F.);
#4565=ORIENTED_EDGE('',*,*,#3432,.F.);
#4566=ORIENTED_EDGE('',*,*,#3433,.T.);
#4567=ORIENTED_EDGE('',*,*,#3434,.T.);
#4568=ORIENTED_EDGE('',*,*,#3430,.F.);
#4569=ORIENTED_EDGE('',*,*,#3435,.F.);
#4570=ORIENTED_EDGE('',*,*,#3436,.T.);
#4571=ORIENTED_EDGE('',*,*,#3437,.T.);
#4572=ORIENTED_EDGE('',*,*,#3433,.F.);
#4573=ORIENTED_EDGE('',*,*,#3438,.F.);
#4574=ORIENTED_EDGE('',*,*,#3439,.T.);
#4575=ORIENTED_EDGE('',*,*,#3440,.T.);
#4576=ORIENTED_EDGE('',*,*,#3436,.F.);
#4577=ORIENTED_EDGE('',*,*,#3441,.F.);
#4578=ORIENTED_EDGE('',*,*,#3442,.T.);
#4579=ORIENTED_EDGE('',*,*,#3443,.T.);
#4580=ORIENTED_EDGE('',*,*,#3439,.F.);
#4581=ORIENTED_EDGE('',*,*,#3444,.F.);
#4582=ORIENTED_EDGE('',*,*,#3395,.T.);
#4583=ORIENTED_EDGE('',*,*,#3445,.T.);
#4584=ORIENTED_EDGE('',*,*,#3442,.F.);
#4585=ORIENTED_EDGE('',*,*,#3445,.F.);
#4586=ORIENTED_EDGE('',*,*,#3394,.F.);
#4587=ORIENTED_EDGE('',*,*,#3398,.F.);
#4588=ORIENTED_EDGE('',*,*,#3401,.F.);
#4589=ORIENTED_EDGE('',*,*,#3404,.F.);
#4590=ORIENTED_EDGE('',*,*,#3407,.F.);
#4591=ORIENTED_EDGE('',*,*,#3410,.F.);
#4592=ORIENTED_EDGE('',*,*,#3413,.F.);
#4593=ORIENTED_EDGE('',*,*,#3416,.F.);
#4594=ORIENTED_EDGE('',*,*,#3419,.F.);
#4595=ORIENTED_EDGE('',*,*,#3422,.F.);
#4596=ORIENTED_EDGE('',*,*,#3425,.F.);
#4597=ORIENTED_EDGE('',*,*,#3428,.F.);
#4598=ORIENTED_EDGE('',*,*,#3431,.F.);
#4599=ORIENTED_EDGE('',*,*,#3434,.F.);
#4600=ORIENTED_EDGE('',*,*,#3437,.F.);
#4601=ORIENTED_EDGE('',*,*,#3440,.F.);
#4602=ORIENTED_EDGE('',*,*,#3443,.F.);
#4603=ORIENTED_EDGE('',*,*,#3391,.F.);
#4604=ORIENTED_EDGE('',*,*,#3379,.F.);
#4605=ORIENTED_EDGE('',*,*,#3383,.F.);
#4606=ORIENTED_EDGE('',*,*,#3386,.F.);
#4607=ORIENTED_EDGE('',*,*,#3389,.F.);
#4608=ORIENTED_EDGE('',*,*,#3446,.F.);
#4609=ORIENTED_EDGE('',*,*,#3447,.T.);
#4610=ORIENTED_EDGE('',*,*,#3448,.T.);
#4611=ORIENTED_EDGE('',*,*,#3449,.F.);
#4612=ORIENTED_EDGE('',*,*,#3450,.F.);
#4613=ORIENTED_EDGE('',*,*,#3451,.T.);
#4614=ORIENTED_EDGE('',*,*,#3452,.T.);
#4615=ORIENTED_EDGE('',*,*,#3447,.F.);
#4616=ORIENTED_EDGE('',*,*,#3453,.F.);
#4617=ORIENTED_EDGE('',*,*,#3454,.T.);
#4618=ORIENTED_EDGE('',*,*,#3455,.T.);
#4619=ORIENTED_EDGE('',*,*,#3451,.F.);
#4620=ORIENTED_EDGE('',*,*,#3456,.F.);
#4621=ORIENTED_EDGE('',*,*,#3457,.T.);
#4622=ORIENTED_EDGE('',*,*,#3458,.T.);
#4623=ORIENTED_EDGE('',*,*,#3454,.F.);
#4624=ORIENTED_EDGE('',*,*,#3459,.F.);
#4625=ORIENTED_EDGE('',*,*,#3460,.T.);
#4626=ORIENTED_EDGE('',*,*,#3461,.T.);
#4627=ORIENTED_EDGE('',*,*,#3457,.F.);
#4628=ORIENTED_EDGE('',*,*,#3462,.F.);
#4629=ORIENTED_EDGE('',*,*,#3463,.T.);
#4630=ORIENTED_EDGE('',*,*,#3464,.T.);
#4631=ORIENTED_EDGE('',*,*,#3460,.F.);
#4632=ORIENTED_EDGE('',*,*,#3465,.F.);
#4633=ORIENTED_EDGE('',*,*,#3449,.T.);
#4634=ORIENTED_EDGE('',*,*,#3466,.T.);
#4635=ORIENTED_EDGE('',*,*,#3463,.F.);
#4636=ORIENTED_EDGE('',*,*,#3466,.F.);
#4637=ORIENTED_EDGE('',*,*,#3448,.F.);
#4638=ORIENTED_EDGE('',*,*,#3452,.F.);
#4639=ORIENTED_EDGE('',*,*,#3455,.F.);
#4640=ORIENTED_EDGE('',*,*,#3458,.F.);
#4641=ORIENTED_EDGE('',*,*,#3461,.F.);
#4642=ORIENTED_EDGE('',*,*,#3464,.F.);
#4643=ORIENTED_EDGE('',*,*,#3467,.F.);
#4644=ORIENTED_EDGE('',*,*,#3468,.T.);
#4645=ORIENTED_EDGE('',*,*,#3469,.T.);
#4646=ORIENTED_EDGE('',*,*,#3470,.F.);
#4647=ORIENTED_EDGE('',*,*,#3471,.F.);
#4648=ORIENTED_EDGE('',*,*,#3472,.T.);
#4649=ORIENTED_EDGE('',*,*,#3473,.T.);
#4650=ORIENTED_EDGE('',*,*,#3468,.F.);
#4651=ORIENTED_EDGE('',*,*,#3474,.F.);
#4652=ORIENTED_EDGE('',*,*,#3475,.T.);
#4653=ORIENTED_EDGE('',*,*,#3476,.T.);
#4654=ORIENTED_EDGE('',*,*,#3472,.F.);
#4655=ORIENTED_EDGE('',*,*,#3477,.F.);
#4656=ORIENTED_EDGE('',*,*,#3478,.T.);
#4657=ORIENTED_EDGE('',*,*,#3479,.T.);
#4658=ORIENTED_EDGE('',*,*,#3475,.F.);
#4659=ORIENTED_EDGE('',*,*,#3480,.F.);
#4660=ORIENTED_EDGE('',*,*,#3481,.T.);
#4661=ORIENTED_EDGE('',*,*,#3482,.T.);
#4662=ORIENTED_EDGE('',*,*,#3478,.F.);
#4663=ORIENTED_EDGE('',*,*,#3483,.F.);
#4664=ORIENTED_EDGE('',*,*,#3484,.T.);
#4665=ORIENTED_EDGE('',*,*,#3485,.T.);
#4666=ORIENTED_EDGE('',*,*,#3481,.F.);
#4667=ORIENTED_EDGE('',*,*,#3486,.F.);
#4668=ORIENTED_EDGE('',*,*,#3487,.T.);
#4669=ORIENTED_EDGE('',*,*,#3488,.T.);
#4670=ORIENTED_EDGE('',*,*,#3484,.F.);
#4671=ORIENTED_EDGE('',*,*,#3489,.F.);
#4672=ORIENTED_EDGE('',*,*,#3490,.T.);
#4673=ORIENTED_EDGE('',*,*,#3491,.T.);
#4674=ORIENTED_EDGE('',*,*,#3487,.F.);
#4675=ORIENTED_EDGE('',*,*,#3492,.F.);
#4676=ORIENTED_EDGE('',*,*,#3493,.T.);
#4677=ORIENTED_EDGE('',*,*,#3494,.T.);
#4678=ORIENTED_EDGE('',*,*,#3490,.F.);
#4679=ORIENTED_EDGE('',*,*,#3495,.F.);
#4680=ORIENTED_EDGE('',*,*,#3496,.T.);
#4681=ORIENTED_EDGE('',*,*,#3497,.T.);
#4682=ORIENTED_EDGE('',*,*,#3493,.F.);
#4683=ORIENTED_EDGE('',*,*,#3498,.F.);
#4684=ORIENTED_EDGE('',*,*,#3499,.T.);
#4685=ORIENTED_EDGE('',*,*,#3500,.T.);
#4686=ORIENTED_EDGE('',*,*,#3496,.F.);
#4687=ORIENTED_EDGE('',*,*,#3501,.F.);
#4688=ORIENTED_EDGE('',*,*,#3502,.T.);
#4689=ORIENTED_EDGE('',*,*,#3503,.T.);
#4690=ORIENTED_EDGE('',*,*,#3499,.F.);
#4691=ORIENTED_EDGE('',*,*,#3504,.F.);
#4692=ORIENTED_EDGE('',*,*,#3505,.T.);
#4693=ORIENTED_EDGE('',*,*,#3506,.T.);
#4694=ORIENTED_EDGE('',*,*,#3502,.F.);
#4695=ORIENTED_EDGE('',*,*,#3507,.F.);
#4696=ORIENTED_EDGE('',*,*,#3508,.T.);
#4697=ORIENTED_EDGE('',*,*,#3509,.T.);
#4698=ORIENTED_EDGE('',*,*,#3505,.F.);
#4699=ORIENTED_EDGE('',*,*,#3510,.F.);
#4700=ORIENTED_EDGE('',*,*,#3511,.T.);
#4701=ORIENTED_EDGE('',*,*,#3512,.T.);
#4702=ORIENTED_EDGE('',*,*,#3508,.F.);
#4703=ORIENTED_EDGE('',*,*,#3513,.F.);
#4704=ORIENTED_EDGE('',*,*,#3514,.T.);
#4705=ORIENTED_EDGE('',*,*,#3515,.T.);
#4706=ORIENTED_EDGE('',*,*,#3511,.F.);
#4707=ORIENTED_EDGE('',*,*,#3516,.F.);
#4708=ORIENTED_EDGE('',*,*,#3517,.T.);
#4709=ORIENTED_EDGE('',*,*,#3518,.T.);
#4710=ORIENTED_EDGE('',*,*,#3514,.F.);
#4711=ORIENTED_EDGE('',*,*,#3519,.F.);
#4712=ORIENTED_EDGE('',*,*,#3520,.T.);
#4713=ORIENTED_EDGE('',*,*,#3521,.T.);
#4714=ORIENTED_EDGE('',*,*,#3517,.F.);
#4715=ORIENTED_EDGE('',*,*,#3522,.F.);
#4716=ORIENTED_EDGE('',*,*,#3523,.T.);
#4717=ORIENTED_EDGE('',*,*,#3524,.T.);
#4718=ORIENTED_EDGE('',*,*,#3520,.F.);
#4719=ORIENTED_EDGE('',*,*,#3525,.F.);
#4720=ORIENTED_EDGE('',*,*,#3470,.T.);
#4721=ORIENTED_EDGE('',*,*,#3526,.T.);
#4722=ORIENTED_EDGE('',*,*,#3523,.F.);
#4723=ORIENTED_EDGE('',*,*,#3526,.F.);
#4724=ORIENTED_EDGE('',*,*,#3469,.F.);
#4725=ORIENTED_EDGE('',*,*,#3473,.F.);
#4726=ORIENTED_EDGE('',*,*,#3476,.F.);
#4727=ORIENTED_EDGE('',*,*,#3479,.F.);
#4728=ORIENTED_EDGE('',*,*,#3482,.F.);
#4729=ORIENTED_EDGE('',*,*,#3485,.F.);
#4730=ORIENTED_EDGE('',*,*,#3488,.F.);
#4731=ORIENTED_EDGE('',*,*,#3491,.F.);
#4732=ORIENTED_EDGE('',*,*,#3494,.F.);
#4733=ORIENTED_EDGE('',*,*,#3497,.F.);
#4734=ORIENTED_EDGE('',*,*,#3500,.F.);
#4735=ORIENTED_EDGE('',*,*,#3503,.F.);
#4736=ORIENTED_EDGE('',*,*,#3506,.F.);
#4737=ORIENTED_EDGE('',*,*,#3509,.F.);
#4738=ORIENTED_EDGE('',*,*,#3512,.F.);
#4739=ORIENTED_EDGE('',*,*,#3515,.F.);
#4740=ORIENTED_EDGE('',*,*,#3518,.F.);
#4741=ORIENTED_EDGE('',*,*,#3521,.F.);
#4742=ORIENTED_EDGE('',*,*,#3524,.F.);
#4743=ORIENTED_EDGE('',*,*,#3527,.F.);
#4744=ORIENTED_EDGE('',*,*,#3528,.T.);
#4745=ORIENTED_EDGE('',*,*,#3529,.T.);
#4746=ORIENTED_EDGE('',*,*,#3530,.F.);
#4747=ORIENTED_EDGE('',*,*,#3531,.F.);
#4748=ORIENTED_EDGE('',*,*,#3532,.T.);
#4749=ORIENTED_EDGE('',*,*,#3533,.T.);
#4750=ORIENTED_EDGE('',*,*,#3528,.F.);
#4751=ORIENTED_EDGE('',*,*,#3534,.F.);
#4752=ORIENTED_EDGE('',*,*,#3535,.T.);
#4753=ORIENTED_EDGE('',*,*,#3536,.T.);
#4754=ORIENTED_EDGE('',*,*,#3532,.F.);
#4755=ORIENTED_EDGE('',*,*,#3537,.F.);
#4756=ORIENTED_EDGE('',*,*,#3538,.T.);
#4757=ORIENTED_EDGE('',*,*,#3539,.T.);
#4758=ORIENTED_EDGE('',*,*,#3535,.F.);
#4759=ORIENTED_EDGE('',*,*,#3540,.F.);
#4760=ORIENTED_EDGE('',*,*,#3541,.T.);
#4761=ORIENTED_EDGE('',*,*,#3542,.T.);
#4762=ORIENTED_EDGE('',*,*,#3538,.F.);
#4763=ORIENTED_EDGE('',*,*,#3543,.F.);
#4764=ORIENTED_EDGE('',*,*,#3544,.T.);
#4765=ORIENTED_EDGE('',*,*,#3545,.T.);
#4766=ORIENTED_EDGE('',*,*,#3541,.F.);
#4767=ORIENTED_EDGE('',*,*,#3546,.F.);
#4768=ORIENTED_EDGE('',*,*,#3547,.T.);
#4769=ORIENTED_EDGE('',*,*,#3548,.T.);
#4770=ORIENTED_EDGE('',*,*,#3544,.F.);
#4771=ORIENTED_EDGE('',*,*,#3549,.F.);
#4772=ORIENTED_EDGE('',*,*,#3550,.T.);
#4773=ORIENTED_EDGE('',*,*,#3551,.T.);
#4774=ORIENTED_EDGE('',*,*,#3547,.F.);
#4775=ORIENTED_EDGE('',*,*,#3552,.F.);
#4776=ORIENTED_EDGE('',*,*,#3530,.T.);
#4777=ORIENTED_EDGE('',*,*,#3553,.T.);
#4778=ORIENTED_EDGE('',*,*,#3550,.F.);
#4779=ORIENTED_EDGE('',*,*,#3554,.F.);
#4780=ORIENTED_EDGE('',*,*,#3555,.T.);
#4781=ORIENTED_EDGE('',*,*,#3556,.T.);
#4782=ORIENTED_EDGE('',*,*,#3557,.F.);
#4783=ORIENTED_EDGE('',*,*,#3558,.F.);
#4784=ORIENTED_EDGE('',*,*,#3559,.T.);
#4785=ORIENTED_EDGE('',*,*,#3560,.T.);
#4786=ORIENTED_EDGE('',*,*,#3555,.F.);
#4787=ORIENTED_EDGE('',*,*,#3561,.F.);
#4788=ORIENTED_EDGE('',*,*,#3562,.T.);
#4789=ORIENTED_EDGE('',*,*,#3563,.T.);
#4790=ORIENTED_EDGE('',*,*,#3559,.F.);
#4791=ORIENTED_EDGE('',*,*,#3564,.F.);
#4792=ORIENTED_EDGE('',*,*,#3565,.T.);
#4793=ORIENTED_EDGE('',*,*,#3566,.T.);
#4794=ORIENTED_EDGE('',*,*,#3562,.F.);
#4795=ORIENTED_EDGE('',*,*,#3567,.F.);
#4796=ORIENTED_EDGE('',*,*,#3568,.T.);
#4797=ORIENTED_EDGE('',*,*,#3569,.T.);
#4798=ORIENTED_EDGE('',*,*,#3565,.F.);
#4799=ORIENTED_EDGE('',*,*,#3570,.F.);
#4800=ORIENTED_EDGE('',*,*,#3571,.T.);
#4801=ORIENTED_EDGE('',*,*,#3572,.T.);
#4802=ORIENTED_EDGE('',*,*,#3568,.F.);
#4803=ORIENTED_EDGE('',*,*,#3573,.F.);
#4804=ORIENTED_EDGE('',*,*,#3574,.T.);
#4805=ORIENTED_EDGE('',*,*,#3575,.T.);
#4806=ORIENTED_EDGE('',*,*,#3571,.F.);
#4807=ORIENTED_EDGE('',*,*,#3576,.F.);
#4808=ORIENTED_EDGE('',*,*,#3577,.T.);
#4809=ORIENTED_EDGE('',*,*,#3578,.T.);
#4810=ORIENTED_EDGE('',*,*,#3574,.F.);
#4811=ORIENTED_EDGE('',*,*,#3579,.F.);
#4812=ORIENTED_EDGE('',*,*,#3580,.T.);
#4813=ORIENTED_EDGE('',*,*,#3581,.T.);
#4814=ORIENTED_EDGE('',*,*,#3577,.F.);
#4815=ORIENTED_EDGE('',*,*,#3582,.F.);
#4816=ORIENTED_EDGE('',*,*,#3583,.T.);
#4817=ORIENTED_EDGE('',*,*,#3584,.T.);
#4818=ORIENTED_EDGE('',*,*,#3580,.F.);
#4819=ORIENTED_EDGE('',*,*,#3585,.F.);
#4820=ORIENTED_EDGE('',*,*,#3586,.T.);
#4821=ORIENTED_EDGE('',*,*,#3587,.T.);
#4822=ORIENTED_EDGE('',*,*,#3583,.F.);
#4823=ORIENTED_EDGE('',*,*,#3588,.F.);
#4824=ORIENTED_EDGE('',*,*,#3589,.T.);
#4825=ORIENTED_EDGE('',*,*,#3590,.T.);
#4826=ORIENTED_EDGE('',*,*,#3586,.F.);
#4827=ORIENTED_EDGE('',*,*,#3591,.F.);
#4828=ORIENTED_EDGE('',*,*,#3592,.T.);
#4829=ORIENTED_EDGE('',*,*,#3593,.T.);
#4830=ORIENTED_EDGE('',*,*,#3589,.F.);
#4831=ORIENTED_EDGE('',*,*,#3594,.F.);
#4832=ORIENTED_EDGE('',*,*,#3557,.T.);
#4833=ORIENTED_EDGE('',*,*,#3595,.T.);
#4834=ORIENTED_EDGE('',*,*,#3592,.F.);
#4835=ORIENTED_EDGE('',*,*,#3595,.F.);
#4836=ORIENTED_EDGE('',*,*,#3556,.F.);
#4837=ORIENTED_EDGE('',*,*,#3560,.F.);
#4838=ORIENTED_EDGE('',*,*,#3563,.F.);
#4839=ORIENTED_EDGE('',*,*,#3566,.F.);
#4840=ORIENTED_EDGE('',*,*,#3569,.F.);
#4841=ORIENTED_EDGE('',*,*,#3572,.F.);
#4842=ORIENTED_EDGE('',*,*,#3575,.F.);
#4843=ORIENTED_EDGE('',*,*,#3578,.F.);
#4844=ORIENTED_EDGE('',*,*,#3581,.F.);
#4845=ORIENTED_EDGE('',*,*,#3584,.F.);
#4846=ORIENTED_EDGE('',*,*,#3587,.F.);
#4847=ORIENTED_EDGE('',*,*,#3590,.F.);
#4848=ORIENTED_EDGE('',*,*,#3593,.F.);
#4849=ORIENTED_EDGE('',*,*,#3553,.F.);
#4850=ORIENTED_EDGE('',*,*,#3529,.F.);
#4851=ORIENTED_EDGE('',*,*,#3533,.F.);
#4852=ORIENTED_EDGE('',*,*,#3536,.F.);
#4853=ORIENTED_EDGE('',*,*,#3539,.F.);
#4854=ORIENTED_EDGE('',*,*,#3542,.F.);
#4855=ORIENTED_EDGE('',*,*,#3545,.F.);
#4856=ORIENTED_EDGE('',*,*,#3548,.F.);
#4857=ORIENTED_EDGE('',*,*,#3551,.F.);
#4858=ORIENTED_EDGE('',*,*,#3596,.F.);
#4859=ORIENTED_EDGE('',*,*,#3597,.T.);
#4860=ORIENTED_EDGE('',*,*,#3598,.T.);
#4861=ORIENTED_EDGE('',*,*,#3599,.F.);
#4862=ORIENTED_EDGE('',*,*,#3600,.F.);
#4863=ORIENTED_EDGE('',*,*,#3601,.T.);
#4864=ORIENTED_EDGE('',*,*,#3602,.T.);
#4865=ORIENTED_EDGE('',*,*,#3597,.F.);
#4866=ORIENTED_EDGE('',*,*,#3603,.F.);
#4867=ORIENTED_EDGE('',*,*,#3604,.T.);
#4868=ORIENTED_EDGE('',*,*,#3605,.T.);
#4869=ORIENTED_EDGE('',*,*,#3601,.F.);
#4870=ORIENTED_EDGE('',*,*,#3606,.F.);
#4871=ORIENTED_EDGE('',*,*,#3607,.T.);
#4872=ORIENTED_EDGE('',*,*,#3608,.T.);
#4873=ORIENTED_EDGE('',*,*,#3604,.F.);
#4874=ORIENTED_EDGE('',*,*,#3609,.F.);
#4875=ORIENTED_EDGE('',*,*,#3610,.T.);
#4876=ORIENTED_EDGE('',*,*,#3611,.T.);
#4877=ORIENTED_EDGE('',*,*,#3607,.F.);
#4878=ORIENTED_EDGE('',*,*,#3612,.F.);
#4879=ORIENTED_EDGE('',*,*,#3613,.T.);
#4880=ORIENTED_EDGE('',*,*,#3614,.T.);
#4881=ORIENTED_EDGE('',*,*,#3610,.F.);
#4882=ORIENTED_EDGE('',*,*,#3615,.F.);
#4883=ORIENTED_EDGE('',*,*,#3616,.T.);
#4884=ORIENTED_EDGE('',*,*,#3617,.T.);
#4885=ORIENTED_EDGE('',*,*,#3613,.F.);
#4886=ORIENTED_EDGE('',*,*,#3618,.F.);
#4887=ORIENTED_EDGE('',*,*,#3599,.T.);
#4888=ORIENTED_EDGE('',*,*,#3619,.T.);
#4889=ORIENTED_EDGE('',*,*,#3616,.F.);
#4890=ORIENTED_EDGE('',*,*,#3620,.F.);
#4891=ORIENTED_EDGE('',*,*,#3621,.T.);
#4892=ORIENTED_EDGE('',*,*,#3622,.T.);
#4893=ORIENTED_EDGE('',*,*,#3623,.F.);
#4894=ORIENTED_EDGE('',*,*,#3624,.F.);
#4895=ORIENTED_EDGE('',*,*,#3625,.T.);
#4896=ORIENTED_EDGE('',*,*,#3626,.T.);
#4897=ORIENTED_EDGE('',*,*,#3621,.F.);
#4898=ORIENTED_EDGE('',*,*,#3627,.F.);
#4899=ORIENTED_EDGE('',*,*,#3628,.T.);
#4900=ORIENTED_EDGE('',*,*,#3629,.T.);
#4901=ORIENTED_EDGE('',*,*,#3625,.F.);
#4902=ORIENTED_EDGE('',*,*,#3630,.F.);
#4903=ORIENTED_EDGE('',*,*,#3631,.T.);
#4904=ORIENTED_EDGE('',*,*,#3632,.T.);
#4905=ORIENTED_EDGE('',*,*,#3628,.F.);
#4906=ORIENTED_EDGE('',*,*,#3633,.F.);
#4907=ORIENTED_EDGE('',*,*,#3634,.T.);
#4908=ORIENTED_EDGE('',*,*,#3635,.T.);
#4909=ORIENTED_EDGE('',*,*,#3631,.F.);
#4910=ORIENTED_EDGE('',*,*,#3636,.F.);
#4911=ORIENTED_EDGE('',*,*,#3637,.T.);
#4912=ORIENTED_EDGE('',*,*,#3638,.T.);
#4913=ORIENTED_EDGE('',*,*,#3634,.F.);
#4914=ORIENTED_EDGE('',*,*,#3639,.F.);
#4915=ORIENTED_EDGE('',*,*,#3640,.T.);
#4916=ORIENTED_EDGE('',*,*,#3641,.T.);
#4917=ORIENTED_EDGE('',*,*,#3637,.F.);
#4918=ORIENTED_EDGE('',*,*,#3642,.F.);
#4919=ORIENTED_EDGE('',*,*,#3643,.T.);
#4920=ORIENTED_EDGE('',*,*,#3644,.T.);
#4921=ORIENTED_EDGE('',*,*,#3640,.F.);
#4922=ORIENTED_EDGE('',*,*,#3645,.F.);
#4923=ORIENTED_EDGE('',*,*,#3646,.T.);
#4924=ORIENTED_EDGE('',*,*,#3647,.T.);
#4925=ORIENTED_EDGE('',*,*,#3643,.F.);
#4926=ORIENTED_EDGE('',*,*,#3648,.F.);
#4927=ORIENTED_EDGE('',*,*,#3623,.T.);
#4928=ORIENTED_EDGE('',*,*,#3649,.T.);
#4929=ORIENTED_EDGE('',*,*,#3646,.F.);
#4930=ORIENTED_EDGE('',*,*,#3649,.F.);
#4931=ORIENTED_EDGE('',*,*,#3622,.F.);
#4932=ORIENTED_EDGE('',*,*,#3626,.F.);
#4933=ORIENTED_EDGE('',*,*,#3629,.F.);
#4934=ORIENTED_EDGE('',*,*,#3632,.F.);
#4935=ORIENTED_EDGE('',*,*,#3635,.F.);
#4936=ORIENTED_EDGE('',*,*,#3638,.F.);
#4937=ORIENTED_EDGE('',*,*,#3641,.F.);
#4938=ORIENTED_EDGE('',*,*,#3644,.F.);
#4939=ORIENTED_EDGE('',*,*,#3647,.F.);
#4940=ORIENTED_EDGE('',*,*,#3619,.F.);
#4941=ORIENTED_EDGE('',*,*,#3598,.F.);
#4942=ORIENTED_EDGE('',*,*,#3602,.F.);
#4943=ORIENTED_EDGE('',*,*,#3605,.F.);
#4944=ORIENTED_EDGE('',*,*,#3608,.F.);
#4945=ORIENTED_EDGE('',*,*,#3611,.F.);
#4946=ORIENTED_EDGE('',*,*,#3614,.F.);
#4947=ORIENTED_EDGE('',*,*,#3617,.F.);
#4948=ORIENTED_EDGE('',*,*,#3650,.F.);
#4949=ORIENTED_EDGE('',*,*,#3651,.T.);
#4950=ORIENTED_EDGE('',*,*,#3652,.T.);
#4951=ORIENTED_EDGE('',*,*,#3653,.F.);
#4952=ORIENTED_EDGE('',*,*,#3654,.F.);
#4953=ORIENTED_EDGE('',*,*,#3655,.T.);
#4954=ORIENTED_EDGE('',*,*,#3656,.T.);
#4955=ORIENTED_EDGE('',*,*,#3651,.F.);
#4956=ORIENTED_EDGE('',*,*,#3657,.F.);
#4957=ORIENTED_EDGE('',*,*,#3658,.T.);
#4958=ORIENTED_EDGE('',*,*,#3659,.T.);
#4959=ORIENTED_EDGE('',*,*,#3655,.F.);
#4960=ORIENTED_EDGE('',*,*,#3660,.F.);
#4961=ORIENTED_EDGE('',*,*,#3661,.T.);
#4962=ORIENTED_EDGE('',*,*,#3662,.T.);
#4963=ORIENTED_EDGE('',*,*,#3658,.F.);
#4964=ORIENTED_EDGE('',*,*,#3663,.F.);
#4965=ORIENTED_EDGE('',*,*,#3664,.T.);
#4966=ORIENTED_EDGE('',*,*,#3665,.T.);
#4967=ORIENTED_EDGE('',*,*,#3661,.F.);
#4968=ORIENTED_EDGE('',*,*,#3666,.F.);
#4969=ORIENTED_EDGE('',*,*,#3667,.T.);
#4970=ORIENTED_EDGE('',*,*,#3668,.T.);
#4971=ORIENTED_EDGE('',*,*,#3664,.F.);
#4972=ORIENTED_EDGE('',*,*,#3669,.F.);
#4973=ORIENTED_EDGE('',*,*,#3670,.T.);
#4974=ORIENTED_EDGE('',*,*,#3671,.T.);
#4975=ORIENTED_EDGE('',*,*,#3667,.F.);
#4976=ORIENTED_EDGE('',*,*,#3672,.F.);
#4977=ORIENTED_EDGE('',*,*,#3673,.T.);
#4978=ORIENTED_EDGE('',*,*,#3674,.T.);
#4979=ORIENTED_EDGE('',*,*,#3670,.F.);
#4980=ORIENTED_EDGE('',*,*,#3675,.F.);
#4981=ORIENTED_EDGE('',*,*,#3676,.T.);
#4982=ORIENTED_EDGE('',*,*,#3677,.T.);
#4983=ORIENTED_EDGE('',*,*,#3673,.F.);
#4984=ORIENTED_EDGE('',*,*,#3678,.F.);
#4985=ORIENTED_EDGE('',*,*,#3679,.T.);
#4986=ORIENTED_EDGE('',*,*,#3680,.T.);
#4987=ORIENTED_EDGE('',*,*,#3676,.F.);
#4988=ORIENTED_EDGE('',*,*,#3681,.F.);
#4989=ORIENTED_EDGE('',*,*,#3653,.T.);
#4990=ORIENTED_EDGE('',*,*,#3682,.T.);
#4991=ORIENTED_EDGE('',*,*,#3679,.F.);
#4992=ORIENTED_EDGE('',*,*,#3682,.F.);
#4993=ORIENTED_EDGE('',*,*,#3652,.F.);
#4994=ORIENTED_EDGE('',*,*,#3656,.F.);
#4995=ORIENTED_EDGE('',*,*,#3659,.F.);
#4996=ORIENTED_EDGE('',*,*,#3662,.F.);
#4997=ORIENTED_EDGE('',*,*,#3665,.F.);
#4998=ORIENTED_EDGE('',*,*,#3668,.F.);
#4999=ORIENTED_EDGE('',*,*,#3671,.F.);
#5000=ORIENTED_EDGE('',*,*,#3674,.F.);
#5001=ORIENTED_EDGE('',*,*,#3677,.F.);
#5002=ORIENTED_EDGE('',*,*,#3680,.F.);
#5003=ORIENTED_EDGE('',*,*,#3683,.F.);
#5004=ORIENTED_EDGE('',*,*,#3684,.T.);
#5005=ORIENTED_EDGE('',*,*,#3685,.T.);
#5006=ORIENTED_EDGE('',*,*,#3686,.F.);
#5007=ORIENTED_EDGE('',*,*,#3687,.F.);
#5008=ORIENTED_EDGE('',*,*,#3688,.T.);
#5009=ORIENTED_EDGE('',*,*,#3689,.T.);
#5010=ORIENTED_EDGE('',*,*,#3684,.F.);
#5011=ORIENTED_EDGE('',*,*,#3690,.F.);
#5012=ORIENTED_EDGE('',*,*,#3691,.T.);
#5013=ORIENTED_EDGE('',*,*,#3692,.T.);
#5014=ORIENTED_EDGE('',*,*,#3688,.F.);
#5015=ORIENTED_EDGE('',*,*,#3693,.F.);
#5016=ORIENTED_EDGE('',*,*,#3694,.T.);
#5017=ORIENTED_EDGE('',*,*,#3695,.T.);
#5018=ORIENTED_EDGE('',*,*,#3691,.F.);
#5019=ORIENTED_EDGE('',*,*,#3696,.F.);
#5020=ORIENTED_EDGE('',*,*,#3697,.T.);
#5021=ORIENTED_EDGE('',*,*,#3698,.T.);
#5022=ORIENTED_EDGE('',*,*,#3694,.F.);
#5023=ORIENTED_EDGE('',*,*,#3699,.F.);
#5024=ORIENTED_EDGE('',*,*,#3700,.T.);
#5025=ORIENTED_EDGE('',*,*,#3701,.T.);
#5026=ORIENTED_EDGE('',*,*,#3697,.F.);
#5027=ORIENTED_EDGE('',*,*,#3702,.F.);
#5028=ORIENTED_EDGE('',*,*,#3703,.T.);
#5029=ORIENTED_EDGE('',*,*,#3704,.T.);
#5030=ORIENTED_EDGE('',*,*,#3700,.F.);
#5031=ORIENTED_EDGE('',*,*,#3705,.F.);
#5032=ORIENTED_EDGE('',*,*,#3706,.T.);
#5033=ORIENTED_EDGE('',*,*,#3707,.T.);
#5034=ORIENTED_EDGE('',*,*,#3703,.F.);
#5035=ORIENTED_EDGE('',*,*,#3708,.F.);
#5036=ORIENTED_EDGE('',*,*,#3709,.T.);
#5037=ORIENTED_EDGE('',*,*,#3710,.T.);
#5038=ORIENTED_EDGE('',*,*,#3706,.F.);
#5039=ORIENTED_EDGE('',*,*,#3711,.F.);
#5040=ORIENTED_EDGE('',*,*,#3712,.T.);
#5041=ORIENTED_EDGE('',*,*,#3713,.T.);
#5042=ORIENTED_EDGE('',*,*,#3709,.F.);
#5043=ORIENTED_EDGE('',*,*,#3714,.F.);
#5044=ORIENTED_EDGE('',*,*,#3715,.T.);
#5045=ORIENTED_EDGE('',*,*,#3716,.T.);
#5046=ORIENTED_EDGE('',*,*,#3712,.F.);
#5047=ORIENTED_EDGE('',*,*,#3717,.F.);
#5048=ORIENTED_EDGE('',*,*,#3718,.T.);
#5049=ORIENTED_EDGE('',*,*,#3719,.T.);
#5050=ORIENTED_EDGE('',*,*,#3715,.F.);
#5051=ORIENTED_EDGE('',*,*,#3720,.F.);
#5052=ORIENTED_EDGE('',*,*,#3721,.T.);
#5053=ORIENTED_EDGE('',*,*,#3722,.T.);
#5054=ORIENTED_EDGE('',*,*,#3718,.F.);
#5055=ORIENTED_EDGE('',*,*,#3723,.F.);
#5056=ORIENTED_EDGE('',*,*,#3724,.T.);
#5057=ORIENTED_EDGE('',*,*,#3725,.T.);
#5058=ORIENTED_EDGE('',*,*,#3721,.F.);
#5059=ORIENTED_EDGE('',*,*,#3726,.F.);
#5060=ORIENTED_EDGE('',*,*,#3727,.T.);
#5061=ORIENTED_EDGE('',*,*,#3728,.T.);
#5062=ORIENTED_EDGE('',*,*,#3724,.F.);
#5063=ORIENTED_EDGE('',*,*,#3729,.F.);
#5064=ORIENTED_EDGE('',*,*,#3730,.T.);
#5065=ORIENTED_EDGE('',*,*,#3731,.T.);
#5066=ORIENTED_EDGE('',*,*,#3727,.F.);
#5067=ORIENTED_EDGE('',*,*,#3732,.F.);
#5068=ORIENTED_EDGE('',*,*,#3733,.T.);
#5069=ORIENTED_EDGE('',*,*,#3734,.T.);
#5070=ORIENTED_EDGE('',*,*,#3730,.F.);
#5071=ORIENTED_EDGE('',*,*,#3735,.F.);
#5072=ORIENTED_EDGE('',*,*,#3736,.T.);
#5073=ORIENTED_EDGE('',*,*,#3737,.T.);
#5074=ORIENTED_EDGE('',*,*,#3733,.F.);
#5075=ORIENTED_EDGE('',*,*,#3738,.F.);
#5076=ORIENTED_EDGE('',*,*,#3739,.T.);
#5077=ORIENTED_EDGE('',*,*,#3740,.T.);
#5078=ORIENTED_EDGE('',*,*,#3736,.F.);
#5079=ORIENTED_EDGE('',*,*,#3741,.F.);
#5080=ORIENTED_EDGE('',*,*,#3686,.T.);
#5081=ORIENTED_EDGE('',*,*,#3742,.T.);
#5082=ORIENTED_EDGE('',*,*,#3739,.F.);
#5083=ORIENTED_EDGE('',*,*,#3742,.F.);
#5084=ORIENTED_EDGE('',*,*,#3685,.F.);
#5085=ORIENTED_EDGE('',*,*,#3689,.F.);
#5086=ORIENTED_EDGE('',*,*,#3692,.F.);
#5087=ORIENTED_EDGE('',*,*,#3695,.F.);
#5088=ORIENTED_EDGE('',*,*,#3698,.F.);
#5089=ORIENTED_EDGE('',*,*,#3701,.F.);
#5090=ORIENTED_EDGE('',*,*,#3704,.F.);
#5091=ORIENTED_EDGE('',*,*,#3707,.F.);
#5092=ORIENTED_EDGE('',*,*,#3710,.F.);
#5093=ORIENTED_EDGE('',*,*,#3713,.F.);
#5094=ORIENTED_EDGE('',*,*,#3716,.F.);
#5095=ORIENTED_EDGE('',*,*,#3719,.F.);
#5096=ORIENTED_EDGE('',*,*,#3722,.F.);
#5097=ORIENTED_EDGE('',*,*,#3725,.F.);
#5098=ORIENTED_EDGE('',*,*,#3728,.F.);
#5099=ORIENTED_EDGE('',*,*,#3731,.F.);
#5100=ORIENTED_EDGE('',*,*,#3734,.F.);
#5101=ORIENTED_EDGE('',*,*,#3737,.F.);
#5102=ORIENTED_EDGE('',*,*,#3740,.F.);
#5103=ORIENTED_EDGE('',*,*,#3743,.F.);
#5104=ORIENTED_EDGE('',*,*,#3744,.T.);
#5105=ORIENTED_EDGE('',*,*,#3745,.T.);
#5106=ORIENTED_EDGE('',*,*,#3746,.F.);
#5107=ORIENTED_EDGE('',*,*,#3747,.F.);
#5108=ORIENTED_EDGE('',*,*,#3748,.T.);
#5109=ORIENTED_EDGE('',*,*,#3749,.T.);
#5110=ORIENTED_EDGE('',*,*,#3744,.F.);
#5111=ORIENTED_EDGE('',*,*,#3750,.F.);
#5112=ORIENTED_EDGE('',*,*,#3751,.T.);
#5113=ORIENTED_EDGE('',*,*,#3752,.T.);
#5114=ORIENTED_EDGE('',*,*,#3748,.F.);
#5115=ORIENTED_EDGE('',*,*,#3753,.F.);
#5116=ORIENTED_EDGE('',*,*,#3754,.T.);
#5117=ORIENTED_EDGE('',*,*,#3755,.T.);
#5118=ORIENTED_EDGE('',*,*,#3751,.F.);
#5119=ORIENTED_EDGE('',*,*,#3756,.F.);
#5120=ORIENTED_EDGE('',*,*,#3757,.T.);
#5121=ORIENTED_EDGE('',*,*,#3758,.T.);
#5122=ORIENTED_EDGE('',*,*,#3754,.F.);
#5123=ORIENTED_EDGE('',*,*,#3759,.F.);
#5124=ORIENTED_EDGE('',*,*,#3760,.T.);
#5125=ORIENTED_EDGE('',*,*,#3761,.T.);
#5126=ORIENTED_EDGE('',*,*,#3757,.F.);
#5127=ORIENTED_EDGE('',*,*,#3762,.F.);
#5128=ORIENTED_EDGE('',*,*,#3763,.T.);
#5129=ORIENTED_EDGE('',*,*,#3764,.T.);
#5130=ORIENTED_EDGE('',*,*,#3760,.F.);
#5131=ORIENTED_EDGE('',*,*,#3765,.F.);
#5132=ORIENTED_EDGE('',*,*,#3746,.T.);
#5133=ORIENTED_EDGE('',*,*,#3766,.T.);
#5134=ORIENTED_EDGE('',*,*,#3763,.F.);
#5135=ORIENTED_EDGE('',*,*,#3766,.F.);
#5136=ORIENTED_EDGE('',*,*,#3745,.F.);
#5137=ORIENTED_EDGE('',*,*,#3749,.F.);
#5138=ORIENTED_EDGE('',*,*,#3752,.F.);
#5139=ORIENTED_EDGE('',*,*,#3755,.F.);
#5140=ORIENTED_EDGE('',*,*,#3758,.F.);
#5141=ORIENTED_EDGE('',*,*,#3761,.F.);
#5142=ORIENTED_EDGE('',*,*,#3764,.F.);
#5143=ORIENTED_EDGE('',*,*,#3767,.F.);
#5144=ORIENTED_EDGE('',*,*,#3768,.T.);
#5145=ORIENTED_EDGE('',*,*,#3769,.T.);
#5146=ORIENTED_EDGE('',*,*,#3770,.F.);
#5147=ORIENTED_EDGE('',*,*,#3771,.F.);
#5148=ORIENTED_EDGE('',*,*,#3772,.T.);
#5149=ORIENTED_EDGE('',*,*,#3773,.T.);
#5150=ORIENTED_EDGE('',*,*,#3768,.F.);
#5151=ORIENTED_EDGE('',*,*,#3774,.F.);
#5152=ORIENTED_EDGE('',*,*,#3775,.T.);
#5153=ORIENTED_EDGE('',*,*,#3776,.T.);
#5154=ORIENTED_EDGE('',*,*,#3772,.F.);
#5155=ORIENTED_EDGE('',*,*,#3777,.F.);
#5156=ORIENTED_EDGE('',*,*,#3778,.T.);
#5157=ORIENTED_EDGE('',*,*,#3779,.T.);
#5158=ORIENTED_EDGE('',*,*,#3775,.F.);
#5159=ORIENTED_EDGE('',*,*,#3780,.F.);
#5160=ORIENTED_EDGE('',*,*,#3781,.T.);
#5161=ORIENTED_EDGE('',*,*,#3782,.T.);
#5162=ORIENTED_EDGE('',*,*,#3778,.F.);
#5163=ORIENTED_EDGE('',*,*,#3783,.F.);
#5164=ORIENTED_EDGE('',*,*,#3784,.T.);
#5165=ORIENTED_EDGE('',*,*,#3785,.T.);
#5166=ORIENTED_EDGE('',*,*,#3781,.F.);
#5167=ORIENTED_EDGE('',*,*,#3786,.F.);
#5168=ORIENTED_EDGE('',*,*,#3770,.T.);
#5169=ORIENTED_EDGE('',*,*,#3787,.T.);
#5170=ORIENTED_EDGE('',*,*,#3784,.F.);
#5171=ORIENTED_EDGE('',*,*,#3788,.F.);
#5172=ORIENTED_EDGE('',*,*,#3789,.T.);
#5173=ORIENTED_EDGE('',*,*,#3790,.T.);
#5174=ORIENTED_EDGE('',*,*,#3791,.F.);
#5175=ORIENTED_EDGE('',*,*,#3792,.F.);
#5176=ORIENTED_EDGE('',*,*,#3793,.T.);
#5177=ORIENTED_EDGE('',*,*,#3794,.T.);
#5178=ORIENTED_EDGE('',*,*,#3789,.F.);
#5179=ORIENTED_EDGE('',*,*,#3795,.F.);
#5180=ORIENTED_EDGE('',*,*,#3796,.T.);
#5181=ORIENTED_EDGE('',*,*,#3797,.T.);
#5182=ORIENTED_EDGE('',*,*,#3793,.F.);
#5183=ORIENTED_EDGE('',*,*,#3798,.F.);
#5184=ORIENTED_EDGE('',*,*,#3799,.T.);
#5185=ORIENTED_EDGE('',*,*,#3800,.T.);
#5186=ORIENTED_EDGE('',*,*,#3796,.F.);
#5187=ORIENTED_EDGE('',*,*,#3801,.F.);
#5188=ORIENTED_EDGE('',*,*,#3802,.T.);
#5189=ORIENTED_EDGE('',*,*,#3803,.T.);
#5190=ORIENTED_EDGE('',*,*,#3799,.F.);
#5191=ORIENTED_EDGE('',*,*,#3804,.F.);
#5192=ORIENTED_EDGE('',*,*,#3805,.T.);
#5193=ORIENTED_EDGE('',*,*,#3806,.T.);
#5194=ORIENTED_EDGE('',*,*,#3802,.F.);
#5195=ORIENTED_EDGE('',*,*,#3807,.F.);
#5196=ORIENTED_EDGE('',*,*,#3808,.T.);
#5197=ORIENTED_EDGE('',*,*,#3809,.T.);
#5198=ORIENTED_EDGE('',*,*,#3805,.F.);
#5199=ORIENTED_EDGE('',*,*,#3810,.F.);
#5200=ORIENTED_EDGE('',*,*,#3811,.T.);
#5201=ORIENTED_EDGE('',*,*,#3812,.T.);
#5202=ORIENTED_EDGE('',*,*,#3808,.F.);
#5203=ORIENTED_EDGE('',*,*,#3813,.F.);
#5204=ORIENTED_EDGE('',*,*,#3814,.T.);
#5205=ORIENTED_EDGE('',*,*,#3815,.T.);
#5206=ORIENTED_EDGE('',*,*,#3811,.F.);
#5207=ORIENTED_EDGE('',*,*,#3816,.F.);
#5208=ORIENTED_EDGE('',*,*,#3817,.T.);
#5209=ORIENTED_EDGE('',*,*,#3818,.T.);
#5210=ORIENTED_EDGE('',*,*,#3814,.F.);
#5211=ORIENTED_EDGE('',*,*,#3819,.F.);
#5212=ORIENTED_EDGE('',*,*,#3820,.T.);
#5213=ORIENTED_EDGE('',*,*,#3821,.T.);
#5214=ORIENTED_EDGE('',*,*,#3817,.F.);
#5215=ORIENTED_EDGE('',*,*,#3822,.F.);
#5216=ORIENTED_EDGE('',*,*,#3823,.T.);
#5217=ORIENTED_EDGE('',*,*,#3824,.T.);
#5218=ORIENTED_EDGE('',*,*,#3820,.F.);
#5219=ORIENTED_EDGE('',*,*,#3825,.F.);
#5220=ORIENTED_EDGE('',*,*,#3826,.T.);
#5221=ORIENTED_EDGE('',*,*,#3827,.T.);
#5222=ORIENTED_EDGE('',*,*,#3823,.F.);
#5223=ORIENTED_EDGE('',*,*,#3828,.F.);
#5224=ORIENTED_EDGE('',*,*,#3829,.T.);
#5225=ORIENTED_EDGE('',*,*,#3830,.T.);
#5226=ORIENTED_EDGE('',*,*,#3826,.F.);
#5227=ORIENTED_EDGE('',*,*,#3831,.F.);
#5228=ORIENTED_EDGE('',*,*,#3832,.T.);
#5229=ORIENTED_EDGE('',*,*,#3833,.T.);
#5230=ORIENTED_EDGE('',*,*,#3829,.F.);
#5231=ORIENTED_EDGE('',*,*,#3834,.F.);
#5232=ORIENTED_EDGE('',*,*,#3835,.T.);
#5233=ORIENTED_EDGE('',*,*,#3836,.T.);
#5234=ORIENTED_EDGE('',*,*,#3832,.F.);
#5235=ORIENTED_EDGE('',*,*,#3837,.F.);
#5236=ORIENTED_EDGE('',*,*,#3838,.T.);
#5237=ORIENTED_EDGE('',*,*,#3839,.T.);
#5238=ORIENTED_EDGE('',*,*,#3835,.F.);
#5239=ORIENTED_EDGE('',*,*,#3840,.F.);
#5240=ORIENTED_EDGE('',*,*,#3841,.T.);
#5241=ORIENTED_EDGE('',*,*,#3842,.T.);
#5242=ORIENTED_EDGE('',*,*,#3838,.F.);
#5243=ORIENTED_EDGE('',*,*,#3843,.F.);
#5244=ORIENTED_EDGE('',*,*,#3844,.T.);
#5245=ORIENTED_EDGE('',*,*,#3845,.T.);
#5246=ORIENTED_EDGE('',*,*,#3841,.F.);
#5247=ORIENTED_EDGE('',*,*,#3846,.F.);
#5248=ORIENTED_EDGE('',*,*,#3847,.T.);
#5249=ORIENTED_EDGE('',*,*,#3848,.T.);
#5250=ORIENTED_EDGE('',*,*,#3844,.F.);
#5251=ORIENTED_EDGE('',*,*,#3849,.F.);
#5252=ORIENTED_EDGE('',*,*,#3850,.T.);
#5253=ORIENTED_EDGE('',*,*,#3851,.T.);
#5254=ORIENTED_EDGE('',*,*,#3847,.F.);
#5255=ORIENTED_EDGE('',*,*,#3852,.F.);
#5256=ORIENTED_EDGE('',*,*,#3853,.T.);
#5257=ORIENTED_EDGE('',*,*,#3854,.T.);
#5258=ORIENTED_EDGE('',*,*,#3850,.F.);
#5259=ORIENTED_EDGE('',*,*,#3855,.F.);
#5260=ORIENTED_EDGE('',*,*,#3791,.T.);
#5261=ORIENTED_EDGE('',*,*,#3856,.T.);
#5262=ORIENTED_EDGE('',*,*,#3853,.F.);
#5263=ORIENTED_EDGE('',*,*,#3856,.F.);
#5264=ORIENTED_EDGE('',*,*,#3790,.F.);
#5265=ORIENTED_EDGE('',*,*,#3794,.F.);
#5266=ORIENTED_EDGE('',*,*,#3797,.F.);
#5267=ORIENTED_EDGE('',*,*,#3800,.F.);
#5268=ORIENTED_EDGE('',*,*,#3803,.F.);
#5269=ORIENTED_EDGE('',*,*,#3806,.F.);
#5270=ORIENTED_EDGE('',*,*,#3809,.F.);
#5271=ORIENTED_EDGE('',*,*,#3812,.F.);
#5272=ORIENTED_EDGE('',*,*,#3815,.F.);
#5273=ORIENTED_EDGE('',*,*,#3818,.F.);
#5274=ORIENTED_EDGE('',*,*,#3821,.F.);
#5275=ORIENTED_EDGE('',*,*,#3824,.F.);
#5276=ORIENTED_EDGE('',*,*,#3827,.F.);
#5277=ORIENTED_EDGE('',*,*,#3830,.F.);
#5278=ORIENTED_EDGE('',*,*,#3833,.F.);
#5279=ORIENTED_EDGE('',*,*,#3836,.F.);
#5280=ORIENTED_EDGE('',*,*,#3839,.F.);
#5281=ORIENTED_EDGE('',*,*,#3842,.F.);
#5282=ORIENTED_EDGE('',*,*,#3845,.F.);
#5283=ORIENTED_EDGE('',*,*,#3848,.F.);
#5284=ORIENTED_EDGE('',*,*,#3851,.F.);
#5285=ORIENTED_EDGE('',*,*,#3854,.F.);
#5286=ORIENTED_EDGE('',*,*,#3787,.F.);
#5287=ORIENTED_EDGE('',*,*,#3769,.F.);
#5288=ORIENTED_EDGE('',*,*,#3773,.F.);
#5289=ORIENTED_EDGE('',*,*,#3776,.F.);
#5290=ORIENTED_EDGE('',*,*,#3779,.F.);
#5291=ORIENTED_EDGE('',*,*,#3782,.F.);
#5292=ORIENTED_EDGE('',*,*,#3785,.F.);
#5293=ORIENTED_EDGE('',*,*,#3857,.F.);
#5294=ORIENTED_EDGE('',*,*,#3858,.T.);
#5295=ORIENTED_EDGE('',*,*,#3859,.T.);
#5296=ORIENTED_EDGE('',*,*,#3860,.F.);
#5297=ORIENTED_EDGE('',*,*,#3861,.F.);
#5298=ORIENTED_EDGE('',*,*,#3862,.T.);
#5299=ORIENTED_EDGE('',*,*,#3863,.T.);
#5300=ORIENTED_EDGE('',*,*,#3858,.F.);
#5301=ORIENTED_EDGE('',*,*,#3864,.F.);
#5302=ORIENTED_EDGE('',*,*,#3865,.T.);
#5303=ORIENTED_EDGE('',*,*,#3866,.T.);
#5304=ORIENTED_EDGE('',*,*,#3862,.F.);
#5305=ORIENTED_EDGE('',*,*,#3867,.F.);
#5306=ORIENTED_EDGE('',*,*,#3868,.T.);
#5307=ORIENTED_EDGE('',*,*,#3869,.T.);
#5308=ORIENTED_EDGE('',*,*,#3865,.F.);
#5309=ORIENTED_EDGE('',*,*,#3870,.F.);
#5310=ORIENTED_EDGE('',*,*,#3871,.T.);
#5311=ORIENTED_EDGE('',*,*,#3872,.T.);
#5312=ORIENTED_EDGE('',*,*,#3868,.F.);
#5313=ORIENTED_EDGE('',*,*,#3873,.F.);
#5314=ORIENTED_EDGE('',*,*,#3874,.T.);
#5315=ORIENTED_EDGE('',*,*,#3875,.T.);
#5316=ORIENTED_EDGE('',*,*,#3871,.F.);
#5317=ORIENTED_EDGE('',*,*,#3876,.F.);
#5318=ORIENTED_EDGE('',*,*,#3860,.T.);
#5319=ORIENTED_EDGE('',*,*,#3877,.T.);
#5320=ORIENTED_EDGE('',*,*,#3874,.F.);
#5321=ORIENTED_EDGE('',*,*,#3878,.F.);
#5322=ORIENTED_EDGE('',*,*,#3879,.T.);
#5323=ORIENTED_EDGE('',*,*,#3880,.T.);
#5324=ORIENTED_EDGE('',*,*,#3881,.F.);
#5325=ORIENTED_EDGE('',*,*,#3882,.F.);
#5326=ORIENTED_EDGE('',*,*,#3883,.T.);
#5327=ORIENTED_EDGE('',*,*,#3884,.T.);
#5328=ORIENTED_EDGE('',*,*,#3879,.F.);
#5329=ORIENTED_EDGE('',*,*,#3885,.F.);
#5330=ORIENTED_EDGE('',*,*,#3886,.T.);
#5331=ORIENTED_EDGE('',*,*,#3887,.T.);
#5332=ORIENTED_EDGE('',*,*,#3883,.F.);
#5333=ORIENTED_EDGE('',*,*,#3888,.F.);
#5334=ORIENTED_EDGE('',*,*,#3889,.T.);
#5335=ORIENTED_EDGE('',*,*,#3890,.T.);
#5336=ORIENTED_EDGE('',*,*,#3886,.F.);
#5337=ORIENTED_EDGE('',*,*,#3891,.F.);
#5338=ORIENTED_EDGE('',*,*,#3892,.T.);
#5339=ORIENTED_EDGE('',*,*,#3893,.T.);
#5340=ORIENTED_EDGE('',*,*,#3889,.F.);
#5341=ORIENTED_EDGE('',*,*,#3894,.F.);
#5342=ORIENTED_EDGE('',*,*,#3895,.T.);
#5343=ORIENTED_EDGE('',*,*,#3896,.T.);
#5344=ORIENTED_EDGE('',*,*,#3892,.F.);
#5345=ORIENTED_EDGE('',*,*,#3897,.F.);
#5346=ORIENTED_EDGE('',*,*,#3898,.T.);
#5347=ORIENTED_EDGE('',*,*,#3899,.T.);
#5348=ORIENTED_EDGE('',*,*,#3895,.F.);
#5349=ORIENTED_EDGE('',*,*,#3900,.F.);
#5350=ORIENTED_EDGE('',*,*,#3901,.T.);
#5351=ORIENTED_EDGE('',*,*,#3902,.T.);
#5352=ORIENTED_EDGE('',*,*,#3898,.F.);
#5353=ORIENTED_EDGE('',*,*,#3903,.F.);
#5354=ORIENTED_EDGE('',*,*,#3904,.T.);
#5355=ORIENTED_EDGE('',*,*,#3905,.T.);
#5356=ORIENTED_EDGE('',*,*,#3901,.F.);
#5357=ORIENTED_EDGE('',*,*,#3906,.F.);
#5358=ORIENTED_EDGE('',*,*,#3907,.T.);
#5359=ORIENTED_EDGE('',*,*,#3908,.T.);
#5360=ORIENTED_EDGE('',*,*,#3904,.F.);
#5361=ORIENTED_EDGE('',*,*,#3909,.F.);
#5362=ORIENTED_EDGE('',*,*,#3910,.T.);
#5363=ORIENTED_EDGE('',*,*,#3911,.T.);
#5364=ORIENTED_EDGE('',*,*,#3907,.F.);
#5365=ORIENTED_EDGE('',*,*,#3912,.F.);
#5366=ORIENTED_EDGE('',*,*,#3913,.T.);
#5367=ORIENTED_EDGE('',*,*,#3914,.T.);
#5368=ORIENTED_EDGE('',*,*,#3910,.F.);
#5369=ORIENTED_EDGE('',*,*,#3915,.F.);
#5370=ORIENTED_EDGE('',*,*,#3916,.T.);
#5371=ORIENTED_EDGE('',*,*,#3917,.T.);
#5372=ORIENTED_EDGE('',*,*,#3913,.F.);
#5373=ORIENTED_EDGE('',*,*,#3918,.F.);
#5374=ORIENTED_EDGE('',*,*,#3919,.T.);
#5375=ORIENTED_EDGE('',*,*,#3920,.T.);
#5376=ORIENTED_EDGE('',*,*,#3916,.F.);
#5377=ORIENTED_EDGE('',*,*,#3921,.F.);
#5378=ORIENTED_EDGE('',*,*,#3922,.T.);
#5379=ORIENTED_EDGE('',*,*,#3923,.T.);
#5380=ORIENTED_EDGE('',*,*,#3919,.F.);
#5381=ORIENTED_EDGE('',*,*,#3924,.F.);
#5382=ORIENTED_EDGE('',*,*,#3925,.T.);
#5383=ORIENTED_EDGE('',*,*,#3926,.T.);
#5384=ORIENTED_EDGE('',*,*,#3922,.F.);
#5385=ORIENTED_EDGE('',*,*,#3927,.F.);
#5386=ORIENTED_EDGE('',*,*,#3928,.T.);
#5387=ORIENTED_EDGE('',*,*,#3929,.T.);
#5388=ORIENTED_EDGE('',*,*,#3925,.F.);
#5389=ORIENTED_EDGE('',*,*,#3930,.F.);
#5390=ORIENTED_EDGE('',*,*,#3931,.T.);
#5391=ORIENTED_EDGE('',*,*,#3932,.T.);
#5392=ORIENTED_EDGE('',*,*,#3928,.F.);
#5393=ORIENTED_EDGE('',*,*,#3933,.F.);
#5394=ORIENTED_EDGE('',*,*,#3934,.T.);
#5395=ORIENTED_EDGE('',*,*,#3935,.T.);
#5396=ORIENTED_EDGE('',*,*,#3931,.F.);
#5397=ORIENTED_EDGE('',*,*,#3936,.F.);
#5398=ORIENTED_EDGE('',*,*,#3937,.T.);
#5399=ORIENTED_EDGE('',*,*,#3938,.T.);
#5400=ORIENTED_EDGE('',*,*,#3934,.F.);
#5401=ORIENTED_EDGE('',*,*,#3939,.F.);
#5402=ORIENTED_EDGE('',*,*,#3940,.T.);
#5403=ORIENTED_EDGE('',*,*,#3941,.T.);
#5404=ORIENTED_EDGE('',*,*,#3937,.F.);
#5405=ORIENTED_EDGE('',*,*,#3942,.F.);
#5406=ORIENTED_EDGE('',*,*,#3943,.T.);
#5407=ORIENTED_EDGE('',*,*,#3944,.T.);
#5408=ORIENTED_EDGE('',*,*,#3940,.F.);
#5409=ORIENTED_EDGE('',*,*,#3945,.F.);
#5410=ORIENTED_EDGE('',*,*,#3946,.T.);
#5411=ORIENTED_EDGE('',*,*,#3947,.T.);
#5412=ORIENTED_EDGE('',*,*,#3943,.F.);
#5413=ORIENTED_EDGE('',*,*,#3948,.F.);
#5414=ORIENTED_EDGE('',*,*,#3949,.T.);
#5415=ORIENTED_EDGE('',*,*,#3950,.T.);
#5416=ORIENTED_EDGE('',*,*,#3946,.F.);
#5417=ORIENTED_EDGE('',*,*,#3951,.F.);
#5418=ORIENTED_EDGE('',*,*,#3952,.T.);
#5419=ORIENTED_EDGE('',*,*,#3953,.T.);
#5420=ORIENTED_EDGE('',*,*,#3949,.F.);
#5421=ORIENTED_EDGE('',*,*,#3954,.F.);
#5422=ORIENTED_EDGE('',*,*,#3955,.T.);
#5423=ORIENTED_EDGE('',*,*,#3956,.T.);
#5424=ORIENTED_EDGE('',*,*,#3952,.F.);
#5425=ORIENTED_EDGE('',*,*,#3957,.F.);
#5426=ORIENTED_EDGE('',*,*,#3958,.T.);
#5427=ORIENTED_EDGE('',*,*,#3959,.T.);
#5428=ORIENTED_EDGE('',*,*,#3955,.F.);
#5429=ORIENTED_EDGE('',*,*,#3960,.F.);
#5430=ORIENTED_EDGE('',*,*,#3961,.T.);
#5431=ORIENTED_EDGE('',*,*,#3962,.T.);
#5432=ORIENTED_EDGE('',*,*,#3958,.F.);
#5433=ORIENTED_EDGE('',*,*,#3963,.F.);
#5434=ORIENTED_EDGE('',*,*,#3964,.T.);
#5435=ORIENTED_EDGE('',*,*,#3965,.T.);
#5436=ORIENTED_EDGE('',*,*,#3961,.F.);
#5437=ORIENTED_EDGE('',*,*,#3966,.F.);
#5438=ORIENTED_EDGE('',*,*,#3967,.T.);
#5439=ORIENTED_EDGE('',*,*,#3968,.T.);
#5440=ORIENTED_EDGE('',*,*,#3964,.F.);
#5441=ORIENTED_EDGE('',*,*,#3969,.F.);
#5442=ORIENTED_EDGE('',*,*,#3970,.T.);
#5443=ORIENTED_EDGE('',*,*,#3971,.T.);
#5444=ORIENTED_EDGE('',*,*,#3967,.F.);
#5445=ORIENTED_EDGE('',*,*,#3972,.F.);
#5446=ORIENTED_EDGE('',*,*,#3973,.T.);
#5447=ORIENTED_EDGE('',*,*,#3974,.T.);
#5448=ORIENTED_EDGE('',*,*,#3970,.F.);
#5449=ORIENTED_EDGE('',*,*,#3975,.F.);
#5450=ORIENTED_EDGE('',*,*,#3976,.T.);
#5451=ORIENTED_EDGE('',*,*,#3977,.T.);
#5452=ORIENTED_EDGE('',*,*,#3973,.F.);
#5453=ORIENTED_EDGE('',*,*,#3978,.F.);
#5454=ORIENTED_EDGE('',*,*,#3979,.T.);
#5455=ORIENTED_EDGE('',*,*,#3980,.T.);
#5456=ORIENTED_EDGE('',*,*,#3976,.F.);
#5457=ORIENTED_EDGE('',*,*,#3981,.F.);
#5458=ORIENTED_EDGE('',*,*,#3982,.T.);
#5459=ORIENTED_EDGE('',*,*,#3983,.T.);
#5460=ORIENTED_EDGE('',*,*,#3979,.F.);
#5461=ORIENTED_EDGE('',*,*,#3984,.F.);
#5462=ORIENTED_EDGE('',*,*,#3985,.T.);
#5463=ORIENTED_EDGE('',*,*,#3986,.T.);
#5464=ORIENTED_EDGE('',*,*,#3982,.F.);
#5465=ORIENTED_EDGE('',*,*,#3987,.F.);
#5466=ORIENTED_EDGE('',*,*,#3988,.T.);
#5467=ORIENTED_EDGE('',*,*,#3989,.T.);
#5468=ORIENTED_EDGE('',*,*,#3985,.F.);
#5469=ORIENTED_EDGE('',*,*,#3990,.F.);
#5470=ORIENTED_EDGE('',*,*,#3991,.T.);
#5471=ORIENTED_EDGE('',*,*,#3992,.T.);
#5472=ORIENTED_EDGE('',*,*,#3988,.F.);
#5473=ORIENTED_EDGE('',*,*,#3993,.F.);
#5474=ORIENTED_EDGE('',*,*,#3994,.T.);
#5475=ORIENTED_EDGE('',*,*,#3995,.T.);
#5476=ORIENTED_EDGE('',*,*,#3991,.F.);
#5477=ORIENTED_EDGE('',*,*,#3996,.F.);
#5478=ORIENTED_EDGE('',*,*,#3997,.T.);
#5479=ORIENTED_EDGE('',*,*,#3998,.T.);
#5480=ORIENTED_EDGE('',*,*,#3994,.F.);
#5481=ORIENTED_EDGE('',*,*,#3999,.F.);
#5482=ORIENTED_EDGE('',*,*,#4000,.T.);
#5483=ORIENTED_EDGE('',*,*,#4001,.T.);
#5484=ORIENTED_EDGE('',*,*,#3997,.F.);
#5485=ORIENTED_EDGE('',*,*,#4002,.F.);
#5486=ORIENTED_EDGE('',*,*,#3881,.T.);
#5487=ORIENTED_EDGE('',*,*,#4003,.T.);
#5488=ORIENTED_EDGE('',*,*,#4000,.F.);
#5489=ORIENTED_EDGE('',*,*,#4003,.F.);
#5490=ORIENTED_EDGE('',*,*,#3880,.F.);
#5491=ORIENTED_EDGE('',*,*,#3884,.F.);
#5492=ORIENTED_EDGE('',*,*,#3887,.F.);
#5493=ORIENTED_EDGE('',*,*,#3890,.F.);
#5494=ORIENTED_EDGE('',*,*,#3893,.F.);
#5495=ORIENTED_EDGE('',*,*,#3896,.F.);
#5496=ORIENTED_EDGE('',*,*,#3899,.F.);
#5497=ORIENTED_EDGE('',*,*,#3902,.F.);
#5498=ORIENTED_EDGE('',*,*,#3905,.F.);
#5499=ORIENTED_EDGE('',*,*,#3908,.F.);
#5500=ORIENTED_EDGE('',*,*,#3911,.F.);
#5501=ORIENTED_EDGE('',*,*,#3914,.F.);
#5502=ORIENTED_EDGE('',*,*,#3917,.F.);
#5503=ORIENTED_EDGE('',*,*,#3920,.F.);
#5504=ORIENTED_EDGE('',*,*,#3923,.F.);
#5505=ORIENTED_EDGE('',*,*,#3926,.F.);
#5506=ORIENTED_EDGE('',*,*,#3929,.F.);
#5507=ORIENTED_EDGE('',*,*,#3932,.F.);
#5508=ORIENTED_EDGE('',*,*,#3935,.F.);
#5509=ORIENTED_EDGE('',*,*,#3938,.F.);
#5510=ORIENTED_EDGE('',*,*,#3941,.F.);
#5511=ORIENTED_EDGE('',*,*,#3944,.F.);
#5512=ORIENTED_EDGE('',*,*,#3947,.F.);
#5513=ORIENTED_EDGE('',*,*,#3950,.F.);
#5514=ORIENTED_EDGE('',*,*,#3953,.F.);
#5515=ORIENTED_EDGE('',*,*,#3956,.F.);
#5516=ORIENTED_EDGE('',*,*,#3959,.F.);
#5517=ORIENTED_EDGE('',*,*,#3962,.F.);
#5518=ORIENTED_EDGE('',*,*,#3965,.F.);
#5519=ORIENTED_EDGE('',*,*,#3968,.F.);
#5520=ORIENTED_EDGE('',*,*,#3971,.F.);
#5521=ORIENTED_EDGE('',*,*,#3974,.F.);
#5522=ORIENTED_EDGE('',*,*,#3977,.F.);
#5523=ORIENTED_EDGE('',*,*,#3980,.F.);
#5524=ORIENTED_EDGE('',*,*,#3983,.F.);
#5525=ORIENTED_EDGE('',*,*,#3986,.F.);
#5526=ORIENTED_EDGE('',*,*,#3989,.F.);
#5527=ORIENTED_EDGE('',*,*,#3992,.F.);
#5528=ORIENTED_EDGE('',*,*,#3995,.F.);
#5529=ORIENTED_EDGE('',*,*,#3998,.F.);
#5530=ORIENTED_EDGE('',*,*,#4001,.F.);
#5531=ORIENTED_EDGE('',*,*,#3877,.F.);
#5532=ORIENTED_EDGE('',*,*,#3859,.F.);
#5533=ORIENTED_EDGE('',*,*,#3863,.F.);
#5534=ORIENTED_EDGE('',*,*,#3866,.F.);
#5535=ORIENTED_EDGE('',*,*,#3869,.F.);
#5536=ORIENTED_EDGE('',*,*,#3872,.F.);
#5537=ORIENTED_EDGE('',*,*,#3875,.F.);
#5538=ORIENTED_EDGE('',*,*,#4004,.T.);
#5539=ORIENTED_EDGE('',*,*,#4005,.T.);
#5540=ORIENTED_EDGE('',*,*,#4006,.T.);
#5541=ORIENTED_EDGE('',*,*,#4007,.T.);
#5542=ORIENTED_EDGE('',*,*,#4008,.T.);
#5543=ORIENTED_EDGE('',*,*,#4009,.T.);
#5544=ORIENTED_EDGE('',*,*,#4010,.T.);
#5545=ORIENTED_EDGE('',*,*,#4011,.T.);
#5546=ORIENTED_EDGE('',*,*,#4012,.T.);
#5547=ORIENTED_EDGE('',*,*,#4013,.T.);
#5548=ORIENTED_EDGE('',*,*,#4014,.T.);
#5549=ORIENTED_EDGE('',*,*,#4015,.T.);
#5550=ORIENTED_EDGE('',*,*,#4016,.T.);
#5551=ORIENTED_EDGE('',*,*,#4017,.T.);
#5552=ORIENTED_EDGE('',*,*,#4018,.T.);
#5553=ORIENTED_EDGE('',*,*,#4019,.T.);
#5554=ORIENTED_EDGE('',*,*,#3878,.T.);
#5555=ORIENTED_EDGE('',*,*,#4002,.T.);
#5556=ORIENTED_EDGE('',*,*,#3999,.T.);
#5557=ORIENTED_EDGE('',*,*,#3996,.T.);
#5558=ORIENTED_EDGE('',*,*,#3993,.T.);
#5559=ORIENTED_EDGE('',*,*,#3990,.T.);
#5560=ORIENTED_EDGE('',*,*,#3987,.T.);
#5561=ORIENTED_EDGE('',*,*,#3984,.T.);
#5562=ORIENTED_EDGE('',*,*,#3981,.T.);
#5563=ORIENTED_EDGE('',*,*,#3978,.T.);
#5564=ORIENTED_EDGE('',*,*,#3975,.T.);
#5565=ORIENTED_EDGE('',*,*,#3972,.T.);
#5566=ORIENTED_EDGE('',*,*,#3969,.T.);
#5567=ORIENTED_EDGE('',*,*,#3966,.T.);
#5568=ORIENTED_EDGE('',*,*,#3963,.T.);
#5569=ORIENTED_EDGE('',*,*,#3960,.T.);
#5570=ORIENTED_EDGE('',*,*,#3957,.T.);
#5571=ORIENTED_EDGE('',*,*,#3954,.T.);
#5572=ORIENTED_EDGE('',*,*,#3951,.T.);
#5573=ORIENTED_EDGE('',*,*,#3948,.T.);
#5574=ORIENTED_EDGE('',*,*,#3945,.T.);
#5575=ORIENTED_EDGE('',*,*,#3942,.T.);
#5576=ORIENTED_EDGE('',*,*,#3939,.T.);
#5577=ORIENTED_EDGE('',*,*,#3936,.T.);
#5578=ORIENTED_EDGE('',*,*,#3933,.T.);
#5579=ORIENTED_EDGE('',*,*,#3930,.T.);
#5580=ORIENTED_EDGE('',*,*,#3927,.T.);
#5581=ORIENTED_EDGE('',*,*,#3924,.T.);
#5582=ORIENTED_EDGE('',*,*,#3921,.T.);
#5583=ORIENTED_EDGE('',*,*,#3918,.T.);
#5584=ORIENTED_EDGE('',*,*,#3915,.T.);
#5585=ORIENTED_EDGE('',*,*,#3912,.T.);
#5586=ORIENTED_EDGE('',*,*,#3909,.T.);
#5587=ORIENTED_EDGE('',*,*,#3906,.T.);
#5588=ORIENTED_EDGE('',*,*,#3903,.T.);
#5589=ORIENTED_EDGE('',*,*,#3900,.T.);
#5590=ORIENTED_EDGE('',*,*,#3897,.T.);
#5591=ORIENTED_EDGE('',*,*,#3894,.T.);
#5592=ORIENTED_EDGE('',*,*,#3891,.T.);
#5593=ORIENTED_EDGE('',*,*,#3888,.T.);
#5594=ORIENTED_EDGE('',*,*,#3885,.T.);
#5595=ORIENTED_EDGE('',*,*,#3882,.T.);
#5596=ORIENTED_EDGE('',*,*,#3788,.T.);
#5597=ORIENTED_EDGE('',*,*,#3855,.T.);
#5598=ORIENTED_EDGE('',*,*,#3852,.T.);
#5599=ORIENTED_EDGE('',*,*,#3849,.T.);
#5600=ORIENTED_EDGE('',*,*,#3846,.T.);
#5601=ORIENTED_EDGE('',*,*,#3843,.T.);
#5602=ORIENTED_EDGE('',*,*,#3840,.T.);
#5603=ORIENTED_EDGE('',*,*,#3837,.T.);
#5604=ORIENTED_EDGE('',*,*,#3834,.T.);
#5605=ORIENTED_EDGE('',*,*,#3831,.T.);
#5606=ORIENTED_EDGE('',*,*,#3828,.T.);
#5607=ORIENTED_EDGE('',*,*,#3825,.T.);
#5608=ORIENTED_EDGE('',*,*,#3822,.T.);
#5609=ORIENTED_EDGE('',*,*,#3819,.T.);
#5610=ORIENTED_EDGE('',*,*,#3816,.T.);
#5611=ORIENTED_EDGE('',*,*,#3813,.T.);
#5612=ORIENTED_EDGE('',*,*,#3810,.T.);
#5613=ORIENTED_EDGE('',*,*,#3807,.T.);
#5614=ORIENTED_EDGE('',*,*,#3804,.T.);
#5615=ORIENTED_EDGE('',*,*,#3801,.T.);
#5616=ORIENTED_EDGE('',*,*,#3798,.T.);
#5617=ORIENTED_EDGE('',*,*,#3795,.T.);
#5618=ORIENTED_EDGE('',*,*,#3792,.T.);
#5619=ORIENTED_EDGE('',*,*,#3743,.T.);
#5620=ORIENTED_EDGE('',*,*,#3765,.T.);
#5621=ORIENTED_EDGE('',*,*,#3762,.T.);
#5622=ORIENTED_EDGE('',*,*,#3759,.T.);
#5623=ORIENTED_EDGE('',*,*,#3756,.T.);
#5624=ORIENTED_EDGE('',*,*,#3753,.T.);
#5625=ORIENTED_EDGE('',*,*,#3750,.T.);
#5626=ORIENTED_EDGE('',*,*,#3747,.T.);
#5627=ORIENTED_EDGE('',*,*,#3683,.T.);
#5628=ORIENTED_EDGE('',*,*,#3741,.T.);
#5629=ORIENTED_EDGE('',*,*,#3738,.T.);
#5630=ORIENTED_EDGE('',*,*,#3735,.T.);
#5631=ORIENTED_EDGE('',*,*,#3732,.T.);
#5632=ORIENTED_EDGE('',*,*,#3729,.T.);
#5633=ORIENTED_EDGE('',*,*,#3726,.T.);
#5634=ORIENTED_EDGE('',*,*,#3723,.T.);
#5635=ORIENTED_EDGE('',*,*,#3720,.T.);
#5636=ORIENTED_EDGE('',*,*,#3717,.T.);
#5637=ORIENTED_EDGE('',*,*,#3714,.T.);
#5638=ORIENTED_EDGE('',*,*,#3711,.T.);
#5639=ORIENTED_EDGE('',*,*,#3708,.T.);
#5640=ORIENTED_EDGE('',*,*,#3705,.T.);
#5641=ORIENTED_EDGE('',*,*,#3702,.T.);
#5642=ORIENTED_EDGE('',*,*,#3699,.T.);
#5643=ORIENTED_EDGE('',*,*,#3696,.T.);
#5644=ORIENTED_EDGE('',*,*,#3693,.T.);
#5645=ORIENTED_EDGE('',*,*,#3690,.T.);
#5646=ORIENTED_EDGE('',*,*,#3687,.T.);
#5647=ORIENTED_EDGE('',*,*,#3650,.T.);
#5648=ORIENTED_EDGE('',*,*,#3681,.T.);
#5649=ORIENTED_EDGE('',*,*,#3678,.T.);
#5650=ORIENTED_EDGE('',*,*,#3675,.T.);
#5651=ORIENTED_EDGE('',*,*,#3672,.T.);
#5652=ORIENTED_EDGE('',*,*,#3669,.T.);
#5653=ORIENTED_EDGE('',*,*,#3666,.T.);
#5654=ORIENTED_EDGE('',*,*,#3663,.T.);
#5655=ORIENTED_EDGE('',*,*,#3660,.T.);
#5656=ORIENTED_EDGE('',*,*,#3657,.T.);
#5657=ORIENTED_EDGE('',*,*,#3654,.T.);
#5658=ORIENTED_EDGE('',*,*,#3620,.T.);
#5659=ORIENTED_EDGE('',*,*,#3648,.T.);
#5660=ORIENTED_EDGE('',*,*,#3645,.T.);
#5661=ORIENTED_EDGE('',*,*,#3642,.T.);
#5662=ORIENTED_EDGE('',*,*,#3639,.T.);
#5663=ORIENTED_EDGE('',*,*,#3636,.T.);
#5664=ORIENTED_EDGE('',*,*,#3633,.T.);
#5665=ORIENTED_EDGE('',*,*,#3630,.T.);
#5666=ORIENTED_EDGE('',*,*,#3627,.T.);
#5667=ORIENTED_EDGE('',*,*,#3624,.T.);
#5668=ORIENTED_EDGE('',*,*,#3554,.T.);
#5669=ORIENTED_EDGE('',*,*,#3594,.T.);
#5670=ORIENTED_EDGE('',*,*,#3591,.T.);
#5671=ORIENTED_EDGE('',*,*,#3588,.T.);
#5672=ORIENTED_EDGE('',*,*,#3585,.T.);
#5673=ORIENTED_EDGE('',*,*,#3582,.T.);
#5674=ORIENTED_EDGE('',*,*,#3579,.T.);
#5675=ORIENTED_EDGE('',*,*,#3576,.T.);
#5676=ORIENTED_EDGE('',*,*,#3573,.T.);
#5677=ORIENTED_EDGE('',*,*,#3570,.T.);
#5678=ORIENTED_EDGE('',*,*,#3567,.T.);
#5679=ORIENTED_EDGE('',*,*,#3564,.T.);
#5680=ORIENTED_EDGE('',*,*,#3561,.T.);
#5681=ORIENTED_EDGE('',*,*,#3558,.T.);
#5682=ORIENTED_EDGE('',*,*,#3467,.T.);
#5683=ORIENTED_EDGE('',*,*,#3525,.T.);
#5684=ORIENTED_EDGE('',*,*,#3522,.T.);
#5685=ORIENTED_EDGE('',*,*,#3519,.T.);
#5686=ORIENTED_EDGE('',*,*,#3516,.T.);
#5687=ORIENTED_EDGE('',*,*,#3513,.T.);
#5688=ORIENTED_EDGE('',*,*,#3510,.T.);
#5689=ORIENTED_EDGE('',*,*,#3507,.T.);
#5690=ORIENTED_EDGE('',*,*,#3504,.T.);
#5691=ORIENTED_EDGE('',*,*,#3501,.T.);
#5692=ORIENTED_EDGE('',*,*,#3498,.T.);
#5693=ORIENTED_EDGE('',*,*,#3495,.T.);
#5694=ORIENTED_EDGE('',*,*,#3492,.T.);
#5695=ORIENTED_EDGE('',*,*,#3489,.T.);
#5696=ORIENTED_EDGE('',*,*,#3486,.T.);
#5697=ORIENTED_EDGE('',*,*,#3483,.T.);
#5698=ORIENTED_EDGE('',*,*,#3480,.T.);
#5699=ORIENTED_EDGE('',*,*,#3477,.T.);
#5700=ORIENTED_EDGE('',*,*,#3474,.T.);
#5701=ORIENTED_EDGE('',*,*,#3471,.T.);
#5702=ORIENTED_EDGE('',*,*,#3446,.T.);
#5703=ORIENTED_EDGE('',*,*,#3465,.T.);
#5704=ORIENTED_EDGE('',*,*,#3462,.T.);
#5705=ORIENTED_EDGE('',*,*,#3459,.T.);
#5706=ORIENTED_EDGE('',*,*,#3456,.T.);
#5707=ORIENTED_EDGE('',*,*,#3453,.T.);
#5708=ORIENTED_EDGE('',*,*,#3450,.T.);
#5709=ORIENTED_EDGE('',*,*,#3392,.T.);
#5710=ORIENTED_EDGE('',*,*,#3444,.T.);
#5711=ORIENTED_EDGE('',*,*,#3441,.T.);
#5712=ORIENTED_EDGE('',*,*,#3438,.T.);
#5713=ORIENTED_EDGE('',*,*,#3435,.T.);
#5714=ORIENTED_EDGE('',*,*,#3432,.T.);
#5715=ORIENTED_EDGE('',*,*,#3429,.T.);
#5716=ORIENTED_EDGE('',*,*,#3426,.T.);
#5717=ORIENTED_EDGE('',*,*,#3423,.T.);
#5718=ORIENTED_EDGE('',*,*,#3420,.T.);
#5719=ORIENTED_EDGE('',*,*,#3417,.T.);
#5720=ORIENTED_EDGE('',*,*,#3414,.T.);
#5721=ORIENTED_EDGE('',*,*,#3411,.T.);
#5722=ORIENTED_EDGE('',*,*,#3408,.T.);
#5723=ORIENTED_EDGE('',*,*,#3405,.T.);
#5724=ORIENTED_EDGE('',*,*,#3402,.T.);
#5725=ORIENTED_EDGE('',*,*,#3399,.T.);
#5726=ORIENTED_EDGE('',*,*,#3396,.T.);
#5727=ORIENTED_EDGE('',*,*,#3335,.T.);
#5728=ORIENTED_EDGE('',*,*,#3375,.T.);
#5729=ORIENTED_EDGE('',*,*,#3372,.T.);
#5730=ORIENTED_EDGE('',*,*,#3369,.T.);
#5731=ORIENTED_EDGE('',*,*,#3366,.T.);
#5732=ORIENTED_EDGE('',*,*,#3363,.T.);
#5733=ORIENTED_EDGE('',*,*,#3360,.T.);
#5734=ORIENTED_EDGE('',*,*,#3357,.T.);
#5735=ORIENTED_EDGE('',*,*,#3354,.T.);
#5736=ORIENTED_EDGE('',*,*,#3351,.T.);
#5737=ORIENTED_EDGE('',*,*,#3348,.T.);
#5738=ORIENTED_EDGE('',*,*,#3345,.T.);
#5739=ORIENTED_EDGE('',*,*,#3342,.T.);
#5740=ORIENTED_EDGE('',*,*,#3339,.T.);
#5741=ORIENTED_EDGE('',*,*,#3287,.T.);
#5742=ORIENTED_EDGE('',*,*,#3333,.T.);
#5743=ORIENTED_EDGE('',*,*,#3330,.T.);
#5744=ORIENTED_EDGE('',*,*,#3327,.T.);
#5745=ORIENTED_EDGE('',*,*,#3324,.T.);
#5746=ORIENTED_EDGE('',*,*,#3321,.T.);
#5747=ORIENTED_EDGE('',*,*,#3318,.T.);
#5748=ORIENTED_EDGE('',*,*,#3315,.T.);
#5749=ORIENTED_EDGE('',*,*,#3312,.T.);
#5750=ORIENTED_EDGE('',*,*,#3309,.T.);
#5751=ORIENTED_EDGE('',*,*,#3306,.T.);
#5752=ORIENTED_EDGE('',*,*,#3303,.T.);
#5753=ORIENTED_EDGE('',*,*,#3300,.T.);
#5754=ORIENTED_EDGE('',*,*,#3297,.T.);
#5755=ORIENTED_EDGE('',*,*,#3294,.T.);
#5756=ORIENTED_EDGE('',*,*,#3291,.T.);
#5757=ORIENTED_EDGE('',*,*,#3245,.T.);
#5758=ORIENTED_EDGE('',*,*,#3285,.T.);
#5759=ORIENTED_EDGE('',*,*,#3282,.T.);
#5760=ORIENTED_EDGE('',*,*,#3279,.T.);
#5761=ORIENTED_EDGE('',*,*,#3276,.T.);
#5762=ORIENTED_EDGE('',*,*,#3273,.T.);
#5763=ORIENTED_EDGE('',*,*,#3270,.T.);
#5764=ORIENTED_EDGE('',*,*,#3267,.T.);
#5765=ORIENTED_EDGE('',*,*,#3264,.T.);
#5766=ORIENTED_EDGE('',*,*,#3261,.T.);
#5767=ORIENTED_EDGE('',*,*,#3258,.T.);
#5768=ORIENTED_EDGE('',*,*,#3255,.T.);
#5769=ORIENTED_EDGE('',*,*,#3252,.T.);
#5770=ORIENTED_EDGE('',*,*,#3249,.T.);
#5771=ORIENTED_EDGE('',*,*,#3215,.T.);
#5772=ORIENTED_EDGE('',*,*,#3243,.T.);
#5773=ORIENTED_EDGE('',*,*,#3240,.T.);
#5774=ORIENTED_EDGE('',*,*,#3237,.T.);
#5775=ORIENTED_EDGE('',*,*,#3234,.T.);
#5776=ORIENTED_EDGE('',*,*,#3231,.T.);
#5777=ORIENTED_EDGE('',*,*,#3228,.T.);
#5778=ORIENTED_EDGE('',*,*,#3225,.T.);
#5779=ORIENTED_EDGE('',*,*,#3222,.T.);
#5780=ORIENTED_EDGE('',*,*,#3219,.T.);
#5781=ORIENTED_EDGE('',*,*,#3194,.T.);
#5782=ORIENTED_EDGE('',*,*,#3213,.T.);
#5783=ORIENTED_EDGE('',*,*,#3210,.T.);
#5784=ORIENTED_EDGE('',*,*,#3207,.T.);
#5785=ORIENTED_EDGE('',*,*,#3204,.T.);
#5786=ORIENTED_EDGE('',*,*,#3201,.T.);
#5787=ORIENTED_EDGE('',*,*,#3198,.T.);
#5788=ORIENTED_EDGE('',*,*,#3134,.T.);
#5789=ORIENTED_EDGE('',*,*,#3192,.T.);
#5790=ORIENTED_EDGE('',*,*,#3189,.T.);
#5791=ORIENTED_EDGE('',*,*,#3186,.T.);
#5792=ORIENTED_EDGE('',*,*,#3183,.T.);
#5793=ORIENTED_EDGE('',*,*,#3180,.T.);
#5794=ORIENTED_EDGE('',*,*,#3177,.T.);
#5795=ORIENTED_EDGE('',*,*,#3174,.T.);
#5796=ORIENTED_EDGE('',*,*,#3171,.T.);
#5797=ORIENTED_EDGE('',*,*,#3168,.T.);
#5798=ORIENTED_EDGE('',*,*,#3165,.T.);
#5799=ORIENTED_EDGE('',*,*,#3162,.T.);
#5800=ORIENTED_EDGE('',*,*,#3159,.T.);
#5801=ORIENTED_EDGE('',*,*,#3156,.T.);
#5802=ORIENTED_EDGE('',*,*,#3153,.T.);
#5803=ORIENTED_EDGE('',*,*,#3150,.T.);
#5804=ORIENTED_EDGE('',*,*,#3147,.T.);
#5805=ORIENTED_EDGE('',*,*,#3144,.T.);
#5806=ORIENTED_EDGE('',*,*,#3141,.T.);
#5807=ORIENTED_EDGE('',*,*,#3138,.T.);
#5808=ORIENTED_EDGE('',*,*,#3857,.T.);
#5809=ORIENTED_EDGE('',*,*,#3876,.T.);
#5810=ORIENTED_EDGE('',*,*,#3873,.T.);
#5811=ORIENTED_EDGE('',*,*,#3870,.T.);
#5812=ORIENTED_EDGE('',*,*,#3867,.T.);
#5813=ORIENTED_EDGE('',*,*,#3864,.T.);
#5814=ORIENTED_EDGE('',*,*,#3861,.T.);
#5815=ORIENTED_EDGE('',*,*,#3767,.T.);
#5816=ORIENTED_EDGE('',*,*,#3786,.T.);
#5817=ORIENTED_EDGE('',*,*,#3783,.T.);
#5818=ORIENTED_EDGE('',*,*,#3780,.T.);
#5819=ORIENTED_EDGE('',*,*,#3777,.T.);
#5820=ORIENTED_EDGE('',*,*,#3774,.T.);
#5821=ORIENTED_EDGE('',*,*,#3771,.T.);
#5822=ORIENTED_EDGE('',*,*,#3596,.T.);
#5823=ORIENTED_EDGE('',*,*,#3618,.T.);
#5824=ORIENTED_EDGE('',*,*,#3615,.T.);
#5825=ORIENTED_EDGE('',*,*,#3612,.T.);
#5826=ORIENTED_EDGE('',*,*,#3609,.T.);
#5827=ORIENTED_EDGE('',*,*,#3606,.T.);
#5828=ORIENTED_EDGE('',*,*,#3603,.T.);
#5829=ORIENTED_EDGE('',*,*,#3600,.T.);
#5830=ORIENTED_EDGE('',*,*,#3527,.T.);
#5831=ORIENTED_EDGE('',*,*,#3552,.T.);
#5832=ORIENTED_EDGE('',*,*,#3549,.T.);
#5833=ORIENTED_EDGE('',*,*,#3546,.T.);
#5834=ORIENTED_EDGE('',*,*,#3543,.T.);
#5835=ORIENTED_EDGE('',*,*,#3540,.T.);
#5836=ORIENTED_EDGE('',*,*,#3537,.T.);
#5837=ORIENTED_EDGE('',*,*,#3534,.T.);
#5838=ORIENTED_EDGE('',*,*,#3531,.T.);
#5839=ORIENTED_EDGE('',*,*,#4020,.F.);
#5840=ORIENTED_EDGE('',*,*,#4021,.T.);
#5841=ORIENTED_EDGE('',*,*,#4022,.T.);
#5842=ORIENTED_EDGE('',*,*,#4021,.F.);
#5843=ORIENTED_EDGE('',*,*,#4022,.F.);
#5844=ORIENTED_EDGE('',*,*,#4023,.F.);
#5845=ORIENTED_EDGE('',*,*,#4024,.F.);
#5846=ORIENTED_EDGE('',*,*,#4025,.T.);
#5847=ORIENTED_EDGE('',*,*,#4026,.T.);
#5848=ORIENTED_EDGE('',*,*,#4025,.F.);
#5849=ORIENTED_EDGE('',*,*,#4026,.F.);
#5850=ORIENTED_EDGE('',*,*,#4027,.F.);
#5851=ORIENTED_EDGE('',*,*,#4028,.F.);
#5852=ORIENTED_EDGE('',*,*,#4029,.T.);
#5853=ORIENTED_EDGE('',*,*,#4030,.T.);
#5854=ORIENTED_EDGE('',*,*,#4029,.F.);
#5855=ORIENTED_EDGE('',*,*,#4030,.F.);
#5856=ORIENTED_EDGE('',*,*,#4031,.F.);
#5857=ORIENTED_EDGE('',*,*,#4032,.F.);
#5858=ORIENTED_EDGE('',*,*,#4033,.T.);
#5859=ORIENTED_EDGE('',*,*,#4034,.T.);
#5860=ORIENTED_EDGE('',*,*,#4033,.F.);
#5861=ORIENTED_EDGE('',*,*,#4034,.F.);
#5862=ORIENTED_EDGE('',*,*,#4035,.F.);
#5863=ORIENTED_EDGE('',*,*,#4019,.F.);
#5864=ORIENTED_EDGE('',*,*,#4036,.T.);
#5865=ORIENTED_EDGE('',*,*,#4023,.T.);
#5866=ORIENTED_EDGE('',*,*,#4036,.F.);
#5867=ORIENTED_EDGE('',*,*,#4018,.F.);
#5868=ORIENTED_EDGE('',*,*,#4037,.T.);
#5869=ORIENTED_EDGE('',*,*,#4027,.T.);
#5870=ORIENTED_EDGE('',*,*,#4037,.F.);
#5871=ORIENTED_EDGE('',*,*,#4017,.F.);
#5872=ORIENTED_EDGE('',*,*,#4038,.T.);
#5873=ORIENTED_EDGE('',*,*,#4031,.T.);
#5874=ORIENTED_EDGE('',*,*,#4038,.F.);
#5875=ORIENTED_EDGE('',*,*,#4016,.F.);
#5876=ORIENTED_EDGE('',*,*,#4039,.T.);
#5877=ORIENTED_EDGE('',*,*,#4035,.T.);
#5878=ORIENTED_EDGE('',*,*,#4039,.F.);
#5879=ORIENTED_EDGE('',*,*,#4040,.F.);
#5880=ORIENTED_EDGE('',*,*,#4041,.F.);
#5881=ORIENTED_EDGE('',*,*,#4042,.F.);
#5882=ORIENTED_EDGE('',*,*,#4043,.F.);
#5883=ORIENTED_EDGE('',*,*,#4044,.F.);
#5884=ORIENTED_EDGE('',*,*,#4045,.F.);
#5885=ORIENTED_EDGE('',*,*,#4020,.T.);
#5886=ORIENTED_EDGE('',*,*,#4024,.T.);
#5887=ORIENTED_EDGE('',*,*,#4028,.T.);
#5888=ORIENTED_EDGE('',*,*,#4032,.T.);
#5889=ORIENTED_EDGE('',*,*,#4046,.T.);
#5890=ORIENTED_EDGE('',*,*,#4047,.T.);
#5891=ORIENTED_EDGE('',*,*,#4048,.T.);
#5892=ORIENTED_EDGE('',*,*,#4049,.T.);
#5893=ORIENTED_EDGE('',*,*,#4050,.T.);
#5894=ORIENTED_EDGE('',*,*,#4051,.T.);
#5895=ORIENTED_EDGE('',*,*,#4052,.T.);
#5896=ORIENTED_EDGE('',*,*,#4053,.T.);
#5897=ORIENTED_EDGE('',*,*,#4041,.T.);
#5898=ORIENTED_EDGE('',*,*,#4054,.T.);
#5899=ORIENTED_EDGE('',*,*,#4009,.F.);
#5900=ORIENTED_EDGE('',*,*,#4055,.F.);
#5901=ORIENTED_EDGE('',*,*,#4042,.T.);
#5902=ORIENTED_EDGE('',*,*,#4055,.T.);
#5903=ORIENTED_EDGE('',*,*,#4008,.F.);
#5904=ORIENTED_EDGE('',*,*,#4056,.F.);
#5905=ORIENTED_EDGE('',*,*,#4043,.T.);
#5906=ORIENTED_EDGE('',*,*,#4056,.T.);
#5907=ORIENTED_EDGE('',*,*,#4007,.F.);
#5908=ORIENTED_EDGE('',*,*,#4057,.F.);
#5909=ORIENTED_EDGE('',*,*,#4044,.T.);
#5910=ORIENTED_EDGE('',*,*,#4057,.T.);
#5911=ORIENTED_EDGE('',*,*,#4006,.F.);
#5912=ORIENTED_EDGE('',*,*,#4058,.F.);
#5913=ORIENTED_EDGE('',*,*,#4045,.T.);
#5914=ORIENTED_EDGE('',*,*,#4058,.T.);
#5915=ORIENTED_EDGE('',*,*,#4005,.F.);
#5916=ORIENTED_EDGE('',*,*,#4059,.F.);
#5917=ORIENTED_EDGE('',*,*,#4040,.T.);
#5918=ORIENTED_EDGE('',*,*,#4059,.T.);
#5919=ORIENTED_EDGE('',*,*,#4004,.F.);
#5920=ORIENTED_EDGE('',*,*,#4054,.F.);
#5921=ORIENTED_EDGE('',*,*,#3377,.T.);
#5922=ORIENTED_EDGE('',*,*,#3390,.T.);
#5923=ORIENTED_EDGE('',*,*,#3387,.T.);
#5924=ORIENTED_EDGE('',*,*,#3384,.T.);
#5925=ORIENTED_EDGE('',*,*,#3381,.T.);
#5926=ORIENTED_EDGE('',*,*,#4060,.T.);
#5927=ORIENTED_EDGE('',*,*,#4061,.T.);
#5928=ORIENTED_EDGE('',*,*,#4015,.F.);
#5929=ORIENTED_EDGE('',*,*,#4062,.F.);
#5930=ORIENTED_EDGE('',*,*,#4063,.T.);
#5931=ORIENTED_EDGE('',*,*,#4062,.T.);
#5932=ORIENTED_EDGE('',*,*,#4014,.F.);
#5933=ORIENTED_EDGE('',*,*,#4064,.F.);
#5934=ORIENTED_EDGE('',*,*,#4065,.T.);
#5935=ORIENTED_EDGE('',*,*,#4064,.T.);
#5936=ORIENTED_EDGE('',*,*,#4013,.F.);
#5937=ORIENTED_EDGE('',*,*,#4066,.F.);
#5938=ORIENTED_EDGE('',*,*,#4067,.T.);
#5939=ORIENTED_EDGE('',*,*,#4066,.T.);
#5940=ORIENTED_EDGE('',*,*,#4012,.F.);
#5941=ORIENTED_EDGE('',*,*,#4068,.F.);
#5942=ORIENTED_EDGE('',*,*,#4069,.T.);
#5943=ORIENTED_EDGE('',*,*,#4068,.T.);
#5944=ORIENTED_EDGE('',*,*,#4011,.F.);
#5945=ORIENTED_EDGE('',*,*,#4070,.F.);
#5946=ORIENTED_EDGE('',*,*,#4071,.T.);
#5947=ORIENTED_EDGE('',*,*,#4070,.T.);
#5948=ORIENTED_EDGE('',*,*,#4010,.F.);
#5949=ORIENTED_EDGE('',*,*,#4061,.F.);
#5950=ORIENTED_EDGE('',*,*,#4072,.F.);
#5951=ORIENTED_EDGE('',*,*,#4073,.T.);
#5952=ORIENTED_EDGE('',*,*,#4046,.F.);
#5953=ORIENTED_EDGE('',*,*,#4074,.F.);
#5954=ORIENTED_EDGE('',*,*,#4075,.T.);
#5955=ORIENTED_EDGE('',*,*,#4074,.T.);
#5956=ORIENTED_EDGE('',*,*,#4053,.F.);
#5957=ORIENTED_EDGE('',*,*,#4076,.F.);
#5958=ORIENTED_EDGE('',*,*,#4077,.F.);
#5959=ORIENTED_EDGE('',*,*,#4076,.T.);
#5960=ORIENTED_EDGE('',*,*,#4052,.F.);
#5961=ORIENTED_EDGE('',*,*,#4078,.F.);
#5962=ORIENTED_EDGE('',*,*,#4079,.T.);
#5963=ORIENTED_EDGE('',*,*,#4078,.T.);
#5964=ORIENTED_EDGE('',*,*,#4051,.F.);
#5965=ORIENTED_EDGE('',*,*,#4080,.F.);
#5966=ORIENTED_EDGE('',*,*,#4081,.F.);
#5967=ORIENTED_EDGE('',*,*,#4080,.T.);
#5968=ORIENTED_EDGE('',*,*,#4050,.F.);
#5969=ORIENTED_EDGE('',*,*,#4082,.F.);
#5970=ORIENTED_EDGE('',*,*,#4083,.T.);
#5971=ORIENTED_EDGE('',*,*,#4082,.T.);
#5972=ORIENTED_EDGE('',*,*,#4049,.F.);
#5973=ORIENTED_EDGE('',*,*,#4084,.F.);
#5974=ORIENTED_EDGE('',*,*,#4085,.F.);
#5975=ORIENTED_EDGE('',*,*,#4084,.T.);
#5976=ORIENTED_EDGE('',*,*,#4048,.F.);
#5977=ORIENTED_EDGE('',*,*,#4086,.F.);
#5978=ORIENTED_EDGE('',*,*,#4087,.T.);
#5979=ORIENTED_EDGE('',*,*,#4086,.T.);
#5980=ORIENTED_EDGE('',*,*,#4047,.F.);
#5981=ORIENTED_EDGE('',*,*,#4073,.F.);
#5982=ORIENTED_EDGE('',*,*,#4087,.F.);
#5983=ORIENTED_EDGE('',*,*,#4072,.T.);
#5984=ORIENTED_EDGE('',*,*,#4075,.F.);
#5985=ORIENTED_EDGE('',*,*,#4077,.T.);
#5986=ORIENTED_EDGE('',*,*,#4079,.F.);
#5987=ORIENTED_EDGE('',*,*,#4081,.T.);
#5988=ORIENTED_EDGE('',*,*,#4083,.F.);
#5989=ORIENTED_EDGE('',*,*,#4085,.T.);
#5990=ORIENTED_EDGE('',*,*,#4071,.F.);
#5991=ORIENTED_EDGE('',*,*,#4060,.F.);
#5992=ORIENTED_EDGE('',*,*,#4063,.F.);
#5993=ORIENTED_EDGE('',*,*,#4065,.F.);
#5994=ORIENTED_EDGE('',*,*,#4067,.F.);
#5995=ORIENTED_EDGE('',*,*,#4069,.F.);
#5996=PLANE('',#6513);
#5997=PLANE('',#6514);
#5998=PLANE('',#6515);
#5999=PLANE('',#6516);
#6000=PLANE('',#6517);
#6001=PLANE('',#6518);
#6002=PLANE('',#6519);
#6003=PLANE('',#6520);
#6004=PLANE('',#6521);
#6005=PLANE('',#6522);
#6006=PLANE('',#6523);
#6007=PLANE('',#6524);
#6008=PLANE('',#6525);
#6009=PLANE('',#6526);
#6010=PLANE('',#6527);
#6011=PLANE('',#6528);
#6012=PLANE('',#6529);
#6013=PLANE('',#6530);
#6014=PLANE('',#6531);
#6015=PLANE('',#6532);
#6016=PLANE('',#6533);
#6017=PLANE('',#6534);
#6018=PLANE('',#6535);
#6019=PLANE('',#6536);
#6020=PLANE('',#6537);
#6021=PLANE('',#6538);
#6022=PLANE('',#6539);
#6023=PLANE('',#6540);
#6024=PLANE('',#6541);
#6025=PLANE('',#6542);
#6026=PLANE('',#6543);
#6027=PLANE('',#6544);
#6028=PLANE('',#6545);
#6029=PLANE('',#6546);
#6030=PLANE('',#6547);
#6031=PLANE('',#6548);
#6032=PLANE('',#6549);
#6033=PLANE('',#6550);
#6034=PLANE('',#6551);
#6035=PLANE('',#6552);
#6036=PLANE('',#6553);
#6037=PLANE('',#6554);
#6038=PLANE('',#6555);
#6039=PLANE('',#6556);
#6040=PLANE('',#6557);
#6041=PLANE('',#6558);
#6042=PLANE('',#6559);
#6043=PLANE('',#6560);
#6044=PLANE('',#6561);
#6045=PLANE('',#6562);
#6046=PLANE('',#6563);
#6047=PLANE('',#6564);
#6048=PLANE('',#6565);
#6049=PLANE('',#6566);
#6050=PLANE('',#6567);
#6051=PLANE('',#6568);
#6052=PLANE('',#6569);
#6053=PLANE('',#6570);
#6054=PLANE('',#6571);
#6055=PLANE('',#6572);
#6056=PLANE('',#6573);
#6057=PLANE('',#6574);
#6058=PLANE('',#6575);
#6059=PLANE('',#6576);
#6060=PLANE('',#6577);
#6061=PLANE('',#6578);
#6062=PLANE('',#6579);
#6063=PLANE('',#6580);
#6064=PLANE('',#6581);
#6065=PLANE('',#6582);
#6066=PLANE('',#6583);
#6067=PLANE('',#6584);
#6068=PLANE('',#6585);
#6069=PLANE('',#6586);
#6070=PLANE('',#6587);
#6071=PLANE('',#6588);
#6072=PLANE('',#6589);
#6073=PLANE('',#6590);
#6074=PLANE('',#6591);
#6075=PLANE('',#6592);
#6076=PLANE('',#6593);
#6077=PLANE('',#6594);
#6078=PLANE('',#6595);
#6079=PLANE('',#6596);
#6080=PLANE('',#6597);
#6081=PLANE('',#6598);
#6082=PLANE('',#6599);
#6083=PLANE('',#6600);
#6084=PLANE('',#6601);
#6085=PLANE('',#6602);
#6086=PLANE('',#6603);
#6087=PLANE('',#6604);
#6088=PLANE('',#6605);
#6089=PLANE('',#6606);
#6090=PLANE('',#6607);
#6091=PLANE('',#6608);
#6092=PLANE('',#6609);
#6093=PLANE('',#6610);
#6094=PLANE('',#6611);
#6095=PLANE('',#6612);
#6096=PLANE('',#6613);
#6097=PLANE('',#6614);
#6098=PLANE('',#6615);
#6099=PLANE('',#6616);
#6100=PLANE('',#6617);
#6101=PLANE('',#6618);
#6102=PLANE('',#6619);
#6103=PLANE('',#6620);
#6104=PLANE('',#6621);
#6105=PLANE('',#6622);
#6106=PLANE('',#6623);
#6107=PLANE('',#6624);
#6108=PLANE('',#6625);
#6109=PLANE('',#6626);
#6110=PLANE('',#6627);
#6111=PLANE('',#6628);
#6112=PLANE('',#6629);
#6113=PLANE('',#6630);
#6114=PLANE('',#6631);
#6115=PLANE('',#6632);
#6116=PLANE('',#6633);
#6117=PLANE('',#6634);
#6118=PLANE('',#6635);
#6119=PLANE('',#6636);
#6120=PLANE('',#6637);
#6121=PLANE('',#6638);
#6122=PLANE('',#6639);
#6123=PLANE('',#6640);
#6124=PLANE('',#6641);
#6125=PLANE('',#6642);
#6126=PLANE('',#6643);
#6127=PLANE('',#6644);
#6128=PLANE('',#6645);
#6129=PLANE('',#6646);
#6130=PLANE('',#6655);
#6131=PLANE('',#6656);
#6132=PLANE('',#6657);
#6133=PLANE('',#6658);
#6134=PLANE('',#6662);
#6135=PLANE('',#6667);
#6136=PLANE('',#6672);
#6137=PLANE('',#6677);
#6138=PLANE('',#6683);
#6139=PLANE('',#6690);
#6140=PLANE('',#6691);
#6141=PLANE('',#6693);
#6142=PLANE('',#6694);
#6143=PLANE('',#6696);
#6144=PLANE('',#6699);
#6145=PLANE('',#6700);
#6146=PLANE('',#6703);
#6147=PLANE('',#6704);
#6148=PLANE('',#6705);
#6149=PLANE('',#6708);
#6150=PLANE('',#6711);
#6151=PLANE('',#6714);
#6152=PLANE('',#6717);
#6153=ADVANCED_FACE('',(#618),#5996,.F.);
#6154=ADVANCED_FACE('',(#619),#5997,.F.);
#6155=ADVANCED_FACE('',(#620),#5998,.F.);
#6156=ADVANCED_FACE('',(#621),#445,.F.);
#6157=ADVANCED_FACE('',(#622),#446,.F.);
#6158=ADVANCED_FACE('',(#623),#5999,.F.);
#6159=ADVANCED_FACE('',(#624),#6000,.F.);
#6160=ADVANCED_FACE('',(#625),#6001,.F.);
#6161=ADVANCED_FACE('',(#626),#447,.F.);
#6162=ADVANCED_FACE('',(#627),#448,.F.);
#6163=ADVANCED_FACE('',(#628),#449,.F.);
#6164=ADVANCED_FACE('',(#629),#450,.F.);
#6165=ADVANCED_FACE('',(#630),#6002,.F.);
#6166=ADVANCED_FACE('',(#631),#6003,.F.);
#6167=ADVANCED_FACE('',(#632),#6004,.F.);
#6168=ADVANCED_FACE('',(#633),#6005,.F.);
#6169=ADVANCED_FACE('',(#634),#6006,.F.);
#6170=ADVANCED_FACE('',(#635),#6007,.F.);
#6171=ADVANCED_FACE('',(#636),#6008,.F.);
#6172=ADVANCED_FACE('',(#637),#6009,.F.);
#6173=ADVANCED_FACE('',(#638),#6010,.T.);
#6174=ADVANCED_FACE('',(#639),#6011,.F.);
#6175=ADVANCED_FACE('',(#640),#6012,.F.);
#6176=ADVANCED_FACE('',(#641),#6013,.F.);
#6177=ADVANCED_FACE('',(#642),#6014,.F.);
#6178=ADVANCED_FACE('',(#643),#6015,.F.);
#6179=ADVANCED_FACE('',(#644),#6016,.F.);
#6180=ADVANCED_FACE('',(#645),#6017,.F.);
#6181=ADVANCED_FACE('',(#646),#6018,.F.);
#6182=ADVANCED_FACE('',(#647),#6019,.F.);
#6183=ADVANCED_FACE('',(#648),#6020,.F.);
#6184=ADVANCED_FACE('',(#649),#6021,.F.);
#6185=ADVANCED_FACE('',(#650),#6022,.F.);
#6186=ADVANCED_FACE('',(#651),#6023,.F.);
#6187=ADVANCED_FACE('',(#652),#6024,.F.);
#6188=ADVANCED_FACE('',(#653),#6025,.F.);
#6189=ADVANCED_FACE('',(#654),#6026,.F.);
#6190=ADVANCED_FACE('',(#655),#6027,.F.);
#6191=ADVANCED_FACE('',(#656),#6028,.F.);
#6192=ADVANCED_FACE('',(#657),#6029,.F.);
#6193=ADVANCED_FACE('',(#658),#6030,.F.);
#6194=ADVANCED_FACE('',(#659),#6031,.F.);
#6195=ADVANCED_FACE('',(#660),#6032,.F.);
#6196=ADVANCED_FACE('',(#661),#6033,.F.);
#6197=ADVANCED_FACE('',(#662),#6034,.F.);
#6198=ADVANCED_FACE('',(#663),#451,.F.);
#6199=ADVANCED_FACE('',(#664),#452,.F.);
#6200=ADVANCED_FACE('',(#665),#453,.F.);
#6201=ADVANCED_FACE('',(#666),#6035,.F.);
#6202=ADVANCED_FACE('',(#667),#454,.F.);
#6203=ADVANCED_FACE('',(#668),#455,.F.);
#6204=ADVANCED_FACE('',(#669),#456,.F.);
#6205=ADVANCED_FACE('',(#670),#6036,.F.);
#6206=ADVANCED_FACE('',(#671),#6037,.F.);
#6207=ADVANCED_FACE('',(#672),#6038,.T.);
#6208=ADVANCED_FACE('',(#673),#6039,.F.);
#6209=ADVANCED_FACE('',(#674),#6040,.F.);
#6210=ADVANCED_FACE('',(#675),#6041,.F.);
#6211=ADVANCED_FACE('',(#676),#457,.F.);
#6212=ADVANCED_FACE('',(#677),#458,.F.);
#6213=ADVANCED_FACE('',(#678),#459,.F.);
#6214=ADVANCED_FACE('',(#679),#460,.F.);
#6215=ADVANCED_FACE('',(#680),#6042,.F.);
#6216=ADVANCED_FACE('',(#681),#6043,.F.);
#6217=ADVANCED_FACE('',(#682),#6044,.F.);
#6218=ADVANCED_FACE('',(#683),#461,.F.);
#6219=ADVANCED_FACE('',(#684),#462,.F.);
#6220=ADVANCED_FACE('',(#685),#463,.F.);
#6221=ADVANCED_FACE('',(#686),#464,.F.);
#6222=ADVANCED_FACE('',(#687),#6045,.F.);
#6223=ADVANCED_FACE('',(#688),#6046,.F.);
#6224=ADVANCED_FACE('',(#689),#6047,.T.);
#6225=ADVANCED_FACE('',(#690),#6048,.F.);
#6226=ADVANCED_FACE('',(#691),#6049,.F.);
#6227=ADVANCED_FACE('',(#692),#6050,.F.);
#6228=ADVANCED_FACE('',(#693),#465,.F.);
#6229=ADVANCED_FACE('',(#694),#466,.F.);
#6230=ADVANCED_FACE('',(#695),#467,.F.);
#6231=ADVANCED_FACE('',(#696),#468,.F.);
#6232=ADVANCED_FACE('',(#697),#6051,.F.);
#6233=ADVANCED_FACE('',(#698),#469,.F.);
#6234=ADVANCED_FACE('',(#699),#470,.F.);
#6235=ADVANCED_FACE('',(#700),#471,.F.);
#6236=ADVANCED_FACE('',(#701),#472,.F.);
#6237=ADVANCED_FACE('',(#702),#6052,.F.);
#6238=ADVANCED_FACE('',(#703),#6053,.F.);
#6239=ADVANCED_FACE('',(#704),#6054,.T.);
#6240=ADVANCED_FACE('',(#705),#473,.F.);
#6241=ADVANCED_FACE('',(#706),#6055,.F.);
#6242=ADVANCED_FACE('',(#707),#474,.F.);
#6243=ADVANCED_FACE('',(#708),#475,.F.);
#6244=ADVANCED_FACE('',(#709),#476,.F.);
#6245=ADVANCED_FACE('',(#710),#477,.F.);
#6246=ADVANCED_FACE('',(#711),#478,.F.);
#6247=ADVANCED_FACE('',(#712),#479,.F.);
#6248=ADVANCED_FACE('',(#713),#480,.F.);
#6249=ADVANCED_FACE('',(#714),#481,.F.);
#6250=ADVANCED_FACE('',(#715),#482,.F.);
#6251=ADVANCED_FACE('',(#716),#483,.F.);
#6252=ADVANCED_FACE('',(#717),#484,.F.);
#6253=ADVANCED_FACE('',(#718),#485,.F.);
#6254=ADVANCED_FACE('',(#719),#486,.F.);
#6255=ADVANCED_FACE('',(#720),#487,.F.);
#6256=ADVANCED_FACE('',(#721),#488,.F.);
#6257=ADVANCED_FACE('',(#722),#6056,.F.);
#6258=ADVANCED_FACE('',(#723),#489,.F.);
#6259=ADVANCED_FACE('',(#724),#490,.F.);
#6260=ADVANCED_FACE('',(#725),#491,.F.);
#6261=ADVANCED_FACE('',(#726),#492,.F.);
#6262=ADVANCED_FACE('',(#727),#6057,.F.);
#6263=ADVANCED_FACE('',(#728,#63),#6058,.T.);
#6264=ADVANCED_FACE('',(#729),#6059,.F.);
#6265=ADVANCED_FACE('',(#730),#6060,.F.);
#6266=ADVANCED_FACE('',(#731),#6061,.F.);
#6267=ADVANCED_FACE('',(#732),#6062,.F.);
#6268=ADVANCED_FACE('',(#733),#6063,.F.);
#6269=ADVANCED_FACE('',(#734),#6064,.F.);
#6270=ADVANCED_FACE('',(#735),#6065,.F.);
#6271=ADVANCED_FACE('',(#736),#6066,.F.);
#6272=ADVANCED_FACE('',(#737),#6067,.F.);
#6273=ADVANCED_FACE('',(#738),#6068,.F.);
#6274=ADVANCED_FACE('',(#739),#6069,.F.);
#6275=ADVANCED_FACE('',(#740),#493,.F.);
#6276=ADVANCED_FACE('',(#741),#494,.F.);
#6277=ADVANCED_FACE('',(#742),#6070,.F.);
#6278=ADVANCED_FACE('',(#743),#6071,.F.);
#6279=ADVANCED_FACE('',(#744),#6072,.F.);
#6280=ADVANCED_FACE('',(#745),#495,.F.);
#6281=ADVANCED_FACE('',(#746),#496,.F.);
#6282=ADVANCED_FACE('',(#747),#497,.F.);
#6283=ADVANCED_FACE('',(#748),#498,.F.);
#6284=ADVANCED_FACE('',(#749),#6073,.F.);
#6285=ADVANCED_FACE('',(#750),#6074,.F.);
#6286=ADVANCED_FACE('',(#751),#6075,.F.);
#6287=ADVANCED_FACE('',(#752),#6076,.F.);
#6288=ADVANCED_FACE('',(#753),#6077,.F.);
#6289=ADVANCED_FACE('',(#754),#6078,.F.);
#6290=ADVANCED_FACE('',(#755),#6079,.F.);
#6291=ADVANCED_FACE('',(#756),#6080,.F.);
#6292=ADVANCED_FACE('',(#757),#6081,.T.);
#6293=ADVANCED_FACE('',(#758),#499,.F.);
#6294=ADVANCED_FACE('',(#759),#6082,.F.);
#6295=ADVANCED_FACE('',(#760),#500,.F.);
#6296=ADVANCED_FACE('',(#761),#501,.F.);
#6297=ADVANCED_FACE('',(#762),#502,.F.);
#6298=ADVANCED_FACE('',(#763),#503,.F.);
#6299=ADVANCED_FACE('',(#764),#504,.F.);
#6300=ADVANCED_FACE('',(#765),#505,.F.);
#6301=ADVANCED_FACE('',(#766),#506,.F.);
#6302=ADVANCED_FACE('',(#767),#507,.F.);
#6303=ADVANCED_FACE('',(#768),#508,.F.);
#6304=ADVANCED_FACE('',(#769),#509,.F.);
#6305=ADVANCED_FACE('',(#770),#510,.F.);
#6306=ADVANCED_FACE('',(#771),#511,.F.);
#6307=ADVANCED_FACE('',(#772),#512,.F.);
#6308=ADVANCED_FACE('',(#773),#513,.F.);
#6309=ADVANCED_FACE('',(#774),#514,.F.);
#6310=ADVANCED_FACE('',(#775),#515,.F.);
#6311=ADVANCED_FACE('',(#776),#6083,.F.);
#6312=ADVANCED_FACE('',(#777),#6084,.F.);
#6313=ADVANCED_FACE('',(#778),#6085,.F.);
#6314=ADVANCED_FACE('',(#779),#6086,.F.);
#6315=ADVANCED_FACE('',(#780),#6087,.F.);
#6316=ADVANCED_FACE('',(#781,#64),#6088,.T.);
#6317=ADVANCED_FACE('',(#782),#516,.F.);
#6318=ADVANCED_FACE('',(#783),#517,.F.);
#6319=ADVANCED_FACE('',(#784),#518,.F.);
#6320=ADVANCED_FACE('',(#785),#519,.F.);
#6321=ADVANCED_FACE('',(#786),#520,.F.);
#6322=ADVANCED_FACE('',(#787),#521,.F.);
#6323=ADVANCED_FACE('',(#788),#522,.F.);
#6324=ADVANCED_FACE('',(#789),#523,.F.);
#6325=ADVANCED_FACE('',(#790),#524,.F.);
#6326=ADVANCED_FACE('',(#791),#525,.F.);
#6327=ADVANCED_FACE('',(#792),#526,.F.);
#6328=ADVANCED_FACE('',(#793),#527,.F.);
#6329=ADVANCED_FACE('',(#794),#528,.F.);
#6330=ADVANCED_FACE('',(#795),#529,.F.);
#6331=ADVANCED_FACE('',(#796),#530,.F.);
#6332=ADVANCED_FACE('',(#797),#531,.F.);
#6333=ADVANCED_FACE('',(#798),#532,.F.);
#6334=ADVANCED_FACE('',(#799),#533,.F.);
#6335=ADVANCED_FACE('',(#800,#65),#6089,.T.);
#6336=ADVANCED_FACE('',(#801),#6090,.F.);
#6337=ADVANCED_FACE('',(#802),#6091,.F.);
#6338=ADVANCED_FACE('',(#803),#6092,.F.);
#6339=ADVANCED_FACE('',(#804),#6093,.F.);
#6340=ADVANCED_FACE('',(#805),#6094,.F.);
#6341=ADVANCED_FACE('',(#806),#6095,.F.);
#6342=ADVANCED_FACE('',(#807),#6096,.F.);
#6343=ADVANCED_FACE('',(#808),#6097,.F.);
#6344=ADVANCED_FACE('',(#809),#6098,.F.);
#6345=ADVANCED_FACE('',(#810),#6099,.F.);
#6346=ADVANCED_FACE('',(#811),#6100,.F.);
#6347=ADVANCED_FACE('',(#812),#6101,.F.);
#6348=ADVANCED_FACE('',(#813),#534,.F.);
#6349=ADVANCED_FACE('',(#814),#535,.F.);
#6350=ADVANCED_FACE('',(#815),#536,.F.);
#6351=ADVANCED_FACE('',(#816),#537,.F.);
#6352=ADVANCED_FACE('',(#817),#6102,.F.);
#6353=ADVANCED_FACE('',(#818),#6103,.F.);
#6354=ADVANCED_FACE('',(#819),#6104,.F.);
#6355=ADVANCED_FACE('',(#820),#6105,.F.);
#6356=ADVANCED_FACE('',(#821),#6106,.F.);
#6357=ADVANCED_FACE('',(#822),#6107,.F.);
#6358=ADVANCED_FACE('',(#823),#6108,.F.);
#6359=ADVANCED_FACE('',(#824),#6109,.F.);
#6360=ADVANCED_FACE('',(#825),#6110,.F.);
#6361=ADVANCED_FACE('',(#826),#6111,.F.);
#6362=ADVANCED_FACE('',(#827),#6112,.F.);
#6363=ADVANCED_FACE('',(#828),#538,.F.);
#6364=ADVANCED_FACE('',(#829),#539,.F.);
#6365=ADVANCED_FACE('',(#830),#540,.F.);
#6366=ADVANCED_FACE('',(#831),#541,.F.);
#6367=ADVANCED_FACE('',(#832),#6113,.F.);
#6368=ADVANCED_FACE('',(#833),#6114,.T.);
#6369=ADVANCED_FACE('',(#834),#542,.F.);
#6370=ADVANCED_FACE('',(#835),#543,.F.);
#6371=ADVANCED_FACE('',(#836),#544,.F.);
#6372=ADVANCED_FACE('',(#837),#545,.F.);
#6373=ADVANCED_FACE('',(#838),#546,.F.);
#6374=ADVANCED_FACE('',(#839),#547,.F.);
#6375=ADVANCED_FACE('',(#840),#548,.F.);
#6376=ADVANCED_FACE('',(#841),#549,.F.);
#6377=ADVANCED_FACE('',(#842),#6115,.T.);
#6378=ADVANCED_FACE('',(#843),#550,.F.);
#6379=ADVANCED_FACE('',(#844),#551,.F.);
#6380=ADVANCED_FACE('',(#845),#6116,.F.);
#6381=ADVANCED_FACE('',(#846),#6117,.F.);
#6382=ADVANCED_FACE('',(#847),#552,.F.);
#6383=ADVANCED_FACE('',(#848),#553,.F.);
#6384=ADVANCED_FACE('',(#849),#554,.F.);
#6385=ADVANCED_FACE('',(#850),#555,.F.);
#6386=ADVANCED_FACE('',(#851),#556,.F.);
#6387=ADVANCED_FACE('',(#852),#557,.F.);
#6388=ADVANCED_FACE('',(#853),#558,.F.);
#6389=ADVANCED_FACE('',(#854),#6118,.F.);
#6390=ADVANCED_FACE('',(#855),#559,.F.);
#6391=ADVANCED_FACE('',(#856),#560,.F.);
#6392=ADVANCED_FACE('',(#857),#561,.F.);
#6393=ADVANCED_FACE('',(#858),#562,.F.);
#6394=ADVANCED_FACE('',(#859),#6119,.F.);
#6395=ADVANCED_FACE('',(#860),#6120,.F.);
#6396=ADVANCED_FACE('',(#861),#563,.F.);
#6397=ADVANCED_FACE('',(#862),#564,.F.);
#6398=ADVANCED_FACE('',(#863),#565,.F.);
#6399=ADVANCED_FACE('',(#864),#566,.F.);
#6400=ADVANCED_FACE('',(#865),#567,.F.);
#6401=ADVANCED_FACE('',(#866),#568,.F.);
#6402=ADVANCED_FACE('',(#867),#569,.F.);
#6403=ADVANCED_FACE('',(#868),#570,.F.);
#6404=ADVANCED_FACE('',(#869),#6121,.F.);
#6405=ADVANCED_FACE('',(#870),#571,.F.);
#6406=ADVANCED_FACE('',(#871),#572,.F.);
#6407=ADVANCED_FACE('',(#872),#6122,.F.);
#6408=ADVANCED_FACE('',(#873,#66),#6123,.T.);
#6409=ADVANCED_FACE('',(#874),#573,.F.);
#6410=ADVANCED_FACE('',(#875),#574,.F.);
#6411=ADVANCED_FACE('',(#876),#575,.F.);
#6412=ADVANCED_FACE('',(#877),#576,.F.);
#6413=ADVANCED_FACE('',(#878),#577,.F.);
#6414=ADVANCED_FACE('',(#879),#578,.F.);
#6415=ADVANCED_FACE('',(#880),#579,.F.);
#6416=ADVANCED_FACE('',(#881),#580,.F.);
#6417=ADVANCED_FACE('',(#882),#581,.F.);
#6418=ADVANCED_FACE('',(#883),#582,.F.);
#6419=ADVANCED_FACE('',(#884),#583,.F.);
#6420=ADVANCED_FACE('',(#885),#584,.F.);
#6421=ADVANCED_FACE('',(#886),#585,.F.);
#6422=ADVANCED_FACE('',(#887),#586,.F.);
#6423=ADVANCED_FACE('',(#888),#587,.F.);
#6424=ADVANCED_FACE('',(#889),#588,.F.);
#6425=ADVANCED_FACE('',(#890),#589,.F.);
#6426=ADVANCED_FACE('',(#891),#6124,.F.);
#6427=ADVANCED_FACE('',(#892),#590,.F.);
#6428=ADVANCED_FACE('',(#893),#591,.F.);
#6429=ADVANCED_FACE('',(#894),#592,.F.);
#6430=ADVANCED_FACE('',(#895),#593,.F.);
#6431=ADVANCED_FACE('',(#896),#594,.F.);
#6432=ADVANCED_FACE('',(#897),#595,.F.);
#6433=ADVANCED_FACE('',(#898),#596,.F.);
#6434=ADVANCED_FACE('',(#899),#6125,.F.);
#6435=ADVANCED_FACE('',(#900),#597,.F.);
#6436=ADVANCED_FACE('',(#901),#598,.F.);
#6437=ADVANCED_FACE('',(#902),#599,.F.);
#6438=ADVANCED_FACE('',(#903),#600,.F.);
#6439=ADVANCED_FACE('',(#904),#601,.F.);
#6440=ADVANCED_FACE('',(#905),#602,.F.);
#6441=ADVANCED_FACE('',(#906),#603,.F.);
#6442=ADVANCED_FACE('',(#907),#604,.F.);
#6443=ADVANCED_FACE('',(#908),#6126,.F.);
#6444=ADVANCED_FACE('',(#909),#605,.F.);
#6445=ADVANCED_FACE('',(#910),#606,.F.);
#6446=ADVANCED_FACE('',(#911),#607,.F.);
#6447=ADVANCED_FACE('',(#912),#608,.F.);
#6448=ADVANCED_FACE('',(#913),#609,.F.);
#6449=ADVANCED_FACE('',(#914),#610,.F.);
#6450=ADVANCED_FACE('',(#915),#611,.F.);
#6451=ADVANCED_FACE('',(#916),#612,.F.);
#6452=ADVANCED_FACE('',(#917),#613,.F.);
#6453=ADVANCED_FACE('',(#918),#614,.F.);
#6454=ADVANCED_FACE('',(#919),#615,.F.);
#6455=ADVANCED_FACE('',(#920),#616,.F.);
#6456=ADVANCED_FACE('',(#921),#6127,.F.);
#6457=ADVANCED_FACE('',(#922),#617,.F.);
#6458=ADVANCED_FACE('',(#923,#67),#6128,.T.);
#6459=ADVANCED_FACE('',(#924,#68,#69,#70,#71,#72,#73,#74,#75,#76,#77,#78,
#79,#80,#81,#82,#83,#84,#85,#86,#87,#88),#6129,.T.);
#6460=ADVANCED_FACE('',(#925),#6130,.T.);
#6461=ADVANCED_FACE('',(#926),#6131,.T.);
#6462=ADVANCED_FACE('',(#927),#6132,.T.);
#6463=ADVANCED_FACE('',(#928),#6133,.T.);
#6464=ADVANCED_FACE('',(#929),#15,.F.);
#6465=ADVANCED_FACE('',(#930,#89),#6134,.T.);
#6466=ADVANCED_FACE('',(#931),#16,.F.);
#6467=ADVANCED_FACE('',(#932,#90),#6135,.T.);
#6468=ADVANCED_FACE('',(#933),#17,.F.);
#6469=ADVANCED_FACE('',(#934,#91),#6136,.T.);
#6470=ADVANCED_FACE('',(#935),#18,.F.);
#6471=ADVANCED_FACE('',(#936,#92),#6137,.T.);
#6472=ADVANCED_FACE('',(#937),#19,.F.);
#6473=ADVANCED_FACE('',(#938),#20,.F.);
#6474=ADVANCED_FACE('',(#939),#21,.F.);
#6475=ADVANCED_FACE('',(#940),#22,.F.);
#6476=ADVANCED_FACE('',(#941,#93,#94,#95,#96,#97),#6138,.F.);
#6477=ADVANCED_FACE('',(#942),#6139,.T.);
#6478=ADVANCED_FACE('',(#943),#6140,.T.);
#6479=ADVANCED_FACE('',(#944),#23,.T.);
#6480=ADVANCED_FACE('',(#945),#6141,.T.);
#6481=ADVANCED_FACE('',(#946),#6142,.T.);
#6482=ADVANCED_FACE('',(#947),#24,.T.);
#6483=ADVANCED_FACE('',(#948),#6143,.T.);
#6484=ADVANCED_FACE('',(#949),#25,.F.);
#6485=ADVANCED_FACE('',(#950),#6144,.T.);
#6486=ADVANCED_FACE('',(#951),#6145,.T.);
#6487=ADVANCED_FACE('',(#952),#26,.F.);
#6488=ADVANCED_FACE('',(#953),#6146,.T.);
#6489=ADVANCED_FACE('',(#954),#6147,.T.);
#6490=ADVANCED_FACE('',(#955),#6148,.T.);
#6491=ADVANCED_FACE('',(#956),#27,.T.);
#6492=ADVANCED_FACE('',(#957),#6149,.T.);
#6493=ADVANCED_FACE('',(#958),#28,.T.);
#6494=ADVANCED_FACE('',(#959),#6150,.T.);
#6495=ADVANCED_FACE('',(#960),#29,.T.);
#6496=ADVANCED_FACE('',(#961),#6151,.T.);
#6497=ADVANCED_FACE('',(#962),#30,.T.);
#6498=ADVANCED_FACE('',(#963,#98),#6152,.F.);
#6499=CLOSED_SHELL('',(#6153,#6154,#6155,#6156,#6157,#6158,#6159,#6160,
#6161,#6162,#6163,#6164,#6165,#6166,#6167,#6168,#6169,#6170,#6171,#6172,
#6173,#6174,#6175,#6176,#6177,#6178,#6179,#6180,#6181,#6182,#6183,#6184,
#6185,#6186,#6187,#6188,#6189,#6190,#6191,#6192,#6193,#6194,#6195,#6196,
#6197,#6198,#6199,#6200,#6201,#6202,#6203,#6204,#6205,#6206,#6207,#6208,
#6209,#6210,#6211,#6212,#6213,#6214,#6215,#6216,#6217,#6218,#6219,#6220,
#6221,#6222,#6223,#6224,#6225,#6226,#6227,#6228,#6229,#6230,#6231,#6232,
#6233,#6234,#6235,#6236,#6237,#6238,#6239,#6240,#6241,#6242,#6243,#6244,
#6245,#6246,#6247,#6248,#6249,#6250,#6251,#6252,#6253,#6254,#6255,#6256,
#6257,#6258,#6259,#6260,#6261,#6262,#6263,#6264,#6265,#6266,#6267,#6268,
#6269,#6270,#6271,#6272,#6273,#6274,#6275,#6276,#6277,#6278,#6279,#6280,
#6281,#6282,#6283,#6284,#6285,#6286,#6287,#6288,#6289,#6290,#6291,#6292,
#6293,#6294,#6295,#6296,#6297,#6298,#6299,#6300,#6301,#6302,#6303,#6304,
#6305,#6306,#6307,#6308,#6309,#6310,#6311,#6312,#6313,#6314,#6315,#6316,
#6317,#6318,#6319,#6320,#6321,#6322,#6323,#6324,#6325,#6326,#6327,#6328,
#6329,#6330,#6331,#6332,#6333,#6334,#6335,#6336,#6337,#6338,#6339,#6340,
#6341,#6342,#6343,#6344,#6345,#6346,#6347,#6348,#6349,#6350,#6351,#6352,
#6353,#6354,#6355,#6356,#6357,#6358,#6359,#6360,#6361,#6362,#6363,#6364,
#6365,#6366,#6367,#6368,#6369,#6370,#6371,#6372,#6373,#6374,#6375,#6376,
#6377,#6378,#6379,#6380,#6381,#6382,#6383,#6384,#6385,#6386,#6387,#6388,
#6389,#6390,#6391,#6392,#6393,#6394,#6395,#6396,#6397,#6398,#6399,#6400,
#6401,#6402,#6403,#6404,#6405,#6406,#6407,#6408,#6409,#6410,#6411,#6412,
#6413,#6414,#6415,#6416,#6417,#6418,#6419,#6420,#6421,#6422,#6423,#6424,
#6425,#6426,#6427,#6428,#6429,#6430,#6431,#6432,#6433,#6434,#6435,#6436,
#6437,#6438,#6439,#6440,#6441,#6442,#6443,#6444,#6445,#6446,#6447,#6448,
#6449,#6450,#6451,#6452,#6453,#6454,#6455,#6456,#6457,#6458,#6459,#6460,
#6461,#6462,#6463,#6464,#6465,#6466,#6467,#6468,#6469,#6470,#6471,#6472,
#6473,#6474,#6475,#6476,#6477,#6478,#6479,#6480,#6481,#6482,#6483,#6484,
#6485,#6486,#6487,#6488,#6489,#6490,#6491,#6492,#6493,#6494,#6495,#6496,
#6497,#6498));
#6500=DERIVED_UNIT_ELEMENT(#6502,1.);
#6501=DERIVED_UNIT_ELEMENT(#12589,-3.);
#6502=(
MASS_UNIT()
NAMED_UNIT(*)
SI_UNIT(.KILO.,.GRAM.)
);
#6503=DERIVED_UNIT((#6500,#6501));
#6504=MEASURE_REPRESENTATION_ITEM('density measure',
POSITIVE_RATIO_MEASURE(7850.),#6503);
#6505=PROPERTY_DEFINITION_REPRESENTATION(#6510,#6507);
#6506=PROPERTY_DEFINITION_REPRESENTATION(#6511,#6508);
#6507=REPRESENTATION('material name',(#6509),#12586);
#6508=REPRESENTATION('density',(#6504),#12586);
#6509=DESCRIPTIVE_REPRESENTATION_ITEM('Steel','Steel');
#6510=PROPERTY_DEFINITION('material property','material name',#12596);
#6511=PROPERTY_DEFINITION('material property','density of part',#12596);
#6512=AXIS2_PLACEMENT_3D('',#7706,#6718,#6719);
#6513=AXIS2_PLACEMENT_3D('',#7707,#6720,#6721);
#6514=AXIS2_PLACEMENT_3D('',#7716,#6726,#6727);
#6515=AXIS2_PLACEMENT_3D('',#7722,#6731,#6732);
#6516=AXIS2_PLACEMENT_3D('',#7774,#6738,#6739);
#6517=AXIS2_PLACEMENT_3D('',#7780,#6743,#6744);
#6518=AXIS2_PLACEMENT_3D('',#7786,#6748,#6749);
#6519=AXIS2_PLACEMENT_3D('',#7884,#6757,#6758);
#6520=AXIS2_PLACEMENT_3D('',#7890,#6762,#6763);
#6521=AXIS2_PLACEMENT_3D('',#7896,#6767,#6768);
#6522=AXIS2_PLACEMENT_3D('',#7902,#6772,#6773);
#6523=AXIS2_PLACEMENT_3D('',#7908,#6777,#6778);
#6524=AXIS2_PLACEMENT_3D('',#7914,#6782,#6783);
#6525=AXIS2_PLACEMENT_3D('',#7920,#6787,#6788);
#6526=AXIS2_PLACEMENT_3D('',#7926,#6792,#6793);
#6527=AXIS2_PLACEMENT_3D('',#7929,#6796,#6797);
#6528=AXIS2_PLACEMENT_3D('',#7930,#6798,#6799);
#6529=AXIS2_PLACEMENT_3D('',#7939,#6804,#6805);
#6530=AXIS2_PLACEMENT_3D('',#7945,#6809,#6810);
#6531=AXIS2_PLACEMENT_3D('',#7951,#6814,#6815);
#6532=AXIS2_PLACEMENT_3D('',#7957,#6819,#6820);
#6533=AXIS2_PLACEMENT_3D('',#7963,#6824,#6825);
#6534=AXIS2_PLACEMENT_3D('',#7969,#6829,#6830);
#6535=AXIS2_PLACEMENT_3D('',#7972,#6833,#6834);
#6536=AXIS2_PLACEMENT_3D('',#7973,#6835,#6836);
#6537=AXIS2_PLACEMENT_3D('',#7982,#6841,#6842);
#6538=AXIS2_PLACEMENT_3D('',#7988,#6846,#6847);
#6539=AXIS2_PLACEMENT_3D('',#7994,#6851,#6852);
#6540=AXIS2_PLACEMENT_3D('',#8000,#6856,#6857);
#6541=AXIS2_PLACEMENT_3D('',#8006,#6861,#6862);
#6542=AXIS2_PLACEMENT_3D('',#8012,#6866,#6867);
#6543=AXIS2_PLACEMENT_3D('',#8018,#6871,#6872);
#6544=AXIS2_PLACEMENT_3D('',#8024,#6876,#6877);
#6545=AXIS2_PLACEMENT_3D('',#8030,#6881,#6882);
#6546=AXIS2_PLACEMENT_3D('',#8033,#6885,#6886);
#6547=AXIS2_PLACEMENT_3D('',#8034,#6887,#6888);
#6548=AXIS2_PLACEMENT_3D('',#8043,#6893,#6894);
#6549=AXIS2_PLACEMENT_3D('',#8049,#6898,#6899);
#6550=AXIS2_PLACEMENT_3D('',#8055,#6903,#6904);
#6551=AXIS2_PLACEMENT_3D('',#8061,#6908,#6909);
#6552=AXIS2_PLACEMENT_3D('',#8136,#6916,#6917);
#6553=AXIS2_PLACEMENT_3D('',#8211,#6924,#6925);
#6554=AXIS2_PLACEMENT_3D('',#8217,#6929,#6930);
#6555=AXIS2_PLACEMENT_3D('',#8220,#6933,#6934);
#6556=AXIS2_PLACEMENT_3D('',#8221,#6935,#6936);
#6557=AXIS2_PLACEMENT_3D('',#8230,#6941,#6942);
#6558=AXIS2_PLACEMENT_3D('',#8236,#6946,#6947);
#6559=AXIS2_PLACEMENT_3D('',#8334,#6955,#6956);
#6560=AXIS2_PLACEMENT_3D('',#8340,#6960,#6961);
#6561=AXIS2_PLACEMENT_3D('',#8346,#6965,#6966);
#6562=AXIS2_PLACEMENT_3D('',#8444,#6974,#6975);
#6563=AXIS2_PLACEMENT_3D('',#8450,#6979,#6980);
#6564=AXIS2_PLACEMENT_3D('',#8453,#6983,#6984);
#6565=AXIS2_PLACEMENT_3D('',#8454,#6985,#6986);
#6566=AXIS2_PLACEMENT_3D('',#8463,#6991,#6992);
#6567=AXIS2_PLACEMENT_3D('',#8469,#6996,#6997);
#6568=AXIS2_PLACEMENT_3D('',#8567,#7005,#7006);
#6569=AXIS2_PLACEMENT_3D('',#8665,#7014,#7015);
#6570=AXIS2_PLACEMENT_3D('',#8671,#7019,#7020);
#6571=AXIS2_PLACEMENT_3D('',#8674,#7023,#7024);
#6572=AXIS2_PLACEMENT_3D('',#8701,#7027,#7028);
#6573=AXIS2_PLACEMENT_3D('',#9052,#7047,#7048);
#6574=AXIS2_PLACEMENT_3D('',#9150,#7056,#7057);
#6575=AXIS2_PLACEMENT_3D('',#9153,#7060,#7061);
#6576=AXIS2_PLACEMENT_3D('',#9154,#7062,#7063);
#6577=AXIS2_PLACEMENT_3D('',#9163,#7068,#7069);
#6578=AXIS2_PLACEMENT_3D('',#9169,#7073,#7074);
#6579=AXIS2_PLACEMENT_3D('',#9175,#7078,#7079);
#6580=AXIS2_PLACEMENT_3D('',#9181,#7083,#7084);
#6581=AXIS2_PLACEMENT_3D('',#9187,#7088,#7089);
#6582=AXIS2_PLACEMENT_3D('',#9193,#7093,#7094);
#6583=AXIS2_PLACEMENT_3D('',#9196,#7097,#7098);
#6584=AXIS2_PLACEMENT_3D('',#9197,#7099,#7100);
#6585=AXIS2_PLACEMENT_3D('',#9206,#7105,#7106);
#6586=AXIS2_PLACEMENT_3D('',#9212,#7110,#7111);
#6587=AXIS2_PLACEMENT_3D('',#9264,#7117,#7118);
#6588=AXIS2_PLACEMENT_3D('',#9270,#7122,#7123);
#6589=AXIS2_PLACEMENT_3D('',#9276,#7127,#7128);
#6590=AXIS2_PLACEMENT_3D('',#9374,#7136,#7137);
#6591=AXIS2_PLACEMENT_3D('',#9380,#7141,#7142);
#6592=AXIS2_PLACEMENT_3D('',#9386,#7146,#7147);
#6593=AXIS2_PLACEMENT_3D('',#9392,#7151,#7152);
#6594=AXIS2_PLACEMENT_3D('',#9398,#7156,#7157);
#6595=AXIS2_PLACEMENT_3D('',#9404,#7161,#7162);
#6596=AXIS2_PLACEMENT_3D('',#9410,#7166,#7167);
#6597=AXIS2_PLACEMENT_3D('',#9416,#7171,#7172);
#6598=AXIS2_PLACEMENT_3D('',#9419,#7175,#7176);
#6599=AXIS2_PLACEMENT_3D('',#9446,#7179,#7180);
#6600=AXIS2_PLACEMENT_3D('',#9820,#7200,#7201);
#6601=AXIS2_PLACEMENT_3D('',#9826,#7205,#7206);
#6602=AXIS2_PLACEMENT_3D('',#9832,#7210,#7211);
#6603=AXIS2_PLACEMENT_3D('',#9838,#7215,#7216);
#6604=AXIS2_PLACEMENT_3D('',#9844,#7220,#7221);
#6605=AXIS2_PLACEMENT_3D('',#9847,#7224,#7225);
#6606=AXIS2_PLACEMENT_3D('',#10262,#7244,#7245);
#6607=AXIS2_PLACEMENT_3D('',#10263,#7246,#7247);
#6608=AXIS2_PLACEMENT_3D('',#10272,#7252,#7253);
#6609=AXIS2_PLACEMENT_3D('',#10278,#7257,#7258);
#6610=AXIS2_PLACEMENT_3D('',#10284,#7262,#7263);
#6611=AXIS2_PLACEMENT_3D('',#10290,#7267,#7268);
#6612=AXIS2_PLACEMENT_3D('',#10296,#7272,#7273);
#6613=AXIS2_PLACEMENT_3D('',#10302,#7277,#7278);
#6614=AXIS2_PLACEMENT_3D('',#10308,#7282,#7283);
#6615=AXIS2_PLACEMENT_3D('',#10314,#7287,#7288);
#6616=AXIS2_PLACEMENT_3D('',#10320,#7292,#7293);
#6617=AXIS2_PLACEMENT_3D('',#10326,#7297,#7298);
#6618=AXIS2_PLACEMENT_3D('',#10329,#7301,#7302);
#6619=AXIS2_PLACEMENT_3D('',#10425,#7308,#7309);
#6620=AXIS2_PLACEMENT_3D('',#10431,#7313,#7314);
#6621=AXIS2_PLACEMENT_3D('',#10437,#7318,#7319);
#6622=AXIS2_PLACEMENT_3D('',#10443,#7323,#7324);
#6623=AXIS2_PLACEMENT_3D('',#10449,#7328,#7329);
#6624=AXIS2_PLACEMENT_3D('',#10455,#7333,#7334);
#6625=AXIS2_PLACEMENT_3D('',#10461,#7338,#7339);
#6626=AXIS2_PLACEMENT_3D('',#10467,#7343,#7344);
#6627=AXIS2_PLACEMENT_3D('',#10473,#7348,#7349);
#6628=AXIS2_PLACEMENT_3D('',#10479,#7353,#7354);
#6629=AXIS2_PLACEMENT_3D('',#10485,#7358,#7359);
#6630=AXIS2_PLACEMENT_3D('',#10583,#7367,#7368);
#6631=AXIS2_PLACEMENT_3D('',#10586,#7371,#7372);
#6632=AXIS2_PLACEMENT_3D('',#10771,#7381,#7382);
#6633=AXIS2_PLACEMENT_3D('',#10821,#7386,#7387);
#6634=AXIS2_PLACEMENT_3D('',#10827,#7391,#7392);
#6635=AXIS2_PLACEMENT_3D('',#10994,#7403,#7404);
#6636=AXIS2_PLACEMENT_3D('',#11092,#7412,#7413);
#6637=AXIS2_PLACEMENT_3D('',#11098,#7417,#7418);
#6638=AXIS2_PLACEMENT_3D('',#11288,#7430,#7431);
#6639=AXIS2_PLACEMENT_3D('',#11340,#7437,#7438);
#6640=AXIS2_PLACEMENT_3D('',#11343,#7441,#7442);
#6641=AXIS2_PLACEMENT_3D('',#11738,#7461,#7462);
#6642=AXIS2_PLACEMENT_3D('',#11905,#7473,#7474);
#6643=AXIS2_PLACEMENT_3D('',#12095,#7486,#7487);
#6644=AXIS2_PLACEMENT_3D('',#12377,#7503,#7504);
#6645=AXIS2_PLACEMENT_3D('',#12403,#7508,#7509);
#6646=AXIS2_PLACEMENT_3D('',#12404,#7510,#7511);
#6647=AXIS2_PLACEMENT_3D('',#12407,#7512,#7513);
#6648=AXIS2_PLACEMENT_3D('',#12413,#7516,#7517);
#6649=AXIS2_PLACEMENT_3D('',#12423,#7522,#7523);
#6650=AXIS2_PLACEMENT_3D('',#12428,#7526,#7527);
#6651=AXIS2_PLACEMENT_3D('',#12430,#7528,#7529);
#6652=AXIS2_PLACEMENT_3D('',#12432,#7530,#7531);
#6653=AXIS2_PLACEMENT_3D('',#12434,#7532,#7533);
#6654=AXIS2_PLACEMENT_3D('',#12436,#7534,#7535);
#6655=AXIS2_PLACEMENT_3D('',#12437,#7536,#7537);
#6656=AXIS2_PLACEMENT_3D('',#12438,#7538,#7539);
#6657=AXIS2_PLACEMENT_3D('',#12439,#7540,#7541);
#6658=AXIS2_PLACEMENT_3D('',#12440,#7542,#7543);
#6659=AXIS2_PLACEMENT_3D('',#12441,#7544,#7545);
#6660=AXIS2_PLACEMENT_3D('',#12443,#7546,#7547);
#6661=AXIS2_PLACEMENT_3D('',#12446,#7549,#7550);
#6662=AXIS2_PLACEMENT_3D('',#12447,#7551,#7552);
#6663=AXIS2_PLACEMENT_3D('',#12449,#7553,#7554);
#6664=AXIS2_PLACEMENT_3D('',#12450,#7555,#7556);
#6665=AXIS2_PLACEMENT_3D('',#12452,#7557,#7558);
#6666=AXIS2_PLACEMENT_3D('',#12455,#7560,#7561);
#6667=AXIS2_PLACEMENT_3D('',#12456,#7562,#7563);
#6668=AXIS2_PLACEMENT_3D('',#12458,#7564,#7565);
#6669=AXIS2_PLACEMENT_3D('',#12459,#7566,#7567);
#6670=AXIS2_PLACEMENT_3D('',#12461,#7568,#7569);
#6671=AXIS2_PLACEMENT_3D('',#12464,#7571,#7572);
#6672=AXIS2_PLACEMENT_3D('',#12465,#7573,#7574);
#6673=AXIS2_PLACEMENT_3D('',#12467,#7575,#7576);
#6674=AXIS2_PLACEMENT_3D('',#12468,#7577,#7578);
#6675=AXIS2_PLACEMENT_3D('',#12470,#7579,#7580);
#6676=AXIS2_PLACEMENT_3D('',#12473,#7582,#7583);
#6677=AXIS2_PLACEMENT_3D('',#12474,#7584,#7585);
#6678=AXIS2_PLACEMENT_3D('',#12476,#7586,#7587);
#6679=AXIS2_PLACEMENT_3D('',#12477,#7588,#7589);
#6680=AXIS2_PLACEMENT_3D('',#12479,#7591,#7592);
#6681=AXIS2_PLACEMENT_3D('',#12481,#7594,#7595);
#6682=AXIS2_PLACEMENT_3D('',#12483,#7597,#7598);
#6683=AXIS2_PLACEMENT_3D('',#12485,#7600,#7601);
#6684=AXIS2_PLACEMENT_3D('',#12488,#7602,#7603);
#6685=AXIS2_PLACEMENT_3D('',#12494,#7606,#7607);
#6686=AXIS2_PLACEMENT_3D('',#12502,#7611,#7612);
#6687=AXIS2_PLACEMENT_3D('',#12506,#7614,#7615);
#6688=AXIS2_PLACEMENT_3D('',#12510,#7617,#7618);
#6689=AXIS2_PLACEMENT_3D('',#12513,#7620,#7621);
#6690=AXIS2_PLACEMENT_3D('',#12514,#7622,#7623);
#6691=AXIS2_PLACEMENT_3D('',#12517,#7626,#7627);
#6692=AXIS2_PLACEMENT_3D('',#12519,#7629,#7630);
#6693=AXIS2_PLACEMENT_3D('',#12521,#7632,#7633);
#6694=AXIS2_PLACEMENT_3D('',#12523,#7635,#7636);
#6695=AXIS2_PLACEMENT_3D('',#12525,#7638,#7639);
#6696=AXIS2_PLACEMENT_3D('',#12526,#7640,#7641);
#6697=AXIS2_PLACEMENT_3D('',#12527,#7642,#7643);
#6698=AXIS2_PLACEMENT_3D('',#12530,#7644,#7645);
#6699=AXIS2_PLACEMENT_3D('',#12533,#7648,#7649);
#6700=AXIS2_PLACEMENT_3D('',#12537,#7652,#7653);
#6701=AXIS2_PLACEMENT_3D('',#12541,#7656,#7657);
#6702=AXIS2_PLACEMENT_3D('',#12543,#7658,#7659);
#6703=AXIS2_PLACEMENT_3D('',#12545,#7661,#7662);
#6704=AXIS2_PLACEMENT_3D('',#12549,#7665,#7666);
#6705=AXIS2_PLACEMENT_3D('',#12551,#7668,#7669);
#6706=AXIS2_PLACEMENT_3D('',#12557,#7673,#7674);
#6707=AXIS2_PLACEMENT_3D('',#12559,#7675,#7676);
#6708=AXIS2_PLACEMENT_3D('',#12561,#7678,#7679);
#6709=AXIS2_PLACEMENT_3D('',#12565,#7682,#7683);
#6710=AXIS2_PLACEMENT_3D('',#12567,#7684,#7685);
#6711=AXIS2_PLACEMENT_3D('',#12569,#7687,#7688);
#6712=AXIS2_PLACEMENT_3D('',#12573,#7691,#7692);
#6713=AXIS2_PLACEMENT_3D('',#12575,#7693,#7694);
#6714=AXIS2_PLACEMENT_3D('',#12577,#7696,#7697);
#6715=AXIS2_PLACEMENT_3D('',#12581,#7700,#7701);
#6716=AXIS2_PLACEMENT_3D('',#12582,#7702,#7703);
#6717=AXIS2_PLACEMENT_3D('',#12583,#7704,#7705);
#6718=DIRECTION('axis',(0.,0.,1.));
#6719=DIRECTION('refdir',(1.,0.,0.));
#6720=DIRECTION('center_axis',(1.,0.,0.));
#6721=DIRECTION('ref_axis',(0.,0.,1.));
#6722=DIRECTION('',(0.,0.,1.));
#6723=DIRECTION('',(0.,-1.,0.));
#6724=DIRECTION('',(0.,0.,1.));
#6725=DIRECTION('',(0.,-1.,0.));
#6726=DIRECTION('center_axis',(0.,0.,-1.));
#6727=DIRECTION('ref_axis',(1.,0.,0.));
#6728=DIRECTION('',(1.,0.,0.));
#6729=DIRECTION('',(0.,-1.,0.));
#6730=DIRECTION('',(1.,0.,0.));
#6731=DIRECTION('center_axis',(1.,0.,0.));
#6732=DIRECTION('ref_axis',(0.,0.,1.));
#6733=DIRECTION('',(0.,0.,1.));
#6734=DIRECTION('',(0.,-1.,0.));
#6735=DIRECTION('',(0.,0.,1.));
#6736=DIRECTION('',(0.,-1.,0.));
#6737=DIRECTION('',(0.,-1.,0.));
#6738=DIRECTION('center_axis',(-1.,0.,0.));
#6739=DIRECTION('ref_axis',(0.,0.,-1.));
#6740=DIRECTION('',(0.,0.,-1.));
#6741=DIRECTION('',(0.,-1.,0.));
#6742=DIRECTION('',(0.,0.,-1.));
#6743=DIRECTION('center_axis',(0.,0.,1.));
#6744=DIRECTION('ref_axis',(-1.,0.,0.));
#6745=DIRECTION('',(-1.,0.,0.));
#6746=DIRECTION('',(0.,-1.,0.));
#6747=DIRECTION('',(-1.,0.,0.));
#6748=DIRECTION('center_axis',(0.995262495265004,0.,0.0972243051858844));
#6749=DIRECTION('ref_axis',(-0.0972243051858843,0.,0.995262495265004));
#6750=DIRECTION('',(-0.0972243051858843,0.,0.995262495265004));
#6751=DIRECTION('',(0.,-1.,0.));
#6752=DIRECTION('',(-0.0972243051858843,0.,0.995262495265004));
#6753=DIRECTION('',(0.,-1.,0.));
#6754=DIRECTION('',(0.,-1.,0.));
#6755=DIRECTION('',(0.,-1.,0.));
#6756=DIRECTION('',(0.,-1.,0.));
#6757=DIRECTION('center_axis',(0.986285107702486,0.,-0.16505055687363));
#6758=DIRECTION('ref_axis',(0.16505055687363,0.,0.986285107702486));
#6759=DIRECTION('',(0.16505055687363,0.,0.986285107702486));
#6760=DIRECTION('',(0.,-1.,0.));
#6761=DIRECTION('',(0.16505055687363,0.,0.986285107702486));
#6762=DIRECTION('center_axis',(0.,0.,-1.));
#6763=DIRECTION('ref_axis',(1.,0.,0.));
#6764=DIRECTION('',(1.,0.,0.));
#6765=DIRECTION('',(0.,-1.,0.));
#6766=DIRECTION('',(1.,0.,0.));
#6767=DIRECTION('center_axis',(-1.,0.,0.));
#6768=DIRECTION('ref_axis',(0.,0.,-1.));
#6769=DIRECTION('',(0.,0.,-1.));
#6770=DIRECTION('',(0.,-1.,0.));
#6771=DIRECTION('',(0.,0.,-1.));
#6772=DIRECTION('center_axis',(0.,0.,1.));
#6773=DIRECTION('ref_axis',(-1.,0.,0.));
#6774=DIRECTION('',(-1.,0.,0.));
#6775=DIRECTION('',(0.,-1.,0.));
#6776=DIRECTION('',(-1.,0.,0.));
#6777=DIRECTION('center_axis',(-1.,0.,0.));
#6778=DIRECTION('ref_axis',(0.,0.,-1.));
#6779=DIRECTION('',(0.,0.,-1.));
#6780=DIRECTION('',(0.,-1.,0.));
#6781=DIRECTION('',(0.,0.,-1.));
#6782=DIRECTION('center_axis',(0.,0.,-1.));
#6783=DIRECTION('ref_axis',(1.,0.,0.));
#6784=DIRECTION('',(1.,0.,0.));
#6785=DIRECTION('',(0.,-1.,0.));
#6786=DIRECTION('',(1.,0.,0.));
#6787=DIRECTION('center_axis',(-1.,0.,0.));
#6788=DIRECTION('ref_axis',(0.,0.,-1.));
#6789=DIRECTION('',(0.,0.,-1.));
#6790=DIRECTION('',(0.,-1.,0.));
#6791=DIRECTION('',(0.,0.,-1.));
#6792=DIRECTION('center_axis',(0.,0.,1.));
#6793=DIRECTION('ref_axis',(-1.,0.,0.));
#6794=DIRECTION('',(-1.,0.,0.));
#6795=DIRECTION('',(-1.,0.,0.));
#6796=DIRECTION('center_axis',(0.,1.,0.));
#6797=DIRECTION('ref_axis',(-1.,0.,0.));
#6798=DIRECTION('center_axis',(-0.955374649140879,0.,-0.295396817482759));
#6799=DIRECTION('ref_axis',(0.295396817482759,0.,-0.955374649140879));
#6800=DIRECTION('',(0.295396817482759,0.,-0.955374649140879));
#6801=DIRECTION('',(0.,-1.,0.));
#6802=DIRECTION('',(0.295396817482759,0.,-0.955374649140879));
#6803=DIRECTION('',(0.,-1.,0.));
#6804=DIRECTION('center_axis',(0.955683944022359,0.,-0.29439463163901));
#6805=DIRECTION('ref_axis',(0.29439463163901,0.,0.955683944022359));
#6806=DIRECTION('',(0.29439463163901,0.,0.955683944022359));
#6807=DIRECTION('',(0.,-1.,0.));
#6808=DIRECTION('',(0.29439463163901,0.,0.955683944022359));
#6809=DIRECTION('center_axis',(0.,0.,-1.));
#6810=DIRECTION('ref_axis',(1.,0.,0.));
#6811=DIRECTION('',(1.,0.,0.));
#6812=DIRECTION('',(0.,-1.,0.));
#6813=DIRECTION('',(1.,0.,0.));
#6814=DIRECTION('center_axis',(-0.943188033309172,0.,0.332259437521912));
#6815=DIRECTION('ref_axis',(-0.332259437521912,0.,-0.943188033309171));
#6816=DIRECTION('',(-0.332259437521912,0.,-0.943188033309171));
#6817=DIRECTION('',(0.,-1.,0.));
#6818=DIRECTION('',(-0.332259437521912,0.,-0.943188033309171));
#6819=DIRECTION('center_axis',(0.,0.,1.));
#6820=DIRECTION('ref_axis',(-1.,0.,0.));
#6821=DIRECTION('',(-1.,0.,0.));
#6822=DIRECTION('',(0.,-1.,0.));
#6823=DIRECTION('',(-1.,0.,0.));
#6824=DIRECTION('center_axis',(0.943188033309172,0.,0.332259437521912));
#6825=DIRECTION('ref_axis',(-0.332259437521912,0.,0.943188033309171));
#6826=DIRECTION('',(-0.332259437521912,0.,0.943188033309171));
#6827=DIRECTION('',(0.,-1.,0.));
#6828=DIRECTION('',(-0.332259437521912,0.,0.943188033309171));
#6829=DIRECTION('center_axis',(0.,0.,-1.));
#6830=DIRECTION('ref_axis',(1.,0.,0.));
#6831=DIRECTION('',(1.,0.,0.));
#6832=DIRECTION('',(1.,0.,0.));
#6833=DIRECTION('center_axis',(0.,-1.,0.));
#6834=DIRECTION('ref_axis',(0.,0.,-1.));
#6835=DIRECTION('center_axis',(-1.,0.,0.));
#6836=DIRECTION('ref_axis',(0.,0.,-1.));
#6837=DIRECTION('',(0.,0.,-1.));
#6838=DIRECTION('',(0.,-1.,0.));
#6839=DIRECTION('',(0.,0.,-1.));
#6840=DIRECTION('',(0.,-1.,0.));
#6841=DIRECTION('center_axis',(0.,0.,1.));
#6842=DIRECTION('ref_axis',(-1.,0.,0.));
#6843=DIRECTION('',(-1.,0.,0.));
#6844=DIRECTION('',(0.,-1.,0.));
#6845=DIRECTION('',(-1.,0.,0.));
#6846=DIRECTION('center_axis',(-1.,0.,0.));
#6847=DIRECTION('ref_axis',(0.,0.,-1.));
#6848=DIRECTION('',(0.,0.,-1.));
#6849=DIRECTION('',(0.,-1.,0.));
#6850=DIRECTION('',(0.,0.,-1.));
#6851=DIRECTION('center_axis',(0.,0.,-1.));
#6852=DIRECTION('ref_axis',(1.,0.,0.));
#6853=DIRECTION('',(1.,0.,0.));
#6854=DIRECTION('',(0.,-1.,0.));
#6855=DIRECTION('',(1.,0.,0.));
#6856=DIRECTION('center_axis',(-1.,0.,0.));
#6857=DIRECTION('ref_axis',(0.,0.,-1.));
#6858=DIRECTION('',(0.,0.,-1.));
#6859=DIRECTION('',(0.,-1.,0.));
#6860=DIRECTION('',(0.,0.,-1.));
#6861=DIRECTION('center_axis',(0.,0.,1.));
#6862=DIRECTION('ref_axis',(-1.,0.,0.));
#6863=DIRECTION('',(-1.,0.,0.));
#6864=DIRECTION('',(0.,-1.,0.));
#6865=DIRECTION('',(-1.,0.,0.));
#6866=DIRECTION('center_axis',(1.,0.,0.));
#6867=DIRECTION('ref_axis',(0.,0.,1.));
#6868=DIRECTION('',(0.,0.,1.));
#6869=DIRECTION('',(0.,-1.,0.));
#6870=DIRECTION('',(0.,0.,1.));
#6871=DIRECTION('center_axis',(0.,0.,-1.));
#6872=DIRECTION('ref_axis',(1.,0.,0.));
#6873=DIRECTION('',(1.,0.,0.));
#6874=DIRECTION('',(0.,-1.,0.));
#6875=DIRECTION('',(1.,0.,0.));
#6876=DIRECTION('center_axis',(1.,0.,0.));
#6877=DIRECTION('ref_axis',(0.,0.,1.));
#6878=DIRECTION('',(0.,0.,1.));
#6879=DIRECTION('',(0.,-1.,0.));
#6880=DIRECTION('',(0.,0.,1.));
#6881=DIRECTION('center_axis',(0.,0.,-1.));
#6882=DIRECTION('ref_axis',(1.,0.,0.));
#6883=DIRECTION('',(1.,0.,0.));
#6884=DIRECTION('',(1.,0.,0.));
#6885=DIRECTION('center_axis',(0.,-1.,0.));
#6886=DIRECTION('ref_axis',(0.,0.,-1.));
#6887=DIRECTION('center_axis',(-0.957826273174451,0.,-0.287347925722012));
#6888=DIRECTION('ref_axis',(0.287347925722012,0.,-0.957826273174451));
#6889=DIRECTION('',(0.287347925722012,0.,-0.957826273174451));
#6890=DIRECTION('',(0.,-1.,0.));
#6891=DIRECTION('',(0.287347925722012,0.,-0.957826273174451));
#6892=DIRECTION('',(0.,-1.,0.));
#6893=DIRECTION('center_axis',(0.958991378733022,0.,-0.283435240426695));
#6894=DIRECTION('ref_axis',(0.283435240426695,0.,0.958991378733021));
#6895=DIRECTION('',(0.283435240426695,0.,0.958991378733021));
#6896=DIRECTION('',(0.,-1.,0.));
#6897=DIRECTION('',(0.283435240426695,0.,0.958991378733021));
#6898=DIRECTION('center_axis',(0.,0.,-1.));
#6899=DIRECTION('ref_axis',(1.,0.,0.));
#6900=DIRECTION('',(1.,0.,0.));
#6901=DIRECTION('',(0.,-1.,0.));
#6902=DIRECTION('',(1.,0.,0.));
#6903=DIRECTION('center_axis',(-0.947600895617524,0.,0.319456636532827));
#6904=DIRECTION('ref_axis',(-0.319456636532827,0.,-0.947600895617524));
#6905=DIRECTION('',(-0.319456636532827,0.,-0.947600895617524));
#6906=DIRECTION('',(0.,-1.,0.));
#6907=DIRECTION('',(-0.319456636532827,0.,-0.947600895617524));
#6908=DIRECTION('center_axis',(0.,0.,1.));
#6909=DIRECTION('ref_axis',(-1.,0.,0.));
#6910=DIRECTION('',(-1.,0.,0.));
#6911=DIRECTION('',(0.,-1.,0.));
#6912=DIRECTION('',(-1.,0.,0.));
#6913=DIRECTION('',(0.,-1.,0.));
#6914=DIRECTION('',(0.,-1.,0.));
#6915=DIRECTION('',(0.,-1.,0.));
#6916=DIRECTION('center_axis',(-0.985426592179018,0.,0.170101238756359));
#6917=DIRECTION('ref_axis',(-0.170101238756359,0.,-0.985426592179018));
#6918=DIRECTION('',(-0.170101238756359,0.,-0.985426592179018));
#6919=DIRECTION('',(0.,-1.,0.));
#6920=DIRECTION('',(-0.170101238756359,0.,-0.985426592179018));
#6921=DIRECTION('',(0.,-1.,0.));
#6922=DIRECTION('',(0.,-1.,0.));
#6923=DIRECTION('',(0.,-1.,0.));
#6924=DIRECTION('center_axis',(0.945789542059002,0.,0.324780144300452));
#6925=DIRECTION('ref_axis',(-0.324780144300452,0.,0.945789542059002));
#6926=DIRECTION('',(-0.324780144300452,0.,0.945789542059002));
#6927=DIRECTION('',(0.,-1.,0.));
#6928=DIRECTION('',(-0.324780144300452,0.,0.945789542059002));
#6929=DIRECTION('center_axis',(0.,0.,-1.));
#6930=DIRECTION('ref_axis',(1.,0.,0.));
#6931=DIRECTION('',(1.,0.,0.));
#6932=DIRECTION('',(1.,0.,0.));
#6933=DIRECTION('center_axis',(0.,1.,0.));
#6934=DIRECTION('ref_axis',(-1.,0.,0.));
#6935=DIRECTION('center_axis',(-1.,0.,0.));
#6936=DIRECTION('ref_axis',(0.,0.,-1.));
#6937=DIRECTION('',(0.,0.,-1.));
#6938=DIRECTION('',(0.,-1.,0.));
#6939=DIRECTION('',(0.,0.,-1.));
#6940=DIRECTION('',(0.,-1.,0.));
#6941=DIRECTION('center_axis',(0.,0.,1.));
#6942=DIRECTION('ref_axis',(-1.,0.,0.));
#6943=DIRECTION('',(-1.,0.,0.));
#6944=DIRECTION('',(0.,-1.,0.));
#6945=DIRECTION('',(-1.,0.,0.));
#6946=DIRECTION('center_axis',(1.,0.,0.));
#6947=DIRECTION('ref_axis',(0.,0.,1.));
#6948=DIRECTION('',(0.,0.,1.));
#6949=DIRECTION('',(0.,-1.,0.));
#6950=DIRECTION('',(0.,0.,1.));
#6951=DIRECTION('',(0.,-1.,0.));
#6952=DIRECTION('',(0.,-1.,0.));
#6953=DIRECTION('',(0.,-1.,0.));
#6954=DIRECTION('',(0.,-1.,0.));
#6955=DIRECTION('center_axis',(-1.,0.,0.));
#6956=DIRECTION('ref_axis',(0.,0.,-1.));
#6957=DIRECTION('',(0.,0.,-1.));
#6958=DIRECTION('',(0.,-1.,0.));
#6959=DIRECTION('',(0.,0.,-1.));
#6960=DIRECTION('center_axis',(0.,0.,1.));
#6961=DIRECTION('ref_axis',(-1.,0.,0.));
#6962=DIRECTION('',(-1.,0.,0.));
#6963=DIRECTION('',(0.,-1.,0.));
#6964=DIRECTION('',(-1.,0.,0.));
#6965=DIRECTION('center_axis',(1.,0.,0.));
#6966=DIRECTION('ref_axis',(0.,0.,1.));
#6967=DIRECTION('',(0.,0.,1.));
#6968=DIRECTION('',(0.,-1.,0.));
#6969=DIRECTION('',(0.,0.,1.));
#6970=DIRECTION('',(0.,-1.,0.));
#6971=DIRECTION('',(0.,-1.,0.));
#6972=DIRECTION('',(0.,-1.,0.));
#6973=DIRECTION('',(0.,-1.,0.));
#6974=DIRECTION('center_axis',(1.,0.,0.));
#6975=DIRECTION('ref_axis',(0.,0.,1.));
#6976=DIRECTION('',(0.,0.,1.));
#6977=DIRECTION('',(0.,-1.,0.));
#6978=DIRECTION('',(0.,0.,1.));
#6979=DIRECTION('center_axis',(-0.106533381473348,0.,-0.994309126294159));
#6980=DIRECTION('ref_axis',(0.994309126294159,0.,-0.106533381473348));
#6981=DIRECTION('',(0.994309126294159,0.,-0.106533381473348));
#6982=DIRECTION('',(0.994309126294159,0.,-0.106533381473348));
#6983=DIRECTION('center_axis',(0.,1.,0.));
#6984=DIRECTION('ref_axis',(-1.,0.,0.));
#6985=DIRECTION('center_axis',(-1.,0.,0.));
#6986=DIRECTION('ref_axis',(0.,0.,-1.));
#6987=DIRECTION('',(0.,0.,-1.));
#6988=DIRECTION('',(0.,-1.,0.));
#6989=DIRECTION('',(0.,0.,-1.));
#6990=DIRECTION('',(0.,-1.,0.));
#6991=DIRECTION('center_axis',(0.,0.,1.));
#6992=DIRECTION('ref_axis',(-1.,0.,0.));
#6993=DIRECTION('',(-1.,0.,0.));
#6994=DIRECTION('',(0.,-1.,0.));
#6995=DIRECTION('',(-1.,0.,0.));
#6996=DIRECTION('center_axis',(-1.,0.,0.));
#6997=DIRECTION('ref_axis',(0.,0.,-1.));
#6998=DIRECTION('',(0.,0.,-1.));
#6999=DIRECTION('',(0.,-1.,0.));
#7000=DIRECTION('',(0.,0.,-1.));
#7001=DIRECTION('',(0.,-1.,0.));
#7002=DIRECTION('',(0.,-1.,0.));
#7003=DIRECTION('',(0.,-1.,0.));
#7004=DIRECTION('',(0.,-1.,0.));
#7005=DIRECTION('center_axis',(0.939263649714259,0.,-0.343196439849615));
#7006=DIRECTION('ref_axis',(0.343196439849615,0.,0.939263649714259));
#7007=DIRECTION('',(0.343196439849615,0.,0.939263649714259));
#7008=DIRECTION('',(0.,-1.,0.));
#7009=DIRECTION('',(0.343196439849615,0.,0.939263649714259));
#7010=DIRECTION('',(0.,-1.,0.));
#7011=DIRECTION('',(0.,-1.,0.));
#7012=DIRECTION('',(0.,-1.,0.));
#7013=DIRECTION('',(0.,-1.,0.));
#7014=DIRECTION('center_axis',(1.,0.,0.));
#7015=DIRECTION('ref_axis',(0.,0.,1.));
#7016=DIRECTION('',(0.,0.,1.));
#7017=DIRECTION('',(0.,-1.,0.));
#7018=DIRECTION('',(0.,0.,1.));
#7019=DIRECTION('center_axis',(0.,0.,-1.));
#7020=DIRECTION('ref_axis',(1.,0.,0.));
#7021=DIRECTION('',(1.,0.,0.));
#7022=DIRECTION('',(1.,0.,0.));
#7023=DIRECTION('center_axis',(0.,1.,0.));
#7024=DIRECTION('ref_axis',(-1.,0.,0.));
#7025=DIRECTION('',(0.,-1.,0.));
#7026=DIRECTION('',(0.,-1.,0.));
#7027=DIRECTION('center_axis',(0.,0.,-1.));
#7028=DIRECTION('ref_axis',(1.,0.,0.));
#7029=DIRECTION('',(1.,0.,0.));
#7030=DIRECTION('',(0.,-1.,0.));
#7031=DIRECTION('',(1.,0.,0.));
#7032=DIRECTION('',(0.,-1.,0.));
#7033=DIRECTION('',(0.,-1.,0.));
#7034=DIRECTION('',(0.,-1.,0.));
#7035=DIRECTION('',(0.,-1.,0.));
#7036=DIRECTION('',(0.,-1.,0.));
#7037=DIRECTION('',(0.,-1.,0.));
#7038=DIRECTION('',(0.,-1.,0.));
#7039=DIRECTION('',(0.,-1.,0.));
#7040=DIRECTION('',(0.,-1.,0.));
#7041=DIRECTION('',(0.,-1.,0.));
#7042=DIRECTION('',(0.,-1.,0.));
#7043=DIRECTION('',(0.,-1.,0.));
#7044=DIRECTION('',(0.,-1.,0.));
#7045=DIRECTION('',(0.,-1.,0.));
#7046=DIRECTION('',(0.,-1.,0.));
#7047=DIRECTION('center_axis',(0.81004312849162,0.,-0.586370301075616));
#7048=DIRECTION('ref_axis',(0.586370301075616,0.,0.81004312849162));
#7049=DIRECTION('',(0.586370301075616,0.,0.81004312849162));
#7050=DIRECTION('',(0.,-1.,0.));
#7051=DIRECTION('',(0.586370301075616,0.,0.81004312849162));
#7052=DIRECTION('',(0.,-1.,0.));
#7053=DIRECTION('',(0.,-1.,0.));
#7054=DIRECTION('',(0.,-1.,0.));
#7055=DIRECTION('',(0.,-1.,0.));
#7056=DIRECTION('center_axis',(0.,0.,1.));
#7057=DIRECTION('ref_axis',(-1.,0.,0.));
#7058=DIRECTION('',(-1.,0.,0.));
#7059=DIRECTION('',(-1.,0.,0.));
#7060=DIRECTION('center_axis',(0.,1.,0.));
#7061=DIRECTION('ref_axis',(-1.,0.,0.));
#7062=DIRECTION('center_axis',(-0.955374521683981,0.,-0.295397229704519));
#7063=DIRECTION('ref_axis',(0.295397229704519,0.,-0.955374521683981));
#7064=DIRECTION('',(0.295397229704519,0.,-0.955374521683981));
#7065=DIRECTION('',(0.,-1.,0.));
#7066=DIRECTION('',(0.295397229704519,0.,-0.955374521683981));
#7067=DIRECTION('',(0.,-1.,0.));
#7068=DIRECTION('center_axis',(0.955684071128953,0.,-0.294394219016595));
#7069=DIRECTION('ref_axis',(0.294394219016595,0.,0.955684071128953));
#7070=DIRECTION('',(0.294394219016595,0.,0.955684071128953));
#7071=DIRECTION('',(0.,-1.,0.));
#7072=DIRECTION('',(0.294394219016595,0.,0.955684071128953));
#7073=DIRECTION('center_axis',(0.,0.,-1.));
#7074=DIRECTION('ref_axis',(1.,0.,0.));
#7075=DIRECTION('',(1.,0.,0.));
#7076=DIRECTION('',(0.,-1.,0.));
#7077=DIRECTION('',(1.,0.,0.));
#7078=DIRECTION('center_axis',(-0.94318791819223,0.,0.33225976430529));
#7079=DIRECTION('ref_axis',(-0.332259764305289,0.,-0.94318791819223));
#7080=DIRECTION('',(-0.332259764305289,0.,-0.94318791819223));
#7081=DIRECTION('',(0.,-1.,0.));
#7082=DIRECTION('',(-0.332259764305289,0.,-0.94318791819223));
#7083=DIRECTION('center_axis',(0.,0.,1.));
#7084=DIRECTION('ref_axis',(-1.,0.,0.));
#7085=DIRECTION('',(-1.,0.,0.));
#7086=DIRECTION('',(0.,-1.,0.));
#7087=DIRECTION('',(-1.,0.,0.));
#7088=DIRECTION('center_axis',(0.94318791819223,0.,0.33225976430529));
#7089=DIRECTION('ref_axis',(-0.332259764305289,0.,0.94318791819223));
#7090=DIRECTION('',(-0.332259764305289,0.,0.94318791819223));
#7091=DIRECTION('',(0.,-1.,0.));
#7092=DIRECTION('',(-0.332259764305289,0.,0.94318791819223));
#7093=DIRECTION('center_axis',(0.,0.,-1.));
#7094=DIRECTION('ref_axis',(1.,0.,0.));
#7095=DIRECTION('',(1.,0.,0.));
#7096=DIRECTION('',(1.,0.,0.));
#7097=DIRECTION('center_axis',(0.,-1.,0.));
#7098=DIRECTION('ref_axis',(0.,0.,-1.));
#7099=DIRECTION('center_axis',(1.,0.,0.));
#7100=DIRECTION('ref_axis',(0.,0.,1.));
#7101=DIRECTION('',(0.,0.,1.));
#7102=DIRECTION('',(0.,-1.,0.));
#7103=DIRECTION('',(0.,0.,1.));
#7104=DIRECTION('',(0.,-1.,0.));
#7105=DIRECTION('center_axis',(0.,0.,-1.));
#7106=DIRECTION('ref_axis',(1.,0.,0.));
#7107=DIRECTION('',(1.,0.,0.));
#7108=DIRECTION('',(0.,-1.,0.));
#7109=DIRECTION('',(1.,0.,0.));
#7110=DIRECTION('center_axis',(1.,0.,0.));
#7111=DIRECTION('ref_axis',(0.,0.,1.));
#7112=DIRECTION('',(0.,0.,1.));
#7113=DIRECTION('',(0.,-1.,0.));
#7114=DIRECTION('',(0.,0.,1.));
#7115=DIRECTION('',(0.,-1.,0.));
#7116=DIRECTION('',(0.,-1.,0.));
#7117=DIRECTION('center_axis',(-1.,0.,0.));
#7118=DIRECTION('ref_axis',(0.,0.,-1.));
#7119=DIRECTION('',(0.,0.,-1.));
#7120=DIRECTION('',(0.,-1.,0.));
#7121=DIRECTION('',(0.,0.,-1.));
#7122=DIRECTION('center_axis',(0.,0.,1.));
#7123=DIRECTION('ref_axis',(-1.,0.,0.));
#7124=DIRECTION('',(-1.,0.,0.));
#7125=DIRECTION('',(0.,-1.,0.));
#7126=DIRECTION('',(-1.,0.,0.));
#7127=DIRECTION('center_axis',(0.995262597083618,0.,0.0972232628868828));
#7128=DIRECTION('ref_axis',(-0.0972232628868828,0.,0.995262597083618));
#7129=DIRECTION('',(-0.0972232628868828,0.,0.995262597083618));
#7130=DIRECTION('',(0.,-1.,0.));
#7131=DIRECTION('',(-0.0972232628868827,0.,0.995262597083618));
#7132=DIRECTION('',(0.,-1.,0.));
#7133=DIRECTION('',(0.,-1.,0.));
#7134=DIRECTION('',(0.,-1.,0.));
#7135=DIRECTION('',(0.,-1.,0.));
#7136=DIRECTION('center_axis',(0.986285646729912,0.,-0.165047335799641));
#7137=DIRECTION('ref_axis',(0.165047335799641,0.,0.986285646729912));
#7138=DIRECTION('',(0.165047335799641,0.,0.986285646729912));
#7139=DIRECTION('',(0.,-1.,0.));
#7140=DIRECTION('',(0.165047335799641,0.,0.986285646729912));
#7141=DIRECTION('center_axis',(0.,0.,-1.));
#7142=DIRECTION('ref_axis',(1.,0.,0.));
#7143=DIRECTION('',(1.,0.,0.));
#7144=DIRECTION('',(0.,-1.,0.));
#7145=DIRECTION('',(1.,0.,0.));
#7146=DIRECTION('center_axis',(-1.,0.,0.));
#7147=DIRECTION('ref_axis',(0.,0.,-1.));
#7148=DIRECTION('',(0.,0.,-1.));
#7149=DIRECTION('',(0.,-1.,0.));
#7150=DIRECTION('',(0.,0.,-1.));
#7151=DIRECTION('center_axis',(0.,0.,1.));
#7152=DIRECTION('ref_axis',(-1.,0.,0.));
#7153=DIRECTION('',(-1.,0.,0.));
#7154=DIRECTION('',(0.,-1.,0.));
#7155=DIRECTION('',(-1.,0.,0.));
#7156=DIRECTION('center_axis',(-1.,0.,0.));
#7157=DIRECTION('ref_axis',(0.,0.,-1.));
#7158=DIRECTION('',(0.,0.,-1.));
#7159=DIRECTION('',(0.,-1.,0.));
#7160=DIRECTION('',(0.,0.,-1.));
#7161=DIRECTION('center_axis',(0.,0.,-1.));
#7162=DIRECTION('ref_axis',(1.,0.,0.));
#7163=DIRECTION('',(1.,0.,0.));
#7164=DIRECTION('',(0.,-1.,0.));
#7165=DIRECTION('',(1.,0.,0.));
#7166=DIRECTION('center_axis',(-1.,0.,0.));
#7167=DIRECTION('ref_axis',(0.,0.,-1.));
#7168=DIRECTION('',(0.,0.,-1.));
#7169=DIRECTION('',(0.,-1.,0.));
#7170=DIRECTION('',(0.,0.,-1.));
#7171=DIRECTION('center_axis',(0.,0.,1.));
#7172=DIRECTION('ref_axis',(-1.,0.,0.));
#7173=DIRECTION('',(-1.,0.,0.));
#7174=DIRECTION('',(-1.,0.,0.));
#7175=DIRECTION('center_axis',(0.,1.,0.));
#7176=DIRECTION('ref_axis',(-1.,0.,0.));
#7177=DIRECTION('',(0.,-1.,0.));
#7178=DIRECTION('',(0.,-1.,0.));
#7179=DIRECTION('center_axis',(-1.,0.,0.));
#7180=DIRECTION('ref_axis',(0.,0.,-1.));
#7181=DIRECTION('',(0.,0.,-1.));
#7182=DIRECTION('',(0.,-1.,0.));
#7183=DIRECTION('',(0.,0.,-1.));
#7184=DIRECTION('',(0.,-1.,0.));
#7185=DIRECTION('',(0.,-1.,0.));
#7186=DIRECTION('',(0.,-1.,0.));
#7187=DIRECTION('',(0.,-1.,0.));
#7188=DIRECTION('',(0.,-1.,0.));
#7189=DIRECTION('',(0.,-1.,0.));
#7190=DIRECTION('',(0.,-1.,0.));
#7191=DIRECTION('',(0.,-1.,0.));
#7192=DIRECTION('',(0.,-1.,0.));
#7193=DIRECTION('',(0.,-1.,0.));
#7194=DIRECTION('',(0.,-1.,0.));
#7195=DIRECTION('',(0.,-1.,0.));
#7196=DIRECTION('',(0.,-1.,0.));
#7197=DIRECTION('',(0.,-1.,0.));
#7198=DIRECTION('',(0.,-1.,0.));
#7199=DIRECTION('',(0.,-1.,0.));
#7200=DIRECTION('center_axis',(-0.992510893778621,0.,0.122156153061409));
#7201=DIRECTION('ref_axis',(-0.122156153061409,0.,-0.992510893778621));
#7202=DIRECTION('',(-0.122156153061409,0.,-0.992510893778621));
#7203=DIRECTION('',(0.,-1.,0.));
#7204=DIRECTION('',(-0.122156153061409,0.,-0.992510893778621));
#7205=DIRECTION('center_axis',(0.,0.,1.));
#7206=DIRECTION('ref_axis',(-1.,0.,0.));
#7207=DIRECTION('',(-1.,0.,0.));
#7208=DIRECTION('',(0.,-1.,0.));
#7209=DIRECTION('',(-1.,0.,0.));
#7210=DIRECTION('center_axis',(1.,0.,0.));
#7211=DIRECTION('ref_axis',(0.,0.,1.));
#7212=DIRECTION('',(0.,0.,1.));
#7213=DIRECTION('',(0.,-1.,0.));
#7214=DIRECTION('',(0.,0.,1.));
#7215=DIRECTION('center_axis',(0.110918375415695,0.,-0.993829519583285));
#7216=DIRECTION('ref_axis',(0.993829519583285,0.,0.110918375415695));
#7217=DIRECTION('',(0.993829519583285,0.,0.110918375415695));
#7218=DIRECTION('',(0.,-1.,0.));
#7219=DIRECTION('',(0.993829519583285,0.,0.110918375415695));
#7220=DIRECTION('center_axis',(-1.,0.,0.));
#7221=DIRECTION('ref_axis',(0.,0.,-1.));
#7222=DIRECTION('',(0.,0.,-1.));
#7223=DIRECTION('',(0.,0.,-1.));
#7224=DIRECTION('center_axis',(0.,1.,0.));
#7225=DIRECTION('ref_axis',(-1.,0.,0.));
#7226=DIRECTION('',(0.,-1.,0.));
#7227=DIRECTION('',(0.,-1.,0.));
#7228=DIRECTION('',(0.,-1.,0.));
#7229=DIRECTION('',(0.,-1.,0.));
#7230=DIRECTION('',(0.,-1.,0.));
#7231=DIRECTION('',(0.,-1.,0.));
#7232=DIRECTION('',(0.,-1.,0.));
#7233=DIRECTION('',(0.,-1.,0.));
#7234=DIRECTION('',(0.,-1.,0.));
#7235=DIRECTION('',(0.,-1.,0.));
#7236=DIRECTION('',(0.,-1.,0.));
#7237=DIRECTION('',(0.,-1.,0.));
#7238=DIRECTION('',(0.,-1.,0.));
#7239=DIRECTION('',(0.,-1.,0.));
#7240=DIRECTION('',(0.,-1.,0.));
#7241=DIRECTION('',(0.,-1.,0.));
#7242=DIRECTION('',(0.,-1.,0.));
#7243=DIRECTION('',(0.,-1.,0.));
#7244=DIRECTION('center_axis',(0.,1.,0.));
#7245=DIRECTION('ref_axis',(-1.,0.,0.));
#7246=DIRECTION('center_axis',(1.,0.,0.));
#7247=DIRECTION('ref_axis',(0.,0.,1.));
#7248=DIRECTION('',(0.,0.,1.));
#7249=DIRECTION('',(0.,-1.,0.));
#7250=DIRECTION('',(0.,0.,1.));
#7251=DIRECTION('',(0.,-1.,0.));
#7252=DIRECTION('center_axis',(0.,0.,-1.));
#7253=DIRECTION('ref_axis',(1.,0.,0.));
#7254=DIRECTION('',(1.,0.,0.));
#7255=DIRECTION('',(0.,-1.,0.));
#7256=DIRECTION('',(1.,0.,0.));
#7257=DIRECTION('center_axis',(-0.522750575322814,0.,-0.852485680817964));
#7258=DIRECTION('ref_axis',(0.852485680817964,0.,-0.522750575322814));
#7259=DIRECTION('',(0.852485680817964,0.,-0.522750575322814));
#7260=DIRECTION('',(0.,-1.,0.));
#7261=DIRECTION('',(0.852485680817964,0.,-0.522750575322814));
#7262=DIRECTION('center_axis',(-0.853145655657762,0.,0.521672780804488));
#7263=DIRECTION('ref_axis',(-0.521672780804488,0.,-0.853145655657762));
#7264=DIRECTION('',(-0.521672780804488,0.,-0.853145655657762));
#7265=DIRECTION('',(0.,-1.,0.));
#7266=DIRECTION('',(-0.521672780804488,0.,-0.853145655657762));
#7267=DIRECTION('center_axis',(0.523942070875207,0.,0.851753900118455));
#7268=DIRECTION('ref_axis',(-0.851753900118455,0.,0.523942070875207));
#7269=DIRECTION('',(-0.851753900118455,0.,0.523942070875207));
#7270=DIRECTION('',(0.,-1.,0.));
#7271=DIRECTION('',(-0.851753900118455,0.,0.523942070875207));
#7272=DIRECTION('center_axis',(-1.,0.,0.));
#7273=DIRECTION('ref_axis',(0.,0.,-1.));
#7274=DIRECTION('',(0.,0.,-1.));
#7275=DIRECTION('',(0.,-1.,0.));
#7276=DIRECTION('',(0.,0.,-1.));
#7277=DIRECTION('center_axis',(0.,0.,-1.));
#7278=DIRECTION('ref_axis',(1.,0.,0.));
#7279=DIRECTION('',(1.,0.,0.));
#7280=DIRECTION('',(0.,-1.,0.));
#7281=DIRECTION('',(1.,0.,0.));
#7282=DIRECTION('center_axis',(-1.,0.,0.));
#7283=DIRECTION('ref_axis',(0.,0.,-1.));
#7284=DIRECTION('',(0.,0.,-1.));
#7285=DIRECTION('',(0.,-1.,0.));
#7286=DIRECTION('',(0.,0.,-1.));
#7287=DIRECTION('center_axis',(0.,0.,1.));
#7288=DIRECTION('ref_axis',(-1.,0.,0.));
#7289=DIRECTION('',(-1.,0.,0.));
#7290=DIRECTION('',(0.,-1.,0.));
#7291=DIRECTION('',(-1.,0.,0.));
#7292=DIRECTION('center_axis',(1.,0.,0.));
#7293=DIRECTION('ref_axis',(0.,0.,1.));
#7294=DIRECTION('',(0.,0.,1.));
#7295=DIRECTION('',(0.,-1.,0.));
#7296=DIRECTION('',(0.,0.,1.));
#7297=DIRECTION('center_axis',(0.,0.,-1.));
#7298=DIRECTION('ref_axis',(1.,0.,0.));
#7299=DIRECTION('',(1.,0.,0.));
#7300=DIRECTION('',(1.,0.,0.));
#7301=DIRECTION('center_axis',(0.,-1.,0.));
#7302=DIRECTION('ref_axis',(0.,0.,-1.));
#7303=DIRECTION('',(0.,-1.,0.));
#7304=DIRECTION('',(0.,-1.,0.));
#7305=DIRECTION('',(0.,-1.,0.));
#7306=DIRECTION('',(0.,-1.,0.));
#7307=DIRECTION('',(0.,-1.,0.));
#7308=DIRECTION('center_axis',(1.,0.,0.));
#7309=DIRECTION('ref_axis',(0.,0.,1.));
#7310=DIRECTION('',(0.,0.,1.));
#7311=DIRECTION('',(0.,-1.,0.));
#7312=DIRECTION('',(0.,0.,1.));
#7313=DIRECTION('center_axis',(0.,0.,1.));
#7314=DIRECTION('ref_axis',(-1.,0.,0.));
#7315=DIRECTION('',(-1.,0.,0.));
#7316=DIRECTION('',(0.,-1.,0.));
#7317=DIRECTION('',(-1.,0.,0.));
#7318=DIRECTION('center_axis',(0.988441367180813,0.,0.151603639948799));
#7319=DIRECTION('ref_axis',(-0.151603639948799,0.,0.988441367180813));
#7320=DIRECTION('',(-0.151603639948799,0.,0.988441367180813));
#7321=DIRECTION('',(0.,-1.,0.));
#7322=DIRECTION('',(-0.151603639948799,0.,0.988441367180813));
#7323=DIRECTION('center_axis',(0.,0.,-1.));
#7324=DIRECTION('ref_axis',(1.,0.,0.));
#7325=DIRECTION('',(1.,0.,0.));
#7326=DIRECTION('',(0.,-1.,0.));
#7327=DIRECTION('',(1.,0.,0.));
#7328=DIRECTION('center_axis',(1.,0.,0.));
#7329=DIRECTION('ref_axis',(0.,0.,1.));
#7330=DIRECTION('',(0.,0.,1.));
#7331=DIRECTION('',(0.,-1.,0.));
#7332=DIRECTION('',(0.,0.,1.));
#7333=DIRECTION('center_axis',(-0.119669486320085,0.,-0.992813786187464));
#7334=DIRECTION('ref_axis',(0.992813786187464,0.,-0.119669486320085));
#7335=DIRECTION('',(0.992813786187464,0.,-0.119669486320085));
#7336=DIRECTION('',(0.,-1.,0.));
#7337=DIRECTION('',(0.992813786187464,0.,-0.119669486320085));
#7338=DIRECTION('center_axis',(-1.,0.,0.));
#7339=DIRECTION('ref_axis',(0.,0.,-1.));
#7340=DIRECTION('',(0.,0.,-1.));
#7341=DIRECTION('',(0.,-1.,0.));
#7342=DIRECTION('',(0.,0.,-1.));
#7343=DIRECTION('center_axis',(0.,0.,-1.));
#7344=DIRECTION('ref_axis',(1.,0.,0.));
#7345=DIRECTION('',(1.,0.,0.));
#7346=DIRECTION('',(0.,-1.,0.));
#7347=DIRECTION('',(1.,0.,0.));
#7348=DIRECTION('center_axis',(-1.,0.,0.));
#7349=DIRECTION('ref_axis',(0.,0.,-1.));
#7350=DIRECTION('',(0.,0.,-1.));
#7351=DIRECTION('',(0.,-1.,0.));
#7352=DIRECTION('',(0.,0.,-1.));
#7353=DIRECTION('center_axis',(0.,0.,1.));
#7354=DIRECTION('ref_axis',(-1.,0.,0.));
#7355=DIRECTION('',(-1.,0.,0.));
#7356=DIRECTION('',(0.,-1.,0.));
#7357=DIRECTION('',(-1.,0.,0.));
#7358=DIRECTION('center_axis',(-1.,0.,0.));
#7359=DIRECTION('ref_axis',(0.,0.,-1.));
#7360=DIRECTION('',(0.,0.,-1.));
#7361=DIRECTION('',(0.,-1.,0.));
#7362=DIRECTION('',(0.,0.,-1.));
#7363=DIRECTION('',(0.,-1.,0.));
#7364=DIRECTION('',(0.,-1.,0.));
#7365=DIRECTION('',(0.,-1.,0.));
#7366=DIRECTION('',(0.,-1.,0.));
#7367=DIRECTION('center_axis',(0.877214999767127,0.,-0.480097744405824));
#7368=DIRECTION('ref_axis',(0.480097744405824,0.,0.877214999767127));
#7369=DIRECTION('',(0.480097744405824,0.,0.877214999767127));
#7370=DIRECTION('',(0.480097744405824,0.,0.877214999767127));
#7371=DIRECTION('center_axis',(0.,1.,0.));
#7372=DIRECTION('ref_axis',(-1.,0.,0.));
#7373=DIRECTION('',(0.,-1.,0.));
#7374=DIRECTION('',(0.,-1.,0.));
#7375=DIRECTION('',(0.,-1.,0.));
#7376=DIRECTION('',(0.,-1.,0.));
#7377=DIRECTION('',(0.,-1.,0.));
#7378=DIRECTION('',(0.,-1.,0.));
#7379=DIRECTION('',(0.,-1.,0.));
#7380=DIRECTION('',(0.,-1.,0.));
#7381=DIRECTION('center_axis',(0.,1.,0.));
#7382=DIRECTION('ref_axis',(-1.,0.,0.));
#7383=DIRECTION('',(0.,-1.,0.));
#7384=DIRECTION('',(0.,-1.,0.));
#7385=DIRECTION('',(0.,-1.,0.));
#7386=DIRECTION('center_axis',(0.,0.,1.));
#7387=DIRECTION('ref_axis',(-1.,0.,0.));
#7388=DIRECTION('',(-1.,0.,0.));
#7389=DIRECTION('',(0.,-1.,0.));
#7390=DIRECTION('',(-1.,0.,0.));
#7391=DIRECTION('center_axis',(-1.,0.,0.));
#7392=DIRECTION('ref_axis',(0.,0.,-1.));
#7393=DIRECTION('',(0.,0.,-1.));
#7394=DIRECTION('',(0.,-1.,0.));
#7395=DIRECTION('',(0.,0.,-1.));
#7396=DIRECTION('',(0.,-1.,0.));
#7397=DIRECTION('',(0.,-1.,0.));
#7398=DIRECTION('',(0.,-1.,0.));
#7399=DIRECTION('',(0.,-1.,0.));
#7400=DIRECTION('',(0.,-1.,0.));
#7401=DIRECTION('',(0.,-1.,0.));
#7402=DIRECTION('',(0.,-1.,0.));
#7403=DIRECTION('center_axis',(-0.944415714467337,0.,0.328753643732126));
#7404=DIRECTION('ref_axis',(-0.328753643732126,0.,-0.944415714467337));
#7405=DIRECTION('',(-0.328753643732126,0.,-0.944415714467337));
#7406=DIRECTION('',(0.,-1.,0.));
#7407=DIRECTION('',(-0.328753643732126,0.,-0.944415714467337));
#7408=DIRECTION('',(0.,-1.,0.));
#7409=DIRECTION('',(0.,-1.,0.));
#7410=DIRECTION('',(0.,-1.,0.));
#7411=DIRECTION('',(0.,-1.,0.));
#7412=DIRECTION('center_axis',(-1.,0.,0.));
#7413=DIRECTION('ref_axis',(0.,0.,-1.));
#7414=DIRECTION('',(0.,0.,-1.));
#7415=DIRECTION('',(0.,-1.,0.));
#7416=DIRECTION('',(0.,0.,-1.));
#7417=DIRECTION('center_axis',(0.,0.,-1.));
#7418=DIRECTION('ref_axis',(1.,0.,0.));
#7419=DIRECTION('',(1.,0.,0.));
#7420=DIRECTION('',(0.,-1.,0.));
#7421=DIRECTION('',(1.,0.,0.));
#7422=DIRECTION('',(0.,-1.,0.));
#7423=DIRECTION('',(0.,-1.,0.));
#7424=DIRECTION('',(0.,-1.,0.));
#7425=DIRECTION('',(0.,-1.,0.));
#7426=DIRECTION('',(0.,-1.,0.));
#7427=DIRECTION('',(0.,-1.,0.));
#7428=DIRECTION('',(0.,-1.,0.));
#7429=DIRECTION('',(0.,-1.,0.));
#7430=DIRECTION('center_axis',(0.949925799984847,0.,0.312475558281201));
#7431=DIRECTION('ref_axis',(-0.312475558281201,0.,0.949925799984847));
#7432=DIRECTION('',(-0.312475558281201,0.,0.949925799984847));
#7433=DIRECTION('',(0.,-1.,0.));
#7434=DIRECTION('',(-0.312475558281201,0.,0.949925799984847));
#7435=DIRECTION('',(0.,-1.,0.));
#7436=DIRECTION('',(0.,-1.,0.));
#7437=DIRECTION('center_axis',(1.,0.,0.));
#7438=DIRECTION('ref_axis',(0.,0.,1.));
#7439=DIRECTION('',(0.,0.,1.));
#7440=DIRECTION('',(0.,0.,1.));
#7441=DIRECTION('center_axis',(0.,1.,0.));
#7442=DIRECTION('ref_axis',(-1.,0.,0.));
#7443=DIRECTION('',(0.,-1.,0.));
#7444=DIRECTION('',(0.,-1.,0.));
#7445=DIRECTION('',(0.,-1.,0.));
#7446=DIRECTION('',(0.,-1.,0.));
#7447=DIRECTION('',(0.,-1.,0.));
#7448=DIRECTION('',(0.,-1.,0.));
#7449=DIRECTION('',(0.,-1.,0.));
#7450=DIRECTION('',(0.,-1.,0.));
#7451=DIRECTION('',(0.,-1.,0.));
#7452=DIRECTION('',(0.,-1.,0.));
#7453=DIRECTION('',(0.,-1.,0.));
#7454=DIRECTION('',(0.,-1.,0.));
#7455=DIRECTION('',(0.,-1.,0.));
#7456=DIRECTION('',(0.,-1.,0.));
#7457=DIRECTION('',(0.,-1.,0.));
#7458=DIRECTION('',(0.,-1.,0.));
#7459=DIRECTION('',(0.,-1.,0.));
#7460=DIRECTION('',(0.,-1.,0.));
#7461=DIRECTION('center_axis',(0.,0.,1.));
#7462=DIRECTION('ref_axis',(-1.,0.,0.));
#7463=DIRECTION('',(-1.,0.,0.));
#7464=DIRECTION('',(0.,-1.,0.));
#7465=DIRECTION('',(-1.,0.,0.));
#7466=DIRECTION('',(0.,-1.,0.));
#7467=DIRECTION('',(0.,-1.,0.));
#7468=DIRECTION('',(0.,-1.,0.));
#7469=DIRECTION('',(0.,-1.,0.));
#7470=DIRECTION('',(0.,-1.,0.));
#7471=DIRECTION('',(0.,-1.,0.));
#7472=DIRECTION('',(0.,-1.,0.));
#7473=DIRECTION('center_axis',(0.,0.,-1.));
#7474=DIRECTION('ref_axis',(1.,0.,0.));
#7475=DIRECTION('',(1.,0.,0.));
#7476=DIRECTION('',(0.,-1.,0.));
#7477=DIRECTION('',(1.,0.,0.));
#7478=DIRECTION('',(0.,-1.,0.));
#7479=DIRECTION('',(0.,-1.,0.));
#7480=DIRECTION('',(0.,-1.,0.));
#7481=DIRECTION('',(0.,-1.,0.));
#7482=DIRECTION('',(0.,-1.,0.));
#7483=DIRECTION('',(0.,-1.,0.));
#7484=DIRECTION('',(0.,-1.,0.));
#7485=DIRECTION('',(0.,-1.,0.));
#7486=DIRECTION('center_axis',(0.,0.,-1.));
#7487=DIRECTION('ref_axis',(1.,0.,0.));
#7488=DIRECTION('',(1.,0.,0.));
#7489=DIRECTION('',(0.,-1.,0.));
#7490=DIRECTION('',(1.,0.,0.));
#7491=DIRECTION('',(0.,-1.,0.));
#7492=DIRECTION('',(0.,-1.,0.));
#7493=DIRECTION('',(0.,-1.,0.));
#7494=DIRECTION('',(0.,-1.,0.));
#7495=DIRECTION('',(0.,-1.,0.));
#7496=DIRECTION('',(0.,-1.,0.));
#7497=DIRECTION('',(0.,-1.,0.));
#7498=DIRECTION('',(0.,-1.,0.));
#7499=DIRECTION('',(0.,-1.,0.));
#7500=DIRECTION('',(0.,-1.,0.));
#7501=DIRECTION('',(0.,-1.,0.));
#7502=DIRECTION('',(0.,-1.,0.));
#7503=DIRECTION('center_axis',(0.951708439256507,0.,-0.307003333284745));
#7504=DIRECTION('ref_axis',(0.307003333284745,0.,0.951708439256506));
#7505=DIRECTION('',(0.307003333284745,0.,0.951708439256506));
#7506=DIRECTION('',(0.,-1.,0.));
#7507=DIRECTION('',(0.307003333284745,0.,0.951708439256506));
#7508=DIRECTION('center_axis',(0.,1.,0.));
#7509=DIRECTION('ref_axis',(-1.,0.,0.));
#7510=DIRECTION('center_axis',(0.,1.,0.));
#7511=DIRECTION('ref_axis',(-1.,0.,0.));
#7512=DIRECTION('center_axis',(0.,1.,0.));
#7513=DIRECTION('ref_axis',(0.,0.,1.));
#7514=DIRECTION('',(0.,0.,-1.));
#7515=DIRECTION('',(-1.,0.,-5.38289951333409E-17));
#7516=DIRECTION('center_axis',(0.,1.,0.));
#7517=DIRECTION('ref_axis',(5.9211894646675E-16,0.,-1.));
#7518=DIRECTION('',(0.,0.,1.));
#7519=DIRECTION('',(1.,0.,-5.38289951333409E-17));
#7520=DIRECTION('',(-1.,0.,-7.72329060608805E-17));
#7521=DIRECTION('',(0.,0.,-1.));
#7522=DIRECTION('center_axis',(0.,-1.,0.));
#7523=DIRECTION('ref_axis',(0.,0.,-1.));
#7524=DIRECTION('',(1.,0.,3.86164530304402E-17));
#7525=DIRECTION('',(-3.22973970800046E-16,0.,1.));
#7526=DIRECTION('center_axis',(0.,-1.,0.));
#7527=DIRECTION('ref_axis',(0.,0.,1.));
#7528=DIRECTION('center_axis',(0.,-1.,0.));
#7529=DIRECTION('ref_axis',(-1.,0.,0.));
#7530=DIRECTION('center_axis',(0.,-1.,0.));
#7531=DIRECTION('ref_axis',(-1.,0.,0.));
#7532=DIRECTION('center_axis',(0.,-1.,0.));
#7533=DIRECTION('ref_axis',(-1.,0.,0.));
#7534=DIRECTION('center_axis',(0.,-1.,0.));
#7535=DIRECTION('ref_axis',(-1.,0.,0.));
#7536=DIRECTION('center_axis',(0.,1.,0.));
#7537=DIRECTION('ref_axis',(-1.,0.,0.));
#7538=DIRECTION('center_axis',(0.,1.,0.));
#7539=DIRECTION('ref_axis',(-1.,0.,0.));
#7540=DIRECTION('center_axis',(0.,1.,0.));
#7541=DIRECTION('ref_axis',(-1.,0.,0.));
#7542=DIRECTION('center_axis',(0.,1.,0.));
#7543=DIRECTION('ref_axis',(-1.,0.,0.));
#7544=DIRECTION('center_axis',(0.,1.,0.));
#7545=DIRECTION('ref_axis',(1.,0.,0.));
#7546=DIRECTION('center_axis',(0.,1.,0.));
#7547=DIRECTION('ref_axis',(1.,0.,0.));
#7548=DIRECTION('',(0.,1.,0.));
#7549=DIRECTION('center_axis',(0.,1.,0.));
#7550=DIRECTION('ref_axis',(1.,0.,0.));
#7551=DIRECTION('center_axis',(0.,-1.,0.));
#7552=DIRECTION('ref_axis',(1.,0.,0.));
#7553=DIRECTION('center_axis',(0.,-1.,0.));
#7554=DIRECTION('ref_axis',(-1.,0.,0.));
#7555=DIRECTION('center_axis',(0.,1.,0.));
#7556=DIRECTION('ref_axis',(1.,0.,0.));
#7557=DIRECTION('center_axis',(0.,1.,0.));
#7558=DIRECTION('ref_axis',(1.,0.,0.));
#7559=DIRECTION('',(0.,1.,0.));
#7560=DIRECTION('center_axis',(0.,1.,0.));
#7561=DIRECTION('ref_axis',(1.,0.,0.));
#7562=DIRECTION('center_axis',(0.,-1.,0.));
#7563=DIRECTION('ref_axis',(1.,0.,0.));
#7564=DIRECTION('center_axis',(0.,-1.,0.));
#7565=DIRECTION('ref_axis',(-1.,0.,0.));
#7566=DIRECTION('center_axis',(0.,1.,0.));
#7567=DIRECTION('ref_axis',(1.,0.,0.));
#7568=DIRECTION('center_axis',(0.,1.,0.));
#7569=DIRECTION('ref_axis',(1.,0.,0.));
#7570=DIRECTION('',(0.,1.,0.));
#7571=DIRECTION('center_axis',(0.,1.,0.));
#7572=DIRECTION('ref_axis',(1.,0.,0.));
#7573=DIRECTION('center_axis',(0.,-1.,0.));
#7574=DIRECTION('ref_axis',(1.,0.,0.));
#7575=DIRECTION('center_axis',(0.,-1.,0.));
#7576=DIRECTION('ref_axis',(-1.,0.,0.));
#7577=DIRECTION('center_axis',(0.,1.,0.));
#7578=DIRECTION('ref_axis',(1.,0.,0.));
#7579=DIRECTION('center_axis',(0.,1.,0.));
#7580=DIRECTION('ref_axis',(1.,0.,0.));
#7581=DIRECTION('',(0.,1.,0.));
#7582=DIRECTION('center_axis',(0.,1.,0.));
#7583=DIRECTION('ref_axis',(1.,0.,0.));
#7584=DIRECTION('center_axis',(0.,-1.,0.));
#7585=DIRECTION('ref_axis',(1.,0.,0.));
#7586=DIRECTION('center_axis',(0.,-1.,0.));
#7587=DIRECTION('ref_axis',(-1.,0.,0.));
#7588=DIRECTION('center_axis',(0.,-1.,0.));
#7589=DIRECTION('ref_axis',(-1.,0.,0.));
#7590=DIRECTION('',(0.,-1.,0.));
#7591=DIRECTION('center_axis',(0.,-1.,0.));
#7592=DIRECTION('ref_axis',(-1.,0.,0.));
#7593=DIRECTION('',(0.,-1.,0.));
#7594=DIRECTION('center_axis',(0.,-1.,0.));
#7595=DIRECTION('ref_axis',(-1.,0.,0.));
#7596=DIRECTION('',(0.,-1.,0.));
#7597=DIRECTION('center_axis',(0.,-1.,0.));
#7598=DIRECTION('ref_axis',(-1.,0.,0.));
#7599=DIRECTION('',(0.,-1.,0.));
#7600=DIRECTION('center_axis',(0.,1.,0.));
#7601=DIRECTION('ref_axis',(-1.,0.,0.));
#7602=DIRECTION('center_axis',(0.,1.,0.));
#7603=DIRECTION('ref_axis',(0.,0.,1.));
#7604=DIRECTION('',(1.,0.,-5.38289951333409E-17));
#7605=DIRECTION('',(0.,0.,1.));
#7606=DIRECTION('center_axis',(0.,1.,0.));
#7607=DIRECTION('ref_axis',(5.9211894646675E-16,0.,-1.));
#7608=DIRECTION('',(-1.,0.,-5.38289951333409E-17));
#7609=DIRECTION('',(0.,0.,-1.));
#7610=DIRECTION('',(-1.,0.,0.));
#7611=DIRECTION('center_axis',(0.,1.,0.));
#7612=DIRECTION('ref_axis',(0.,0.,-1.));
#7613=DIRECTION('',(0.,0.,1.));
#7614=DIRECTION('center_axis',(0.,1.,0.));
#7615=DIRECTION('ref_axis',(-1.,0.,-1.77635683940025E-15));
#7616=DIRECTION('',(1.,0.,0.));
#7617=DIRECTION('center_axis',(0.,1.,0.));
#7618=DIRECTION('ref_axis',(-1.77635683940025E-15,0.,1.));
#7619=DIRECTION('',(-1.04002156873551E-16,0.,-1.));
#7620=DIRECTION('center_axis',(0.,1.,0.));
#7621=DIRECTION('ref_axis',(1.,0.,0.));
#7622=DIRECTION('center_axis',(5.38289951333409E-17,0.,1.));
#7623=DIRECTION('ref_axis',(1.,0.,-5.38289951333409E-17));
#7624=DIRECTION('',(0.,1.,0.));
#7625=DIRECTION('',(0.,1.,0.));
#7626=DIRECTION('center_axis',(-1.,0.,0.));
#7627=DIRECTION('ref_axis',(0.,0.,1.));
#7628=DIRECTION('',(0.,1.,0.));
#7629=DIRECTION('center_axis',(0.,1.,0.));
#7630=DIRECTION('ref_axis',(5.9211894646675E-16,0.,-1.));
#7631=DIRECTION('',(0.,1.,0.));
#7632=DIRECTION('center_axis',(5.38289951333409E-17,0.,-1.));
#7633=DIRECTION('ref_axis',(-1.,0.,-5.38289951333409E-17));
#7634=DIRECTION('',(0.,1.,0.));
#7635=DIRECTION('center_axis',(1.,0.,0.));
#7636=DIRECTION('ref_axis',(0.,0.,-1.));
#7637=DIRECTION('',(0.,1.,0.));
#7638=DIRECTION('center_axis',(0.,1.,0.));
#7639=DIRECTION('ref_axis',(0.,0.,1.));
#7640=DIRECTION('center_axis',(0.,1.,0.));
#7641=DIRECTION('ref_axis',(-1.,0.,0.));
#7642=DIRECTION('center_axis',(0.,1.,0.));
#7643=DIRECTION('ref_axis',(0.,0.,1.));
#7644=DIRECTION('center_axis',(0.,-1.,0.));
#7645=DIRECTION('ref_axis',(0.,0.,1.));
#7646=DIRECTION('',(0.,1.,0.));
#7647=DIRECTION('',(0.,1.,0.));
#7648=DIRECTION('center_axis',(-1.,0.,-3.22973970800046E-16));
#7649=DIRECTION('ref_axis',(-3.22973970800046E-16,0.,1.));
#7650=DIRECTION('',(-3.22973970800046E-16,0.,1.));
#7651=DIRECTION('',(0.,1.,0.));
#7652=DIRECTION('center_axis',(-3.86164530304402E-17,0.,1.));
#7653=DIRECTION('ref_axis',(1.,0.,3.86164530304402E-17));
#7654=DIRECTION('',(1.,0.,3.86164530304402E-17));
#7655=DIRECTION('',(0.,1.,0.));
#7656=DIRECTION('center_axis',(0.,1.,0.));
#7657=DIRECTION('ref_axis',(0.,0.,-1.));
#7658=DIRECTION('center_axis',(0.,-1.,0.));
#7659=DIRECTION('ref_axis',(0.,0.,-1.));
#7660=DIRECTION('',(0.,1.,0.));
#7661=DIRECTION('center_axis',(1.,0.,1.61486985400023E-16));
#7662=DIRECTION('ref_axis',(1.61486985400023E-16,0.,-1.));
#7663=DIRECTION('',(1.61486985400023E-16,0.,-1.));
#7664=DIRECTION('',(0.,1.,0.));
#7665=DIRECTION('center_axis',(7.72329060608805E-17,0.,-1.));
#7666=DIRECTION('ref_axis',(-1.,0.,-7.72329060608805E-17));
#7667=DIRECTION('',(-1.,0.,-7.72329060608805E-17));
#7668=DIRECTION('center_axis',(0.,0.,-1.));
#7669=DIRECTION('ref_axis',(-1.,0.,0.));
#7670=DIRECTION('',(1.,0.,0.));
#7671=DIRECTION('',(0.,1.,0.));
#7672=DIRECTION('',(0.,1.,0.));
#7673=DIRECTION('center_axis',(0.,1.,0.));
#7674=DIRECTION('ref_axis',(1.,0.,0.));
#7675=DIRECTION('center_axis',(0.,1.,0.));
#7676=DIRECTION('ref_axis',(1.,0.,0.));
#7677=DIRECTION('',(0.,1.,0.));
#7678=DIRECTION('center_axis',(1.,0.,-1.04002156873551E-16));
#7679=DIRECTION('ref_axis',(-1.04002156873551E-16,0.,-1.));
#7680=DIRECTION('',(1.04002156873551E-16,0.,1.));
#7681=DIRECTION('',(0.,1.,0.));
#7682=DIRECTION('center_axis',(0.,1.,0.));
#7683=DIRECTION('ref_axis',(-1.77635683940025E-15,0.,1.));
#7684=DIRECTION('center_axis',(0.,1.,0.));
#7685=DIRECTION('ref_axis',(-1.77635683940025E-15,0.,1.));
#7686=DIRECTION('',(0.,1.,0.));
#7687=DIRECTION('center_axis',(0.,0.,1.));
#7688=DIRECTION('ref_axis',(1.,0.,0.));
#7689=DIRECTION('',(-1.,0.,0.));
#7690=DIRECTION('',(0.,1.,0.));
#7691=DIRECTION('center_axis',(0.,1.,0.));
#7692=DIRECTION('ref_axis',(-1.,0.,-1.77635683940025E-15));
#7693=DIRECTION('center_axis',(0.,1.,0.));
#7694=DIRECTION('ref_axis',(-1.,0.,-1.77635683940025E-15));
#7695=DIRECTION('',(0.,1.,0.));
#7696=DIRECTION('center_axis',(-1.,0.,0.));
#7697=DIRECTION('ref_axis',(0.,0.,1.));
#7698=DIRECTION('',(0.,0.,-1.));
#7699=DIRECTION('',(0.,1.,0.));
#7700=DIRECTION('center_axis',(0.,1.,0.));
#7701=DIRECTION('ref_axis',(0.,0.,-1.));
#7702=DIRECTION('center_axis',(0.,1.,0.));
#7703=DIRECTION('ref_axis',(0.,0.,-1.));
#7704=DIRECTION('center_axis',(0.,1.,0.));
#7705=DIRECTION('ref_axis',(1.,0.,0.));
#7706=CARTESIAN_POINT('',(0.,0.,0.));
#7707=CARTESIAN_POINT('Origin',(-50.0507294386625,8.,48.0724638700485));
#7708=CARTESIAN_POINT('',(-50.0507294386625,8.,48.0724638700485));
#7709=CARTESIAN_POINT('',(-50.0507294386625,8.,49.0000003576279));
#7710=CARTESIAN_POINT('',(-50.0507294386625,8.,24.0362319350243));
#7711=CARTESIAN_POINT('',(-50.0507294386625,7.,48.0724638700485));
#7712=CARTESIAN_POINT('',(-50.0507294386625,8.,48.0724638700485));
#7713=CARTESIAN_POINT('',(-50.0507294386625,7.,49.0000003576279));
#7714=CARTESIAN_POINT('',(-50.0507294386625,7.,48.0724638700485));
#7715=CARTESIAN_POINT('',(-50.0507294386625,8.,49.0000003576279));
#7716=CARTESIAN_POINT('Origin',(-51.2855135649443,8.,48.0724638700485));
#7717=CARTESIAN_POINT('',(-51.2855135649443,8.,48.0724638700485));
#7718=CARTESIAN_POINT('',(-25.6427567824721,8.,48.0724638700485));
#7719=CARTESIAN_POINT('',(-51.2855135649443,7.,48.0724638700485));
#7720=CARTESIAN_POINT('',(-51.2855135649443,8.,48.0724638700485));
#7721=CARTESIAN_POINT('',(-51.2855135649443,7.,48.0724638700485));
#7722=CARTESIAN_POINT('Origin',(-51.2855135649443,8.,45.799999833107));
#7723=CARTESIAN_POINT('',(-51.2855135649443,8.,45.799999833107));
#7724=CARTESIAN_POINT('',(-51.2855135649443,8.,22.8999999165535));
#7725=CARTESIAN_POINT('',(-51.2855135649443,7.,45.799999833107));
#7726=CARTESIAN_POINT('',(-51.2855135649443,8.,45.799999833107));
#7727=CARTESIAN_POINT('',(-51.2855135649443,7.,45.799999833107));
#7728=CARTESIAN_POINT('Ctrl Pts',(-50.5434834212065,8.,44.408695101738));
#7729=CARTESIAN_POINT('Ctrl Pts',(-50.5434834212065,7.,44.408695101738));
#7730=CARTESIAN_POINT('Ctrl Pts',(-50.6948792479529,8.,44.600595433964));
#7731=CARTESIAN_POINT('Ctrl Pts',(-50.6948792479529,7.,44.600595433964));
#7732=CARTESIAN_POINT('Ctrl Pts',(-51.0250800874515,8.,45.0191383499931));
#7733=CARTESIAN_POINT('Ctrl Pts',(-51.0250800874515,7.,45.0191383499931));
#7734=CARTESIAN_POINT('Ctrl Pts',(-51.1940277577413,8.,45.5256966068701));
#7735=CARTESIAN_POINT('Ctrl Pts',(-51.1940277577413,7.,45.5256966068701));
#7736=CARTESIAN_POINT('Ctrl Pts',(-51.2855135649443,8.,45.799999833107));
#7737=CARTESIAN_POINT('Ctrl Pts',(-51.2855135649443,7.,45.799999833107));
#7738=CARTESIAN_POINT('',(-50.5434834212065,8.,44.408695101738));
#7739=CARTESIAN_POINT('Ctrl Pts',(-50.5434834212065,8.,44.408695101738));
#7740=CARTESIAN_POINT('Ctrl Pts',(-50.6948792479529,8.,44.600595433964));
#7741=CARTESIAN_POINT('Ctrl Pts',(-51.0250800874515,8.,45.0191383499931));
#7742=CARTESIAN_POINT('Ctrl Pts',(-51.1940277577413,8.,45.5256966068701));
#7743=CARTESIAN_POINT('Ctrl Pts',(-51.2855135649443,8.,45.799999833107));
#7744=CARTESIAN_POINT('',(-50.5434834212065,7.,44.408695101738));
#7745=CARTESIAN_POINT('',(-50.5434834212065,8.,44.408695101738));
#7746=CARTESIAN_POINT('Ctrl Pts',(-50.5434834212065,7.,44.408695101738));
#7747=CARTESIAN_POINT('Ctrl Pts',(-50.6948792479529,7.,44.600595433964));
#7748=CARTESIAN_POINT('Ctrl Pts',(-51.0250800874515,7.,45.0191383499931));
#7749=CARTESIAN_POINT('Ctrl Pts',(-51.1940277577413,7.,45.5256966068701));
#7750=CARTESIAN_POINT('Ctrl Pts',(-51.2855135649443,7.,45.799999833107));
#7751=CARTESIAN_POINT('Ctrl Pts',(-49.4246422499418,8.,43.8869565725327));
#7752=CARTESIAN_POINT('Ctrl Pts',(-49.4246422499418,7.,43.8869565725327));
#7753=CARTESIAN_POINT('Ctrl Pts',(-49.6346993536527,8.,43.9156933771008));
#7754=CARTESIAN_POINT('Ctrl Pts',(-49.6346993536527,7.,43.9156933771008));
#7755=CARTESIAN_POINT('Ctrl Pts',(-50.0611159891059,8.,43.9740291881785));
#7756=CARTESIAN_POINT('Ctrl Pts',(-50.0611159891059,7.,43.9740291881785));
#7757=CARTESIAN_POINT('Ctrl Pts',(-50.3811177376865,8.,44.2623858290523));
#7758=CARTESIAN_POINT('Ctrl Pts',(-50.3811177376865,7.,44.2623858290523));
#7759=CARTESIAN_POINT('Ctrl Pts',(-50.5434834212065,8.,44.408695101738));
#7760=CARTESIAN_POINT('Ctrl Pts',(-50.5434834212065,7.,44.408695101738));
#7761=CARTESIAN_POINT('',(-49.4246422499418,8.,43.8869565725327));
#7762=CARTESIAN_POINT('Ctrl Pts',(-49.4246422499418,8.,43.8869565725327));
#7763=CARTESIAN_POINT('Ctrl Pts',(-49.6346993536527,8.,43.9156933771008));
#7764=CARTESIAN_POINT('Ctrl Pts',(-50.0611159891059,8.,43.9740291881785));
#7765=CARTESIAN_POINT('Ctrl Pts',(-50.3811177376865,8.,44.2623858290523));
#7766=CARTESIAN_POINT('Ctrl Pts',(-50.5434834212065,8.,44.408695101738));
#7767=CARTESIAN_POINT('',(-49.4246422499418,7.,43.8869565725327));
#7768=CARTESIAN_POINT('',(-49.4246422499418,8.,43.8869565725327));
#7769=CARTESIAN_POINT('Ctrl Pts',(-49.4246422499418,7.,43.8869565725327));
#7770=CARTESIAN_POINT('Ctrl Pts',(-49.6346993536527,7.,43.9156933771008));
#7771=CARTESIAN_POINT('Ctrl Pts',(-50.0611159891059,7.,43.9740291881785));
#7772=CARTESIAN_POINT('Ctrl Pts',(-50.3811177376865,7.,44.2623858290523));
#7773=CARTESIAN_POINT('Ctrl Pts',(-50.5434834212065,7.,44.408695101738));
#7774=CARTESIAN_POINT('Origin',(-49.4246422499418,8.,45.1333338022232));
#7775=CARTESIAN_POINT('',(-49.4246422499418,8.,45.1333338022232));
#7776=CARTESIAN_POINT('',(-49.4246422499418,8.,22.5666669011116));
#7777=CARTESIAN_POINT('',(-49.4246422499418,7.,45.1333338022232));
#7778=CARTESIAN_POINT('',(-49.4246422499418,8.,45.1333338022232));
#7779=CARTESIAN_POINT('',(-49.4246422499418,7.,45.1333338022232));
#7780=CARTESIAN_POINT('Origin',(-48.4971081465483,8.,45.1333338022232));
#7781=CARTESIAN_POINT('',(-48.4971081465483,8.,45.1333338022232));
#7782=CARTESIAN_POINT('',(-24.2485540732741,8.,45.1333338022232));
#7783=CARTESIAN_POINT('',(-48.4971081465483,7.,45.1333338022232));
#7784=CARTESIAN_POINT('',(-48.4971081465483,8.,45.1333338022232));
#7785=CARTESIAN_POINT('',(-48.4971081465483,7.,45.1333338022232));
#7786=CARTESIAN_POINT('Origin',(-48.2768165320158,8.,42.8782600164413));
#7787=CARTESIAN_POINT('',(-48.2768165320158,8.,42.8782600164413));
#7788=CARTESIAN_POINT('',(-45.9741170037985,8.,19.3060629828147));
#7789=CARTESIAN_POINT('',(-48.2768165320158,7.,42.8782600164413));
#7790=CARTESIAN_POINT('',(-48.2768165320158,8.,42.8782600164413));
#7791=CARTESIAN_POINT('',(-48.2768165320158,7.,42.8782600164413));
#7792=CARTESIAN_POINT('Ctrl Pts',(-48.7115990370512,8.,42.768115401268));
#7793=CARTESIAN_POINT('Ctrl Pts',(-48.7115990370512,7.,42.768115401268));
#7794=CARTESIAN_POINT('Ctrl Pts',(-48.6383515312114,8.,42.7828693896251));
#7795=CARTESIAN_POINT('Ctrl Pts',(-48.6383515312114,7.,42.7828693896251));
#7796=CARTESIAN_POINT('Ctrl Pts',(-48.4916112234535,8.,42.8124267754684));
#7797=CARTESIAN_POINT('Ctrl Pts',(-48.4916112234535,7.,42.8124267754684));
#7798=CARTESIAN_POINT('Ctrl Pts',(-48.3484945087474,8.,42.8562911610519));
#7799=CARTESIAN_POINT('Ctrl Pts',(-48.3484945087474,7.,42.8562911610519));
#7800=CARTESIAN_POINT('Ctrl Pts',(-48.2768165320158,8.,42.8782600164413));
#7801=CARTESIAN_POINT('Ctrl Pts',(-48.2768165320158,7.,42.8782600164413));
#7802=CARTESIAN_POINT('',(-48.7115990370512,8.,42.768115401268));
#7803=CARTESIAN_POINT('Ctrl Pts',(-48.7115990370512,8.,42.768115401268));
#7804=CARTESIAN_POINT('Ctrl Pts',(-48.6383515312114,8.,42.7828693896251));
#7805=CARTESIAN_POINT('Ctrl Pts',(-48.4916112234535,8.,42.8124267754684));
#7806=CARTESIAN_POINT('Ctrl Pts',(-48.3484945087474,8.,42.8562911610519));
#7807=CARTESIAN_POINT('Ctrl Pts',(-48.2768165320158,8.,42.8782600164413));
#7808=CARTESIAN_POINT('',(-48.7115990370512,7.,42.768115401268));
#7809=CARTESIAN_POINT('',(-48.7115990370512,8.,42.768115401268));
#7810=CARTESIAN_POINT('Ctrl Pts',(-48.7115990370512,7.,42.768115401268));
#7811=CARTESIAN_POINT('Ctrl Pts',(-48.6383515312114,7.,42.7828693896251));
#7812=CARTESIAN_POINT('Ctrl Pts',(-48.4916112234535,7.,42.8124267754684));
#7813=CARTESIAN_POINT('Ctrl Pts',(-48.3484945087474,7.,42.8562911610519));
#7814=CARTESIAN_POINT('Ctrl Pts',(-48.2768165320158,7.,42.8782600164413));
#7815=CARTESIAN_POINT('Ctrl Pts',(-49.1985546797514,8.,42.7217394113541));
#7816=CARTESIAN_POINT('Ctrl Pts',(-49.1985546797514,7.,42.7217394113541));
#7817=CARTESIAN_POINT('Ctrl Pts',(-49.1123306394899,8.,42.7232157211933));
#7818=CARTESIAN_POINT('Ctrl Pts',(-49.1123306394899,7.,42.7232157211933));
#7819=CARTESIAN_POINT('Ctrl Pts',(-48.9487697990693,8.,42.7260161754202));
#7820=CARTESIAN_POINT('Ctrl Pts',(-48.9487697990693,7.,42.7260161754202));
#7821=CARTESIAN_POINT('Ctrl Pts',(-48.7877393752531,8.,42.754600036782));
#7822=CARTESIAN_POINT('Ctrl Pts',(-48.7877393752531,7.,42.754600036782));
#7823=CARTESIAN_POINT('Ctrl Pts',(-48.7115990370512,8.,42.768115401268));
#7824=CARTESIAN_POINT('Ctrl Pts',(-48.7115990370512,7.,42.768115401268));
#7825=CARTESIAN_POINT('',(-49.1985546797514,8.,42.7217394113541));
#7826=CARTESIAN_POINT('Ctrl Pts',(-49.1985546797514,8.,42.7217394113541));
#7827=CARTESIAN_POINT('Ctrl Pts',(-49.1123306394899,8.,42.7232157211933));
#7828=CARTESIAN_POINT('Ctrl Pts',(-48.9487697990693,8.,42.7260161754202));
#7829=CARTESIAN_POINT('Ctrl Pts',(-48.7877393752531,8.,42.754600036782));
#7830=CARTESIAN_POINT('Ctrl Pts',(-48.7115990370512,8.,42.768115401268));
#7831=CARTESIAN_POINT('',(-49.1985546797514,7.,42.7217394113541));
#7832=CARTESIAN_POINT('',(-49.1985546797514,8.,42.7217394113541));
#7833=CARTESIAN_POINT('Ctrl Pts',(-49.1985546797514,7.,42.7217394113541));
#7834=CARTESIAN_POINT('Ctrl Pts',(-49.1123306394899,7.,42.7232157211933));
#7835=CARTESIAN_POINT('Ctrl Pts',(-48.9487697990693,7.,42.7260161754202));
#7836=CARTESIAN_POINT('Ctrl Pts',(-48.7877393752531,7.,42.754600036782));
#7837=CARTESIAN_POINT('Ctrl Pts',(-48.7115990370512,7.,42.768115401268));
#7838=CARTESIAN_POINT('Ctrl Pts',(-50.5087005347013,8.,43.1275361776352));
#7839=CARTESIAN_POINT('Ctrl Pts',(-50.5087005347013,7.,43.1275361776352));
#7840=CARTESIAN_POINT('Ctrl Pts',(-50.3198814929099,8.,43.0092776487647));
#7841=CARTESIAN_POINT('Ctrl Pts',(-50.3198814929099,7.,43.0092776487647));
#7842=CARTESIAN_POINT('Ctrl Pts',(-49.9200490587963,8.,42.7588601325843));
#7843=CARTESIAN_POINT('Ctrl Pts',(-49.9200490587963,7.,42.7588601325843));
#7844=CARTESIAN_POINT('Ctrl Pts',(-49.4477910170969,8.,42.7345625640601));
#7845=CARTESIAN_POINT('Ctrl Pts',(-49.4477910170969,7.,42.7345625640601));
#7846=CARTESIAN_POINT('Ctrl Pts',(-49.1985546797514,8.,42.7217394113541));
#7847=CARTESIAN_POINT('Ctrl Pts',(-49.1985546797514,7.,42.7217394113541));
#7848=CARTESIAN_POINT('',(-50.5087005347013,8.,43.1275361776352));
#7849=CARTESIAN_POINT('Ctrl Pts',(-50.5087005347013,8.,43.1275361776352));
#7850=CARTESIAN_POINT('Ctrl Pts',(-50.3198814929099,8.,43.0092776487647));
#7851=CARTESIAN_POINT('Ctrl Pts',(-49.9200490587963,8.,42.7588601325843));
#7852=CARTESIAN_POINT('Ctrl Pts',(-49.4477910170969,8.,42.7345625640601));
#7853=CARTESIAN_POINT('Ctrl Pts',(-49.1985546797514,8.,42.7217394113541));
#7854=CARTESIAN_POINT('',(-50.5087005347013,7.,43.1275361776352));
#7855=CARTESIAN_POINT('',(-50.5087005347013,8.,43.1275361776352));
#7856=CARTESIAN_POINT('Ctrl Pts',(-50.5087005347013,7.,43.1275361776352));
#7857=CARTESIAN_POINT('Ctrl Pts',(-50.3198814929099,7.,43.0092776487647));
#7858=CARTESIAN_POINT('Ctrl Pts',(-49.9200490587963,7.,42.7588601325843));
#7859=CARTESIAN_POINT('Ctrl Pts',(-49.4477910170969,7.,42.7345625640601));
#7860=CARTESIAN_POINT('Ctrl Pts',(-49.1985546797514,7.,42.7217394113541));
#7861=CARTESIAN_POINT('Ctrl Pts',(-51.3550793379545,8.,44.2985504865646));
#7862=CARTESIAN_POINT('Ctrl Pts',(-51.3550793379545,7.,44.2985504865646));
#7863=CARTESIAN_POINT('Ctrl Pts',(-51.241018260726,8.,44.0625484178011));
#7864=CARTESIAN_POINT('Ctrl Pts',(-51.241018260726,7.,44.0625484178011));
#7865=CARTESIAN_POINT('Ctrl Pts',(-51.0278447568362,8.,43.6214743095603));
#7866=CARTESIAN_POINT('Ctrl Pts',(-51.0278447568362,7.,43.6214743095603));
#7867=CARTESIAN_POINT('Ctrl Pts',(-50.6734650617236,8.,43.2843008669353));
#7868=CARTESIAN_POINT('Ctrl Pts',(-50.6734650617236,7.,43.2843008669353));
#7869=CARTESIAN_POINT('Ctrl Pts',(-50.5087005347013,8.,43.1275361776352));
#7870=CARTESIAN_POINT('Ctrl Pts',(-50.5087005347013,7.,43.1275361776352));
#7871=CARTESIAN_POINT('',(-51.3550793379545,8.,44.2985504865646));
#7872=CARTESIAN_POINT('Ctrl Pts',(-51.3550793379545,8.,44.2985504865646));
#7873=CARTESIAN_POINT('Ctrl Pts',(-51.241018260726,8.,44.0625484178011));
#7874=CARTESIAN_POINT('Ctrl Pts',(-51.0278447568362,8.,43.6214743095603));
#7875=CARTESIAN_POINT('Ctrl Pts',(-50.6734650617236,8.,43.2843008669353));
#7876=CARTESIAN_POINT('Ctrl Pts',(-50.5087005347013,8.,43.1275361776352));
#7877=CARTESIAN_POINT('',(-51.3550793379545,7.,44.2985504865646));
#7878=CARTESIAN_POINT('',(-51.3550793379545,8.,44.2985504865646));
#7879=CARTESIAN_POINT('Ctrl Pts',(-51.3550793379545,7.,44.2985504865646));
#7880=CARTESIAN_POINT('Ctrl Pts',(-51.241018260726,7.,44.0625484178011));
#7881=CARTESIAN_POINT('Ctrl Pts',(-51.0278447568362,7.,43.6214743095603));
#7882=CARTESIAN_POINT('Ctrl Pts',(-50.6734650617236,7.,43.2843008669353));
#7883=CARTESIAN_POINT('Ctrl Pts',(-50.5087005347013,7.,43.1275361776352));
#7884=CARTESIAN_POINT('Origin',(-51.5927588194609,8.,42.8782600164413));
#7885=CARTESIAN_POINT('',(-51.5927588194609,8.,42.8782600164413));
#7886=CARTESIAN_POINT('',(-54.3800315902755,8.,26.2224808598531));
#7887=CARTESIAN_POINT('',(-51.5927588194609,7.,42.8782600164413));
#7888=CARTESIAN_POINT('',(-51.5927588194609,8.,42.8782600164413));
#7889=CARTESIAN_POINT('',(-51.5927588194609,7.,42.8782600164413));
#7890=CARTESIAN_POINT('Origin',(-53.4826146811247,8.,42.8782600164413));
#7891=CARTESIAN_POINT('',(-53.4826146811247,8.,42.8782600164413));
#7892=CARTESIAN_POINT('',(-26.7413073405623,8.,42.8782600164413));
#7893=CARTESIAN_POINT('',(-53.4826146811247,7.,42.8782600164413));
#7894=CARTESIAN_POINT('',(-53.4826146811247,8.,42.8782600164413));
#7895=CARTESIAN_POINT('',(-53.4826146811247,7.,42.8782600164413));
#7896=CARTESIAN_POINT('Origin',(-53.4826146811247,8.,43.8000005483627));
#7897=CARTESIAN_POINT('',(-53.4826146811247,8.,43.8000005483627));
#7898=CARTESIAN_POINT('',(-53.4826146811247,8.,21.9000002741814));
#7899=CARTESIAN_POINT('',(-53.4826146811247,7.,43.8000005483627));
#7900=CARTESIAN_POINT('',(-53.4826146811247,8.,43.8000005483627));
#7901=CARTESIAN_POINT('',(-53.4826146811247,7.,43.8000005483627));
#7902=CARTESIAN_POINT('Origin',(-52.5840627402067,8.,43.8000005483627));
#7903=CARTESIAN_POINT('',(-52.5840627402067,8.,43.8000005483627));
#7904=CARTESIAN_POINT('',(-26.2920313701034,8.,43.8000005483627));
#7905=CARTESIAN_POINT('',(-52.5840627402067,7.,43.8000005483627));
#7906=CARTESIAN_POINT('',(-52.5840627402067,8.,43.8000005483627));
#7907=CARTESIAN_POINT('',(-52.5840627402067,7.,43.8000005483627));
#7908=CARTESIAN_POINT('Origin',(-52.5840627402067,8.,48.0724638700485));
#7909=CARTESIAN_POINT('',(-52.5840627402067,8.,48.0724638700485));
#7910=CARTESIAN_POINT('',(-52.5840627402067,8.,24.0362319350243));
#7911=CARTESIAN_POINT('',(-52.5840627402067,7.,48.0724638700485));
#7912=CARTESIAN_POINT('',(-52.5840627402067,8.,48.0724638700485));
#7913=CARTESIAN_POINT('',(-52.5840627402067,7.,48.0724638700485));
#7914=CARTESIAN_POINT('Origin',(-53.4826146811247,8.,48.0724638700485));
#7915=CARTESIAN_POINT('',(-53.4826146811247,8.,48.0724638700485));
#7916=CARTESIAN_POINT('',(-26.7413073405623,8.,48.0724638700485));
#7917=CARTESIAN_POINT('',(-53.4826146811247,7.,48.0724638700485));
#7918=CARTESIAN_POINT('',(-53.4826146811247,8.,48.0724638700485));
#7919=CARTESIAN_POINT('',(-53.4826146811247,7.,48.0724638700485));
#7920=CARTESIAN_POINT('Origin',(-53.4826146811247,8.,49.0000003576279));
#7921=CARTESIAN_POINT('',(-53.4826146811247,8.,49.0000003576279));
#7922=CARTESIAN_POINT('',(-53.4826146811247,8.,24.5000001788139));
#7923=CARTESIAN_POINT('',(-53.4826146811247,7.,49.0000003576279));
#7924=CARTESIAN_POINT('',(-53.4826146811247,8.,49.0000003576279));
#7925=CARTESIAN_POINT('',(-53.4826146811247,7.,49.0000003576279));
#7926=CARTESIAN_POINT('Origin',(-50.0507294386625,8.,49.0000003576279));
#7927=CARTESIAN_POINT('',(-25.0253647193313,8.,49.0000003576279));
#7928=CARTESIAN_POINT('',(-50.0507294386625,7.,49.0000003576279));
#7929=CARTESIAN_POINT('Origin',(-2.50000171363354,7.,45.6927534937859));
#7930=CARTESIAN_POINT('Origin',(-37.1521770209074,8.,47.9217392206192));
#7931=CARTESIAN_POINT('',(-37.1521770209074,8.,47.9217392206192));
#7932=CARTESIAN_POINT('',(-35.5927597731352,8.,42.8782600164413));
#7933=CARTESIAN_POINT('',(-28.7691329442191,8.,20.8092338735834));
#7934=CARTESIAN_POINT('',(-37.1521770209074,7.,47.9217392206192));
#7935=CARTESIAN_POINT('',(-37.1521770209074,8.,47.9217392206192));
#7936=CARTESIAN_POINT('',(-35.5927597731352,7.,42.8782600164413));
#7937=CARTESIAN_POINT('',(-37.1521770209074,7.,47.9217392206192));
#7938=CARTESIAN_POINT('',(-35.5927597731352,8.,42.8782600164413));
#7939=CARTESIAN_POINT('Origin',(-38.7058006972075,8.,42.8782600164413));
#7940=CARTESIAN_POINT('',(-38.7058006972075,8.,42.8782600164413));
#7941=CARTESIAN_POINT('',(-43.0603807991699,8.,28.7421249135847));
#7942=CARTESIAN_POINT('',(-38.7058006972075,7.,42.8782600164413));
#7943=CARTESIAN_POINT('',(-38.7058006972075,8.,42.8782600164413));
#7944=CARTESIAN_POINT('',(-38.7058006972075,7.,42.8782600164413));
#7945=CARTESIAN_POINT('Origin',(-40.0971066206694,8.,42.8782600164413));
#7946=CARTESIAN_POINT('',(-40.0971066206694,8.,42.8782600164413));
#7947=CARTESIAN_POINT('',(-20.0485533103347,8.,42.8782600164413));
#7948=CARTESIAN_POINT('',(-40.0971066206694,7.,42.8782600164413));
#7949=CARTESIAN_POINT('',(-40.0971066206694,8.,42.8782600164413));
#7950=CARTESIAN_POINT('',(-40.0971066206694,7.,42.8782600164413));
#7951=CARTESIAN_POINT('Origin',(-37.940584346652,8.,49.0000003576279));
#7952=CARTESIAN_POINT('',(-37.940584346652,8.,49.0000003576279));
#7953=CARTESIAN_POINT('',(-43.52422026812,8.,33.1496798286993));
#7954=CARTESIAN_POINT('',(-37.940584346652,7.,49.0000003576279));
#7955=CARTESIAN_POINT('',(-37.940584346652,8.,49.0000003576279));
#7956=CARTESIAN_POINT('',(-37.940584346652,7.,49.0000003576279));
#7957=CARTESIAN_POINT('Origin',(-36.4217435568571,8.,49.0000003576279));
#7958=CARTESIAN_POINT('',(-36.4217435568571,8.,49.0000003576279));
#7959=CARTESIAN_POINT('',(-18.2108717784286,8.,49.0000003576279));
#7960=CARTESIAN_POINT('',(-36.4217435568571,7.,49.0000003576279));
#7961=CARTESIAN_POINT('',(-36.4217435568571,8.,49.0000003576279));
#7962=CARTESIAN_POINT('',(-36.4217435568571,7.,49.0000003576279));
#7963=CARTESIAN_POINT('Origin',(-34.2652212828398,8.,42.8782600164413));
#7964=CARTESIAN_POINT('',(-34.2652212828398,8.,42.8782600164413));
#7965=CARTESIAN_POINT('',(-25.655182310858,8.,18.4368602919768));
#7966=CARTESIAN_POINT('',(-34.2652212828398,7.,42.8782600164413));
#7967=CARTESIAN_POINT('',(-34.2652212828398,8.,42.8782600164413));
#7968=CARTESIAN_POINT('',(-34.2652212828398,7.,42.8782600164413));
#7969=CARTESIAN_POINT('Origin',(-35.5927597731352,8.,42.8782600164413));
#7970=CARTESIAN_POINT('',(-17.7963798865676,8.,42.8782600164413));
#7971=CARTESIAN_POINT('',(-35.5927597731352,7.,42.8782600164413));
#7972=CARTESIAN_POINT('Origin',(-2.50000171363354,7.,45.6927534937859));
#7973=CARTESIAN_POINT('Origin',(-32.3985563963652,8.,43.8289850950241));
#7974=CARTESIAN_POINT('',(-32.3985563963652,8.,43.8289850950241));
#7975=CARTESIAN_POINT('',(-32.3985563963652,8.,42.8782600164413));
#7976=CARTESIAN_POINT('',(-32.3985563963652,8.,21.9144925475121));
#7977=CARTESIAN_POINT('',(-32.3985563963652,7.,43.8289850950241));
#7978=CARTESIAN_POINT('',(-32.3985563963652,8.,43.8289850950241));
#7979=CARTESIAN_POINT('',(-32.3985563963652,7.,42.8782600164413));
#7980=CARTESIAN_POINT('',(-32.3985563963652,7.,43.8289850950241));
#7981=CARTESIAN_POINT('',(-32.3985563963652,8.,42.8782600164413));
#7982=CARTESIAN_POINT('Origin',(-30.6246411055326,8.,43.8289850950241));
#7983=CARTESIAN_POINT('',(-30.6246411055326,8.,43.8289850950241));
#7984=CARTESIAN_POINT('',(-15.3123205527663,8.,43.8289850950241));
#7985=CARTESIAN_POINT('',(-30.6246411055326,7.,43.8289850950241));
#7986=CARTESIAN_POINT('',(-30.6246411055326,8.,43.8289850950241));
#7987=CARTESIAN_POINT('',(-30.6246411055326,7.,43.8289850950241));
#7988=CARTESIAN_POINT('Origin',(-30.6246411055326,8.,48.0492752790451));
#7989=CARTESIAN_POINT('',(-30.6246411055326,8.,48.0492752790451));
#7990=CARTESIAN_POINT('',(-30.6246411055326,8.,24.0246376395225));
#7991=CARTESIAN_POINT('',(-30.6246411055326,7.,48.0492752790451));
#7992=CARTESIAN_POINT('',(-30.6246411055326,8.,48.0492752790451));
#7993=CARTESIAN_POINT('',(-30.6246411055326,7.,48.0492752790451));
#7994=CARTESIAN_POINT('Origin',(-32.4565254896879,8.,48.0492752790451));
#7995=CARTESIAN_POINT('',(-32.4565254896879,8.,48.0492752790451));
#7996=CARTESIAN_POINT('',(-16.228262744844,8.,48.0492752790451));
#7997=CARTESIAN_POINT('',(-32.4565254896879,7.,48.0492752790451));
#7998=CARTESIAN_POINT('',(-32.4565254896879,8.,48.0492752790451));
#7999=CARTESIAN_POINT('',(-32.4565254896879,7.,48.0492752790451));
#8000=CARTESIAN_POINT('Origin',(-32.4565254896879,8.,49.0000003576279));
#8001=CARTESIAN_POINT('',(-32.4565254896879,8.,49.0000003576279));
#8002=CARTESIAN_POINT('',(-32.4565254896879,8.,24.5000001788139));
#8003=CARTESIAN_POINT('',(-32.4565254896879,7.,49.0000003576279));
#8004=CARTESIAN_POINT('',(-32.4565254896879,8.,49.0000003576279));
#8005=CARTESIAN_POINT('',(-32.4565254896879,7.,49.0000003576279));
#8006=CARTESIAN_POINT('Origin',(-27.6623236387968,8.,49.0000003576279));
#8007=CARTESIAN_POINT('',(-27.6623236387968,8.,49.0000003576279));
#8008=CARTESIAN_POINT('',(-13.8311618193984,8.,49.0000003576279));
#8009=CARTESIAN_POINT('',(-27.6623236387968,7.,49.0000003576279));
#8010=CARTESIAN_POINT('',(-27.6623236387968,8.,49.0000003576279));
#8011=CARTESIAN_POINT('',(-27.6623236387968,7.,49.0000003576279));
#8012=CARTESIAN_POINT('Origin',(-27.6623236387968,8.,48.0492752790451));
#8013=CARTESIAN_POINT('',(-27.6623236387968,8.,48.0492752790451));
#8014=CARTESIAN_POINT('',(-27.6623236387968,8.,24.0246376395225));
#8015=CARTESIAN_POINT('',(-27.6623236387968,7.,48.0492752790451));
#8016=CARTESIAN_POINT('',(-27.6623236387968,8.,48.0492752790451));
#8017=CARTESIAN_POINT('',(-27.6623236387968,7.,48.0492752790451));
#8018=CARTESIAN_POINT('Origin',(-29.3260895460844,8.,48.0492752790451));
#8019=CARTESIAN_POINT('',(-29.3260895460844,8.,48.0492752790451));
#8020=CARTESIAN_POINT('',(-14.6630447730422,8.,48.0492752790451));
#8021=CARTESIAN_POINT('',(-29.3260895460844,7.,48.0492752790451));
#8022=CARTESIAN_POINT('',(-29.3260895460844,8.,48.0492752790451));
#8023=CARTESIAN_POINT('',(-29.3260895460844,7.,48.0492752790451));
#8024=CARTESIAN_POINT('Origin',(-29.3260895460844,8.,42.8782600164413));
#8025=CARTESIAN_POINT('',(-29.3260895460844,8.,42.8782600164413));
#8026=CARTESIAN_POINT('',(-29.3260895460844,8.,21.4391300082207));
#8027=CARTESIAN_POINT('',(-29.3260895460844,7.,42.8782600164413));
#8028=CARTESIAN_POINT('',(-29.3260895460844,8.,42.8782600164413));
#8029=CARTESIAN_POINT('',(-29.3260895460844,7.,42.8782600164413));
#8030=CARTESIAN_POINT('Origin',(-32.3985563963652,8.,42.8782600164413));
#8031=CARTESIAN_POINT('',(-16.1992781981826,8.,42.8782600164413));
#8032=CARTESIAN_POINT('',(-32.3985563963652,7.,42.8782600164413));
#8033=CARTESIAN_POINT('Origin',(-2.50000171363354,7.,45.6927534937859));
#8034=CARTESIAN_POINT('Origin',(-16.2999998778105,8.,48.0956524610519));
#8035=CARTESIAN_POINT('',(-16.2999998778105,8.,48.0956524610519));
#8036=CARTESIAN_POINT('',(-14.7347819060087,8.,42.8782600164413));
#8037=CARTESIAN_POINT('',(-9.00839530340167,8.,23.790307581951));
#8038=CARTESIAN_POINT('',(-16.2999998778105,7.,48.0956524610519));
#8039=CARTESIAN_POINT('',(-16.2999998778105,8.,48.0956524610519));
#8040=CARTESIAN_POINT('',(-14.7347819060087,7.,42.8782600164413));
#8041=CARTESIAN_POINT('',(-16.2999998778105,7.,48.0956524610519));
#8042=CARTESIAN_POINT('',(-14.7347819060087,8.,42.8782600164413));
#8043=CARTESIAN_POINT('Origin',(-17.8420292586088,8.,42.8782600164413));
#8044=CARTESIAN_POINT('',(-17.8420292586088,8.,42.8782600164413));
#8045=CARTESIAN_POINT('',(-22.9527665477002,8.,25.5862923986194));
#8046=CARTESIAN_POINT('',(-17.8420292586088,7.,42.8782600164413));
#8047=CARTESIAN_POINT('',(-17.8420292586088,8.,42.8782600164413));
#8048=CARTESIAN_POINT('',(-17.8420292586088,7.,42.8782600164413));
#8049=CARTESIAN_POINT('Origin',(-19.2217385023832,8.,42.8782600164413));
#8050=CARTESIAN_POINT('',(-19.2217385023832,8.,42.8782600164413));
#8051=CARTESIAN_POINT('',(-9.61086925119162,8.,42.8782600164413));
#8052=CARTESIAN_POINT('',(-19.2217385023832,7.,42.8782600164413));
#8053=CARTESIAN_POINT('',(-19.2217385023832,8.,42.8782600164413));
#8054=CARTESIAN_POINT('',(-19.2217385023832,7.,42.8782600164413));
#8055=CARTESIAN_POINT('Origin',(-17.1579682081938,8.,49.0000003576279));
#8056=CARTESIAN_POINT('',(-17.1579682081938,8.,49.0000003576279));
#8057=CARTESIAN_POINT('',(-23.6990372961544,8.,29.5972952101619));
#8058=CARTESIAN_POINT('',(-17.1579682081938,7.,49.0000003576279));
#8059=CARTESIAN_POINT('',(-17.1579682081938,8.,49.0000003576279));
#8060=CARTESIAN_POINT('',(-17.1579682081938,7.,49.0000003576279));
#8061=CARTESIAN_POINT('Origin',(-16.7173897475004,8.,49.0000003576279));
#8062=CARTESIAN_POINT('',(-16.7173897475004,8.,49.0000003576279));
#8063=CARTESIAN_POINT('',(-8.35869487375021,8.,49.0000003576279));
#8064=CARTESIAN_POINT('',(-16.7173897475004,7.,49.0000003576279));
#8065=CARTESIAN_POINT('',(-16.7173897475004,8.,49.0000003576279));
#8066=CARTESIAN_POINT('',(-16.7173897475004,7.,49.0000003576279));
#8067=CARTESIAN_POINT('Ctrl Pts',(-17.1057974547148,8.,49.7478264570236));
#8068=CARTESIAN_POINT('Ctrl Pts',(-17.1057974547148,7.,49.7478264570236));
#8069=CARTESIAN_POINT('Ctrl Pts',(-17.0330272854645,8.,49.6372006613568));
#8070=CARTESIAN_POINT('Ctrl Pts',(-17.0330272854645,7.,49.6372006613568));
#8071=CARTESIAN_POINT('Ctrl Pts',(-16.8779061461422,8.,49.4013842596766));
#8072=CARTESIAN_POINT('Ctrl Pts',(-16.8779061461422,7.,49.4013842596766));
#8073=CARTESIAN_POINT('Ctrl Pts',(-16.773053889173,8.,49.1391929297126));
#8074=CARTESIAN_POINT('Ctrl Pts',(-16.773053889173,7.,49.1391929297126));
#8075=CARTESIAN_POINT('Ctrl Pts',(-16.7173897475004,8.,49.0000003576279));
#8076=CARTESIAN_POINT('Ctrl Pts',(-16.7173897475004,7.,49.0000003576279));
#8077=CARTESIAN_POINT('',(-17.1057974547148,8.,49.7478264570236));
#8078=CARTESIAN_POINT('Ctrl Pts',(-17.1057974547148,8.,49.7478264570236));
#8079=CARTESIAN_POINT('Ctrl Pts',(-17.0330272854645,8.,49.6372006613568));
#8080=CARTESIAN_POINT('Ctrl Pts',(-16.8779061461422,8.,49.4013842596766));
#8081=CARTESIAN_POINT('Ctrl Pts',(-16.773053889173,8.,49.1391929297126));
#8082=CARTESIAN_POINT('Ctrl Pts',(-16.7173897475004,8.,49.0000003576279));
#8083=CARTESIAN_POINT('',(-17.1057974547148,7.,49.7478264570236));
#8084=CARTESIAN_POINT('',(-17.1057974547148,8.,49.7478264570236));
#8085=CARTESIAN_POINT('Ctrl Pts',(-17.1057974547148,7.,49.7478264570236));
#8086=CARTESIAN_POINT('Ctrl Pts',(-17.0330272854645,7.,49.6372006613568));
#8087=CARTESIAN_POINT('Ctrl Pts',(-16.8779061461422,7.,49.4013842596766));
#8088=CARTESIAN_POINT('Ctrl Pts',(-16.773053889173,7.,49.1391929297126));
#8089=CARTESIAN_POINT('Ctrl Pts',(-16.7173897475004,7.,49.0000003576279));
#8090=CARTESIAN_POINT('Ctrl Pts',(-17.6913058012724,8.,50.2405804395676));
#8091=CARTESIAN_POINT('Ctrl Pts',(-17.6913058012724,7.,50.2405804395676));
#8092=CARTESIAN_POINT('Ctrl Pts',(-17.5751667820932,8.,50.175101559401));
#8093=CARTESIAN_POINT('Ctrl Pts',(-17.5751667820932,7.,50.175101559401));
#8094=CARTESIAN_POINT('Ctrl Pts',(-17.3489093066591,8.,50.0475381769527));
#8095=CARTESIAN_POINT('Ctrl Pts',(-17.3489093066591,7.,50.0475381769527));
#8096=CARTESIAN_POINT('Ctrl Pts',(-17.1853843077306,8.,49.8459422519153));
#8097=CARTESIAN_POINT('Ctrl Pts',(-17.1853843077306,7.,49.8459422519153));
#8098=CARTESIAN_POINT('Ctrl Pts',(-17.1057974547148,8.,49.7478264570236));
#8099=CARTESIAN_POINT('Ctrl Pts',(-17.1057974547148,7.,49.7478264570236));
#8100=CARTESIAN_POINT('',(-17.6913058012724,8.,50.2405804395676));
#8101=CARTESIAN_POINT('Ctrl Pts',(-17.6913058012724,8.,50.2405804395676));
#8102=CARTESIAN_POINT('Ctrl Pts',(-17.5751667820932,8.,50.175101559401));
#8103=CARTESIAN_POINT('Ctrl Pts',(-17.3489093066591,8.,50.0475381769527));
#8104=CARTESIAN_POINT('Ctrl Pts',(-17.1853843077306,8.,49.8459422519153));
#8105=CARTESIAN_POINT('Ctrl Pts',(-17.1057974547148,8.,49.7478264570236));
#8106=CARTESIAN_POINT('',(-17.6913058012724,7.,50.2405804395676));
#8107=CARTESIAN_POINT('',(-17.6913058012724,8.,50.2405804395676));
#8108=CARTESIAN_POINT('Ctrl Pts',(-17.6913058012724,7.,50.2405804395676));
#8109=CARTESIAN_POINT('Ctrl Pts',(-17.5751667820932,7.,50.175101559401));
#8110=CARTESIAN_POINT('Ctrl Pts',(-17.3489093066591,7.,50.0475381769527));
#8111=CARTESIAN_POINT('Ctrl Pts',(-17.1853843077306,7.,49.8459422519153));
#8112=CARTESIAN_POINT('Ctrl Pts',(-17.1057974547148,7.,49.7478264570236));
#8113=CARTESIAN_POINT('Ctrl Pts',(-18.6768089979887,8.,50.5304354429245));
#8114=CARTESIAN_POINT('Ctrl Pts',(-18.6768089979887,7.,50.5304354429245));
#8115=CARTESIAN_POINT('Ctrl Pts',(-18.4888953972824,8.,50.4977915735225));
#8116=CARTESIAN_POINT('Ctrl Pts',(-18.4888953972824,7.,50.4977915735225));
#8117=CARTESIAN_POINT('Ctrl Pts',(-18.1490006923952,8.,50.4387459359793));
#8118=CARTESIAN_POINT('Ctrl Pts',(-18.1490006923952,7.,50.4387459359793));
#8119=CARTESIAN_POINT('Ctrl Pts',(-17.8327255939281,8.,50.3018101451151));
#8120=CARTESIAN_POINT('Ctrl Pts',(-17.8327255939281,7.,50.3018101451151));
#8121=CARTESIAN_POINT('Ctrl Pts',(-17.6913058012724,8.,50.2405804395676));
#8122=CARTESIAN_POINT('Ctrl Pts',(-17.6913058012724,7.,50.2405804395676));
#8123=CARTESIAN_POINT('',(-18.6768089979887,8.,50.5304354429245));
#8124=CARTESIAN_POINT('Ctrl Pts',(-18.6768089979887,8.,50.5304354429245));
#8125=CARTESIAN_POINT('Ctrl Pts',(-18.4888953972824,8.,50.4977915735225));
#8126=CARTESIAN_POINT('Ctrl Pts',(-18.1490006923952,8.,50.4387459359793));
#8127=CARTESIAN_POINT('Ctrl Pts',(-17.8327255939281,8.,50.3018101451151));
#8128=CARTESIAN_POINT('Ctrl Pts',(-17.6913058012724,8.,50.2405804395676));
#8129=CARTESIAN_POINT('',(-18.6768089979887,7.,50.5304354429245));
#8130=CARTESIAN_POINT('',(-18.6768089979887,8.,50.5304354429245));
#8131=CARTESIAN_POINT('Ctrl Pts',(-18.6768089979887,7.,50.5304354429245));
#8132=CARTESIAN_POINT('Ctrl Pts',(-18.4888953972824,7.,50.4977915735225));
#8133=CARTESIAN_POINT('Ctrl Pts',(-18.1490006923952,7.,50.4387459359793));
#8134=CARTESIAN_POINT('Ctrl Pts',(-17.8327255939281,7.,50.3018101451151));
#8135=CARTESIAN_POINT('Ctrl Pts',(-17.6913058012724,7.,50.2405804395676));
#8136=CARTESIAN_POINT('Origin',(-18.5086952894926,8.,51.5043479204178));
#8137=CARTESIAN_POINT('',(-18.5086952894926,8.,51.5043479204178));
#8138=CARTESIAN_POINT('',(-22.5575642201973,8.,28.0485333611913));
#8139=CARTESIAN_POINT('',(-18.5086952894926,7.,51.5043479204178));
#8140=CARTESIAN_POINT('',(-18.5086952894926,8.,51.5043479204178));
#8141=CARTESIAN_POINT('',(-18.5086952894926,7.,51.5043479204178));
#8142=CARTESIAN_POINT('Ctrl Pts',(-17.0710121840239,8.,51.1043483018875));
#8143=CARTESIAN_POINT('Ctrl Pts',(-17.0710121840239,7.,51.1043483018875));
#8144=CARTESIAN_POINT('Ctrl Pts',(-17.2842853128528,8.,51.2028206712396));
#8145=CARTESIAN_POINT('Ctrl Pts',(-17.2842853128528,7.,51.2028206712396));
#8146=CARTESIAN_POINT('Ctrl Pts',(-17.7413073326498,8.,51.4138366645933));
#8147=CARTESIAN_POINT('Ctrl Pts',(-17.7413073326498,7.,51.4138366645933));
#8148=CARTESIAN_POINT('Ctrl Pts',(-18.241775015621,8.,51.4728654232302));
#8149=CARTESIAN_POINT('Ctrl Pts',(-18.241775015621,7.,51.4728654232302));
#8150=CARTESIAN_POINT('Ctrl Pts',(-18.5086952894926,8.,51.5043479204178));
#8151=CARTESIAN_POINT('Ctrl Pts',(-18.5086952894926,7.,51.5043479204178));
#8152=CARTESIAN_POINT('',(-17.0710121840239,8.,51.1043483018875));
#8153=CARTESIAN_POINT('Ctrl Pts',(-17.0710121840239,8.,51.1043483018875));
#8154=CARTESIAN_POINT('Ctrl Pts',(-17.2842853128528,8.,51.2028206712396));
#8155=CARTESIAN_POINT('Ctrl Pts',(-17.7413073326498,8.,51.4138366645933));
#8156=CARTESIAN_POINT('Ctrl Pts',(-18.241775015621,8.,51.4728654232302));
#8157=CARTESIAN_POINT('Ctrl Pts',(-18.5086952894926,8.,51.5043479204178));
#8158=CARTESIAN_POINT('',(-17.0710121840239,7.,51.1043483018875));
#8159=CARTESIAN_POINT('',(-17.0710121840239,8.,51.1043483018875));
#8160=CARTESIAN_POINT('Ctrl Pts',(-17.0710121840239,7.,51.1043483018875));
#8161=CARTESIAN_POINT('Ctrl Pts',(-17.2842853128528,7.,51.2028206712396));
#8162=CARTESIAN_POINT('Ctrl Pts',(-17.7413073326498,7.,51.4138366645933));
#8163=CARTESIAN_POINT('Ctrl Pts',(-18.241775015621,7.,51.4728654232302));
#8164=CARTESIAN_POINT('Ctrl Pts',(-18.5086952894926,7.,51.5043479204178));
#8165=CARTESIAN_POINT('Ctrl Pts',(-16.1202894896269,8.,50.2521747350693));
#8166=CARTESIAN_POINT('Ctrl Pts',(-16.1202894896269,7.,50.2521747350693));
#8167=CARTESIAN_POINT('Ctrl Pts',(-16.2531095401279,8.,50.421263772934));
#8168=CARTESIAN_POINT('Ctrl Pts',(-16.2531095401279,7.,50.421263772934));
#8169=CARTESIAN_POINT('Ctrl Pts',(-16.5200113834678,8.,50.7610481332354));
#8170=CARTESIAN_POINT('Ctrl Pts',(-16.5200113834678,7.,50.7610481332354));
#8171=CARTESIAN_POINT('Ctrl Pts',(-16.8867673208213,8.,50.9895548341704));
#8172=CARTESIAN_POINT('Ctrl Pts',(-16.8867673208213,7.,50.9895548341704));
#8173=CARTESIAN_POINT('Ctrl Pts',(-17.0710121840239,8.,51.1043483018875));
#8174=CARTESIAN_POINT('Ctrl Pts',(-17.0710121840239,7.,51.1043483018875));
#8175=CARTESIAN_POINT('',(-16.1202894896269,8.,50.2521747350693));
#8176=CARTESIAN_POINT('Ctrl Pts',(-16.1202894896269,8.,50.2521747350693));
#8177=CARTESIAN_POINT('Ctrl Pts',(-16.2531095401279,8.,50.421263772934));
#8178=CARTESIAN_POINT('Ctrl Pts',(-16.5200113834678,8.,50.7610481332354));
#8179=CARTESIAN_POINT('Ctrl Pts',(-16.8867673208213,8.,50.9895548341704));
#8180=CARTESIAN_POINT('Ctrl Pts',(-17.0710121840239,8.,51.1043483018875));
#8181=CARTESIAN_POINT('',(-16.1202894896269,7.,50.2521747350693));
#8182=CARTESIAN_POINT('',(-16.1202894896269,8.,50.2521747350693));
#8183=CARTESIAN_POINT('Ctrl Pts',(-16.1202894896269,7.,50.2521747350693));
#8184=CARTESIAN_POINT('Ctrl Pts',(-16.2531095401279,7.,50.421263772934));
#8185=CARTESIAN_POINT('Ctrl Pts',(-16.5200113834678,7.,50.7610481332354));
#8186=CARTESIAN_POINT('Ctrl Pts',(-16.8867673208213,7.,50.9895548341704));
#8187=CARTESIAN_POINT('Ctrl Pts',(-17.0710121840239,7.,51.1043483018875));
#8188=CARTESIAN_POINT('Ctrl Pts',(-15.5115925520658,8.,49.0231889486313));
#8189=CARTESIAN_POINT('Ctrl Pts',(-15.5115925520658,7.,49.0231889486313));
#8190=CARTESIAN_POINT('Ctrl Pts',(-15.5943260239055,8.,49.245333528252));
#8191=CARTESIAN_POINT('Ctrl Pts',(-15.5943260239055,7.,49.245333528252));
#8192=CARTESIAN_POINT('Ctrl Pts',(-15.7547708871059,8.,49.6761380852884));
#8193=CARTESIAN_POINT('Ctrl Pts',(-15.7547708871059,7.,49.6761380852884));
#8194=CARTESIAN_POINT('Ctrl Pts',(-16.001019226402,8.,50.0642115442148));
#8195=CARTESIAN_POINT('Ctrl Pts',(-16.001019226402,7.,50.0642115442148));
#8196=CARTESIAN_POINT('Ctrl Pts',(-16.1202894896269,8.,50.2521747350693));
#8197=CARTESIAN_POINT('Ctrl Pts',(-16.1202894896269,7.,50.2521747350693));
#8198=CARTESIAN_POINT('',(-15.5115925520658,8.,49.0231889486313));
#8199=CARTESIAN_POINT('Ctrl Pts',(-15.5115925520658,8.,49.0231889486313));
#8200=CARTESIAN_POINT('Ctrl Pts',(-15.5943260239055,8.,49.245333528252));
#8201=CARTESIAN_POINT('Ctrl Pts',(-15.7547708871059,8.,49.6761380852884));
#8202=CARTESIAN_POINT('Ctrl Pts',(-16.001019226402,8.,50.0642115442148));
#8203=CARTESIAN_POINT('Ctrl Pts',(-16.1202894896269,8.,50.2521747350693));
#8204=CARTESIAN_POINT('',(-15.5115925520658,7.,49.0231889486313));
#8205=CARTESIAN_POINT('',(-15.5115925520658,8.,49.0231889486313));
#8206=CARTESIAN_POINT('Ctrl Pts',(-15.5115925520658,7.,49.0231889486313));
#8207=CARTESIAN_POINT('Ctrl Pts',(-15.5943260239055,7.,49.245333528252));
#8208=CARTESIAN_POINT('Ctrl Pts',(-15.7547708871059,7.,49.6761380852884));
#8209=CARTESIAN_POINT('Ctrl Pts',(-16.001019226402,7.,50.0642115442148));
#8210=CARTESIAN_POINT('Ctrl Pts',(-16.1202894896269,7.,50.2521747350693));
#8211=CARTESIAN_POINT('Origin',(-13.4014498442411,8.,42.8782600164413));
#8212=CARTESIAN_POINT('',(-13.4014498442411,8.,42.8782600164413));
#8213=CARTESIAN_POINT('',(-6.1091069091418,8.,21.6422891414964));
#8214=CARTESIAN_POINT('',(-13.4014498442411,7.,42.8782600164413));
#8215=CARTESIAN_POINT('',(-13.4014498442411,8.,42.8782600164413));
#8216=CARTESIAN_POINT('',(-13.4014498442411,7.,42.8782600164413));
#8217=CARTESIAN_POINT('Origin',(-14.7347819060087,8.,42.8782600164413));
#8218=CARTESIAN_POINT('',(-7.36739095300436,8.,42.8782600164413));
#8219=CARTESIAN_POINT('',(-14.7347819060087,7.,42.8782600164413));
#8220=CARTESIAN_POINT('Origin',(-2.50000171363354,7.,45.6927534937859));
#8221=CARTESIAN_POINT('Origin',(-4.84493128955364,8.,49.0000003576279));
#8222=CARTESIAN_POINT('',(-4.84493128955364,8.,49.0000003576279));
#8223=CARTESIAN_POINT('',(-4.84493128955364,8.,40.43188393116));
#8224=CARTESIAN_POINT('',(-4.84493128955364,8.,24.5000001788139));
#8225=CARTESIAN_POINT('',(-4.84493128955364,7.,49.0000003576279));
#8226=CARTESIAN_POINT('',(-4.84493128955364,8.,49.0000003576279));
#8227=CARTESIAN_POINT('',(-4.84493128955364,7.,40.43188393116));
#8228=CARTESIAN_POINT('',(-4.84493128955364,7.,49.0000003576279));
#8229=CARTESIAN_POINT('',(-4.84493128955364,8.,40.43188393116));
#8230=CARTESIAN_POINT('Origin',(-3.54638449847698,8.,49.0000003576279));
#8231=CARTESIAN_POINT('',(-3.54638449847698,8.,49.0000003576279));
#8232=CARTESIAN_POINT('',(-1.77319224923849,8.,49.0000003576279));
#8233=CARTESIAN_POINT('',(-3.54638449847698,7.,49.0000003576279));
#8234=CARTESIAN_POINT('',(-3.54638449847698,8.,49.0000003576279));
#8235=CARTESIAN_POINT('',(-3.54638449847698,7.,49.0000003576279));
#8236=CARTESIAN_POINT('Origin',(-3.54638449847698,8.,44.6231883764267));
#8237=CARTESIAN_POINT('',(-3.54638449847698,8.,44.6231883764267));
#8238=CARTESIAN_POINT('',(-3.54638449847698,8.,22.3115941882133));
#8239=CARTESIAN_POINT('',(-3.54638449847698,7.,44.6231883764267));
#8240=CARTESIAN_POINT('',(-3.54638449847698,8.,44.6231883764267));
#8241=CARTESIAN_POINT('',(-3.54638449847698,7.,44.6231883764267));
#8242=CARTESIAN_POINT('Ctrl Pts',(-2.92609088122845,8.,43.991305232048));
#8243=CARTESIAN_POINT('Ctrl Pts',(-2.92609088122845,7.,43.991305232048));
#8244=CARTESIAN_POINT('Ctrl Pts',(-3.04392615186213,8.,44.0861212574885));
#8245=CARTESIAN_POINT('Ctrl Pts',(-3.04392615186213,7.,44.0861212574885));
#8246=CARTESIAN_POINT('Ctrl Pts',(-3.27550315910294,8.,44.2724594505599));
#8247=CARTESIAN_POINT('Ctrl Pts',(-3.27550315910294,7.,44.2724594505599));
#8248=CARTESIAN_POINT('Ctrl Pts',(-3.45716109400278,8.,44.507664623902));
#8249=CARTESIAN_POINT('Ctrl Pts',(-3.45716109400278,7.,44.507664623902));
#8250=CARTESIAN_POINT('Ctrl Pts',(-3.54638449847698,8.,44.6231883764267));
#8251=CARTESIAN_POINT('Ctrl Pts',(-3.54638449847698,7.,44.6231883764267));
#8252=CARTESIAN_POINT('',(-2.92609088122845,8.,43.991305232048));
#8253=CARTESIAN_POINT('Ctrl Pts',(-2.92609088122845,8.,43.991305232048));
#8254=CARTESIAN_POINT('Ctrl Pts',(-3.04392615186213,8.,44.0861212574885));
#8255=CARTESIAN_POINT('Ctrl Pts',(-3.27550315910294,8.,44.2724594505599));
#8256=CARTESIAN_POINT('Ctrl Pts',(-3.45716109400278,8.,44.507664623902));
#8257=CARTESIAN_POINT('Ctrl Pts',(-3.54638449847698,8.,44.6231883764267));
#8258=CARTESIAN_POINT('',(-2.92609088122845,7.,43.991305232048));
#8259=CARTESIAN_POINT('',(-2.92609088122845,8.,43.991305232048));
#8260=CARTESIAN_POINT('Ctrl Pts',(-2.92609088122845,7.,43.991305232048));
#8261=CARTESIAN_POINT('Ctrl Pts',(-3.04392615186213,7.,44.0861212574885));
#8262=CARTESIAN_POINT('Ctrl Pts',(-3.27550315910294,7.,44.2724594505599));
#8263=CARTESIAN_POINT('Ctrl Pts',(-3.45716109400278,7.,44.507664623902));
#8264=CARTESIAN_POINT('Ctrl Pts',(-3.54638449847698,7.,44.6231883764267));
#8265=CARTESIAN_POINT('Ctrl Pts',(-2.12029807269573,8.,43.7072461843491));
#8266=CARTESIAN_POINT('Ctrl Pts',(-2.12029807269573,7.,43.7072461843491));
#8267=CARTESIAN_POINT('Ctrl Pts',(-2.26372494189981,8.,43.7199799347122));
#8268=CARTESIAN_POINT('Ctrl Pts',(-2.26372494189981,7.,43.7199799347122));
#8269=CARTESIAN_POINT('Ctrl Pts',(-2.55628997186744,8.,43.7459544963636));
#8270=CARTESIAN_POINT('Ctrl Pts',(-2.55628997186744,7.,43.7459544963636));
#8271=CARTESIAN_POINT('Ctrl Pts',(-2.80123005018149,8.,43.9084641789839));
#8272=CARTESIAN_POINT('Ctrl Pts',(-2.80123005018149,7.,43.9084641789839));
#8273=CARTESIAN_POINT('Ctrl Pts',(-2.92609088122845,8.,43.991305232048));
#8274=CARTESIAN_POINT('Ctrl Pts',(-2.92609088122845,7.,43.991305232048));
#8275=CARTESIAN_POINT('',(-2.12029807269573,8.,43.7072461843491));
#8276=CARTESIAN_POINT('Ctrl Pts',(-2.12029807269573,8.,43.7072461843491));
#8277=CARTESIAN_POINT('Ctrl Pts',(-2.26372494189981,8.,43.7199799347122));
#8278=CARTESIAN_POINT('Ctrl Pts',(-2.55628997186744,8.,43.7459544963636));
#8279=CARTESIAN_POINT('Ctrl Pts',(-2.80123005018149,8.,43.9084641789839));
#8280=CARTESIAN_POINT('Ctrl Pts',(-2.92609088122845,8.,43.991305232048));
#8281=CARTESIAN_POINT('',(-2.12029807269573,7.,43.7072461843491));
#8282=CARTESIAN_POINT('',(-2.12029807269573,8.,43.7072461843491));
#8283=CARTESIAN_POINT('Ctrl Pts',(-2.12029807269573,7.,43.7072461843491));
#8284=CARTESIAN_POINT('Ctrl Pts',(-2.26372494189981,7.,43.7199799347122));
#8285=CARTESIAN_POINT('Ctrl Pts',(-2.55628997186744,7.,43.7459544963636));
#8286=CARTESIAN_POINT('Ctrl Pts',(-2.80123005018149,7.,43.9084641789839));
#8287=CARTESIAN_POINT('Ctrl Pts',(-2.92609088122845,7.,43.991305232048));
#8288=CARTESIAN_POINT('Ctrl Pts',(-1.44783370196819,8.,43.9507240056992));
#8289=CARTESIAN_POINT('Ctrl Pts',(-1.44783370196819,7.,43.9507240056992));
#8290=CARTESIAN_POINT('Ctrl Pts',(-1.53478996313787,8.,43.8799104935479));
#8291=CARTESIAN_POINT('Ctrl Pts',(-1.53478996313787,7.,43.8799104935479));
#8292=CARTESIAN_POINT('Ctrl Pts',(-1.72901171158668,8.,43.7217444919419));
#8293=CARTESIAN_POINT('Ctrl Pts',(-1.72901171158668,7.,43.7217444919419));
#8294=CARTESIAN_POINT('Ctrl Pts',(-1.98108315008484,8.,43.7124045056455));
#8295=CARTESIAN_POINT('Ctrl Pts',(-1.98108315008484,7.,43.7124045056455));
#8296=CARTESIAN_POINT('Ctrl Pts',(-2.12029807269573,8.,43.7072461843491));
#8297=CARTESIAN_POINT('Ctrl Pts',(-2.12029807269573,7.,43.7072461843491));
#8298=CARTESIAN_POINT('',(-1.44783370196819,8.,43.9507240056992));
#8299=CARTESIAN_POINT('Ctrl Pts',(-1.44783370196819,8.,43.9507240056992));
#8300=CARTESIAN_POINT('Ctrl Pts',(-1.53478996313787,8.,43.8799104935479));
#8301=CARTESIAN_POINT('Ctrl Pts',(-1.72901171158668,8.,43.7217444919419));
#8302=CARTESIAN_POINT('Ctrl Pts',(-1.98108315008484,8.,43.7124045056455));
#8303=CARTESIAN_POINT('Ctrl Pts',(-2.12029807269573,8.,43.7072461843491));
#8304=CARTESIAN_POINT('',(-1.44783370196819,7.,43.9507240056992));
#8305=CARTESIAN_POINT('',(-1.44783370196819,8.,43.9507240056992));
#8306=CARTESIAN_POINT('Ctrl Pts',(-1.44783370196819,7.,43.9507240056992));
#8307=CARTESIAN_POINT('Ctrl Pts',(-1.53478996313787,7.,43.8799104935479));
#8308=CARTESIAN_POINT('Ctrl Pts',(-1.72901171158668,7.,43.7217444919419));
#8309=CARTESIAN_POINT('Ctrl Pts',(-1.98108315008484,7.,43.7124045056455));
#8310=CARTESIAN_POINT('Ctrl Pts',(-2.12029807269573,7.,43.7072461843491));
#8311=CARTESIAN_POINT('Ctrl Pts',(-1.23913638293743,8.,44.7391301393509));
#8312=CARTESIAN_POINT('Ctrl Pts',(-1.23913638293743,7.,44.7391301393509));
#8313=CARTESIAN_POINT('Ctrl Pts',(-1.24132947437499,8.,44.5771898362831));
#8314=CARTESIAN_POINT('Ctrl Pts',(-1.24132947437499,7.,44.5771898362831));
#8315=CARTESIAN_POINT('Ctrl Pts',(-1.24514933146574,8.,44.2951273539065));
#8316=CARTESIAN_POINT('Ctrl Pts',(-1.24514933146574,7.,44.2951273539065));
#8317=CARTESIAN_POINT('Ctrl Pts',(-1.38729711115301,8.,44.0535883978283));
#8318=CARTESIAN_POINT('Ctrl Pts',(-1.38729711115301,7.,44.0535883978283));
#8319=CARTESIAN_POINT('Ctrl Pts',(-1.44783370196819,8.,43.9507240056992));
#8320=CARTESIAN_POINT('Ctrl Pts',(-1.44783370196819,7.,43.9507240056992));
#8321=CARTESIAN_POINT('',(-1.23913638293743,8.,44.7391301393509));
#8322=CARTESIAN_POINT('Ctrl Pts',(-1.23913638293743,8.,44.7391301393509));
#8323=CARTESIAN_POINT('Ctrl Pts',(-1.24132947437499,8.,44.5771898362831));
#8324=CARTESIAN_POINT('Ctrl Pts',(-1.24514933146574,8.,44.2951273539065));
#8325=CARTESIAN_POINT('Ctrl Pts',(-1.38729711115301,8.,44.0535883978283));
#8326=CARTESIAN_POINT('Ctrl Pts',(-1.44783370196819,8.,43.9507240056992));
#8327=CARTESIAN_POINT('',(-1.23913638293743,7.,44.7391301393509));
#8328=CARTESIAN_POINT('',(-1.23913638293743,8.,44.7391301393509));
#8329=CARTESIAN_POINT('Ctrl Pts',(-1.23913638293743,7.,44.7391301393509));
#8330=CARTESIAN_POINT('Ctrl Pts',(-1.24132947437499,7.,44.5771898362831));
#8331=CARTESIAN_POINT('Ctrl Pts',(-1.24514933146574,7.,44.2951273539065));
#8332=CARTESIAN_POINT('Ctrl Pts',(-1.38729711115301,7.,44.0535883978283));
#8333=CARTESIAN_POINT('Ctrl Pts',(-1.44783370196819,7.,43.9507240056992));
#8334=CARTESIAN_POINT('Origin',(-1.23913638293743,8.,49.0000003576279));
#8335=CARTESIAN_POINT('',(-1.23913638293743,8.,49.0000003576279));
#8336=CARTESIAN_POINT('',(-1.23913638293743,8.,24.5000001788139));
#8337=CARTESIAN_POINT('',(-1.23913638293743,7.,49.0000003576279));
#8338=CARTESIAN_POINT('',(-1.23913638293743,8.,49.0000003576279));
#8339=CARTESIAN_POINT('',(-1.23913638293743,7.,49.0000003576279));
#8340=CARTESIAN_POINT('Origin',(0.0594151765108109,8.,49.0000003576279));
#8341=CARTESIAN_POINT('',(0.0594151765108109,8.,49.0000003576279));
#8342=CARTESIAN_POINT('',(0.0297075882554054,8.,49.0000003576279));
#8343=CARTESIAN_POINT('',(0.0594151765108109,7.,49.0000003576279));
#8344=CARTESIAN_POINT('',(0.0594151765108109,8.,49.0000003576279));
#8345=CARTESIAN_POINT('',(0.0594151765108109,7.,49.0000003576279));
#8346=CARTESIAN_POINT('Origin',(0.0594151765108109,8.,44.5362323522568));
#8347=CARTESIAN_POINT('',(0.0594151765108109,8.,44.5362323522568));
#8348=CARTESIAN_POINT('',(0.0594151765108109,8.,22.2681161761284));
#8349=CARTESIAN_POINT('',(0.0594151765108109,7.,44.5362323522568));
#8350=CARTESIAN_POINT('',(0.0594151765108109,8.,44.5362323522568));
#8351=CARTESIAN_POINT('',(0.0594151765108109,7.,44.5362323522568));
#8352=CARTESIAN_POINT('Ctrl Pts',(-0.363773033022881,8.,43.1971019506454));
#8353=CARTESIAN_POINT('Ctrl Pts',(-0.363773033022881,7.,43.1971019506454));
#8354=CARTESIAN_POINT('Ctrl Pts',(-0.240550526612395,8.,43.3830980930403));
#8355=CARTESIAN_POINT('Ctrl Pts',(-0.240550526612395,7.,43.3830980930403));
#8356=CARTESIAN_POINT('Ctrl Pts',(0.0272649893122967,8.,43.7873477247558));
#8357=CARTESIAN_POINT('Ctrl Pts',(0.0272649893122967,7.,43.7873477247558));
#8358=CARTESIAN_POINT('Ctrl Pts',(0.0481431197109838,8.,44.2736687159836));
#8359=CARTESIAN_POINT('Ctrl Pts',(0.0481431197109838,7.,44.2736687159836));
#8360=CARTESIAN_POINT('Ctrl Pts',(0.0594151765108109,8.,44.5362323522568));
#8361=CARTESIAN_POINT('Ctrl Pts',(0.0594151765108109,7.,44.5362323522568));
#8362=CARTESIAN_POINT('',(-0.363773033022881,8.,43.1971019506454));
#8363=CARTESIAN_POINT('Ctrl Pts',(-0.363773033022881,8.,43.1971019506454));
#8364=CARTESIAN_POINT('Ctrl Pts',(-0.240550526612395,8.,43.3830980930403));
#8365=CARTESIAN_POINT('Ctrl Pts',(0.0272649893122967,8.,43.7873477247558));
#8366=CARTESIAN_POINT('Ctrl Pts',(0.0481431197109838,8.,44.2736687159836));
#8367=CARTESIAN_POINT('Ctrl Pts',(0.0594151765108109,8.,44.5362323522568));
#8368=CARTESIAN_POINT('',(-0.363773033022881,7.,43.1971019506454));
#8369=CARTESIAN_POINT('',(-0.363773033022881,8.,43.1971019506454));
#8370=CARTESIAN_POINT('Ctrl Pts',(-0.363773033022881,7.,43.1971019506454));
#8371=CARTESIAN_POINT('Ctrl Pts',(-0.240550526612395,7.,43.3830980930403));
#8372=CARTESIAN_POINT('Ctrl Pts',(0.0272649893122967,7.,43.7873477247558));
#8373=CARTESIAN_POINT('Ctrl Pts',(0.0481431197109838,7.,44.2736687159836));
#8374=CARTESIAN_POINT('Ctrl Pts',(0.0594151765108109,7.,44.5362323522568));
#8375=CARTESIAN_POINT('Ctrl Pts',(-1.6507326811552,8.,42.7159422636032));
#8376=CARTESIAN_POINT('Ctrl Pts',(-1.6507326811552,7.,42.7159422636032));
#8377=CARTESIAN_POINT('Ctrl Pts',(-1.38853582003895,8.,42.7282525784625));
#8378=CARTESIAN_POINT('Ctrl Pts',(-1.38853582003895,7.,42.7282525784625));
#8379=CARTESIAN_POINT('Ctrl Pts',(-0.905100684562594,8.,42.7509501756284));
#8380=CARTESIAN_POINT('Ctrl Pts',(-0.905100684562594,7.,42.7509501756284));
#8381=CARTESIAN_POINT('Ctrl Pts',(-0.533727502452681,8.,43.0570287657776));
#8382=CARTESIAN_POINT('Ctrl Pts',(-0.533727502452681,7.,43.0570287657776));
#8383=CARTESIAN_POINT('Ctrl Pts',(-0.363773033022881,8.,43.1971019506454));
#8384=CARTESIAN_POINT('Ctrl Pts',(-0.363773033022881,7.,43.1971019506454));
#8385=CARTESIAN_POINT('',(-1.6507326811552,8.,42.7159422636032));
#8386=CARTESIAN_POINT('Ctrl Pts',(-1.6507326811552,8.,42.7159422636032));
#8387=CARTESIAN_POINT('Ctrl Pts',(-1.38853582003895,8.,42.7282525784625));
#8388=CARTESIAN_POINT('Ctrl Pts',(-0.905100684562594,8.,42.7509501756284));
#8389=CARTESIAN_POINT('Ctrl Pts',(-0.533727502452681,8.,43.0570287657776));
#8390=CARTESIAN_POINT('Ctrl Pts',(-0.363773033022881,8.,43.1971019506454));
#8391=CARTESIAN_POINT('',(-1.6507326811552,7.,42.7159422636032));
#8392=CARTESIAN_POINT('',(-1.6507326811552,8.,42.7159422636032));
#8393=CARTESIAN_POINT('Ctrl Pts',(-1.6507326811552,7.,42.7159422636032));
#8394=CARTESIAN_POINT('Ctrl Pts',(-1.38853582003895,7.,42.7282525784625));
#8395=CARTESIAN_POINT('Ctrl Pts',(-0.905100684562594,7.,42.7509501756284));
#8396=CARTESIAN_POINT('Ctrl Pts',(-0.533727502452681,7.,43.0570287657776));
#8397=CARTESIAN_POINT('Ctrl Pts',(-0.363773033022881,7.,43.1971019506454));
#8398=CARTESIAN_POINT('Ctrl Pts',(-2.68261305987835,8.,42.9478257894516));
#8399=CARTESIAN_POINT('Ctrl Pts',(-2.68261305987835,7.,42.9478257894516));
#8400=CARTESIAN_POINT('Ctrl Pts',(-2.51569341483577,8.,42.8801946083807));
#8401=CARTESIAN_POINT('Ctrl Pts',(-2.51569341483577,7.,42.8801946083807));
#8402=CARTESIAN_POINT('Ctrl Pts',(-2.18446947812506,8.,42.7459919144259));
#8403=CARTESIAN_POINT('Ctrl Pts',(-2.18446947812506,7.,42.7459919144259));
#8404=CARTESIAN_POINT('Ctrl Pts',(-1.82770594189203,8.,42.7259059474269));
#8405=CARTESIAN_POINT('Ctrl Pts',(-1.82770594189203,7.,42.7259059474269));
#8406=CARTESIAN_POINT('Ctrl Pts',(-1.6507326811552,8.,42.7159422636032));
#8407=CARTESIAN_POINT('Ctrl Pts',(-1.6507326811552,7.,42.7159422636032));
#8408=CARTESIAN_POINT('',(-2.68261305987835,8.,42.9478257894516));
#8409=CARTESIAN_POINT('Ctrl Pts',(-2.68261305987835,8.,42.9478257894516));
#8410=CARTESIAN_POINT('Ctrl Pts',(-2.51569341483577,8.,42.8801946083807));
#8411=CARTESIAN_POINT('Ctrl Pts',(-2.18446947812506,8.,42.7459919144259));
#8412=CARTESIAN_POINT('Ctrl Pts',(-1.82770594189203,8.,42.7259059474269));
#8413=CARTESIAN_POINT('Ctrl Pts',(-1.6507326811552,8.,42.7159422636032));
#8414=CARTESIAN_POINT('',(-2.68261305987835,7.,42.9478257894516));
#8415=CARTESIAN_POINT('',(-2.68261305987835,8.,42.9478257894516));
#8416=CARTESIAN_POINT('Ctrl Pts',(-2.68261305987835,7.,42.9478257894516));
#8417=CARTESIAN_POINT('Ctrl Pts',(-2.51569341483577,7.,42.8801946083807));
#8418=CARTESIAN_POINT('Ctrl Pts',(-2.18446947812506,7.,42.7459919144259));
#8419=CARTESIAN_POINT('Ctrl Pts',(-1.82770594189203,7.,42.7259059474269));
#8420=CARTESIAN_POINT('Ctrl Pts',(-1.6507326811552,7.,42.7159422636032));
#8421=CARTESIAN_POINT('Ctrl Pts',(-3.54638449847698,8.,43.62608730793));
#8422=CARTESIAN_POINT('Ctrl Pts',(-3.54638449847698,7.,43.62608730793));
#8423=CARTESIAN_POINT('Ctrl Pts',(-3.41931906911437,8.,43.4855635047019));
#8424=CARTESIAN_POINT('Ctrl Pts',(-3.41931906911437,7.,43.4855635047019));
#8425=CARTESIAN_POINT('Ctrl Pts',(-3.17010266468887,8.,43.2099508762129));
#8426=CARTESIAN_POINT('Ctrl Pts',(-3.17010266468887,7.,43.2099508762129));
#8427=CARTESIAN_POINT('Ctrl Pts',(-2.84295921263593,8.,43.0340445493773));
#8428=CARTESIAN_POINT('Ctrl Pts',(-2.84295921263593,7.,43.0340445493773));
#8429=CARTESIAN_POINT('Ctrl Pts',(-2.68261305987835,8.,42.9478257894516));
#8430=CARTESIAN_POINT('Ctrl Pts',(-2.68261305987835,7.,42.9478257894516));
#8431=CARTESIAN_POINT('',(-3.54638449847698,8.,43.62608730793));
#8432=CARTESIAN_POINT('Ctrl Pts',(-3.54638449847698,8.,43.62608730793));
#8433=CARTESIAN_POINT('Ctrl Pts',(-3.41931906911437,8.,43.4855635047019));
#8434=CARTESIAN_POINT('Ctrl Pts',(-3.17010266468887,8.,43.2099508762129));
#8435=CARTESIAN_POINT('Ctrl Pts',(-2.84295921263593,8.,43.0340445493773));
#8436=CARTESIAN_POINT('Ctrl Pts',(-2.68261305987835,8.,42.9478257894516));
#8437=CARTESIAN_POINT('',(-3.54638449847698,7.,43.62608730793));
#8438=CARTESIAN_POINT('',(-3.54638449847698,8.,43.62608730793));
#8439=CARTESIAN_POINT('Ctrl Pts',(-3.54638449847698,7.,43.62608730793));
#8440=CARTESIAN_POINT('Ctrl Pts',(-3.41931906911437,7.,43.4855635047019));
#8441=CARTESIAN_POINT('Ctrl Pts',(-3.17010266468887,7.,43.2099508762129));
#8442=CARTESIAN_POINT('Ctrl Pts',(-2.84295921263593,7.,43.0340445493773));
#8443=CARTESIAN_POINT('Ctrl Pts',(-2.68261305987835,7.,42.9478257894516));
#8444=CARTESIAN_POINT('Origin',(-3.54638449847698,8.,40.2927535772324));
#8445=CARTESIAN_POINT('',(-3.54638449847698,8.,40.2927535772324));
#8446=CARTESIAN_POINT('',(-3.54638449847698,8.,20.1463767886162));
#8447=CARTESIAN_POINT('',(-3.54638449847698,7.,40.2927535772324));
#8448=CARTESIAN_POINT('',(-3.54638449847698,8.,40.2927535772324));
#8449=CARTESIAN_POINT('',(-3.54638449847698,7.,40.2927535772324));
#8450=CARTESIAN_POINT('Origin',(-4.84493128955364,8.,40.43188393116));
#8451=CARTESIAN_POINT('',(-0.308542704615322,8.,39.9458411072026));
#8452=CARTESIAN_POINT('',(-4.84493128955364,7.,40.43188393116));
#8453=CARTESIAN_POINT('Origin',(-2.50000171363354,7.,45.6927534937859));
#8454=CARTESIAN_POINT('Origin',(8.61014969646931,8.,41.3768112659454));
#8455=CARTESIAN_POINT('',(8.61014969646931,8.,41.3768112659454));
#8456=CARTESIAN_POINT('',(8.61014969646931,8.,40.4202896356583));
#8457=CARTESIAN_POINT('',(8.61014969646931,8.,20.6884056329727));
#8458=CARTESIAN_POINT('',(8.61014969646931,7.,41.3768112659454));
#8459=CARTESIAN_POINT('',(8.61014969646931,8.,41.3768112659454));
#8460=CARTESIAN_POINT('',(8.61014969646931,7.,40.4202896356583));
#8461=CARTESIAN_POINT('',(8.61014969646931,7.,41.3768112659454));
#8462=CARTESIAN_POINT('',(8.61014969646931,8.,40.4202896356583));
#8463=CARTESIAN_POINT('Origin',(10.4594195634127,8.,41.3768112659454));
#8464=CARTESIAN_POINT('',(10.4594195634127,8.,41.3768112659454));
#8465=CARTESIAN_POINT('',(5.22970978170633,8.,41.3768112659454));
#8466=CARTESIAN_POINT('',(10.4594195634127,7.,41.3768112659454));
#8467=CARTESIAN_POINT('',(10.4594195634127,8.,41.3768112659454));
#8468=CARTESIAN_POINT('',(10.4594195634127,7.,41.3768112659454));
#8469=CARTESIAN_POINT('Origin',(10.4594195634127,8.,47.2144931554794));
#8470=CARTESIAN_POINT('',(10.4594195634127,8.,47.2144931554794));
#8471=CARTESIAN_POINT('',(10.4594195634127,8.,23.6072465777397));
#8472=CARTESIAN_POINT('',(10.4594195634127,7.,47.2144931554794));
#8473=CARTESIAN_POINT('',(10.4594195634127,8.,47.2144931554794));
#8474=CARTESIAN_POINT('',(10.4594195634127,7.,47.2144931554794));
#8475=CARTESIAN_POINT('Ctrl Pts',(10.9695590287447,8.,48.6347824335098));
#8476=CARTESIAN_POINT('Ctrl Pts',(10.9695590287447,7.,48.6347824335098));
#8477=CARTESIAN_POINT('Ctrl Pts',(10.8209035361588,8.,48.437335316415));
#8478=CARTESIAN_POINT('Ctrl Pts',(10.8209035361588,7.,48.437335316415));
#8479=CARTESIAN_POINT('Ctrl Pts',(10.5052856317377,8.,48.0181254759483));
#8480=CARTESIAN_POINT('Ctrl Pts',(10.5052856317377,7.,48.0181254759483));
#8481=CARTESIAN_POINT('Ctrl Pts',(10.4752882367318,8.,47.4925326567485));
#8482=CARTESIAN_POINT('Ctrl Pts',(10.4752882367318,7.,47.4925326567485));
#8483=CARTESIAN_POINT('Ctrl Pts',(10.4594195634127,8.,47.2144931554794));
#8484=CARTESIAN_POINT('Ctrl Pts',(10.4594195634127,7.,47.2144931554794));
#8485=CARTESIAN_POINT('',(10.9695590287447,8.,48.6347824335098));
#8486=CARTESIAN_POINT('Ctrl Pts',(10.9695590287447,8.,48.6347824335098));
#8487=CARTESIAN_POINT('Ctrl Pts',(10.8209035361588,8.,48.437335316415));
#8488=CARTESIAN_POINT('Ctrl Pts',(10.5052856317377,8.,48.0181254759483));
#8489=CARTESIAN_POINT('Ctrl Pts',(10.4752882367318,8.,47.4925326567485));
#8490=CARTESIAN_POINT('Ctrl Pts',(10.4594195634127,8.,47.2144931554794));
#8491=CARTESIAN_POINT('',(10.9695590287447,7.,48.6347824335098));
#8492=CARTESIAN_POINT('',(10.9695590287447,8.,48.6347824335098));
#8493=CARTESIAN_POINT('Ctrl Pts',(10.9695590287447,7.,48.6347824335098));
#8494=CARTESIAN_POINT('Ctrl Pts',(10.8209035361588,7.,48.437335316415));
#8495=CARTESIAN_POINT('Ctrl Pts',(10.5052856317377,7.,48.0181254759483));
#8496=CARTESIAN_POINT('Ctrl Pts',(10.4752882367318,7.,47.4925326567485));
#8497=CARTESIAN_POINT('Ctrl Pts',(10.4594195634127,7.,47.2144931554794));
#8498=CARTESIAN_POINT('Ctrl Pts',(12.4072421342134,8.,49.156522154808));
#8499=CARTESIAN_POINT('Ctrl Pts',(12.4072421342134,7.,49.156522154808));
#8500=CARTESIAN_POINT('Ctrl Pts',(12.123284814279,8.,49.1408992148494));
#8501=CARTESIAN_POINT('Ctrl Pts',(12.123284814279,7.,49.1408992148494));
#8502=CARTESIAN_POINT('Ctrl Pts',(11.5894369142163,8.,49.1115276399533));
#8503=CARTESIAN_POINT('Ctrl Pts',(11.5894369142163,7.,49.1115276399533));
#8504=CARTESIAN_POINT('Ctrl Pts',(11.1672035853466,8.,48.7867899452279));
#8505=CARTESIAN_POINT('Ctrl Pts',(11.1672035853466,7.,48.7867899452279));
#8506=CARTESIAN_POINT('Ctrl Pts',(10.9695590287447,8.,48.6347824335098));
#8507=CARTESIAN_POINT('Ctrl Pts',(10.9695590287447,7.,48.6347824335098));
#8508=CARTESIAN_POINT('',(12.4072421342134,8.,49.156522154808));
#8509=CARTESIAN_POINT('Ctrl Pts',(12.4072421342134,8.,49.156522154808));
#8510=CARTESIAN_POINT('Ctrl Pts',(12.123284814279,8.,49.1408992148494));
#8511=CARTESIAN_POINT('Ctrl Pts',(11.5894369142163,8.,49.1115276399533));
#8512=CARTESIAN_POINT('Ctrl Pts',(11.1672035853466,8.,48.7867899452279));
#8513=CARTESIAN_POINT('Ctrl Pts',(10.9695590287447,8.,48.6347824335098));
#8514=CARTESIAN_POINT('',(12.4072421342134,7.,49.156522154808));
#8515=CARTESIAN_POINT('',(12.4072421342134,8.,49.156522154808));
#8516=CARTESIAN_POINT('Ctrl Pts',(12.4072421342134,7.,49.156522154808));
#8517=CARTESIAN_POINT('Ctrl Pts',(12.123284814279,7.,49.1408992148494));
#8518=CARTESIAN_POINT('Ctrl Pts',(11.5894369142163,7.,49.1115276399533));
#8519=CARTESIAN_POINT('Ctrl Pts',(11.1672035853466,7.,48.7867899452279));
#8520=CARTESIAN_POINT('Ctrl Pts',(10.9695590287447,7.,48.6347824335098));
#8521=CARTESIAN_POINT('Ctrl Pts',(13.3115924149752,8.,49.0521746873856));
#8522=CARTESIAN_POINT('Ctrl Pts',(13.3115924149752,7.,49.0521746873856));
#8523=CARTESIAN_POINT('Ctrl Pts',(13.1710458546044,8.,49.0825832615805));
#8524=CARTESIAN_POINT('Ctrl Pts',(13.1710458546044,7.,49.0825832615805));
#8525=CARTESIAN_POINT('Ctrl Pts',(12.873129202351,8.,49.1470403397193));
#8526=CARTESIAN_POINT('Ctrl Pts',(12.873129202351,7.,49.1470403397193));
#8527=CARTESIAN_POINT('Ctrl Pts',(12.5682762334136,8.,49.1532447606582));
#8528=CARTESIAN_POINT('Ctrl Pts',(12.5682762334136,7.,49.1532447606582));
#8529=CARTESIAN_POINT('Ctrl Pts',(12.4072421342134,8.,49.156522154808));
#8530=CARTESIAN_POINT('Ctrl Pts',(12.4072421342134,7.,49.156522154808));
#8531=CARTESIAN_POINT('',(13.3115924149752,8.,49.0521746873856));
#8532=CARTESIAN_POINT('Ctrl Pts',(13.3115924149752,8.,49.0521746873856));
#8533=CARTESIAN_POINT('Ctrl Pts',(13.1710458546044,8.,49.0825832615805));
#8534=CARTESIAN_POINT('Ctrl Pts',(12.873129202351,8.,49.1470403397193));
#8535=CARTESIAN_POINT('Ctrl Pts',(12.5682762334136,8.,49.1532447606582));
#8536=CARTESIAN_POINT('Ctrl Pts',(12.4072421342134,8.,49.156522154808));
#8537=CARTESIAN_POINT('',(13.3115924149752,7.,49.0521746873856));
#8538=CARTESIAN_POINT('',(13.3115924149752,8.,49.0521746873856));
#8539=CARTESIAN_POINT('Ctrl Pts',(13.3115924149752,7.,49.0521746873856));
#8540=CARTESIAN_POINT('Ctrl Pts',(13.1710458546044,7.,49.0825832615805));
#8541=CARTESIAN_POINT('Ctrl Pts',(12.873129202351,7.,49.1470403397193));
#8542=CARTESIAN_POINT('Ctrl Pts',(12.5682762334136,7.,49.1532447606582));
#8543=CARTESIAN_POINT('Ctrl Pts',(12.4072421342134,7.,49.156522154808));
#8544=CARTESIAN_POINT('Ctrl Pts',(13.9840567857027,8.,48.8086956739426));
#8545=CARTESIAN_POINT('Ctrl Pts',(13.9840567857027,7.,48.8086956739426));
#8546=CARTESIAN_POINT('Ctrl Pts',(13.8835469647769,8.,48.8547348467086));
#8547=CARTESIAN_POINT('Ctrl Pts',(13.8835469647769,7.,48.8547348467086));
#8548=CARTESIAN_POINT('Ctrl Pts',(13.6661464070427,8.,48.9543165765811));
#8549=CARTESIAN_POINT('Ctrl Pts',(13.6661464070427,7.,48.9543165765811));
#8550=CARTESIAN_POINT('Ctrl Pts',(13.4355683546652,8.,49.0179569052855));
#8551=CARTESIAN_POINT('Ctrl Pts',(13.4355683546652,7.,49.0179569052855));
#8552=CARTESIAN_POINT('Ctrl Pts',(13.3115924149752,8.,49.0521746873856));
#8553=CARTESIAN_POINT('Ctrl Pts',(13.3115924149752,7.,49.0521746873856));
#8554=CARTESIAN_POINT('',(13.9840567857027,8.,48.8086956739426));
#8555=CARTESIAN_POINT('Ctrl Pts',(13.9840567857027,8.,48.8086956739426));
#8556=CARTESIAN_POINT('Ctrl Pts',(13.8835469647769,8.,48.8547348467086));
#8557=CARTESIAN_POINT('Ctrl Pts',(13.6661464070427,8.,48.9543165765811));
#8558=CARTESIAN_POINT('Ctrl Pts',(13.4355683546652,8.,49.0179569052855));
#8559=CARTESIAN_POINT('Ctrl Pts',(13.3115924149752,8.,49.0521746873856));
#8560=CARTESIAN_POINT('',(13.9840567857027,7.,48.8086956739426));
#8561=CARTESIAN_POINT('',(13.9840567857027,8.,48.8086956739426));
#8562=CARTESIAN_POINT('Ctrl Pts',(13.9840567857027,7.,48.8086956739426));
#8563=CARTESIAN_POINT('Ctrl Pts',(13.8835469647769,7.,48.8547348467086));
#8564=CARTESIAN_POINT('Ctrl Pts',(13.6661464070427,7.,48.9543165765811));
#8565=CARTESIAN_POINT('Ctrl Pts',(13.4355683546652,7.,49.0179569052855));
#8566=CARTESIAN_POINT('Ctrl Pts',(13.3115924149752,7.,49.0521746873856));
#8567=CARTESIAN_POINT('Origin',(13.6536181718111,8.,47.9043477773666));
#8568=CARTESIAN_POINT('',(13.6536181718111,8.,47.9043477773666));
#8569=CARTESIAN_POINT('',(5.12850094479117,8.,24.5727167021685));
#8570=CARTESIAN_POINT('',(13.6536181718111,7.,47.9043477773666));
#8571=CARTESIAN_POINT('',(13.6536181718111,8.,47.9043477773666));
#8572=CARTESIAN_POINT('',(13.6536181718111,7.,47.9043477773666));
#8573=CARTESIAN_POINT('Ctrl Pts',(13.1840575486422,8.,48.055072426796));
#8574=CARTESIAN_POINT('Ctrl Pts',(13.1840575486422,7.,48.055072426796));
#8575=CARTESIAN_POINT('Ctrl Pts',(13.2642646523693,8.,48.0343936522581));
#8576=CARTESIAN_POINT('Ctrl Pts',(13.2642646523693,7.,48.0343936522581));
#8577=CARTESIAN_POINT('Ctrl Pts',(13.4237183929808,8.,47.9932837280979));
#8578=CARTESIAN_POINT('Ctrl Pts',(13.4237183929808,7.,47.9932837280979));
#8579=CARTESIAN_POINT('Ctrl Pts',(13.577293264059,8.,47.9338738094052));
#8580=CARTESIAN_POINT('Ctrl Pts',(13.577293264059,7.,47.9338738094052));
#8581=CARTESIAN_POINT('Ctrl Pts',(13.6536181718111,8.,47.9043477773666));
#8582=CARTESIAN_POINT('Ctrl Pts',(13.6536181718111,7.,47.9043477773666));
#8583=CARTESIAN_POINT('',(13.1840575486422,8.,48.055072426796));
#8584=CARTESIAN_POINT('Ctrl Pts',(13.1840575486422,8.,48.055072426796));
#8585=CARTESIAN_POINT('Ctrl Pts',(13.2642646523693,8.,48.0343936522581));
#8586=CARTESIAN_POINT('Ctrl Pts',(13.4237183929808,8.,47.9932837280979));
#8587=CARTESIAN_POINT('Ctrl Pts',(13.577293264059,8.,47.9338738094052));
#8588=CARTESIAN_POINT('Ctrl Pts',(13.6536181718111,8.,47.9043477773666));
#8589=CARTESIAN_POINT('',(13.1840575486422,7.,48.055072426796));
#8590=CARTESIAN_POINT('',(13.1840575486422,8.,48.055072426796));
#8591=CARTESIAN_POINT('Ctrl Pts',(13.1840575486422,7.,48.055072426796));
#8592=CARTESIAN_POINT('Ctrl Pts',(13.2642646523693,7.,48.0343936522581));
#8593=CARTESIAN_POINT('Ctrl Pts',(13.4237183929808,7.,47.9932837280979));
#8594=CARTESIAN_POINT('Ctrl Pts',(13.577293264059,7.,47.9338738094052));
#8595=CARTESIAN_POINT('Ctrl Pts',(13.6536181718111,7.,47.9043477773666));
#8596=CARTESIAN_POINT('Ctrl Pts',(12.6855052262545,8.,48.1072467565536));
#8597=CARTESIAN_POINT('Ctrl Pts',(12.6855052262545,7.,48.1072467565536));
#8598=CARTESIAN_POINT('Ctrl Pts',(12.770774579054,8.,48.1052291163699));
#8599=CARTESIAN_POINT('Ctrl Pts',(12.770774579054,7.,48.1052291163699));
#8600=CARTESIAN_POINT('Ctrl Pts',(12.9383765895838,8.,48.1012633239694));
#8601=CARTESIAN_POINT('Ctrl Pts',(12.9383765895838,7.,48.1012633239694));
#8602=CARTESIAN_POINT('Ctrl Pts',(13.1031261338296,8.,48.0702884804699));
#8603=CARTESIAN_POINT('Ctrl Pts',(13.1031261338296,7.,48.0702884804699));
#8604=CARTESIAN_POINT('Ctrl Pts',(13.1840575486422,8.,48.055072426796));
#8605=CARTESIAN_POINT('Ctrl Pts',(13.1840575486422,7.,48.055072426796));
#8606=CARTESIAN_POINT('',(12.6855052262545,8.,48.1072467565536));
#8607=CARTESIAN_POINT('Ctrl Pts',(12.6855052262545,8.,48.1072467565536));
#8608=CARTESIAN_POINT('Ctrl Pts',(12.770774579054,8.,48.1052291163699));
#8609=CARTESIAN_POINT('Ctrl Pts',(12.9383765895838,8.,48.1012633239694));
#8610=CARTESIAN_POINT('Ctrl Pts',(13.1031261338296,8.,48.0702884804699));
#8611=CARTESIAN_POINT('Ctrl Pts',(13.1840575486422,8.,48.055072426796));
#8612=CARTESIAN_POINT('',(12.6855052262545,7.,48.1072467565536));
#8613=CARTESIAN_POINT('',(12.6855052262545,8.,48.1072467565536));
#8614=CARTESIAN_POINT('Ctrl Pts',(12.6855052262545,7.,48.1072467565536));
#8615=CARTESIAN_POINT('Ctrl Pts',(12.770774579054,7.,48.1052291163699));
#8616=CARTESIAN_POINT('Ctrl Pts',(12.9383765895838,7.,48.1012633239694));
#8617=CARTESIAN_POINT('Ctrl Pts',(13.1031261338296,7.,48.0702884804699));
#8618=CARTESIAN_POINT('Ctrl Pts',(13.1840575486422,7.,48.055072426796));
#8619=CARTESIAN_POINT('Ctrl Pts',(12.0130408555269,8.,47.9333335161209));
#8620=CARTESIAN_POINT('Ctrl Pts',(12.0130408555269,7.,47.9333335161209));
#8621=CARTESIAN_POINT('Ctrl Pts',(12.1106182908455,8.,47.9839880615351));
#8622=CARTESIAN_POINT('Ctrl Pts',(12.1106182908455,7.,47.9839880615351));
#8623=CARTESIAN_POINT('Ctrl Pts',(12.3209394786004,8.,48.0931703137834));
#8624=CARTESIAN_POINT('Ctrl Pts',(12.3209394786004,7.,48.0931703137834));
#8625=CARTESIAN_POINT('Ctrl Pts',(12.5582784514272,8.,48.1023343356084));
#8626=CARTESIAN_POINT('Ctrl Pts',(12.5582784514272,7.,48.1023343356084));
#8627=CARTESIAN_POINT('Ctrl Pts',(12.6855052262545,8.,48.1072467565536));
#8628=CARTESIAN_POINT('Ctrl Pts',(12.6855052262545,7.,48.1072467565536));
#8629=CARTESIAN_POINT('',(12.0130408555269,8.,47.9333335161209));
#8630=CARTESIAN_POINT('Ctrl Pts',(12.0130408555269,8.,47.9333335161209));
#8631=CARTESIAN_POINT('Ctrl Pts',(12.1106182908455,8.,47.9839880615351));
#8632=CARTESIAN_POINT('Ctrl Pts',(12.3209394786004,8.,48.0931703137834));
#8633=CARTESIAN_POINT('Ctrl Pts',(12.5582784514272,8.,48.1023343356084));
#8634=CARTESIAN_POINT('Ctrl Pts',(12.6855052262545,8.,48.1072467565536));
#8635=CARTESIAN_POINT('',(12.0130408555269,7.,47.9333335161209));
#8636=CARTESIAN_POINT('',(12.0130408555269,8.,47.9333335161209));
#8637=CARTESIAN_POINT('Ctrl Pts',(12.0130408555269,7.,47.9333335161209));
#8638=CARTESIAN_POINT('Ctrl Pts',(12.1106182908455,7.,47.9839880615351));
#8639=CARTESIAN_POINT('Ctrl Pts',(12.3209394786004,7.,48.0931703137834));
#8640=CARTESIAN_POINT('Ctrl Pts',(12.5582784514272,7.,48.1023343356084));
#8641=CARTESIAN_POINT('Ctrl Pts',(12.6855052262545,7.,48.1072467565536));
#8642=CARTESIAN_POINT('Ctrl Pts',(11.7579711228609,8.,47.3304349184036));
#8643=CARTESIAN_POINT('Ctrl Pts',(11.7579711228609,7.,47.3304349184036));
#8644=CARTESIAN_POINT('Ctrl Pts',(11.7642241125309,8.,47.4579610560997));
#8645=CARTESIAN_POINT('Ctrl Pts',(11.7642241125309,7.,47.4579610560997));
#8646=CARTESIAN_POINT('Ctrl Pts',(11.7757015080342,8.,47.6920359541242));
#8647=CARTESIAN_POINT('Ctrl Pts',(11.7757015080342,7.,47.6920359541242));
#8648=CARTESIAN_POINT('Ctrl Pts',(11.9387999370459,8.,47.8578544486206));
#8649=CARTESIAN_POINT('Ctrl Pts',(11.9387999370459,7.,47.8578544486206));
#8650=CARTESIAN_POINT('Ctrl Pts',(12.0130408555269,8.,47.9333335161209));
#8651=CARTESIAN_POINT('Ctrl Pts',(12.0130408555269,7.,47.9333335161209));
#8652=CARTESIAN_POINT('',(11.7579711228609,8.,47.3304349184036));
#8653=CARTESIAN_POINT('Ctrl Pts',(11.7579711228609,8.,47.3304349184036));
#8654=CARTESIAN_POINT('Ctrl Pts',(11.7642241125309,8.,47.4579610560997));
#8655=CARTESIAN_POINT('Ctrl Pts',(11.7757015080342,8.,47.6920359541242));
#8656=CARTESIAN_POINT('Ctrl Pts',(11.9387999370459,8.,47.8578544486206));
#8657=CARTESIAN_POINT('Ctrl Pts',(12.0130408555269,8.,47.9333335161209));
#8658=CARTESIAN_POINT('',(11.7579711228609,7.,47.3304349184036));
#8659=CARTESIAN_POINT('',(11.7579711228609,8.,47.3304349184036));
#8660=CARTESIAN_POINT('Ctrl Pts',(11.7579711228609,7.,47.3304349184036));
#8661=CARTESIAN_POINT('Ctrl Pts',(11.7642241125309,7.,47.4579610560997));
#8662=CARTESIAN_POINT('Ctrl Pts',(11.7757015080342,7.,47.6920359541242));
#8663=CARTESIAN_POINT('Ctrl Pts',(11.9387999370459,7.,47.8578544486206));
#8664=CARTESIAN_POINT('Ctrl Pts',(12.0130408555269,7.,47.9333335161209));
#8665=CARTESIAN_POINT('Origin',(11.7579711228609,8.,40.4202896356583));
#8666=CARTESIAN_POINT('',(11.7579711228609,8.,40.4202896356583));
#8667=CARTESIAN_POINT('',(11.7579711228609,8.,20.2101448178291));
#8668=CARTESIAN_POINT('',(11.7579711228609,7.,40.4202896356583));
#8669=CARTESIAN_POINT('',(11.7579711228609,8.,40.4202896356583));
#8670=CARTESIAN_POINT('',(11.7579711228609,7.,40.4202896356583));
#8671=CARTESIAN_POINT('Origin',(8.61014969646931,8.,40.4202896356583));
#8672=CARTESIAN_POINT('',(4.30507484823465,8.,40.4202896356583));
#8673=CARTESIAN_POINT('',(8.61014969646931,7.,40.4202896356583));
#8674=CARTESIAN_POINT('Origin',(-2.50000171363354,7.,45.6927534937859));
#8675=CARTESIAN_POINT('Ctrl Pts',(26.888414695859,8.,45.4695647954941));
#8676=CARTESIAN_POINT('Ctrl Pts',(26.888414695859,7.,45.4695647954941));
#8677=CARTESIAN_POINT('Ctrl Pts',(26.8758475722658,8.,45.2086564483916));
#8678=CARTESIAN_POINT('Ctrl Pts',(26.8758475722658,7.,45.2086564483916));
#8679=CARTESIAN_POINT('Ctrl Pts',(26.8530877988934,8.,44.7361366385053));
#8680=CARTESIAN_POINT('Ctrl Pts',(26.8530877988934,7.,44.7361366385053));
#8681=CARTESIAN_POINT('Ctrl Pts',(26.6212310697859,8.,44.325794667037));
#8682=CARTESIAN_POINT('Ctrl Pts',(26.6212310697859,7.,44.325794667037));
#8683=CARTESIAN_POINT('Ctrl Pts',(26.5173972398043,8.,44.1420286893845));
#8684=CARTESIAN_POINT('Ctrl Pts',(26.5173972398043,7.,44.1420286893845));
#8685=CARTESIAN_POINT('',(26.888414695859,8.,45.4695647954941));
#8686=CARTESIAN_POINT('',(26.5173972398043,8.,44.1420286893845));
#8687=CARTESIAN_POINT('Ctrl Pts',(26.888414695859,8.,45.4695647954941));
#8688=CARTESIAN_POINT('Ctrl Pts',(26.8758475722658,8.,45.2086564483916));
#8689=CARTESIAN_POINT('Ctrl Pts',(26.8530877988934,8.,44.7361366385053));
#8690=CARTESIAN_POINT('Ctrl Pts',(26.6212310697859,8.,44.325794667037));
#8691=CARTESIAN_POINT('Ctrl Pts',(26.5173972398043,8.,44.1420286893845));
#8692=CARTESIAN_POINT('',(26.888414695859,7.,45.4695647954941));
#8693=CARTESIAN_POINT('',(26.888414695859,8.,45.4695647954941));
#8694=CARTESIAN_POINT('',(26.5173972398043,7.,44.1420286893845));
#8695=CARTESIAN_POINT('Ctrl Pts',(26.888414695859,7.,45.4695647954941));
#8696=CARTESIAN_POINT('Ctrl Pts',(26.8758475722658,7.,45.2086564483916));
#8697=CARTESIAN_POINT('Ctrl Pts',(26.8530877988934,7.,44.7361366385053));
#8698=CARTESIAN_POINT('Ctrl Pts',(26.6212310697859,7.,44.325794667037));
#8699=CARTESIAN_POINT('Ctrl Pts',(26.5173972398043,7.,44.1420286893845));
#8700=CARTESIAN_POINT('',(26.5173972398043,8.,44.1420286893845));
#8701=CARTESIAN_POINT('Origin',(24.0536273270845,8.,45.4695647954941));
#8702=CARTESIAN_POINT('',(24.0536273270845,8.,45.4695647954941));
#8703=CARTESIAN_POINT('',(12.0268136635423,8.,45.4695647954941));
#8704=CARTESIAN_POINT('',(24.0536273270845,7.,45.4695647954941));
#8705=CARTESIAN_POINT('',(24.0536273270845,8.,45.4695647954941));
#8706=CARTESIAN_POINT('',(24.0536273270845,7.,45.4695647954941));
#8707=CARTESIAN_POINT('Ctrl Pts',(24.5116008073092,8.,44.1130441427231));
#8708=CARTESIAN_POINT('Ctrl Pts',(24.5116008073092,7.,44.1130441427231));
#8709=CARTESIAN_POINT('Ctrl Pts',(24.3919741025996,8.,44.2932188402754));
#8710=CARTESIAN_POINT('Ctrl Pts',(24.3919741025996,7.,44.2932188402754));
#8711=CARTESIAN_POINT('Ctrl Pts',(24.1202465201812,8.,44.702478922276));
#8712=CARTESIAN_POINT('Ctrl Pts',(24.1202465201812,7.,44.702478922276));
#8713=CARTESIAN_POINT('Ctrl Pts',(24.0775352018394,8.,45.1942778679491));
#8714=CARTESIAN_POINT('Ctrl Pts',(24.0775352018394,7.,45.1942778679491));
#8715=CARTESIAN_POINT('Ctrl Pts',(24.0536273270845,8.,45.4695647954941));
#8716=CARTESIAN_POINT('Ctrl Pts',(24.0536273270845,7.,45.4695647954941));
#8717=CARTESIAN_POINT('',(24.5116008073092,8.,44.1130441427231));
#8718=CARTESIAN_POINT('Ctrl Pts',(24.5116008073092,8.,44.1130441427231));
#8719=CARTESIAN_POINT('Ctrl Pts',(24.3919741025996,8.,44.2932188402754));
#8720=CARTESIAN_POINT('Ctrl Pts',(24.1202465201812,8.,44.702478922276));
#8721=CARTESIAN_POINT('Ctrl Pts',(24.0775352018394,8.,45.1942778679491));
#8722=CARTESIAN_POINT('Ctrl Pts',(24.0536273270845,8.,45.4695647954941));
#8723=CARTESIAN_POINT('',(24.5116008073092,7.,44.1130441427231));
#8724=CARTESIAN_POINT('',(24.5116008073092,8.,44.1130441427231));
#8725=CARTESIAN_POINT('Ctrl Pts',(24.5116008073092,7.,44.1130441427231));
#8726=CARTESIAN_POINT('Ctrl Pts',(24.3919741025996,7.,44.2932188402754));
#8727=CARTESIAN_POINT('Ctrl Pts',(24.1202465201812,7.,44.702478922276));
#8728=CARTESIAN_POINT('Ctrl Pts',(24.0775352018394,7.,45.1942778679491));
#8729=CARTESIAN_POINT('Ctrl Pts',(24.0536273270845,7.,45.4695647954941));
#8730=CARTESIAN_POINT('Ctrl Pts',(25.5202925950289,8.,43.6782616376877));
#8731=CARTESIAN_POINT('Ctrl Pts',(25.5202925950289,7.,43.6782616376877));
#8732=CARTESIAN_POINT('Ctrl Pts',(25.3266685527959,8.,43.6957545118543));
#8733=CARTESIAN_POINT('Ctrl Pts',(25.3266685527959,7.,43.6957545118543));
#8734=CARTESIAN_POINT('Ctrl Pts',(24.942678706686,8.,43.7304458961564));
#8735=CARTESIAN_POINT('Ctrl Pts',(24.942678706686,7.,43.7304458961564));
#8736=CARTESIAN_POINT('Ctrl Pts',(24.6544782924533,8.,43.9862348691114));
#8737=CARTESIAN_POINT('Ctrl Pts',(24.6544782924533,7.,43.9862348691114));
#8738=CARTESIAN_POINT('Ctrl Pts',(24.5116008073092,8.,44.1130441427231));
#8739=CARTESIAN_POINT('Ctrl Pts',(24.5116008073092,7.,44.1130441427231));
#8740=CARTESIAN_POINT('',(25.5202925950289,8.,43.6782616376877));
#8741=CARTESIAN_POINT('Ctrl Pts',(25.5202925950289,8.,43.6782616376877));
#8742=CARTESIAN_POINT('Ctrl Pts',(25.3266685527959,8.,43.6957545118543));
#8743=CARTESIAN_POINT('Ctrl Pts',(24.942678706686,8.,43.7304458961564));
#8744=CARTESIAN_POINT('Ctrl Pts',(24.6544782924533,8.,43.9862348691114));
#8745=CARTESIAN_POINT('Ctrl Pts',(24.5116008073092,8.,44.1130441427231));
#8746=CARTESIAN_POINT('',(25.5202925950289,7.,43.6782616376877));
#8747=CARTESIAN_POINT('',(25.5202925950289,8.,43.6782616376877));
#8748=CARTESIAN_POINT('Ctrl Pts',(25.5202925950289,7.,43.6782616376877));
#8749=CARTESIAN_POINT('Ctrl Pts',(25.3266685527959,7.,43.6957545118543));
#8750=CARTESIAN_POINT('Ctrl Pts',(24.942678706686,7.,43.7304458961564));
#8751=CARTESIAN_POINT('Ctrl Pts',(24.6544782924533,7.,43.9862348691114));
#8752=CARTESIAN_POINT('Ctrl Pts',(24.5116008073092,7.,44.1130441427231));
#8753=CARTESIAN_POINT('Ctrl Pts',(26.5173972398043,8.,44.1420286893845));
#8754=CARTESIAN_POINT('Ctrl Pts',(26.5173972398043,7.,44.1420286893845));
#8755=CARTESIAN_POINT('Ctrl Pts',(26.3854999129628,8.,44.0068047585079));
#8756=CARTESIAN_POINT('Ctrl Pts',(26.3854999129628,7.,44.0068047585079));
#8757=CARTESIAN_POINT('Ctrl Pts',(26.1126200585619,8.,43.7270425567049));
#8758=CARTESIAN_POINT('Ctrl Pts',(26.1126200585619,7.,43.7270425567049));
#8759=CARTESIAN_POINT('Ctrl Pts',(25.7220693850724,8.,43.6948788939533));
#8760=CARTESIAN_POINT('Ctrl Pts',(25.7220693850724,7.,43.6948788939533));
#8761=CARTESIAN_POINT('Ctrl Pts',(25.5202925950289,8.,43.6782616376877));
#8762=CARTESIAN_POINT('Ctrl Pts',(25.5202925950289,7.,43.6782616376877));
#8763=CARTESIAN_POINT('Ctrl Pts',(26.5173972398043,8.,44.1420286893845));
#8764=CARTESIAN_POINT('Ctrl Pts',(26.3854999129628,8.,44.0068047585079));
#8765=CARTESIAN_POINT('Ctrl Pts',(26.1126200585619,8.,43.7270425567049));
#8766=CARTESIAN_POINT('Ctrl Pts',(25.7220693850724,8.,43.6948788939533));
#8767=CARTESIAN_POINT('Ctrl Pts',(25.5202925950289,8.,43.6782616376877));
#8768=CARTESIAN_POINT('Ctrl Pts',(26.5173972398043,7.,44.1420286893845));
#8769=CARTESIAN_POINT('Ctrl Pts',(26.3854999129628,7.,44.0068047585079));
#8770=CARTESIAN_POINT('Ctrl Pts',(26.1126200585619,7.,43.7270425567049));
#8771=CARTESIAN_POINT('Ctrl Pts',(25.7220693850724,7.,43.6948788939533));
#8772=CARTESIAN_POINT('Ctrl Pts',(25.5202925950289,7.,43.6782616376877));
#8773=CARTESIAN_POINT('Ctrl Pts',(28.1347907334566,8.,46.0898548364639));
#8774=CARTESIAN_POINT('Ctrl Pts',(28.1347907334566,7.,46.0898548364639));
#8775=CARTESIAN_POINT('Ctrl Pts',(28.1327553873545,8.,46.1372232112152));
#8776=CARTESIAN_POINT('Ctrl Pts',(28.1327553873545,7.,46.1372232112152));
#8777=CARTESIAN_POINT('Ctrl Pts',(28.1289303416645,8.,46.2262430577623));
#8778=CARTESIAN_POINT('Ctrl Pts',(28.1289303416645,7.,46.2262430577623));
#8779=CARTESIAN_POINT('Ctrl Pts',(28.1210723755528,8.,46.3149958984251));
#8780=CARTESIAN_POINT('Ctrl Pts',(28.1210723755528,7.,46.3149958984251));
#8781=CARTESIAN_POINT('Ctrl Pts',(28.1173957139254,8.,46.3565224409103));
#8782=CARTESIAN_POINT('Ctrl Pts',(28.1173957139254,7.,46.3565224409103));
#8783=CARTESIAN_POINT('',(28.1347907334566,8.,46.0898548364639));
#8784=CARTESIAN_POINT('',(28.1173957139254,8.,46.3565224409103));
#8785=CARTESIAN_POINT('Ctrl Pts',(28.1347907334566,8.,46.0898548364639));
#8786=CARTESIAN_POINT('Ctrl Pts',(28.1327553873545,8.,46.1372232112152));
#8787=CARTESIAN_POINT('Ctrl Pts',(28.1289303416645,8.,46.2262430577623));
#8788=CARTESIAN_POINT('Ctrl Pts',(28.1210723755528,8.,46.3149958984251));
#8789=CARTESIAN_POINT('Ctrl Pts',(28.1173957139254,8.,46.3565224409103));
#8790=CARTESIAN_POINT('',(28.1347907334566,7.,46.0898548364639));
#8791=CARTESIAN_POINT('',(28.1347907334566,8.,46.0898548364639));
#8792=CARTESIAN_POINT('',(28.1173957139254,7.,46.3565224409103));
#8793=CARTESIAN_POINT('Ctrl Pts',(28.1347907334566,7.,46.0898548364639));
#8794=CARTESIAN_POINT('Ctrl Pts',(28.1327553873545,7.,46.1372232112152));
#8795=CARTESIAN_POINT('Ctrl Pts',(28.1289303416645,7.,46.2262430577623));
#8796=CARTESIAN_POINT('Ctrl Pts',(28.1210723755528,7.,46.3149958984251));
#8797=CARTESIAN_POINT('Ctrl Pts',(28.1173957139254,7.,46.3565224409103));
#8798=CARTESIAN_POINT('',(28.1173957139254,8.,46.3565224409103));
#8799=CARTESIAN_POINT('Ctrl Pts',(28.1463778764009,8.,45.7768124341965));
#8800=CARTESIAN_POINT('Ctrl Pts',(28.1463778764009,7.,45.7768124341965));
#8801=CARTESIAN_POINT('Ctrl Pts',(28.1458925763065,8.,45.8290041678997));
#8802=CARTESIAN_POINT('Ctrl Pts',(28.1458925763065,7.,45.8290041678997));
#8803=CARTESIAN_POINT('Ctrl Pts',(28.1449213161407,8.,45.9334586127078));
#8804=CARTESIAN_POINT('Ctrl Pts',(28.1449213161407,7.,45.9334586127078));
#8805=CARTESIAN_POINT('Ctrl Pts',(28.1381691237359,8.,46.0376991511949));
#8806=CARTESIAN_POINT('Ctrl Pts',(28.1381691237359,7.,46.0376991511949));
#8807=CARTESIAN_POINT('Ctrl Pts',(28.1347907334566,8.,46.0898548364639));
#8808=CARTESIAN_POINT('Ctrl Pts',(28.1347907334566,7.,46.0898548364639));
#8809=CARTESIAN_POINT('',(28.1463778764009,8.,45.7768124341965));
#8810=CARTESIAN_POINT('Ctrl Pts',(28.1463778764009,8.,45.7768124341965));
#8811=CARTESIAN_POINT('Ctrl Pts',(28.1458925763065,8.,45.8290041678997));
#8812=CARTESIAN_POINT('Ctrl Pts',(28.1449213161407,8.,45.9334586127078));
#8813=CARTESIAN_POINT('Ctrl Pts',(28.1381691237359,8.,46.0376991511949));
#8814=CARTESIAN_POINT('Ctrl Pts',(28.1347907334566,8.,46.0898548364639));
#8815=CARTESIAN_POINT('',(28.1463778764009,7.,45.7768124341965));
#8816=CARTESIAN_POINT('',(28.1463778764009,8.,45.7768124341965));
#8817=CARTESIAN_POINT('Ctrl Pts',(28.1463778764009,7.,45.7768124341965));
#8818=CARTESIAN_POINT('Ctrl Pts',(28.1458925763065,7.,45.8290041678997));
#8819=CARTESIAN_POINT('Ctrl Pts',(28.1449213161407,7.,45.9334586127078));
#8820=CARTESIAN_POINT('Ctrl Pts',(28.1381691237359,7.,46.0376991511949));
#8821=CARTESIAN_POINT('Ctrl Pts',(28.1347907334566,7.,46.0898548364639));
#8822=CARTESIAN_POINT('Ctrl Pts',(27.4333346635103,8.,43.5333341360092));
#8823=CARTESIAN_POINT('Ctrl Pts',(27.4333346635103,7.,43.5333341360092));
#8824=CARTESIAN_POINT('Ctrl Pts',(27.6409962342348,8.,43.8467291234995));
#8825=CARTESIAN_POINT('Ctrl Pts',(27.6409962342348,7.,43.8467291234995));
#8826=CARTESIAN_POINT('Ctrl Pts',(28.0898998908466,8.,44.524197541741));
#8827=CARTESIAN_POINT('Ctrl Pts',(28.0898998908466,7.,44.524197541741));
#8828=CARTESIAN_POINT('Ctrl Pts',(28.1266358622106,8.,45.3389579190396));
#8829=CARTESIAN_POINT('Ctrl Pts',(28.1266358622106,7.,45.3389579190396));
#8830=CARTESIAN_POINT('Ctrl Pts',(28.1463778764009,8.,45.7768124341965));
#8831=CARTESIAN_POINT('Ctrl Pts',(28.1463778764009,7.,45.7768124341965));
#8832=CARTESIAN_POINT('',(27.4333346635103,8.,43.5333341360092));
#8833=CARTESIAN_POINT('Ctrl Pts',(27.4333346635103,8.,43.5333341360092));
#8834=CARTESIAN_POINT('Ctrl Pts',(27.6409962342348,8.,43.8467291234995));
#8835=CARTESIAN_POINT('Ctrl Pts',(28.0898998908466,8.,44.524197541741));
#8836=CARTESIAN_POINT('Ctrl Pts',(28.1266358622106,8.,45.3389579190396));
#8837=CARTESIAN_POINT('Ctrl Pts',(28.1463778764009,8.,45.7768124341965));
#8838=CARTESIAN_POINT('',(27.4333346635103,7.,43.5333341360092));
#8839=CARTESIAN_POINT('',(27.4333346635103,8.,43.5333341360092));
#8840=CARTESIAN_POINT('Ctrl Pts',(27.4333346635103,7.,43.5333341360092));
#8841=CARTESIAN_POINT('Ctrl Pts',(27.6409962342348,7.,43.8467291234995));
#8842=CARTESIAN_POINT('Ctrl Pts',(28.0898998908466,7.,44.524197541741));
#8843=CARTESIAN_POINT('Ctrl Pts',(28.1266358622106,7.,45.3389579190396));
#8844=CARTESIAN_POINT('Ctrl Pts',(28.1463778764009,7.,45.7768124341965));
#8845=CARTESIAN_POINT('Ctrl Pts',(25.5087054520845,8.,42.7159422636032));
#8846=CARTESIAN_POINT('Ctrl Pts',(25.5087054520845,7.,42.7159422636032));
#8847=CARTESIAN_POINT('Ctrl Pts',(25.8888892475452,8.,42.7451083038559));
#8848=CARTESIAN_POINT('Ctrl Pts',(25.8888892475452,7.,42.7451083038559));
#8849=CARTESIAN_POINT('Ctrl Pts',(26.6241798135242,8.,42.8015165845369));
#8850=CARTESIAN_POINT('Ctrl Pts',(26.6241798135242,7.,42.8015165845369));
#8851=CARTESIAN_POINT('Ctrl Pts',(27.169819377834,8.,43.2950050805231));
#8852=CARTESIAN_POINT('Ctrl Pts',(27.169819377834,7.,43.2950050805231));
#8853=CARTESIAN_POINT('Ctrl Pts',(27.4333346635103,8.,43.5333341360092));
#8854=CARTESIAN_POINT('Ctrl Pts',(27.4333346635103,7.,43.5333341360092));
#8855=CARTESIAN_POINT('',(25.5087054520845,8.,42.7159422636032));
#8856=CARTESIAN_POINT('Ctrl Pts',(25.5087054520845,8.,42.7159422636032));
#8857=CARTESIAN_POINT('Ctrl Pts',(25.8888892475452,8.,42.7451083038559));
#8858=CARTESIAN_POINT('Ctrl Pts',(26.6241798135242,8.,42.8015165845369));
#8859=CARTESIAN_POINT('Ctrl Pts',(27.169819377834,8.,43.2950050805231));
#8860=CARTESIAN_POINT('Ctrl Pts',(27.4333346635103,8.,43.5333341360092));
#8861=CARTESIAN_POINT('',(25.5087054520845,7.,42.7159422636032));
#8862=CARTESIAN_POINT('',(25.5087054520845,8.,42.7159422636032));
#8863=CARTESIAN_POINT('Ctrl Pts',(25.5087054520845,7.,42.7159422636032));
#8864=CARTESIAN_POINT('Ctrl Pts',(25.8888892475452,7.,42.7451083038559));
#8865=CARTESIAN_POINT('Ctrl Pts',(26.6241798135242,7.,42.8015165845369));
#8866=CARTESIAN_POINT('Ctrl Pts',(27.169819377834,7.,43.2950050805231));
#8867=CARTESIAN_POINT('Ctrl Pts',(27.4333346635103,7.,43.5333341360092));
#8868=CARTESIAN_POINT('Ctrl Pts',(24.0130484849215,8.,43.1449276208878));
#8869=CARTESIAN_POINT('Ctrl Pts',(24.0130484849215,7.,43.1449276208878));
#8870=CARTESIAN_POINT('Ctrl Pts',(24.2368131527206,8.,43.0198519991395));
#8871=CARTESIAN_POINT('Ctrl Pts',(24.2368131527206,7.,43.0198519991395));
#8872=CARTESIAN_POINT('Ctrl Pts',(24.7012170019577,8.,42.7602685682211));
#8873=CARTESIAN_POINT('Ctrl Pts',(24.7012170019577,7.,42.7602685682211));
#8874=CARTESIAN_POINT('Ctrl Pts',(25.2331004872739,8.,42.7310713340221));
#8875=CARTESIAN_POINT('Ctrl Pts',(25.2331004872739,7.,42.7310713340221));
#8876=CARTESIAN_POINT('Ctrl Pts',(25.5087054520845,8.,42.7159422636032));
#8877=CARTESIAN_POINT('Ctrl Pts',(25.5087054520845,7.,42.7159422636032));
#8878=CARTESIAN_POINT('',(24.0130484849215,8.,43.1449276208878));
#8879=CARTESIAN_POINT('Ctrl Pts',(24.0130484849215,8.,43.1449276208878));
#8880=CARTESIAN_POINT('Ctrl Pts',(24.2368131527206,8.,43.0198519991395));
#8881=CARTESIAN_POINT('Ctrl Pts',(24.7012170019577,8.,42.7602685682211));
#8882=CARTESIAN_POINT('Ctrl Pts',(25.2331004872739,8.,42.7310713340221));
#8883=CARTESIAN_POINT('Ctrl Pts',(25.5087054520845,8.,42.7159422636032));
#8884=CARTESIAN_POINT('',(24.0130484849215,7.,43.1449276208878));
#8885=CARTESIAN_POINT('',(24.0130484849215,8.,43.1449276208878));
#8886=CARTESIAN_POINT('Ctrl Pts',(24.0130484849215,7.,43.1449276208878));
#8887=CARTESIAN_POINT('Ctrl Pts',(24.2368131527206,7.,43.0198519991395));
#8888=CARTESIAN_POINT('Ctrl Pts',(24.7012170019577,7.,42.7602685682211));
#8889=CARTESIAN_POINT('Ctrl Pts',(25.2331004872739,7.,42.7310713340221));
#8890=CARTESIAN_POINT('Ctrl Pts',(25.5087054520845,7.,42.7159422636032));
#8891=CARTESIAN_POINT('Ctrl Pts',(23.0507338792086,8.,44.2985504865646));
#8892=CARTESIAN_POINT('Ctrl Pts',(23.0507338792086,7.,44.2985504865646));
#8893=CARTESIAN_POINT('Ctrl Pts',(23.1731224148875,8.,44.0690767425621));
#8894=CARTESIAN_POINT('Ctrl Pts',(23.1731224148875,7.,44.0690767425621));
#8895=CARTESIAN_POINT('Ctrl Pts',(23.4139486654394,8.,43.6175368898979));
#8896=CARTESIAN_POINT('Ctrl Pts',(23.4139486654394,7.,43.6175368898979));
#8897=CARTESIAN_POINT('Ctrl Pts',(23.8155446425409,8.,43.3007316180494));
#8898=CARTESIAN_POINT('Ctrl Pts',(23.8155446425409,7.,43.3007316180494));
#8899=CARTESIAN_POINT('Ctrl Pts',(24.0130484849215,8.,43.1449276208878));
#8900=CARTESIAN_POINT('Ctrl Pts',(24.0130484849215,7.,43.1449276208878));
#8901=CARTESIAN_POINT('',(23.0507338792086,8.,44.2985504865646));
#8902=CARTESIAN_POINT('Ctrl Pts',(23.0507338792086,8.,44.2985504865646));
#8903=CARTESIAN_POINT('Ctrl Pts',(23.1731224148875,8.,44.0690767425621));
#8904=CARTESIAN_POINT('Ctrl Pts',(23.4139486654394,8.,43.6175368898979));
#8905=CARTESIAN_POINT('Ctrl Pts',(23.8155446425409,8.,43.3007316180494));
#8906=CARTESIAN_POINT('Ctrl Pts',(24.0130484849215,8.,43.1449276208878));
#8907=CARTESIAN_POINT('',(23.0507338792086,7.,44.2985504865646));
#8908=CARTESIAN_POINT('',(23.0507338792086,8.,44.2985504865646));
#8909=CARTESIAN_POINT('Ctrl Pts',(23.0507338792086,7.,44.2985504865646));
#8910=CARTESIAN_POINT('Ctrl Pts',(23.1731224148875,7.,44.0690767425621));
#8911=CARTESIAN_POINT('Ctrl Pts',(23.4139486654394,7.,43.6175368898979));
#8912=CARTESIAN_POINT('Ctrl Pts',(23.8155446425409,7.,43.3007316180494));
#8913=CARTESIAN_POINT('Ctrl Pts',(24.0130484849215,7.,43.1449276208878));
#8914=CARTESIAN_POINT('Ctrl Pts',(22.7144969254732,8.,45.9449273347855));
#8915=CARTESIAN_POINT('Ctrl Pts',(22.7144969254732,7.,45.9449273347855));
#8916=CARTESIAN_POINT('Ctrl Pts',(22.726312930447,8.,45.6507285447681));
#8917=CARTESIAN_POINT('Ctrl Pts',(22.726312930447,7.,45.6507285447681));
#8918=CARTESIAN_POINT('Ctrl Pts',(22.7491018642157,8.,45.0833221535694));
#8919=CARTESIAN_POINT('Ctrl Pts',(22.7491018642157,7.,45.0833221535694));
#8920=CARTESIAN_POINT('Ctrl Pts',(22.9527005844946,8.,44.5536087969912));
#8921=CARTESIAN_POINT('Ctrl Pts',(22.9527005844946,7.,44.5536087969912));
#8922=CARTESIAN_POINT('Ctrl Pts',(23.0507338792086,8.,44.2985504865646));
#8923=CARTESIAN_POINT('Ctrl Pts',(23.0507338792086,7.,44.2985504865646));
#8924=CARTESIAN_POINT('',(22.7144969254732,8.,45.9449273347855));
#8925=CARTESIAN_POINT('Ctrl Pts',(22.7144969254732,8.,45.9449273347855));
#8926=CARTESIAN_POINT('Ctrl Pts',(22.726312930447,8.,45.6507285447681));
#8927=CARTESIAN_POINT('Ctrl Pts',(22.7491018642157,8.,45.0833221535694));
#8928=CARTESIAN_POINT('Ctrl Pts',(22.9527005844946,8.,44.5536087969912));
#8929=CARTESIAN_POINT('Ctrl Pts',(23.0507338792086,8.,44.2985504865646));
#8930=CARTESIAN_POINT('',(22.7144969254732,7.,45.9449273347855));
#8931=CARTESIAN_POINT('',(22.7144969254732,8.,45.9449273347855));
#8932=CARTESIAN_POINT('Ctrl Pts',(22.7144969254732,7.,45.9449273347855));
#8933=CARTESIAN_POINT('Ctrl Pts',(22.726312930447,7.,45.6507285447681));
#8934=CARTESIAN_POINT('Ctrl Pts',(22.7491018642157,7.,45.0833221535694));
#8935=CARTESIAN_POINT('Ctrl Pts',(22.9527005844946,7.,44.5536087969912));
#8936=CARTESIAN_POINT('Ctrl Pts',(23.0507338792086,7.,44.2985504865646));
#8937=CARTESIAN_POINT('Ctrl Pts',(23.0507338792086,8.,47.6202899217606));
#8938=CARTESIAN_POINT('Ctrl Pts',(23.0507338792086,7.,47.6202899217606));
#8939=CARTESIAN_POINT('Ctrl Pts',(22.9527178158786,8.,47.3627760439049));
#8940=CARTESIAN_POINT('Ctrl Pts',(22.9527178158786,7.,47.3627760439049));
#8941=CARTESIAN_POINT('Ctrl Pts',(22.7474568201891,8.,46.8235016313573));
#8942=CARTESIAN_POINT('Ctrl Pts',(22.7474568201891,7.,46.8235016313573));
#8943=CARTESIAN_POINT('Ctrl Pts',(22.7258080122787,8.,46.2464340665037));
#8944=CARTESIAN_POINT('Ctrl Pts',(22.7258080122787,7.,46.2464340665037));
#8945=CARTESIAN_POINT('Ctrl Pts',(22.7144969254732,8.,45.9449273347855));
#8946=CARTESIAN_POINT('Ctrl Pts',(22.7144969254732,7.,45.9449273347855));
#8947=CARTESIAN_POINT('',(23.0507338792086,8.,47.6202899217606));
#8948=CARTESIAN_POINT('Ctrl Pts',(23.0507338792086,8.,47.6202899217606));
#8949=CARTESIAN_POINT('Ctrl Pts',(22.9527178158786,8.,47.3627760439049));
#8950=CARTESIAN_POINT('Ctrl Pts',(22.7474568201891,8.,46.8235016313573));
#8951=CARTESIAN_POINT('Ctrl Pts',(22.7258080122787,8.,46.2464340665037));
#8952=CARTESIAN_POINT('Ctrl Pts',(22.7144969254732,8.,45.9449273347855));
#8953=CARTESIAN_POINT('',(23.0507338792086,7.,47.6202899217606));
#8954=CARTESIAN_POINT('',(23.0507338792086,8.,47.6202899217606));
#8955=CARTESIAN_POINT('Ctrl Pts',(23.0507338792086,7.,47.6202899217606));
#8956=CARTESIAN_POINT('Ctrl Pts',(22.9527178158786,7.,47.3627760439049));
#8957=CARTESIAN_POINT('Ctrl Pts',(22.7474568201891,7.,46.8235016313573));
#8958=CARTESIAN_POINT('Ctrl Pts',(22.7258080122787,7.,46.2464340665037));
#8959=CARTESIAN_POINT('Ctrl Pts',(22.7144969254732,7.,45.9449273347855));
#8960=CARTESIAN_POINT('Ctrl Pts',(24.0478289872408,8.,48.7507253885269));
#8961=CARTESIAN_POINT('Ctrl Pts',(24.0478289872408,7.,48.7507253885269));
#8962=CARTESIAN_POINT('Ctrl Pts',(23.8419370565131,8.,48.6009418381981));
#8963=CARTESIAN_POINT('Ctrl Pts',(23.8419370565131,7.,48.6009418381981));
#8964=CARTESIAN_POINT('Ctrl Pts',(23.4258261672836,8.,48.2982268842948));
#8965=CARTESIAN_POINT('Ctrl Pts',(23.4258261672836,7.,48.2982268842948));
#8966=CARTESIAN_POINT('Ctrl Pts',(23.176628422518,8.,47.8478300952172));
#8967=CARTESIAN_POINT('Ctrl Pts',(23.176628422518,7.,47.8478300952172));
#8968=CARTESIAN_POINT('Ctrl Pts',(23.0507338792086,8.,47.6202899217606));
#8969=CARTESIAN_POINT('Ctrl Pts',(23.0507338792086,7.,47.6202899217606));
#8970=CARTESIAN_POINT('',(24.0478289872408,8.,48.7507253885269));
#8971=CARTESIAN_POINT('Ctrl Pts',(24.0478289872408,8.,48.7507253885269));
#8972=CARTESIAN_POINT('Ctrl Pts',(23.8419370565131,8.,48.6009418381981));
#8973=CARTESIAN_POINT('Ctrl Pts',(23.4258261672836,8.,48.2982268842948));
#8974=CARTESIAN_POINT('Ctrl Pts',(23.176628422518,8.,47.8478300952172));
#8975=CARTESIAN_POINT('Ctrl Pts',(23.0507338792086,8.,47.6202899217606));
#8976=CARTESIAN_POINT('',(24.0478289872408,7.,48.7507253885269));
#8977=CARTESIAN_POINT('',(24.0478289872408,8.,48.7507253885269));
#8978=CARTESIAN_POINT('Ctrl Pts',(24.0478289872408,7.,48.7507253885269));
#8979=CARTESIAN_POINT('Ctrl Pts',(23.8419370565131,7.,48.6009418381981));
#8980=CARTESIAN_POINT('Ctrl Pts',(23.4258261672836,7.,48.2982268842948));
#8981=CARTESIAN_POINT('Ctrl Pts',(23.176628422518,7.,47.8478300952172));
#8982=CARTESIAN_POINT('Ctrl Pts',(23.0507338792086,7.,47.6202899217606));
#8983=CARTESIAN_POINT('Ctrl Pts',(25.6652224808931,8.,49.156522154808));
#8984=CARTESIAN_POINT('Ctrl Pts',(25.6652224808931,7.,49.156522154808));
#8985=CARTESIAN_POINT('Ctrl Pts',(25.3655846060234,8.,49.1436815197496));
#8986=CARTESIAN_POINT('Ctrl Pts',(25.3655846060234,7.,49.1436815197496));
#8987=CARTESIAN_POINT('Ctrl Pts',(24.7977069676643,8.,49.1193457794325));
#8988=CARTESIAN_POINT('Ctrl Pts',(24.7977069676643,7.,49.1193457794325));
#8989=CARTESIAN_POINT('Ctrl Pts',(24.2884017724382,8.,48.8689846739518));
#8990=CARTESIAN_POINT('Ctrl Pts',(24.2884017724382,7.,48.8689846739518));
#8991=CARTESIAN_POINT('Ctrl Pts',(24.0478289872408,8.,48.7507253885269));
#8992=CARTESIAN_POINT('Ctrl Pts',(24.0478289872408,7.,48.7507253885269));
#8993=CARTESIAN_POINT('',(25.6652224808931,8.,49.156522154808));
#8994=CARTESIAN_POINT('Ctrl Pts',(25.6652224808931,8.,49.156522154808));
#8995=CARTESIAN_POINT('Ctrl Pts',(25.3655846060234,8.,49.1436815197496));
#8996=CARTESIAN_POINT('Ctrl Pts',(24.7977069676643,8.,49.1193457794325));
#8997=CARTESIAN_POINT('Ctrl Pts',(24.2884017724382,8.,48.8689846739518));
#8998=CARTESIAN_POINT('Ctrl Pts',(24.0478289872408,8.,48.7507253885269));
#8999=CARTESIAN_POINT('',(25.6652224808931,7.,49.156522154808));
#9000=CARTESIAN_POINT('',(25.6652224808931,8.,49.156522154808));
#9001=CARTESIAN_POINT('Ctrl Pts',(25.6652224808931,7.,49.156522154808));
#9002=CARTESIAN_POINT('Ctrl Pts',(25.3655846060234,7.,49.1436815197496));
#9003=CARTESIAN_POINT('Ctrl Pts',(24.7977069676643,7.,49.1193457794325));
#9004=CARTESIAN_POINT('Ctrl Pts',(24.2884017724382,7.,48.8689846739518));
#9005=CARTESIAN_POINT('Ctrl Pts',(24.0478289872408,7.,48.7507253885269));
#9006=CARTESIAN_POINT('Ctrl Pts',(26.8942130357027,8.,48.9478260278702));
#9007=CARTESIAN_POINT('Ctrl Pts',(26.8942130357027,7.,48.9478260278702));
#9008=CARTESIAN_POINT('Ctrl Pts',(26.6976342151355,8.,49.0086900856488));
#9009=CARTESIAN_POINT('Ctrl Pts',(26.6976342151355,7.,49.0086900856488));
#9010=CARTESIAN_POINT('Ctrl Pts',(26.2972944766185,8.,49.132641897476));
#9011=CARTESIAN_POINT('Ctrl Pts',(26.2972944766185,7.,49.132641897476));
#9012=CARTESIAN_POINT('Ctrl Pts',(25.8784180281594,8.,49.1484674322999));
#9013=CARTESIAN_POINT('Ctrl Pts',(25.8784180281594,7.,49.1484674322999));
#9014=CARTESIAN_POINT('Ctrl Pts',(25.6652224808931,8.,49.156522154808));
#9015=CARTESIAN_POINT('Ctrl Pts',(25.6652224808931,7.,49.156522154808));
#9016=CARTESIAN_POINT('',(26.8942130357027,8.,48.9478260278702));
#9017=CARTESIAN_POINT('Ctrl Pts',(26.8942130357027,8.,48.9478260278702));
#9018=CARTESIAN_POINT('Ctrl Pts',(26.6976342151355,8.,49.0086900856488));
#9019=CARTESIAN_POINT('Ctrl Pts',(26.2972944766185,8.,49.132641897476));
#9020=CARTESIAN_POINT('Ctrl Pts',(25.8784180281594,8.,49.1484674322999));
#9021=CARTESIAN_POINT('Ctrl Pts',(25.6652224808931,8.,49.156522154808));
#9022=CARTESIAN_POINT('',(26.8942130357027,7.,48.9478260278702));
#9023=CARTESIAN_POINT('',(26.8942130357027,8.,48.9478260278702));
#9024=CARTESIAN_POINT('Ctrl Pts',(26.8942130357027,7.,48.9478260278702));
#9025=CARTESIAN_POINT('Ctrl Pts',(26.6976342151355,7.,49.0086900856488));
#9026=CARTESIAN_POINT('Ctrl Pts',(26.2972944766185,7.,49.132641897476));
#9027=CARTESIAN_POINT('Ctrl Pts',(25.8784180281594,7.,49.1484674322999));
#9028=CARTESIAN_POINT('Ctrl Pts',(25.6652224808931,7.,49.156522154808));
#9029=CARTESIAN_POINT('Ctrl Pts',(27.8971064835787,8.,48.3913046121597));
#9030=CARTESIAN_POINT('Ctrl Pts',(27.8971064835787,7.,48.3913046121597));
#9031=CARTESIAN_POINT('Ctrl Pts',(27.7457374500318,8.,48.5022893902458));
#9032=CARTESIAN_POINT('Ctrl Pts',(27.7457374500318,7.,48.5022893902458));
#9033=CARTESIAN_POINT('Ctrl Pts',(27.435033295993,8.,48.7300997341345));
#9034=CARTESIAN_POINT('Ctrl Pts',(27.435033295993,7.,48.7300997341345));
#9035=CARTESIAN_POINT('Ctrl Pts',(27.0775416765357,8.,48.8740206096288));
#9036=CARTESIAN_POINT('Ctrl Pts',(27.0775416765357,7.,48.8740206096288));
#9037=CARTESIAN_POINT('Ctrl Pts',(26.8942130357027,8.,48.9478260278702));
#9038=CARTESIAN_POINT('Ctrl Pts',(26.8942130357027,7.,48.9478260278702));
#9039=CARTESIAN_POINT('',(27.8971064835787,8.,48.3913046121597));
#9040=CARTESIAN_POINT('Ctrl Pts',(27.8971064835787,8.,48.3913046121597));
#9041=CARTESIAN_POINT('Ctrl Pts',(27.7457374500318,8.,48.5022893902458));
#9042=CARTESIAN_POINT('Ctrl Pts',(27.435033295993,8.,48.7300997341345));
#9043=CARTESIAN_POINT('Ctrl Pts',(27.0775416765357,8.,48.8740206096288));
#9044=CARTESIAN_POINT('Ctrl Pts',(26.8942130357027,8.,48.9478260278702));
#9045=CARTESIAN_POINT('',(27.8971064835787,7.,48.3913046121597));
#9046=CARTESIAN_POINT('',(27.8971064835787,8.,48.3913046121597));
#9047=CARTESIAN_POINT('Ctrl Pts',(27.8971064835787,7.,48.3913046121597));
#9048=CARTESIAN_POINT('Ctrl Pts',(27.7457374500318,7.,48.5022893902458));
#9049=CARTESIAN_POINT('Ctrl Pts',(27.435033295993,7.,48.7300997341345));
#9050=CARTESIAN_POINT('Ctrl Pts',(27.0775416765357,7.,48.8740206096288));
#9051=CARTESIAN_POINT('Ctrl Pts',(26.8942130357027,7.,48.9478260278702));
#9052=CARTESIAN_POINT('Origin',(27.3347914963961,8.,47.6144927740097));
#9053=CARTESIAN_POINT('',(27.3347914963961,8.,47.6144927740097));
#9054=CARTESIAN_POINT('',(11.327438564255,8.,25.5010838509528));
#9055=CARTESIAN_POINT('',(27.3347914963961,7.,47.6144927740097));
#9056=CARTESIAN_POINT('',(27.3347914963961,8.,47.6144927740097));
#9057=CARTESIAN_POINT('',(27.3347914963961,7.,47.6144927740097));
#9058=CARTESIAN_POINT('Ctrl Pts',(26.5579760819674,8.,48.008696436882));
#9059=CARTESIAN_POINT('Ctrl Pts',(26.5579760819674,7.,48.008696436882));
#9060=CARTESIAN_POINT('Ctrl Pts',(26.6892729871426,8.,47.9562784487983));
#9061=CARTESIAN_POINT('Ctrl Pts',(26.6892729871426,7.,47.9562784487983));
#9062=CARTESIAN_POINT('Ctrl Pts',(26.9599935998003,8.,47.8481979892522));
#9063=CARTESIAN_POINT('Ctrl Pts',(26.9599935998003,7.,47.8481979892522));
#9064=CARTESIAN_POINT('Ctrl Pts',(27.2073833872647,8.,47.6939380959782));
#9065=CARTESIAN_POINT('Ctrl Pts',(27.2073833872647,7.,47.6939380959782));
#9066=CARTESIAN_POINT('Ctrl Pts',(27.3347914963961,8.,47.6144927740097));
#9067=CARTESIAN_POINT('Ctrl Pts',(27.3347914963961,7.,47.6144927740097));
#9068=CARTESIAN_POINT('',(26.5579760819674,8.,48.008696436882));
#9069=CARTESIAN_POINT('Ctrl Pts',(26.5579760819674,8.,48.008696436882));
#9070=CARTESIAN_POINT('Ctrl Pts',(26.6892729871426,8.,47.9562784487983));
#9071=CARTESIAN_POINT('Ctrl Pts',(26.9599935998003,8.,47.8481979892522));
#9072=CARTESIAN_POINT('Ctrl Pts',(27.2073833872647,8.,47.6939380959782));
#9073=CARTESIAN_POINT('Ctrl Pts',(27.3347914963961,8.,47.6144927740097));
#9074=CARTESIAN_POINT('',(26.5579760819674,7.,48.008696436882));
#9075=CARTESIAN_POINT('',(26.5579760819674,8.,48.008696436882));
#9076=CARTESIAN_POINT('Ctrl Pts',(26.5579760819674,7.,48.008696436882));
#9077=CARTESIAN_POINT('Ctrl Pts',(26.6892729871426,7.,47.9562784487983));
#9078=CARTESIAN_POINT('Ctrl Pts',(26.9599935998003,7.,47.8481979892522));
#9079=CARTESIAN_POINT('Ctrl Pts',(27.2073833872647,7.,47.6939380959782));
#9080=CARTESIAN_POINT('Ctrl Pts',(27.3347914963961,7.,47.6144927740097));
#9081=CARTESIAN_POINT('Ctrl Pts',(25.7289946824312,8.,48.1478267908096));
#9082=CARTESIAN_POINT('Ctrl Pts',(25.7289946824312,7.,48.1478267908096));
#9083=CARTESIAN_POINT('Ctrl Pts',(25.8735531737776,8.,48.1425953554768));
#9084=CARTESIAN_POINT('Ctrl Pts',(25.8735531737776,7.,48.1425953554768));
#9085=CARTESIAN_POINT('Ctrl Pts',(26.1560251366758,8.,48.1323729618043));
#9086=CARTESIAN_POINT('Ctrl Pts',(26.1560251366758,7.,48.1323729618043));
#9087=CARTESIAN_POINT('Ctrl Pts',(26.4261103089982,8.,48.0492702948317));
#9088=CARTESIAN_POINT('Ctrl Pts',(26.4261103089982,7.,48.0492702948317));
#9089=CARTESIAN_POINT('Ctrl Pts',(26.5579760819674,8.,48.008696436882));
#9090=CARTESIAN_POINT('Ctrl Pts',(26.5579760819674,7.,48.008696436882));
#9091=CARTESIAN_POINT('',(25.7289946824312,8.,48.1478267908096));
#9092=CARTESIAN_POINT('Ctrl Pts',(25.7289946824312,8.,48.1478267908096));
#9093=CARTESIAN_POINT('Ctrl Pts',(25.8735531737776,8.,48.1425953554768));
#9094=CARTESIAN_POINT('Ctrl Pts',(26.1560251366758,8.,48.1323729618043));
#9095=CARTESIAN_POINT('Ctrl Pts',(26.4261103089982,8.,48.0492702948317));
#9096=CARTESIAN_POINT('Ctrl Pts',(26.5579760819674,8.,48.008696436882));
#9097=CARTESIAN_POINT('',(25.7289946824312,7.,48.1478267908096));
#9098=CARTESIAN_POINT('',(25.7289946824312,8.,48.1478267908096));
#9099=CARTESIAN_POINT('Ctrl Pts',(25.7289946824312,7.,48.1478267908096));
#9100=CARTESIAN_POINT('Ctrl Pts',(25.8735531737776,7.,48.1425953554768));
#9101=CARTESIAN_POINT('Ctrl Pts',(26.1560251366758,7.,48.1323729618043));
#9102=CARTESIAN_POINT('Ctrl Pts',(26.4261103089982,7.,48.0492702948317));
#9103=CARTESIAN_POINT('Ctrl Pts',(26.5579760819674,7.,48.008696436882));
#9104=CARTESIAN_POINT('Ctrl Pts',(24.5869601517916,8.,47.724637389183));
#9105=CARTESIAN_POINT('Ctrl Pts',(24.5869601517916,7.,47.724637389183));
#9106=CARTESIAN_POINT('Ctrl Pts',(24.7547777886636,8.,47.8480620682451));
#9107=CARTESIAN_POINT('Ctrl Pts',(24.7547777886636,7.,47.8480620682451));
#9108=CARTESIAN_POINT('Ctrl Pts',(25.0947671953143,8.,48.0981137563902));
#9109=CARTESIAN_POINT('Ctrl Pts',(25.0947671953143,7.,48.0981137563902));
#9110=CARTESIAN_POINT('Ctrl Pts',(25.5157882272671,8.,48.131114901055));
#9111=CARTESIAN_POINT('Ctrl Pts',(25.5157882272671,7.,48.131114901055));
#9112=CARTESIAN_POINT('Ctrl Pts',(25.7289946824312,8.,48.1478267908096));
#9113=CARTESIAN_POINT('Ctrl Pts',(25.7289946824312,7.,48.1478267908096));
#9114=CARTESIAN_POINT('',(24.5869601517916,8.,47.724637389183));
#9115=CARTESIAN_POINT('Ctrl Pts',(24.5869601517916,8.,47.724637389183));
#9116=CARTESIAN_POINT('Ctrl Pts',(24.7547777886636,8.,47.8480620682451));
#9117=CARTESIAN_POINT('Ctrl Pts',(25.0947671953143,8.,48.0981137563902));
#9118=CARTESIAN_POINT('Ctrl Pts',(25.5157882272671,8.,48.131114901055));
#9119=CARTESIAN_POINT('Ctrl Pts',(25.7289946824312,8.,48.1478267908096));
#9120=CARTESIAN_POINT('',(24.5869601517916,7.,47.724637389183));
#9121=CARTESIAN_POINT('',(24.5869601517916,8.,47.724637389183));
#9122=CARTESIAN_POINT('Ctrl Pts',(24.5869601517916,7.,47.724637389183));
#9123=CARTESIAN_POINT('Ctrl Pts',(24.7547777886636,7.,47.8480620682451));
#9124=CARTESIAN_POINT('Ctrl Pts',(25.0947671953143,7.,48.0981137563902));
#9125=CARTESIAN_POINT('Ctrl Pts',(25.5157882272671,7.,48.131114901055));
#9126=CARTESIAN_POINT('Ctrl Pts',(25.7289946824312,7.,48.1478267908096));
#9127=CARTESIAN_POINT('Ctrl Pts',(24.0594256669283,8.,46.3565224409103));
#9128=CARTESIAN_POINT('Ctrl Pts',(24.0594256669283,7.,46.3565224409103));
#9129=CARTESIAN_POINT('Ctrl Pts',(24.0854922472553,8.,46.6393459416273));
#9130=CARTESIAN_POINT('Ctrl Pts',(24.0854922472553,7.,46.6393459416273));
#9131=CARTESIAN_POINT('Ctrl Pts',(24.1324075850801,8.,47.1483793443387));
#9132=CARTESIAN_POINT('Ctrl Pts',(24.1324075850801,7.,47.1483793443387));
#9133=CARTESIAN_POINT('Ctrl Pts',(24.4471094507937,8.,47.5473419619232));
#9134=CARTESIAN_POINT('Ctrl Pts',(24.4471094507937,7.,47.5473419619232));
#9135=CARTESIAN_POINT('Ctrl Pts',(24.5869601517916,8.,47.724637389183));
#9136=CARTESIAN_POINT('Ctrl Pts',(24.5869601517916,7.,47.724637389183));
#9137=CARTESIAN_POINT('',(24.0594256669283,8.,46.3565224409103));
#9138=CARTESIAN_POINT('Ctrl Pts',(24.0594256669283,8.,46.3565224409103));
#9139=CARTESIAN_POINT('Ctrl Pts',(24.0854922472553,8.,46.6393459416273));
#9140=CARTESIAN_POINT('Ctrl Pts',(24.1324075850801,8.,47.1483793443387));
#9141=CARTESIAN_POINT('Ctrl Pts',(24.4471094507937,8.,47.5473419619232));
#9142=CARTESIAN_POINT('Ctrl Pts',(24.5869601517916,8.,47.724637389183));
#9143=CARTESIAN_POINT('',(24.0594256669283,7.,46.3565224409103));
#9144=CARTESIAN_POINT('',(24.0594256669283,8.,46.3565224409103));
#9145=CARTESIAN_POINT('Ctrl Pts',(24.0594256669283,7.,46.3565224409103));
#9146=CARTESIAN_POINT('Ctrl Pts',(24.0854922472553,7.,46.6393459416273));
#9147=CARTESIAN_POINT('Ctrl Pts',(24.1324075850801,7.,47.1483793443387));
#9148=CARTESIAN_POINT('Ctrl Pts',(24.4471094507937,7.,47.5473419619232));
#9149=CARTESIAN_POINT('Ctrl Pts',(24.5869601517916,7.,47.724637389183));
#9150=CARTESIAN_POINT('Origin',(28.1173957139254,8.,46.3565224409103));
#9151=CARTESIAN_POINT('',(14.0586978569627,8.,46.3565224409103));
#9152=CARTESIAN_POINT('',(28.1173957139254,7.,46.3565224409103));
#9153=CARTESIAN_POINT('Origin',(-2.50000171363354,7.,45.6927534937859));
#9154=CARTESIAN_POINT('Origin',(46.32608063519,8.,47.9217392206192));
#9155=CARTESIAN_POINT('',(46.32608063519,8.,47.9217392206192));
#9156=CARTESIAN_POINT('',(47.885500267148,8.,42.8782600164413));
#9157=CARTESIAN_POINT('',(51.0670012849401,8.,32.5886407937066));
#9158=CARTESIAN_POINT('',(46.32608063519,7.,47.9217392206192));
#9159=CARTESIAN_POINT('',(46.32608063519,8.,47.9217392206192));
#9160=CARTESIAN_POINT('',(47.885500267148,7.,42.8782600164413));
#9161=CARTESIAN_POINT('',(46.32608063519,7.,47.9217392206192));
#9162=CARTESIAN_POINT('',(47.885500267148,8.,42.8782600164413));
#9163=CARTESIAN_POINT('Origin',(44.7724593430758,8.,42.8782600164413));
#9164=CARTESIAN_POINT('',(44.7724593430758,8.,42.8782600164413));
#9165=CARTESIAN_POINT('',(36.8004370993579,8.,16.9988976483327));
#9166=CARTESIAN_POINT('',(44.7724593430758,7.,42.8782600164413));
#9167=CARTESIAN_POINT('',(44.7724593430758,8.,42.8782600164413));
#9168=CARTESIAN_POINT('',(44.7724593430758,7.,42.8782600164413));
#9169=CARTESIAN_POINT('Origin',(43.3811534196138,8.,42.8782600164413));
#9170=CARTESIAN_POINT('',(43.3811534196138,8.,42.8782600164413));
#9171=CARTESIAN_POINT('',(21.6905767098069,8.,42.8782600164413));
#9172=CARTESIAN_POINT('',(43.3811534196138,7.,42.8782600164413));
#9173=CARTESIAN_POINT('',(43.3811534196138,8.,42.8782600164413));
#9174=CARTESIAN_POINT('',(43.3811534196138,7.,42.8782600164413));
#9175=CARTESIAN_POINT('Origin',(45.537678077817,8.,49.0000003576279));
#9176=CARTESIAN_POINT('',(45.537678077817,8.,49.0000003576279));
#9177=CARTESIAN_POINT('',(35.3461835349951,8.,20.0693396102755));
#9178=CARTESIAN_POINT('',(45.537678077817,7.,49.0000003576279));
#9179=CARTESIAN_POINT('',(45.537678077817,8.,49.0000003576279));
#9180=CARTESIAN_POINT('',(45.537678077817,7.,49.0000003576279));
#9181=CARTESIAN_POINT('Origin',(47.0565188676119,8.,49.0000003576279));
#9182=CARTESIAN_POINT('',(47.0565188676119,8.,49.0000003576279));
#9183=CARTESIAN_POINT('',(23.5282594338059,8.,49.0000003576279));
#9184=CARTESIAN_POINT('',(47.0565188676119,7.,49.0000003576279));
#9185=CARTESIAN_POINT('',(47.0565188676119,8.,49.0000003576279));
#9186=CARTESIAN_POINT('',(47.0565188676119,7.,49.0000003576279));
#9187=CARTESIAN_POINT('Origin',(49.213043525815,8.,42.8782600164413));
#9188=CARTESIAN_POINT('',(49.213043525815,8.,42.8782600164413));
#9189=CARTESIAN_POINT('',(53.2152357479418,8.,31.5172113559587));
#9190=CARTESIAN_POINT('',(49.213043525815,7.,42.8782600164413));
#9191=CARTESIAN_POINT('',(49.213043525815,8.,42.8782600164413));
#9192=CARTESIAN_POINT('',(49.213043525815,7.,42.8782600164413));
#9193=CARTESIAN_POINT('Origin',(47.885500267148,8.,42.8782600164413));
#9194=CARTESIAN_POINT('',(23.942750133574,8.,42.8782600164413));
#9195=CARTESIAN_POINT('',(47.885500267148,7.,42.8782600164413));
#9196=CARTESIAN_POINT('Origin',(-2.50000171363354,7.,45.6927534937859));
#9197=CARTESIAN_POINT('Origin',(33.4275401383638,8.,48.0724638700485));
#9198=CARTESIAN_POINT('',(33.4275401383638,8.,48.0724638700485));
#9199=CARTESIAN_POINT('',(33.4275401383638,8.,49.0000003576279));
#9200=CARTESIAN_POINT('',(33.4275401383638,8.,24.0362319350243));
#9201=CARTESIAN_POINT('',(33.4275401383638,7.,48.0724638700485));
#9202=CARTESIAN_POINT('',(33.4275401383638,8.,48.0724638700485));
#9203=CARTESIAN_POINT('',(33.4275401383638,7.,49.0000003576279));
#9204=CARTESIAN_POINT('',(33.4275401383638,7.,48.0724638700485));
#9205=CARTESIAN_POINT('',(33.4275401383638,8.,49.0000003576279));
#9206=CARTESIAN_POINT('Origin',(32.1927607804537,8.,48.0724638700485));
#9207=CARTESIAN_POINT('',(32.1927607804537,8.,48.0724638700485));
#9208=CARTESIAN_POINT('',(16.0963803902268,8.,48.0724638700485));
#9209=CARTESIAN_POINT('',(32.1927607804537,7.,48.0724638700485));
#9210=CARTESIAN_POINT('',(32.1927607804537,8.,48.0724638700485));
#9211=CARTESIAN_POINT('',(32.1927607804537,7.,48.0724638700485));
#9212=CARTESIAN_POINT('Origin',(32.1927607804537,8.,45.799999833107));
#9213=CARTESIAN_POINT('',(32.1927607804537,8.,45.799999833107));
#9214=CARTESIAN_POINT('',(32.1927607804537,8.,22.8999999165535));
#9215=CARTESIAN_POINT('',(32.1927607804537,7.,45.799999833107));
#9216=CARTESIAN_POINT('',(32.1927607804537,8.,45.799999833107));
#9217=CARTESIAN_POINT('',(32.1927607804537,7.,45.799999833107));
#9218=CARTESIAN_POINT('Ctrl Pts',(32.9347861558199,8.,44.408695101738));
#9219=CARTESIAN_POINT('Ctrl Pts',(32.9347861558199,7.,44.408695101738));
#9220=CARTESIAN_POINT('Ctrl Pts',(32.7833878748282,8.,44.6005949981671));
#9221=CARTESIAN_POINT('Ctrl Pts',(32.7833878748282,7.,44.6005949981671));
#9222=CARTESIAN_POINT('Ctrl Pts',(32.4531831015186,8.,45.0191351650927));
#9223=CARTESIAN_POINT('Ctrl Pts',(32.4531831015186,7.,45.0191351650927));
#9224=CARTESIAN_POINT('Ctrl Pts',(32.2842424526589,8.,45.5256961355444));
#9225=CARTESIAN_POINT('Ctrl Pts',(32.2842424526589,7.,45.5256961355444));
#9226=CARTESIAN_POINT('Ctrl Pts',(32.1927607804537,8.,45.799999833107));
#9227=CARTESIAN_POINT('Ctrl Pts',(32.1927607804537,7.,45.799999833107));
#9228=CARTESIAN_POINT('',(32.9347861558199,8.,44.408695101738));
#9229=CARTESIAN_POINT('Ctrl Pts',(32.9347861558199,8.,44.408695101738));
#9230=CARTESIAN_POINT('Ctrl Pts',(32.7833878748282,8.,44.6005949981671));
#9231=CARTESIAN_POINT('Ctrl Pts',(32.4531831015186,8.,45.0191351650927));
#9232=CARTESIAN_POINT('Ctrl Pts',(32.2842424526589,8.,45.5256961355444));
#9233=CARTESIAN_POINT('Ctrl Pts',(32.1927607804537,8.,45.799999833107));
#9234=CARTESIAN_POINT('',(32.9347861558199,7.,44.408695101738));
#9235=CARTESIAN_POINT('',(32.9347861558199,8.,44.408695101738));
#9236=CARTESIAN_POINT('Ctrl Pts',(32.9347861558199,7.,44.408695101738));
#9237=CARTESIAN_POINT('Ctrl Pts',(32.7833878748282,7.,44.6005949981671));
#9238=CARTESIAN_POINT('Ctrl Pts',(32.4531831015186,7.,45.0191351650927));
#9239=CARTESIAN_POINT('Ctrl Pts',(32.2842424526589,7.,45.5256961355444));
#9240=CARTESIAN_POINT('Ctrl Pts',(32.1927607804537,7.,45.799999833107));
#9241=CARTESIAN_POINT('Ctrl Pts',(34.0536273270845,8.,43.8869565725327));
#9242=CARTESIAN_POINT('Ctrl Pts',(34.0536273270845,7.,43.8869565725327));
#9243=CARTESIAN_POINT('Ctrl Pts',(33.8435720905657,8.,43.9156939122355));
#9244=CARTESIAN_POINT('Ctrl Pts',(33.8435720905657,7.,43.9156939122355));
#9245=CARTESIAN_POINT('Ctrl Pts',(33.4171563296143,8.,43.974031208559));
#9246=CARTESIAN_POINT('Ctrl Pts',(33.4171563296143,7.,43.974031208559));
#9247=CARTESIAN_POINT('Ctrl Pts',(33.0971534773063,8.,44.262385864732));
#9248=CARTESIAN_POINT('Ctrl Pts',(33.0971534773063,7.,44.262385864732));
#9249=CARTESIAN_POINT('Ctrl Pts',(32.9347861558199,8.,44.408695101738));
#9250=CARTESIAN_POINT('Ctrl Pts',(32.9347861558199,7.,44.408695101738));
#9251=CARTESIAN_POINT('',(34.0536273270845,8.,43.8869565725327));
#9252=CARTESIAN_POINT('Ctrl Pts',(34.0536273270845,8.,43.8869565725327));
#9253=CARTESIAN_POINT('Ctrl Pts',(33.8435720905657,8.,43.9156939122355));
#9254=CARTESIAN_POINT('Ctrl Pts',(33.4171563296143,8.,43.974031208559));
#9255=CARTESIAN_POINT('Ctrl Pts',(33.0971534773063,8.,44.262385864732));
#9256=CARTESIAN_POINT('Ctrl Pts',(32.9347861558199,8.,44.408695101738));
#9257=CARTESIAN_POINT('',(34.0536273270845,7.,43.8869565725327));
#9258=CARTESIAN_POINT('',(34.0536273270845,8.,43.8869565725327));
#9259=CARTESIAN_POINT('Ctrl Pts',(34.0536273270845,7.,43.8869565725327));
#9260=CARTESIAN_POINT('Ctrl Pts',(33.8435720905657,7.,43.9156939122355));
#9261=CARTESIAN_POINT('Ctrl Pts',(33.4171563296143,7.,43.974031208559));
#9262=CARTESIAN_POINT('Ctrl Pts',(33.0971534773063,7.,44.262385864732));
#9263=CARTESIAN_POINT('Ctrl Pts',(32.9347861558199,7.,44.408695101738));
#9264=CARTESIAN_POINT('Origin',(34.0536273270845,8.,45.1333338022232));
#9265=CARTESIAN_POINT('',(34.0536273270845,8.,45.1333338022232));
#9266=CARTESIAN_POINT('',(34.0536273270845,8.,22.5666669011116));
#9267=CARTESIAN_POINT('',(34.0536273270845,7.,45.1333338022232));
#9268=CARTESIAN_POINT('',(34.0536273270845,8.,45.1333338022232));
#9269=CARTESIAN_POINT('',(34.0536273270845,7.,45.1333338022232));
#9270=CARTESIAN_POINT('Origin',(34.9811614304781,8.,45.1333338022232));
#9271=CARTESIAN_POINT('',(34.9811614304781,8.,45.1333338022232));
#9272=CARTESIAN_POINT('',(17.490580715239,8.,45.1333338022232));
#9273=CARTESIAN_POINT('',(34.9811614304781,7.,45.1333338022232));
#9274=CARTESIAN_POINT('',(34.9811614304781,8.,45.1333338022232));
#9275=CARTESIAN_POINT('',(34.9811614304781,7.,45.1333338022232));
#9276=CARTESIAN_POINT('Origin',(35.2014506608248,8.,42.8782600164413));
#9277=CARTESIAN_POINT('',(35.2014506608248,8.,42.8782600164413));
#9278=CARTESIAN_POINT('',(37.1095898333132,8.,23.3448737463537));
#9279=CARTESIAN_POINT('',(35.2014506608248,7.,42.8782600164413));
#9280=CARTESIAN_POINT('',(35.2014506608248,8.,42.8782600164413));
#9281=CARTESIAN_POINT('',(35.2014506608248,7.,42.8782600164413));
#9282=CARTESIAN_POINT('Ctrl Pts',(34.7666705399752,8.,42.768115401268));
#9283=CARTESIAN_POINT('Ctrl Pts',(34.7666705399752,7.,42.768115401268));
#9284=CARTESIAN_POINT('Ctrl Pts',(34.8399213633689,8.,42.7828688562655));
#9285=CARTESIAN_POINT('Ctrl Pts',(34.8399213633689,7.,42.7828688562655));
#9286=CARTESIAN_POINT('Ctrl Pts',(34.9866615154041,8.,42.8124238036242));
#9287=CARTESIAN_POINT('Ctrl Pts',(34.9866615154041,7.,42.8124238036242));
#9288=CARTESIAN_POINT('Ctrl Pts',(35.1297767412026,8.,42.856290845623));
#9289=CARTESIAN_POINT('Ctrl Pts',(35.1297767412026,7.,42.856290845623));
#9290=CARTESIAN_POINT('Ctrl Pts',(35.2014506608248,8.,42.8782600164413));
#9291=CARTESIAN_POINT('Ctrl Pts',(35.2014506608248,7.,42.8782600164413));
#9292=CARTESIAN_POINT('',(34.7666705399752,8.,42.768115401268));
#9293=CARTESIAN_POINT('Ctrl Pts',(34.7666705399752,8.,42.768115401268));
#9294=CARTESIAN_POINT('Ctrl Pts',(34.8399213633689,8.,42.7828688562655));
#9295=CARTESIAN_POINT('Ctrl Pts',(34.9866615154041,8.,42.8124238036242));
#9296=CARTESIAN_POINT('Ctrl Pts',(35.1297767412026,8.,42.856290845623));
#9297=CARTESIAN_POINT('Ctrl Pts',(35.2014506608248,8.,42.8782600164413));
#9298=CARTESIAN_POINT('',(34.7666705399752,7.,42.768115401268));
#9299=CARTESIAN_POINT('',(34.7666705399752,8.,42.768115401268));
#9300=CARTESIAN_POINT('Ctrl Pts',(34.7666705399752,7.,42.768115401268));
#9301=CARTESIAN_POINT('Ctrl Pts',(34.8399213633689,7.,42.7828688562655));
#9302=CARTESIAN_POINT('Ctrl Pts',(34.9866615154041,7.,42.8124238036242));
#9303=CARTESIAN_POINT('Ctrl Pts',(35.1297767412026,7.,42.856290845623));
#9304=CARTESIAN_POINT('Ctrl Pts',(35.2014506608248,7.,42.8782600164413));
#9305=CARTESIAN_POINT('Ctrl Pts',(34.279714897275,8.,42.7217394113541));
#9306=CARTESIAN_POINT('Ctrl Pts',(34.279714897275,7.,42.7217394113541));
#9307=CARTESIAN_POINT('Ctrl Pts',(34.3659389375364,8.,42.7232157211933));
#9308=CARTESIAN_POINT('Ctrl Pts',(34.3659389375364,7.,42.7232157211933));
#9309=CARTESIAN_POINT('Ctrl Pts',(34.5294997779571,8.,42.7260161754202));
#9310=CARTESIAN_POINT('Ctrl Pts',(34.5294997779571,7.,42.7260161754202));
#9311=CARTESIAN_POINT('Ctrl Pts',(34.6905302017732,8.,42.754600036782));
#9312=CARTESIAN_POINT('Ctrl Pts',(34.6905302017732,7.,42.754600036782));
#9313=CARTESIAN_POINT('Ctrl Pts',(34.7666705399752,8.,42.768115401268));
#9314=CARTESIAN_POINT('Ctrl Pts',(34.7666705399752,7.,42.768115401268));
#9315=CARTESIAN_POINT('',(34.279714897275,8.,42.7217394113541));
#9316=CARTESIAN_POINT('Ctrl Pts',(34.279714897275,8.,42.7217394113541));
#9317=CARTESIAN_POINT('Ctrl Pts',(34.3659389375364,8.,42.7232157211933));
#9318=CARTESIAN_POINT('Ctrl Pts',(34.5294997779571,8.,42.7260161754202));
#9319=CARTESIAN_POINT('Ctrl Pts',(34.6905302017732,8.,42.754600036782));
#9320=CARTESIAN_POINT('Ctrl Pts',(34.7666705399752,8.,42.768115401268));
#9321=CARTESIAN_POINT('',(34.279714897275,7.,42.7217394113541));
#9322=CARTESIAN_POINT('',(34.279714897275,8.,42.7217394113541));
#9323=CARTESIAN_POINT('Ctrl Pts',(34.279714897275,7.,42.7217394113541));
#9324=CARTESIAN_POINT('Ctrl Pts',(34.3659389375364,7.,42.7232157211933));
#9325=CARTESIAN_POINT('Ctrl Pts',(34.5294997779571,7.,42.7260161754202));
#9326=CARTESIAN_POINT('Ctrl Pts',(34.6905302017732,7.,42.754600036782));
#9327=CARTESIAN_POINT('Ctrl Pts',(34.7666705399752,7.,42.768115401268));
#9328=CARTESIAN_POINT('Ctrl Pts',(32.9695666581392,8.,43.1275361776352));
#9329=CARTESIAN_POINT('Ctrl Pts',(32.9695666581392,7.,43.1275361776352));
#9330=CARTESIAN_POINT('Ctrl Pts',(33.1583857058619,8.,43.0092776543139));
#9331=CARTESIAN_POINT('Ctrl Pts',(33.1583857058619,7.,43.0092776543139));
#9332=CARTESIAN_POINT('Ctrl Pts',(33.5582188308509,8.,42.758859725051));
#9333=CARTESIAN_POINT('Ctrl Pts',(33.5582188308509,7.,42.758859725051));
#9334=CARTESIAN_POINT('Ctrl Pts',(34.0304777293783,8.,42.7345624360216));
#9335=CARTESIAN_POINT('Ctrl Pts',(34.0304777293783,7.,42.7345624360216));
#9336=CARTESIAN_POINT('Ctrl Pts',(34.279714897275,8.,42.7217394113541));
#9337=CARTESIAN_POINT('Ctrl Pts',(34.279714897275,7.,42.7217394113541));
#9338=CARTESIAN_POINT('',(32.9695666581392,8.,43.1275361776352));
#9339=CARTESIAN_POINT('Ctrl Pts',(32.9695666581392,8.,43.1275361776352));
#9340=CARTESIAN_POINT('Ctrl Pts',(33.1583857058619,8.,43.0092776543139));
#9341=CARTESIAN_POINT('Ctrl Pts',(33.5582188308509,8.,42.758859725051));
#9342=CARTESIAN_POINT('Ctrl Pts',(34.0304777293783,8.,42.7345624360216));
#9343=CARTESIAN_POINT('Ctrl Pts',(34.279714897275,8.,42.7217394113541));
#9344=CARTESIAN_POINT('',(32.9695666581392,7.,43.1275361776352));
#9345=CARTESIAN_POINT('',(32.9695666581392,8.,43.1275361776352));
#9346=CARTESIAN_POINT('Ctrl Pts',(32.9695666581392,7.,43.1275361776352));
#9347=CARTESIAN_POINT('Ctrl Pts',(33.1583857058619,7.,43.0092776543139));
#9348=CARTESIAN_POINT('Ctrl Pts',(33.5582188308509,7.,42.758859725051));
#9349=CARTESIAN_POINT('Ctrl Pts',(34.0304777293783,7.,42.7345624360216));
#9350=CARTESIAN_POINT('Ctrl Pts',(34.279714897275,7.,42.7217394113541));
#9351=CARTESIAN_POINT('Ctrl Pts',(32.1231902390718,8.,44.2985504865646));
#9352=CARTESIAN_POINT('Ctrl Pts',(32.1231902390718,7.,44.2985504865646));
#9353=CARTESIAN_POINT('Ctrl Pts',(32.2372535128144,8.,44.0625488890294));
#9354=CARTESIAN_POINT('Ctrl Pts',(32.2372535128144,7.,44.0625488890294));
#9355=CARTESIAN_POINT('Ctrl Pts',(32.4504301056561,8.,43.6214777640564));
#9356=CARTESIAN_POINT('Ctrl Pts',(32.4504301056561,7.,43.6214777640564));
#9357=CARTESIAN_POINT('Ctrl Pts',(32.8048051822962,8.,43.2843013762515));
#9358=CARTESIAN_POINT('Ctrl Pts',(32.8048051822962,7.,43.2843013762515));
#9359=CARTESIAN_POINT('Ctrl Pts',(32.9695666581392,8.,43.1275361776352));
#9360=CARTESIAN_POINT('Ctrl Pts',(32.9695666581392,7.,43.1275361776352));
#9361=CARTESIAN_POINT('',(32.1231902390718,8.,44.2985504865646));
#9362=CARTESIAN_POINT('Ctrl Pts',(32.1231902390718,8.,44.2985504865646));
#9363=CARTESIAN_POINT('Ctrl Pts',(32.2372535128144,8.,44.0625488890294));
#9364=CARTESIAN_POINT('Ctrl Pts',(32.4504301056561,8.,43.6214777640564));
#9365=CARTESIAN_POINT('Ctrl Pts',(32.8048051822962,8.,43.2843013762515));
#9366=CARTESIAN_POINT('Ctrl Pts',(32.9695666581392,8.,43.1275361776352));
#9367=CARTESIAN_POINT('',(32.1231902390718,7.,44.2985504865646));
#9368=CARTESIAN_POINT('',(32.1231902390718,8.,44.2985504865646));
#9369=CARTESIAN_POINT('Ctrl Pts',(32.1231902390718,7.,44.2985504865646));
#9370=CARTESIAN_POINT('Ctrl Pts',(32.2372535128144,7.,44.0625488890294));
#9371=CARTESIAN_POINT('Ctrl Pts',(32.4504301056561,7.,43.6214777640564));
#9372=CARTESIAN_POINT('Ctrl Pts',(32.8048051822962,7.,43.2843013762515));
#9373=CARTESIAN_POINT('Ctrl Pts',(32.9695666581392,7.,43.1275361776352));
#9374=CARTESIAN_POINT('Origin',(31.8855155259371,8.,42.8782600164413));
#9375=CARTESIAN_POINT('',(31.8855155259371,8.,42.8782600164413));
#9376=CARTESIAN_POINT('',(27.9612814268502,8.,19.4279222840229));
#9377=CARTESIAN_POINT('',(31.8855155259371,7.,42.8782600164413));
#9378=CARTESIAN_POINT('',(31.8855155259371,8.,42.8782600164413));
#9379=CARTESIAN_POINT('',(31.8855155259371,7.,42.8782600164413));
#9380=CARTESIAN_POINT('Origin',(29.9956572800875,8.,42.8782600164413));
#9381=CARTESIAN_POINT('',(29.9956572800875,8.,42.8782600164413));
#9382=CARTESIAN_POINT('',(14.9978286400437,8.,42.8782600164413));
#9383=CARTESIAN_POINT('',(29.9956572800875,7.,42.8782600164413));
#9384=CARTESIAN_POINT('',(29.9956572800875,8.,42.8782600164413));
#9385=CARTESIAN_POINT('',(29.9956572800875,7.,42.8782600164413));
#9386=CARTESIAN_POINT('Origin',(29.9956572800875,8.,43.8000005483627));
#9387=CARTESIAN_POINT('',(29.9956572800875,8.,43.8000005483627));
#9388=CARTESIAN_POINT('',(29.9956572800875,8.,21.9000002741814));
#9389=CARTESIAN_POINT('',(29.9956572800875,7.,43.8000005483627));
#9390=CARTESIAN_POINT('',(29.9956572800875,8.,43.8000005483627));
#9391=CARTESIAN_POINT('',(29.9956572800875,7.,43.8000005483627));
#9392=CARTESIAN_POINT('Origin',(30.8942092210054,8.,43.8000005483627));
#9393=CARTESIAN_POINT('',(30.8942092210054,8.,43.8000005483627));
#9394=CARTESIAN_POINT('',(15.4471046105027,8.,43.8000005483627));
#9395=CARTESIAN_POINT('',(30.8942092210054,7.,43.8000005483627));
#9396=CARTESIAN_POINT('',(30.8942092210054,8.,43.8000005483627));
#9397=CARTESIAN_POINT('',(30.8942092210054,7.,43.8000005483627));
#9398=CARTESIAN_POINT('Origin',(30.8942092210054,8.,48.0724638700485));
#9399=CARTESIAN_POINT('',(30.8942092210054,8.,48.0724638700485));
#9400=CARTESIAN_POINT('',(30.8942092210054,8.,24.0362319350243));
#9401=CARTESIAN_POINT('',(30.8942092210054,7.,48.0724638700485));
#9402=CARTESIAN_POINT('',(30.8942092210054,8.,48.0724638700485));
#9403=CARTESIAN_POINT('',(30.8942092210054,7.,48.0724638700485));
#9404=CARTESIAN_POINT('Origin',(29.9956572800875,8.,48.0724638700485));
#9405=CARTESIAN_POINT('',(29.9956572800875,8.,48.0724638700485));
#9406=CARTESIAN_POINT('',(14.9978286400437,8.,48.0724638700485));
#9407=CARTESIAN_POINT('',(29.9956572800875,7.,48.0724638700485));
#9408=CARTESIAN_POINT('',(29.9956572800875,8.,48.0724638700485));
#9409=CARTESIAN_POINT('',(29.9956572800875,7.,48.0724638700485));
#9410=CARTESIAN_POINT('Origin',(29.9956572800875,8.,49.0000003576279));
#9411=CARTESIAN_POINT('',(29.9956572800875,8.,49.0000003576279));
#9412=CARTESIAN_POINT('',(29.9956572800875,8.,24.5000001788139));
#9413=CARTESIAN_POINT('',(29.9956572800875,7.,49.0000003576279));
#9414=CARTESIAN_POINT('',(29.9956572800875,8.,49.0000003576279));
#9415=CARTESIAN_POINT('',(29.9956572800875,7.,49.0000003576279));
#9416=CARTESIAN_POINT('Origin',(33.4275401383638,8.,49.0000003576279));
#9417=CARTESIAN_POINT('',(16.7137700691819,8.,49.0000003576279));
#9418=CARTESIAN_POINT('',(33.4275401383638,7.,49.0000003576279));
#9419=CARTESIAN_POINT('Origin',(-2.50000171363354,7.,45.6927534937859));
#9420=CARTESIAN_POINT('Ctrl Pts',(19.618841484189,8.,44.3913048505783));
#9421=CARTESIAN_POINT('Ctrl Pts',(19.618841484189,7.,44.3913048505783));
#9422=CARTESIAN_POINT('Ctrl Pts',(19.542114956018,8.,44.2904138743344));
#9423=CARTESIAN_POINT('Ctrl Pts',(19.542114956018,7.,44.2904138743344));
#9424=CARTESIAN_POINT('Ctrl Pts',(19.3935880869196,8.,44.0951095750392));
#9425=CARTESIAN_POINT('Ctrl Pts',(19.3935880869196,7.,44.0951095750392));
#9426=CARTESIAN_POINT('Ctrl Pts',(19.1898145106885,8.,43.9586975470057));
#9427=CARTESIAN_POINT('Ctrl Pts',(19.1898145106885,7.,43.9586975470057));
#9428=CARTESIAN_POINT('Ctrl Pts',(19.0913069993258,8.,43.8927537202835));
#9429=CARTESIAN_POINT('Ctrl Pts',(19.0913069993258,7.,43.8927537202835));
#9430=CARTESIAN_POINT('',(19.618841484189,8.,44.3913048505783));
#9431=CARTESIAN_POINT('',(19.0913069993258,8.,43.8927537202835));
#9432=CARTESIAN_POINT('Ctrl Pts',(19.618841484189,8.,44.3913048505783));
#9433=CARTESIAN_POINT('Ctrl Pts',(19.542114956018,8.,44.2904138743344));
#9434=CARTESIAN_POINT('Ctrl Pts',(19.3935880869196,8.,44.0951095750392));
#9435=CARTESIAN_POINT('Ctrl Pts',(19.1898145106885,8.,43.9586975470057));
#9436=CARTESIAN_POINT('Ctrl Pts',(19.0913069993258,8.,43.8927537202835));
#9437=CARTESIAN_POINT('',(19.618841484189,7.,44.3913048505783));
#9438=CARTESIAN_POINT('',(19.618841484189,8.,44.3913048505783));
#9439=CARTESIAN_POINT('',(19.0913069993258,7.,43.8927537202835));
#9440=CARTESIAN_POINT('Ctrl Pts',(19.618841484189,7.,44.3913048505783));
#9441=CARTESIAN_POINT('Ctrl Pts',(19.542114956018,7.,44.2904138743344));
#9442=CARTESIAN_POINT('Ctrl Pts',(19.3935880869196,7.,44.0951095750392));
#9443=CARTESIAN_POINT('Ctrl Pts',(19.1898145106885,7.,43.9586975470057));
#9444=CARTESIAN_POINT('Ctrl Pts',(19.0913069993258,7.,43.8927537202835));
#9445=CARTESIAN_POINT('',(19.0913069993258,8.,43.8927537202835));
#9446=CARTESIAN_POINT('Origin',(19.618841484189,8.,47.2898548841476));
#9447=CARTESIAN_POINT('',(19.618841484189,8.,47.2898548841476));
#9448=CARTESIAN_POINT('',(19.618841484189,8.,23.6449274420738));
#9449=CARTESIAN_POINT('',(19.618841484189,7.,47.2898548841476));
#9450=CARTESIAN_POINT('',(19.618841484189,8.,47.2898548841476));
#9451=CARTESIAN_POINT('',(19.618841484189,7.,47.2898548841476));
#9452=CARTESIAN_POINT('Ctrl Pts',(19.0681136399508,8.,47.9043477773666));
#9453=CARTESIAN_POINT('Ctrl Pts',(19.0681136399508,7.,47.9043477773666));
#9454=CARTESIAN_POINT('Ctrl Pts',(19.1724888855733,8.,47.8145519012224));
#9455=CARTESIAN_POINT('Ctrl Pts',(19.1724888855733,7.,47.8145519012224));
#9456=CARTESIAN_POINT('Ctrl Pts',(19.3827463583314,8.,47.633663665994));
#9457=CARTESIAN_POINT('Ctrl Pts',(19.3827463583314,7.,47.633663665994));
#9458=CARTESIAN_POINT('Ctrl Pts',(19.5397679677972,8.,47.4050041031255));
#9459=CARTESIAN_POINT('Ctrl Pts',(19.5397679677972,7.,47.4050041031255));
#9460=CARTESIAN_POINT('Ctrl Pts',(19.618841484189,8.,47.2898548841476));
#9461=CARTESIAN_POINT('Ctrl Pts',(19.618841484189,7.,47.2898548841476));
#9462=CARTESIAN_POINT('',(19.0681136399508,8.,47.9043477773666));
#9463=CARTESIAN_POINT('Ctrl Pts',(19.0681136399508,8.,47.9043477773666));
#9464=CARTESIAN_POINT('Ctrl Pts',(19.1724888855733,8.,47.8145519012224));
#9465=CARTESIAN_POINT('Ctrl Pts',(19.3827463583314,8.,47.633663665994));
#9466=CARTESIAN_POINT('Ctrl Pts',(19.5397679677972,8.,47.4050041031255));
#9467=CARTESIAN_POINT('Ctrl Pts',(19.618841484189,8.,47.2898548841476));
#9468=CARTESIAN_POINT('',(19.0681136399508,7.,47.9043477773666));
#9469=CARTESIAN_POINT('',(19.0681136399508,8.,47.9043477773666));
#9470=CARTESIAN_POINT('Ctrl Pts',(19.0681136399508,7.,47.9043477773666));
#9471=CARTESIAN_POINT('Ctrl Pts',(19.1724888855733,7.,47.8145519012224));
#9472=CARTESIAN_POINT('Ctrl Pts',(19.3827463583314,7.,47.633663665994));
#9473=CARTESIAN_POINT('Ctrl Pts',(19.5397679677972,7.,47.4050041031255));
#9474=CARTESIAN_POINT('Ctrl Pts',(19.618841484189,7.,47.2898548841476));
#9475=CARTESIAN_POINT('Ctrl Pts',(18.3028949052095,8.,48.1594210863113));
#9476=CARTESIAN_POINT('Ctrl Pts',(18.3028949052095,7.,48.1594210863113));
#9477=CARTESIAN_POINT('Ctrl Pts',(18.4439320026225,8.,48.1495638078655));
#9478=CARTESIAN_POINT('Ctrl Pts',(18.4439320026225,7.,48.1495638078655));
#9479=CARTESIAN_POINT('Ctrl Pts',(18.7211117242147,8.,48.1301913325));
#9480=CARTESIAN_POINT('Ctrl Pts',(18.7211117242147,7.,48.1301913325));
#9481=CARTESIAN_POINT('Ctrl Pts',(18.9538160417521,8.,47.9787374990073));
#9482=CARTESIAN_POINT('Ctrl Pts',(18.9538160417521,7.,47.9787374990073));
#9483=CARTESIAN_POINT('Ctrl Pts',(19.0681136399508,8.,47.9043477773666));
#9484=CARTESIAN_POINT('Ctrl Pts',(19.0681136399508,7.,47.9043477773666));
#9485=CARTESIAN_POINT('',(18.3028949052095,8.,48.1594210863113));
#9486=CARTESIAN_POINT('Ctrl Pts',(18.3028949052095,8.,48.1594210863113));
#9487=CARTESIAN_POINT('Ctrl Pts',(18.4439320026225,8.,48.1495638078655));
#9488=CARTESIAN_POINT('Ctrl Pts',(18.7211117242147,8.,48.1301913325));
#9489=CARTESIAN_POINT('Ctrl Pts',(18.9538160417521,8.,47.9787374990073));
#9490=CARTESIAN_POINT('Ctrl Pts',(19.0681136399508,8.,47.9043477773666));
#9491=CARTESIAN_POINT('',(18.3028949052095,7.,48.1594210863113));
#9492=CARTESIAN_POINT('',(18.3028949052095,8.,48.1594210863113));
#9493=CARTESIAN_POINT('Ctrl Pts',(18.3028949052095,7.,48.1594210863113));
#9494=CARTESIAN_POINT('Ctrl Pts',(18.4439320026225,7.,48.1495638078655));
#9495=CARTESIAN_POINT('Ctrl Pts',(18.7211117242147,7.,48.1301913325));
#9496=CARTESIAN_POINT('Ctrl Pts',(18.9538160417521,7.,47.9787374990073));
#9497=CARTESIAN_POINT('Ctrl Pts',(19.0681136399508,7.,47.9043477773666));
#9498=CARTESIAN_POINT('Ctrl Pts',(17.3637736588717,8.,47.6376813650131));
#9499=CARTESIAN_POINT('Ctrl Pts',(17.3637736588717,7.,47.6376813650131));
#9500=CARTESIAN_POINT('Ctrl Pts',(17.486062487243,8.,47.7898519225421));
#9501=CARTESIAN_POINT('Ctrl Pts',(17.486062487243,7.,47.7898519225421));
#9502=CARTESIAN_POINT('Ctrl Pts',(17.7285124996368,8.,48.0915454954567));
#9503=CARTESIAN_POINT('Ctrl Pts',(17.7285124996368,7.,48.0915454954567));
#9504=CARTESIAN_POINT('Ctrl Pts',(18.1125575118322,8.,48.1369286441476));
#9505=CARTESIAN_POINT('Ctrl Pts',(18.1125575118322,7.,48.1369286441476));
#9506=CARTESIAN_POINT('Ctrl Pts',(18.3028949052095,8.,48.1594210863113));
#9507=CARTESIAN_POINT('Ctrl Pts',(18.3028949052095,7.,48.1594210863113));
#9508=CARTESIAN_POINT('',(17.3637736588717,8.,47.6376813650131));
#9509=CARTESIAN_POINT('Ctrl Pts',(17.3637736588717,8.,47.6376813650131));
#9510=CARTESIAN_POINT('Ctrl Pts',(17.486062487243,8.,47.7898519225421));
#9511=CARTESIAN_POINT('Ctrl Pts',(17.7285124996368,8.,48.0915454954567));
#9512=CARTESIAN_POINT('Ctrl Pts',(18.1125575118322,8.,48.1369286441476));
#9513=CARTESIAN_POINT('Ctrl Pts',(18.3028949052095,8.,48.1594210863113));
#9514=CARTESIAN_POINT('',(17.3637736588717,7.,47.6376813650131));
#9515=CARTESIAN_POINT('',(17.3637736588717,8.,47.6376813650131));
#9516=CARTESIAN_POINT('Ctrl Pts',(17.3637736588717,7.,47.6376813650131));
#9517=CARTESIAN_POINT('Ctrl Pts',(17.486062487243,7.,47.7898519225421));
#9518=CARTESIAN_POINT('Ctrl Pts',(17.7285124996368,7.,48.0915454954567));
#9519=CARTESIAN_POINT('Ctrl Pts',(18.1125575118322,7.,48.1369286441476));
#9520=CARTESIAN_POINT('Ctrl Pts',(18.3028949052095,7.,48.1594210863113));
#9521=CARTESIAN_POINT('Ctrl Pts',(17.03333504498,8.,45.9391301870346));
#9522=CARTESIAN_POINT('Ctrl Pts',(17.03333504498,7.,45.9391301870346));
#9523=CARTESIAN_POINT('Ctrl Pts',(17.035642499592,8.,46.2813175125713));
#9524=CARTESIAN_POINT('Ctrl Pts',(17.035642499592,7.,46.2813175125713));
#9525=CARTESIAN_POINT('Ctrl Pts',(17.0396156973053,8.,46.870528625249));
#9526=CARTESIAN_POINT('Ctrl Pts',(17.0396156973053,7.,46.870528625249));
#9527=CARTESIAN_POINT('Ctrl Pts',(17.2680173979031,8.,47.411064447765));
#9528=CARTESIAN_POINT('Ctrl Pts',(17.2680173979031,7.,47.411064447765));
#9529=CARTESIAN_POINT('Ctrl Pts',(17.3637736588717,8.,47.6376813650131));
#9530=CARTESIAN_POINT('Ctrl Pts',(17.3637736588717,7.,47.6376813650131));
#9531=CARTESIAN_POINT('',(17.03333504498,8.,45.9391301870346));
#9532=CARTESIAN_POINT('Ctrl Pts',(17.03333504498,8.,45.9391301870346));
#9533=CARTESIAN_POINT('Ctrl Pts',(17.035642499592,8.,46.2813175125713));
#9534=CARTESIAN_POINT('Ctrl Pts',(17.0396156973053,8.,46.870528625249));
#9535=CARTESIAN_POINT('Ctrl Pts',(17.2680173979031,8.,47.411064447765));
#9536=CARTESIAN_POINT('Ctrl Pts',(17.3637736588717,8.,47.6376813650131));
#9537=CARTESIAN_POINT('',(17.03333504498,7.,45.9391301870346));
#9538=CARTESIAN_POINT('',(17.03333504498,8.,45.9391301870346));
#9539=CARTESIAN_POINT('Ctrl Pts',(17.03333504498,7.,45.9391301870346));
#9540=CARTESIAN_POINT('Ctrl Pts',(17.035642499592,7.,46.2813175125713));
#9541=CARTESIAN_POINT('Ctrl Pts',(17.0396156973053,7.,46.870528625249));
#9542=CARTESIAN_POINT('Ctrl Pts',(17.2680173979031,7.,47.411064447765));
#9543=CARTESIAN_POINT('Ctrl Pts',(17.3637736588717,7.,47.6376813650131));
#9544=CARTESIAN_POINT('Ctrl Pts',(17.398554161191,8.,44.2579716444016));
#9545=CARTESIAN_POINT('Ctrl Pts',(17.398554161191,7.,44.2579716444016));
#9546=CARTESIAN_POINT('Ctrl Pts',(17.2925961132113,8.,44.484416264632));
#9547=CARTESIAN_POINT('Ctrl Pts',(17.2925961132113,7.,44.484416264632));
#9548=CARTESIAN_POINT('Ctrl Pts',(17.0445271099337,8.,45.0145684551375));
#9549=CARTESIAN_POINT('Ctrl Pts',(17.0445271099337,7.,45.0145684551375));
#9550=CARTESIAN_POINT('Ctrl Pts',(17.0374114077131,8.,45.602387235317));
#9551=CARTESIAN_POINT('Ctrl Pts',(17.0374114077131,7.,45.602387235317));
#9552=CARTESIAN_POINT('Ctrl Pts',(17.03333504498,8.,45.9391301870346));
#9553=CARTESIAN_POINT('Ctrl Pts',(17.03333504498,7.,45.9391301870346));
#9554=CARTESIAN_POINT('',(17.398554161191,8.,44.2579716444016));
#9555=CARTESIAN_POINT('Ctrl Pts',(17.398554161191,8.,44.2579716444016));
#9556=CARTESIAN_POINT('Ctrl Pts',(17.2925961132113,8.,44.484416264632));
#9557=CARTESIAN_POINT('Ctrl Pts',(17.0445271099337,8.,45.0145684551375));
#9558=CARTESIAN_POINT('Ctrl Pts',(17.0374114077131,8.,45.602387235317));
#9559=CARTESIAN_POINT('Ctrl Pts',(17.03333504498,8.,45.9391301870346));
#9560=CARTESIAN_POINT('',(17.398554161191,7.,44.2579716444016));
#9561=CARTESIAN_POINT('',(17.398554161191,8.,44.2579716444016));
#9562=CARTESIAN_POINT('Ctrl Pts',(17.398554161191,7.,44.2579716444016));
#9563=CARTESIAN_POINT('Ctrl Pts',(17.2925961132113,7.,44.484416264632));
#9564=CARTESIAN_POINT('Ctrl Pts',(17.0445271099337,7.,45.0145684551375));
#9565=CARTESIAN_POINT('Ctrl Pts',(17.0374114077131,7.,45.602387235317));
#9566=CARTESIAN_POINT('Ctrl Pts',(17.03333504498,7.,45.9391301870346));
#9567=CARTESIAN_POINT('Ctrl Pts',(18.4188426285982,8.,43.7130433320999));
#9568=CARTESIAN_POINT('Ctrl Pts',(18.4188426285982,7.,43.7130433320999));
#9569=CARTESIAN_POINT('Ctrl Pts',(18.2125364474872,8.,43.7357864905651));
#9570=CARTESIAN_POINT('Ctrl Pts',(18.2125364474872,7.,43.7357864905651));
#9571=CARTESIAN_POINT('Ctrl Pts',(17.7997500866772,8.,43.7812919890705));
#9572=CARTESIAN_POINT('Ctrl Pts',(17.7997500866772,7.,43.7812919890705));
#9573=CARTESIAN_POINT('Ctrl Pts',(17.5323237117319,8.,44.0990337808917));
#9574=CARTESIAN_POINT('Ctrl Pts',(17.5323237117319,7.,44.0990337808917));
#9575=CARTESIAN_POINT('Ctrl Pts',(17.398554161191,8.,44.2579716444016));
#9576=CARTESIAN_POINT('Ctrl Pts',(17.398554161191,7.,44.2579716444016));
#9577=CARTESIAN_POINT('',(18.4188426285982,8.,43.7130433320999));
#9578=CARTESIAN_POINT('Ctrl Pts',(18.4188426285982,8.,43.7130433320999));
#9579=CARTESIAN_POINT('Ctrl Pts',(18.2125364474872,8.,43.7357864905651));
#9580=CARTESIAN_POINT('Ctrl Pts',(17.7997500866772,8.,43.7812919890705));
#9581=CARTESIAN_POINT('Ctrl Pts',(17.5323237117319,8.,44.0990337808917));
#9582=CARTESIAN_POINT('Ctrl Pts',(17.398554161191,8.,44.2579716444016));
#9583=CARTESIAN_POINT('',(18.4188426285982,7.,43.7130433320999));
#9584=CARTESIAN_POINT('',(18.4188426285982,8.,43.7130433320999));
#9585=CARTESIAN_POINT('Ctrl Pts',(18.4188426285982,7.,43.7130433320999));
#9586=CARTESIAN_POINT('Ctrl Pts',(18.2125364474872,7.,43.7357864905651));
#9587=CARTESIAN_POINT('Ctrl Pts',(17.7997500866772,7.,43.7812919890705));
#9588=CARTESIAN_POINT('Ctrl Pts',(17.5323237117319,7.,44.0990337808917));
#9589=CARTESIAN_POINT('Ctrl Pts',(17.398554161191,7.,44.2579716444016));
#9590=CARTESIAN_POINT('Ctrl Pts',(19.0913069993258,8.,43.8927537202835));
#9591=CARTESIAN_POINT('Ctrl Pts',(19.0913069993258,7.,43.8927537202835));
#9592=CARTESIAN_POINT('Ctrl Pts',(18.9870427907143,8.,43.8403413653703));
#9593=CARTESIAN_POINT('Ctrl Pts',(18.9870427907143,7.,43.8403413653703));
#9594=CARTESIAN_POINT('Ctrl Pts',(18.7754104002941,8.,43.7339563258103));
#9595=CARTESIAN_POINT('Ctrl Pts',(18.7754104002941,7.,43.7339563258103));
#9596=CARTESIAN_POINT('Ctrl Pts',(18.5388550570119,8.,43.7200821599464));
#9597=CARTESIAN_POINT('Ctrl Pts',(18.5388550570119,7.,43.7200821599464));
#9598=CARTESIAN_POINT('Ctrl Pts',(18.4188426285982,8.,43.7130433320999));
#9599=CARTESIAN_POINT('Ctrl Pts',(18.4188426285982,7.,43.7130433320999));
#9600=CARTESIAN_POINT('Ctrl Pts',(19.0913069993258,8.,43.8927537202835));
#9601=CARTESIAN_POINT('Ctrl Pts',(18.9870427907143,8.,43.8403413653703));
#9602=CARTESIAN_POINT('Ctrl Pts',(18.7754104002941,8.,43.7339563258103));
#9603=CARTESIAN_POINT('Ctrl Pts',(18.5388550570119,8.,43.7200821599464));
#9604=CARTESIAN_POINT('Ctrl Pts',(18.4188426285982,8.,43.7130433320999));
#9605=CARTESIAN_POINT('Ctrl Pts',(19.0913069993258,7.,43.8927537202835));
#9606=CARTESIAN_POINT('Ctrl Pts',(18.9870427907143,7.,43.8403413653703));
#9607=CARTESIAN_POINT('Ctrl Pts',(18.7754104002941,7.,43.7339563258103));
#9608=CARTESIAN_POINT('Ctrl Pts',(18.5388550570119,7.,43.7200821599464));
#9609=CARTESIAN_POINT('Ctrl Pts',(18.4188426285982,7.,43.7130433320999));
#9610=CARTESIAN_POINT('Ctrl Pts',(18.0768168717623,8.,42.7159422636032));
#9611=CARTESIAN_POINT('Ctrl Pts',(18.0768168717623,7.,42.7159422636032));
#9612=CARTESIAN_POINT('Ctrl Pts',(18.3757016513004,8.,42.7419553876545));
#9613=CARTESIAN_POINT('Ctrl Pts',(18.3757016513004,7.,42.7419553876545));
#9614=CARTESIAN_POINT('Ctrl Pts',(18.9643385664548,8.,42.7931867856491));
#9615=CARTESIAN_POINT('Ctrl Pts',(18.9643385664548,7.,42.7931867856491));
#9616=CARTESIAN_POINT('Ctrl Pts',(19.4029421420761,8.,43.188177204056));
#9617=CARTESIAN_POINT('Ctrl Pts',(19.4029421420761,7.,43.188177204056));
#9618=CARTESIAN_POINT('Ctrl Pts',(19.618841484189,8.,43.382608294487));
#9619=CARTESIAN_POINT('Ctrl Pts',(19.618841484189,7.,43.382608294487));
#9620=CARTESIAN_POINT('',(18.0768168717623,8.,42.7159422636032));
#9621=CARTESIAN_POINT('',(19.618841484189,8.,43.382608294487));
#9622=CARTESIAN_POINT('Ctrl Pts',(18.0768168717623,8.,42.7159422636032));
#9623=CARTESIAN_POINT('Ctrl Pts',(18.3757016513004,8.,42.7419553876545));
#9624=CARTESIAN_POINT('Ctrl Pts',(18.9643385664548,8.,42.7931867856491));
#9625=CARTESIAN_POINT('Ctrl Pts',(19.4029421420761,8.,43.188177204056));
#9626=CARTESIAN_POINT('Ctrl Pts',(19.618841484189,8.,43.382608294487));
#9627=CARTESIAN_POINT('',(18.0768168717623,7.,42.7159422636032));
#9628=CARTESIAN_POINT('',(18.0768168717623,8.,42.7159422636032));
#9629=CARTESIAN_POINT('',(19.618841484189,7.,43.382608294487));
#9630=CARTESIAN_POINT('Ctrl Pts',(18.0768168717623,7.,42.7159422636032));
#9631=CARTESIAN_POINT('Ctrl Pts',(18.3757016513004,7.,42.7419553876545));
#9632=CARTESIAN_POINT('Ctrl Pts',(18.9643385664548,7.,42.7931867856491));
#9633=CARTESIAN_POINT('Ctrl Pts',(19.4029421420761,7.,43.188177204056));
#9634=CARTESIAN_POINT('Ctrl Pts',(19.618841484189,7.,43.382608294487));
#9635=CARTESIAN_POINT('',(19.618841484189,8.,43.382608294487));
#9636=CARTESIAN_POINT('Ctrl Pts',(16.7782557755709,8.,43.133333325386));
#9637=CARTESIAN_POINT('Ctrl Pts',(16.7782557755709,7.,43.133333325386));
#9638=CARTESIAN_POINT('Ctrl Pts',(16.9706481198397,8.,43.0116235448644));
#9639=CARTESIAN_POINT('Ctrl Pts',(16.9706481198397,7.,43.0116235448644));
#9640=CARTESIAN_POINT('Ctrl Pts',(17.3670117127662,8.,42.7608790254542));
#9641=CARTESIAN_POINT('Ctrl Pts',(17.3670117127662,7.,42.7608790254542));
#9642=CARTESIAN_POINT('Ctrl Pts',(17.8356517176592,8.,42.7312100888076));
#9643=CARTESIAN_POINT('Ctrl Pts',(17.8356517176592,7.,42.7312100888076));
#9644=CARTESIAN_POINT('Ctrl Pts',(18.0768168717623,8.,42.7159422636032));
#9645=CARTESIAN_POINT('Ctrl Pts',(18.0768168717623,7.,42.7159422636032));
#9646=CARTESIAN_POINT('',(16.7782557755709,8.,43.133333325386));
#9647=CARTESIAN_POINT('Ctrl Pts',(16.7782557755709,8.,43.133333325386));
#9648=CARTESIAN_POINT('Ctrl Pts',(16.9706481198397,8.,43.0116235448644));
#9649=CARTESIAN_POINT('Ctrl Pts',(17.3670117127662,8.,42.7608790254542));
#9650=CARTESIAN_POINT('Ctrl Pts',(17.8356517176592,8.,42.7312100888076));
#9651=CARTESIAN_POINT('Ctrl Pts',(18.0768168717623,8.,42.7159422636032));
#9652=CARTESIAN_POINT('',(16.7782557755709,7.,43.133333325386));
#9653=CARTESIAN_POINT('',(16.7782557755709,8.,43.133333325386));
#9654=CARTESIAN_POINT('Ctrl Pts',(16.7782557755709,7.,43.133333325386));
#9655=CARTESIAN_POINT('Ctrl Pts',(16.9706481198397,7.,43.0116235448644));
#9656=CARTESIAN_POINT('Ctrl Pts',(17.3670117127662,7.,42.7608790254542));
#9657=CARTESIAN_POINT('Ctrl Pts',(17.8356517176592,7.,42.7312100888076));
#9658=CARTESIAN_POINT('Ctrl Pts',(18.0768168717623,7.,42.7159422636032));
#9659=CARTESIAN_POINT('Ctrl Pts',(15.9492839127779,8.,44.281160235405));
#9660=CARTESIAN_POINT('Ctrl Pts',(15.9492839127779,7.,44.281160235405));
#9661=CARTESIAN_POINT('Ctrl Pts',(16.0526987653428,8.,44.0535661478532));
#9662=CARTESIAN_POINT('Ctrl Pts',(16.0526987653428,7.,44.0535661478532));
#9663=CARTESIAN_POINT('Ctrl Pts',(16.2520734666679,8.,43.6147848499681));
#9664=CARTESIAN_POINT('Ctrl Pts',(16.2520734666679,7.,43.6147848499681));
#9665=CARTESIAN_POINT('Ctrl Pts',(16.6072890709708,8.,43.2897661419019));
#9666=CARTESIAN_POINT('Ctrl Pts',(16.6072890709708,7.,43.2897661419019));
#9667=CARTESIAN_POINT('Ctrl Pts',(16.7782557755709,8.,43.133333325386));
#9668=CARTESIAN_POINT('Ctrl Pts',(16.7782557755709,7.,43.133333325386));
#9669=CARTESIAN_POINT('',(15.9492839127779,8.,44.281160235405));
#9670=CARTESIAN_POINT('Ctrl Pts',(15.9492839127779,8.,44.281160235405));
#9671=CARTESIAN_POINT('Ctrl Pts',(16.0526987653428,8.,44.0535661478532));
#9672=CARTESIAN_POINT('Ctrl Pts',(16.2520734666679,8.,43.6147848499681));
#9673=CARTESIAN_POINT('Ctrl Pts',(16.6072890709708,8.,43.2897661419019));
#9674=CARTESIAN_POINT('Ctrl Pts',(16.7782557755709,8.,43.133333325386));
#9675=CARTESIAN_POINT('',(15.9492839127779,7.,44.281160235405));
#9676=CARTESIAN_POINT('',(15.9492839127779,8.,44.281160235405));
#9677=CARTESIAN_POINT('Ctrl Pts',(15.9492839127779,7.,44.281160235405));
#9678=CARTESIAN_POINT('Ctrl Pts',(16.0526987653428,7.,44.0535661478532));
#9679=CARTESIAN_POINT('Ctrl Pts',(16.2520734666679,7.,43.6147848499681));
#9680=CARTESIAN_POINT('Ctrl Pts',(16.6072890709708,7.,43.2897661419019));
#9681=CARTESIAN_POINT('Ctrl Pts',(16.7782557755709,7.,43.133333325386));
#9682=CARTESIAN_POINT('Ctrl Pts',(15.6594241410494,8.,45.9391301870346));
#9683=CARTESIAN_POINT('Ctrl Pts',(15.6594241410494,7.,45.9391301870346));
#9684=CARTESIAN_POINT('Ctrl Pts',(15.6691260544306,8.,45.6428185299182));
#9685=CARTESIAN_POINT('Ctrl Pts',(15.6691260544306,7.,45.6428185299182));
#9686=CARTESIAN_POINT('Ctrl Pts',(15.6876797155361,8.,45.0761606087745));
#9687=CARTESIAN_POINT('Ctrl Pts',(15.6876797155361,7.,45.0761606087745));
#9688=CARTESIAN_POINT('Ctrl Pts',(15.8647876597947,8.,44.5379395737267));
#9689=CARTESIAN_POINT('Ctrl Pts',(15.8647876597947,7.,44.5379395737267));
#9690=CARTESIAN_POINT('Ctrl Pts',(15.9492839127779,8.,44.281160235405));
#9691=CARTESIAN_POINT('Ctrl Pts',(15.9492839127779,7.,44.281160235405));
#9692=CARTESIAN_POINT('',(15.6594241410494,8.,45.9391301870346));
#9693=CARTESIAN_POINT('Ctrl Pts',(15.6594241410494,8.,45.9391301870346));
#9694=CARTESIAN_POINT('Ctrl Pts',(15.6691260544306,8.,45.6428185299182));
#9695=CARTESIAN_POINT('Ctrl Pts',(15.6876797155361,8.,45.0761606087745));
#9696=CARTESIAN_POINT('Ctrl Pts',(15.8647876597947,8.,44.5379395737267));
#9697=CARTESIAN_POINT('Ctrl Pts',(15.9492839127779,8.,44.281160235405));
#9698=CARTESIAN_POINT('',(15.6594241410494,7.,45.9391301870346));
#9699=CARTESIAN_POINT('',(15.6594241410494,8.,45.9391301870346));
#9700=CARTESIAN_POINT('Ctrl Pts',(15.6594241410494,7.,45.9391301870346));
#9701=CARTESIAN_POINT('Ctrl Pts',(15.6691260544306,7.,45.6428185299182));
#9702=CARTESIAN_POINT('Ctrl Pts',(15.6876797155361,7.,45.0761606087745));
#9703=CARTESIAN_POINT('Ctrl Pts',(15.8647876597947,7.,44.5379395737267));
#9704=CARTESIAN_POINT('Ctrl Pts',(15.9492839127779,7.,44.281160235405));
#9705=CARTESIAN_POINT('Ctrl Pts',(15.9086955338717,8.,47.6260870695114));
#9706=CARTESIAN_POINT('Ctrl Pts',(15.9086955338717,7.,47.6260870695114));
#9707=CARTESIAN_POINT('Ctrl Pts',(15.8360548245981,8.,47.3663102713305));
#9708=CARTESIAN_POINT('Ctrl Pts',(15.8360548245981,7.,47.3663102713305));
#9709=CARTESIAN_POINT('Ctrl Pts',(15.6818507610905,8.,46.8148476233872));
#9710=CARTESIAN_POINT('Ctrl Pts',(15.6818507610905,7.,46.8148476233872));
#9711=CARTESIAN_POINT('Ctrl Pts',(15.6671825937321,8.,46.2420832080853));
#9712=CARTESIAN_POINT('Ctrl Pts',(15.6671825937321,7.,46.2420832080853));
#9713=CARTESIAN_POINT('Ctrl Pts',(15.6594241410494,8.,45.9391301870346));
#9714=CARTESIAN_POINT('Ctrl Pts',(15.6594241410494,7.,45.9391301870346));
#9715=CARTESIAN_POINT('',(15.9086955338717,8.,47.6260870695114));
#9716=CARTESIAN_POINT('Ctrl Pts',(15.9086955338717,8.,47.6260870695114));
#9717=CARTESIAN_POINT('Ctrl Pts',(15.8360548245981,8.,47.3663102713305));
#9718=CARTESIAN_POINT('Ctrl Pts',(15.6818507610905,8.,46.8148476233872));
#9719=CARTESIAN_POINT('Ctrl Pts',(15.6671825937321,8.,46.2420832080853));
#9720=CARTESIAN_POINT('Ctrl Pts',(15.6594241410494,8.,45.9391301870346));
#9721=CARTESIAN_POINT('',(15.9086955338717,7.,47.6260870695114));
#9722=CARTESIAN_POINT('',(15.9086955338717,8.,47.6260870695114));
#9723=CARTESIAN_POINT('Ctrl Pts',(15.9086955338717,7.,47.6260870695114));
#9724=CARTESIAN_POINT('Ctrl Pts',(15.8360548245981,7.,47.3663102713305));
#9725=CARTESIAN_POINT('Ctrl Pts',(15.6818507610905,7.,46.8148476233872));
#9726=CARTESIAN_POINT('Ctrl Pts',(15.6671825937321,7.,46.2420832080853));
#9727=CARTESIAN_POINT('Ctrl Pts',(15.6594241410494,7.,45.9391301870346));
#9728=CARTESIAN_POINT('Ctrl Pts',(16.6623271256685,8.,48.7565225362778));
#9729=CARTESIAN_POINT('Ctrl Pts',(16.6623271256685,7.,48.7565225362778));
#9730=CARTESIAN_POINT('Ctrl Pts',(16.5031802440154,8.,48.6029900970732));
#9731=CARTESIAN_POINT('Ctrl Pts',(16.5031802440154,7.,48.6029900970732));
#9732=CARTESIAN_POINT('Ctrl Pts',(16.1700140659134,8.,48.2815774784084));
#9733=CARTESIAN_POINT('Ctrl Pts',(16.1700140659134,7.,48.2815774784084));
#9734=CARTESIAN_POINT('Ctrl Pts',(15.9983559626038,8.,47.8509909469071));
#9735=CARTESIAN_POINT('Ctrl Pts',(15.9983559626038,7.,47.8509909469071));
#9736=CARTESIAN_POINT('Ctrl Pts',(15.9086955338717,8.,47.6260870695114));
#9737=CARTESIAN_POINT('Ctrl Pts',(15.9086955338717,7.,47.6260870695114));
#9738=CARTESIAN_POINT('',(16.6623271256685,8.,48.7565225362778));
#9739=CARTESIAN_POINT('Ctrl Pts',(16.6623271256685,8.,48.7565225362778));
#9740=CARTESIAN_POINT('Ctrl Pts',(16.5031802440154,8.,48.6029900970732));
#9741=CARTESIAN_POINT('Ctrl Pts',(16.1700140659134,8.,48.2815774784084));
#9742=CARTESIAN_POINT('Ctrl Pts',(15.9983559626038,8.,47.8509909469071));
#9743=CARTESIAN_POINT('Ctrl Pts',(15.9086955338717,8.,47.6260870695114));
#9744=CARTESIAN_POINT('',(16.6623271256685,7.,48.7565225362778));
#9745=CARTESIAN_POINT('',(16.6623271256685,8.,48.7565225362778));
#9746=CARTESIAN_POINT('Ctrl Pts',(16.6623271256685,7.,48.7565225362778));
#9747=CARTESIAN_POINT('Ctrl Pts',(16.5031802440154,7.,48.6029900970732));
#9748=CARTESIAN_POINT('Ctrl Pts',(16.1700140659134,7.,48.2815774784084));
#9749=CARTESIAN_POINT('Ctrl Pts',(15.9983559626038,7.,47.8509909469071));
#9750=CARTESIAN_POINT('Ctrl Pts',(15.9086955338717,7.,47.6260870695114));
#9751=CARTESIAN_POINT('Ctrl Pts',(17.9608691483736,8.,49.156522154808));
#9752=CARTESIAN_POINT('Ctrl Pts',(17.9608691483736,7.,49.156522154808));
#9753=CARTESIAN_POINT('Ctrl Pts',(17.7147377277722,8.,49.1436841440779));
#9754=CARTESIAN_POINT('Ctrl Pts',(17.7147377277722,7.,49.1436841440779));
#9755=CARTESIAN_POINT('Ctrl Pts',(17.2472442056597,8.,49.1193000697548));
#9756=CARTESIAN_POINT('Ctrl Pts',(17.2472442056597,7.,49.1193000697548));
#9757=CARTESIAN_POINT('Ctrl Pts',(16.8502888256188,8.,48.8731002260542));
#9758=CARTESIAN_POINT('Ctrl Pts',(16.8502888256188,7.,48.8731002260542));
#9759=CARTESIAN_POINT('Ctrl Pts',(16.6623271256685,8.,48.7565225362778));
#9760=CARTESIAN_POINT('Ctrl Pts',(16.6623271256685,7.,48.7565225362778));
#9761=CARTESIAN_POINT('',(17.9608691483736,8.,49.156522154808));
#9762=CARTESIAN_POINT('Ctrl Pts',(17.9608691483736,8.,49.156522154808));
#9763=CARTESIAN_POINT('Ctrl Pts',(17.7147377277722,8.,49.1436841440779));
#9764=CARTESIAN_POINT('Ctrl Pts',(17.2472442056597,8.,49.1193000697548));
#9765=CARTESIAN_POINT('Ctrl Pts',(16.8502888256188,8.,48.8731002260542));
#9766=CARTESIAN_POINT('Ctrl Pts',(16.6623271256685,8.,48.7565225362778));
#9767=CARTESIAN_POINT('',(17.9608691483736,7.,49.156522154808));
#9768=CARTESIAN_POINT('',(17.9608691483736,8.,49.156522154808));
#9769=CARTESIAN_POINT('Ctrl Pts',(17.9608691483736,7.,49.156522154808));
#9770=CARTESIAN_POINT('Ctrl Pts',(17.7147377277722,7.,49.1436841440779));
#9771=CARTESIAN_POINT('Ctrl Pts',(17.2472442056597,7.,49.1193000697548));
#9772=CARTESIAN_POINT('Ctrl Pts',(16.8502888256188,7.,48.8731002260542));
#9773=CARTESIAN_POINT('Ctrl Pts',(16.6623271256685,7.,48.7565225362778));
#9774=CARTESIAN_POINT('Ctrl Pts',(18.934780433774,8.,48.9188414812088));
#9775=CARTESIAN_POINT('Ctrl Pts',(18.934780433774,7.,48.9188414812088));
#9776=CARTESIAN_POINT('Ctrl Pts',(18.7836003705338,8.,48.9881557038543));
#9777=CARTESIAN_POINT('Ctrl Pts',(18.7836003705338,7.,48.9881557038543));
#9778=CARTESIAN_POINT('Ctrl Pts',(18.4744110340857,8.,49.1299152589626));
#9779=CARTESIAN_POINT('Ctrl Pts',(18.4744110340857,7.,49.1299152589626));
#9780=CARTESIAN_POINT('Ctrl Pts',(18.1345519857068,8.,49.1475235486736));
#9781=CARTESIAN_POINT('Ctrl Pts',(18.1345519857068,7.,49.1475235486736));
#9782=CARTESIAN_POINT('Ctrl Pts',(17.9608691483736,8.,49.156522154808));
#9783=CARTESIAN_POINT('Ctrl Pts',(17.9608691483736,7.,49.156522154808));
#9784=CARTESIAN_POINT('',(18.934780433774,8.,48.9188414812088));
#9785=CARTESIAN_POINT('Ctrl Pts',(18.934780433774,8.,48.9188414812088));
#9786=CARTESIAN_POINT('Ctrl Pts',(18.7836003705338,8.,48.9881557038543));
#9787=CARTESIAN_POINT('Ctrl Pts',(18.4744110340857,8.,49.1299152589626));
#9788=CARTESIAN_POINT('Ctrl Pts',(18.1345519857068,8.,49.1475235486736));
#9789=CARTESIAN_POINT('Ctrl Pts',(17.9608691483736,8.,49.156522154808));
#9790=CARTESIAN_POINT('',(18.934780433774,7.,48.9188414812088));
#9791=CARTESIAN_POINT('',(18.934780433774,8.,48.9188414812088));
#9792=CARTESIAN_POINT('Ctrl Pts',(18.934780433774,7.,48.9188414812088));
#9793=CARTESIAN_POINT('Ctrl Pts',(18.7836003705338,7.,48.9881557038543));
#9794=CARTESIAN_POINT('Ctrl Pts',(18.4744110340857,7.,49.1299152589626));
#9795=CARTESIAN_POINT('Ctrl Pts',(18.1345519857068,7.,49.1475235486736));
#9796=CARTESIAN_POINT('Ctrl Pts',(17.9608691483736,7.,49.156522154808));
#9797=CARTESIAN_POINT('Ctrl Pts',(19.6826136857271,8.,48.2463771104813));
#9798=CARTESIAN_POINT('Ctrl Pts',(19.6826136857271,7.,48.2463771104813));
#9799=CARTESIAN_POINT('Ctrl Pts',(19.5747190244941,8.,48.3822500360878));
#9800=CARTESIAN_POINT('Ctrl Pts',(19.5747190244941,7.,48.3822500360878));
#9801=CARTESIAN_POINT('Ctrl Pts',(19.3632119396486,8.,48.648603218683));
#9802=CARTESIAN_POINT('Ctrl Pts',(19.3632119396486,7.,48.648603218683));
#9803=CARTESIAN_POINT('Ctrl Pts',(19.0756502481908,8.,48.8299861720909));
#9804=CARTESIAN_POINT('Ctrl Pts',(19.0756502481908,7.,48.8299861720909));
#9805=CARTESIAN_POINT('Ctrl Pts',(18.934780433774,8.,48.9188414812088));
#9806=CARTESIAN_POINT('Ctrl Pts',(18.934780433774,7.,48.9188414812088));
#9807=CARTESIAN_POINT('',(19.6826136857271,8.,48.2463771104813));
#9808=CARTESIAN_POINT('Ctrl Pts',(19.6826136857271,8.,48.2463771104813));
#9809=CARTESIAN_POINT('Ctrl Pts',(19.5747190244941,8.,48.3822500360878));
#9810=CARTESIAN_POINT('Ctrl Pts',(19.3632119396486,8.,48.648603218683));
#9811=CARTESIAN_POINT('Ctrl Pts',(19.0756502481908,8.,48.8299861720909));
#9812=CARTESIAN_POINT('Ctrl Pts',(18.934780433774,8.,48.9188414812088));
#9813=CARTESIAN_POINT('',(19.6826136857271,7.,48.2463771104813));
#9814=CARTESIAN_POINT('',(19.6826136857271,8.,48.2463771104813));
#9815=CARTESIAN_POINT('Ctrl Pts',(19.6826136857271,7.,48.2463771104813));
#9816=CARTESIAN_POINT('Ctrl Pts',(19.5747190244941,7.,48.3822500360878));
#9817=CARTESIAN_POINT('Ctrl Pts',(19.3632119396486,7.,48.648603218683));
#9818=CARTESIAN_POINT('Ctrl Pts',(19.0756502481908,7.,48.8299861720909));
#9819=CARTESIAN_POINT('Ctrl Pts',(18.934780433774,7.,48.9188414812088));
#9820=CARTESIAN_POINT('Origin',(19.7753680497408,8.,49.0000003576279));
#9821=CARTESIAN_POINT('',(19.7753680497408,8.,49.0000003576279));
#9822=CARTESIAN_POINT('',(16.6574106037953,8.,23.6667964715874));
#9823=CARTESIAN_POINT('',(19.7753680497408,7.,49.0000003576279));
#9824=CARTESIAN_POINT('',(19.7753680497408,8.,49.0000003576279));
#9825=CARTESIAN_POINT('',(19.7753680497408,7.,49.0000003576279));
#9826=CARTESIAN_POINT('Origin',(20.9173930436373,8.,49.0000003576279));
#9827=CARTESIAN_POINT('',(20.9173930436373,8.,49.0000003576279));
#9828=CARTESIAN_POINT('',(10.4586965218186,8.,49.0000003576279));
#9829=CARTESIAN_POINT('',(20.9173930436373,7.,49.0000003576279));
#9830=CARTESIAN_POINT('',(20.9173930436373,8.,49.0000003576279));
#9831=CARTESIAN_POINT('',(20.9173930436373,7.,49.0000003576279));
#9832=CARTESIAN_POINT('Origin',(20.9173930436373,8.,40.4202896356583));
#9833=CARTESIAN_POINT('',(20.9173930436373,8.,40.4202896356583));
#9834=CARTESIAN_POINT('',(20.9173930436373,8.,20.2101448178291));
#9835=CARTESIAN_POINT('',(20.9173930436373,7.,40.4202896356583));
#9836=CARTESIAN_POINT('',(20.9173930436373,8.,40.4202896356583));
#9837=CARTESIAN_POINT('',(20.9173930436373,7.,40.4202896356583));
#9838=CARTESIAN_POINT('Origin',(19.618841484189,8.,40.2753621339798));
#9839=CARTESIAN_POINT('',(19.618841484189,8.,40.2753621339798));
#9840=CARTESIAN_POINT('',(7.71024868356491,8.,38.9462792873703));
#9841=CARTESIAN_POINT('',(19.618841484189,7.,40.2753621339798));
#9842=CARTESIAN_POINT('',(19.618841484189,8.,40.2753621339798));
#9843=CARTESIAN_POINT('',(19.618841484189,7.,40.2753621339798));
#9844=CARTESIAN_POINT('Origin',(19.618841484189,8.,43.382608294487));
#9845=CARTESIAN_POINT('',(19.618841484189,8.,21.6913041472435));
#9846=CARTESIAN_POINT('',(19.618841484189,7.,43.382608294487));
#9847=CARTESIAN_POINT('Origin',(-2.50000171363354,7.,45.6927534937859));
#9848=CARTESIAN_POINT('Ctrl Pts',(5.96087105572224,8.,45.9275358915329));
#9849=CARTESIAN_POINT('Ctrl Pts',(5.96087105572224,7.,45.9275358915329));
#9850=CARTESIAN_POINT('Ctrl Pts',(5.9572112366758,8.,45.5946405340448));
#9851=CARTESIAN_POINT('Ctrl Pts',(5.9572112366758,7.,45.5946405340448));
#9852=CARTESIAN_POINT('Ctrl Pts',(5.95083624888748,8.,45.0147747505558));
#9853=CARTESIAN_POINT('Ctrl Pts',(5.95083624888748,7.,45.0147747505558));
#9854=CARTESIAN_POINT('Ctrl Pts',(5.71393566447549,8.,44.4880883951082));
#9855=CARTESIAN_POINT('Ctrl Pts',(5.71393566447549,7.,44.4880883951082));
#9856=CARTESIAN_POINT('Ctrl Pts',(5.61303742229939,8.,44.2637676000595));
#9857=CARTESIAN_POINT('Ctrl Pts',(5.61303742229939,7.,44.2637676000595));
#9858=CARTESIAN_POINT('',(5.96087105572224,8.,45.9275358915329));
#9859=CARTESIAN_POINT('',(5.61303742229939,8.,44.2637676000595));
#9860=CARTESIAN_POINT('Ctrl Pts',(5.96087105572224,8.,45.9275358915329));
#9861=CARTESIAN_POINT('Ctrl Pts',(5.9572112366758,8.,45.5946405340448));
#9862=CARTESIAN_POINT('Ctrl Pts',(5.95083624888748,8.,45.0147747505558));
#9863=CARTESIAN_POINT('Ctrl Pts',(5.71393566447549,8.,44.4880883951082));
#9864=CARTESIAN_POINT('Ctrl Pts',(5.61303742229939,8.,44.2637676000595));
#9865=CARTESIAN_POINT('',(5.96087105572224,7.,45.9275358915329));
#9866=CARTESIAN_POINT('',(5.96087105572224,8.,45.9275358915329));
#9867=CARTESIAN_POINT('',(5.61303742229939,7.,44.2637676000595));
#9868=CARTESIAN_POINT('Ctrl Pts',(5.96087105572224,7.,45.9275358915329));
#9869=CARTESIAN_POINT('Ctrl Pts',(5.9572112366758,7.,45.5946405340448));
#9870=CARTESIAN_POINT('Ctrl Pts',(5.95083624888748,7.,45.0147747505558));
#9871=CARTESIAN_POINT('Ctrl Pts',(5.71393566447549,7.,44.4880883951082));
#9872=CARTESIAN_POINT('Ctrl Pts',(5.61303742229939,7.,44.2637676000595));
#9873=CARTESIAN_POINT('',(5.61303742229939,8.,44.2637676000595));
#9874=CARTESIAN_POINT('Ctrl Pts',(5.6072486191988,8.,47.6144927740097));
#9875=CARTESIAN_POINT('Ctrl Pts',(5.6072486191988,7.,47.6144927740097));
#9876=CARTESIAN_POINT('Ctrl Pts',(5.7098196139555,8.,47.3873366108588));
#9877=CARTESIAN_POINT('Ctrl Pts',(5.7098196139555,7.,47.3873366108588));
#9878=CARTESIAN_POINT('Ctrl Pts',(5.95085935340061,8.,46.8535242742513));
#9879=CARTESIAN_POINT('Ctrl Pts',(5.95085935340061,7.,46.8535242742513));
#9880=CARTESIAN_POINT('Ctrl Pts',(5.95721815226783,8.,46.2653951339786));
#9881=CARTESIAN_POINT('Ctrl Pts',(5.95721815226783,7.,46.2653951339786));
#9882=CARTESIAN_POINT('Ctrl Pts',(5.96087105572224,8.,45.9275358915329));
#9883=CARTESIAN_POINT('Ctrl Pts',(5.96087105572224,7.,45.9275358915329));
#9884=CARTESIAN_POINT('',(5.6072486191988,8.,47.6144927740097));
#9885=CARTESIAN_POINT('Ctrl Pts',(5.6072486191988,8.,47.6144927740097));
#9886=CARTESIAN_POINT('Ctrl Pts',(5.7098196139555,8.,47.3873366108588));
#9887=CARTESIAN_POINT('Ctrl Pts',(5.95085935340061,8.,46.8535242742513));
#9888=CARTESIAN_POINT('Ctrl Pts',(5.95721815226783,8.,46.2653951339786));
#9889=CARTESIAN_POINT('Ctrl Pts',(5.96087105572224,8.,45.9275358915329));
#9890=CARTESIAN_POINT('',(5.6072486191988,7.,47.6144927740097));
#9891=CARTESIAN_POINT('',(5.6072486191988,8.,47.6144927740097));
#9892=CARTESIAN_POINT('Ctrl Pts',(5.6072486191988,7.,47.6144927740097));
#9893=CARTESIAN_POINT('Ctrl Pts',(5.7098196139555,7.,47.3873366108588));
#9894=CARTESIAN_POINT('Ctrl Pts',(5.95085935340061,7.,46.8535242742513));
#9895=CARTESIAN_POINT('Ctrl Pts',(5.95721815226783,7.,46.2653951339786));
#9896=CARTESIAN_POINT('Ctrl Pts',(5.96087105572224,7.,45.9275358915329));
#9897=CARTESIAN_POINT('Ctrl Pts',(4.55796845257282,8.,48.1536239385605));
#9898=CARTESIAN_POINT('Ctrl Pts',(4.55796845257282,7.,48.1536239385605));
#9899=CARTESIAN_POINT('Ctrl Pts',(4.77538211846902,8.,48.1336762566433));
#9900=CARTESIAN_POINT('Ctrl Pts',(4.77538211846902,7.,48.1336762566433));
#9901=CARTESIAN_POINT('Ctrl Pts',(5.19882413891983,8.,48.094825493976));
#9902=CARTESIAN_POINT('Ctrl Pts',(5.19882413891983,7.,48.094825493976));
#9903=CARTESIAN_POINT('Ctrl Pts',(5.47356953441108,8.,47.7717077341777));
#9904=CARTESIAN_POINT('Ctrl Pts',(5.47356953441108,7.,47.7717077341777));
#9905=CARTESIAN_POINT('Ctrl Pts',(5.6072486191988,8.,47.6144927740097));
#9906=CARTESIAN_POINT('Ctrl Pts',(5.6072486191988,7.,47.6144927740097));
#9907=CARTESIAN_POINT('',(4.55796845257282,8.,48.1536239385605));
#9908=CARTESIAN_POINT('Ctrl Pts',(4.55796845257282,8.,48.1536239385605));
#9909=CARTESIAN_POINT('Ctrl Pts',(4.77538211846902,8.,48.1336762566433));
#9910=CARTESIAN_POINT('Ctrl Pts',(5.19882413891983,8.,48.094825493976));
#9911=CARTESIAN_POINT('Ctrl Pts',(5.47356953441108,8.,47.7717077341777));
#9912=CARTESIAN_POINT('Ctrl Pts',(5.6072486191988,8.,47.6144927740097));
#9913=CARTESIAN_POINT('',(4.55796845257282,7.,48.1536239385605));
#9914=CARTESIAN_POINT('',(4.55796845257282,8.,48.1536239385605));
#9915=CARTESIAN_POINT('Ctrl Pts',(4.55796845257282,7.,48.1536239385605));
#9916=CARTESIAN_POINT('Ctrl Pts',(4.77538211846902,7.,48.1336762566433));
#9917=CARTESIAN_POINT('Ctrl Pts',(5.19882413891983,7.,48.094825493976));
#9918=CARTESIAN_POINT('Ctrl Pts',(5.47356953441108,7.,47.7717077341777));
#9919=CARTESIAN_POINT('Ctrl Pts',(5.6072486191988,7.,47.6144927740097));
#9920=CARTESIAN_POINT('Ctrl Pts',(3.50289948284626,8.,47.6202899217606));
#9921=CARTESIAN_POINT('Ctrl Pts',(3.50289948284626,7.,47.6202899217606));
#9922=CARTESIAN_POINT('Ctrl Pts',(3.63833587485157,8.,47.7758129925097));
#9923=CARTESIAN_POINT('Ctrl Pts',(3.63833587485157,7.,47.7758129925097));
#9924=CARTESIAN_POINT('Ctrl Pts',(3.91688279856071,8.,48.0956714314534));
#9925=CARTESIAN_POINT('Ctrl Pts',(3.91688279856071,7.,48.0956714314534));
#9926=CARTESIAN_POINT('Ctrl Pts',(4.3403839947728,8.,48.133954858839));
#9927=CARTESIAN_POINT('Ctrl Pts',(4.3403839947728,7.,48.133954858839));
#9928=CARTESIAN_POINT('Ctrl Pts',(4.55796845257282,8.,48.1536239385605));
#9929=CARTESIAN_POINT('Ctrl Pts',(4.55796845257282,7.,48.1536239385605));
#9930=CARTESIAN_POINT('',(3.50289948284626,8.,47.6202899217606));
#9931=CARTESIAN_POINT('Ctrl Pts',(3.50289948284626,8.,47.6202899217606));
#9932=CARTESIAN_POINT('Ctrl Pts',(3.63833587485157,8.,47.7758129925097));
#9933=CARTESIAN_POINT('Ctrl Pts',(3.91688279856071,8.,48.0956714314534));
#9934=CARTESIAN_POINT('Ctrl Pts',(4.3403839947728,8.,48.133954858839));
#9935=CARTESIAN_POINT('Ctrl Pts',(4.55796845257282,8.,48.1536239385605));
#9936=CARTESIAN_POINT('',(3.50289948284626,7.,47.6202899217606));
#9937=CARTESIAN_POINT('',(3.50289948284626,8.,47.6202899217606));
#9938=CARTESIAN_POINT('Ctrl Pts',(3.50289948284626,7.,47.6202899217606));
#9939=CARTESIAN_POINT('Ctrl Pts',(3.63833587485157,7.,47.7758129925097));
#9940=CARTESIAN_POINT('Ctrl Pts',(3.91688279856071,7.,48.0956714314534));
#9941=CARTESIAN_POINT('Ctrl Pts',(4.3403839947728,7.,48.133954858839));
#9942=CARTESIAN_POINT('Ctrl Pts',(4.55796845257282,7.,48.1536239385605));
#9943=CARTESIAN_POINT('Ctrl Pts',(3.15507538616657,8.,45.9391301870346));
#9944=CARTESIAN_POINT('Ctrl Pts',(3.15507538616657,7.,45.9391301870346));
#9945=CARTESIAN_POINT('Ctrl Pts',(3.158692526245,8.,46.275358349737));
#9946=CARTESIAN_POINT('Ctrl Pts',(3.158692526245,7.,46.275358349737));
#9947=CARTESIAN_POINT('Ctrl Pts',(3.16499052321204,8.,46.8607832719155));
#9948=CARTESIAN_POINT('Ctrl Pts',(3.16499052321204,7.,46.8607832719155));
#9949=CARTESIAN_POINT('Ctrl Pts',(3.40200848086337,8.,47.3935205960863));
#9950=CARTESIAN_POINT('Ctrl Pts',(3.40200848086337,7.,47.3935205960863));
#9951=CARTESIAN_POINT('Ctrl Pts',(3.50289948284626,8.,47.6202899217606));
#9952=CARTESIAN_POINT('Ctrl Pts',(3.50289948284626,7.,47.6202899217606));
#9953=CARTESIAN_POINT('',(3.15507538616657,8.,45.9391301870346));
#9954=CARTESIAN_POINT('Ctrl Pts',(3.15507538616657,8.,45.9391301870346));
#9955=CARTESIAN_POINT('Ctrl Pts',(3.158692526245,8.,46.275358349737));
#9956=CARTESIAN_POINT('Ctrl Pts',(3.16499052321204,8.,46.8607832719155));
#9957=CARTESIAN_POINT('Ctrl Pts',(3.40200848086337,8.,47.3935205960863));
#9958=CARTESIAN_POINT('Ctrl Pts',(3.50289948284626,8.,47.6202899217606));
#9959=CARTESIAN_POINT('',(3.15507538616657,7.,45.9391301870346));
#9960=CARTESIAN_POINT('',(3.15507538616657,8.,45.9391301870346));
#9961=CARTESIAN_POINT('Ctrl Pts',(3.15507538616657,7.,45.9391301870346));
#9962=CARTESIAN_POINT('Ctrl Pts',(3.158692526245,7.,46.275358349737));
#9963=CARTESIAN_POINT('Ctrl Pts',(3.16499052321204,7.,46.8607832719155));
#9964=CARTESIAN_POINT('Ctrl Pts',(3.40200848086337,7.,47.3935205960863));
#9965=CARTESIAN_POINT('Ctrl Pts',(3.50289948284626,7.,47.6202899217606));
#9966=CARTESIAN_POINT('Ctrl Pts',(3.50869782269001,8.,44.2637676000595));
#9967=CARTESIAN_POINT('Ctrl Pts',(3.50869782269001,7.,44.2637676000595));
#9968=CARTESIAN_POINT('Ctrl Pts',(3.40613220538629,8.,44.4889680951654));
#9969=CARTESIAN_POINT('Ctrl Pts',(3.40613220538629,7.,44.4889680951654));
#9970=CARTESIAN_POINT('Ctrl Pts',(3.16489219022563,8.,45.0186521382366));
#9971=CARTESIAN_POINT('Ctrl Pts',(3.16489219022563,7.,45.0186521382366));
#9972=CARTESIAN_POINT('Ctrl Pts',(3.15865866530821,8.,45.6031420413265));
#9973=CARTESIAN_POINT('Ctrl Pts',(3.15865866530821,7.,45.6031420413265));
#9974=CARTESIAN_POINT('Ctrl Pts',(3.15507538616657,8.,45.9391301870346));
#9975=CARTESIAN_POINT('Ctrl Pts',(3.15507538616657,7.,45.9391301870346));
#9976=CARTESIAN_POINT('',(3.50869782269001,8.,44.2637676000595));
#9977=CARTESIAN_POINT('Ctrl Pts',(3.50869782269001,8.,44.2637676000595));
#9978=CARTESIAN_POINT('Ctrl Pts',(3.40613220538629,8.,44.4889680951654));
#9979=CARTESIAN_POINT('Ctrl Pts',(3.16489219022563,8.,45.0186521382366));
#9980=CARTESIAN_POINT('Ctrl Pts',(3.15865866530821,8.,45.6031420413265));
#9981=CARTESIAN_POINT('Ctrl Pts',(3.15507538616657,8.,45.9391301870346));
#9982=CARTESIAN_POINT('',(3.50869782269001,7.,44.2637676000595));
#9983=CARTESIAN_POINT('',(3.50869782269001,8.,44.2637676000595));
#9984=CARTESIAN_POINT('Ctrl Pts',(3.50869782269001,7.,44.2637676000595));
#9985=CARTESIAN_POINT('Ctrl Pts',(3.40613220538629,7.,44.4889680951654));
#9986=CARTESIAN_POINT('Ctrl Pts',(3.16489219022563,7.,45.0186521382366));
#9987=CARTESIAN_POINT('Ctrl Pts',(3.15865866530821,7.,45.6031420413265));
#9988=CARTESIAN_POINT('Ctrl Pts',(3.15507538616657,7.,45.9391301870346));
#9989=CARTESIAN_POINT('Ctrl Pts',(4.56376679241657,8.,43.7246376276016));
#9990=CARTESIAN_POINT('Ctrl Pts',(4.56376679241657,7.,43.7246376276016));
#9991=CARTESIAN_POINT('Ctrl Pts',(4.34603428616394,8.,43.744735637425));
#9992=CARTESIAN_POINT('Ctrl Pts',(4.34603428616394,7.,43.744735637425));
#9993=CARTESIAN_POINT('Ctrl Pts',(3.92133197065517,8.,43.7839381959038));
#9994=CARTESIAN_POINT('Ctrl Pts',(3.92133197065517,7.,43.7839381959038));
#9995=CARTESIAN_POINT('Ctrl Pts',(3.64389899359604,8.,44.106549644161));
#9996=CARTESIAN_POINT('Ctrl Pts',(3.64389899359604,7.,44.106549644161));
#9997=CARTESIAN_POINT('Ctrl Pts',(3.50869782269001,8.,44.2637676000595));
#9998=CARTESIAN_POINT('Ctrl Pts',(3.50869782269001,7.,44.2637676000595));
#9999=CARTESIAN_POINT('',(4.56376679241657,8.,43.7246376276016));
#10000=CARTESIAN_POINT('Ctrl Pts',(4.56376679241657,8.,43.7246376276016));
#10001=CARTESIAN_POINT('Ctrl Pts',(4.34603428616394,8.,43.744735637425));
#10002=CARTESIAN_POINT('Ctrl Pts',(3.92133197065517,8.,43.7839381959038));
#10003=CARTESIAN_POINT('Ctrl Pts',(3.64389899359604,8.,44.106549644161));
#10004=CARTESIAN_POINT('Ctrl Pts',(3.50869782269001,8.,44.2637676000595));
#10005=CARTESIAN_POINT('',(4.56376679241657,7.,43.7246376276016));
#10006=CARTESIAN_POINT('',(4.56376679241657,8.,43.7246376276016));
#10007=CARTESIAN_POINT('Ctrl Pts',(4.56376679241657,7.,43.7246376276016));
#10008=CARTESIAN_POINT('Ctrl Pts',(4.34603428616394,7.,43.744735637425));
#10009=CARTESIAN_POINT('Ctrl Pts',(3.92133197065517,7.,43.7839381959038));
#10010=CARTESIAN_POINT('Ctrl Pts',(3.64389899359604,7.,44.106549644161));
#10011=CARTESIAN_POINT('Ctrl Pts',(3.50869782269001,7.,44.2637676000595));
#10012=CARTESIAN_POINT('Ctrl Pts',(5.61303742229939,8.,44.2637676000595));
#10013=CARTESIAN_POINT('Ctrl Pts',(5.61303742229939,7.,44.2637676000595));
#10014=CARTESIAN_POINT('Ctrl Pts',(5.47936159259615,8.,44.1065531491493));
#10015=CARTESIAN_POINT('Ctrl Pts',(5.47936159259615,7.,44.1065531491493));
#10016=CARTESIAN_POINT('Ctrl Pts',(5.20462103621577,8.,43.7834342591449));
#10017=CARTESIAN_POINT('Ctrl Pts',(5.20462103621577,7.,43.7834342591449));
#10018=CARTESIAN_POINT('Ctrl Pts',(4.78118088604395,8.,43.7445847785787));
#10019=CARTESIAN_POINT('Ctrl Pts',(4.78118088604395,7.,43.7445847785787));
#10020=CARTESIAN_POINT('Ctrl Pts',(4.56376679241657,8.,43.7246376276016));
#10021=CARTESIAN_POINT('Ctrl Pts',(4.56376679241657,7.,43.7246376276016));
#10022=CARTESIAN_POINT('Ctrl Pts',(5.61303742229939,8.,44.2637676000595));
#10023=CARTESIAN_POINT('Ctrl Pts',(5.47936159259615,8.,44.1065531491493));
#10024=CARTESIAN_POINT('Ctrl Pts',(5.20462103621577,8.,43.7834342591449));
#10025=CARTESIAN_POINT('Ctrl Pts',(4.78118088604395,8.,43.7445847785787));
#10026=CARTESIAN_POINT('Ctrl Pts',(4.56376679241657,8.,43.7246376276016));
#10027=CARTESIAN_POINT('Ctrl Pts',(5.61303742229939,7.,44.2637676000595));
#10028=CARTESIAN_POINT('Ctrl Pts',(5.47936159259615,7.,44.1065531491493));
#10029=CARTESIAN_POINT('Ctrl Pts',(5.20462103621577,7.,43.7834342591449));
#10030=CARTESIAN_POINT('Ctrl Pts',(4.78118088604395,7.,43.7445847785787));
#10031=CARTESIAN_POINT('Ctrl Pts',(4.56376679241657,7.,43.7246376276016));
#10032=CARTESIAN_POINT('Ctrl Pts',(2.11159355938435,8.,44.2637676000595));
#10033=CARTESIAN_POINT('Ctrl Pts',(2.11159355938435,7.,44.2637676000595));
#10034=CARTESIAN_POINT('Ctrl Pts',(2.22997858899236,8.,44.0352394118756));
#10035=CARTESIAN_POINT('Ctrl Pts',(2.22997858899236,7.,44.0352394118756));
#10036=CARTESIAN_POINT('Ctrl Pts',(2.46209311425982,8.,43.5871699888566));
#10037=CARTESIAN_POINT('Ctrl Pts',(2.46209311425982,7.,43.5871699888566));
#10038=CARTESIAN_POINT('Ctrl Pts',(2.86104677152681,8.,43.2786850146113));
#10039=CARTESIAN_POINT('Ctrl Pts',(2.86104677152681,7.,43.2786850146113));
#10040=CARTESIAN_POINT('Ctrl Pts',(3.05652268230915,8.,43.1275361776352));
#10041=CARTESIAN_POINT('Ctrl Pts',(3.05652268230915,7.,43.1275361776352));
#10042=CARTESIAN_POINT('',(2.11159355938435,8.,44.2637676000595));
#10043=CARTESIAN_POINT('',(3.05652268230915,8.,43.1275361776352));
#10044=CARTESIAN_POINT('Ctrl Pts',(2.11159355938435,8.,44.2637676000595));
#10045=CARTESIAN_POINT('Ctrl Pts',(2.22997858899236,8.,44.0352394118756));
#10046=CARTESIAN_POINT('Ctrl Pts',(2.46209311425982,8.,43.5871699888566));
#10047=CARTESIAN_POINT('Ctrl Pts',(2.86104677152681,8.,43.2786850146113));
#10048=CARTESIAN_POINT('Ctrl Pts',(3.05652268230915,8.,43.1275361776352));
#10049=CARTESIAN_POINT('',(2.11159355938435,7.,44.2637676000595));
#10050=CARTESIAN_POINT('',(2.11159355938435,8.,44.2637676000595));
#10051=CARTESIAN_POINT('',(3.05652268230915,7.,43.1275361776352));
#10052=CARTESIAN_POINT('Ctrl Pts',(2.11159355938435,7.,44.2637676000595));
#10053=CARTESIAN_POINT('Ctrl Pts',(2.22997858899236,7.,44.0352394118756));
#10054=CARTESIAN_POINT('Ctrl Pts',(2.46209311425982,7.,43.5871699888566));
#10055=CARTESIAN_POINT('Ctrl Pts',(2.86104677152681,7.,43.2786850146113));
#10056=CARTESIAN_POINT('Ctrl Pts',(3.05652268230915,7.,43.1275361776352));
#10057=CARTESIAN_POINT('',(3.05652268230915,8.,43.1275361776352));
#10058=CARTESIAN_POINT('Ctrl Pts',(1.79275639355183,8.,45.9391301870346));
#10059=CARTESIAN_POINT('Ctrl Pts',(1.79275639355183,7.,45.9391301870346));
#10060=CARTESIAN_POINT('Ctrl Pts',(1.8033529834028,8.,45.6379408279694));
#10061=CARTESIAN_POINT('Ctrl Pts',(1.8033529834028,7.,45.6379408279694));
#10062=CARTESIAN_POINT('Ctrl Pts',(1.82359232816067,8.,45.0626731842029));
#10063=CARTESIAN_POINT('Ctrl Pts',(1.82359232816067,7.,45.0626731842029));
#10064=CARTESIAN_POINT('Ctrl Pts',(2.01865747668831,8.,44.5215691209726));
#10065=CARTESIAN_POINT('Ctrl Pts',(2.01865747668831,7.,44.5215691209726));
#10066=CARTESIAN_POINT('Ctrl Pts',(2.11159355938435,8.,44.2637676000595));
#10067=CARTESIAN_POINT('Ctrl Pts',(2.11159355938435,7.,44.2637676000595));
#10068=CARTESIAN_POINT('',(1.79275639355183,8.,45.9391301870346));
#10069=CARTESIAN_POINT('Ctrl Pts',(1.79275639355183,8.,45.9391301870346));
#10070=CARTESIAN_POINT('Ctrl Pts',(1.8033529834028,8.,45.6379408279694));
#10071=CARTESIAN_POINT('Ctrl Pts',(1.82359232816067,8.,45.0626731842029));
#10072=CARTESIAN_POINT('Ctrl Pts',(2.01865747668831,8.,44.5215691209726));
#10073=CARTESIAN_POINT('Ctrl Pts',(2.11159355938435,8.,44.2637676000595));
#10074=CARTESIAN_POINT('',(1.79275639355183,7.,45.9391301870346));
#10075=CARTESIAN_POINT('',(1.79275639355183,8.,45.9391301870346));
#10076=CARTESIAN_POINT('Ctrl Pts',(1.79275639355183,7.,45.9391301870346));
#10077=CARTESIAN_POINT('Ctrl Pts',(1.8033529834028,7.,45.6379408279694));
#10078=CARTESIAN_POINT('Ctrl Pts',(1.82359232816067,7.,45.0626731842029));
#10079=CARTESIAN_POINT('Ctrl Pts',(2.01865747668831,7.,44.5215691209726));
#10080=CARTESIAN_POINT('Ctrl Pts',(2.11159355938435,7.,44.2637676000595));
#10081=CARTESIAN_POINT('Ctrl Pts',(2.50579960644245,8.,48.2927542924881));
#10082=CARTESIAN_POINT('Ctrl Pts',(2.50579960644245,7.,48.2927542924881));
#10083=CARTESIAN_POINT('Ctrl Pts',(2.2981413390012,8.,47.961024062102));
#10084=CARTESIAN_POINT('Ctrl Pts',(2.2981413390012,7.,47.961024062102));
#10085=CARTESIAN_POINT('Ctrl Pts',(1.84904447113544,8.,47.2436001459803));
#10086=CARTESIAN_POINT('Ctrl Pts',(1.84904447113544,7.,47.2436001459803));
#10087=CARTESIAN_POINT('Ctrl Pts',(1.8124369390074,8.,46.3952246465465));
#10088=CARTESIAN_POINT('Ctrl Pts',(1.8124369390074,7.,46.3952246465465));
#10089=CARTESIAN_POINT('Ctrl Pts',(1.79275639355183,8.,45.9391301870346));
#10090=CARTESIAN_POINT('Ctrl Pts',(1.79275639355183,7.,45.9391301870346));
#10091=CARTESIAN_POINT('',(2.50579960644245,8.,48.2927542924881));
#10092=CARTESIAN_POINT('Ctrl Pts',(2.50579960644245,8.,48.2927542924881));
#10093=CARTESIAN_POINT('Ctrl Pts',(2.2981413390012,8.,47.961024062102));
#10094=CARTESIAN_POINT('Ctrl Pts',(1.84904447113544,8.,47.2436001459803));
#10095=CARTESIAN_POINT('Ctrl Pts',(1.8124369390074,8.,46.3952246465465));
#10096=CARTESIAN_POINT('Ctrl Pts',(1.79275639355183,8.,45.9391301870346));
#10097=CARTESIAN_POINT('',(2.50579960644245,7.,48.2927542924881));
#10098=CARTESIAN_POINT('',(2.50579960644245,8.,48.2927542924881));
#10099=CARTESIAN_POINT('Ctrl Pts',(2.50579960644245,7.,48.2927542924881));
#10100=CARTESIAN_POINT('Ctrl Pts',(2.2981413390012,7.,47.961024062102));
#10101=CARTESIAN_POINT('Ctrl Pts',(1.84904447113544,7.,47.2436001459803));
#10102=CARTESIAN_POINT('Ctrl Pts',(1.8124369390074,7.,46.3952246465465));
#10103=CARTESIAN_POINT('Ctrl Pts',(1.79275639355183,7.,45.9391301870346));
#10104=CARTESIAN_POINT('Ctrl Pts',(4.55796845257282,8.,49.156522154808));
#10105=CARTESIAN_POINT('Ctrl Pts',(4.55796845257282,7.,49.156522154808));
#10106=CARTESIAN_POINT('Ctrl Pts',(4.14461274384529,8.,49.1285540337752));
#10107=CARTESIAN_POINT('Ctrl Pts',(4.14461274384529,7.,49.1285540337752));
#10108=CARTESIAN_POINT('Ctrl Pts',(3.35841046449479,8.,49.0753586864243));
#10109=CARTESIAN_POINT('Ctrl Pts',(3.35841046449479,7.,49.0753586864243));
#10110=CARTESIAN_POINT('Ctrl Pts',(2.78007021592368,8.,48.5445049969043));
#10111=CARTESIAN_POINT('Ctrl Pts',(2.78007021592368,7.,48.5445049969043));
#10112=CARTESIAN_POINT('Ctrl Pts',(2.50579960644245,8.,48.2927542924881));
#10113=CARTESIAN_POINT('Ctrl Pts',(2.50579960644245,7.,48.2927542924881));
#10114=CARTESIAN_POINT('',(4.55796845257282,8.,49.156522154808));
#10115=CARTESIAN_POINT('Ctrl Pts',(4.55796845257282,8.,49.156522154808));
#10116=CARTESIAN_POINT('Ctrl Pts',(4.14461274384529,8.,49.1285540337752));
#10117=CARTESIAN_POINT('Ctrl Pts',(3.35841046449479,8.,49.0753586864243));
#10118=CARTESIAN_POINT('Ctrl Pts',(2.78007021592368,8.,48.5445049969043));
#10119=CARTESIAN_POINT('Ctrl Pts',(2.50579960644245,8.,48.2927542924881));
#10120=CARTESIAN_POINT('',(4.55796845257282,7.,49.156522154808));
#10121=CARTESIAN_POINT('',(4.55796845257282,8.,49.156522154808));
#10122=CARTESIAN_POINT('Ctrl Pts',(4.55796845257282,7.,49.156522154808));
#10123=CARTESIAN_POINT('Ctrl Pts',(4.14461274384529,7.,49.1285540337752));
#10124=CARTESIAN_POINT('Ctrl Pts',(3.35841046449479,7.,49.0753586864243));
#10125=CARTESIAN_POINT('Ctrl Pts',(2.78007021592368,7.,48.5445049969043));
#10126=CARTESIAN_POINT('Ctrl Pts',(2.50579960644245,7.,48.2927542924881));
#10127=CARTESIAN_POINT('Ctrl Pts',(6.05941422283649,8.,48.7565225362778));
#10128=CARTESIAN_POINT('Ctrl Pts',(6.05941422283649,7.,48.7565225362778));
#10129=CARTESIAN_POINT('Ctrl Pts',(5.836431266021,8.,48.8731081748566));
#10130=CARTESIAN_POINT('Ctrl Pts',(5.836431266021,7.,48.8731081748566));
#10131=CARTESIAN_POINT('Ctrl Pts',(5.36674703139607,8.,49.1186804697359));
#10132=CARTESIAN_POINT('Ctrl Pts',(5.36674703139607,7.,49.1186804697359));
#10133=CARTESIAN_POINT('Ctrl Pts',(4.83648707892328,8.,49.1434906349075));
#10134=CARTESIAN_POINT('Ctrl Pts',(4.83648707892328,7.,49.1434906349075));
#10135=CARTESIAN_POINT('Ctrl Pts',(4.55796845257282,8.,49.156522154808));
#10136=CARTESIAN_POINT('Ctrl Pts',(4.55796845257282,7.,49.156522154808));
#10137=CARTESIAN_POINT('',(6.05941422283649,8.,48.7565225362778));
#10138=CARTESIAN_POINT('Ctrl Pts',(6.05941422283649,8.,48.7565225362778));
#10139=CARTESIAN_POINT('Ctrl Pts',(5.836431266021,8.,48.8731081748566));
#10140=CARTESIAN_POINT('Ctrl Pts',(5.36674703139607,8.,49.1186804697359));
#10141=CARTESIAN_POINT('Ctrl Pts',(4.83648707892328,8.,49.1434906349075));
#10142=CARTESIAN_POINT('Ctrl Pts',(4.55796845257282,8.,49.156522154808));
#10143=CARTESIAN_POINT('',(6.05941422283649,7.,48.7565225362778));
#10144=CARTESIAN_POINT('',(6.05941422283649,8.,48.7565225362778));
#10145=CARTESIAN_POINT('Ctrl Pts',(6.05941422283649,7.,48.7565225362778));
#10146=CARTESIAN_POINT('Ctrl Pts',(5.836431266021,7.,48.8731081748566));
#10147=CARTESIAN_POINT('Ctrl Pts',(5.36674703139607,7.,49.1186804697359));
#10148=CARTESIAN_POINT('Ctrl Pts',(4.83648707892328,7.,49.1434906349075));
#10149=CARTESIAN_POINT('Ctrl Pts',(4.55796845257282,7.,49.156522154808));
#10150=CARTESIAN_POINT('Ctrl Pts',(6.99855454266071,8.,47.6260870695114));
#10151=CARTESIAN_POINT('Ctrl Pts',(6.99855454266071,7.,47.6260870695114));
#10152=CARTESIAN_POINT('Ctrl Pts',(6.88157866330684,8.,47.8531128401252));
#10153=CARTESIAN_POINT('Ctrl Pts',(6.88157866330684,7.,47.8531128401252));
#10154=CARTESIAN_POINT('Ctrl Pts',(6.65165483929576,8.,48.2993470006797));
#10155=CARTESIAN_POINT('Ctrl Pts',(6.65165483929576,7.,48.2993470006797));
#10156=CARTESIAN_POINT('Ctrl Pts',(6.25450861813013,8.,48.605920935878));
#10157=CARTESIAN_POINT('Ctrl Pts',(6.25450861813013,7.,48.605920935878));
#10158=CARTESIAN_POINT('Ctrl Pts',(6.05941422283649,8.,48.7565225362778));
#10159=CARTESIAN_POINT('Ctrl Pts',(6.05941422283649,7.,48.7565225362778));
#10160=CARTESIAN_POINT('',(6.99855454266071,8.,47.6260870695114));
#10161=CARTESIAN_POINT('Ctrl Pts',(6.99855454266071,8.,47.6260870695114));
#10162=CARTESIAN_POINT('Ctrl Pts',(6.88157866330684,8.,47.8531128401252));
#10163=CARTESIAN_POINT('Ctrl Pts',(6.65165483929576,8.,48.2993470006797));
#10164=CARTESIAN_POINT('Ctrl Pts',(6.25450861813013,8.,48.605920935878));
#10165=CARTESIAN_POINT('Ctrl Pts',(6.05941422283649,8.,48.7565225362778));
#10166=CARTESIAN_POINT('',(6.99855454266071,7.,47.6260870695114));
#10167=CARTESIAN_POINT('',(6.99855454266071,8.,47.6260870695114));
#10168=CARTESIAN_POINT('Ctrl Pts',(6.99855454266071,7.,47.6260870695114));
#10169=CARTESIAN_POINT('Ctrl Pts',(6.88157866330684,7.,47.8531128401252));
#10170=CARTESIAN_POINT('Ctrl Pts',(6.65165483929576,7.,48.2993470006797));
#10171=CARTESIAN_POINT('Ctrl Pts',(6.25450861813013,7.,48.605920935878));
#10172=CARTESIAN_POINT('Ctrl Pts',(6.05941422283649,7.,48.7565225362778));
#10173=CARTESIAN_POINT('Ctrl Pts',(7.3231852799654,8.,45.9275358915329));
#10174=CARTESIAN_POINT('Ctrl Pts',(7.3231852799654,7.,45.9275358915329));
#10175=CARTESIAN_POINT('Ctrl Pts',(7.31274098071527,8.,46.2346714486243));
#10176=CARTESIAN_POINT('Ctrl Pts',(7.31274098071527,7.,46.2346714486243));
#10177=CARTESIAN_POINT('Ctrl Pts',(7.29289593158672,8.,46.8182549015329));
#10178=CARTESIAN_POINT('Ctrl Pts',(7.29289593158672,7.,46.8182549015329));
#10179=CARTESIAN_POINT('Ctrl Pts',(7.0931674399011,8.,47.3664180430951));
#10180=CARTESIAN_POINT('Ctrl Pts',(7.0931674399011,7.,47.3664180430951));
#10181=CARTESIAN_POINT('Ctrl Pts',(6.99855454266071,8.,47.6260870695114));
#10182=CARTESIAN_POINT('Ctrl Pts',(6.99855454266071,7.,47.6260870695114));
#10183=CARTESIAN_POINT('',(7.3231852799654,8.,45.9275358915329));
#10184=CARTESIAN_POINT('Ctrl Pts',(7.3231852799654,8.,45.9275358915329));
#10185=CARTESIAN_POINT('Ctrl Pts',(7.31274098071527,8.,46.2346714486243));
#10186=CARTESIAN_POINT('Ctrl Pts',(7.29289593158672,8.,46.8182549015329));
#10187=CARTESIAN_POINT('Ctrl Pts',(7.0931674399011,8.,47.3664180430951));
#10188=CARTESIAN_POINT('Ctrl Pts',(6.99855454266071,8.,47.6260870695114));
#10189=CARTESIAN_POINT('',(7.3231852799654,7.,45.9275358915329));
#10190=CARTESIAN_POINT('',(7.3231852799654,8.,45.9275358915329));
#10191=CARTESIAN_POINT('Ctrl Pts',(7.3231852799654,7.,45.9275358915329));
#10192=CARTESIAN_POINT('Ctrl Pts',(7.31274098071527,7.,46.2346714486243));
#10193=CARTESIAN_POINT('Ctrl Pts',(7.29289593158672,7.,46.8182549015329));
#10194=CARTESIAN_POINT('Ctrl Pts',(7.0931674399011,7.,47.3664180430951));
#10195=CARTESIAN_POINT('Ctrl Pts',(6.99855454266071,7.,47.6260870695114));
#10196=CARTESIAN_POINT('Ctrl Pts',(6.61594040691853,8.,43.5913044214249));
#10197=CARTESIAN_POINT('Ctrl Pts',(6.61594040691853,7.,43.5913044214249));
#10198=CARTESIAN_POINT('Ctrl Pts',(6.82194518226558,8.,43.9226523544863));
#10199=CARTESIAN_POINT('Ctrl Pts',(6.82194518226558,7.,43.9226523544863));
#10200=CARTESIAN_POINT('Ctrl Pts',(7.26528948913655,8.,44.6357485410614));
#10201=CARTESIAN_POINT('Ctrl Pts',(7.26528948913655,7.,44.6357485410614));
#10202=CARTESIAN_POINT('Ctrl Pts',(7.30299828697769,8.,45.4771179628328));
#10203=CARTESIAN_POINT('Ctrl Pts',(7.30299828697769,7.,45.4771179628328));
#10204=CARTESIAN_POINT('Ctrl Pts',(7.3231852799654,8.,45.9275358915329));
#10205=CARTESIAN_POINT('Ctrl Pts',(7.3231852799654,7.,45.9275358915329));
#10206=CARTESIAN_POINT('',(6.61594040691853,8.,43.5913044214249));
#10207=CARTESIAN_POINT('Ctrl Pts',(6.61594040691853,8.,43.5913044214249));
#10208=CARTESIAN_POINT('Ctrl Pts',(6.82194518226558,8.,43.9226523544863));
#10209=CARTESIAN_POINT('Ctrl Pts',(7.26528948913655,8.,44.6357485410614));
#10210=CARTESIAN_POINT('Ctrl Pts',(7.30299828697769,8.,45.4771179628328));
#10211=CARTESIAN_POINT('Ctrl Pts',(7.3231852799654,8.,45.9275358915329));
#10212=CARTESIAN_POINT('',(6.61594040691853,7.,43.5913044214249));
#10213=CARTESIAN_POINT('',(6.61594040691853,8.,43.5913044214249));
#10214=CARTESIAN_POINT('Ctrl Pts',(6.61594040691853,7.,43.5913044214249));
#10215=CARTESIAN_POINT('Ctrl Pts',(6.82194518226558,7.,43.9226523544863));
#10216=CARTESIAN_POINT('Ctrl Pts',(7.26528948913655,7.,44.6357485410614));
#10217=CARTESIAN_POINT('Ctrl Pts',(7.30299828697769,7.,45.4771179628328));
#10218=CARTESIAN_POINT('Ctrl Pts',(7.3231852799654,7.,45.9275358915329));
#10219=CARTESIAN_POINT('Ctrl Pts',(4.56376679241657,8.,42.7159422636032));
#10220=CARTESIAN_POINT('Ctrl Pts',(4.56376679241657,7.,42.7159422636032));
#10221=CARTESIAN_POINT('Ctrl Pts',(4.97861668973572,8.,42.7442748755164));
#10222=CARTESIAN_POINT('Ctrl Pts',(4.97861668973572,7.,42.7442748755164));
#10223=CARTESIAN_POINT('Ctrl Pts',(5.7676114272814,8.,42.7981601044748));
#10224=CARTESIAN_POINT('Ctrl Pts',(5.7676114272814,7.,42.7981601044748));
#10225=CARTESIAN_POINT('Ctrl Pts',(6.34306007801269,8.,43.3361752353729));
#10226=CARTESIAN_POINT('Ctrl Pts',(6.34306007801269,7.,43.3361752353729));
#10227=CARTESIAN_POINT('Ctrl Pts',(6.61594040691853,8.,43.5913044214249));
#10228=CARTESIAN_POINT('Ctrl Pts',(6.61594040691853,7.,43.5913044214249));
#10229=CARTESIAN_POINT('',(4.56376679241657,8.,42.7159422636032));
#10230=CARTESIAN_POINT('Ctrl Pts',(4.56376679241657,8.,42.7159422636032));
#10231=CARTESIAN_POINT('Ctrl Pts',(4.97861668973572,8.,42.7442748755164));
#10232=CARTESIAN_POINT('Ctrl Pts',(5.7676114272814,8.,42.7981601044748));
#10233=CARTESIAN_POINT('Ctrl Pts',(6.34306007801269,8.,43.3361752353729));
#10234=CARTESIAN_POINT('Ctrl Pts',(6.61594040691853,8.,43.5913044214249));
#10235=CARTESIAN_POINT('',(4.56376679241657,7.,42.7159422636032));
#10236=CARTESIAN_POINT('',(4.56376679241657,8.,42.7159422636032));
#10237=CARTESIAN_POINT('Ctrl Pts',(4.56376679241657,7.,42.7159422636032));
#10238=CARTESIAN_POINT('Ctrl Pts',(4.97861668973572,7.,42.7442748755164));
#10239=CARTESIAN_POINT('Ctrl Pts',(5.7676114272814,7.,42.7981601044748));
#10240=CARTESIAN_POINT('Ctrl Pts',(6.34306007801269,7.,43.3361752353729));
#10241=CARTESIAN_POINT('Ctrl Pts',(6.61594040691853,7.,43.5913044214249));
#10242=CARTESIAN_POINT('Ctrl Pts',(3.05652268230915,8.,43.1275361776352));
#10243=CARTESIAN_POINT('Ctrl Pts',(3.05652268230915,7.,43.1275361776352));
#10244=CARTESIAN_POINT('Ctrl Pts',(3.28071570566022,8.,43.0075593515771));
#10245=CARTESIAN_POINT('Ctrl Pts',(3.28071570566022,7.,43.0075593515771));
#10246=CARTESIAN_POINT('Ctrl Pts',(3.75100835907748,8.,42.7558823857552));
#10247=CARTESIAN_POINT('Ctrl Pts',(3.75100835907748,7.,42.7558823857552));
#10248=CARTESIAN_POINT('Ctrl Pts',(4.28456285012209,8.,42.7296627481939));
#10249=CARTESIAN_POINT('Ctrl Pts',(4.28456285012209,7.,42.7296627481939));
#10250=CARTESIAN_POINT('Ctrl Pts',(4.56376679241657,8.,42.7159422636032));
#10251=CARTESIAN_POINT('Ctrl Pts',(4.56376679241657,7.,42.7159422636032));
#10252=CARTESIAN_POINT('Ctrl Pts',(3.05652268230915,8.,43.1275361776352));
#10253=CARTESIAN_POINT('Ctrl Pts',(3.28071570566022,8.,43.0075593515771));
#10254=CARTESIAN_POINT('Ctrl Pts',(3.75100835907748,8.,42.7558823857552));
#10255=CARTESIAN_POINT('Ctrl Pts',(4.28456285012209,8.,42.7296627481939));
#10256=CARTESIAN_POINT('Ctrl Pts',(4.56376679241657,8.,42.7159422636032));
#10257=CARTESIAN_POINT('Ctrl Pts',(3.05652268230915,7.,43.1275361776352));
#10258=CARTESIAN_POINT('Ctrl Pts',(3.28071570566022,7.,43.0075593515771));
#10259=CARTESIAN_POINT('Ctrl Pts',(3.75100835907748,7.,42.7558823857552));
#10260=CARTESIAN_POINT('Ctrl Pts',(4.28456285012209,7.,42.7296627481939));
#10261=CARTESIAN_POINT('Ctrl Pts',(4.56376679241657,7.,42.7159422636032));
#10262=CARTESIAN_POINT('Origin',(-2.50000171363354,7.,45.6927534937859));
#10263=CARTESIAN_POINT('Origin',(54.3202937394381,8.,40.9999996423721));
#10264=CARTESIAN_POINT('',(54.3202937394381,8.,40.9999996423721));
#10265=CARTESIAN_POINT('',(54.3202937394381,8.,47.9797106981277));
#10266=CARTESIAN_POINT('',(54.3202937394381,8.,20.4999998211861));
#10267=CARTESIAN_POINT('',(54.3202937394381,7.,40.9999996423721));
#10268=CARTESIAN_POINT('',(54.3202937394381,8.,40.9999996423721));
#10269=CARTESIAN_POINT('',(54.3202937394381,7.,47.9797106981277));
#10270=CARTESIAN_POINT('',(54.3202937394381,7.,40.9999996423721));
#10271=CARTESIAN_POINT('',(54.3202937394381,8.,47.9797106981277));
#10272=CARTESIAN_POINT('Origin',(53.1724608689547,8.,40.9999996423721));
#10273=CARTESIAN_POINT('',(53.1724608689547,8.,40.9999996423721));
#10274=CARTESIAN_POINT('',(26.5862304344773,8.,40.9999996423721));
#10275=CARTESIAN_POINT('',(53.1724608689547,7.,40.9999996423721));
#10276=CARTESIAN_POINT('',(53.1724608689547,8.,40.9999996423721));
#10277=CARTESIAN_POINT('',(53.1724608689547,7.,40.9999996423721));
#10278=CARTESIAN_POINT('Origin',(50.7144892960787,8.,42.5072461366653));
#10279=CARTESIAN_POINT('',(50.7144892960787,8.,42.5072461366653));
#10280=CARTESIAN_POINT('',(41.7579812389646,8.,47.999443653986));
#10281=CARTESIAN_POINT('',(50.7144892960787,7.,42.5072461366653));
#10282=CARTESIAN_POINT('',(50.7144892960787,8.,42.5072461366653));
#10283=CARTESIAN_POINT('',(50.7144892960787,7.,42.5072461366653));
#10284=CARTESIAN_POINT('Origin',(51.2710154801607,8.,43.4173911809921));
#10285=CARTESIAN_POINT('',(51.2710154801607,8.,43.4173911809921));
#10286=CARTESIAN_POINT('',(34.6327702753569,8.,16.2071415061738));
#10287=CARTESIAN_POINT('',(51.2710154801607,7.,43.4173911809921));
#10288=CARTESIAN_POINT('',(51.2710154801607,8.,43.4173911809921));
#10289=CARTESIAN_POINT('',(51.2710154801607,7.,43.4173911809921));
#10290=CARTESIAN_POINT('Origin',(53.0333293229342,8.,42.3333334922791));
#10291=CARTESIAN_POINT('',(53.0333293229342,8.,42.3333334922791));
#10292=CARTESIAN_POINT('',(43.2419367147472,8.,48.3563437998012));
#10293=CARTESIAN_POINT('',(53.0333293229342,7.,42.3333334922791));
#10294=CARTESIAN_POINT('',(53.0333293229342,8.,42.3333334922791));
#10295=CARTESIAN_POINT('',(53.0333293229342,7.,42.3333334922791));
#10296=CARTESIAN_POINT('Origin',(53.0333293229342,8.,47.9797106981277));
#10297=CARTESIAN_POINT('',(53.0333293229342,8.,47.9797106981277));
#10298=CARTESIAN_POINT('',(53.0333293229342,8.,23.9898553490639));
#10299=CARTESIAN_POINT('',(53.0333293229342,7.,47.9797106981277));
#10300=CARTESIAN_POINT('',(53.0333293229342,8.,47.9797106981277));
#10301=CARTESIAN_POINT('',(53.0333293229342,7.,47.9797106981277));
#10302=CARTESIAN_POINT('Origin',(51.0797084122896,8.,47.9797106981277));
#10303=CARTESIAN_POINT('',(51.0797084122896,8.,47.9797106981277));
#10304=CARTESIAN_POINT('',(25.5398542061448,8.,47.9797106981277));
#10305=CARTESIAN_POINT('',(51.0797084122896,7.,47.9797106981277));
#10306=CARTESIAN_POINT('',(51.0797084122896,8.,47.9797106981277));
#10307=CARTESIAN_POINT('',(51.0797084122896,7.,47.9797106981277));
#10308=CARTESIAN_POINT('Origin',(51.0797084122896,8.,49.0000003576279));
#10309=CARTESIAN_POINT('',(51.0797084122896,8.,49.0000003576279));
#10310=CARTESIAN_POINT('',(51.0797084122896,8.,24.5000001788139));
#10311=CARTESIAN_POINT('',(51.0797084122896,7.,49.0000003576279));
#10312=CARTESIAN_POINT('',(51.0797084122896,8.,49.0000003576279));
#10313=CARTESIAN_POINT('',(51.0797084122896,7.,49.0000003576279));
#10314=CARTESIAN_POINT('Origin',(55.9202922135592,8.,49.0000003576279));
#10315=CARTESIAN_POINT('',(55.9202922135592,8.,49.0000003576279));
#10316=CARTESIAN_POINT('',(27.9601461067796,8.,49.0000003576279));
#10317=CARTESIAN_POINT('',(55.9202922135592,7.,49.0000003576279));
#10318=CARTESIAN_POINT('',(55.9202922135592,8.,49.0000003576279));
#10319=CARTESIAN_POINT('',(55.9202922135592,7.,49.0000003576279));
#10320=CARTESIAN_POINT('Origin',(55.9202922135592,8.,47.9797106981277));
#10321=CARTESIAN_POINT('',(55.9202922135592,8.,47.9797106981277));
#10322=CARTESIAN_POINT('',(55.9202922135592,8.,23.9898553490639));
#10323=CARTESIAN_POINT('',(55.9202922135592,7.,47.9797106981277));
#10324=CARTESIAN_POINT('',(55.9202922135592,8.,47.9797106981277));
#10325=CARTESIAN_POINT('',(55.9202922135592,7.,47.9797106981277));
#10326=CARTESIAN_POINT('Origin',(54.3202937394381,8.,47.9797106981277));
#10327=CARTESIAN_POINT('',(27.160146869719,8.,47.9797106981277));
#10328=CARTESIAN_POINT('',(54.3202937394381,7.,47.9797106981277));
#10329=CARTESIAN_POINT('Origin',(-2.50000171363354,7.,45.6927534937859));
#10330=CARTESIAN_POINT('Ctrl Pts',(-21.5927540510893,8.,48.0260866880417));
#10331=CARTESIAN_POINT('Ctrl Pts',(-21.5927540510893,7.,48.0260866880417));
#10332=CARTESIAN_POINT('Ctrl Pts',(-21.5009544787401,8.,47.9976091960479));
#10333=CARTESIAN_POINT('Ctrl Pts',(-21.5009544787401,7.,47.9976091960479));
#10334=CARTESIAN_POINT('Ctrl Pts',(-21.3214682488267,8.,47.941930094887));
#10335=CARTESIAN_POINT('Ctrl Pts',(-21.3214682488267,7.,47.941930094887));
#10336=CARTESIAN_POINT('Ctrl Pts',(-21.1532161921664,8.,47.8582654774152));
#10337=CARTESIAN_POINT('Ctrl Pts',(-21.1532161921664,7.,47.8582654774152));
#10338=CARTESIAN_POINT('Ctrl Pts',(-21.0710179060698,8.,47.8173917531967));
#10339=CARTESIAN_POINT('Ctrl Pts',(-21.0710179060698,7.,47.8173917531967));
#10340=CARTESIAN_POINT('',(-21.5927540510893,8.,48.0260866880417));
#10341=CARTESIAN_POINT('',(-21.0710179060698,8.,47.8173917531967));
#10342=CARTESIAN_POINT('Ctrl Pts',(-21.5927540510893,8.,48.0260866880417));
#10343=CARTESIAN_POINT('Ctrl Pts',(-21.5009544787401,8.,47.9976091960479));
#10344=CARTESIAN_POINT('Ctrl Pts',(-21.3214682488267,8.,47.941930094887));
#10345=CARTESIAN_POINT('Ctrl Pts',(-21.1532161921664,8.,47.8582654774152));
#10346=CARTESIAN_POINT('Ctrl Pts',(-21.0710179060698,8.,47.8173917531967));
#10347=CARTESIAN_POINT('',(-21.5927540510893,7.,48.0260866880417));
#10348=CARTESIAN_POINT('',(-21.5927540510893,8.,48.0260866880417));
#10349=CARTESIAN_POINT('',(-21.0710179060698,7.,47.8173917531967));
#10350=CARTESIAN_POINT('Ctrl Pts',(-21.5927540510893,7.,48.0260866880417));
#10351=CARTESIAN_POINT('Ctrl Pts',(-21.5009544787401,7.,47.9976091960479));
#10352=CARTESIAN_POINT('Ctrl Pts',(-21.3214682488267,7.,47.941930094887));
#10353=CARTESIAN_POINT('Ctrl Pts',(-21.1532161921664,7.,47.8582654774152));
#10354=CARTESIAN_POINT('Ctrl Pts',(-21.0710179060698,7.,47.8173917531967));
#10355=CARTESIAN_POINT('',(-21.0710179060698,8.,47.8173917531967));
#10356=CARTESIAN_POINT('Ctrl Pts',(-22.2072493284941,8.,48.1072467565536));
#10357=CARTESIAN_POINT('Ctrl Pts',(-22.2072493284941,7.,48.1072467565536));
#10358=CARTESIAN_POINT('Ctrl Pts',(-22.0994738588878,8.,48.1044038085924));
#10359=CARTESIAN_POINT('Ctrl Pts',(-22.0994738588878,7.,48.1044038085924));
#10360=CARTESIAN_POINT('Ctrl Pts',(-21.8917340299963,8.,48.0989239575169));
#10361=CARTESIAN_POINT('Ctrl Pts',(-21.8917340299963,7.,48.0989239575169));
#10362=CARTESIAN_POINT('Ctrl Pts',(-21.6898841623421,8.,48.0497494500545));
#10363=CARTESIAN_POINT('Ctrl Pts',(-21.6898841623421,7.,48.0497494500545));
#10364=CARTESIAN_POINT('Ctrl Pts',(-21.5927540510893,8.,48.0260866880417));
#10365=CARTESIAN_POINT('Ctrl Pts',(-21.5927540510893,7.,48.0260866880417));
#10366=CARTESIAN_POINT('',(-22.2072493284941,8.,48.1072467565536));
#10367=CARTESIAN_POINT('Ctrl Pts',(-22.2072493284941,8.,48.1072467565536));
#10368=CARTESIAN_POINT('Ctrl Pts',(-22.0994738588878,8.,48.1044038085924));
#10369=CARTESIAN_POINT('Ctrl Pts',(-21.8917340299963,8.,48.0989239575169));
#10370=CARTESIAN_POINT('Ctrl Pts',(-21.6898841623421,8.,48.0497494500545));
#10371=CARTESIAN_POINT('Ctrl Pts',(-21.5927540510893,8.,48.0260866880417));
#10372=CARTESIAN_POINT('',(-22.2072493284941,7.,48.1072467565536));
#10373=CARTESIAN_POINT('',(-22.2072493284941,8.,48.1072467565536));
#10374=CARTESIAN_POINT('Ctrl Pts',(-22.2072493284941,7.,48.1072467565536));
#10375=CARTESIAN_POINT('Ctrl Pts',(-22.0994738588878,7.,48.1044038085924));
#10376=CARTESIAN_POINT('Ctrl Pts',(-21.8917340299963,7.,48.0989239575169));
#10377=CARTESIAN_POINT('Ctrl Pts',(-21.6898841623421,7.,48.0497494500545));
#10378=CARTESIAN_POINT('Ctrl Pts',(-21.5927540510893,7.,48.0260866880417));
#10379=CARTESIAN_POINT('Ctrl Pts',(-23.0188452452421,8.,47.8695648908615));
#10380=CARTESIAN_POINT('Ctrl Pts',(-23.0188452452421,7.,47.8695648908615));
#10381=CARTESIAN_POINT('Ctrl Pts',(-22.9127411029009,8.,47.9385776063618));
#10382=CARTESIAN_POINT('Ctrl Pts',(-22.9127411029009,7.,47.9385776063618));
#10383=CARTESIAN_POINT('Ctrl Pts',(-22.6678730173533,8.,48.097845766399));
#10384=CARTESIAN_POINT('Ctrl Pts',(-22.6678730173533,7.,48.097845766399));
#10385=CARTESIAN_POINT('Ctrl Pts',(-22.3738620057723,8.,48.1038463145516));
#10386=CARTESIAN_POINT('Ctrl Pts',(-22.3738620057723,7.,48.1038463145516));
#10387=CARTESIAN_POINT('Ctrl Pts',(-22.2072493284941,8.,48.1072467565536));
#10388=CARTESIAN_POINT('Ctrl Pts',(-22.2072493284941,7.,48.1072467565536));
#10389=CARTESIAN_POINT('',(-23.0188452452421,8.,47.8695648908615));
#10390=CARTESIAN_POINT('Ctrl Pts',(-23.0188452452421,8.,47.8695648908615));
#10391=CARTESIAN_POINT('Ctrl Pts',(-22.9127411029009,8.,47.9385776063618));
#10392=CARTESIAN_POINT('Ctrl Pts',(-22.6678730173533,8.,48.097845766399));
#10393=CARTESIAN_POINT('Ctrl Pts',(-22.3738620057723,8.,48.1038463145516));
#10394=CARTESIAN_POINT('Ctrl Pts',(-22.2072493284941,8.,48.1072467565536));
#10395=CARTESIAN_POINT('',(-23.0188452452421,7.,47.8695648908615));
#10396=CARTESIAN_POINT('',(-23.0188452452421,8.,47.8695648908615));
#10397=CARTESIAN_POINT('Ctrl Pts',(-23.0188452452421,7.,47.8695648908615));
#10398=CARTESIAN_POINT('Ctrl Pts',(-22.9127411029009,7.,47.9385776063618));
#10399=CARTESIAN_POINT('Ctrl Pts',(-22.6678730173533,7.,48.097845766399));
#10400=CARTESIAN_POINT('Ctrl Pts',(-22.3738620057723,7.,48.1038463145516));
#10401=CARTESIAN_POINT('Ctrl Pts',(-22.2072493284941,7.,48.1072467565536));
#10402=CARTESIAN_POINT('Ctrl Pts',(-23.2623230665922,8.,47.1333330869675));
#10403=CARTESIAN_POINT('Ctrl Pts',(-23.2623230665922,7.,47.1333330869675));
#10404=CARTESIAN_POINT('Ctrl Pts',(-23.2568753285605,8.,47.2820510930361));
#10405=CARTESIAN_POINT('Ctrl Pts',(-23.2568753285605,7.,47.2820510930361));
#10406=CARTESIAN_POINT('Ctrl Pts',(-23.246964141932,8.,47.5526169507515));
#10407=CARTESIAN_POINT('Ctrl Pts',(-23.246964141932,7.,47.5526169507515));
#10408=CARTESIAN_POINT('Ctrl Pts',(-23.08967813619,8.,47.7711498134447));
#10409=CARTESIAN_POINT('Ctrl Pts',(-23.08967813619,7.,47.7711498134447));
#10410=CARTESIAN_POINT('Ctrl Pts',(-23.0188452452421,8.,47.8695648908615));
#10411=CARTESIAN_POINT('Ctrl Pts',(-23.0188452452421,7.,47.8695648908615));
#10412=CARTESIAN_POINT('',(-23.2623230665922,8.,47.1333330869675));
#10413=CARTESIAN_POINT('Ctrl Pts',(-23.2623230665922,8.,47.1333330869675));
#10414=CARTESIAN_POINT('Ctrl Pts',(-23.2568753285605,8.,47.2820510930361));
#10415=CARTESIAN_POINT('Ctrl Pts',(-23.246964141932,8.,47.5526169507515));
#10416=CARTESIAN_POINT('Ctrl Pts',(-23.08967813619,8.,47.7711498134447));
#10417=CARTESIAN_POINT('Ctrl Pts',(-23.0188452452421,8.,47.8695648908615));
#10418=CARTESIAN_POINT('',(-23.2623230665922,7.,47.1333330869675));
#10419=CARTESIAN_POINT('',(-23.2623230665922,8.,47.1333330869675));
#10420=CARTESIAN_POINT('Ctrl Pts',(-23.2623230665922,7.,47.1333330869675));
#10421=CARTESIAN_POINT('Ctrl Pts',(-23.2568753285605,7.,47.2820510930361));
#10422=CARTESIAN_POINT('Ctrl Pts',(-23.246964141932,7.,47.5526169507515));
#10423=CARTESIAN_POINT('Ctrl Pts',(-23.08967813619,7.,47.7711498134447));
#10424=CARTESIAN_POINT('Ctrl Pts',(-23.0188452452421,7.,47.8695648908615));
#10425=CARTESIAN_POINT('Origin',(-23.2623230665922,8.,43.8231891393661));
#10426=CARTESIAN_POINT('',(-23.2623230665922,8.,43.8231891393661));
#10427=CARTESIAN_POINT('',(-23.2623230665922,8.,21.9115945696831));
#10428=CARTESIAN_POINT('',(-23.2623230665922,7.,43.8231891393661));
#10429=CARTESIAN_POINT('',(-23.2623230665922,8.,43.8231891393661));
#10430=CARTESIAN_POINT('',(-23.2623230665922,7.,43.8231891393661));
#10431=CARTESIAN_POINT('Origin',(-21.343482658267,8.,43.8231891393661));
#10432=CARTESIAN_POINT('',(-21.343482658267,8.,43.8231891393661));
#10433=CARTESIAN_POINT('',(-10.6717413291335,8.,43.8231891393661));
#10434=CARTESIAN_POINT('',(-21.343482658267,7.,43.8231891393661));
#10435=CARTESIAN_POINT('',(-21.343482658267,8.,43.8231891393661));
#10436=CARTESIAN_POINT('',(-21.343482658267,7.,43.8231891393661));
#10437=CARTESIAN_POINT('Origin',(-21.1985527724028,8.,42.8782600164413));
#10438=CARTESIAN_POINT('',(-21.1985527724028,8.,42.8782600164413));
#10439=CARTESIAN_POINT('',(-17.7422608704873,8.,20.3435643187715));
#10440=CARTESIAN_POINT('',(-21.1985527724028,7.,42.8782600164413));
#10441=CARTESIAN_POINT('',(-21.1985527724028,8.,42.8782600164413));
#10442=CARTESIAN_POINT('',(-21.1985527724028,7.,42.8782600164413));
#10443=CARTESIAN_POINT('Origin',(-23.2623230665922,8.,42.8782600164413));
#10444=CARTESIAN_POINT('',(-23.2623230665922,8.,42.8782600164413));
#10445=CARTESIAN_POINT('',(-11.6311615332961,8.,42.8782600164413));
#10446=CARTESIAN_POINT('',(-23.2623230665922,7.,42.8782600164413));
#10447=CARTESIAN_POINT('',(-23.2623230665922,8.,42.8782600164413));
#10448=CARTESIAN_POINT('',(-23.2623230665922,7.,42.8782600164413));
#10449=CARTESIAN_POINT('Origin',(-23.2623230665922,8.,41.3536232709885));
#10450=CARTESIAN_POINT('',(-23.2623230665922,8.,41.3536232709885));
#10451=CARTESIAN_POINT('',(-23.2623230665922,8.,20.6768116354942));
#10452=CARTESIAN_POINT('',(-23.2623230665922,7.,41.3536232709885));
#10453=CARTESIAN_POINT('',(-23.2623230665922,8.,41.3536232709885));
#10454=CARTESIAN_POINT('',(-23.2623230665922,7.,41.3536232709885));
#10455=CARTESIAN_POINT('Origin',(-24.5608746260405,8.,41.5101450681686));
#10456=CARTESIAN_POINT('',(-24.5608746260405,8.,41.5101450681686));
#10457=CARTESIAN_POINT('',(-9.99040270896453,8.,39.7538833058763));
#10458=CARTESIAN_POINT('',(-24.5608746260405,7.,41.5101450681686));
#10459=CARTESIAN_POINT('',(-24.5608746260405,8.,41.5101450681686));
#10460=CARTESIAN_POINT('',(-24.5608746260405,7.,41.5101450681686));
#10461=CARTESIAN_POINT('Origin',(-24.5608746260405,8.,42.8782600164413));
#10462=CARTESIAN_POINT('',(-24.5608746260405,8.,42.8782600164413));
#10463=CARTESIAN_POINT('',(-24.5608746260405,8.,21.4391300082207));
#10464=CARTESIAN_POINT('',(-24.5608746260405,7.,42.8782600164413));
#10465=CARTESIAN_POINT('',(-24.5608746260405,8.,42.8782600164413));
#10466=CARTESIAN_POINT('',(-24.5608746260405,7.,42.8782600164413));
#10467=CARTESIAN_POINT('Origin',(-25.9231936186552,8.,42.8782600164413));
#10468=CARTESIAN_POINT('',(-25.9231936186552,8.,42.8782600164413));
#10469=CARTESIAN_POINT('',(-12.9615968093276,8.,42.8782600164413));
#10470=CARTESIAN_POINT('',(-25.9231936186552,7.,42.8782600164413));
#10471=CARTESIAN_POINT('',(-25.9231936186552,8.,42.8782600164413));
#10472=CARTESIAN_POINT('',(-25.9231936186552,7.,42.8782600164413));
#10473=CARTESIAN_POINT('Origin',(-25.9231936186552,8.,43.8231891393661));
#10474=CARTESIAN_POINT('',(-25.9231936186552,8.,43.8231891393661));
#10475=CARTESIAN_POINT('',(-25.9231936186552,8.,21.9115945696831));
#10476=CARTESIAN_POINT('',(-25.9231936186552,7.,43.8231891393661));
#10477=CARTESIAN_POINT('',(-25.9231936186552,8.,43.8231891393661));
#10478=CARTESIAN_POINT('',(-25.9231936186552,7.,43.8231891393661));
#10479=CARTESIAN_POINT('Origin',(-24.5608746260405,8.,43.8231891393661));
#10480=CARTESIAN_POINT('',(-24.5608746260405,8.,43.8231891393661));
#10481=CARTESIAN_POINT('',(-12.2804373130202,8.,43.8231891393661));
#10482=CARTESIAN_POINT('',(-24.5608746260405,7.,43.8231891393661));
#10483=CARTESIAN_POINT('',(-24.5608746260405,8.,43.8231891393661));
#10484=CARTESIAN_POINT('',(-24.5608746260405,7.,43.8231891393661));
#10485=CARTESIAN_POINT('Origin',(-24.5608746260405,8.,47.1449273824692));
#10486=CARTESIAN_POINT('',(-24.5608746260405,8.,47.1449273824692));
#10487=CARTESIAN_POINT('',(-24.5608746260405,8.,23.5724636912346));
#10488=CARTESIAN_POINT('',(-24.5608746260405,7.,47.1449273824692));
#10489=CARTESIAN_POINT('',(-24.5608746260405,8.,47.1449273824692));
#10490=CARTESIAN_POINT('',(-24.5608746260405,7.,47.1449273824692));
#10491=CARTESIAN_POINT('Ctrl Pts',(-24.0101467818022,8.,48.6057978868484));
#10492=CARTESIAN_POINT('Ctrl Pts',(-24.0101467818022,7.,48.6057978868484));
#10493=CARTESIAN_POINT('Ctrl Pts',(-24.1707039821446,8.,48.4001449962396));
#10494=CARTESIAN_POINT('Ctrl Pts',(-24.1707039821446,7.,48.4001449962396));
#10495=CARTESIAN_POINT('Ctrl Pts',(-24.5053132767685,8.,47.9715540111129));
#10496=CARTESIAN_POINT('Ctrl Pts',(-24.5053132767685,7.,47.9715540111129));
#10497=CARTESIAN_POINT('Ctrl Pts',(-24.5418628248446,8.,47.4277797849561));
#10498=CARTESIAN_POINT('Ctrl Pts',(-24.5418628248446,7.,47.4277797849561));
#10499=CARTESIAN_POINT('Ctrl Pts',(-24.5608746260405,8.,47.1449273824692));
#10500=CARTESIAN_POINT('Ctrl Pts',(-24.5608746260405,7.,47.1449273824692));
#10501=CARTESIAN_POINT('',(-24.0101467818022,8.,48.6057978868484));
#10502=CARTESIAN_POINT('Ctrl Pts',(-24.0101467818022,8.,48.6057978868484));
#10503=CARTESIAN_POINT('Ctrl Pts',(-24.1707039821446,8.,48.4001449962396));
#10504=CARTESIAN_POINT('Ctrl Pts',(-24.5053132767685,8.,47.9715540111129));
#10505=CARTESIAN_POINT('Ctrl Pts',(-24.5418628248446,8.,47.4277797849561));
#10506=CARTESIAN_POINT('Ctrl Pts',(-24.5608746260405,8.,47.1449273824692));
#10507=CARTESIAN_POINT('',(-24.0101467818022,7.,48.6057978868484));
#10508=CARTESIAN_POINT('',(-24.0101467818022,8.,48.6057978868484));
#10509=CARTESIAN_POINT('Ctrl Pts',(-24.0101467818022,7.,48.6057978868484));
#10510=CARTESIAN_POINT('Ctrl Pts',(-24.1707039821446,7.,48.4001449962396));
#10511=CARTESIAN_POINT('Ctrl Pts',(-24.5053132767685,7.,47.9715540111129));
#10512=CARTESIAN_POINT('Ctrl Pts',(-24.5418628248446,7.,47.4277797849561));
#10513=CARTESIAN_POINT('Ctrl Pts',(-24.5608746260405,7.,47.1449273824692));
#10514=CARTESIAN_POINT('Ctrl Pts',(-22.3869597166777,8.,49.156522154808));
#10515=CARTESIAN_POINT('Ctrl Pts',(-22.3869597166777,7.,49.156522154808));
#10516=CARTESIAN_POINT('Ctrl Pts',(-22.7114585969646,8.,49.1425651834258));
#10517=CARTESIAN_POINT('Ctrl Pts',(-22.7114585969646,7.,49.1425651834258));
#10518=CARTESIAN_POINT('Ctrl Pts',(-23.3091462242623,8.,49.1168581329043));
#10519=CARTESIAN_POINT('Ctrl Pts',(-23.3091462242623,7.,49.1168581329043));
#10520=CARTESIAN_POINT('Ctrl Pts',(-23.7902470697216,8.,48.7661144511575));
#10521=CARTESIAN_POINT('Ctrl Pts',(-23.7902470697216,7.,48.7661144511575));
#10522=CARTESIAN_POINT('Ctrl Pts',(-24.0101467818022,8.,48.6057978868484));
#10523=CARTESIAN_POINT('Ctrl Pts',(-24.0101467818022,7.,48.6057978868484));
#10524=CARTESIAN_POINT('',(-22.3869597166777,8.,49.156522154808));
#10525=CARTESIAN_POINT('Ctrl Pts',(-22.3869597166777,8.,49.156522154808));
#10526=CARTESIAN_POINT('Ctrl Pts',(-22.7114585969646,8.,49.1425651834258));
#10527=CARTESIAN_POINT('Ctrl Pts',(-23.3091462242623,8.,49.1168581329043));
#10528=CARTESIAN_POINT('Ctrl Pts',(-23.7902470697216,8.,48.7661144511575));
#10529=CARTESIAN_POINT('Ctrl Pts',(-24.0101467818022,8.,48.6057978868484));
#10530=CARTESIAN_POINT('',(-22.3869597166777,7.,49.156522154808));
#10531=CARTESIAN_POINT('',(-22.3869597166777,8.,49.156522154808));
#10532=CARTESIAN_POINT('Ctrl Pts',(-22.3869597166777,7.,49.156522154808));
#10533=CARTESIAN_POINT('Ctrl Pts',(-22.7114585969646,7.,49.1425651834258));
#10534=CARTESIAN_POINT('Ctrl Pts',(-23.3091462242623,7.,49.1168581329043));
#10535=CARTESIAN_POINT('Ctrl Pts',(-23.7902470697216,7.,48.7661144511575));
#10536=CARTESIAN_POINT('Ctrl Pts',(-24.0101467818022,7.,48.6057978868484));
#10537=CARTESIAN_POINT('Ctrl Pts',(-21.4072500914335,8.,49.0231889486313));
#10538=CARTESIAN_POINT('Ctrl Pts',(-21.4072500914335,7.,49.0231889486313));
#10539=CARTESIAN_POINT('Ctrl Pts',(-21.5663923649604,8.,49.062076424258));
#10540=CARTESIAN_POINT('Ctrl Pts',(-21.5663923649604,7.,49.062076424258));
#10541=CARTESIAN_POINT('Ctrl Pts',(-21.8882791973648,8.,49.1407316179553));
#10542=CARTESIAN_POINT('Ctrl Pts',(-21.8882791973648,7.,49.1407316179553));
#10543=CARTESIAN_POINT('Ctrl Pts',(-22.2194973058715,8.,49.1512195186174));
#10544=CARTESIAN_POINT('Ctrl Pts',(-22.2194973058715,7.,49.1512195186174));
#10545=CARTESIAN_POINT('Ctrl Pts',(-22.3869597166777,8.,49.156522154808));
#10546=CARTESIAN_POINT('Ctrl Pts',(-22.3869597166777,7.,49.156522154808));
#10547=CARTESIAN_POINT('',(-21.4072500914335,8.,49.0231889486313));
#10548=CARTESIAN_POINT('Ctrl Pts',(-21.4072500914335,8.,49.0231889486313));
#10549=CARTESIAN_POINT('Ctrl Pts',(-21.5663923649604,8.,49.062076424258));
#10550=CARTESIAN_POINT('Ctrl Pts',(-21.8882791973648,8.,49.1407316179553));
#10551=CARTESIAN_POINT('Ctrl Pts',(-22.2194973058715,8.,49.1512195186174));
#10552=CARTESIAN_POINT('Ctrl Pts',(-22.3869597166777,8.,49.156522154808));
#10553=CARTESIAN_POINT('',(-21.4072500914335,7.,49.0231889486313));
#10554=CARTESIAN_POINT('',(-21.4072500914335,8.,49.0231889486313));
#10555=CARTESIAN_POINT('Ctrl Pts',(-21.4072500914335,7.,49.0231889486313));
#10556=CARTESIAN_POINT('Ctrl Pts',(-21.5663923649604,7.,49.062076424258));
#10557=CARTESIAN_POINT('Ctrl Pts',(-21.8882791973648,7.,49.1407316179553));
#10558=CARTESIAN_POINT('Ctrl Pts',(-22.2194973058715,7.,49.1512195186174));
#10559=CARTESIAN_POINT('Ctrl Pts',(-22.3869597166777,7.,49.156522154808));
#10560=CARTESIAN_POINT('Ctrl Pts',(-20.6014525145292,8.,48.6753624677658));
#10561=CARTESIAN_POINT('Ctrl Pts',(-20.6014525145292,7.,48.6753624677658));
#10562=CARTESIAN_POINT('Ctrl Pts',(-20.7227254884435,8.,48.7444874948138));
#10563=CARTESIAN_POINT('Ctrl Pts',(-20.7227254884435,7.,48.7444874948138));
#10564=CARTESIAN_POINT('Ctrl Pts',(-20.9783467226525,8.,48.8901904008978));
#10565=CARTESIAN_POINT('Ctrl Pts',(-20.9783467226525,7.,48.8901904008978));
#10566=CARTESIAN_POINT('Ctrl Pts',(-21.2594887351161,8.,48.9773696633755));
#10567=CARTESIAN_POINT('Ctrl Pts',(-21.2594887351161,7.,48.9773696633755));
#10568=CARTESIAN_POINT('Ctrl Pts',(-21.4072500914335,8.,49.0231889486313));
#10569=CARTESIAN_POINT('Ctrl Pts',(-21.4072500914335,7.,49.0231889486313));
#10570=CARTESIAN_POINT('',(-20.6014525145292,8.,48.6753624677658));
#10571=CARTESIAN_POINT('Ctrl Pts',(-20.6014525145292,8.,48.6753624677658));
#10572=CARTESIAN_POINT('Ctrl Pts',(-20.7227254884435,8.,48.7444874948138));
#10573=CARTESIAN_POINT('Ctrl Pts',(-20.9783467226525,8.,48.8901904008978));
#10574=CARTESIAN_POINT('Ctrl Pts',(-21.2594887351161,8.,48.9773696633755));
#10575=CARTESIAN_POINT('Ctrl Pts',(-21.4072500914335,8.,49.0231889486313));
#10576=CARTESIAN_POINT('',(-20.6014525145292,7.,48.6753624677658));
#10577=CARTESIAN_POINT('',(-20.6014525145292,8.,48.6753624677658));
#10578=CARTESIAN_POINT('Ctrl Pts',(-20.6014525145292,7.,48.6753624677658));
#10579=CARTESIAN_POINT('Ctrl Pts',(-20.7227254884435,7.,48.7444874948138));
#10580=CARTESIAN_POINT('Ctrl Pts',(-20.9783467226525,7.,48.8901904008978));
#10581=CARTESIAN_POINT('Ctrl Pts',(-21.2594887351161,7.,48.9773696633755));
#10582=CARTESIAN_POINT('Ctrl Pts',(-21.4072500914335,7.,49.0231889486313));
#10583=CARTESIAN_POINT('Origin',(-21.0710179060698,8.,47.8173917531967));
#10584=CARTESIAN_POINT('',(-28.7117699379471,8.,33.856521555485));
#10585=CARTESIAN_POINT('',(-21.0710179060698,7.,47.8173917531967));
#10586=CARTESIAN_POINT('Origin',(-2.50000171363354,7.,45.6927534937859));
#10587=CARTESIAN_POINT('Ctrl Pts',(-31.0768162459135,8.,40.6927537918091));
#10588=CARTESIAN_POINT('Ctrl Pts',(-31.0768162459135,7.,40.6927537918091));
#10589=CARTESIAN_POINT('Ctrl Pts',(-31.0674417355973,8.,40.5821629794783));
#10590=CARTESIAN_POINT('Ctrl Pts',(-31.0674417355973,7.,40.5821629794783));
#10591=CARTESIAN_POINT('Ctrl Pts',(-31.0489346786349,8.,40.363835792853));
#10592=CARTESIAN_POINT('Ctrl Pts',(-31.0489346786349,7.,40.363835792853));
#10593=CARTESIAN_POINT('Ctrl Pts',(-30.9084571955209,8.,40.1959088909307));
#10594=CARTESIAN_POINT('Ctrl Pts',(-30.9084571955209,7.,40.1959088909307));
#10595=CARTESIAN_POINT('Ctrl Pts',(-30.8391367644072,8.,40.1130431890488));
#10596=CARTESIAN_POINT('Ctrl Pts',(-30.8391367644072,7.,40.1130431890488));
#10597=CARTESIAN_POINT('',(-31.0768162459135,8.,40.6927537918091));
#10598=CARTESIAN_POINT('',(-30.8391367644072,8.,40.1130431890488));
#10599=CARTESIAN_POINT('Ctrl Pts',(-31.0768162459135,8.,40.6927537918091));
#10600=CARTESIAN_POINT('Ctrl Pts',(-31.0674417355973,8.,40.5821629794783));
#10601=CARTESIAN_POINT('Ctrl Pts',(-31.0489346786349,8.,40.363835792853));
#10602=CARTESIAN_POINT('Ctrl Pts',(-30.9084571955209,8.,40.1959088909307));
#10603=CARTESIAN_POINT('Ctrl Pts',(-30.8391367644072,8.,40.1130431890488));
#10604=CARTESIAN_POINT('',(-31.0768162459135,7.,40.6927537918091));
#10605=CARTESIAN_POINT('',(-31.0768162459135,8.,40.6927537918091));
#10606=CARTESIAN_POINT('',(-30.8391367644072,7.,40.1130431890488));
#10607=CARTESIAN_POINT('Ctrl Pts',(-31.0768162459135,7.,40.6927537918091));
#10608=CARTESIAN_POINT('Ctrl Pts',(-31.0674417355973,7.,40.5821629794783));
#10609=CARTESIAN_POINT('Ctrl Pts',(-31.0489346786349,7.,40.363835792853));
#10610=CARTESIAN_POINT('Ctrl Pts',(-30.9084571955209,7.,40.1959088909307));
#10611=CARTESIAN_POINT('Ctrl Pts',(-30.8391367644072,7.,40.1130431890488));
#10612=CARTESIAN_POINT('',(-30.8391367644072,8.,40.1130431890488));
#10613=CARTESIAN_POINT('Ctrl Pts',(-30.8391367644072,8.,41.2782609462738));
#10614=CARTESIAN_POINT('Ctrl Pts',(-30.8391367644072,7.,41.2782609462738));
#10615=CARTESIAN_POINT('Ctrl Pts',(-30.9084587296917,8.,41.1938975625379));
#10616=CARTESIAN_POINT('Ctrl Pts',(-30.9084587296917,7.,41.1938975625379));
#10617=CARTESIAN_POINT('Ctrl Pts',(-31.0484469454902,8.,41.0235348280219));
#10618=CARTESIAN_POINT('Ctrl Pts',(-31.0484469454902,7.,41.0235348280219));
#10619=CARTESIAN_POINT('Ctrl Pts',(-31.0672994664893,8.,40.8037177603375));
#10620=CARTESIAN_POINT('Ctrl Pts',(-31.0672994664893,7.,40.8037177603375));
#10621=CARTESIAN_POINT('Ctrl Pts',(-31.0768162459135,8.,40.6927537918091));
#10622=CARTESIAN_POINT('Ctrl Pts',(-31.0768162459135,7.,40.6927537918091));
#10623=CARTESIAN_POINT('',(-30.8391367644072,8.,41.2782609462738));
#10624=CARTESIAN_POINT('Ctrl Pts',(-30.8391367644072,8.,41.2782609462738));
#10625=CARTESIAN_POINT('Ctrl Pts',(-30.9084587296917,8.,41.1938975625379));
#10626=CARTESIAN_POINT('Ctrl Pts',(-31.0484469454902,8.,41.0235348280219));
#10627=CARTESIAN_POINT('Ctrl Pts',(-31.0672994664893,8.,40.8037177603375));
#10628=CARTESIAN_POINT('Ctrl Pts',(-31.0768162459135,8.,40.6927537918091));
#10629=CARTESIAN_POINT('',(-30.8391367644072,7.,41.2782609462738));
#10630=CARTESIAN_POINT('',(-30.8391367644072,8.,41.2782609462738));
#10631=CARTESIAN_POINT('Ctrl Pts',(-30.8391367644072,7.,41.2782609462738));
#10632=CARTESIAN_POINT('Ctrl Pts',(-30.9084587296917,7.,41.1938975625379));
#10633=CARTESIAN_POINT('Ctrl Pts',(-31.0484469454902,7.,41.0235348280219));
#10634=CARTESIAN_POINT('Ctrl Pts',(-31.0672994664893,7.,40.8037177603375));
#10635=CARTESIAN_POINT('Ctrl Pts',(-31.0768162459135,7.,40.6927537918091));
#10636=CARTESIAN_POINT('Ctrl Pts',(-30.2304398268461,8.,41.5159422159195));
#10637=CARTESIAN_POINT('Ctrl Pts',(-30.2304398268461,7.,41.5159422159195));
#10638=CARTESIAN_POINT('Ctrl Pts',(-30.3473873316172,8.,41.5071832894313));
#10639=CARTESIAN_POINT('Ctrl Pts',(-30.3473873316172,7.,41.5071832894313));
#10640=CARTESIAN_POINT('Ctrl Pts',(-30.5749778445613,8.,41.4901376194431));
#10641=CARTESIAN_POINT('Ctrl Pts',(-30.5749778445613,7.,41.4901376194431));
#10642=CARTESIAN_POINT('Ctrl Pts',(-30.7527250526675,8.,41.3475700804002));
#10643=CARTESIAN_POINT('Ctrl Pts',(-30.7527250526675,7.,41.3475700804002));
#10644=CARTESIAN_POINT('Ctrl Pts',(-30.8391367644072,8.,41.2782609462738));
#10645=CARTESIAN_POINT('Ctrl Pts',(-30.8391367644072,7.,41.2782609462738));
#10646=CARTESIAN_POINT('',(-30.2304398268461,8.,41.5159422159195));
#10647=CARTESIAN_POINT('Ctrl Pts',(-30.2304398268461,8.,41.5159422159195));
#10648=CARTESIAN_POINT('Ctrl Pts',(-30.3473873316172,8.,41.5071832894313));
#10649=CARTESIAN_POINT('Ctrl Pts',(-30.5749778445613,8.,41.4901376194431));
#10650=CARTESIAN_POINT('Ctrl Pts',(-30.7527250526675,8.,41.3475700804002));
#10651=CARTESIAN_POINT('Ctrl Pts',(-30.8391367644072,8.,41.2782609462738));
#10652=CARTESIAN_POINT('',(-30.2304398268461,7.,41.5159422159195));
#10653=CARTESIAN_POINT('',(-30.2304398268461,8.,41.5159422159195));
#10654=CARTESIAN_POINT('Ctrl Pts',(-30.2304398268461,7.,41.5159422159195));
#10655=CARTESIAN_POINT('Ctrl Pts',(-30.3473873316172,7.,41.5071832894313));
#10656=CARTESIAN_POINT('Ctrl Pts',(-30.5749778445613,7.,41.4901376194431));
#10657=CARTESIAN_POINT('Ctrl Pts',(-30.7527250526675,7.,41.3475700804002));
#10658=CARTESIAN_POINT('Ctrl Pts',(-30.8391367644072,7.,41.2782609462738));
#10659=CARTESIAN_POINT('Ctrl Pts',(-29.6159493178129,8.,41.2782609462738));
#10660=CARTESIAN_POINT('Ctrl Pts',(-29.6159493178129,7.,41.2782609462738));
#10661=CARTESIAN_POINT('Ctrl Pts',(-29.7018903846247,8.,41.3475546121795));
#10662=CARTESIAN_POINT('Ctrl Pts',(-29.7018903846247,7.,41.3475546121795));
#10663=CARTESIAN_POINT('Ctrl Pts',(-29.8809072213519,8.,41.4918946039418));
#10664=CARTESIAN_POINT('Ctrl Pts',(-29.8809072213519,7.,41.4918946039418));
#10665=CARTESIAN_POINT('Ctrl Pts',(-30.1108738571259,8.,41.5077161563177));
#10666=CARTESIAN_POINT('Ctrl Pts',(-30.1108738571259,7.,41.5077161563177));
#10667=CARTESIAN_POINT('Ctrl Pts',(-30.2304398268461,8.,41.5159422159195));
#10668=CARTESIAN_POINT('Ctrl Pts',(-30.2304398268461,7.,41.5159422159195));
#10669=CARTESIAN_POINT('',(-29.6159493178129,8.,41.2782609462738));
#10670=CARTESIAN_POINT('Ctrl Pts',(-29.6159493178129,8.,41.2782609462738));
#10671=CARTESIAN_POINT('Ctrl Pts',(-29.7018903846247,8.,41.3475546121795));
#10672=CARTESIAN_POINT('Ctrl Pts',(-29.8809072213519,8.,41.4918946039418));
#10673=CARTESIAN_POINT('Ctrl Pts',(-30.1108738571259,8.,41.5077161563177));
#10674=CARTESIAN_POINT('Ctrl Pts',(-30.2304398268461,8.,41.5159422159195));
#10675=CARTESIAN_POINT('',(-29.6159493178129,7.,41.2782609462738));
#10676=CARTESIAN_POINT('',(-29.6159493178129,8.,41.2782609462738));
#10677=CARTESIAN_POINT('Ctrl Pts',(-29.6159493178129,7.,41.2782609462738));
#10678=CARTESIAN_POINT('Ctrl Pts',(-29.7018903846247,7.,41.3475546121795));
#10679=CARTESIAN_POINT('Ctrl Pts',(-29.8809072213519,7.,41.4918946039418));
#10680=CARTESIAN_POINT('Ctrl Pts',(-30.1108738571259,7.,41.5077161563177));
#10681=CARTESIAN_POINT('Ctrl Pts',(-30.2304398268461,7.,41.5159422159195));
#10682=CARTESIAN_POINT('Ctrl Pts',(-29.378265067935,8.,40.6927537918091));
#10683=CARTESIAN_POINT('Ctrl Pts',(-29.378265067935,7.,40.6927537918091));
#10684=CARTESIAN_POINT('Ctrl Pts',(-29.3877837835699,8.,40.8037177051565));
#10685=CARTESIAN_POINT('Ctrl Pts',(-29.3877837835699,7.,40.8037177051565));
#10686=CARTESIAN_POINT('Ctrl Pts',(-29.4066401152254,8.,41.02353437288));
#10687=CARTESIAN_POINT('Ctrl Pts',(-29.4066401152254,7.,41.02353437288));
#10688=CARTESIAN_POINT('Ctrl Pts',(-29.5466277390899,8.,41.1938974878493));
#10689=CARTESIAN_POINT('Ctrl Pts',(-29.5466277390899,7.,41.1938974878493));
#10690=CARTESIAN_POINT('Ctrl Pts',(-29.6159493178129,8.,41.2782609462738));
#10691=CARTESIAN_POINT('Ctrl Pts',(-29.6159493178129,7.,41.2782609462738));
#10692=CARTESIAN_POINT('',(-29.378265067935,8.,40.6927537918091));
#10693=CARTESIAN_POINT('Ctrl Pts',(-29.378265067935,8.,40.6927537918091));
#10694=CARTESIAN_POINT('Ctrl Pts',(-29.3877837835699,8.,40.8037177051565));
#10695=CARTESIAN_POINT('Ctrl Pts',(-29.4066401152254,8.,41.02353437288));
#10696=CARTESIAN_POINT('Ctrl Pts',(-29.5466277390899,8.,41.1938974878493));
#10697=CARTESIAN_POINT('Ctrl Pts',(-29.6159493178129,8.,41.2782609462738));
#10698=CARTESIAN_POINT('',(-29.378265067935,7.,40.6927537918091));
#10699=CARTESIAN_POINT('',(-29.378265067935,8.,40.6927537918091));
#10700=CARTESIAN_POINT('Ctrl Pts',(-29.378265067935,7.,40.6927537918091));
#10701=CARTESIAN_POINT('Ctrl Pts',(-29.3877837835699,7.,40.8037177051565));
#10702=CARTESIAN_POINT('Ctrl Pts',(-29.4066401152254,7.,41.02353437288));
#10703=CARTESIAN_POINT('Ctrl Pts',(-29.5466277390899,7.,41.1938974878493));
#10704=CARTESIAN_POINT('Ctrl Pts',(-29.6159493178129,7.,41.2782609462738));
#10705=CARTESIAN_POINT('Ctrl Pts',(-29.6159493178129,8.,40.1130431890488));
#10706=CARTESIAN_POINT('Ctrl Pts',(-29.6159493178129,7.,40.1130431890488));
#10707=CARTESIAN_POINT('Ctrl Pts',(-29.5466292702821,8.,40.1959087627766));
#10708=CARTESIAN_POINT('Ctrl Pts',(-29.5466292702821,7.,40.1959087627766));
#10709=CARTESIAN_POINT('Ctrl Pts',(-29.406152133441,8.,40.3638359202819));
#10710=CARTESIAN_POINT('Ctrl Pts',(-29.406152133441,7.,40.3638359202819));
#10711=CARTESIAN_POINT('Ctrl Pts',(-29.3876414455035,8.,40.5821628028862));
#10712=CARTESIAN_POINT('Ctrl Pts',(-29.3876414455035,7.,40.5821628028862));
#10713=CARTESIAN_POINT('Ctrl Pts',(-29.378265067935,8.,40.6927537918091));
#10714=CARTESIAN_POINT('Ctrl Pts',(-29.378265067935,7.,40.6927537918091));
#10715=CARTESIAN_POINT('',(-29.6159493178129,8.,40.1130431890488));
#10716=CARTESIAN_POINT('Ctrl Pts',(-29.6159493178129,8.,40.1130431890488));
#10717=CARTESIAN_POINT('Ctrl Pts',(-29.5466292702821,8.,40.1959087627766));
#10718=CARTESIAN_POINT('Ctrl Pts',(-29.406152133441,8.,40.3638359202819));
#10719=CARTESIAN_POINT('Ctrl Pts',(-29.3876414455035,8.,40.5821628028862));
#10720=CARTESIAN_POINT('Ctrl Pts',(-29.378265067935,8.,40.6927537918091));
#10721=CARTESIAN_POINT('',(-29.6159493178129,7.,40.1130431890488));
#10722=CARTESIAN_POINT('',(-29.6159493178129,8.,40.1130431890488));
#10723=CARTESIAN_POINT('Ctrl Pts',(-29.6159493178129,7.,40.1130431890488));
#10724=CARTESIAN_POINT('Ctrl Pts',(-29.5466292702821,7.,40.1959087627766));
#10725=CARTESIAN_POINT('Ctrl Pts',(-29.406152133441,7.,40.3638359202819));
#10726=CARTESIAN_POINT('Ctrl Pts',(-29.3876414455035,7.,40.5821628028862));
#10727=CARTESIAN_POINT('Ctrl Pts',(-29.378265067935,7.,40.6927537918091));
#10728=CARTESIAN_POINT('Ctrl Pts',(-30.2304398268461,8.,39.8811590671539));
#10729=CARTESIAN_POINT('Ctrl Pts',(-30.2304398268461,7.,39.8811590671539));
#10730=CARTESIAN_POINT('Ctrl Pts',(-30.1110294822468,8.,39.889038438833));
#10731=CARTESIAN_POINT('Ctrl Pts',(-30.1110294822468,7.,39.889038438833));
#10732=CARTESIAN_POINT('Ctrl Pts',(-29.8820973685359,8.,39.9041446779051));
#10733=CARTESIAN_POINT('Ctrl Pts',(-29.8820973685359,7.,39.9041446779051));
#10734=CARTESIAN_POINT('Ctrl Pts',(-29.7020733271394,8.,40.0454448080982));
#10735=CARTESIAN_POINT('Ctrl Pts',(-29.7020733271394,7.,40.0454448080982));
#10736=CARTESIAN_POINT('Ctrl Pts',(-29.6159493178129,8.,40.1130431890488));
#10737=CARTESIAN_POINT('Ctrl Pts',(-29.6159493178129,7.,40.1130431890488));
#10738=CARTESIAN_POINT('',(-30.2304398268461,8.,39.8811590671539));
#10739=CARTESIAN_POINT('Ctrl Pts',(-30.2304398268461,8.,39.8811590671539));
#10740=CARTESIAN_POINT('Ctrl Pts',(-30.1110294822468,8.,39.889038438833));
#10741=CARTESIAN_POINT('Ctrl Pts',(-29.8820973685359,8.,39.9041446779051));
#10742=CARTESIAN_POINT('Ctrl Pts',(-29.7020733271394,8.,40.0454448080982));
#10743=CARTESIAN_POINT('Ctrl Pts',(-29.6159493178129,8.,40.1130431890488));
#10744=CARTESIAN_POINT('',(-30.2304398268461,7.,39.8811590671539));
#10745=CARTESIAN_POINT('',(-30.2304398268461,8.,39.8811590671539));
#10746=CARTESIAN_POINT('Ctrl Pts',(-30.2304398268461,7.,39.8811590671539));
#10747=CARTESIAN_POINT('Ctrl Pts',(-30.1110294822468,7.,39.889038438833));
#10748=CARTESIAN_POINT('Ctrl Pts',(-29.8820973685359,7.,39.9041446779051));
#10749=CARTESIAN_POINT('Ctrl Pts',(-29.7020733271394,7.,40.0454448080982));
#10750=CARTESIAN_POINT('Ctrl Pts',(-29.6159493178129,7.,40.1130431890488));
#10751=CARTESIAN_POINT('Ctrl Pts',(-30.8391367644072,8.,40.1130431890488));
#10752=CARTESIAN_POINT('Ctrl Pts',(-30.8391367644072,7.,40.1130431890488));
#10753=CARTESIAN_POINT('Ctrl Pts',(-30.7525434521813,8.,40.0454285678397));
#10754=CARTESIAN_POINT('Ctrl Pts',(-30.7525434521813,7.,40.0454285678397));
#10755=CARTESIAN_POINT('Ctrl Pts',(-30.5738135545378,8.,39.9058709736414));
#10756=CARTESIAN_POINT('Ctrl Pts',(-30.5738135545378,7.,39.9058709736414));
#10757=CARTESIAN_POINT('Ctrl Pts',(-30.3472401132237,8.,39.8895649454198));
#10758=CARTESIAN_POINT('Ctrl Pts',(-30.3472401132237,7.,39.8895649454198));
#10759=CARTESIAN_POINT('Ctrl Pts',(-30.2304398268461,8.,39.8811590671539));
#10760=CARTESIAN_POINT('Ctrl Pts',(-30.2304398268461,7.,39.8811590671539));
#10761=CARTESIAN_POINT('Ctrl Pts',(-30.8391367644072,8.,40.1130431890488));
#10762=CARTESIAN_POINT('Ctrl Pts',(-30.7525434521813,8.,40.0454285678397));
#10763=CARTESIAN_POINT('Ctrl Pts',(-30.5738135545378,8.,39.9058709736414));
#10764=CARTESIAN_POINT('Ctrl Pts',(-30.3472401132237,8.,39.8895649454198));
#10765=CARTESIAN_POINT('Ctrl Pts',(-30.2304398268461,8.,39.8811590671539));
#10766=CARTESIAN_POINT('Ctrl Pts',(-30.8391367644072,7.,40.1130431890488));
#10767=CARTESIAN_POINT('Ctrl Pts',(-30.7525434521813,7.,40.0454285678397));
#10768=CARTESIAN_POINT('Ctrl Pts',(-30.5738135545378,7.,39.9058709736414));
#10769=CARTESIAN_POINT('Ctrl Pts',(-30.3472401132237,7.,39.8895649454198));
#10770=CARTESIAN_POINT('Ctrl Pts',(-30.2304398268461,7.,39.8811590671539));
#10771=CARTESIAN_POINT('Origin',(-2.50000171363354,7.,45.6927534937859));
#10772=CARTESIAN_POINT('Ctrl Pts',(-45.2101504057646,8.,46.3623183965683));
#10773=CARTESIAN_POINT('Ctrl Pts',(-45.2101504057646,7.,46.3623183965683));
#10774=CARTESIAN_POINT('Ctrl Pts',(-45.3251124301235,8.,46.4742708857944));
#10775=CARTESIAN_POINT('Ctrl Pts',(-45.3251124301235,7.,46.4742708857944));
#10776=CARTESIAN_POINT('Ctrl Pts',(-45.5599950943216,8.,46.7030046705347));
#10777=CARTESIAN_POINT('Ctrl Pts',(-45.5599950943216,7.,46.7030046705347));
#10778=CARTESIAN_POINT('Ctrl Pts',(-45.5893610950034,8.,47.0301009185248));
#10779=CARTESIAN_POINT('Ctrl Pts',(-45.5893610950034,7.,47.0301009185248));
#10780=CARTESIAN_POINT('Ctrl Pts',(-45.6043540686369,8.,47.1971017122269));
#10781=CARTESIAN_POINT('Ctrl Pts',(-45.6043540686369,7.,47.1971017122269));
#10782=CARTESIAN_POINT('',(-45.2101504057646,8.,46.3623183965683));
#10783=CARTESIAN_POINT('',(-45.6043540686369,8.,47.1971017122269));
#10784=CARTESIAN_POINT('Ctrl Pts',(-45.2101504057646,8.,46.3623183965683));
#10785=CARTESIAN_POINT('Ctrl Pts',(-45.3251124301235,8.,46.4742708857944));
#10786=CARTESIAN_POINT('Ctrl Pts',(-45.5599950943216,8.,46.7030046705347));
#10787=CARTESIAN_POINT('Ctrl Pts',(-45.5893610950034,8.,47.0301009185248));
#10788=CARTESIAN_POINT('Ctrl Pts',(-45.6043540686369,8.,47.1971017122269));
#10789=CARTESIAN_POINT('',(-45.2101504057646,7.,46.3623183965683));
#10790=CARTESIAN_POINT('',(-45.2101504057646,8.,46.3623183965683));
#10791=CARTESIAN_POINT('',(-45.6043540686369,7.,47.1971017122269));
#10792=CARTESIAN_POINT('Ctrl Pts',(-45.2101504057646,7.,46.3623183965683));
#10793=CARTESIAN_POINT('Ctrl Pts',(-45.3251124301235,7.,46.4742708857944));
#10794=CARTESIAN_POINT('Ctrl Pts',(-45.5599950943216,7.,46.7030046705347));
#10795=CARTESIAN_POINT('Ctrl Pts',(-45.5893610950034,7.,47.0301009185248));
#10796=CARTESIAN_POINT('Ctrl Pts',(-45.6043540686369,7.,47.1971017122269));
#10797=CARTESIAN_POINT('',(-45.6043540686369,8.,47.1971017122269));
#10798=CARTESIAN_POINT('Ctrl Pts',(-43.9000069350004,8.,46.0550731420517));
#10799=CARTESIAN_POINT('Ctrl Pts',(-43.9000069350004,7.,46.0550731420517));
#10800=CARTESIAN_POINT('Ctrl Pts',(-44.1679153186627,8.,46.0574457682462));
#10801=CARTESIAN_POINT('Ctrl Pts',(-44.1679153186627,7.,46.0574457682462));
#10802=CARTESIAN_POINT('Ctrl Pts',(-44.6303294037943,8.,46.0615409583857));
#10803=CARTESIAN_POINT('Ctrl Pts',(-44.6303294037943,7.,46.0615409583857));
#10804=CARTESIAN_POINT('Ctrl Pts',(-45.0384726864825,8.,46.2732619732528));
#10805=CARTESIAN_POINT('Ctrl Pts',(-45.0384726864825,7.,46.2732619732528));
#10806=CARTESIAN_POINT('Ctrl Pts',(-45.2101504057646,8.,46.3623183965683));
#10807=CARTESIAN_POINT('Ctrl Pts',(-45.2101504057646,7.,46.3623183965683));
#10808=CARTESIAN_POINT('',(-43.9000069350004,8.,46.0550731420517));
#10809=CARTESIAN_POINT('Ctrl Pts',(-43.9000069350004,8.,46.0550731420517));
#10810=CARTESIAN_POINT('Ctrl Pts',(-44.1679153186627,8.,46.0574457682462));
#10811=CARTESIAN_POINT('Ctrl Pts',(-44.6303294037943,8.,46.0615409583857));
#10812=CARTESIAN_POINT('Ctrl Pts',(-45.0384726864825,8.,46.2732619732528));
#10813=CARTESIAN_POINT('Ctrl Pts',(-45.2101504057646,8.,46.3623183965683));
#10814=CARTESIAN_POINT('',(-43.9000069350004,7.,46.0550731420517));
#10815=CARTESIAN_POINT('',(-43.9000069350004,8.,46.0550731420517));
#10816=CARTESIAN_POINT('Ctrl Pts',(-43.9000069350004,7.,46.0550731420517));
#10817=CARTESIAN_POINT('Ctrl Pts',(-44.1679153186627,7.,46.0574457682462));
#10818=CARTESIAN_POINT('Ctrl Pts',(-44.6303294037943,7.,46.0615409583857));
#10819=CARTESIAN_POINT('Ctrl Pts',(-45.0384726864825,7.,46.2732619732528));
#10820=CARTESIAN_POINT('Ctrl Pts',(-45.2101504057646,7.,46.3623183965683));
#10821=CARTESIAN_POINT('Origin',(-43.181165382266,8.,46.0550731420517));
#10822=CARTESIAN_POINT('',(-43.181165382266,8.,46.0550731420517));
#10823=CARTESIAN_POINT('',(-21.590582691133,8.,46.0550731420517));
#10824=CARTESIAN_POINT('',(-43.181165382266,7.,46.0550731420517));
#10825=CARTESIAN_POINT('',(-43.181165382266,8.,46.0550731420517));
#10826=CARTESIAN_POINT('',(-43.181165382266,7.,46.0550731420517));
#10827=CARTESIAN_POINT('Origin',(-43.181165382266,8.,47.4057978391647));
#10828=CARTESIAN_POINT('',(-43.181165382266,8.,47.4057978391647));
#10829=CARTESIAN_POINT('',(-43.181165382266,8.,23.7028989195824));
#10830=CARTESIAN_POINT('',(-43.181165382266,7.,47.4057978391647));
#10831=CARTESIAN_POINT('',(-43.181165382266,8.,47.4057978391647));
#10832=CARTESIAN_POINT('',(-43.181165382266,7.,47.4057978391647));
#10833=CARTESIAN_POINT('Ctrl Pts',(-43.7898623198271,8.,47.9913049936295));
#10834=CARTESIAN_POINT('Ctrl Pts',(-43.7898623198271,7.,47.9913049936295));
#10835=CARTESIAN_POINT('Ctrl Pts',(-43.6700299996813,8.,47.9142981770625));
#10836=CARTESIAN_POINT('Ctrl Pts',(-43.6700299996813,7.,47.9142981770625));
#10837=CARTESIAN_POINT('Ctrl Pts',(-43.4286654876458,8.,47.7591921699229));
#10838=CARTESIAN_POINT('Ctrl Pts',(-43.4286654876458,7.,47.7591921699229));
#10839=CARTESIAN_POINT('Ctrl Pts',(-43.2640518620119,8.,47.5241477364052));
#10840=CARTESIAN_POINT('Ctrl Pts',(-43.2640518620119,7.,47.5241477364052));
#10841=CARTESIAN_POINT('Ctrl Pts',(-43.181165382266,8.,47.4057978391647));
#10842=CARTESIAN_POINT('Ctrl Pts',(-43.181165382266,7.,47.4057978391647));
#10843=CARTESIAN_POINT('',(-43.7898623198271,8.,47.9913049936295));
#10844=CARTESIAN_POINT('Ctrl Pts',(-43.7898623198271,8.,47.9913049936295));
#10845=CARTESIAN_POINT('Ctrl Pts',(-43.6700299996813,8.,47.9142981770625));
#10846=CARTESIAN_POINT('Ctrl Pts',(-43.4286654876458,8.,47.7591921699229));
#10847=CARTESIAN_POINT('Ctrl Pts',(-43.2640518620119,8.,47.5241477364052));
#10848=CARTESIAN_POINT('Ctrl Pts',(-43.181165382266,8.,47.4057978391647));
#10849=CARTESIAN_POINT('',(-43.7898623198271,7.,47.9913049936295));
#10850=CARTESIAN_POINT('',(-43.7898623198271,8.,47.9913049936295));
#10851=CARTESIAN_POINT('Ctrl Pts',(-43.7898623198271,7.,47.9913049936295));
#10852=CARTESIAN_POINT('Ctrl Pts',(-43.6700299996813,7.,47.9142981770625));
#10853=CARTESIAN_POINT('Ctrl Pts',(-43.4286654876458,7.,47.7591921699229));
#10854=CARTESIAN_POINT('Ctrl Pts',(-43.2640518620119,7.,47.5241477364052));
#10855=CARTESIAN_POINT('Ctrl Pts',(-43.181165382266,7.,47.4057978391647));
#10856=CARTESIAN_POINT('Ctrl Pts',(-44.5608746260405,8.,48.1999999284744));
#10857=CARTESIAN_POINT('Ctrl Pts',(-44.5608746260405,7.,48.1999999284744));
#10858=CARTESIAN_POINT('Ctrl Pts',(-44.4288069073194,8.,48.1905231945956));
#10859=CARTESIAN_POINT('Ctrl Pts',(-44.4288069073194,7.,48.1905231945956));
#10860=CARTESIAN_POINT('Ctrl Pts',(-44.1583868072211,8.,48.1711187606512));
#10861=CARTESIAN_POINT('Ctrl Pts',(-44.1583868072211,7.,48.1711187606512));
#10862=CARTESIAN_POINT('Ctrl Pts',(-43.9145924392391,8.,48.0521644301113));
#10863=CARTESIAN_POINT('Ctrl Pts',(-43.9145924392391,7.,48.0521644301113));
#10864=CARTESIAN_POINT('Ctrl Pts',(-43.7898623198271,8.,47.9913049936295));
#10865=CARTESIAN_POINT('Ctrl Pts',(-43.7898623198271,7.,47.9913049936295));
#10866=CARTESIAN_POINT('',(-44.5608746260405,8.,48.1999999284744));
#10867=CARTESIAN_POINT('Ctrl Pts',(-44.5608746260405,8.,48.1999999284744));
#10868=CARTESIAN_POINT('Ctrl Pts',(-44.4288069073194,8.,48.1905231945956));
#10869=CARTESIAN_POINT('Ctrl Pts',(-44.1583868072211,8.,48.1711187606512));
#10870=CARTESIAN_POINT('Ctrl Pts',(-43.9145924392391,8.,48.0521644301113));
#10871=CARTESIAN_POINT('Ctrl Pts',(-43.7898623198271,8.,47.9913049936295));
#10872=CARTESIAN_POINT('',(-44.5608746260405,7.,48.1999999284744));
#10873=CARTESIAN_POINT('',(-44.5608746260405,8.,48.1999999284744));
#10874=CARTESIAN_POINT('Ctrl Pts',(-44.5608746260405,7.,48.1999999284744));
#10875=CARTESIAN_POINT('Ctrl Pts',(-44.4288069073194,7.,48.1905231945956));
#10876=CARTESIAN_POINT('Ctrl Pts',(-44.1583868072211,7.,48.1711187606512));
#10877=CARTESIAN_POINT('Ctrl Pts',(-43.9145924392391,7.,48.0521644301113));
#10878=CARTESIAN_POINT('Ctrl Pts',(-43.7898623198271,7.,47.9913049936295));
#10879=CARTESIAN_POINT('Ctrl Pts',(-45.6043540686369,8.,47.1971017122269));
#10880=CARTESIAN_POINT('Ctrl Pts',(-45.6043540686369,7.,47.1971017122269));
#10881=CARTESIAN_POINT('Ctrl Pts',(-45.5581814800487,8.,47.4895929928846));
#10882=CARTESIAN_POINT('Ctrl Pts',(-45.5581814800487,7.,47.4895929928846));
#10883=CARTESIAN_POINT('Ctrl Pts',(-45.4643479249035,8.,48.0840040396172));
#10884=CARTESIAN_POINT('Ctrl Pts',(-45.4643479249035,7.,48.0840040396172));
#10885=CARTESIAN_POINT('Ctrl Pts',(-44.8652002646885,8.,48.1609279127309));
#10886=CARTESIAN_POINT('Ctrl Pts',(-44.8652002646885,7.,48.1609279127309));
#10887=CARTESIAN_POINT('Ctrl Pts',(-44.5608746260405,8.,48.1999999284744));
#10888=CARTESIAN_POINT('Ctrl Pts',(-44.5608746260405,7.,48.1999999284744));
#10889=CARTESIAN_POINT('Ctrl Pts',(-45.6043540686369,8.,47.1971017122269));
#10890=CARTESIAN_POINT('Ctrl Pts',(-45.5581814800487,8.,47.4895929928846));
#10891=CARTESIAN_POINT('Ctrl Pts',(-45.4643479249035,8.,48.0840040396172));
#10892=CARTESIAN_POINT('Ctrl Pts',(-44.8652002646885,8.,48.1609279127309));
#10893=CARTESIAN_POINT('Ctrl Pts',(-44.5608746260405,8.,48.1999999284744));
#10894=CARTESIAN_POINT('Ctrl Pts',(-45.6043540686369,7.,47.1971017122269));
#10895=CARTESIAN_POINT('Ctrl Pts',(-45.5581814800487,7.,47.4895929928846));
#10896=CARTESIAN_POINT('Ctrl Pts',(-45.4643479249035,7.,48.0840040396172));
#10897=CARTESIAN_POINT('Ctrl Pts',(-44.8652002646885,7.,48.1609279127309));
#10898=CARTESIAN_POINT('Ctrl Pts',(-44.5608746260405,7.,48.1999999284744));
#10899=CARTESIAN_POINT('Ctrl Pts',(-42.5144993513823,8.,43.260869383812));
#10900=CARTESIAN_POINT('Ctrl Pts',(-42.5144993513823,7.,43.260869383812));
#10901=CARTESIAN_POINT('Ctrl Pts',(-42.3370675741547,8.,43.466788935461));
#10902=CARTESIAN_POINT('Ctrl Pts',(-42.3370675741547,7.,43.466788935461));
#10903=CARTESIAN_POINT('Ctrl Pts',(-41.9648449133035,8.,43.8987742575592));
#10904=CARTESIAN_POINT('Ctrl Pts',(-41.9648449133035,7.,43.8987742575592));
#10905=CARTESIAN_POINT('Ctrl Pts',(-41.9260857752287,8.,44.4694637134663));
#10906=CARTESIAN_POINT('Ctrl Pts',(-41.9260857752287,7.,44.4694637134663));
#10907=CARTESIAN_POINT('Ctrl Pts',(-41.9058024138212,8.,44.7681158781052));
#10908=CARTESIAN_POINT('Ctrl Pts',(-41.9058024138212,7.,44.7681158781052));
#10909=CARTESIAN_POINT('',(-42.5144993513823,8.,43.260869383812));
#10910=CARTESIAN_POINT('',(-41.9058024138212,8.,44.7681158781052));
#10911=CARTESIAN_POINT('Ctrl Pts',(-42.5144993513823,8.,43.260869383812));
#10912=CARTESIAN_POINT('Ctrl Pts',(-42.3370675741547,8.,43.466788935461));
#10913=CARTESIAN_POINT('Ctrl Pts',(-41.9648449133035,8.,43.8987742575592));
#10914=CARTESIAN_POINT('Ctrl Pts',(-41.9260857752287,8.,44.4694637134663));
#10915=CARTESIAN_POINT('Ctrl Pts',(-41.9058024138212,8.,44.7681158781052));
#10916=CARTESIAN_POINT('',(-42.5144993513823,7.,43.260869383812));
#10917=CARTESIAN_POINT('',(-42.5144993513823,8.,43.260869383812));
#10918=CARTESIAN_POINT('',(-41.9058024138212,7.,44.7681158781052));
#10919=CARTESIAN_POINT('Ctrl Pts',(-42.5144993513823,7.,43.260869383812));
#10920=CARTESIAN_POINT('Ctrl Pts',(-42.3370675741547,7.,43.466788935461));
#10921=CARTESIAN_POINT('Ctrl Pts',(-41.9648449133035,7.,43.8987742575592));
#10922=CARTESIAN_POINT('Ctrl Pts',(-41.9260857752287,7.,44.4694637134663));
#10923=CARTESIAN_POINT('Ctrl Pts',(-41.9058024138212,7.,44.7681158781052));
#10924=CARTESIAN_POINT('',(-41.9058024138212,8.,44.7681158781052));
#10925=CARTESIAN_POINT('Ctrl Pts',(-44.3463837355375,8.,42.7159422636032));
#10926=CARTESIAN_POINT('Ctrl Pts',(-44.3463837355375,7.,42.7159422636032));
#10927=CARTESIAN_POINT('Ctrl Pts',(-43.9777255880805,8.,42.7264858337746));
#10928=CARTESIAN_POINT('Ctrl Pts',(-43.9777255880805,7.,42.7264858337746));
#10929=CARTESIAN_POINT('Ctrl Pts',(-43.3149783553049,8.,42.7454403096295));
#10930=CARTESIAN_POINT('Ctrl Pts',(-43.3149783553049,7.,42.7454403096295));
#10931=CARTESIAN_POINT('Ctrl Pts',(-42.7605311267534,8.,43.1024493258496));
#10932=CARTESIAN_POINT('Ctrl Pts',(-42.7605311267534,7.,43.1024493258496));
#10933=CARTESIAN_POINT('Ctrl Pts',(-42.5144993513823,8.,43.260869383812));
#10934=CARTESIAN_POINT('Ctrl Pts',(-42.5144993513823,7.,43.260869383812));
#10935=CARTESIAN_POINT('',(-44.3463837355375,8.,42.7159422636032));
#10936=CARTESIAN_POINT('Ctrl Pts',(-44.3463837355375,8.,42.7159422636032));
#10937=CARTESIAN_POINT('Ctrl Pts',(-43.9777255880805,8.,42.7264858337746));
#10938=CARTESIAN_POINT('Ctrl Pts',(-43.3149783553049,8.,42.7454403096295));
#10939=CARTESIAN_POINT('Ctrl Pts',(-42.7605311267534,8.,43.1024493258496));
#10940=CARTESIAN_POINT('Ctrl Pts',(-42.5144993513823,8.,43.260869383812));
#10941=CARTESIAN_POINT('',(-44.3463837355375,7.,42.7159422636032));
#10942=CARTESIAN_POINT('',(-44.3463837355375,8.,42.7159422636032));
#10943=CARTESIAN_POINT('Ctrl Pts',(-44.3463837355375,7.,42.7159422636032));
#10944=CARTESIAN_POINT('Ctrl Pts',(-43.9777255880805,7.,42.7264858337746));
#10945=CARTESIAN_POINT('Ctrl Pts',(-43.3149783553049,7.,42.7454403096295));
#10946=CARTESIAN_POINT('Ctrl Pts',(-42.7605311267534,7.,43.1024493258496));
#10947=CARTESIAN_POINT('Ctrl Pts',(-42.5144993513823,7.,43.260869383812));
#10948=CARTESIAN_POINT('Ctrl Pts',(-45.3666722029448,8.,42.8202897310257));
#10949=CARTESIAN_POINT('Ctrl Pts',(-45.3666722029448,7.,42.8202897310257));
#10950=CARTESIAN_POINT('Ctrl Pts',(-45.1902947196113,8.,42.7898734849837));
#10951=CARTESIAN_POINT('Ctrl Pts',(-45.1902947196113,7.,42.7898734849837));
#10952=CARTESIAN_POINT('Ctrl Pts',(-44.8525488893276,8.,42.7316293141326));
#10953=CARTESIAN_POINT('Ctrl Pts',(-44.8525488893276,7.,42.7316293141326));
#10954=CARTESIAN_POINT('Ctrl Pts',(-44.5100317300777,8.,42.7210140358107));
#10955=CARTESIAN_POINT('Ctrl Pts',(-44.5100317300777,7.,42.7210140358107));
#10956=CARTESIAN_POINT('Ctrl Pts',(-44.3463837355375,8.,42.7159422636032));
#10957=CARTESIAN_POINT('Ctrl Pts',(-44.3463837355375,7.,42.7159422636032));
#10958=CARTESIAN_POINT('',(-45.3666722029448,8.,42.8202897310257));
#10959=CARTESIAN_POINT('Ctrl Pts',(-45.3666722029448,8.,42.8202897310257));
#10960=CARTESIAN_POINT('Ctrl Pts',(-45.1902947196113,8.,42.7898734849837));
#10961=CARTESIAN_POINT('Ctrl Pts',(-44.8525488893276,8.,42.7316293141326));
#10962=CARTESIAN_POINT('Ctrl Pts',(-44.5100317300777,8.,42.7210140358107));
#10963=CARTESIAN_POINT('Ctrl Pts',(-44.3463837355375,8.,42.7159422636032));
#10964=CARTESIAN_POINT('',(-45.3666722029448,7.,42.8202897310257));
#10965=CARTESIAN_POINT('',(-45.3666722029448,8.,42.8202897310257));
#10966=CARTESIAN_POINT('Ctrl Pts',(-45.3666722029448,7.,42.8202897310257));
#10967=CARTESIAN_POINT('Ctrl Pts',(-45.1902947196113,7.,42.7898734849837));
#10968=CARTESIAN_POINT('Ctrl Pts',(-44.8525488893276,7.,42.7316293141326));
#10969=CARTESIAN_POINT('Ctrl Pts',(-44.5100317300777,7.,42.7210140358107));
#10970=CARTESIAN_POINT('Ctrl Pts',(-44.3463837355375,7.,42.7159422636032));
#10971=CARTESIAN_POINT('Ctrl Pts',(-46.4913117140532,8.,43.133333325386));
#10972=CARTESIAN_POINT('Ctrl Pts',(-46.4913117140532,7.,43.133333325386));
#10973=CARTESIAN_POINT('Ctrl Pts',(-46.3031679907598,8.,43.0670649563317));
#10974=CARTESIAN_POINT('Ctrl Pts',(-46.3031679907598,7.,43.0670649563317));
#10975=CARTESIAN_POINT('Ctrl Pts',(-45.9352827193749,8.,42.9374876496481));
#10976=CARTESIAN_POINT('Ctrl Pts',(-45.9352827193749,7.,42.9374876496481));
#10977=CARTESIAN_POINT('Ctrl Pts',(-45.5533009998726,8.,42.8587563191786));
#10978=CARTESIAN_POINT('Ctrl Pts',(-45.5533009998726,7.,42.8587563191786));
#10979=CARTESIAN_POINT('Ctrl Pts',(-45.3666722029448,8.,42.8202897310257));
#10980=CARTESIAN_POINT('Ctrl Pts',(-45.3666722029448,7.,42.8202897310257));
#10981=CARTESIAN_POINT('',(-46.4913117140532,8.,43.133333325386));
#10982=CARTESIAN_POINT('Ctrl Pts',(-46.4913117140532,8.,43.133333325386));
#10983=CARTESIAN_POINT('Ctrl Pts',(-46.3031679907598,8.,43.0670649563317));
#10984=CARTESIAN_POINT('Ctrl Pts',(-45.9352827193749,8.,42.9374876496481));
#10985=CARTESIAN_POINT('Ctrl Pts',(-45.5533009998726,8.,42.8587563191786));
#10986=CARTESIAN_POINT('Ctrl Pts',(-45.3666722029448,8.,42.8202897310257));
#10987=CARTESIAN_POINT('',(-46.4913117140532,7.,43.133333325386));
#10988=CARTESIAN_POINT('',(-46.4913117140532,8.,43.133333325386));
#10989=CARTESIAN_POINT('Ctrl Pts',(-46.4913117140532,7.,43.133333325386));
#10990=CARTESIAN_POINT('Ctrl Pts',(-46.3031679907598,7.,43.0670649563317));
#10991=CARTESIAN_POINT('Ctrl Pts',(-45.9352827193749,7.,42.9374876496481));
#10992=CARTESIAN_POINT('Ctrl Pts',(-45.5533009998726,7.,42.8587563191786));
#10993=CARTESIAN_POINT('Ctrl Pts',(-45.3666722029448,7.,42.8202897310257));
#10994=CARTESIAN_POINT('Origin',(-46.1724697798491,8.,44.0492755174637));
#10995=CARTESIAN_POINT('',(-46.1724697798491,8.,44.0492755174637));
#10996=CARTESIAN_POINT('',(-50.515545457849,8.,31.5728543503536));
#10997=CARTESIAN_POINT('',(-46.1724697798491,7.,44.0492755174637));
#10998=CARTESIAN_POINT('',(-46.1724697798491,8.,44.0492755174637));
#10999=CARTESIAN_POINT('',(-46.1724697798491,7.,44.0492755174637));
#11000=CARTESIAN_POINT('Ctrl Pts',(-45.2739178389311,8.,43.8115948438644));
#11001=CARTESIAN_POINT('Ctrl Pts',(-45.2739178389311,7.,43.8115948438644));
#11002=CARTESIAN_POINT('Ctrl Pts',(-45.4210262695882,8.,43.8411821833387));
#11003=CARTESIAN_POINT('Ctrl Pts',(-45.4210262695882,7.,43.8411821833387));
#11004=CARTESIAN_POINT('Ctrl Pts',(-45.7252880320053,8.,43.902377153698));
#11005=CARTESIAN_POINT('Ctrl Pts',(-45.7252880320053,7.,43.902377153698));
#11006=CARTESIAN_POINT('Ctrl Pts',(-46.0201641824319,8.,43.9992434149443));
#11007=CARTESIAN_POINT('Ctrl Pts',(-46.0201641824319,7.,43.9992434149443));
#11008=CARTESIAN_POINT('Ctrl Pts',(-46.1724697798491,8.,44.0492755174637));
#11009=CARTESIAN_POINT('Ctrl Pts',(-46.1724697798491,7.,44.0492755174637));
#11010=CARTESIAN_POINT('',(-45.2739178389311,8.,43.8115948438644));
#11011=CARTESIAN_POINT('Ctrl Pts',(-45.2739178389311,8.,43.8115948438644));
#11012=CARTESIAN_POINT('Ctrl Pts',(-45.4210262695882,8.,43.8411821833387));
#11013=CARTESIAN_POINT('Ctrl Pts',(-45.7252880320053,8.,43.902377153698));
#11014=CARTESIAN_POINT('Ctrl Pts',(-46.0201641824319,8.,43.9992434149443));
#11015=CARTESIAN_POINT('Ctrl Pts',(-46.1724697798491,8.,44.0492755174637));
#11016=CARTESIAN_POINT('',(-45.2739178389311,7.,43.8115948438644));
#11017=CARTESIAN_POINT('',(-45.2739178389311,8.,43.8115948438644));
#11018=CARTESIAN_POINT('Ctrl Pts',(-45.2739178389311,7.,43.8115948438644));
#11019=CARTESIAN_POINT('Ctrl Pts',(-45.4210262695882,7.,43.8411821833387));
#11020=CARTESIAN_POINT('Ctrl Pts',(-45.7252880320053,7.,43.902377153698));
#11021=CARTESIAN_POINT('Ctrl Pts',(-46.0201641824319,7.,43.9992434149443));
#11022=CARTESIAN_POINT('Ctrl Pts',(-46.1724697798491,7.,44.0492755174637));
#11023=CARTESIAN_POINT('Ctrl Pts',(-44.5434843748808,8.,43.7304347753525));
#11024=CARTESIAN_POINT('Ctrl Pts',(-44.5434843748808,7.,43.7304347753525));
#11025=CARTESIAN_POINT('Ctrl Pts',(-44.6548404028928,8.,43.7349048206483));
#11026=CARTESIAN_POINT('Ctrl Pts',(-44.6548404028928,7.,43.7349048206483));
#11027=CARTESIAN_POINT('Ctrl Pts',(-44.9001567157369,8.,43.744752289616));
#11028=CARTESIAN_POINT('Ctrl Pts',(-44.9001567157369,7.,43.744752289616));
#11029=CARTESIAN_POINT('Ctrl Pts',(-45.1419056166399,8.,43.7879860906197));
#11030=CARTESIAN_POINT('Ctrl Pts',(-45.1419056166399,7.,43.7879860906197));
#11031=CARTESIAN_POINT('Ctrl Pts',(-45.2739178389311,8.,43.8115948438644));
#11032=CARTESIAN_POINT('Ctrl Pts',(-45.2739178389311,7.,43.8115948438644));
#11033=CARTESIAN_POINT('',(-44.5434843748808,8.,43.7304347753525));
#11034=CARTESIAN_POINT('Ctrl Pts',(-44.5434843748808,8.,43.7304347753525));
#11035=CARTESIAN_POINT('Ctrl Pts',(-44.6548404028928,8.,43.7349048206483));
#11036=CARTESIAN_POINT('Ctrl Pts',(-44.9001567157369,8.,43.744752289616));
#11037=CARTESIAN_POINT('Ctrl Pts',(-45.1419056166399,8.,43.7879860906197));
#11038=CARTESIAN_POINT('Ctrl Pts',(-45.2739178389311,8.,43.8115948438644));
#11039=CARTESIAN_POINT('',(-44.5434843748808,7.,43.7304347753525));
#11040=CARTESIAN_POINT('',(-44.5434843748808,8.,43.7304347753525));
#11041=CARTESIAN_POINT('Ctrl Pts',(-44.5434843748808,7.,43.7304347753525));
#11042=CARTESIAN_POINT('Ctrl Pts',(-44.6548404028928,7.,43.7349048206483));
#11043=CARTESIAN_POINT('Ctrl Pts',(-44.9001567157369,7.,43.744752289616));
#11044=CARTESIAN_POINT('Ctrl Pts',(-45.1419056166399,7.,43.7879860906197));
#11045=CARTESIAN_POINT('Ctrl Pts',(-45.2739178389311,7.,43.8115948438644));
#11046=CARTESIAN_POINT('Ctrl Pts',(-43.5405861586332,8.,43.991305232048));
#11047=CARTESIAN_POINT('Ctrl Pts',(-43.5405861586332,7.,43.991305232048));
#11048=CARTESIAN_POINT('Ctrl Pts',(-43.6811093947489,8.,43.9154098260266));
#11049=CARTESIAN_POINT('Ctrl Pts',(-43.6811093947489,7.,43.9154098260266));
#11050=CARTESIAN_POINT('Ctrl Pts',(-43.9928714778813,8.,43.7470297734783));
#11051=CARTESIAN_POINT('Ctrl Pts',(-43.9928714778813,7.,43.7470297734783));
#11052=CARTESIAN_POINT('Ctrl Pts',(-44.3482749834504,8.,43.7363182181534));
#11053=CARTESIAN_POINT('Ctrl Pts',(-44.3482749834504,7.,43.7363182181534));
#11054=CARTESIAN_POINT('Ctrl Pts',(-44.5434843748808,8.,43.7304347753525));
#11055=CARTESIAN_POINT('Ctrl Pts',(-44.5434843748808,7.,43.7304347753525));
#11056=CARTESIAN_POINT('',(-43.5405861586332,8.,43.991305232048));
#11057=CARTESIAN_POINT('Ctrl Pts',(-43.5405861586332,8.,43.991305232048));
#11058=CARTESIAN_POINT('Ctrl Pts',(-43.6811093947489,8.,43.9154098260266));
#11059=CARTESIAN_POINT('Ctrl Pts',(-43.9928714778813,8.,43.7470297734783));
#11060=CARTESIAN_POINT('Ctrl Pts',(-44.3482749834504,8.,43.7363182181534));
#11061=CARTESIAN_POINT('Ctrl Pts',(-44.5434843748808,8.,43.7304347753525));
#11062=CARTESIAN_POINT('',(-43.5405861586332,7.,43.991305232048));
#11063=CARTESIAN_POINT('',(-43.5405861586332,8.,43.991305232048));
#11064=CARTESIAN_POINT('Ctrl Pts',(-43.5405861586332,7.,43.991305232048));
#11065=CARTESIAN_POINT('Ctrl Pts',(-43.6811093947489,7.,43.9154098260266));
#11066=CARTESIAN_POINT('Ctrl Pts',(-43.9928714778813,7.,43.7470297734783));
#11067=CARTESIAN_POINT('Ctrl Pts',(-44.3482749834504,7.,43.7363182181534));
#11068=CARTESIAN_POINT('Ctrl Pts',(-44.5434843748808,7.,43.7304347753525));
#11069=CARTESIAN_POINT('Ctrl Pts',(-43.181165382266,8.,44.8434787988663));
#11070=CARTESIAN_POINT('Ctrl Pts',(-43.181165382266,7.,44.8434787988663));
#11071=CARTESIAN_POINT('Ctrl Pts',(-43.1900129007918,8.,44.6634795491285));
#11072=CARTESIAN_POINT('Ctrl Pts',(-43.1900129007918,7.,44.6634795491285));
#11073=CARTESIAN_POINT('Ctrl Pts',(-43.2062588044708,8.,44.3329630924477));
#11074=CARTESIAN_POINT('Ctrl Pts',(-43.2062588044708,7.,44.3329630924477));
#11075=CARTESIAN_POINT('Ctrl Pts',(-43.4359738968342,8.,44.0982112362767));
#11076=CARTESIAN_POINT('Ctrl Pts',(-43.4359738968342,7.,44.0982112362767));
#11077=CARTESIAN_POINT('Ctrl Pts',(-43.5405861586332,8.,43.991305232048));
#11078=CARTESIAN_POINT('Ctrl Pts',(-43.5405861586332,7.,43.991305232048));
#11079=CARTESIAN_POINT('',(-43.181165382266,8.,44.8434787988663));
#11080=CARTESIAN_POINT('Ctrl Pts',(-43.181165382266,8.,44.8434787988663));
#11081=CARTESIAN_POINT('Ctrl Pts',(-43.1900129007918,8.,44.6634795491285));
#11082=CARTESIAN_POINT('Ctrl Pts',(-43.2062588044708,8.,44.3329630924477));
#11083=CARTESIAN_POINT('Ctrl Pts',(-43.4359738968342,8.,44.0982112362767));
#11084=CARTESIAN_POINT('Ctrl Pts',(-43.5405861586332,8.,43.991305232048));
#11085=CARTESIAN_POINT('',(-43.181165382266,7.,44.8434787988663));
#11086=CARTESIAN_POINT('',(-43.181165382266,8.,44.8434787988663));
#11087=CARTESIAN_POINT('Ctrl Pts',(-43.181165382266,7.,44.8434787988663));
#11088=CARTESIAN_POINT('Ctrl Pts',(-43.1900129007918,7.,44.6634795491285));
#11089=CARTESIAN_POINT('Ctrl Pts',(-43.2062588044708,7.,44.3329630924477));
#11090=CARTESIAN_POINT('Ctrl Pts',(-43.4359738968342,7.,44.0982112362767));
#11091=CARTESIAN_POINT('Ctrl Pts',(-43.5405861586332,7.,43.991305232048));
#11092=CARTESIAN_POINT('Origin',(-43.181165382266,8.,45.2434784173965));
#11093=CARTESIAN_POINT('',(-43.181165382266,8.,45.2434784173965));
#11094=CARTESIAN_POINT('',(-43.181165382266,8.,22.6217392086983));
#11095=CARTESIAN_POINT('',(-43.181165382266,7.,45.2434784173965));
#11096=CARTESIAN_POINT('',(-43.181165382266,8.,45.2434784173965));
#11097=CARTESIAN_POINT('',(-43.181165382266,7.,45.2434784173965));
#11098=CARTESIAN_POINT('Origin',(-44.0565287321806,8.,45.2434784173965));
#11099=CARTESIAN_POINT('',(-44.0565287321806,8.,45.2434784173965));
#11100=CARTESIAN_POINT('',(-22.0282643660903,8.,45.2434784173965));
#11101=CARTESIAN_POINT('',(-44.0565287321806,7.,45.2434784173965));
#11102=CARTESIAN_POINT('',(-44.0565287321806,8.,45.2434784173965));
#11103=CARTESIAN_POINT('',(-44.0565287321806,7.,45.2434784173965));
#11104=CARTESIAN_POINT('Ctrl Pts',(-46.2130486220121,8.,45.7652181386948));
#11105=CARTESIAN_POINT('Ctrl Pts',(-46.2130486220121,7.,45.7652181386948));
#11106=CARTESIAN_POINT('Ctrl Pts',(-45.9132564263979,8.,45.6135351107897));
#11107=CARTESIAN_POINT('Ctrl Pts',(-45.9132564263979,7.,45.6135351107897));
#11108=CARTESIAN_POINT('Ctrl Pts',(-45.2380069035432,8.,45.2718854824257));
#11109=CARTESIAN_POINT('Ctrl Pts',(-45.2380069035432,7.,45.2718854824257));
#11110=CARTESIAN_POINT('Ctrl Pts',(-44.4787156022601,8.,45.253629336951));
#11111=CARTESIAN_POINT('Ctrl Pts',(-44.4787156022601,7.,45.253629336951));
#11112=CARTESIAN_POINT('Ctrl Pts',(-44.0565287321806,8.,45.2434784173965));
#11113=CARTESIAN_POINT('Ctrl Pts',(-44.0565287321806,7.,45.2434784173965));
#11114=CARTESIAN_POINT('',(-46.2130486220121,8.,45.7652181386948));
#11115=CARTESIAN_POINT('Ctrl Pts',(-46.2130486220121,8.,45.7652181386948));
#11116=CARTESIAN_POINT('Ctrl Pts',(-45.9132564263979,8.,45.6135351107897));
#11117=CARTESIAN_POINT('Ctrl Pts',(-45.2380069035432,8.,45.2718854824257));
#11118=CARTESIAN_POINT('Ctrl Pts',(-44.4787156022601,8.,45.253629336951));
#11119=CARTESIAN_POINT('Ctrl Pts',(-44.0565287321806,8.,45.2434784173965));
#11120=CARTESIAN_POINT('',(-46.2130486220121,7.,45.7652181386948));
#11121=CARTESIAN_POINT('',(-46.2130486220121,8.,45.7652181386948));
#11122=CARTESIAN_POINT('Ctrl Pts',(-46.2130486220121,7.,45.7652181386948));
#11123=CARTESIAN_POINT('Ctrl Pts',(-45.9132564263979,7.,45.6135351107897));
#11124=CARTESIAN_POINT('Ctrl Pts',(-45.2380069035432,7.,45.2718854824257));
#11125=CARTESIAN_POINT('Ctrl Pts',(-44.4787156022601,7.,45.253629336951));
#11126=CARTESIAN_POINT('Ctrl Pts',(-44.0565287321806,7.,45.2434784173965));
#11127=CARTESIAN_POINT('Ctrl Pts',(-46.9666730612516,8.,47.2550731897354));
#11128=CARTESIAN_POINT('Ctrl Pts',(-46.9666730612516,7.,47.2550731897354));
#11129=CARTESIAN_POINT('Ctrl Pts',(-46.9373702544053,8.,46.9524407935466));
#11130=CARTESIAN_POINT('Ctrl Pts',(-46.9373702544053,7.,46.9524407935466));
#11131=CARTESIAN_POINT('Ctrl Pts',(-46.8797044519337,8.,46.3568821471794));
#11132=CARTESIAN_POINT('Ctrl Pts',(-46.8797044519337,7.,46.3568821471794));
#11133=CARTESIAN_POINT('Ctrl Pts',(-46.4328396316036,8.,45.9602849541744));
#11134=CARTESIAN_POINT('Ctrl Pts',(-46.4328396316036,7.,45.9602849541744));
#11135=CARTESIAN_POINT('Ctrl Pts',(-46.2130486220121,8.,45.7652181386948));
#11136=CARTESIAN_POINT('Ctrl Pts',(-46.2130486220121,7.,45.7652181386948));
#11137=CARTESIAN_POINT('',(-46.9666730612516,8.,47.2550731897354));
#11138=CARTESIAN_POINT('Ctrl Pts',(-46.9666730612516,8.,47.2550731897354));
#11139=CARTESIAN_POINT('Ctrl Pts',(-46.9373702544053,8.,46.9524407935466));
#11140=CARTESIAN_POINT('Ctrl Pts',(-46.8797044519337,8.,46.3568821471794));
#11141=CARTESIAN_POINT('Ctrl Pts',(-46.4328396316036,8.,45.9602849541744));
#11142=CARTESIAN_POINT('Ctrl Pts',(-46.2130486220121,8.,45.7652181386948));
#11143=CARTESIAN_POINT('',(-46.9666730612516,7.,47.2550731897354));
#11144=CARTESIAN_POINT('',(-46.9666730612516,8.,47.2550731897354));
#11145=CARTESIAN_POINT('Ctrl Pts',(-46.9666730612516,7.,47.2550731897354));
#11146=CARTESIAN_POINT('Ctrl Pts',(-46.9373702544053,7.,46.9524407935466));
#11147=CARTESIAN_POINT('Ctrl Pts',(-46.8797044519337,7.,46.3568821471794));
#11148=CARTESIAN_POINT('Ctrl Pts',(-46.4328396316036,7.,45.9602849541744));
#11149=CARTESIAN_POINT('Ctrl Pts',(-46.2130486220121,7.,45.7652181386948));
#11150=CARTESIAN_POINT('Ctrl Pts',(-46.4275418967009,8.,48.6347824335098));
#11151=CARTESIAN_POINT('Ctrl Pts',(-46.4275418967009,7.,48.6347824335098));
#11152=CARTESIAN_POINT('Ctrl Pts',(-46.5847373140164,8.,48.4408281613823));
#11153=CARTESIAN_POINT('Ctrl Pts',(-46.5847373140164,7.,48.4408281613823));
#11154=CARTESIAN_POINT('Ctrl Pts',(-46.9103026294035,8.,48.0391320759991));
#11155=CARTESIAN_POINT('Ctrl Pts',(-46.9103026294035,7.,48.0391320759991));
#11156=CARTESIAN_POINT('Ctrl Pts',(-46.94745782086,8.,47.5223388374666));
#11157=CARTESIAN_POINT('Ctrl Pts',(-46.94745782086,7.,47.5223388374666));
#11158=CARTESIAN_POINT('Ctrl Pts',(-46.9666730612516,8.,47.2550731897354));
#11159=CARTESIAN_POINT('Ctrl Pts',(-46.9666730612516,7.,47.2550731897354));
#11160=CARTESIAN_POINT('',(-46.4275418967009,8.,48.6347824335098));
#11161=CARTESIAN_POINT('Ctrl Pts',(-46.4275418967009,8.,48.6347824335098));
#11162=CARTESIAN_POINT('Ctrl Pts',(-46.5847373140164,8.,48.4408281613823));
#11163=CARTESIAN_POINT('Ctrl Pts',(-46.9103026294035,8.,48.0391320759991));
#11164=CARTESIAN_POINT('Ctrl Pts',(-46.94745782086,8.,47.5223388374666));
#11165=CARTESIAN_POINT('Ctrl Pts',(-46.9666730612516,8.,47.2550731897354));
#11166=CARTESIAN_POINT('',(-46.4275418967009,7.,48.6347824335098));
#11167=CARTESIAN_POINT('',(-46.4275418967009,8.,48.6347824335098));
#11168=CARTESIAN_POINT('Ctrl Pts',(-46.4275418967009,7.,48.6347824335098));
#11169=CARTESIAN_POINT('Ctrl Pts',(-46.5847373140164,7.,48.4408281613823));
#11170=CARTESIAN_POINT('Ctrl Pts',(-46.9103026294035,7.,48.0391320759991));
#11171=CARTESIAN_POINT('Ctrl Pts',(-46.94745782086,7.,47.5223388374666));
#11172=CARTESIAN_POINT('Ctrl Pts',(-46.9666730612516,7.,47.2550731897354));
#11173=CARTESIAN_POINT('Ctrl Pts',(-44.9550782889128,8.,49.156522154808));
#11174=CARTESIAN_POINT('Ctrl Pts',(-44.9550782889128,7.,49.156522154808));
#11175=CARTESIAN_POINT('Ctrl Pts',(-45.2434729355503,8.,49.1405755050558));
#11176=CARTESIAN_POINT('Ctrl Pts',(-45.2434729355503,7.,49.1405755050558));
#11177=CARTESIAN_POINT('Ctrl Pts',(-45.7872411639256,8.,49.1105080901944));
#11178=CARTESIAN_POINT('Ctrl Pts',(-45.7872411639256,7.,49.1105080901944));
#11179=CARTESIAN_POINT('Ctrl Pts',(-46.2229275348331,8.,48.7868052201225));
#11180=CARTESIAN_POINT('Ctrl Pts',(-46.2229275348331,7.,48.7868052201225));
#11181=CARTESIAN_POINT('Ctrl Pts',(-46.4275418967009,8.,48.6347824335098));
#11182=CARTESIAN_POINT('Ctrl Pts',(-46.4275418967009,7.,48.6347824335098));
#11183=CARTESIAN_POINT('',(-44.9550782889128,8.,49.156522154808));
#11184=CARTESIAN_POINT('Ctrl Pts',(-44.9550782889128,8.,49.156522154808));
#11185=CARTESIAN_POINT('Ctrl Pts',(-45.2434729355503,8.,49.1405755050558));
#11186=CARTESIAN_POINT('Ctrl Pts',(-45.7872411639256,8.,49.1105080901944));
#11187=CARTESIAN_POINT('Ctrl Pts',(-46.2229275348331,8.,48.7868052201225));
#11188=CARTESIAN_POINT('Ctrl Pts',(-46.4275418967009,8.,48.6347824335098));
#11189=CARTESIAN_POINT('',(-44.9550782889128,7.,49.156522154808));
#11190=CARTESIAN_POINT('',(-44.9550782889128,8.,49.156522154808));
#11191=CARTESIAN_POINT('Ctrl Pts',(-44.9550782889128,7.,49.156522154808));
#11192=CARTESIAN_POINT('Ctrl Pts',(-45.2434729355503,7.,49.1405755050558));
#11193=CARTESIAN_POINT('Ctrl Pts',(-45.7872411639256,7.,49.1105080901944));
#11194=CARTESIAN_POINT('Ctrl Pts',(-46.2229275348331,7.,48.7868052201225));
#11195=CARTESIAN_POINT('Ctrl Pts',(-46.4275418967009,7.,48.6347824335098));
#11196=CARTESIAN_POINT('Ctrl Pts',(-43.8536297529936,8.,48.9478260278702));
#11197=CARTESIAN_POINT('Ctrl Pts',(-43.8536297529936,7.,48.9478260278702));
#11198=CARTESIAN_POINT('Ctrl Pts',(-44.0297489011806,8.,49.0086926675269));
#11199=CARTESIAN_POINT('Ctrl Pts',(-44.0297489011806,7.,49.0086926675269));
#11200=CARTESIAN_POINT('Ctrl Pts',(-44.3866387250653,8.,49.1320335111046));
#11201=CARTESIAN_POINT('Ctrl Pts',(-44.3866387250653,7.,49.1320335111046));
#11202=CARTESIAN_POINT('Ctrl Pts',(-44.7639591642424,8.,49.1482886530488));
#11203=CARTESIAN_POINT('Ctrl Pts',(-44.7639591642424,7.,49.1482886530488));
#11204=CARTESIAN_POINT('Ctrl Pts',(-44.9550782889128,8.,49.156522154808));
#11205=CARTESIAN_POINT('Ctrl Pts',(-44.9550782889128,7.,49.156522154808));
#11206=CARTESIAN_POINT('',(-43.8536297529936,8.,48.9478260278702));
#11207=CARTESIAN_POINT('Ctrl Pts',(-43.8536297529936,8.,48.9478260278702));
#11208=CARTESIAN_POINT('Ctrl Pts',(-44.0297489011806,8.,49.0086926675269));
#11209=CARTESIAN_POINT('Ctrl Pts',(-44.3866387250653,8.,49.1320335111046));
#11210=CARTESIAN_POINT('Ctrl Pts',(-44.7639591642424,8.,49.1482886530488));
#11211=CARTESIAN_POINT('Ctrl Pts',(-44.9550782889128,8.,49.156522154808));
#11212=CARTESIAN_POINT('',(-43.8536297529936,7.,48.9478260278702));
#11213=CARTESIAN_POINT('',(-43.8536297529936,8.,48.9478260278702));
#11214=CARTESIAN_POINT('Ctrl Pts',(-43.8536297529936,7.,48.9478260278702));
#11215=CARTESIAN_POINT('Ctrl Pts',(-44.0297489011806,7.,49.0086926675269));
#11216=CARTESIAN_POINT('Ctrl Pts',(-44.3866387250653,7.,49.1320335111046));
#11217=CARTESIAN_POINT('Ctrl Pts',(-44.7639591642424,7.,49.1482886530488));
#11218=CARTESIAN_POINT('Ctrl Pts',(-44.9550782889128,7.,49.156522154808));
#11219=CARTESIAN_POINT('Ctrl Pts',(-43.0014549940825,8.,48.3043485879898));
#11220=CARTESIAN_POINT('Ctrl Pts',(-43.0014549940825,7.,48.3043485879898));
#11221=CARTESIAN_POINT('Ctrl Pts',(-43.1215743821765,8.,48.4386355112084));
#11222=CARTESIAN_POINT('Ctrl Pts',(-43.1215743821765,7.,48.4386355112084));
#11223=CARTESIAN_POINT('Ctrl Pts',(-43.3633898923908,8.,48.7089720602741));
#11224=CARTESIAN_POINT('Ctrl Pts',(-43.3633898923908,7.,48.7089720602741));
#11225=CARTESIAN_POINT('Ctrl Pts',(-43.6895076599508,8.,48.867862695135));
#11226=CARTESIAN_POINT('Ctrl Pts',(-43.6895076599508,7.,48.867862695135));
#11227=CARTESIAN_POINT('Ctrl Pts',(-43.8536297529936,8.,48.9478260278702));
#11228=CARTESIAN_POINT('Ctrl Pts',(-43.8536297529936,7.,48.9478260278702));
#11229=CARTESIAN_POINT('',(-43.0014549940825,8.,48.3043485879898));
#11230=CARTESIAN_POINT('Ctrl Pts',(-43.0014549940825,8.,48.3043485879898));
#11231=CARTESIAN_POINT('Ctrl Pts',(-43.1215743821765,8.,48.4386355112084));
#11232=CARTESIAN_POINT('Ctrl Pts',(-43.3633898923908,8.,48.7089720602741));
#11233=CARTESIAN_POINT('Ctrl Pts',(-43.6895076599508,8.,48.867862695135));
#11234=CARTESIAN_POINT('Ctrl Pts',(-43.8536297529936,8.,48.9478260278702));
#11235=CARTESIAN_POINT('',(-43.0014549940825,7.,48.3043485879898));
#11236=CARTESIAN_POINT('',(-43.0014549940825,8.,48.3043485879898));
#11237=CARTESIAN_POINT('Ctrl Pts',(-43.0014549940825,7.,48.3043485879898));
#11238=CARTESIAN_POINT('Ctrl Pts',(-43.1215743821765,7.,48.4386355112084));
#11239=CARTESIAN_POINT('Ctrl Pts',(-43.3633898923908,7.,48.7089720602741));
#11240=CARTESIAN_POINT('Ctrl Pts',(-43.6895076599508,7.,48.867862695135));
#11241=CARTESIAN_POINT('Ctrl Pts',(-43.8536297529936,7.,48.9478260278702));
#11242=CARTESIAN_POINT('Ctrl Pts',(-42.5144993513823,8.,48.9014500379562));
#11243=CARTESIAN_POINT('Ctrl Pts',(-42.5144993513823,7.,48.9014500379562));
#11244=CARTESIAN_POINT('Ctrl Pts',(-42.6168041790194,8.,48.8251275774072));
#11245=CARTESIAN_POINT('Ctrl Pts',(-42.6168041790194,7.,48.8251275774072));
#11246=CARTESIAN_POINT('Ctrl Pts',(-42.8287310025825,8.,48.6670238299668));
#11247=CARTESIAN_POINT('Ctrl Pts',(-42.8287310025825,7.,48.6670238299668));
#11248=CARTESIAN_POINT('Ctrl Pts',(-42.9425701605987,8.,48.427991349178));
#11249=CARTESIAN_POINT('Ctrl Pts',(-42.9425701605987,7.,48.427991349178));
#11250=CARTESIAN_POINT('Ctrl Pts',(-43.0014549940825,8.,48.3043485879898));
#11251=CARTESIAN_POINT('Ctrl Pts',(-43.0014549940825,7.,48.3043485879898));
#11252=CARTESIAN_POINT('',(-42.5144993513823,8.,48.9014500379562));
#11253=CARTESIAN_POINT('Ctrl Pts',(-42.5144993513823,8.,48.9014500379562));
#11254=CARTESIAN_POINT('Ctrl Pts',(-42.6168041790194,8.,48.8251275774072));
#11255=CARTESIAN_POINT('Ctrl Pts',(-42.8287310025825,8.,48.6670238299668));
#11256=CARTESIAN_POINT('Ctrl Pts',(-42.9425701605987,8.,48.427991349178));
#11257=CARTESIAN_POINT('Ctrl Pts',(-43.0014549940825,8.,48.3043485879898));
#11258=CARTESIAN_POINT('',(-42.5144993513823,7.,48.9014500379562));
#11259=CARTESIAN_POINT('',(-42.5144993513823,8.,48.9014500379562));
#11260=CARTESIAN_POINT('Ctrl Pts',(-42.5144993513823,7.,48.9014500379562));
#11261=CARTESIAN_POINT('Ctrl Pts',(-42.6168041790194,7.,48.8251275774072));
#11262=CARTESIAN_POINT('Ctrl Pts',(-42.8287310025825,7.,48.6670238299668));
#11263=CARTESIAN_POINT('Ctrl Pts',(-42.9425701605987,7.,48.427991349178));
#11264=CARTESIAN_POINT('Ctrl Pts',(-43.0014549940825,7.,48.3043485879898));
#11265=CARTESIAN_POINT('Ctrl Pts',(-41.7318903654814,8.,49.1507250070572));
#11266=CARTESIAN_POINT('Ctrl Pts',(-41.7318903654814,7.,49.1507250070572));
#11267=CARTESIAN_POINT('Ctrl Pts',(-41.8749189501462,8.,49.1288236752109));
#11268=CARTESIAN_POINT('Ctrl Pts',(-41.8749189501462,7.,49.1288236752109));
#11269=CARTESIAN_POINT('Ctrl Pts',(-42.1490922985561,8.,49.0868407282286));
#11270=CARTESIAN_POINT('Ctrl Pts',(-42.1490922985561,7.,49.0868407282286));
#11271=CARTESIAN_POINT('Ctrl Pts',(-42.3962682134771,8.,48.9614350658817));
#11272=CARTESIAN_POINT('Ctrl Pts',(-42.3962682134771,7.,48.9614350658817));
#11273=CARTESIAN_POINT('Ctrl Pts',(-42.5144993513823,8.,48.9014500379562));
#11274=CARTESIAN_POINT('Ctrl Pts',(-42.5144993513823,7.,48.9014500379562));
#11275=CARTESIAN_POINT('',(-41.7318903654814,8.,49.1507250070572));
#11276=CARTESIAN_POINT('Ctrl Pts',(-41.7318903654814,8.,49.1507250070572));
#11277=CARTESIAN_POINT('Ctrl Pts',(-41.8749189501462,8.,49.1288236752109));
#11278=CARTESIAN_POINT('Ctrl Pts',(-42.1490922985561,8.,49.0868407282286));
#11279=CARTESIAN_POINT('Ctrl Pts',(-42.3962682134771,8.,48.9614350658817));
#11280=CARTESIAN_POINT('Ctrl Pts',(-42.5144993513823,8.,48.9014500379562));
#11281=CARTESIAN_POINT('',(-41.7318903654814,7.,49.1507250070572));
#11282=CARTESIAN_POINT('',(-41.7318903654814,8.,49.1507250070572));
#11283=CARTESIAN_POINT('Ctrl Pts',(-41.7318903654814,7.,49.1507250070572));
#11284=CARTESIAN_POINT('Ctrl Pts',(-41.8749189501462,7.,49.1288236752109));
#11285=CARTESIAN_POINT('Ctrl Pts',(-42.1490922985561,7.,49.0868407282286));
#11286=CARTESIAN_POINT('Ctrl Pts',(-42.3962682134771,7.,48.9614350658817));
#11287=CARTESIAN_POINT('Ctrl Pts',(-42.5144993513823,7.,48.9014500379562));
#11288=CARTESIAN_POINT('Origin',(-41.4420353621244,8.,48.2695657014847));
#11289=CARTESIAN_POINT('',(-41.4420353621244,8.,48.2695657014847));
#11290=CARTESIAN_POINT('',(-32.2549213262383,8.,20.3407360096675));
#11291=CARTESIAN_POINT('',(-41.4420353621244,7.,48.2695657014847));
#11292=CARTESIAN_POINT('',(-41.4420353621244,8.,48.2695657014847));
#11293=CARTESIAN_POINT('',(-41.4420353621244,7.,48.2695657014847));
#11294=CARTESIAN_POINT('Ctrl Pts',(-41.7956577986479,8.,48.0260866880417));
#11295=CARTESIAN_POINT('Ctrl Pts',(-41.7956577986479,7.,48.0260866880417));
#11296=CARTESIAN_POINT('Ctrl Pts',(-41.7507951942511,8.,48.0776245808398));
#11297=CARTESIAN_POINT('Ctrl Pts',(-41.7507951942511,7.,48.0776245808398));
#11298=CARTESIAN_POINT('Ctrl Pts',(-41.6540781147659,8.,48.1887325858537));
#11299=CARTESIAN_POINT('Ctrl Pts',(-41.6540781147659,7.,48.1887325858537));
#11300=CARTESIAN_POINT('Ctrl Pts',(-41.5160425680535,8.,48.2413533105406));
#11301=CARTESIAN_POINT('Ctrl Pts',(-41.5160425680535,7.,48.2413533105406));
#11302=CARTESIAN_POINT('Ctrl Pts',(-41.4420353621244,8.,48.2695657014847));
#11303=CARTESIAN_POINT('Ctrl Pts',(-41.4420353621244,7.,48.2695657014847));
#11304=CARTESIAN_POINT('',(-41.7956577986479,8.,48.0260866880417));
#11305=CARTESIAN_POINT('Ctrl Pts',(-41.7956577986479,8.,48.0260866880417));
#11306=CARTESIAN_POINT('Ctrl Pts',(-41.7507951942511,8.,48.0776245808398));
#11307=CARTESIAN_POINT('Ctrl Pts',(-41.6540781147659,8.,48.1887325858537));
#11308=CARTESIAN_POINT('Ctrl Pts',(-41.5160425680535,8.,48.2413533105406));
#11309=CARTESIAN_POINT('Ctrl Pts',(-41.4420353621244,8.,48.2695657014847));
#11310=CARTESIAN_POINT('',(-41.7956577986479,7.,48.0260866880417));
#11311=CARTESIAN_POINT('',(-41.7956577986479,8.,48.0260866880417));
#11312=CARTESIAN_POINT('Ctrl Pts',(-41.7956577986479,7.,48.0260866880417));
#11313=CARTESIAN_POINT('Ctrl Pts',(-41.7507951942511,7.,48.0776245808398));
#11314=CARTESIAN_POINT('Ctrl Pts',(-41.6540781147659,7.,48.1887325858537));
#11315=CARTESIAN_POINT('Ctrl Pts',(-41.5160425680535,7.,48.2413533105406));
#11316=CARTESIAN_POINT('Ctrl Pts',(-41.4420353621244,7.,48.2695657014847));
#11317=CARTESIAN_POINT('Ctrl Pts',(-41.9058024138212,8.,47.4985510110855));
#11318=CARTESIAN_POINT('Ctrl Pts',(-41.9058024138212,7.,47.4985510110855));
#11319=CARTESIAN_POINT('Ctrl Pts',(-41.9049956694454,8.,47.605329818673));
#11320=CARTESIAN_POINT('Ctrl Pts',(-41.9049956694454,7.,47.605329818673));
#11321=CARTESIAN_POINT('Ctrl Pts',(-41.9036050079058,8.,47.789394542768));
#11322=CARTESIAN_POINT('Ctrl Pts',(-41.9036050079058,7.,47.789394542768));
#11323=CARTESIAN_POINT('Ctrl Pts',(-41.827579660338,8.,47.9560927162058));
#11324=CARTESIAN_POINT('Ctrl Pts',(-41.827579660338,7.,47.9560927162058));
#11325=CARTESIAN_POINT('Ctrl Pts',(-41.7956577986479,8.,48.0260866880417));
#11326=CARTESIAN_POINT('Ctrl Pts',(-41.7956577986479,7.,48.0260866880417));
#11327=CARTESIAN_POINT('',(-41.9058024138212,8.,47.4985510110855));
#11328=CARTESIAN_POINT('Ctrl Pts',(-41.9058024138212,8.,47.4985510110855));
#11329=CARTESIAN_POINT('Ctrl Pts',(-41.9049956694454,8.,47.605329818673));
#11330=CARTESIAN_POINT('Ctrl Pts',(-41.9036050079058,8.,47.789394542768));
#11331=CARTESIAN_POINT('Ctrl Pts',(-41.827579660338,8.,47.9560927162058));
#11332=CARTESIAN_POINT('Ctrl Pts',(-41.7956577986479,8.,48.0260866880417));
#11333=CARTESIAN_POINT('',(-41.9058024138212,7.,47.4985510110855));
#11334=CARTESIAN_POINT('',(-41.9058024138212,8.,47.4985510110855));
#11335=CARTESIAN_POINT('Ctrl Pts',(-41.9058024138212,7.,47.4985510110855));
#11336=CARTESIAN_POINT('Ctrl Pts',(-41.9049956694454,7.,47.605329818673));
#11337=CARTESIAN_POINT('Ctrl Pts',(-41.9036050079058,7.,47.789394542768));
#11338=CARTESIAN_POINT('Ctrl Pts',(-41.827579660338,7.,47.9560927162058));
#11339=CARTESIAN_POINT('Ctrl Pts',(-41.7956577986479,7.,48.0260866880417));
#11340=CARTESIAN_POINT('Origin',(-41.9058024138212,8.,44.7681158781052));
#11341=CARTESIAN_POINT('',(-41.9058024138212,8.,22.3840579390526));
#11342=CARTESIAN_POINT('',(-41.9058024138212,7.,44.7681158781052));
#11343=CARTESIAN_POINT('Origin',(-2.50000171363354,7.,45.6927534937859));
#11344=CARTESIAN_POINT('Ctrl Pts',(-57.2623240202665,8.,45.8231884241104));
#11345=CARTESIAN_POINT('Ctrl Pts',(-57.2623240202665,7.,45.8231884241104));
#11346=CARTESIAN_POINT('Ctrl Pts',(-57.1728805040084,8.,45.691723189702));
#11347=CARTESIAN_POINT('Ctrl Pts',(-57.1728805040084,7.,45.691723189702));
#11348=CARTESIAN_POINT('Ctrl Pts',(-56.9774206111009,8.,45.4044337168197));
#11349=CARTESIAN_POINT('Ctrl Pts',(-56.9774206111009,7.,45.4044337168197));
#11350=CARTESIAN_POINT('Ctrl Pts',(-56.9629354421485,8.,45.0557761530395));
#11351=CARTESIAN_POINT('Ctrl Pts',(-56.9629354421485,7.,45.0557761530395));
#11352=CARTESIAN_POINT('Ctrl Pts',(-56.9550787657499,8.,44.8666661977768));
#11353=CARTESIAN_POINT('Ctrl Pts',(-56.9550787657499,7.,44.8666661977768));
#11354=CARTESIAN_POINT('',(-57.2623240202665,8.,45.8231884241104));
#11355=CARTESIAN_POINT('',(-56.9550787657499,8.,44.8666661977768));
#11356=CARTESIAN_POINT('Ctrl Pts',(-57.2623240202665,8.,45.8231884241104));
#11357=CARTESIAN_POINT('Ctrl Pts',(-57.1728805040084,8.,45.691723189702));
#11358=CARTESIAN_POINT('Ctrl Pts',(-56.9774206111009,8.,45.4044337168197));
#11359=CARTESIAN_POINT('Ctrl Pts',(-56.9629354421485,8.,45.0557761530395));
#11360=CARTESIAN_POINT('Ctrl Pts',(-56.9550787657499,8.,44.8666661977768));
#11361=CARTESIAN_POINT('',(-57.2623240202665,7.,45.8231884241104));
#11362=CARTESIAN_POINT('',(-57.2623240202665,8.,45.8231884241104));
#11363=CARTESIAN_POINT('',(-56.9550787657499,7.,44.8666661977768));
#11364=CARTESIAN_POINT('Ctrl Pts',(-57.2623240202665,7.,45.8231884241104));
#11365=CARTESIAN_POINT('Ctrl Pts',(-57.1728805040084,7.,45.691723189702));
#11366=CARTESIAN_POINT('Ctrl Pts',(-56.9774206111009,7.,45.4044337168197));
#11367=CARTESIAN_POINT('Ctrl Pts',(-56.9629354421485,7.,45.0557761530395));
#11368=CARTESIAN_POINT('Ctrl Pts',(-56.9550787657499,7.,44.8666661977768));
#11369=CARTESIAN_POINT('',(-56.9550787657499,8.,44.8666661977768));
#11370=CARTESIAN_POINT('Ctrl Pts',(-58.1376873701811,8.,46.1594206094742));
#11371=CARTESIAN_POINT('Ctrl Pts',(-58.1376873701811,7.,46.1594206094742));
#11372=CARTESIAN_POINT('Ctrl Pts',(-57.9617659690125,8.,46.1496415795456));
#11373=CARTESIAN_POINT('Ctrl Pts',(-57.9617659690125,7.,46.1496415795456));
#11374=CARTESIAN_POINT('Ctrl Pts',(-57.6323384652594,8.,46.1313295299764));
#11375=CARTESIAN_POINT('Ctrl Pts',(-57.6323384652594,7.,46.1313295299764));
#11376=CARTESIAN_POINT('Ctrl Pts',(-57.3799374449805,8.,45.9211346833619));
#11377=CARTESIAN_POINT('Ctrl Pts',(-57.3799374449805,7.,45.9211346833619));
#11378=CARTESIAN_POINT('Ctrl Pts',(-57.2623240202665,8.,45.8231884241104));
#11379=CARTESIAN_POINT('Ctrl Pts',(-57.2623240202665,7.,45.8231884241104));
#11380=CARTESIAN_POINT('',(-58.1376873701811,8.,46.1594206094742));
#11381=CARTESIAN_POINT('Ctrl Pts',(-58.1376873701811,8.,46.1594206094742));
#11382=CARTESIAN_POINT('Ctrl Pts',(-57.9617659690125,8.,46.1496415795456));
#11383=CARTESIAN_POINT('Ctrl Pts',(-57.6323384652594,8.,46.1313295299764));
#11384=CARTESIAN_POINT('Ctrl Pts',(-57.3799374449805,8.,45.9211346833619));
#11385=CARTESIAN_POINT('Ctrl Pts',(-57.2623240202665,8.,45.8231884241104));
#11386=CARTESIAN_POINT('',(-58.1376873701811,7.,46.1594206094742));
#11387=CARTESIAN_POINT('',(-58.1376873701811,8.,46.1594206094742));
#11388=CARTESIAN_POINT('Ctrl Pts',(-58.1376873701811,7.,46.1594206094742));
#11389=CARTESIAN_POINT('Ctrl Pts',(-57.9617659690125,7.,46.1496415795456));
#11390=CARTESIAN_POINT('Ctrl Pts',(-57.6323384652594,7.,46.1313295299764));
#11391=CARTESIAN_POINT('Ctrl Pts',(-57.3799374449805,7.,45.9211346833619));
#11392=CARTESIAN_POINT('Ctrl Pts',(-57.2623240202665,7.,45.8231884241104));
#11393=CARTESIAN_POINT('Ctrl Pts',(-59.0826141089201,8.,45.8115941286087));
#11394=CARTESIAN_POINT('Ctrl Pts',(-59.0826141089201,7.,45.8115941286087));
#11395=CARTESIAN_POINT('Ctrl Pts',(-58.9562847258872,8.,45.9128722616332));
#11396=CARTESIAN_POINT('Ctrl Pts',(-58.9562847258872,7.,45.9128722616332));
#11397=CARTESIAN_POINT('Ctrl Pts',(-58.6817128750651,8.,46.1329962245999));
#11398=CARTESIAN_POINT('Ctrl Pts',(-58.6817128750651,7.,46.1329962245999));
#11399=CARTESIAN_POINT('Ctrl Pts',(-58.3284275599863,8.,46.1501559846705));
#11400=CARTESIAN_POINT('Ctrl Pts',(-58.3284275599863,7.,46.1501559846705));
#11401=CARTESIAN_POINT('Ctrl Pts',(-58.1376873701811,8.,46.1594206094742));
#11402=CARTESIAN_POINT('Ctrl Pts',(-58.1376873701811,7.,46.1594206094742));
#11403=CARTESIAN_POINT('',(-59.0826141089201,8.,45.8115941286087));
#11404=CARTESIAN_POINT('Ctrl Pts',(-59.0826141089201,8.,45.8115941286087));
#11405=CARTESIAN_POINT('Ctrl Pts',(-58.9562847258872,8.,45.9128722616332));
#11406=CARTESIAN_POINT('Ctrl Pts',(-58.6817128750651,8.,46.1329962245999));
#11407=CARTESIAN_POINT('Ctrl Pts',(-58.3284275599863,8.,46.1501559846705));
#11408=CARTESIAN_POINT('Ctrl Pts',(-58.1376873701811,8.,46.1594206094742));
#11409=CARTESIAN_POINT('',(-59.0826141089201,7.,45.8115941286087));
#11410=CARTESIAN_POINT('',(-59.0826141089201,8.,45.8115941286087));
#11411=CARTESIAN_POINT('Ctrl Pts',(-59.0826141089201,7.,45.8115941286087));
#11412=CARTESIAN_POINT('Ctrl Pts',(-58.9562847258872,7.,45.9128722616332));
#11413=CARTESIAN_POINT('Ctrl Pts',(-58.6817128750651,7.,46.1329962245999));
#11414=CARTESIAN_POINT('Ctrl Pts',(-58.3284275599863,7.,46.1501559846705));
#11415=CARTESIAN_POINT('Ctrl Pts',(-58.1376873701811,7.,46.1594206094742));
#11416=CARTESIAN_POINT('Ctrl Pts',(-59.4014548510313,8.,44.8782604932785));
#11417=CARTESIAN_POINT('Ctrl Pts',(-59.4014548510313,7.,44.8782604932785));
#11418=CARTESIAN_POINT('Ctrl Pts',(-59.3913007011544,8.,45.0584545338565));
#11419=CARTESIAN_POINT('Ctrl Pts',(-59.3913007011544,7.,45.0584545338565));
#11420=CARTESIAN_POINT('Ctrl Pts',(-59.3720372924157,8.,45.4003001337384));
#11421=CARTESIAN_POINT('Ctrl Pts',(-59.3720372924157,7.,45.4003001337384));
#11422=CARTESIAN_POINT('Ctrl Pts',(-59.1755356042199,8.,45.6795450904163));
#11423=CARTESIAN_POINT('Ctrl Pts',(-59.1755356042199,7.,45.6795450904163));
#11424=CARTESIAN_POINT('Ctrl Pts',(-59.0826141089201,8.,45.8115941286087));
#11425=CARTESIAN_POINT('Ctrl Pts',(-59.0826141089201,7.,45.8115941286087));
#11426=CARTESIAN_POINT('',(-59.4014548510313,8.,44.8782604932785));
#11427=CARTESIAN_POINT('Ctrl Pts',(-59.4014548510313,8.,44.8782604932785));
#11428=CARTESIAN_POINT('Ctrl Pts',(-59.3913007011544,8.,45.0584545338565));
#11429=CARTESIAN_POINT('Ctrl Pts',(-59.3720372924157,8.,45.4003001337384));
#11430=CARTESIAN_POINT('Ctrl Pts',(-59.1755356042199,8.,45.6795450904163));
#11431=CARTESIAN_POINT('Ctrl Pts',(-59.0826141089201,8.,45.8115941286087));
#11432=CARTESIAN_POINT('',(-59.4014548510313,7.,44.8782604932785));
#11433=CARTESIAN_POINT('',(-59.4014548510313,8.,44.8782604932785));
#11434=CARTESIAN_POINT('Ctrl Pts',(-59.4014548510313,7.,44.8782604932785));
#11435=CARTESIAN_POINT('Ctrl Pts',(-59.3913007011544,7.,45.0584545338565));
#11436=CARTESIAN_POINT('Ctrl Pts',(-59.3720372924157,7.,45.4003001337384));
#11437=CARTESIAN_POINT('Ctrl Pts',(-59.1755356042199,7.,45.6795450904163));
#11438=CARTESIAN_POINT('Ctrl Pts',(-59.0826141089201,7.,45.8115941286087));
#11439=CARTESIAN_POINT('Ctrl Pts',(-59.088411256671,8.,43.9681166410446));
#11440=CARTESIAN_POINT('Ctrl Pts',(-59.088411256671,7.,43.9681166410446));
#11441=CARTESIAN_POINT('Ctrl Pts',(-59.179651961401,8.,44.0973281226241));
#11442=CARTESIAN_POINT('Ctrl Pts',(-59.179651961401,7.,44.0973281226241));
#11443=CARTESIAN_POINT('Ctrl Pts',(-59.3718674535938,8.,44.3695361092046));
#11444=CARTESIAN_POINT('Ctrl Pts',(-59.3718674535938,7.,44.3695361092046));
#11445=CARTESIAN_POINT('Ctrl Pts',(-59.3912649457884,8.,44.703055719712));
#11446=CARTESIAN_POINT('Ctrl Pts',(-59.3912649457884,7.,44.703055719712));
#11447=CARTESIAN_POINT('Ctrl Pts',(-59.4014548510313,8.,44.8782604932785));
#11448=CARTESIAN_POINT('Ctrl Pts',(-59.4014548510313,7.,44.8782604932785));
#11449=CARTESIAN_POINT('',(-59.088411256671,8.,43.9681166410446));
#11450=CARTESIAN_POINT('Ctrl Pts',(-59.088411256671,8.,43.9681166410446));
#11451=CARTESIAN_POINT('Ctrl Pts',(-59.179651961401,8.,44.0973281226241));
#11452=CARTESIAN_POINT('Ctrl Pts',(-59.3718674535938,8.,44.3695361092046));
#11453=CARTESIAN_POINT('Ctrl Pts',(-59.3912649457884,8.,44.703055719712));
#11454=CARTESIAN_POINT('Ctrl Pts',(-59.4014548510313,8.,44.8782604932785));
#11455=CARTESIAN_POINT('',(-59.088411256671,7.,43.9681166410446));
#11456=CARTESIAN_POINT('',(-59.088411256671,8.,43.9681166410446));
#11457=CARTESIAN_POINT('Ctrl Pts',(-59.088411256671,7.,43.9681166410446));
#11458=CARTESIAN_POINT('Ctrl Pts',(-59.179651961401,7.,44.0973281226241));
#11459=CARTESIAN_POINT('Ctrl Pts',(-59.3718674535938,7.,44.3695361092046));
#11460=CARTESIAN_POINT('Ctrl Pts',(-59.3912649457884,7.,44.703055719712));
#11461=CARTESIAN_POINT('Ctrl Pts',(-59.4014548510313,7.,44.8782604932785));
#11462=CARTESIAN_POINT('Ctrl Pts',(-58.1550776213408,8.,43.6144930124283));
#11463=CARTESIAN_POINT('Ctrl Pts',(-58.1550776213408,7.,43.6144930124283));
#11464=CARTESIAN_POINT('Ctrl Pts',(-58.3441575923432,8.,43.6240924899743));
#11465=CARTESIAN_POINT('Ctrl Pts',(-58.3441575923432,7.,43.6240924899743));
#11466=CARTESIAN_POINT('Ctrl Pts',(-58.6951527831368,8.,43.6419123068218));
#11467=CARTESIAN_POINT('Ctrl Pts',(-58.6951527831368,7.,43.6419123068218));
#11468=CARTESIAN_POINT('Ctrl Pts',(-58.964267681374,8.,43.8651406721765));
#11469=CARTESIAN_POINT('Ctrl Pts',(-58.964267681374,7.,43.8651406721765));
#11470=CARTESIAN_POINT('Ctrl Pts',(-59.088411256671,8.,43.9681166410446));
#11471=CARTESIAN_POINT('Ctrl Pts',(-59.088411256671,7.,43.9681166410446));
#11472=CARTESIAN_POINT('',(-58.1550776213408,8.,43.6144930124283));
#11473=CARTESIAN_POINT('Ctrl Pts',(-58.1550776213408,8.,43.6144930124283));
#11474=CARTESIAN_POINT('Ctrl Pts',(-58.3441575923432,8.,43.6240924899743));
#11475=CARTESIAN_POINT('Ctrl Pts',(-58.6951527831368,8.,43.6419123068218));
#11476=CARTESIAN_POINT('Ctrl Pts',(-58.964267681374,8.,43.8651406721765));
#11477=CARTESIAN_POINT('Ctrl Pts',(-59.088411256671,8.,43.9681166410446));
#11478=CARTESIAN_POINT('',(-58.1550776213408,7.,43.6144930124283));
#11479=CARTESIAN_POINT('',(-58.1550776213408,8.,43.6144930124283));
#11480=CARTESIAN_POINT('Ctrl Pts',(-58.1550776213408,7.,43.6144930124283));
#11481=CARTESIAN_POINT('Ctrl Pts',(-58.3441575923432,7.,43.6240924899743));
#11482=CARTESIAN_POINT('Ctrl Pts',(-58.6951527831368,7.,43.6419123068218));
#11483=CARTESIAN_POINT('Ctrl Pts',(-58.964267681374,7.,43.8651406721765));
#11484=CARTESIAN_POINT('Ctrl Pts',(-59.088411256671,7.,43.9681166410446));
#11485=CARTESIAN_POINT('Ctrl Pts',(-56.9550787657499,8.,44.8666661977768));
#11486=CARTESIAN_POINT('Ctrl Pts',(-56.9550787657499,7.,44.8666661977768));
#11487=CARTESIAN_POINT('Ctrl Pts',(-57.0015866375641,8.,44.501479914703));
#11488=CARTESIAN_POINT('Ctrl Pts',(-57.0015866375641,7.,44.501479914703));
#11489=CARTESIAN_POINT('Ctrl Pts',(-57.0930458860091,8.,43.7833291653899));
#11490=CARTESIAN_POINT('Ctrl Pts',(-57.0930458860091,7.,43.7833291653899));
#11491=CARTESIAN_POINT('Ctrl Pts',(-57.8051064332298,8.,43.6701295693054));
#11492=CARTESIAN_POINT('Ctrl Pts',(-57.8051064332298,7.,43.6701295693054));
#11493=CARTESIAN_POINT('Ctrl Pts',(-58.1550776213408,8.,43.6144930124283));
#11494=CARTESIAN_POINT('Ctrl Pts',(-58.1550776213408,7.,43.6144930124283));
#11495=CARTESIAN_POINT('Ctrl Pts',(-56.9550787657499,8.,44.8666661977768));
#11496=CARTESIAN_POINT('Ctrl Pts',(-57.0015866375641,8.,44.501479914703));
#11497=CARTESIAN_POINT('Ctrl Pts',(-57.0930458860091,8.,43.7833291653899));
#11498=CARTESIAN_POINT('Ctrl Pts',(-57.8051064332298,8.,43.6701295693054));
#11499=CARTESIAN_POINT('Ctrl Pts',(-58.1550776213408,8.,43.6144930124283));
#11500=CARTESIAN_POINT('Ctrl Pts',(-56.9550787657499,7.,44.8666661977768));
#11501=CARTESIAN_POINT('Ctrl Pts',(-57.0015866375641,7.,44.501479914703));
#11502=CARTESIAN_POINT('Ctrl Pts',(-57.0930458860091,7.,43.7833291653899));
#11503=CARTESIAN_POINT('Ctrl Pts',(-57.8051064332298,7.,43.6701295693054));
#11504=CARTESIAN_POINT('Ctrl Pts',(-58.1550776213408,7.,43.6144930124283));
#11505=CARTESIAN_POINT('Ctrl Pts',(-56.9376861304045,8.,42.646376490593));
#11506=CARTESIAN_POINT('Ctrl Pts',(-56.9376861304045,7.,42.646376490593));
#11507=CARTESIAN_POINT('Ctrl Pts',(-56.7830211420056,8.,42.6184998237025));
#11508=CARTESIAN_POINT('Ctrl Pts',(-56.7830211420056,7.,42.6184998237025));
#11509=CARTESIAN_POINT('Ctrl Pts',(-56.4915955352877,8.,42.5659735561489));
#11510=CARTESIAN_POINT('Ctrl Pts',(-56.4915955352877,7.,42.5659735561489));
#11511=CARTESIAN_POINT('Ctrl Pts',(-56.2112679425537,8.,42.4707658638542));
#11512=CARTESIAN_POINT('Ctrl Pts',(-56.2112679425537,7.,42.4707658638542));
#11513=CARTESIAN_POINT('Ctrl Pts',(-56.0797154158354,8.,42.4260866641998));
#11514=CARTESIAN_POINT('Ctrl Pts',(-56.0797154158354,7.,42.4260866641998));
#11515=CARTESIAN_POINT('',(-56.9376861304045,8.,42.646376490593));
#11516=CARTESIAN_POINT('',(-56.0797154158354,8.,42.4260866641998));
#11517=CARTESIAN_POINT('Ctrl Pts',(-56.9376861304045,8.,42.646376490593));
#11518=CARTESIAN_POINT('Ctrl Pts',(-56.7830211420056,8.,42.6184998237025));
#11519=CARTESIAN_POINT('Ctrl Pts',(-56.4915955352877,8.,42.5659735561489));
#11520=CARTESIAN_POINT('Ctrl Pts',(-56.2112679425537,8.,42.4707658638542));
#11521=CARTESIAN_POINT('Ctrl Pts',(-56.0797154158354,8.,42.4260866641998));
#11522=CARTESIAN_POINT('',(-56.9376861304045,7.,42.646376490593));
#11523=CARTESIAN_POINT('',(-56.9376861304045,8.,42.646376490593));
#11524=CARTESIAN_POINT('',(-56.0797154158354,7.,42.4260866641998));
#11525=CARTESIAN_POINT('Ctrl Pts',(-56.9376861304045,7.,42.646376490593));
#11526=CARTESIAN_POINT('Ctrl Pts',(-56.7830211420056,7.,42.6184998237025));
#11527=CARTESIAN_POINT('Ctrl Pts',(-56.4915955352877,7.,42.5659735561489));
#11528=CARTESIAN_POINT('Ctrl Pts',(-56.2112679425537,7.,42.4707658638542));
#11529=CARTESIAN_POINT('Ctrl Pts',(-56.0797154158354,7.,42.4260866641998));
#11530=CARTESIAN_POINT('',(-56.0797154158354,8.,42.4260866641998));
#11531=CARTESIAN_POINT('Ctrl Pts',(-58.1666719168425,8.,42.7217394113541));
#11532=CARTESIAN_POINT('Ctrl Pts',(-58.1666719168425,7.,42.7217394113541));
#11533=CARTESIAN_POINT('Ctrl Pts',(-57.9412162551192,8.,42.7215556225104));
#11534=CARTESIAN_POINT('Ctrl Pts',(-57.9412162551192,7.,42.7215556225104));
#11535=CARTESIAN_POINT('Ctrl Pts',(-57.5299344839772,8.,42.7212203503752));
#11536=CARTESIAN_POINT('Ctrl Pts',(-57.5299344839772,7.,42.7212203503752));
#11537=CARTESIAN_POINT('Ctrl Pts',(-57.121999905079,8.,42.6696686689915));
#11538=CARTESIAN_POINT('Ctrl Pts',(-57.121999905079,7.,42.6696686689915));
#11539=CARTESIAN_POINT('Ctrl Pts',(-56.9376861304045,8.,42.646376490593));
#11540=CARTESIAN_POINT('Ctrl Pts',(-56.9376861304045,7.,42.646376490593));
#11541=CARTESIAN_POINT('',(-58.1666719168425,8.,42.7217394113541));
#11542=CARTESIAN_POINT('Ctrl Pts',(-58.1666719168425,8.,42.7217394113541));
#11543=CARTESIAN_POINT('Ctrl Pts',(-57.9412162551192,8.,42.7215556225104));
#11544=CARTESIAN_POINT('Ctrl Pts',(-57.5299344839772,8.,42.7212203503752));
#11545=CARTESIAN_POINT('Ctrl Pts',(-57.121999905079,8.,42.6696686689915));
#11546=CARTESIAN_POINT('Ctrl Pts',(-56.9376861304045,8.,42.646376490593));
#11547=CARTESIAN_POINT('',(-58.1666719168425,7.,42.7217394113541));
#11548=CARTESIAN_POINT('',(-58.1666719168425,8.,42.7217394113541));
#11549=CARTESIAN_POINT('Ctrl Pts',(-58.1666719168425,7.,42.7217394113541));
#11550=CARTESIAN_POINT('Ctrl Pts',(-57.9412162551192,7.,42.7215556225104));
#11551=CARTESIAN_POINT('Ctrl Pts',(-57.5299344839772,7.,42.7212203503752));
#11552=CARTESIAN_POINT('Ctrl Pts',(-57.121999905079,7.,42.6696686689915));
#11553=CARTESIAN_POINT('Ctrl Pts',(-56.9376861304045,7.,42.646376490593));
#11554=CARTESIAN_POINT('Ctrl Pts',(-59.5000063627958,8.,42.9942029714584));
#11555=CARTESIAN_POINT('Ctrl Pts',(-59.5000063627958,7.,42.9942029714584));
#11556=CARTESIAN_POINT('Ctrl Pts',(-59.2946433243549,8.,42.9147730901921));
#11557=CARTESIAN_POINT('Ctrl Pts',(-59.2946433243549,7.,42.9147730901921));
#11558=CARTESIAN_POINT('Ctrl Pts',(-58.8658919260706,8.,42.7489415320061));
#11559=CARTESIAN_POINT('Ctrl Pts',(-58.8658919260706,7.,42.7489415320061));
#11560=CARTESIAN_POINT('Ctrl Pts',(-58.4061874640614,8.,42.7310574095914));
#11561=CARTESIAN_POINT('Ctrl Pts',(-58.4061874640614,7.,42.7310574095914));
#11562=CARTESIAN_POINT('Ctrl Pts',(-58.1666719168425,8.,42.7217394113541));
#11563=CARTESIAN_POINT('Ctrl Pts',(-58.1666719168425,7.,42.7217394113541));
#11564=CARTESIAN_POINT('',(-59.5000063627958,8.,42.9942029714584));
#11565=CARTESIAN_POINT('Ctrl Pts',(-59.5000063627958,8.,42.9942029714584));
#11566=CARTESIAN_POINT('Ctrl Pts',(-59.2946433243549,8.,42.9147730901921));
#11567=CARTESIAN_POINT('Ctrl Pts',(-58.8658919260706,8.,42.7489415320061));
#11568=CARTESIAN_POINT('Ctrl Pts',(-58.4061874640614,8.,42.7310574095914));
#11569=CARTESIAN_POINT('Ctrl Pts',(-58.1666719168425,8.,42.7217394113541));
#11570=CARTESIAN_POINT('',(-59.5000063627958,7.,42.9942029714584));
#11571=CARTESIAN_POINT('',(-59.5000063627958,8.,42.9942029714584));
#11572=CARTESIAN_POINT('Ctrl Pts',(-59.5000063627958,7.,42.9942029714584));
#11573=CARTESIAN_POINT('Ctrl Pts',(-59.2946433243549,7.,42.9147730901921));
#11574=CARTESIAN_POINT('Ctrl Pts',(-58.8658919260706,7.,42.7489415320061));
#11575=CARTESIAN_POINT('Ctrl Pts',(-58.4061874640614,7.,42.7310574095914));
#11576=CARTESIAN_POINT('Ctrl Pts',(-58.1666719168425,7.,42.7217394113541));
#11577=CARTESIAN_POINT('Ctrl Pts',(-60.398555919528,8.,43.7536233663559));
#11578=CARTESIAN_POINT('Ctrl Pts',(-60.398555919528,7.,43.7536233663559));
#11579=CARTESIAN_POINT('Ctrl Pts',(-60.277963789576,8.,43.5993083134056));
#11580=CARTESIAN_POINT('Ctrl Pts',(-60.277963789576,7.,43.5993083134056));
#11581=CARTESIAN_POINT('Ctrl Pts',(-60.0314401771481,8.,43.2838457345422));
#11582=CARTESIAN_POINT('Ctrl Pts',(-60.0314401771481,7.,43.2838457345422));
#11583=CARTESIAN_POINT('Ctrl Pts',(-59.6796904347682,8.,43.0921346229317));
#11584=CARTESIAN_POINT('Ctrl Pts',(-59.6796904347682,7.,43.0921346229317));
#11585=CARTESIAN_POINT('Ctrl Pts',(-59.5000063627958,8.,42.9942029714584));
#11586=CARTESIAN_POINT('Ctrl Pts',(-59.5000063627958,7.,42.9942029714584));
#11587=CARTESIAN_POINT('',(-60.398555919528,8.,43.7536233663559));
#11588=CARTESIAN_POINT('Ctrl Pts',(-60.398555919528,8.,43.7536233663559));
#11589=CARTESIAN_POINT('Ctrl Pts',(-60.277963789576,8.,43.5993083134056));
#11590=CARTESIAN_POINT('Ctrl Pts',(-60.0314401771481,8.,43.2838457345422));
#11591=CARTESIAN_POINT('Ctrl Pts',(-59.6796904347682,8.,43.0921346229317));
#11592=CARTESIAN_POINT('Ctrl Pts',(-59.5000063627958,8.,42.9942029714584));
#11593=CARTESIAN_POINT('',(-60.398555919528,7.,43.7536233663559));
#11594=CARTESIAN_POINT('',(-60.398555919528,8.,43.7536233663559));
#11595=CARTESIAN_POINT('Ctrl Pts',(-60.398555919528,7.,43.7536233663559));
#11596=CARTESIAN_POINT('Ctrl Pts',(-60.277963789576,7.,43.5993083134056));
#11597=CARTESIAN_POINT('Ctrl Pts',(-60.0314401771481,7.,43.2838457345422));
#11598=CARTESIAN_POINT('Ctrl Pts',(-59.6796904347682,7.,43.0921346229317));
#11599=CARTESIAN_POINT('Ctrl Pts',(-59.5000063627958,7.,42.9942029714584));
#11600=CARTESIAN_POINT('Ctrl Pts',(-60.7231938093901,8.,44.8898547887802));
#11601=CARTESIAN_POINT('Ctrl Pts',(-60.7231938093901,7.,44.8898547887802));
#11602=CARTESIAN_POINT('Ctrl Pts',(-60.7112279423871,8.,44.6825775962101));
#11603=CARTESIAN_POINT('Ctrl Pts',(-60.7112279423871,7.,44.6825775962101));
#11604=CARTESIAN_POINT('Ctrl Pts',(-60.6879405651028,8.,44.2791849975286));
#11605=CARTESIAN_POINT('Ctrl Pts',(-60.6879405651028,7.,44.2791849975286));
#11606=CARTESIAN_POINT('Ctrl Pts',(-60.4932215233825,8.,43.9255488984755));
#11607=CARTESIAN_POINT('Ctrl Pts',(-60.4932215233825,7.,43.9255488984755));
#11608=CARTESIAN_POINT('Ctrl Pts',(-60.398555919528,8.,43.7536233663559));
#11609=CARTESIAN_POINT('Ctrl Pts',(-60.398555919528,7.,43.7536233663559));
#11610=CARTESIAN_POINT('',(-60.7231938093901,8.,44.8898547887802));
#11611=CARTESIAN_POINT('Ctrl Pts',(-60.7231938093901,8.,44.8898547887802));
#11612=CARTESIAN_POINT('Ctrl Pts',(-60.7112279423871,8.,44.6825775962101));
#11613=CARTESIAN_POINT('Ctrl Pts',(-60.6879405651028,8.,44.2791849975286));
#11614=CARTESIAN_POINT('Ctrl Pts',(-60.4932215233825,8.,43.9255488984755));
#11615=CARTESIAN_POINT('Ctrl Pts',(-60.398555919528,8.,43.7536233663559));
#11616=CARTESIAN_POINT('',(-60.7231938093901,7.,44.8898547887802));
#11617=CARTESIAN_POINT('',(-60.7231938093901,8.,44.8898547887802));
#11618=CARTESIAN_POINT('Ctrl Pts',(-60.7231938093901,7.,44.8898547887802));
#11619=CARTESIAN_POINT('Ctrl Pts',(-60.7112279423871,7.,44.6825775962101));
#11620=CARTESIAN_POINT('Ctrl Pts',(-60.6879405651028,7.,44.2791849975286));
#11621=CARTESIAN_POINT('Ctrl Pts',(-60.4932215233825,7.,43.9255488984755));
#11622=CARTESIAN_POINT('Ctrl Pts',(-60.398555919528,7.,43.7536233663559));
#11623=CARTESIAN_POINT('Ctrl Pts',(-60.4739188402891,8.,45.8985513448715));
#11624=CARTESIAN_POINT('Ctrl Pts',(-60.4739188402891,7.,45.8985513448715));
#11625=CARTESIAN_POINT('Ctrl Pts',(-60.5465714908869,8.,45.7475591709449));
#11626=CARTESIAN_POINT('Ctrl Pts',(-60.5465714908869,7.,45.7475591709449));
#11627=CARTESIAN_POINT('Ctrl Pts',(-60.6997669801028,8.,45.429176844049));
#11628=CARTESIAN_POINT('Ctrl Pts',(-60.6997669801028,7.,45.429176844049));
#11629=CARTESIAN_POINT('Ctrl Pts',(-60.7151212637015,8.,45.0756973489767));
#11630=CARTESIAN_POINT('Ctrl Pts',(-60.7151212637015,7.,45.0756973489767));
#11631=CARTESIAN_POINT('Ctrl Pts',(-60.7231938093901,8.,44.8898547887802));
#11632=CARTESIAN_POINT('Ctrl Pts',(-60.7231938093901,7.,44.8898547887802));
#11633=CARTESIAN_POINT('',(-60.4739188402891,8.,45.8985513448715));
#11634=CARTESIAN_POINT('Ctrl Pts',(-60.4739188402891,8.,45.8985513448715));
#11635=CARTESIAN_POINT('Ctrl Pts',(-60.5465714908869,8.,45.7475591709449));
#11636=CARTESIAN_POINT('Ctrl Pts',(-60.6997669801028,8.,45.429176844049));
#11637=CARTESIAN_POINT('Ctrl Pts',(-60.7151212637015,8.,45.0756973489767));
#11638=CARTESIAN_POINT('Ctrl Pts',(-60.7231938093901,8.,44.8898547887802));
#11639=CARTESIAN_POINT('',(-60.4739188402891,7.,45.8985513448715));
#11640=CARTESIAN_POINT('',(-60.4739188402891,8.,45.8985513448715));
#11641=CARTESIAN_POINT('Ctrl Pts',(-60.4739188402891,7.,45.8985513448715));
#11642=CARTESIAN_POINT('Ctrl Pts',(-60.5465714908869,7.,45.7475591709449));
#11643=CARTESIAN_POINT('Ctrl Pts',(-60.6997669801028,7.,45.429176844049));
#11644=CARTESIAN_POINT('Ctrl Pts',(-60.7151212637015,7.,45.0756973489767));
#11645=CARTESIAN_POINT('Ctrl Pts',(-60.7231938093901,7.,44.8898547887802));
#11646=CARTESIAN_POINT('Ctrl Pts',(-59.6681212633848,8.,46.6000002622604));
#11647=CARTESIAN_POINT('Ctrl Pts',(-59.6681212633848,7.,46.6000002622604));
#11648=CARTESIAN_POINT('Ctrl Pts',(-59.8360734450606,8.,46.5034096594725));
#11649=CARTESIAN_POINT('Ctrl Pts',(-59.8360734450606,7.,46.5034096594725));
#11650=CARTESIAN_POINT('Ctrl Pts',(-60.1512471717343,8.,46.3221508038948));
#11651=CARTESIAN_POINT('Ctrl Pts',(-60.1512471717343,7.,46.3221508038948));
#11652=CARTESIAN_POINT('Ctrl Pts',(-60.3711837465673,8.,46.0334207318189));
#11653=CARTESIAN_POINT('Ctrl Pts',(-60.3711837465673,7.,46.0334207318189));
#11654=CARTESIAN_POINT('Ctrl Pts',(-60.4739188402891,8.,45.8985513448715));
#11655=CARTESIAN_POINT('Ctrl Pts',(-60.4739188402891,7.,45.8985513448715));
#11656=CARTESIAN_POINT('',(-59.6681212633848,8.,46.6000002622604));
#11657=CARTESIAN_POINT('Ctrl Pts',(-59.6681212633848,8.,46.6000002622604));
#11658=CARTESIAN_POINT('Ctrl Pts',(-59.8360734450606,8.,46.5034096594725));
#11659=CARTESIAN_POINT('Ctrl Pts',(-60.1512471717343,8.,46.3221508038948));
#11660=CARTESIAN_POINT('Ctrl Pts',(-60.3711837465673,8.,46.0334207318189));
#11661=CARTESIAN_POINT('Ctrl Pts',(-60.4739188402891,8.,45.8985513448715));
#11662=CARTESIAN_POINT('',(-59.6681212633848,7.,46.6000002622604));
#11663=CARTESIAN_POINT('',(-59.6681212633848,8.,46.6000002622604));
#11664=CARTESIAN_POINT('Ctrl Pts',(-59.6681212633848,7.,46.6000002622604));
#11665=CARTESIAN_POINT('Ctrl Pts',(-59.8360734450606,7.,46.5034096594725));
#11666=CARTESIAN_POINT('Ctrl Pts',(-60.1512471717343,7.,46.3221508038948));
#11667=CARTESIAN_POINT('Ctrl Pts',(-60.3711837465673,7.,46.0334207318189));
#11668=CARTESIAN_POINT('Ctrl Pts',(-60.4739188402891,7.,45.8985513448715));
#11669=CARTESIAN_POINT('Ctrl Pts',(-60.3521799296141,8.,47.7072471380234));
#11670=CARTESIAN_POINT('Ctrl Pts',(-60.3521799296141,7.,47.7072471380234));
#11671=CARTESIAN_POINT('Ctrl Pts',(-60.317088136908,8.,47.4918030695283));
#11672=CARTESIAN_POINT('Ctrl Pts',(-60.317088136908,7.,47.4918030695283));
#11673=CARTESIAN_POINT('Ctrl Pts',(-60.2421475406596,8.,47.0317095346545));
#11674=CARTESIAN_POINT('Ctrl Pts',(-60.2421475406596,7.,47.0317095346545));
#11675=CARTESIAN_POINT('Ctrl Pts',(-59.8673928023332,8.,46.7498668702782));
#11676=CARTESIAN_POINT('Ctrl Pts',(-59.8673928023332,7.,46.7498668702782));
#11677=CARTESIAN_POINT('Ctrl Pts',(-59.6681212633848,8.,46.6000002622604));
#11678=CARTESIAN_POINT('Ctrl Pts',(-59.6681212633848,7.,46.6000002622604));
#11679=CARTESIAN_POINT('',(-60.3521799296141,8.,47.7072471380234));
#11680=CARTESIAN_POINT('Ctrl Pts',(-60.3521799296141,8.,47.7072471380234));
#11681=CARTESIAN_POINT('Ctrl Pts',(-60.317088136908,8.,47.4918030695283));
#11682=CARTESIAN_POINT('Ctrl Pts',(-60.2421475406596,8.,47.0317095346545));
#11683=CARTESIAN_POINT('Ctrl Pts',(-59.8673928023332,8.,46.7498668702782));
#11684=CARTESIAN_POINT('Ctrl Pts',(-59.6681212633848,8.,46.6000002622604));
#11685=CARTESIAN_POINT('',(-60.3521799296141,7.,47.7072471380234));
#11686=CARTESIAN_POINT('',(-60.3521799296141,8.,47.7072471380234));
#11687=CARTESIAN_POINT('Ctrl Pts',(-60.3521799296141,7.,47.7072471380234));
#11688=CARTESIAN_POINT('Ctrl Pts',(-60.317088136908,7.,47.4918030695283));
#11689=CARTESIAN_POINT('Ctrl Pts',(-60.2421475406596,7.,47.0317095346545));
#11690=CARTESIAN_POINT('Ctrl Pts',(-59.8673928023332,7.,46.7498668702782));
#11691=CARTESIAN_POINT('Ctrl Pts',(-59.6681212633848,7.,46.6000002622604));
#11692=CARTESIAN_POINT('Ctrl Pts',(-59.9521791189909,8.,48.5304349660873));
#11693=CARTESIAN_POINT('Ctrl Pts',(-59.9521791189909,7.,48.5304349660873));
#11694=CARTESIAN_POINT('Ctrl Pts',(-60.0687995976562,8.,48.4108063512228));
#11695=CARTESIAN_POINT('Ctrl Pts',(-60.0687995976562,7.,48.4108063512228));
#11696=CARTESIAN_POINT('Ctrl Pts',(-60.2937861287357,8.,48.1800164643673));
#11697=CARTESIAN_POINT('Ctrl Pts',(-60.2937861287357,7.,48.1800164643673));
#11698=CARTESIAN_POINT('Ctrl Pts',(-60.3331973088096,8.,47.860934699288));
#11699=CARTESIAN_POINT('Ctrl Pts',(-60.3331973088096,7.,47.860934699288));
#11700=CARTESIAN_POINT('Ctrl Pts',(-60.3521799296141,8.,47.7072471380234));
#11701=CARTESIAN_POINT('Ctrl Pts',(-60.3521799296141,7.,47.7072471380234));
#11702=CARTESIAN_POINT('',(-59.9521791189909,8.,48.5304349660873));
#11703=CARTESIAN_POINT('Ctrl Pts',(-59.9521791189909,8.,48.5304349660873));
#11704=CARTESIAN_POINT('Ctrl Pts',(-60.0687995976562,8.,48.4108063512228));
#11705=CARTESIAN_POINT('Ctrl Pts',(-60.2937861287357,8.,48.1800164643673));
#11706=CARTESIAN_POINT('Ctrl Pts',(-60.3331973088096,8.,47.860934699288));
#11707=CARTESIAN_POINT('Ctrl Pts',(-60.3521799296141,8.,47.7072471380234));
#11708=CARTESIAN_POINT('',(-59.9521791189909,7.,48.5304349660873));
#11709=CARTESIAN_POINT('',(-59.9521791189909,8.,48.5304349660873));
#11710=CARTESIAN_POINT('Ctrl Pts',(-59.9521791189909,7.,48.5304349660873));
#11711=CARTESIAN_POINT('Ctrl Pts',(-60.0687995976562,7.,48.4108063512228));
#11712=CARTESIAN_POINT('Ctrl Pts',(-60.2937861287357,7.,48.1800164643673));
#11713=CARTESIAN_POINT('Ctrl Pts',(-60.3331973088096,7.,47.860934699288));
#11714=CARTESIAN_POINT('Ctrl Pts',(-60.3521799296141,7.,47.7072471380234));
#11715=CARTESIAN_POINT('Ctrl Pts',(-58.676817342639,8.,48.8840585947037));
#11716=CARTESIAN_POINT('Ctrl Pts',(-58.676817342639,7.,48.8840585947037));
#11717=CARTESIAN_POINT('Ctrl Pts',(-58.9352898969093,8.,48.8786246045255));
#11718=CARTESIAN_POINT('Ctrl Pts',(-58.9352898969093,7.,48.8786246045255));
#11719=CARTESIAN_POINT('Ctrl Pts',(-59.3931304311112,8.,48.8689992074576));
#11720=CARTESIAN_POINT('Ctrl Pts',(-59.3931304311112,7.,48.8689992074576));
#11721=CARTESIAN_POINT('Ctrl Pts',(-59.7825884865066,8.,48.6331403745346));
#11722=CARTESIAN_POINT('Ctrl Pts',(-59.7825884865066,7.,48.6331403745346));
#11723=CARTESIAN_POINT('Ctrl Pts',(-59.9521791189909,8.,48.5304349660873));
#11724=CARTESIAN_POINT('Ctrl Pts',(-59.9521791189909,7.,48.5304349660873));
#11725=CARTESIAN_POINT('',(-58.676817342639,8.,48.8840585947037));
#11726=CARTESIAN_POINT('Ctrl Pts',(-58.676817342639,8.,48.8840585947037));
#11727=CARTESIAN_POINT('Ctrl Pts',(-58.9352898969093,8.,48.8786246045255));
#11728=CARTESIAN_POINT('Ctrl Pts',(-59.3931304311112,8.,48.8689992074576));
#11729=CARTESIAN_POINT('Ctrl Pts',(-59.7825884865066,8.,48.6331403745346));
#11730=CARTESIAN_POINT('Ctrl Pts',(-59.9521791189909,8.,48.5304349660873));
#11731=CARTESIAN_POINT('',(-58.676817342639,7.,48.8840585947037));
#11732=CARTESIAN_POINT('',(-58.676817342639,8.,48.8840585947037));
#11733=CARTESIAN_POINT('Ctrl Pts',(-58.676817342639,7.,48.8840585947037));
#11734=CARTESIAN_POINT('Ctrl Pts',(-58.9352898969093,7.,48.8786246045255));
#11735=CARTESIAN_POINT('Ctrl Pts',(-59.3931304311112,7.,48.8689992074576));
#11736=CARTESIAN_POINT('Ctrl Pts',(-59.7825884865066,7.,48.6331403745346));
#11737=CARTESIAN_POINT('Ctrl Pts',(-59.9521791189909,7.,48.5304349660873));
#11738=CARTESIAN_POINT('Origin',(-57.6275419443846,8.,48.8840585947037));
#11739=CARTESIAN_POINT('',(-57.6275419443846,8.,48.8840585947037));
#11740=CARTESIAN_POINT('',(-28.8137709721923,8.,48.8840585947037));
#11741=CARTESIAN_POINT('',(-57.6275419443846,7.,48.8840585947037));
#11742=CARTESIAN_POINT('',(-57.6275419443846,8.,48.8840585947037));
#11743=CARTESIAN_POINT('',(-57.6275419443846,7.,48.8840585947037));
#11744=CARTESIAN_POINT('Ctrl Pts',(-56.7579769343138,8.,49.0811592340469));
#11745=CARTESIAN_POINT('Ctrl Pts',(-56.7579769343138,7.,49.0811592340469));
#11746=CARTESIAN_POINT('Ctrl Pts',(-56.8826062268765,8.,49.023805037268));
#11747=CARTESIAN_POINT('Ctrl Pts',(-56.8826062268765,7.,49.023805037268));
#11748=CARTESIAN_POINT('Ctrl Pts',(-57.1578190682177,8.,48.8971525374117));
#11749=CARTESIAN_POINT('Ctrl Pts',(-57.1578190682177,7.,48.8971525374117));
#11750=CARTESIAN_POINT('Ctrl Pts',(-57.461423726201,8.,48.8886892876974));
#11751=CARTESIAN_POINT('Ctrl Pts',(-57.461423726201,7.,48.8886892876974));
#11752=CARTESIAN_POINT('Ctrl Pts',(-57.6275419443846,8.,48.8840585947037));
#11753=CARTESIAN_POINT('Ctrl Pts',(-57.6275419443846,7.,48.8840585947037));
#11754=CARTESIAN_POINT('',(-56.7579769343138,8.,49.0811592340469));
#11755=CARTESIAN_POINT('Ctrl Pts',(-56.7579769343138,8.,49.0811592340469));
#11756=CARTESIAN_POINT('Ctrl Pts',(-56.8826062268765,8.,49.023805037268));
#11757=CARTESIAN_POINT('Ctrl Pts',(-57.1578190682177,8.,48.8971525374117));
#11758=CARTESIAN_POINT('Ctrl Pts',(-57.461423726201,8.,48.8886892876974));
#11759=CARTESIAN_POINT('Ctrl Pts',(-57.6275419443846,8.,48.8840585947037));
#11760=CARTESIAN_POINT('',(-56.7579769343138,7.,49.0811592340469));
#11761=CARTESIAN_POINT('',(-56.7579769343138,8.,49.0811592340469));
#11762=CARTESIAN_POINT('Ctrl Pts',(-56.7579769343138,7.,49.0811592340469));
#11763=CARTESIAN_POINT('Ctrl Pts',(-56.8826062268765,7.,49.023805037268));
#11764=CARTESIAN_POINT('Ctrl Pts',(-57.1578190682177,7.,48.8971525374117));
#11765=CARTESIAN_POINT('Ctrl Pts',(-57.461423726201,7.,48.8886892876974));
#11766=CARTESIAN_POINT('Ctrl Pts',(-57.6275419443846,7.,48.8840585947037));
#11767=CARTESIAN_POINT('Ctrl Pts',(-56.4333390444517,8.,49.6608704328537));
#11768=CARTESIAN_POINT('Ctrl Pts',(-56.4333390444517,7.,49.6608704328537));
#11769=CARTESIAN_POINT('Ctrl Pts',(-56.4471240757633,8.,49.5423519704502));
#11770=CARTESIAN_POINT('Ctrl Pts',(-56.4471240757633,7.,49.5423519704502));
#11771=CARTESIAN_POINT('Ctrl Pts',(-56.4748272727674,8.,49.3041704068123));
#11772=CARTESIAN_POINT('Ctrl Pts',(-56.4748272727674,7.,49.3041704068123));
#11773=CARTESIAN_POINT('Ctrl Pts',(-56.6632918099003,8.,49.1557340738103));
#11774=CARTESIAN_POINT('Ctrl Pts',(-56.6632918099003,7.,49.1557340738103));
#11775=CARTESIAN_POINT('Ctrl Pts',(-56.7579769343138,8.,49.0811592340469));
#11776=CARTESIAN_POINT('Ctrl Pts',(-56.7579769343138,7.,49.0811592340469));
#11777=CARTESIAN_POINT('',(-56.4333390444517,8.,49.6608704328537));
#11778=CARTESIAN_POINT('Ctrl Pts',(-56.4333390444517,8.,49.6608704328537));
#11779=CARTESIAN_POINT('Ctrl Pts',(-56.4471240757633,8.,49.5423519704502));
#11780=CARTESIAN_POINT('Ctrl Pts',(-56.4748272727674,8.,49.3041704068123));
#11781=CARTESIAN_POINT('Ctrl Pts',(-56.6632918099003,8.,49.1557340738103));
#11782=CARTESIAN_POINT('Ctrl Pts',(-56.7579769343138,8.,49.0811592340469));
#11783=CARTESIAN_POINT('',(-56.4333390444517,7.,49.6608704328537));
#11784=CARTESIAN_POINT('',(-56.4333390444517,8.,49.6608704328537));
#11785=CARTESIAN_POINT('Ctrl Pts',(-56.4333390444517,7.,49.6608704328537));
#11786=CARTESIAN_POINT('Ctrl Pts',(-56.4471240757633,7.,49.5423519704502));
#11787=CARTESIAN_POINT('Ctrl Pts',(-56.4748272727674,7.,49.3041704068123));
#11788=CARTESIAN_POINT('Ctrl Pts',(-56.6632918099003,7.,49.1557340738103));
#11789=CARTESIAN_POINT('Ctrl Pts',(-56.7579769343138,7.,49.0811592340469));
#11790=CARTESIAN_POINT('Ctrl Pts',(-56.8275415152311,8.,50.3159421682358));
#11791=CARTESIAN_POINT('Ctrl Pts',(-56.8275415152311,7.,50.3159421682358));
#11792=CARTESIAN_POINT('Ctrl Pts',(-56.7125846900597,8.,50.2324268935106));
#11793=CARTESIAN_POINT('Ctrl Pts',(-56.7125846900597,7.,50.2324268935106));
#11794=CARTESIAN_POINT('Ctrl Pts',(-56.48801382782,8.,50.0692778397049));
#11795=CARTESIAN_POINT('Ctrl Pts',(-56.48801382782,7.,50.0692778397049));
#11796=CARTESIAN_POINT('Ctrl Pts',(-56.451272600825,8.,49.7948297611365));
#11797=CARTESIAN_POINT('Ctrl Pts',(-56.451272600825,7.,49.7948297611365));
#11798=CARTESIAN_POINT('Ctrl Pts',(-56.4333390444517,8.,49.6608704328537));
#11799=CARTESIAN_POINT('Ctrl Pts',(-56.4333390444517,7.,49.6608704328537));
#11800=CARTESIAN_POINT('',(-56.8275415152311,8.,50.3159421682358));
#11801=CARTESIAN_POINT('Ctrl Pts',(-56.8275415152311,8.,50.3159421682358));
#11802=CARTESIAN_POINT('Ctrl Pts',(-56.7125846900597,8.,50.2324268935106));
#11803=CARTESIAN_POINT('Ctrl Pts',(-56.48801382782,8.,50.0692778397049));
#11804=CARTESIAN_POINT('Ctrl Pts',(-56.451272600825,8.,49.7948297611365));
#11805=CARTESIAN_POINT('Ctrl Pts',(-56.4333390444517,8.,49.6608704328537));
#11806=CARTESIAN_POINT('',(-56.8275415152311,7.,50.3159421682358));
#11807=CARTESIAN_POINT('',(-56.8275415152311,8.,50.3159421682358));
#11808=CARTESIAN_POINT('Ctrl Pts',(-56.8275415152311,7.,50.3159421682358));
#11809=CARTESIAN_POINT('Ctrl Pts',(-56.7125846900597,7.,50.2324268935106));
#11810=CARTESIAN_POINT('Ctrl Pts',(-56.48801382782,7.,50.0692778397049));
#11811=CARTESIAN_POINT('Ctrl Pts',(-56.451272600825,7.,49.7948297611365));
#11812=CARTESIAN_POINT('Ctrl Pts',(-56.4333390444517,7.,49.6608704328537));
#11813=CARTESIAN_POINT('Ctrl Pts',(-58.1782662123442,8.,50.5536240339279));
#11814=CARTESIAN_POINT('Ctrl Pts',(-58.1782662123442,7.,50.5536240339279));
#11815=CARTESIAN_POINT('Ctrl Pts',(-57.9023559984123,8.,50.5534822178212));
#11816=CARTESIAN_POINT('Ctrl Pts',(-57.9023559984123,7.,50.5534822178212));
#11817=CARTESIAN_POINT('Ctrl Pts',(-57.4363309804983,8.,50.5532426839065));
#11818=CARTESIAN_POINT('Ctrl Pts',(-57.4363309804983,7.,50.5532426839065));
#11819=CARTESIAN_POINT('Ctrl Pts',(-57.0039366767398,8.,50.3846993744227));
#11820=CARTESIAN_POINT('Ctrl Pts',(-57.0039366767398,7.,50.3846993744227));
#11821=CARTESIAN_POINT('Ctrl Pts',(-56.8275415152311,8.,50.3159421682358));
#11822=CARTESIAN_POINT('Ctrl Pts',(-56.8275415152311,7.,50.3159421682358));
#11823=CARTESIAN_POINT('',(-58.1782662123442,8.,50.5536240339279));
#11824=CARTESIAN_POINT('Ctrl Pts',(-58.1782662123442,8.,50.5536240339279));
#11825=CARTESIAN_POINT('Ctrl Pts',(-57.9023559984123,8.,50.5534822178212));
#11826=CARTESIAN_POINT('Ctrl Pts',(-57.4363309804983,8.,50.5532426839065));
#11827=CARTESIAN_POINT('Ctrl Pts',(-57.0039366767398,8.,50.3846993744227));
#11828=CARTESIAN_POINT('Ctrl Pts',(-56.8275415152311,8.,50.3159421682358));
#11829=CARTESIAN_POINT('',(-58.1782662123442,7.,50.5536240339279));
#11830=CARTESIAN_POINT('',(-58.1782662123442,8.,50.5536240339279));
#11831=CARTESIAN_POINT('Ctrl Pts',(-58.1782662123442,7.,50.5536240339279));
#11832=CARTESIAN_POINT('Ctrl Pts',(-57.9023559984123,7.,50.5534822178212));
#11833=CARTESIAN_POINT('Ctrl Pts',(-57.4363309804983,7.,50.5532426839065));
#11834=CARTESIAN_POINT('Ctrl Pts',(-57.0039366767398,7.,50.3846993744227));
#11835=CARTESIAN_POINT('Ctrl Pts',(-56.8275415152311,7.,50.3159421682358));
#11836=CARTESIAN_POINT('Ctrl Pts',(-59.1637741774321,8.,50.4492753744125));
#11837=CARTESIAN_POINT('Ctrl Pts',(-59.1637741774321,7.,50.4492753744125));
#11838=CARTESIAN_POINT('Ctrl Pts',(-59.0251298126883,8.,50.4795504350502));
#11839=CARTESIAN_POINT('Ctrl Pts',(-59.0251298126883,7.,50.4795504350502));
#11840=CARTESIAN_POINT('Ctrl Pts',(-58.7008122953297,8.,50.5503699921382));
#11841=CARTESIAN_POINT('Ctrl Pts',(-58.7008122953297,7.,50.5503699921382));
#11842=CARTESIAN_POINT('Ctrl Pts',(-58.3685104350856,8.,50.5524393295139));
#11843=CARTESIAN_POINT('Ctrl Pts',(-58.3685104350856,7.,50.5524393295139));
#11844=CARTESIAN_POINT('Ctrl Pts',(-58.1782662123442,8.,50.5536240339279));
#11845=CARTESIAN_POINT('Ctrl Pts',(-58.1782662123442,7.,50.5536240339279));
#11846=CARTESIAN_POINT('',(-59.1637741774321,8.,50.4492753744125));
#11847=CARTESIAN_POINT('Ctrl Pts',(-59.1637741774321,8.,50.4492753744125));
#11848=CARTESIAN_POINT('Ctrl Pts',(-59.0251298126883,8.,50.4795504350502));
#11849=CARTESIAN_POINT('Ctrl Pts',(-58.7008122953297,8.,50.5503699921382));
#11850=CARTESIAN_POINT('Ctrl Pts',(-58.3685104350856,8.,50.5524393295139));
#11851=CARTESIAN_POINT('Ctrl Pts',(-58.1782662123442,8.,50.5536240339279));
#11852=CARTESIAN_POINT('',(-59.1637741774321,7.,50.4492753744125));
#11853=CARTESIAN_POINT('',(-59.1637741774321,8.,50.4492753744125));
#11854=CARTESIAN_POINT('Ctrl Pts',(-59.1637741774321,7.,50.4492753744125));
#11855=CARTESIAN_POINT('Ctrl Pts',(-59.0251298126883,7.,50.4795504350502));
#11856=CARTESIAN_POINT('Ctrl Pts',(-58.7008122953297,7.,50.5503699921382));
#11857=CARTESIAN_POINT('Ctrl Pts',(-58.3685104350856,7.,50.5524393295139));
#11858=CARTESIAN_POINT('Ctrl Pts',(-58.1782662123442,7.,50.5536240339279));
#11859=CARTESIAN_POINT('Ctrl Pts',(-59.6333395689726,8.,50.142028927803));
#11860=CARTESIAN_POINT('Ctrl Pts',(-59.6333395689726,7.,50.142028927803));
#11861=CARTESIAN_POINT('Ctrl Pts',(-59.5769603596348,8.,50.2082887195448));
#11862=CARTESIAN_POINT('Ctrl Pts',(-59.5769603596348,7.,50.2082887195448));
#11863=CARTESIAN_POINT('Ctrl Pts',(-59.4513143961163,8.,50.3559544188995));
#11864=CARTESIAN_POINT('Ctrl Pts',(-59.4513143961163,7.,50.3559544188995));
#11865=CARTESIAN_POINT('Ctrl Pts',(-59.2659582620817,8.,50.4161116087961));
#11866=CARTESIAN_POINT('Ctrl Pts',(-59.2659582620817,7.,50.4161116087961));
#11867=CARTESIAN_POINT('Ctrl Pts',(-59.1637741774321,8.,50.4492753744125));
#11868=CARTESIAN_POINT('Ctrl Pts',(-59.1637741774321,7.,50.4492753744125));
#11869=CARTESIAN_POINT('',(-59.6333395689726,8.,50.142028927803));
#11870=CARTESIAN_POINT('Ctrl Pts',(-59.6333395689726,8.,50.142028927803));
#11871=CARTESIAN_POINT('Ctrl Pts',(-59.5769603596348,8.,50.2082887195448));
#11872=CARTESIAN_POINT('Ctrl Pts',(-59.4513143961163,8.,50.3559544188995));
#11873=CARTESIAN_POINT('Ctrl Pts',(-59.2659582620817,8.,50.4161116087961));
#11874=CARTESIAN_POINT('Ctrl Pts',(-59.1637741774321,8.,50.4492753744125));
#11875=CARTESIAN_POINT('',(-59.6333395689726,7.,50.142028927803));
#11876=CARTESIAN_POINT('',(-59.6333395689726,8.,50.142028927803));
#11877=CARTESIAN_POINT('Ctrl Pts',(-59.6333395689726,7.,50.142028927803));
#11878=CARTESIAN_POINT('Ctrl Pts',(-59.5769603596348,7.,50.2082887195448));
#11879=CARTESIAN_POINT('Ctrl Pts',(-59.4513143961163,7.,50.3559544188995));
#11880=CARTESIAN_POINT('Ctrl Pts',(-59.2659582620817,7.,50.4161116087961));
#11881=CARTESIAN_POINT('Ctrl Pts',(-59.1637741774321,7.,50.4492753744125));
#11882=CARTESIAN_POINT('Ctrl Pts',(-59.7550784796476,8.,49.608696103096));
#11883=CARTESIAN_POINT('Ctrl Pts',(-59.7550784796476,7.,49.608696103096));
#11884=CARTESIAN_POINT('Ctrl Pts',(-59.7517686019732,8.,49.7088809686424));
#11885=CARTESIAN_POINT('Ctrl Pts',(-59.7517686019732,7.,49.7088809686424));
#11886=CARTESIAN_POINT('Ctrl Pts',(-59.7456232569397,8.,49.8948910350179));
#11887=CARTESIAN_POINT('Ctrl Pts',(-59.7456232569397,7.,49.8948910350179));
#11888=CARTESIAN_POINT('Ctrl Pts',(-59.6687903409372,8.,50.0640013065202));
#11889=CARTESIAN_POINT('Ctrl Pts',(-59.6687903409372,7.,50.0640013065202));
#11890=CARTESIAN_POINT('Ctrl Pts',(-59.6333395689726,8.,50.142028927803));
#11891=CARTESIAN_POINT('Ctrl Pts',(-59.6333395689726,7.,50.142028927803));
#11892=CARTESIAN_POINT('',(-59.7550784796476,8.,49.608696103096));
#11893=CARTESIAN_POINT('Ctrl Pts',(-59.7550784796476,8.,49.608696103096));
#11894=CARTESIAN_POINT('Ctrl Pts',(-59.7517686019732,8.,49.7088809686424));
#11895=CARTESIAN_POINT('Ctrl Pts',(-59.7456232569397,8.,49.8948910350179));
#11896=CARTESIAN_POINT('Ctrl Pts',(-59.6687903409372,8.,50.0640013065202));
#11897=CARTESIAN_POINT('Ctrl Pts',(-59.6333395689726,8.,50.142028927803));
#11898=CARTESIAN_POINT('',(-59.7550784796476,7.,49.608696103096));
#11899=CARTESIAN_POINT('',(-59.7550784796476,8.,49.608696103096));
#11900=CARTESIAN_POINT('Ctrl Pts',(-59.7550784796476,7.,49.608696103096));
#11901=CARTESIAN_POINT('Ctrl Pts',(-59.7517686019732,7.,49.7088809686424));
#11902=CARTESIAN_POINT('Ctrl Pts',(-59.7456232569397,7.,49.8948910350179));
#11903=CARTESIAN_POINT('Ctrl Pts',(-59.6687903409372,7.,50.0640013065202));
#11904=CARTESIAN_POINT('Ctrl Pts',(-59.6333395689726,7.,50.142028927803));
#11905=CARTESIAN_POINT('Origin',(-60.9202956408262,8.,49.608696103096));
#11906=CARTESIAN_POINT('',(-60.9202956408262,8.,49.608696103096));
#11907=CARTESIAN_POINT('',(-30.4601478204131,8.,49.608696103096));
#11908=CARTESIAN_POINT('',(-60.9202956408262,7.,49.608696103096));
#11909=CARTESIAN_POINT('',(-60.9202956408262,8.,49.608696103096));
#11910=CARTESIAN_POINT('',(-60.9202956408262,7.,49.608696103096));
#11911=CARTESIAN_POINT('Ctrl Pts',(-60.6768178194761,8.,50.6463772058487));
#11912=CARTESIAN_POINT('Ctrl Pts',(-60.6768178194761,7.,50.6463772058487));
#11913=CARTESIAN_POINT('Ctrl Pts',(-60.747762759277,8.,50.4918214784013));
#11914=CARTESIAN_POINT('Ctrl Pts',(-60.747762759277,7.,50.4918214784013));
#11915=CARTESIAN_POINT('Ctrl Pts',(-60.8987465038841,8.,50.1628987596569));
#11916=CARTESIAN_POINT('Ctrl Pts',(-60.8987465038841,7.,50.1628987596569));
#11917=CARTESIAN_POINT('Ctrl Pts',(-60.9128298450854,8.,49.8007021144754));
#11918=CARTESIAN_POINT('Ctrl Pts',(-60.9128298450854,7.,49.8007021144754));
#11919=CARTESIAN_POINT('Ctrl Pts',(-60.9202956408262,8.,49.608696103096));
#11920=CARTESIAN_POINT('Ctrl Pts',(-60.9202956408262,7.,49.608696103096));
#11921=CARTESIAN_POINT('',(-60.6768178194761,8.,50.6463772058487));
#11922=CARTESIAN_POINT('Ctrl Pts',(-60.6768178194761,8.,50.6463772058487));
#11923=CARTESIAN_POINT('Ctrl Pts',(-60.747762759277,8.,50.4918214784013));
#11924=CARTESIAN_POINT('Ctrl Pts',(-60.8987465038841,8.,50.1628987596569));
#11925=CARTESIAN_POINT('Ctrl Pts',(-60.9128298450854,8.,49.8007021144754));
#11926=CARTESIAN_POINT('Ctrl Pts',(-60.9202956408262,8.,49.608696103096));
#11927=CARTESIAN_POINT('',(-60.6768178194761,7.,50.6463772058487));
#11928=CARTESIAN_POINT('',(-60.6768178194761,8.,50.6463772058487));
#11929=CARTESIAN_POINT('Ctrl Pts',(-60.6768178194761,7.,50.6463772058487));
#11930=CARTESIAN_POINT('Ctrl Pts',(-60.747762759277,7.,50.4918214784013));
#11931=CARTESIAN_POINT('Ctrl Pts',(-60.8987465038841,7.,50.1628987596569));
#11932=CARTESIAN_POINT('Ctrl Pts',(-60.9128298450854,7.,49.8007021144754));
#11933=CARTESIAN_POINT('Ctrl Pts',(-60.9202956408262,7.,49.608696103096));
#11934=CARTESIAN_POINT('Ctrl Pts',(-59.8420345038176,8.,51.2840586900711));
#11935=CARTESIAN_POINT('Ctrl Pts',(-59.8420345038176,7.,51.2840586900711));
#11936=CARTESIAN_POINT('Ctrl Pts',(-60.0212783342809,8.,51.209366846936));
#11937=CARTESIAN_POINT('Ctrl Pts',(-60.0212783342809,7.,51.209366846936));
#11938=CARTESIAN_POINT('Ctrl Pts',(-60.3566173164299,8.,51.0696293363783));
#11939=CARTESIAN_POINT('Ctrl Pts',(-60.3566173164299,7.,51.0696293363783));
#11940=CARTESIAN_POINT('Ctrl Pts',(-60.5751119292018,8.,50.7808155791069));
#11941=CARTESIAN_POINT('Ctrl Pts',(-60.5751119292018,7.,50.7808155791069));
#11942=CARTESIAN_POINT('Ctrl Pts',(-60.6768178194761,8.,50.6463772058487));
#11943=CARTESIAN_POINT('Ctrl Pts',(-60.6768178194761,7.,50.6463772058487));
#11944=CARTESIAN_POINT('',(-59.8420345038176,8.,51.2840586900711));
#11945=CARTESIAN_POINT('Ctrl Pts',(-59.8420345038176,8.,51.2840586900711));
#11946=CARTESIAN_POINT('Ctrl Pts',(-60.0212783342809,8.,51.209366846936));
#11947=CARTESIAN_POINT('Ctrl Pts',(-60.3566173164299,8.,51.0696293363783));
#11948=CARTESIAN_POINT('Ctrl Pts',(-60.5751119292018,8.,50.7808155791069));
#11949=CARTESIAN_POINT('Ctrl Pts',(-60.6768178194761,8.,50.6463772058487));
#11950=CARTESIAN_POINT('',(-59.8420345038176,7.,51.2840586900711));
#11951=CARTESIAN_POINT('',(-59.8420345038176,8.,51.2840586900711));
#11952=CARTESIAN_POINT('Ctrl Pts',(-59.8420345038176,7.,51.2840586900711));
#11953=CARTESIAN_POINT('Ctrl Pts',(-60.0212783342809,7.,51.209366846936));
#11954=CARTESIAN_POINT('Ctrl Pts',(-60.3566173164299,7.,51.0696293363783));
#11955=CARTESIAN_POINT('Ctrl Pts',(-60.5751119292018,7.,50.7808155791069));
#11956=CARTESIAN_POINT('Ctrl Pts',(-60.6768178194761,7.,50.6463772058487));
#11957=CARTESIAN_POINT('Ctrl Pts',(-58.1898605078459,8.,51.4985507726669));
#11958=CARTESIAN_POINT('Ctrl Pts',(-58.1898605078459,7.,51.4985507726669));
#11959=CARTESIAN_POINT('Ctrl Pts',(-58.5054219806001,8.,51.495152598645));
#11960=CARTESIAN_POINT('Ctrl Pts',(-58.5054219806001,7.,51.495152598645));
#11961=CARTESIAN_POINT('Ctrl Pts',(-59.0653484581988,8.,51.489122941115));
#11962=CARTESIAN_POINT('Ctrl Pts',(-59.0653484581988,7.,51.489122941115));
#11963=CARTESIAN_POINT('Ctrl Pts',(-59.6060567601223,8.,51.3463626281255));
#11964=CARTESIAN_POINT('Ctrl Pts',(-59.6060567601223,7.,51.3463626281255));
#11965=CARTESIAN_POINT('Ctrl Pts',(-59.8420345038176,8.,51.2840586900711));
#11966=CARTESIAN_POINT('Ctrl Pts',(-59.8420345038176,7.,51.2840586900711));
#11967=CARTESIAN_POINT('',(-58.1898605078459,8.,51.4985507726669));
#11968=CARTESIAN_POINT('Ctrl Pts',(-58.1898605078459,8.,51.4985507726669));
#11969=CARTESIAN_POINT('Ctrl Pts',(-58.5054219806001,8.,51.495152598645));
#11970=CARTESIAN_POINT('Ctrl Pts',(-59.0653484581988,8.,51.489122941115));
#11971=CARTESIAN_POINT('Ctrl Pts',(-59.6060567601223,8.,51.3463626281255));
#11972=CARTESIAN_POINT('Ctrl Pts',(-59.8420345038176,8.,51.2840586900711));
#11973=CARTESIAN_POINT('',(-58.1898605078459,7.,51.4985507726669));
#11974=CARTESIAN_POINT('',(-58.1898605078459,8.,51.4985507726669));
#11975=CARTESIAN_POINT('Ctrl Pts',(-58.1898605078459,7.,51.4985507726669));
#11976=CARTESIAN_POINT('Ctrl Pts',(-58.5054219806001,7.,51.495152598645));
#11977=CARTESIAN_POINT('Ctrl Pts',(-59.0653484581988,7.,51.489122941115));
#11978=CARTESIAN_POINT('Ctrl Pts',(-59.6060567601223,7.,51.3463626281255));
#11979=CARTESIAN_POINT('Ctrl Pts',(-59.8420345038176,7.,51.2840586900711));
#11980=CARTESIAN_POINT('Ctrl Pts',(-55.9173976629972,8.,50.9942036867142));
#11981=CARTESIAN_POINT('Ctrl Pts',(-55.9173976629972,7.,50.9942036867142));
#11982=CARTESIAN_POINT('Ctrl Pts',(-56.2332639448938,8.,51.1407640266031));
#11983=CARTESIAN_POINT('Ctrl Pts',(-56.2332639448938,7.,51.1407640266031));
#11984=CARTESIAN_POINT('Ctrl Pts',(-56.9512050123729,8.,51.4738850113381));
#11985=CARTESIAN_POINT('Ctrl Pts',(-56.9512050123729,7.,51.4738850113381));
#11986=CARTESIAN_POINT('Ctrl Pts',(-57.7451952458395,8.,51.489696004522));
#11987=CARTESIAN_POINT('Ctrl Pts',(-57.7451952458395,7.,51.489696004522));
#11988=CARTESIAN_POINT('Ctrl Pts',(-58.1898605078459,8.,51.4985507726669));
#11989=CARTESIAN_POINT('Ctrl Pts',(-58.1898605078459,7.,51.4985507726669));
#11990=CARTESIAN_POINT('',(-55.9173976629972,8.,50.9942036867142));
#11991=CARTESIAN_POINT('Ctrl Pts',(-55.9173976629972,8.,50.9942036867142));
#11992=CARTESIAN_POINT('Ctrl Pts',(-56.2332639448938,8.,51.1407640266031));
#11993=CARTESIAN_POINT('Ctrl Pts',(-56.9512050123729,8.,51.4738850113381));
#11994=CARTESIAN_POINT('Ctrl Pts',(-57.7451952458395,8.,51.489696004522));
#11995=CARTESIAN_POINT('Ctrl Pts',(-58.1898605078459,8.,51.4985507726669));
#11996=CARTESIAN_POINT('',(-55.9173976629972,7.,50.9942036867142));
#11997=CARTESIAN_POINT('',(-55.9173976629972,8.,50.9942036867142));
#11998=CARTESIAN_POINT('Ctrl Pts',(-55.9173976629972,7.,50.9942036867142));
#11999=CARTESIAN_POINT('Ctrl Pts',(-56.2332639448938,7.,51.1407640266031));
#12000=CARTESIAN_POINT('Ctrl Pts',(-56.9512050123729,7.,51.4738850113381));
#12001=CARTESIAN_POINT('Ctrl Pts',(-57.7451952458395,7.,51.489696004522));
#12002=CARTESIAN_POINT('Ctrl Pts',(-58.1898605078459,7.,51.4985507726669));
#12003=CARTESIAN_POINT('Ctrl Pts',(-55.1289903372526,8.,49.5739132165909));
#12004=CARTESIAN_POINT('Ctrl Pts',(-55.1289903372526,7.,49.5739132165909));
#12005=CARTESIAN_POINT('Ctrl Pts',(-55.1626898494848,8.,49.8626174681462));
#12006=CARTESIAN_POINT('Ctrl Pts',(-55.1626898494848,7.,49.8626174681462));
#12007=CARTESIAN_POINT('Ctrl Pts',(-55.2305313066866,8.,50.4438162994804));
#12008=CARTESIAN_POINT('Ctrl Pts',(-55.2305313066866,7.,50.4438162994804));
#12009=CARTESIAN_POINT('Ctrl Pts',(-55.687448937623,8.,50.8099453124414));
#12010=CARTESIAN_POINT('Ctrl Pts',(-55.687448937623,7.,50.8099453124414));
#12011=CARTESIAN_POINT('Ctrl Pts',(-55.9173976629972,8.,50.9942036867142));
#12012=CARTESIAN_POINT('Ctrl Pts',(-55.9173976629972,7.,50.9942036867142));
#12013=CARTESIAN_POINT('',(-55.1289903372526,8.,49.5739132165909));
#12014=CARTESIAN_POINT('Ctrl Pts',(-55.1289903372526,8.,49.5739132165909));
#12015=CARTESIAN_POINT('Ctrl Pts',(-55.1626898494848,8.,49.8626174681462));
#12016=CARTESIAN_POINT('Ctrl Pts',(-55.2305313066866,8.,50.4438162994804));
#12017=CARTESIAN_POINT('Ctrl Pts',(-55.687448937623,8.,50.8099453124414));
#12018=CARTESIAN_POINT('Ctrl Pts',(-55.9173976629972,8.,50.9942036867142));
#12019=CARTESIAN_POINT('',(-55.1289903372526,7.,49.5739132165909));
#12020=CARTESIAN_POINT('',(-55.1289903372526,8.,49.5739132165909));
#12021=CARTESIAN_POINT('Ctrl Pts',(-55.1289903372526,7.,49.5739132165909));
#12022=CARTESIAN_POINT('Ctrl Pts',(-55.1626898494848,7.,49.8626174681462));
#12023=CARTESIAN_POINT('Ctrl Pts',(-55.2305313066866,7.,50.4438162994804));
#12024=CARTESIAN_POINT('Ctrl Pts',(-55.687448937623,7.,50.8099453124414));
#12025=CARTESIAN_POINT('Ctrl Pts',(-55.9173976629972,7.,50.9942036867142));
#12026=CARTESIAN_POINT('Ctrl Pts',(-55.4188453406096,8.,48.7043482065201));
#12027=CARTESIAN_POINT('Ctrl Pts',(-55.4188453406096,7.,48.7043482065201));
#12028=CARTESIAN_POINT('Ctrl Pts',(-55.3343040677431,8.,48.8365453055392));
#12029=CARTESIAN_POINT('Ctrl Pts',(-55.3343040677431,7.,48.8365453055392));
#12030=CARTESIAN_POINT('Ctrl Pts',(-55.1645610469315,8.,49.1019722877599));
#12031=CARTESIAN_POINT('Ctrl Pts',(-55.1645610469315,7.,49.1019722877599));
#12032=CARTESIAN_POINT('Ctrl Pts',(-55.1408779576775,8.,49.4161920275689));
#12033=CARTESIAN_POINT('Ctrl Pts',(-55.1408779576775,7.,49.4161920275689));
#12034=CARTESIAN_POINT('Ctrl Pts',(-55.1289903372526,8.,49.5739132165909));
#12035=CARTESIAN_POINT('Ctrl Pts',(-55.1289903372526,7.,49.5739132165909));
#12036=CARTESIAN_POINT('',(-55.4188453406096,8.,48.7043482065201));
#12037=CARTESIAN_POINT('Ctrl Pts',(-55.4188453406096,8.,48.7043482065201));
#12038=CARTESIAN_POINT('Ctrl Pts',(-55.3343040677431,8.,48.8365453055392));
#12039=CARTESIAN_POINT('Ctrl Pts',(-55.1645610469315,8.,49.1019722877599));
#12040=CARTESIAN_POINT('Ctrl Pts',(-55.1408779576775,8.,49.4161920275689));
#12041=CARTESIAN_POINT('Ctrl Pts',(-55.1289903372526,8.,49.5739132165909));
#12042=CARTESIAN_POINT('',(-55.4188453406096,7.,48.7043482065201));
#12043=CARTESIAN_POINT('',(-55.4188453406096,8.,48.7043482065201));
#12044=CARTESIAN_POINT('Ctrl Pts',(-55.4188453406096,7.,48.7043482065201));
#12045=CARTESIAN_POINT('Ctrl Pts',(-55.3343040677431,7.,48.8365453055392));
#12046=CARTESIAN_POINT('Ctrl Pts',(-55.1645610469315,7.,49.1019722877599));
#12047=CARTESIAN_POINT('Ctrl Pts',(-55.1408779576775,7.,49.4161920275689));
#12048=CARTESIAN_POINT('Ctrl Pts',(-55.1289903372526,7.,49.5739132165909));
#12049=CARTESIAN_POINT('Ctrl Pts',(-56.2072526663542,8.,48.0956524610519));
#12050=CARTESIAN_POINT('Ctrl Pts',(-56.2072526663542,7.,48.0956524610519));
#12051=CARTESIAN_POINT('Ctrl Pts',(-56.0501335628407,8.,48.1736516143776));
#12052=CARTESIAN_POINT('Ctrl Pts',(-56.0501335628407,7.,48.1736516143776));
#12053=CARTESIAN_POINT('Ctrl Pts',(-55.7466152137792,8.,48.3243282266811));
#12054=CARTESIAN_POINT('Ctrl Pts',(-55.7466152137792,7.,48.3243282266811));
#12055=CARTESIAN_POINT('Ctrl Pts',(-55.5254987871969,8.,48.5806930327546));
#12056=CARTESIAN_POINT('Ctrl Pts',(-55.5254987871969,7.,48.5806930327546));
#12057=CARTESIAN_POINT('Ctrl Pts',(-55.4188453406096,8.,48.7043482065201));
#12058=CARTESIAN_POINT('Ctrl Pts',(-55.4188453406096,7.,48.7043482065201));
#12059=CARTESIAN_POINT('',(-56.2072526663542,8.,48.0956524610519));
#12060=CARTESIAN_POINT('Ctrl Pts',(-56.2072526663542,8.,48.0956524610519));
#12061=CARTESIAN_POINT('Ctrl Pts',(-56.0501335628407,8.,48.1736516143776));
#12062=CARTESIAN_POINT('Ctrl Pts',(-55.7466152137792,8.,48.3243282266811));
#12063=CARTESIAN_POINT('Ctrl Pts',(-55.5254987871969,8.,48.5806930327546));
#12064=CARTESIAN_POINT('Ctrl Pts',(-55.4188453406096,8.,48.7043482065201));
#12065=CARTESIAN_POINT('',(-56.2072526663542,7.,48.0956524610519));
#12066=CARTESIAN_POINT('',(-56.2072526663542,8.,48.0956524610519));
#12067=CARTESIAN_POINT('Ctrl Pts',(-56.2072526663542,7.,48.0956524610519));
#12068=CARTESIAN_POINT('Ctrl Pts',(-56.0501335628407,7.,48.1736516143776));
#12069=CARTESIAN_POINT('Ctrl Pts',(-55.7466152137792,7.,48.3243282266811));
#12070=CARTESIAN_POINT('Ctrl Pts',(-55.5254987871969,7.,48.5806930327546));
#12071=CARTESIAN_POINT('Ctrl Pts',(-55.4188453406096,7.,48.7043482065201));
#12072=CARTESIAN_POINT('Ctrl Pts',(-57.3608755320311,8.,47.8695648908615));
#12073=CARTESIAN_POINT('Ctrl Pts',(-57.3608755320311,7.,47.8695648908615));
#12074=CARTESIAN_POINT('Ctrl Pts',(-57.1532903696425,8.,47.8771134198547));
#12075=CARTESIAN_POINT('Ctrl Pts',(-57.1532903696425,7.,47.8771134198547));
#12076=CARTESIAN_POINT('Ctrl Pts',(-56.7564926611039,8.,47.8915423846847));
#12077=CARTESIAN_POINT('Ctrl Pts',(-56.7564926611039,7.,47.8915423846847));
#12078=CARTESIAN_POINT('Ctrl Pts',(-56.3845927333966,8.,48.0297488579403));
#12079=CARTESIAN_POINT('Ctrl Pts',(-56.3845927333966,7.,48.0297488579403));
#12080=CARTESIAN_POINT('Ctrl Pts',(-56.2072526663542,8.,48.0956524610519));
#12081=CARTESIAN_POINT('Ctrl Pts',(-56.2072526663542,7.,48.0956524610519));
#12082=CARTESIAN_POINT('',(-57.3608755320311,8.,47.8695648908615));
#12083=CARTESIAN_POINT('Ctrl Pts',(-57.3608755320311,8.,47.8695648908615));
#12084=CARTESIAN_POINT('Ctrl Pts',(-57.1532903696425,8.,47.8771134198547));
#12085=CARTESIAN_POINT('Ctrl Pts',(-56.7564926611039,8.,47.8915423846847));
#12086=CARTESIAN_POINT('Ctrl Pts',(-56.3845927333966,8.,48.0297488579403));
#12087=CARTESIAN_POINT('Ctrl Pts',(-56.2072526663542,8.,48.0956524610519));
#12088=CARTESIAN_POINT('',(-57.3608755320311,7.,47.8695648908615));
#12089=CARTESIAN_POINT('',(-57.3608755320311,8.,47.8695648908615));
#12090=CARTESIAN_POINT('Ctrl Pts',(-57.3608755320311,7.,47.8695648908615));
#12091=CARTESIAN_POINT('Ctrl Pts',(-57.1532903696425,7.,47.8771134198547));
#12092=CARTESIAN_POINT('Ctrl Pts',(-56.7564926611039,7.,47.8915423846847));
#12093=CARTESIAN_POINT('Ctrl Pts',(-56.3845927333966,7.,48.0297488579403));
#12094=CARTESIAN_POINT('Ctrl Pts',(-56.2072526663542,7.,48.0956524610519));
#12095=CARTESIAN_POINT('Origin',(-58.427542373538,8.,47.8695648908615));
#12096=CARTESIAN_POINT('',(-58.427542373538,8.,47.8695648908615));
#12097=CARTESIAN_POINT('',(-29.213771186769,8.,47.8695648908615));
#12098=CARTESIAN_POINT('',(-58.427542373538,7.,47.8695648908615));
#12099=CARTESIAN_POINT('',(-58.427542373538,8.,47.8695648908615));
#12100=CARTESIAN_POINT('',(-58.427542373538,7.,47.8695648908615));
#12101=CARTESIAN_POINT('Ctrl Pts',(-59.042035266757,8.,47.7362316846848));
#12102=CARTESIAN_POINT('Ctrl Pts',(-59.042035266757,7.,47.7362316846848));
#12103=CARTESIAN_POINT('Ctrl Pts',(-58.9660422080693,8.,47.7747274224395));
#12104=CARTESIAN_POINT('Ctrl Pts',(-58.9660422080693,7.,47.7747274224395));
#12105=CARTESIAN_POINT('Ctrl Pts',(-58.7744751355353,8.,47.8717693880357));
#12106=CARTESIAN_POINT('Ctrl Pts',(-58.7744751355353,7.,47.8717693880357));
#12107=CARTESIAN_POINT('Ctrl Pts',(-58.558089583328,8.,47.8703944203456));
#12108=CARTESIAN_POINT('Ctrl Pts',(-58.558089583328,7.,47.8703944203456));
#12109=CARTESIAN_POINT('Ctrl Pts',(-58.427542373538,8.,47.8695648908615));
#12110=CARTESIAN_POINT('Ctrl Pts',(-58.427542373538,7.,47.8695648908615));
#12111=CARTESIAN_POINT('',(-59.042035266757,8.,47.7362316846848));
#12112=CARTESIAN_POINT('Ctrl Pts',(-59.042035266757,8.,47.7362316846848));
#12113=CARTESIAN_POINT('Ctrl Pts',(-58.9660422080693,8.,47.7747274224395));
#12114=CARTESIAN_POINT('Ctrl Pts',(-58.7744751355353,8.,47.8717693880357));
#12115=CARTESIAN_POINT('Ctrl Pts',(-58.558089583328,8.,47.8703944203456));
#12116=CARTESIAN_POINT('Ctrl Pts',(-58.427542373538,8.,47.8695648908615));
#12117=CARTESIAN_POINT('',(-59.042035266757,7.,47.7362316846848));
#12118=CARTESIAN_POINT('',(-59.042035266757,8.,47.7362316846848));
#12119=CARTESIAN_POINT('Ctrl Pts',(-59.042035266757,7.,47.7362316846848));
#12120=CARTESIAN_POINT('Ctrl Pts',(-58.9660422080693,7.,47.7747274224395));
#12121=CARTESIAN_POINT('Ctrl Pts',(-58.7744751355353,7.,47.8717693880357));
#12122=CARTESIAN_POINT('Ctrl Pts',(-58.558089583328,7.,47.8703944203456));
#12123=CARTESIAN_POINT('Ctrl Pts',(-58.427542373538,7.,47.8695648908615));
#12124=CARTESIAN_POINT('Ctrl Pts',(-59.1927587240934,8.,47.4115949869156));
#12125=CARTESIAN_POINT('Ctrl Pts',(-59.1927587240934,7.,47.4115949869156));
#12126=CARTESIAN_POINT('Ctrl Pts',(-59.1857919962063,8.,47.4721206101832));
#12127=CARTESIAN_POINT('Ctrl Pts',(-59.1857919962063,7.,47.4721206101832));
#12128=CARTESIAN_POINT('Ctrl Pts',(-59.1714491532668,8.,47.5967285355115));
#12129=CARTESIAN_POINT('Ctrl Pts',(-59.1714491532668,7.,47.5967285355115));
#12130=CARTESIAN_POINT('Ctrl Pts',(-59.0859863493379,8.,47.6888541227016));
#12131=CARTESIAN_POINT('Ctrl Pts',(-59.0859863493379,7.,47.6888541227016));
#12132=CARTESIAN_POINT('Ctrl Pts',(-59.042035266757,8.,47.7362316846848));
#12133=CARTESIAN_POINT('Ctrl Pts',(-59.042035266757,7.,47.7362316846848));
#12134=CARTESIAN_POINT('',(-59.1927587240934,8.,47.4115949869156));
#12135=CARTESIAN_POINT('Ctrl Pts',(-59.1927587240934,8.,47.4115949869156));
#12136=CARTESIAN_POINT('Ctrl Pts',(-59.1857919962063,8.,47.4721206101832));
#12137=CARTESIAN_POINT('Ctrl Pts',(-59.1714491532668,8.,47.5967285355115));
#12138=CARTESIAN_POINT('Ctrl Pts',(-59.0859863493379,8.,47.6888541227016));
#12139=CARTESIAN_POINT('Ctrl Pts',(-59.042035266757,8.,47.7362316846848));
#12140=CARTESIAN_POINT('',(-59.1927587240934,7.,47.4115949869156));
#12141=CARTESIAN_POINT('',(-59.1927587240934,8.,47.4115949869156));
#12142=CARTESIAN_POINT('Ctrl Pts',(-59.1927587240934,7.,47.4115949869156));
#12143=CARTESIAN_POINT('Ctrl Pts',(-59.1857919962063,7.,47.4721206101832));
#12144=CARTESIAN_POINT('Ctrl Pts',(-59.1714491532668,7.,47.5967285355115));
#12145=CARTESIAN_POINT('Ctrl Pts',(-59.0859863493379,7.,47.6888541227016));
#12146=CARTESIAN_POINT('Ctrl Pts',(-59.042035266757,7.,47.7362316846848));
#12147=CARTESIAN_POINT('Ctrl Pts',(-58.9202951639891,8.,46.9072467088699));
#12148=CARTESIAN_POINT('Ctrl Pts',(-58.9202951639891,7.,46.9072467088699));
#12149=CARTESIAN_POINT('Ctrl Pts',(-58.9997634935887,8.,46.9731006828508));
#12150=CARTESIAN_POINT('Ctrl Pts',(-58.9997634935887,7.,46.9731006828508));
#12151=CARTESIAN_POINT('Ctrl Pts',(-59.1584432916414,8.,47.104595774605));
#12152=CARTESIAN_POINT('Ctrl Pts',(-59.1584432916414,7.,47.104595774605));
#12153=CARTESIAN_POINT('Ctrl Pts',(-59.1813325972118,8.,47.3093724094404));
#12154=CARTESIAN_POINT('Ctrl Pts',(-59.1813325972118,7.,47.3093724094404));
#12155=CARTESIAN_POINT('Ctrl Pts',(-59.1927587240934,8.,47.4115949869156));
#12156=CARTESIAN_POINT('Ctrl Pts',(-59.1927587240934,7.,47.4115949869156));
#12157=CARTESIAN_POINT('',(-58.9202951639891,8.,46.9072467088699));
#12158=CARTESIAN_POINT('Ctrl Pts',(-58.9202951639891,8.,46.9072467088699));
#12159=CARTESIAN_POINT('Ctrl Pts',(-58.9997634935887,8.,46.9731006828508));
#12160=CARTESIAN_POINT('Ctrl Pts',(-59.1584432916414,8.,47.104595774605));
#12161=CARTESIAN_POINT('Ctrl Pts',(-59.1813325972118,8.,47.3093724094404));
#12162=CARTESIAN_POINT('Ctrl Pts',(-59.1927587240934,8.,47.4115949869156));
#12163=CARTESIAN_POINT('',(-58.9202951639891,7.,46.9072467088699));
#12164=CARTESIAN_POINT('',(-58.9202951639891,8.,46.9072467088699));
#12165=CARTESIAN_POINT('Ctrl Pts',(-58.9202951639891,7.,46.9072467088699));
#12166=CARTESIAN_POINT('Ctrl Pts',(-58.9997634935887,7.,46.9731006828508));
#12167=CARTESIAN_POINT('Ctrl Pts',(-59.1584432916414,7.,47.104595774605));
#12168=CARTESIAN_POINT('Ctrl Pts',(-59.1813325972118,7.,47.3093724094404));
#12169=CARTESIAN_POINT('Ctrl Pts',(-59.1927587240934,7.,47.4115949869156));
#12170=CARTESIAN_POINT('Ctrl Pts',(-58.5434841364622,8.,46.9826084375381));
#12171=CARTESIAN_POINT('Ctrl Pts',(-58.5434841364622,7.,46.9826084375381));
#12172=CARTESIAN_POINT('Ctrl Pts',(-58.6070107278543,8.,46.9736715267543));
#12173=CARTESIAN_POINT('Ctrl Pts',(-58.6070107278543,7.,46.9736715267543));
#12174=CARTESIAN_POINT('Ctrl Pts',(-58.7340637503332,8.,46.9557977277382));
#12175=CARTESIAN_POINT('Ctrl Pts',(-58.7340637503332,7.,46.9557977277382));
#12176=CARTESIAN_POINT('Ctrl Pts',(-58.8582180783197,8.,46.9234303682132));
#12177=CARTESIAN_POINT('Ctrl Pts',(-58.8582180783197,7.,46.9234303682132));
#12178=CARTESIAN_POINT('Ctrl Pts',(-58.9202951639891,8.,46.9072467088699));
#12179=CARTESIAN_POINT('Ctrl Pts',(-58.9202951639891,7.,46.9072467088699));
#12180=CARTESIAN_POINT('',(-58.5434841364622,8.,46.9826084375381));
#12181=CARTESIAN_POINT('Ctrl Pts',(-58.5434841364622,8.,46.9826084375381));
#12182=CARTESIAN_POINT('Ctrl Pts',(-58.6070107278543,8.,46.9736715267543));
#12183=CARTESIAN_POINT('Ctrl Pts',(-58.7340637503332,8.,46.9557977277382));
#12184=CARTESIAN_POINT('Ctrl Pts',(-58.8582180783197,8.,46.9234303682132));
#12185=CARTESIAN_POINT('Ctrl Pts',(-58.9202951639891,8.,46.9072467088699));
#12186=CARTESIAN_POINT('',(-58.5434841364622,7.,46.9826084375381));
#12187=CARTESIAN_POINT('',(-58.5434841364622,8.,46.9826084375381));
#12188=CARTESIAN_POINT('Ctrl Pts',(-58.5434841364622,7.,46.9826084375381));
#12189=CARTESIAN_POINT('Ctrl Pts',(-58.6070107278543,7.,46.9736715267543));
#12190=CARTESIAN_POINT('Ctrl Pts',(-58.7340637503332,7.,46.9557977277382));
#12191=CARTESIAN_POINT('Ctrl Pts',(-58.8582180783197,7.,46.9234303682132));
#12192=CARTESIAN_POINT('Ctrl Pts',(-58.9202951639891,7.,46.9072467088699));
#12193=CARTESIAN_POINT('Ctrl Pts',(-58.0797158926725,8.,47.0057970285416));
#12194=CARTESIAN_POINT('Ctrl Pts',(-58.0797158926725,7.,47.0057970285416));
#12195=CARTESIAN_POINT('Ctrl Pts',(-58.1628748804523,8.,47.0051487401628));
#12196=CARTESIAN_POINT('Ctrl Pts',(-58.1628748804523,7.,47.0051487401628));
#12197=CARTESIAN_POINT('Ctrl Pts',(-58.3178042438091,8.,47.0039409464116));
#12198=CARTESIAN_POINT('Ctrl Pts',(-58.3178042438091,7.,47.0039409464116));
#12199=CARTESIAN_POINT('Ctrl Pts',(-58.4720366317934,8.,46.9893620499642));
#12200=CARTESIAN_POINT('Ctrl Pts',(-58.4720366317934,7.,46.9893620499642));
#12201=CARTESIAN_POINT('Ctrl Pts',(-58.5434841364622,8.,46.9826084375381));
#12202=CARTESIAN_POINT('Ctrl Pts',(-58.5434841364622,7.,46.9826084375381));
#12203=CARTESIAN_POINT('',(-58.0797158926725,8.,47.0057970285416));
#12204=CARTESIAN_POINT('Ctrl Pts',(-58.0797158926725,8.,47.0057970285416));
#12205=CARTESIAN_POINT('Ctrl Pts',(-58.1628748804523,8.,47.0051487401628));
#12206=CARTESIAN_POINT('Ctrl Pts',(-58.3178042438091,8.,47.0039409464116));
#12207=CARTESIAN_POINT('Ctrl Pts',(-58.4720366317934,8.,46.9893620499642));
#12208=CARTESIAN_POINT('Ctrl Pts',(-58.5434841364622,8.,46.9826084375381));
#12209=CARTESIAN_POINT('',(-58.0797158926725,7.,47.0057970285416));
#12210=CARTESIAN_POINT('',(-58.0797158926725,8.,47.0057970285416));
#12211=CARTESIAN_POINT('Ctrl Pts',(-58.0797158926725,7.,47.0057970285416));
#12212=CARTESIAN_POINT('Ctrl Pts',(-58.1628748804523,7.,47.0051487401628));
#12213=CARTESIAN_POINT('Ctrl Pts',(-58.3178042438091,7.,47.0039409464116));
#12214=CARTESIAN_POINT('Ctrl Pts',(-58.4720366317934,7.,46.9893620499642));
#12215=CARTESIAN_POINT('Ctrl Pts',(-58.5434841364622,7.,46.9826084375381));
#12216=CARTESIAN_POINT('Ctrl Pts',(-56.792758628726,8.,46.739130616188));
#12217=CARTESIAN_POINT('Ctrl Pts',(-56.792758628726,7.,46.739130616188));
#12218=CARTESIAN_POINT('Ctrl Pts',(-56.9874962828702,8.,46.8168413920354));
#12219=CARTESIAN_POINT('Ctrl Pts',(-56.9874962828702,7.,46.8168413920354));
#12220=CARTESIAN_POINT('Ctrl Pts',(-57.4002535629665,8.,46.9815537000577));
#12221=CARTESIAN_POINT('Ctrl Pts',(-57.4002535629665,7.,46.9815537000577));
#12222=CARTESIAN_POINT('Ctrl Pts',(-57.8448687992698,8.,46.9974176453441));
#12223=CARTESIAN_POINT('Ctrl Pts',(-57.8448687992698,7.,46.9974176453441));
#12224=CARTESIAN_POINT('Ctrl Pts',(-58.0797158926725,8.,47.0057970285416));
#12225=CARTESIAN_POINT('Ctrl Pts',(-58.0797158926725,7.,47.0057970285416));
#12226=CARTESIAN_POINT('',(-56.792758628726,8.,46.739130616188));
#12227=CARTESIAN_POINT('Ctrl Pts',(-56.792758628726,8.,46.739130616188));
#12228=CARTESIAN_POINT('Ctrl Pts',(-56.9874962828702,8.,46.8168413920354));
#12229=CARTESIAN_POINT('Ctrl Pts',(-57.4002535629665,8.,46.9815537000577));
#12230=CARTESIAN_POINT('Ctrl Pts',(-57.8448687992698,8.,46.9974176453441));
#12231=CARTESIAN_POINT('Ctrl Pts',(-58.0797158926725,8.,47.0057970285416));
#12232=CARTESIAN_POINT('',(-56.792758628726,7.,46.739130616188));
#12233=CARTESIAN_POINT('',(-56.792758628726,8.,46.739130616188));
#12234=CARTESIAN_POINT('Ctrl Pts',(-56.792758628726,7.,46.739130616188));
#12235=CARTESIAN_POINT('Ctrl Pts',(-56.9874962828702,7.,46.8168413920354));
#12236=CARTESIAN_POINT('Ctrl Pts',(-57.4002535629665,7.,46.9815537000577));
#12237=CARTESIAN_POINT('Ctrl Pts',(-57.8448687992698,7.,46.9974176453441));
#12238=CARTESIAN_POINT('Ctrl Pts',(-58.0797158926725,7.,47.0057970285416));
#12239=CARTESIAN_POINT('Ctrl Pts',(-55.9579765051603,8.,46.002898812294));
#12240=CARTESIAN_POINT('Ctrl Pts',(-55.9579765051603,7.,46.002898812294));
#12241=CARTESIAN_POINT('Ctrl Pts',(-56.0674057309823,8.,46.1520180312537));
#12242=CARTESIAN_POINT('Ctrl Pts',(-56.0674057309823,7.,46.1520180312537));
#12243=CARTESIAN_POINT('Ctrl Pts',(-56.2919048923658,8.,46.4579430650018));
#12244=CARTESIAN_POINT('Ctrl Pts',(-56.2919048923658,7.,46.4579430650018));
#12245=CARTESIAN_POINT('Ctrl Pts',(-56.6230340934629,8.,46.6438444618036));
#12246=CARTESIAN_POINT('Ctrl Pts',(-56.6230340934629,7.,46.6438444618036));
#12247=CARTESIAN_POINT('Ctrl Pts',(-56.792758628726,8.,46.739130616188));
#12248=CARTESIAN_POINT('Ctrl Pts',(-56.792758628726,7.,46.739130616188));
#12249=CARTESIAN_POINT('',(-55.9579765051603,8.,46.002898812294));
#12250=CARTESIAN_POINT('Ctrl Pts',(-55.9579765051603,8.,46.002898812294));
#12251=CARTESIAN_POINT('Ctrl Pts',(-56.0674057309823,8.,46.1520180312537));
#12252=CARTESIAN_POINT('Ctrl Pts',(-56.2919048923658,8.,46.4579430650018));
#12253=CARTESIAN_POINT('Ctrl Pts',(-56.6230340934629,8.,46.6438444618036));
#12254=CARTESIAN_POINT('Ctrl Pts',(-56.792758628726,8.,46.739130616188));
#12255=CARTESIAN_POINT('',(-55.9579765051603,7.,46.002898812294));
#12256=CARTESIAN_POINT('',(-55.9579765051603,8.,46.002898812294));
#12257=CARTESIAN_POINT('Ctrl Pts',(-55.9579765051603,7.,46.002898812294));
#12258=CARTESIAN_POINT('Ctrl Pts',(-56.0674057309823,7.,46.1520180312537));
#12259=CARTESIAN_POINT('Ctrl Pts',(-56.2919048923658,7.,46.4579430650018));
#12260=CARTESIAN_POINT('Ctrl Pts',(-56.6230340934629,7.,46.6438444618036));
#12261=CARTESIAN_POINT('Ctrl Pts',(-56.792758628726,7.,46.739130616188));
#12262=CARTESIAN_POINT('Ctrl Pts',(-55.6681215018034,8.,44.936231970787));
#12263=CARTESIAN_POINT('Ctrl Pts',(-55.6681215018034,7.,44.936231970787));
#12264=CARTESIAN_POINT('Ctrl Pts',(-55.6791588729466,8.,45.1282441464788));
#12265=CARTESIAN_POINT('Ctrl Pts',(-55.6791588729466,7.,45.1282441464788));
#12266=CARTESIAN_POINT('Ctrl Pts',(-55.7007823014722,8.,45.50441719559));
#12267=CARTESIAN_POINT('Ctrl Pts',(-55.7007823014722,7.,45.50441719559));
#12268=CARTESIAN_POINT('Ctrl Pts',(-55.8734463575374,8.,45.8390664862033));
#12269=CARTESIAN_POINT('Ctrl Pts',(-55.8734463575374,7.,45.8390664862033));
#12270=CARTESIAN_POINT('Ctrl Pts',(-55.9579765051603,8.,46.002898812294));
#12271=CARTESIAN_POINT('Ctrl Pts',(-55.9579765051603,7.,46.002898812294));
#12272=CARTESIAN_POINT('',(-55.6681215018034,8.,44.936231970787));
#12273=CARTESIAN_POINT('Ctrl Pts',(-55.6681215018034,8.,44.936231970787));
#12274=CARTESIAN_POINT('Ctrl Pts',(-55.6791588729466,8.,45.1282441464788));
#12275=CARTESIAN_POINT('Ctrl Pts',(-55.7007823014722,8.,45.50441719559));
#12276=CARTESIAN_POINT('Ctrl Pts',(-55.8734463575374,8.,45.8390664862033));
#12277=CARTESIAN_POINT('Ctrl Pts',(-55.9579765051603,8.,46.002898812294));
#12278=CARTESIAN_POINT('',(-55.6681215018034,7.,44.936231970787));
#12279=CARTESIAN_POINT('',(-55.6681215018034,8.,44.936231970787));
#12280=CARTESIAN_POINT('Ctrl Pts',(-55.6681215018034,7.,44.936231970787));
#12281=CARTESIAN_POINT('Ctrl Pts',(-55.6791588729466,7.,45.1282441464788));
#12282=CARTESIAN_POINT('Ctrl Pts',(-55.7007823014722,7.,45.50441719559));
#12283=CARTESIAN_POINT('Ctrl Pts',(-55.8734463575374,7.,45.8390664862033));
#12284=CARTESIAN_POINT('Ctrl Pts',(-55.9579765051603,7.,46.002898812294));
#12285=CARTESIAN_POINT('Ctrl Pts',(-55.9463822096586,8.,44.0086954832077));
#12286=CARTESIAN_POINT('Ctrl Pts',(-55.9463822096586,7.,44.0086954832077));
#12287=CARTESIAN_POINT('Ctrl Pts',(-55.8652652874563,8.,44.145236648908));
#12288=CARTESIAN_POINT('Ctrl Pts',(-55.8652652874563,7.,44.145236648908));
#12289=CARTESIAN_POINT('Ctrl Pts',(-55.6956428283964,8.,44.4307559667052));
#12290=CARTESIAN_POINT('Ctrl Pts',(-55.6956428283964,7.,44.4307559667052));
#12291=CARTESIAN_POINT('Ctrl Pts',(-55.6775578660245,8.,44.7629170812072));
#12292=CARTESIAN_POINT('Ctrl Pts',(-55.6775578660245,7.,44.7629170812072));
#12293=CARTESIAN_POINT('Ctrl Pts',(-55.6681215018034,8.,44.936231970787));
#12294=CARTESIAN_POINT('Ctrl Pts',(-55.6681215018034,7.,44.936231970787));
#12295=CARTESIAN_POINT('',(-55.9463822096586,8.,44.0086954832077));
#12296=CARTESIAN_POINT('Ctrl Pts',(-55.9463822096586,8.,44.0086954832077));
#12297=CARTESIAN_POINT('Ctrl Pts',(-55.8652652874563,8.,44.145236648908));
#12298=CARTESIAN_POINT('Ctrl Pts',(-55.6956428283964,8.,44.4307559667052));
#12299=CARTESIAN_POINT('Ctrl Pts',(-55.6775578660245,8.,44.7629170812072));
#12300=CARTESIAN_POINT('Ctrl Pts',(-55.6681215018034,8.,44.936231970787));
#12301=CARTESIAN_POINT('',(-55.9463822096586,7.,44.0086954832077));
#12302=CARTESIAN_POINT('',(-55.9463822096586,8.,44.0086954832077));
#12303=CARTESIAN_POINT('Ctrl Pts',(-55.9463822096586,7.,44.0086954832077));
#12304=CARTESIAN_POINT('Ctrl Pts',(-55.8652652874563,7.,44.145236648908));
#12305=CARTESIAN_POINT('Ctrl Pts',(-55.6956428283964,7.,44.4307559667052));
#12306=CARTESIAN_POINT('Ctrl Pts',(-55.6775578660245,7.,44.7629170812072));
#12307=CARTESIAN_POINT('Ctrl Pts',(-55.6681215018034,7.,44.936231970787));
#12308=CARTESIAN_POINT('Ctrl Pts',(-56.7753683775663,8.,43.382608294487));
#12309=CARTESIAN_POINT('Ctrl Pts',(-56.7753683775663,7.,43.382608294487));
#12310=CARTESIAN_POINT('Ctrl Pts',(-56.6065676873106,8.,43.4650421792929));
#12311=CARTESIAN_POINT('Ctrl Pts',(-56.6065676873106,7.,43.4650421792929));
#12312=CARTESIAN_POINT('Ctrl Pts',(-56.2890270920836,8.,43.6201132563631));
#12313=CARTESIAN_POINT('Ctrl Pts',(-56.2890270920836,7.,43.6201132563631));
#12314=CARTESIAN_POINT('Ctrl Pts',(-56.0556833003736,8.,43.884740731787));
#12315=CARTESIAN_POINT('Ctrl Pts',(-56.0556833003736,7.,43.884740731787));
#12316=CARTESIAN_POINT('Ctrl Pts',(-55.9463822096586,8.,44.0086954832077));
#12317=CARTESIAN_POINT('Ctrl Pts',(-55.9463822096586,7.,44.0086954832077));
#12318=CARTESIAN_POINT('',(-56.7753683775663,8.,43.382608294487));
#12319=CARTESIAN_POINT('Ctrl Pts',(-56.7753683775663,8.,43.382608294487));
#12320=CARTESIAN_POINT('Ctrl Pts',(-56.6065676873106,8.,43.4650421792929));
#12321=CARTESIAN_POINT('Ctrl Pts',(-56.2890270920836,8.,43.6201132563631));
#12322=CARTESIAN_POINT('Ctrl Pts',(-56.0556833003736,8.,43.884740731787));
#12323=CARTESIAN_POINT('Ctrl Pts',(-55.9463822096586,8.,44.0086954832077));
#12324=CARTESIAN_POINT('',(-56.7753683775663,7.,43.382608294487));
#12325=CARTESIAN_POINT('',(-56.7753683775663,8.,43.382608294487));
#12326=CARTESIAN_POINT('Ctrl Pts',(-56.7753683775663,7.,43.382608294487));
#12327=CARTESIAN_POINT('Ctrl Pts',(-56.6065676873106,7.,43.4650421792929));
#12328=CARTESIAN_POINT('Ctrl Pts',(-56.2890270920836,7.,43.6201132563631));
#12329=CARTESIAN_POINT('Ctrl Pts',(-56.0556833003736,7.,43.884740731787));
#12330=CARTESIAN_POINT('Ctrl Pts',(-55.9463822096586,7.,44.0086954832077));
#12331=CARTESIAN_POINT('Ctrl Pts',(-55.8014547079802,8.,43.3420294523239));
#12332=CARTESIAN_POINT('Ctrl Pts',(-55.8014547079802,7.,43.3420294523239));
#12333=CARTESIAN_POINT('Ctrl Pts',(-55.9550056091971,8.,43.3538560641951));
#12334=CARTESIAN_POINT('Ctrl Pts',(-55.9550056091971,7.,43.3538560641951));
#12335=CARTESIAN_POINT('Ctrl Pts',(-56.2791529366667,8.,43.378822147759));
#12336=CARTESIAN_POINT('Ctrl Pts',(-56.2791529366667,7.,43.378822147759));
#12337=CARTESIAN_POINT('Ctrl Pts',(-56.6042644874577,8.,43.3813027639043));
#12338=CARTESIAN_POINT('Ctrl Pts',(-56.6042644874577,7.,43.3813027639043));
#12339=CARTESIAN_POINT('Ctrl Pts',(-56.7753683775663,8.,43.382608294487));
#12340=CARTESIAN_POINT('Ctrl Pts',(-56.7753683775663,7.,43.382608294487));
#12341=CARTESIAN_POINT('',(-55.8014547079802,8.,43.3420294523239));
#12342=CARTESIAN_POINT('Ctrl Pts',(-55.8014547079802,8.,43.3420294523239));
#12343=CARTESIAN_POINT('Ctrl Pts',(-55.9550056091971,8.,43.3538560641951));
#12344=CARTESIAN_POINT('Ctrl Pts',(-56.2791529366667,8.,43.378822147759));
#12345=CARTESIAN_POINT('Ctrl Pts',(-56.6042644874577,8.,43.3813027639043));
#12346=CARTESIAN_POINT('Ctrl Pts',(-56.7753683775663,8.,43.382608294487));
#12347=CARTESIAN_POINT('',(-55.8014547079802,7.,43.3420294523239));
#12348=CARTESIAN_POINT('',(-55.8014547079802,8.,43.3420294523239));
#12349=CARTESIAN_POINT('Ctrl Pts',(-55.8014547079802,7.,43.3420294523239));
#12350=CARTESIAN_POINT('Ctrl Pts',(-55.9550056091971,7.,43.3538560641951));
#12351=CARTESIAN_POINT('Ctrl Pts',(-56.2791529366667,7.,43.378822147759));
#12352=CARTESIAN_POINT('Ctrl Pts',(-56.6042644874577,7.,43.3813027639043));
#12353=CARTESIAN_POINT('Ctrl Pts',(-56.7753683775663,7.,43.382608294487));
#12354=CARTESIAN_POINT('Ctrl Pts',(-54.9956571310759,8.,43.1797093153));
#12355=CARTESIAN_POINT('Ctrl Pts',(-54.9956571310759,7.,43.1797093153));
#12356=CARTESIAN_POINT('Ctrl Pts',(-55.1229443185809,8.,43.217120514941));
#12357=CARTESIAN_POINT('Ctrl Pts',(-55.1229443185809,7.,43.217120514941));
#12358=CARTESIAN_POINT('Ctrl Pts',(-55.3867733812386,8.,43.2946629756367));
#12359=CARTESIAN_POINT('Ctrl Pts',(-55.3867733812386,7.,43.2946629756367));
#12360=CARTESIAN_POINT('Ctrl Pts',(-55.6600324402858,8.,43.3258756635858));
#12361=CARTESIAN_POINT('Ctrl Pts',(-55.6600324402858,7.,43.3258756635858));
#12362=CARTESIAN_POINT('Ctrl Pts',(-55.8014547079802,8.,43.3420294523239));
#12363=CARTESIAN_POINT('Ctrl Pts',(-55.8014547079802,7.,43.3420294523239));
#12364=CARTESIAN_POINT('',(-54.9956571310759,8.,43.1797093153));
#12365=CARTESIAN_POINT('Ctrl Pts',(-54.9956571310759,8.,43.1797093153));
#12366=CARTESIAN_POINT('Ctrl Pts',(-55.1229443185809,8.,43.217120514941));
#12367=CARTESIAN_POINT('Ctrl Pts',(-55.3867733812386,8.,43.2946629756367));
#12368=CARTESIAN_POINT('Ctrl Pts',(-55.6600324402858,8.,43.3258756635858));
#12369=CARTESIAN_POINT('Ctrl Pts',(-55.8014547079802,8.,43.3420294523239));
#12370=CARTESIAN_POINT('',(-54.9956571310759,7.,43.1797093153));
#12371=CARTESIAN_POINT('',(-54.9956571310759,8.,43.1797093153));
#12372=CARTESIAN_POINT('Ctrl Pts',(-54.9956571310759,7.,43.1797093153));
#12373=CARTESIAN_POINT('Ctrl Pts',(-55.1229443185809,7.,43.217120514941));
#12374=CARTESIAN_POINT('Ctrl Pts',(-55.3867733812386,7.,43.2946629756367));
#12375=CARTESIAN_POINT('Ctrl Pts',(-55.6600324402858,7.,43.3258756635858));
#12376=CARTESIAN_POINT('Ctrl Pts',(-55.8014547079802,7.,43.3420294523239));
#12377=CARTESIAN_POINT('Origin',(-55.3434836119413,8.,42.1014493703842));
#12378=CARTESIAN_POINT('',(-55.3434836119413,8.,42.1014493703842));
#12379=CARTESIAN_POINT('',(-58.8859445306476,8.,31.1198423760974));
#12380=CARTESIAN_POINT('',(-55.3434836119413,7.,42.1014493703842));
#12381=CARTESIAN_POINT('',(-55.3434836119413,8.,42.1014493703842));
#12382=CARTESIAN_POINT('',(-55.3434836119413,7.,42.1014493703842));
#12383=CARTESIAN_POINT('Ctrl Pts',(-56.0797154158354,8.,42.4260866641998));
#12384=CARTESIAN_POINT('Ctrl Pts',(-56.0797154158354,7.,42.4260866641998));
#12385=CARTESIAN_POINT('Ctrl Pts',(-55.9559589241161,8.,42.3761674601601));
#12386=CARTESIAN_POINT('Ctrl Pts',(-55.9559589241161,7.,42.3761674601601));
#12387=CARTESIAN_POINT('Ctrl Pts',(-55.7070968691854,8.,42.2757848820405));
#12388=CARTESIAN_POINT('Ctrl Pts',(-55.7070968691854,7.,42.2757848820405));
#12389=CARTESIAN_POINT('Ctrl Pts',(-55.4651252705551,8.,42.1597708434622));
#12390=CARTESIAN_POINT('Ctrl Pts',(-55.4651252705551,7.,42.1597708434622));
#12391=CARTESIAN_POINT('Ctrl Pts',(-55.3434836119413,8.,42.1014493703842));
#12392=CARTESIAN_POINT('Ctrl Pts',(-55.3434836119413,7.,42.1014493703842));
#12393=CARTESIAN_POINT('Ctrl Pts',(-56.0797154158354,8.,42.4260866641998));
#12394=CARTESIAN_POINT('Ctrl Pts',(-55.9559589241161,8.,42.3761674601601));
#12395=CARTESIAN_POINT('Ctrl Pts',(-55.7070968691854,8.,42.2757848820405));
#12396=CARTESIAN_POINT('Ctrl Pts',(-55.4651252705551,8.,42.1597708434622));
#12397=CARTESIAN_POINT('Ctrl Pts',(-55.3434836119413,8.,42.1014493703842));
#12398=CARTESIAN_POINT('Ctrl Pts',(-56.0797154158354,7.,42.4260866641998));
#12399=CARTESIAN_POINT('Ctrl Pts',(-55.9559589241161,7.,42.3761674601601));
#12400=CARTESIAN_POINT('Ctrl Pts',(-55.7070968691854,7.,42.2757848820405));
#12401=CARTESIAN_POINT('Ctrl Pts',(-55.4651252705551,7.,42.1597708434622));
#12402=CARTESIAN_POINT('Ctrl Pts',(-55.3434836119413,7.,42.1014493703842));
#12403=CARTESIAN_POINT('Origin',(-2.50000171363354,7.,45.6927534937859));
#12404=CARTESIAN_POINT('Origin',(0.,8.,-8.88178419700125E-15));
#12405=CARTESIAN_POINT('',(75.,8.,65.));
#12406=CARTESIAN_POINT('',(90.,8.,50.));
#12407=CARTESIAN_POINT('Origin',(75.,8.,50.));
#12408=CARTESIAN_POINT('',(90.,8.,-65.));
#12409=CARTESIAN_POINT('',(90.,8.,50.));
#12410=CARTESIAN_POINT('',(-75.,8.,-65.));
#12411=CARTESIAN_POINT('',(90.,8.,-65.));
#12412=CARTESIAN_POINT('',(-90.,8.,-50.));
#12413=CARTESIAN_POINT('Origin',(-75.,8.,-50.));
#12414=CARTESIAN_POINT('',(-90.,8.,65.));
#12415=CARTESIAN_POINT('',(-90.,8.,-50.));
#12416=CARTESIAN_POINT('',(-90.,8.,65.));
#12417=CARTESIAN_POINT('',(55.,8.,30.));
#12418=CARTESIAN_POINT('',(-60.,8.,30.));
#12419=CARTESIAN_POINT('',(55.,8.,30.));
#12420=CARTESIAN_POINT('',(-60.,8.,-25.));
#12421=CARTESIAN_POINT('',(-60.,8.,30.));
#12422=CARTESIAN_POINT('',(-55.,8.,-30.));
#12423=CARTESIAN_POINT('Origin',(-55.,8.,-25.));
#12424=CARTESIAN_POINT('',(60.,8.,-30.));
#12425=CARTESIAN_POINT('',(-55.,8.,-30.));
#12426=CARTESIAN_POINT('',(60.,8.,25.));
#12427=CARTESIAN_POINT('',(60.,8.,-30.));
#12428=CARTESIAN_POINT('Origin',(55.,8.,25.));
#12429=CARTESIAN_POINT('',(81.75,8.,55.));
#12430=CARTESIAN_POINT('Origin',(80.,8.,55.));
#12431=CARTESIAN_POINT('',(81.75,8.,-55.));
#12432=CARTESIAN_POINT('Origin',(80.,8.,-55.));
#12433=CARTESIAN_POINT('',(-78.25,8.,55.));
#12434=CARTESIAN_POINT('Origin',(-80.,8.,55.));
#12435=CARTESIAN_POINT('',(-78.25,8.,-55.));
#12436=CARTESIAN_POINT('Origin',(-80.,8.,-55.));
#12437=CARTESIAN_POINT('Origin',(0.,8.,-8.88178419700125E-15));
#12438=CARTESIAN_POINT('Origin',(0.,8.,-8.88178419700125E-15));
#12439=CARTESIAN_POINT('Origin',(0.,8.,-8.88178419700125E-15));
#12440=CARTESIAN_POINT('Origin',(0.,8.,-8.88178419700125E-15));
#12441=CARTESIAN_POINT('Origin',(-80.,3.,-55.));
#12442=CARTESIAN_POINT('',(-82.75,3.,-55.));
#12443=CARTESIAN_POINT('Origin',(-80.,3.,-55.));
#12444=CARTESIAN_POINT('',(-82.75,6.5,-55.));
#12445=CARTESIAN_POINT('',(-82.75,3.,-55.));
#12446=CARTESIAN_POINT('Origin',(-80.,6.5,-55.));
#12447=CARTESIAN_POINT('Origin',(-80.,6.5,-55.));
#12448=CARTESIAN_POINT('',(-78.25,6.5,-55.));
#12449=CARTESIAN_POINT('Origin',(-80.,6.5,-55.));
#12450=CARTESIAN_POINT('Origin',(-80.,3.,55.));
#12451=CARTESIAN_POINT('',(-82.75,3.,55.));
#12452=CARTESIAN_POINT('Origin',(-80.,3.,55.));
#12453=CARTESIAN_POINT('',(-82.75,6.5,55.));
#12454=CARTESIAN_POINT('',(-82.75,3.,55.));
#12455=CARTESIAN_POINT('Origin',(-80.,6.5,55.));
#12456=CARTESIAN_POINT('Origin',(-80.,6.5,55.));
#12457=CARTESIAN_POINT('',(-78.25,6.5,55.));
#12458=CARTESIAN_POINT('Origin',(-80.,6.5,55.));
#12459=CARTESIAN_POINT('Origin',(80.,3.,-55.));
#12460=CARTESIAN_POINT('',(77.25,3.,-55.));
#12461=CARTESIAN_POINT('Origin',(80.,3.,-55.));
#12462=CARTESIAN_POINT('',(77.25,6.5,-55.));
#12463=CARTESIAN_POINT('',(77.25,3.,-55.));
#12464=CARTESIAN_POINT('Origin',(80.,6.5,-55.));
#12465=CARTESIAN_POINT('Origin',(80.,6.5,-55.));
#12466=CARTESIAN_POINT('',(81.75,6.5,-55.));
#12467=CARTESIAN_POINT('Origin',(80.,6.5,-55.));
#12468=CARTESIAN_POINT('Origin',(80.,3.,55.));
#12469=CARTESIAN_POINT('',(77.25,3.,55.));
#12470=CARTESIAN_POINT('Origin',(80.,3.,55.));
#12471=CARTESIAN_POINT('',(77.25,6.5,55.));
#12472=CARTESIAN_POINT('',(77.25,3.,55.));
#12473=CARTESIAN_POINT('Origin',(80.,6.5,55.));
#12474=CARTESIAN_POINT('Origin',(80.,6.5,55.));
#12475=CARTESIAN_POINT('',(81.75,6.5,55.));
#12476=CARTESIAN_POINT('Origin',(80.,6.5,55.));
#12477=CARTESIAN_POINT('Origin',(-80.,8.,-55.));
#12478=CARTESIAN_POINT('',(-78.25,8.,-55.));
#12479=CARTESIAN_POINT('Origin',(-80.,8.,55.));
#12480=CARTESIAN_POINT('',(-78.25,8.,55.));
#12481=CARTESIAN_POINT('Origin',(80.,8.,-55.));
#12482=CARTESIAN_POINT('',(81.75,8.,-55.));
#12483=CARTESIAN_POINT('Origin',(80.,8.,55.));
#12484=CARTESIAN_POINT('',(81.75,8.,55.));
#12485=CARTESIAN_POINT('Origin',(0.,3.,-8.88178419700125E-15));
#12486=CARTESIAN_POINT('',(75.,3.,65.));
#12487=CARTESIAN_POINT('',(90.,3.,50.));
#12488=CARTESIAN_POINT('Origin',(75.,3.,50.));
#12489=CARTESIAN_POINT('',(-90.,3.,65.));
#12490=CARTESIAN_POINT('',(-90.,3.,65.));
#12491=CARTESIAN_POINT('',(-90.,3.,-50.));
#12492=CARTESIAN_POINT('',(-90.,3.,-50.));
#12493=CARTESIAN_POINT('',(-75.,3.,-65.));
#12494=CARTESIAN_POINT('Origin',(-75.,3.,-50.));
#12495=CARTESIAN_POINT('',(90.,3.,-65.));
#12496=CARTESIAN_POINT('',(90.,3.,-65.));
#12497=CARTESIAN_POINT('',(90.,3.,50.));
#12498=CARTESIAN_POINT('',(70.1999999999999,3.,-47.6999999999999));
#12499=CARTESIAN_POINT('',(-70.2000000000002,3.,-47.6999999999999));
#12500=CARTESIAN_POINT('',(-70.2000000000002,3.,-47.6999999999999));
#12501=CARTESIAN_POINT('',(-75.2000000000002,3.,-42.6999999999999));
#12502=CARTESIAN_POINT('Origin',(-70.2000000000002,3.,-42.6999999999999));
#12503=CARTESIAN_POINT('',(-75.2000000000001,3.,42.7000000000001));
#12504=CARTESIAN_POINT('',(-75.2000000000002,3.,42.7000000000001));
#12505=CARTESIAN_POINT('',(-70.2000000000001,3.,47.7000000000001));
#12506=CARTESIAN_POINT('Origin',(-70.2000000000001,3.,42.7000000000001));
#12507=CARTESIAN_POINT('',(70.1999999999999,3.,47.7000000000001));
#12508=CARTESIAN_POINT('',(70.1999999999999,3.,47.7000000000001));
#12509=CARTESIAN_POINT('',(75.1999999999999,3.,42.7000000000001));
#12510=CARTESIAN_POINT('Origin',(70.1999999999999,3.,42.7000000000001));
#12511=CARTESIAN_POINT('',(75.1999999999998,3.,-42.6999999999999));
#12512=CARTESIAN_POINT('',(75.1999999999998,3.,-42.6999999999999));
#12513=CARTESIAN_POINT('Origin',(70.1999999999998,3.,-42.6999999999999));
#12514=CARTESIAN_POINT('Origin',(-90.,3.,65.));
#12515=CARTESIAN_POINT('',(75.,3.,65.));
#12516=CARTESIAN_POINT('',(-90.,3.,65.));
#12517=CARTESIAN_POINT('Origin',(-90.,3.,-50.));
#12518=CARTESIAN_POINT('',(-90.,3.,-50.));
#12519=CARTESIAN_POINT('Origin',(-75.,3.,-50.));
#12520=CARTESIAN_POINT('',(-75.,3.,-65.));
#12521=CARTESIAN_POINT('Origin',(90.,3.,-65.));
#12522=CARTESIAN_POINT('',(90.,3.,-65.));
#12523=CARTESIAN_POINT('Origin',(90.,3.,50.));
#12524=CARTESIAN_POINT('',(90.,3.,50.));
#12525=CARTESIAN_POINT('Origin',(75.,3.,50.));
#12526=CARTESIAN_POINT('Origin',(0.,8.,-8.88178419700125E-15));
#12527=CARTESIAN_POINT('Origin',(55.,0.,25.));
#12528=CARTESIAN_POINT('',(60.,0.,25.));
#12529=CARTESIAN_POINT('',(55.,0.,30.));
#12530=CARTESIAN_POINT('Origin',(55.,0.,25.));
#12531=CARTESIAN_POINT('',(55.,0.,30.));
#12532=CARTESIAN_POINT('',(60.,0.,25.));
#12533=CARTESIAN_POINT('Origin',(60.,0.,-30.));
#12534=CARTESIAN_POINT('',(60.,0.,-30.));
#12535=CARTESIAN_POINT('',(60.,0.,-30.));
#12536=CARTESIAN_POINT('',(60.,0.,-30.));
#12537=CARTESIAN_POINT('Origin',(-55.,0.,-30.));
#12538=CARTESIAN_POINT('',(-55.,0.,-30.));
#12539=CARTESIAN_POINT('',(-55.,0.,-30.));
#12540=CARTESIAN_POINT('',(-55.,0.,-30.));
#12541=CARTESIAN_POINT('Origin',(-55.,0.,-25.));
#12542=CARTESIAN_POINT('',(-60.,0.,-25.));
#12543=CARTESIAN_POINT('Origin',(-55.,0.,-25.));
#12544=CARTESIAN_POINT('',(-60.,0.,-25.));
#12545=CARTESIAN_POINT('Origin',(-60.,0.,30.));
#12546=CARTESIAN_POINT('',(-60.,0.,30.));
#12547=CARTESIAN_POINT('',(-60.,0.,30.));
#12548=CARTESIAN_POINT('',(-60.,0.,30.));
#12549=CARTESIAN_POINT('Origin',(55.,0.,30.));
#12550=CARTESIAN_POINT('',(55.,0.,30.));
#12551=CARTESIAN_POINT('Origin',(70.1999999999999,0.,-47.6999999999999));
#12552=CARTESIAN_POINT('',(-70.2000000000002,0.,-47.6999999999999));
#12553=CARTESIAN_POINT('',(70.1999999999999,0.,-47.6999999999999));
#12554=CARTESIAN_POINT('',(-70.2000000000002,0.,-47.6999999999999));
#12555=CARTESIAN_POINT('',(-70.2000000000002,0.,-47.6999999999999));
#12556=CARTESIAN_POINT('',(70.1999999999999,0.,-47.6999999999999));
#12557=CARTESIAN_POINT('Origin',(70.1999999999998,0.,-42.6999999999999));
#12558=CARTESIAN_POINT('',(75.1999999999998,0.,-42.6999999999999));
#12559=CARTESIAN_POINT('Origin',(70.1999999999998,0.,-42.6999999999999));
#12560=CARTESIAN_POINT('',(75.1999999999998,0.,-42.6999999999999));
#12561=CARTESIAN_POINT('Origin',(75.1999999999999,0.,42.7000000000001));
#12562=CARTESIAN_POINT('',(75.1999999999999,0.,42.7000000000001));
#12563=CARTESIAN_POINT('',(75.1999999999998,0.,-42.6999999999999));
#12564=CARTESIAN_POINT('',(75.1999999999999,0.,42.7000000000001));
#12565=CARTESIAN_POINT('Origin',(70.1999999999999,0.,42.7000000000001));
#12566=CARTESIAN_POINT('',(70.1999999999999,0.,47.7000000000001));
#12567=CARTESIAN_POINT('Origin',(70.1999999999999,0.,42.7000000000001));
#12568=CARTESIAN_POINT('',(70.1999999999999,0.,47.7000000000001));
#12569=CARTESIAN_POINT('Origin',(-70.2000000000002,0.,47.7000000000001));
#12570=CARTESIAN_POINT('',(-70.2000000000002,0.,47.7000000000001));
#12571=CARTESIAN_POINT('',(70.1999999999999,0.,47.7000000000001));
#12572=CARTESIAN_POINT('',(-70.2000000000002,0.,47.7000000000001));
#12573=CARTESIAN_POINT('Origin',(-70.2000000000001,0.,42.7000000000001));
#12574=CARTESIAN_POINT('',(-75.2000000000002,0.,42.7000000000001));
#12575=CARTESIAN_POINT('Origin',(-70.2000000000001,0.,42.7000000000001));
#12576=CARTESIAN_POINT('',(-75.2000000000002,0.,42.7000000000001));
#12577=CARTESIAN_POINT('Origin',(-75.2000000000002,0.,-42.6999999999999));
#12578=CARTESIAN_POINT('',(-75.2000000000002,0.,-42.6999999999999));
#12579=CARTESIAN_POINT('',(-75.2000000000002,0.,42.7000000000001));
#12580=CARTESIAN_POINT('',(-75.2000000000002,0.,-42.6999999999999));
#12581=CARTESIAN_POINT('Origin',(-70.2000000000002,0.,-42.6999999999999));
#12582=CARTESIAN_POINT('Origin',(-70.2000000000002,0.,-42.6999999999999));
#12583=CARTESIAN_POINT('Origin',(-1.50990331349021E-13,0.,8.88178419700125E-14));
#12584=UNCERTAINTY_MEASURE_WITH_UNIT(LENGTH_MEASURE(0.01),#12588,
'DISTANCE_ACCURACY_VALUE',
'Maximum model space distance between geometric entities at asserted c
onnectivities');
#12585=UNCERTAINTY_MEASURE_WITH_UNIT(LENGTH_MEASURE(0.01),#12588,
'DISTANCE_ACCURACY_VALUE',
'Maximum model space distance between geometric entities at asserted c
onnectivities');
#12586=(
GEOMETRIC_REPRESENTATION_CONTEXT(3)
GLOBAL_UNCERTAINTY_ASSIGNED_CONTEXT((#12584))
GLOBAL_UNIT_ASSIGNED_CONTEXT((#12588,#12590,#12591))
REPRESENTATION_CONTEXT('','3D')
);
#12587=(
GEOMETRIC_REPRESENTATION_CONTEXT(3)
GLOBAL_UNCERTAINTY_ASSIGNED_CONTEXT((#12585))
GLOBAL_UNIT_ASSIGNED_CONTEXT((#12588,#12590,#12591))
REPRESENTATION_CONTEXT('','3D')
);
#12588=(
LENGTH_UNIT()
NAMED_UNIT(*)
SI_UNIT(.MILLI.,.METRE.)
);
#12589=(
LENGTH_UNIT()
NAMED_UNIT(*)
SI_UNIT($,.METRE.)
);
#12590=(
NAMED_UNIT(*)
PLANE_ANGLE_UNIT()
SI_UNIT($,.RADIAN.)
);
#12591=(
NAMED_UNIT(*)
SI_UNIT($,.STERADIAN.)
SOLID_ANGLE_UNIT()
);
#12592=SHAPE_DEFINITION_REPRESENTATION(#12593,#12594);
#12593=PRODUCT_DEFINITION_SHAPE('',$,#12596);
#12594=SHAPE_REPRESENTATION('',(#6512),#12586);
#12595=PRODUCT_DEFINITION_CONTEXT('part definition',#12600,'design');
#12596=PRODUCT_DEFINITION('2026-04-02-21-35-30-478','LightBed',#12597,#12595);
#12597=PRODUCT_DEFINITION_FORMATION('',$,#12602);
#12598=PRODUCT_RELATED_PRODUCT_CATEGORY('LightBed','LightBed',(#12602));
#12599=APPLICATION_PROTOCOL_DEFINITION('international standard',
'automotive_design',2009,#12600);
#12600=APPLICATION_CONTEXT(
'Core Data for Automotive Mechanical Design Process');
#12601=PRODUCT_CONTEXT('part definition',#12600,'mechanical');
#12602=PRODUCT('2026-04-02-21-35-30-478','LightBed',$,(#12601));
#12603=PRESENTATION_STYLE_ASSIGNMENT((#12604));
#12604=SURFACE_STYLE_USAGE(.BOTH.,#12605);
#12605=SURFACE_SIDE_STYLE('',(#12606));
#12606=SURFACE_STYLE_FILL_AREA(#12607);
#12607=FILL_AREA_STYLE('Steel - Satin',(#12608));
#12608=FILL_AREA_STYLE_COLOUR('Steel - Satin',#12609);
#12609=COLOUR_RGB('Steel - Satin',0.627450980392157,0.627450980392157,0.627450980392157);
ENDSEC;
END-ISO-10303-21;
