ISO-10303-21;
HEADER;
/* Generated by software containing ST-Developer
 * from STEP Tools, Inc. (www.steptools.com) 
 */

FILE_DESCRIPTION(
/* description */ (''),
/* implementation_level */ '2;1');

FILE_NAME(
/* name */ 'Slider.step',
/* time_stamp */ '2026-03-31T12:27:38+02:00',
/* author */ (''),
/* organization */ (''),
/* preprocessor_version */ 'ST-DEVELOPER v20.1',
/* originating_system */ 'Autodesk Translation Framework v14.24.0.0',
/* authorisation */ '');

FILE_SCHEMA (('AUTOMOTIVE_DESIGN { 1 0 10303 214 3 1 1 }'));
ENDSEC;

DATA;
#10=MECHANICAL_DESIGN_GEOMETRIC_PRESENTATION_REPRESENTATION('',(#13),#3621);
#11=SHAPE_REPRESENTATION_RELATIONSHIP('SRR','None',#3628,#12);
#12=ADVANCED_BREP_SHAPE_REPRESENTATION('',(#14),#3620);
#13=STYLED_ITEM('',(#3637),#14);
#14=MANIFOLD_SOLID_BREP('Slider',#2105);
#15=(
BOUNDED_CURVE()
B_SPLINE_CURVE(5,(#3270,#3271,#3272,#3273,#3274,#3275,#3276,#3277,#3278,
#3279),.UNSPECIFIED.,.F.,.F.)
B_SPLINE_CURVE_WITH_KNOTS((6,1,1,1,1,6),(0.,0.2,0.4,0.6,0.8,1.),
 .UNSPECIFIED.)
CURVE()
GEOMETRIC_REPRESENTATION_ITEM()
RATIONAL_B_SPLINE_CURVE((1.,1.,1.,1.,1.,1.,1.,1.,1.,1.))
REPRESENTATION_ITEM('')
);
#16=(
BOUNDED_CURVE()
B_SPLINE_CURVE(5,(#3283,#3284,#3285,#3286,#3287,#3288,#3289,#3290,#3291,
#3292),.UNSPECIFIED.,.F.,.F.)
B_SPLINE_CURVE_WITH_KNOTS((6,1,1,1,1,6),(-1.,-0.8,-0.6,-0.4,-0.2,0.),
 .UNSPECIFIED.)
CURVE()
GEOMETRIC_REPRESENTATION_ITEM()
RATIONAL_B_SPLINE_CURVE((1.,1.,1.,1.,1.,1.,1.,1.,1.,1.))
REPRESENTATION_ITEM('')
);
#17=(
BOUNDED_CURVE()
B_SPLINE_CURVE(5,(#3321,#3322,#3323,#3324,#3325,#3326,#3327,#3328,#3329,
#3330),.UNSPECIFIED.,.F.,.F.)
B_SPLINE_CURVE_WITH_KNOTS((6,1,1,1,1,6),(0.,0.2,0.4,0.6,0.8,1.),
 .UNSPECIFIED.)
CURVE()
GEOMETRIC_REPRESENTATION_ITEM()
RATIONAL_B_SPLINE_CURVE((1.,1.,1.,1.,1.,1.,1.,1.,1.,1.))
REPRESENTATION_ITEM('')
);
#18=(
BOUNDED_CURVE()
B_SPLINE_CURVE(5,(#3332,#3333,#3334,#3335,#3336,#3337,#3338,#3339,#3340,
#3341),.UNSPECIFIED.,.F.,.F.)
B_SPLINE_CURVE_WITH_KNOTS((6,1,1,1,1,6),(0.,0.2,0.4,0.6,0.8,1.),
 .UNSPECIFIED.)
CURVE()
GEOMETRIC_REPRESENTATION_ITEM()
RATIONAL_B_SPLINE_CURVE((1.,1.,1.,1.,1.,1.,1.,1.,1.,1.))
REPRESENTATION_ITEM('')
);
#19=(
BOUNDED_CURVE()
B_SPLINE_CURVE(5,(#3364,#3365,#3366,#3367,#3368,#3369,#3370,#3371,#3372,
#3373),.UNSPECIFIED.,.F.,.F.)
B_SPLINE_CURVE_WITH_KNOTS((6,1,1,1,1,6),(0.,0.2,0.4,0.6,0.8,1.),
 .UNSPECIFIED.)
CURVE()
GEOMETRIC_REPRESENTATION_ITEM()
RATIONAL_B_SPLINE_CURVE((1.,1.,1.,1.,1.,1.,1.,1.,1.,1.))
REPRESENTATION_ITEM('')
);
#20=(
BOUNDED_CURVE()
B_SPLINE_CURVE(5,(#3375,#3376,#3377,#3378,#3379,#3380,#3381,#3382,#3383,
#3384),.UNSPECIFIED.,.F.,.F.)
B_SPLINE_CURVE_WITH_KNOTS((6,1,1,1,1,6),(0.,0.2,0.4,0.6,0.8,1.),
 .UNSPECIFIED.)
CURVE()
GEOMETRIC_REPRESENTATION_ITEM()
RATIONAL_B_SPLINE_CURVE((1.,1.,1.,1.,1.,1.,1.,1.,1.,1.))
REPRESENTATION_ITEM('')
);
#21=(
BOUNDED_CURVE()
B_SPLINE_CURVE(5,(#3407,#3408,#3409,#3410,#3411,#3412,#3413,#3414,#3415,
#3416),.UNSPECIFIED.,.F.,.F.)
B_SPLINE_CURVE_WITH_KNOTS((6,1,1,1,1,6),(0.,0.2,0.4,0.6,0.8,1.),
 .UNSPECIFIED.)
CURVE()
GEOMETRIC_REPRESENTATION_ITEM()
RATIONAL_B_SPLINE_CURVE((1.,1.,1.,1.,1.,1.,1.,1.,1.,1.))
REPRESENTATION_ITEM('')
);
#22=(
BOUNDED_CURVE()
B_SPLINE_CURVE(5,(#3418,#3419,#3420,#3421,#3422,#3423,#3424,#3425,#3426,
#3427),.UNSPECIFIED.,.F.,.F.)
B_SPLINE_CURVE_WITH_KNOTS((6,1,1,1,1,6),(-1.,-0.8,-0.6,-0.4,-0.2,0.),
 .UNSPECIFIED.)
CURVE()
GEOMETRIC_REPRESENTATION_ITEM()
RATIONAL_B_SPLINE_CURVE((1.,1.,1.,1.,1.,1.,1.,1.,1.,1.))
REPRESENTATION_ITEM('')
);
#23=(
BOUNDED_CURVE()
B_SPLINE_CURVE(5,(#3456,#3457,#3458,#3459,#3460,#3461,#3462,#3463,#3464,
#3465),.UNSPECIFIED.,.F.,.F.)
B_SPLINE_CURVE_WITH_KNOTS((6,1,1,1,1,6),(0.,0.2,0.4,0.6,0.8,1.),
 .UNSPECIFIED.)
CURVE()
GEOMETRIC_REPRESENTATION_ITEM()
RATIONAL_B_SPLINE_CURVE((1.,1.,1.,1.,1.,1.,1.,1.,1.,1.))
REPRESENTATION_ITEM('')
);
#24=(
BOUNDED_CURVE()
B_SPLINE_CURVE(5,(#3467,#3468,#3469,#3470,#3471,#3472,#3473,#3474,#3475,
#3476),.UNSPECIFIED.,.F.,.F.)
B_SPLINE_CURVE_WITH_KNOTS((6,1,1,1,1,6),(-1.,-0.8,-0.6,-0.4,-0.2,0.),
 .UNSPECIFIED.)
CURVE()
GEOMETRIC_REPRESENTATION_ITEM()
RATIONAL_B_SPLINE_CURVE((1.,1.,1.,1.,1.,1.,1.,1.,1.,1.))
REPRESENTATION_ITEM('')
);
#25=(
BOUNDED_CURVE()
B_SPLINE_CURVE(5,(#3499,#3500,#3501,#3502,#3503,#3504,#3505,#3506,#3507,
#3508),.UNSPECIFIED.,.F.,.F.)
B_SPLINE_CURVE_WITH_KNOTS((6,1,1,1,1,6),(0.,0.2,0.4,0.6,0.8,1.),
 .UNSPECIFIED.)
CURVE()
GEOMETRIC_REPRESENTATION_ITEM()
RATIONAL_B_SPLINE_CURVE((1.,1.,1.,1.,1.,1.,1.,1.,1.,1.))
REPRESENTATION_ITEM('')
);
#26=(
BOUNDED_CURVE()
B_SPLINE_CURVE(5,(#3510,#3511,#3512,#3513,#3514,#3515,#3516,#3517,#3518,
#3519),.UNSPECIFIED.,.F.,.F.)
B_SPLINE_CURVE_WITH_KNOTS((6,1,1,1,1,6),(-1.,-0.8,-0.6,-0.4,-0.2,0.),
 .UNSPECIFIED.)
CURVE()
GEOMETRIC_REPRESENTATION_ITEM()
RATIONAL_B_SPLINE_CURVE((1.,1.,1.,1.,1.,1.,1.,1.,1.,1.))
REPRESENTATION_ITEM('')
);
#27=(
BOUNDED_CURVE()
B_SPLINE_CURVE(5,(#3542,#3543,#3544,#3545,#3546,#3547,#3548,#3549,#3550,
#3551),.UNSPECIFIED.,.F.,.F.)
B_SPLINE_CURVE_WITH_KNOTS((6,1,1,1,1,6),(0.,0.2,0.4,0.6,0.8,1.),
 .UNSPECIFIED.)
CURVE()
GEOMETRIC_REPRESENTATION_ITEM()
RATIONAL_B_SPLINE_CURVE((1.,1.,1.,1.,1.,1.,1.,1.,1.,1.))
REPRESENTATION_ITEM('')
);
#28=(
BOUNDED_CURVE()
B_SPLINE_CURVE(5,(#3553,#3554,#3555,#3556,#3557,#3558,#3559,#3560,#3561,
#3562),.UNSPECIFIED.,.F.,.F.)
B_SPLINE_CURVE_WITH_KNOTS((6,1,1,1,1,6),(-1.,-0.8,-0.6,-0.4,-0.2,0.),
 .UNSPECIFIED.)
CURVE()
GEOMETRIC_REPRESENTATION_ITEM()
RATIONAL_B_SPLINE_CURVE((1.,1.,1.,1.,1.,1.,1.,1.,1.,1.))
REPRESENTATION_ITEM('')
);
#29=(
BOUNDED_CURVE()
B_SPLINE_CURVE(5,(#3591,#3592,#3593,#3594,#3595,#3596,#3597,#3598,#3599,
#3600),.UNSPECIFIED.,.F.,.F.)
B_SPLINE_CURVE_WITH_KNOTS((6,1,1,1,1,6),(0.,0.2,0.4,0.6,0.8,1.),
 .UNSPECIFIED.)
CURVE()
GEOMETRIC_REPRESENTATION_ITEM()
RATIONAL_B_SPLINE_CURVE((1.,1.,1.,1.,1.,1.,1.,1.,1.,1.))
REPRESENTATION_ITEM('')
);
#30=(
BOUNDED_CURVE()
B_SPLINE_CURVE(5,(#3602,#3603,#3604,#3605,#3606,#3607,#3608,#3609,#3610,
#3611),.UNSPECIFIED.,.F.,.F.)
B_SPLINE_CURVE_WITH_KNOTS((6,1,1,1,1,6),(0.,0.2,0.4,0.6,0.8,1.),
 .UNSPECIFIED.)
CURVE()
GEOMETRIC_REPRESENTATION_ITEM()
RATIONAL_B_SPLINE_CURVE((1.,1.,1.,1.,1.,1.,1.,1.,1.,1.))
REPRESENTATION_ITEM('')
);
#31=(
BOUNDED_SURFACE()
B_SPLINE_SURFACE(5,1,((#3248,#3249),(#3250,#3251),(#3252,#3253),(#3254,
#3255),(#3256,#3257),(#3258,#3259),(#3260,#3261),(#3262,#3263),(#3264,#3265),
(#3266,#3267)),.UNSPECIFIED.,.F.,.F.,.F.)
B_SPLINE_SURFACE_WITH_KNOTS((6,1,1,1,1,6),(2,2),(-1.,-0.8,-0.6,-0.4,-0.2,
0.),(0.,1.),.UNSPECIFIED.)
GEOMETRIC_REPRESENTATION_ITEM()
RATIONAL_B_SPLINE_SURFACE(((1.,1.),(1.,1.),(1.,1.),(1.,1.),(1.,1.),(1.,
1.),(1.,1.),(1.,1.),(1.,1.),(1.,1.)))
REPRESENTATION_ITEM('')
SURFACE()
);
#32=(
BOUNDED_SURFACE()
B_SPLINE_SURFACE(5,1,((#3300,#3301),(#3302,#3303),(#3304,#3305),(#3306,
#3307),(#3308,#3309),(#3310,#3311),(#3312,#3313),(#3314,#3315),(#3316,#3317),
(#3318,#3319)),.UNSPECIFIED.,.F.,.F.,.F.)
B_SPLINE_SURFACE_WITH_KNOTS((6,1,1,1,1,6),(2,2),(0.,0.2,0.4,0.6,0.8,1.),
(0.,1.),.UNSPECIFIED.)
GEOMETRIC_REPRESENTATION_ITEM()
RATIONAL_B_SPLINE_SURFACE(((1.,1.),(1.,1.),(1.,1.),(1.,1.),(1.,1.),(1.,
1.),(1.,1.),(1.,1.),(1.,1.),(1.,1.)))
REPRESENTATION_ITEM('')
SURFACE()
);
#33=(
BOUNDED_SURFACE()
B_SPLINE_SURFACE(5,1,((#3343,#3344),(#3345,#3346),(#3347,#3348),(#3349,
#3350),(#3351,#3352),(#3353,#3354),(#3355,#3356),(#3357,#3358),(#3359,#3360),
(#3361,#3362)),.UNSPECIFIED.,.F.,.F.,.F.)
B_SPLINE_SURFACE_WITH_KNOTS((6,1,1,1,1,6),(2,2),(0.,0.2,0.4,0.6,0.8,1.),
(0.,1.),.UNSPECIFIED.)
GEOMETRIC_REPRESENTATION_ITEM()
RATIONAL_B_SPLINE_SURFACE(((1.,1.),(1.,1.),(1.,1.),(1.,1.),(1.,1.),(1.,
1.),(1.,1.),(1.,1.),(1.,1.),(1.,1.)))
REPRESENTATION_ITEM('')
SURFACE()
);
#34=(
BOUNDED_SURFACE()
B_SPLINE_SURFACE(5,1,((#3386,#3387),(#3388,#3389),(#3390,#3391),(#3392,
#3393),(#3394,#3395),(#3396,#3397),(#3398,#3399),(#3400,#3401),(#3402,#3403),
(#3404,#3405)),.UNSPECIFIED.,.F.,.F.,.F.)
B_SPLINE_SURFACE_WITH_KNOTS((6,1,1,1,1,6),(2,2),(-1.,-0.8,-0.6,-0.4,-0.2,
0.),(0.,1.),.UNSPECIFIED.)
GEOMETRIC_REPRESENTATION_ITEM()
RATIONAL_B_SPLINE_SURFACE(((1.,1.),(1.,1.),(1.,1.),(1.,1.),(1.,1.),(1.,
1.),(1.,1.),(1.,1.),(1.,1.),(1.,1.)))
REPRESENTATION_ITEM('')
SURFACE()
);
#35=(
BOUNDED_SURFACE()
B_SPLINE_SURFACE(5,1,((#3435,#3436),(#3437,#3438),(#3439,#3440),(#3441,
#3442),(#3443,#3444),(#3445,#3446),(#3447,#3448),(#3449,#3450),(#3451,#3452),
(#3453,#3454)),.UNSPECIFIED.,.F.,.F.,.F.)
B_SPLINE_SURFACE_WITH_KNOTS((6,1,1,1,1,6),(2,2),(-1.,-0.8,-0.6,-0.4,-0.2,
0.),(0.,1.),.UNSPECIFIED.)
GEOMETRIC_REPRESENTATION_ITEM()
RATIONAL_B_SPLINE_SURFACE(((1.,1.),(1.,1.),(1.,1.),(1.,1.),(1.,1.),(1.,
1.),(1.,1.),(1.,1.),(1.,1.),(1.,1.)))
REPRESENTATION_ITEM('')
SURFACE()
);
#36=(
BOUNDED_SURFACE()
B_SPLINE_SURFACE(5,1,((#3478,#3479),(#3480,#3481),(#3482,#3483),(#3484,
#3485),(#3486,#3487),(#3488,#3489),(#3490,#3491),(#3492,#3493),(#3494,#3495),
(#3496,#3497)),.UNSPECIFIED.,.F.,.F.,.F.)
B_SPLINE_SURFACE_WITH_KNOTS((6,1,1,1,1,6),(2,2),(-1.,-0.8,-0.6,-0.4,-0.2,
0.),(0.,1.),.UNSPECIFIED.)
GEOMETRIC_REPRESENTATION_ITEM()
RATIONAL_B_SPLINE_SURFACE(((1.,1.),(1.,1.),(1.,1.),(1.,1.),(1.,1.),(1.,
1.),(1.,1.),(1.,1.),(1.,1.),(1.,1.)))
REPRESENTATION_ITEM('')
SURFACE()
);
#37=(
BOUNDED_SURFACE()
B_SPLINE_SURFACE(5,1,((#3521,#3522),(#3523,#3524),(#3525,#3526),(#3527,
#3528),(#3529,#3530),(#3531,#3532),(#3533,#3534),(#3535,#3536),(#3537,#3538),
(#3539,#3540)),.UNSPECIFIED.,.F.,.F.,.F.)
B_SPLINE_SURFACE_WITH_KNOTS((6,1,1,1,1,6),(2,2),(-1.,-0.8,-0.6,-0.4,-0.2,
0.),(0.,1.),.UNSPECIFIED.)
GEOMETRIC_REPRESENTATION_ITEM()
RATIONAL_B_SPLINE_SURFACE(((1.,1.),(1.,1.),(1.,1.),(1.,1.),(1.,1.),(1.,
1.),(1.,1.),(1.,1.),(1.,1.),(1.,1.)))
REPRESENTATION_ITEM('')
SURFACE()
);
#38=(
BOUNDED_SURFACE()
B_SPLINE_SURFACE(5,1,((#3570,#3571),(#3572,#3573),(#3574,#3575),(#3576,
#3577),(#3578,#3579),(#3580,#3581),(#3582,#3583),(#3584,#3585),(#3586,#3587),
(#3588,#3589)),.UNSPECIFIED.,.F.,.F.,.F.)
B_SPLINE_SURFACE_WITH_KNOTS((6,1,1,1,1,6),(2,2),(0.,0.2,0.4,0.6,0.8,1.),
(0.,1.),.UNSPECIFIED.)
GEOMETRIC_REPRESENTATION_ITEM()
RATIONAL_B_SPLINE_SURFACE(((1.,1.),(1.,1.),(1.,1.),(1.,1.),(1.,1.),(1.,
1.),(1.,1.),(1.,1.),(1.,1.),(1.,1.)))
REPRESENTATION_ITEM('')
SURFACE()
);
#39=FACE_BOUND('',#266,.T.);
#40=FACE_BOUND('',#268,.T.);
#41=FACE_BOUND('',#270,.T.);
#42=FACE_BOUND('',#272,.T.);
#43=FACE_BOUND('',#274,.T.);
#44=FACE_BOUND('',#276,.T.);
#45=FACE_BOUND('',#278,.T.);
#46=FACE_BOUND('',#280,.T.);
#47=FACE_BOUND('',#282,.T.);
#48=FACE_BOUND('',#284,.T.);
#49=FACE_BOUND('',#316,.T.);
#50=FACE_BOUND('',#317,.T.);
#51=FACE_BOUND('',#318,.T.);
#52=FACE_BOUND('',#319,.T.);
#53=FACE_BOUND('',#320,.T.);
#54=FACE_BOUND('',#321,.T.);
#55=FACE_BOUND('',#322,.T.);
#56=FACE_BOUND('',#323,.T.);
#57=FACE_BOUND('',#324,.T.);
#58=FACE_BOUND('',#325,.T.);
#59=FACE_BOUND('',#326,.T.);
#60=FACE_BOUND('',#327,.T.);
#61=FACE_BOUND('',#328,.T.);
#62=FACE_BOUND('',#330,.T.);
#63=FACE_BOUND('',#331,.T.);
#64=FACE_BOUND('',#332,.T.);
#65=FACE_BOUND('',#333,.T.);
#66=FACE_BOUND('',#334,.T.);
#67=CIRCLE('',#2161,5.);
#68=CIRCLE('',#2162,5.);
#69=CIRCLE('',#2165,5.);
#70=CIRCLE('',#2166,5.);
#71=CIRCLE('',#2186,5.);
#72=CIRCLE('',#2190,5.);
#73=CIRCLE('',#2197,5.);
#74=CIRCLE('',#2200,5.);
#75=CIRCLE('',#2203,5.00000021109976);
#76=CIRCLE('',#2204,5.00000021109976);
#77=CIRCLE('',#2207,4.99999999999997);
#78=CIRCLE('',#2208,4.99999999999997);
#79=CIRCLE('',#2212,4.99999987064185);
#80=CIRCLE('',#2213,4.99999987064185);
#81=CIRCLE('',#2216,5.00000000000001);
#82=CIRCLE('',#2217,5.00000000000001);
#83=CIRCLE('',#2222,10.0000016391277);
#84=CIRCLE('',#2223,10.0000016391277);
#85=CIRCLE('',#2225,7.5);
#86=CIRCLE('',#2226,7.5);
#87=CIRCLE('',#2229,20.0000002980232);
#88=CIRCLE('',#2230,20.0000002980232);
#89=CIRCLE('',#2233,24.5088018473904);
#90=CIRCLE('',#2234,24.5088018473904);
#91=CYLINDRICAL_SURFACE('',#2160,5.);
#92=CYLINDRICAL_SURFACE('',#2164,5.);
#93=CYLINDRICAL_SURFACE('',#2196,5.);
#94=CYLINDRICAL_SURFACE('',#2199,5.);
#95=CYLINDRICAL_SURFACE('',#2202,5.00000021109976);
#96=CYLINDRICAL_SURFACE('',#2206,4.99999999999997);
#97=CYLINDRICAL_SURFACE('',#2211,4.99999987064185);
#98=CYLINDRICAL_SURFACE('',#2215,5.00000000000001);
#99=CYLINDRICAL_SURFACE('',#2221,10.0000016391277);
#100=CYLINDRICAL_SURFACE('',#2224,7.5);
#101=CYLINDRICAL_SURFACE('',#2228,20.0000002980232);
#102=CYLINDRICAL_SURFACE('',#2232,24.5088018473904);
#103=FACE_OUTER_BOUND('',#205,.T.);
#104=FACE_OUTER_BOUND('',#206,.T.);
#105=FACE_OUTER_BOUND('',#207,.T.);
#106=FACE_OUTER_BOUND('',#208,.T.);
#107=FACE_OUTER_BOUND('',#209,.T.);
#108=FACE_OUTER_BOUND('',#210,.T.);
#109=FACE_OUTER_BOUND('',#211,.T.);
#110=FACE_OUTER_BOUND('',#212,.T.);
#111=FACE_OUTER_BOUND('',#213,.T.);
#112=FACE_OUTER_BOUND('',#214,.T.);
#113=FACE_OUTER_BOUND('',#215,.T.);
#114=FACE_OUTER_BOUND('',#216,.T.);
#115=FACE_OUTER_BOUND('',#217,.T.);
#116=FACE_OUTER_BOUND('',#218,.T.);
#117=FACE_OUTER_BOUND('',#219,.T.);
#118=FACE_OUTER_BOUND('',#220,.T.);
#119=FACE_OUTER_BOUND('',#221,.T.);
#120=FACE_OUTER_BOUND('',#222,.T.);
#121=FACE_OUTER_BOUND('',#223,.T.);
#122=FACE_OUTER_BOUND('',#224,.T.);
#123=FACE_OUTER_BOUND('',#225,.T.);
#124=FACE_OUTER_BOUND('',#226,.T.);
#125=FACE_OUTER_BOUND('',#227,.T.);
#126=FACE_OUTER_BOUND('',#228,.T.);
#127=FACE_OUTER_BOUND('',#229,.T.);
#128=FACE_OUTER_BOUND('',#230,.T.);
#129=FACE_OUTER_BOUND('',#231,.T.);
#130=FACE_OUTER_BOUND('',#232,.T.);
#131=FACE_OUTER_BOUND('',#233,.T.);
#132=FACE_OUTER_BOUND('',#234,.T.);
#133=FACE_OUTER_BOUND('',#235,.T.);
#134=FACE_OUTER_BOUND('',#236,.T.);
#135=FACE_OUTER_BOUND('',#237,.T.);
#136=FACE_OUTER_BOUND('',#238,.T.);
#137=FACE_OUTER_BOUND('',#239,.T.);
#138=FACE_OUTER_BOUND('',#240,.T.);
#139=FACE_OUTER_BOUND('',#241,.T.);
#140=FACE_OUTER_BOUND('',#242,.T.);
#141=FACE_OUTER_BOUND('',#243,.T.);
#142=FACE_OUTER_BOUND('',#244,.T.);
#143=FACE_OUTER_BOUND('',#245,.T.);
#144=FACE_OUTER_BOUND('',#246,.T.);
#145=FACE_OUTER_BOUND('',#247,.T.);
#146=FACE_OUTER_BOUND('',#248,.T.);
#147=FACE_OUTER_BOUND('',#249,.T.);
#148=FACE_OUTER_BOUND('',#250,.T.);
#149=FACE_OUTER_BOUND('',#251,.T.);
#150=FACE_OUTER_BOUND('',#252,.T.);
#151=FACE_OUTER_BOUND('',#253,.T.);
#152=FACE_OUTER_BOUND('',#254,.T.);
#153=FACE_OUTER_BOUND('',#255,.T.);
#154=FACE_OUTER_BOUND('',#256,.T.);
#155=FACE_OUTER_BOUND('',#257,.T.);
#156=FACE_OUTER_BOUND('',#258,.T.);
#157=FACE_OUTER_BOUND('',#259,.T.);
#158=FACE_OUTER_BOUND('',#260,.T.);
#159=FACE_OUTER_BOUND('',#261,.T.);
#160=FACE_OUTER_BOUND('',#262,.T.);
#161=FACE_OUTER_BOUND('',#263,.T.);
#162=FACE_OUTER_BOUND('',#264,.T.);
#163=FACE_OUTER_BOUND('',#265,.T.);
#164=FACE_OUTER_BOUND('',#267,.T.);
#165=FACE_OUTER_BOUND('',#269,.T.);
#166=FACE_OUTER_BOUND('',#271,.T.);
#167=FACE_OUTER_BOUND('',#273,.T.);
#168=FACE_OUTER_BOUND('',#275,.T.);
#169=FACE_OUTER_BOUND('',#277,.T.);
#170=FACE_OUTER_BOUND('',#279,.T.);
#171=FACE_OUTER_BOUND('',#281,.T.);
#172=FACE_OUTER_BOUND('',#283,.T.);
#173=FACE_OUTER_BOUND('',#285,.T.);
#174=FACE_OUTER_BOUND('',#286,.T.);
#175=FACE_OUTER_BOUND('',#287,.T.);
#176=FACE_OUTER_BOUND('',#288,.T.);
#177=FACE_OUTER_BOUND('',#289,.T.);
#178=FACE_OUTER_BOUND('',#290,.T.);
#179=FACE_OUTER_BOUND('',#291,.T.);
#180=FACE_OUTER_BOUND('',#292,.T.);
#181=FACE_OUTER_BOUND('',#293,.T.);
#182=FACE_OUTER_BOUND('',#294,.T.);
#183=FACE_OUTER_BOUND('',#295,.T.);
#184=FACE_OUTER_BOUND('',#296,.T.);
#185=FACE_OUTER_BOUND('',#297,.T.);
#186=FACE_OUTER_BOUND('',#298,.T.);
#187=FACE_OUTER_BOUND('',#299,.T.);
#188=FACE_OUTER_BOUND('',#300,.T.);
#189=FACE_OUTER_BOUND('',#301,.T.);
#190=FACE_OUTER_BOUND('',#302,.T.);
#191=FACE_OUTER_BOUND('',#303,.T.);
#192=FACE_OUTER_BOUND('',#304,.T.);
#193=FACE_OUTER_BOUND('',#305,.T.);
#194=FACE_OUTER_BOUND('',#306,.T.);
#195=FACE_OUTER_BOUND('',#307,.T.);
#196=FACE_OUTER_BOUND('',#308,.T.);
#197=FACE_OUTER_BOUND('',#309,.T.);
#198=FACE_OUTER_BOUND('',#310,.T.);
#199=FACE_OUTER_BOUND('',#311,.T.);
#200=FACE_OUTER_BOUND('',#312,.T.);
#201=FACE_OUTER_BOUND('',#313,.T.);
#202=FACE_OUTER_BOUND('',#314,.T.);
#203=FACE_OUTER_BOUND('',#315,.T.);
#204=FACE_OUTER_BOUND('',#329,.T.);
#205=EDGE_LOOP('',(#1333,#1334,#1335,#1336));
#206=EDGE_LOOP('',(#1337,#1338,#1339,#1340));
#207=EDGE_LOOP('',(#1341,#1342,#1343,#1344));
#208=EDGE_LOOP('',(#1345,#1346,#1347,#1348));
#209=EDGE_LOOP('',(#1349,#1350,#1351,#1352));
#210=EDGE_LOOP('',(#1353,#1354,#1355,#1356));
#211=EDGE_LOOP('',(#1357,#1358,#1359,#1360));
#212=EDGE_LOOP('',(#1361,#1362,#1363,#1364));
#213=EDGE_LOOP('',(#1365,#1366,#1367,#1368));
#214=EDGE_LOOP('',(#1369,#1370,#1371,#1372));
#215=EDGE_LOOP('',(#1373,#1374,#1375,#1376));
#216=EDGE_LOOP('',(#1377,#1378,#1379,#1380));
#217=EDGE_LOOP('',(#1381,#1382,#1383,#1384));
#218=EDGE_LOOP('',(#1385,#1386,#1387,#1388));
#219=EDGE_LOOP('',(#1389,#1390,#1391,#1392));
#220=EDGE_LOOP('',(#1393,#1394,#1395,#1396));
#221=EDGE_LOOP('',(#1397,#1398,#1399,#1400));
#222=EDGE_LOOP('',(#1401,#1402,#1403,#1404));
#223=EDGE_LOOP('',(#1405,#1406,#1407,#1408));
#224=EDGE_LOOP('',(#1409,#1410,#1411,#1412));
#225=EDGE_LOOP('',(#1413,#1414,#1415,#1416));
#226=EDGE_LOOP('',(#1417,#1418,#1419,#1420));
#227=EDGE_LOOP('',(#1421,#1422,#1423,#1424));
#228=EDGE_LOOP('',(#1425,#1426,#1427,#1428));
#229=EDGE_LOOP('',(#1429,#1430,#1431,#1432));
#230=EDGE_LOOP('',(#1433,#1434,#1435,#1436));
#231=EDGE_LOOP('',(#1437,#1438,#1439,#1440));
#232=EDGE_LOOP('',(#1441,#1442,#1443,#1444));
#233=EDGE_LOOP('',(#1445,#1446,#1447,#1448));
#234=EDGE_LOOP('',(#1449,#1450,#1451,#1452));
#235=EDGE_LOOP('',(#1453,#1454,#1455,#1456));
#236=EDGE_LOOP('',(#1457,#1458,#1459,#1460));
#237=EDGE_LOOP('',(#1461,#1462,#1463,#1464));
#238=EDGE_LOOP('',(#1465,#1466,#1467,#1468));
#239=EDGE_LOOP('',(#1469,#1470,#1471,#1472));
#240=EDGE_LOOP('',(#1473,#1474,#1475,#1476));
#241=EDGE_LOOP('',(#1477,#1478,#1479,#1480));
#242=EDGE_LOOP('',(#1481,#1482,#1483,#1484));
#243=EDGE_LOOP('',(#1485,#1486,#1487,#1488));
#244=EDGE_LOOP('',(#1489,#1490,#1491,#1492));
#245=EDGE_LOOP('',(#1493,#1494,#1495,#1496,#1497,#1498,#1499,#1500,#1501,
#1502,#1503,#1504,#1505,#1506,#1507,#1508));
#246=EDGE_LOOP('',(#1509,#1510,#1511,#1512));
#247=EDGE_LOOP('',(#1513,#1514,#1515,#1516,#1517,#1518,#1519,#1520,#1521,
#1522,#1523,#1524,#1525,#1526,#1527,#1528));
#248=EDGE_LOOP('',(#1529,#1530,#1531,#1532));
#249=EDGE_LOOP('',(#1533,#1534,#1535,#1536));
#250=EDGE_LOOP('',(#1537,#1538,#1539,#1540));
#251=EDGE_LOOP('',(#1541,#1542,#1543,#1544));
#252=EDGE_LOOP('',(#1545,#1546,#1547,#1548));
#253=EDGE_LOOP('',(#1549,#1550,#1551,#1552));
#254=EDGE_LOOP('',(#1553,#1554,#1555,#1556));
#255=EDGE_LOOP('',(#1557,#1558,#1559,#1560));
#256=EDGE_LOOP('',(#1561,#1562,#1563,#1564));
#257=EDGE_LOOP('',(#1565,#1566,#1567,#1568));
#258=EDGE_LOOP('',(#1569,#1570,#1571,#1572));
#259=EDGE_LOOP('',(#1573,#1574,#1575,#1576));
#260=EDGE_LOOP('',(#1577,#1578,#1579,#1580));
#261=EDGE_LOOP('',(#1581,#1582,#1583,#1584));
#262=EDGE_LOOP('',(#1585,#1586,#1587,#1588));
#263=EDGE_LOOP('',(#1589,#1590,#1591,#1592));
#264=EDGE_LOOP('',(#1593,#1594,#1595,#1596));
#265=EDGE_LOOP('',(#1597,#1598,#1599,#1600));
#266=EDGE_LOOP('',(#1601,#1602,#1603,#1604));
#267=EDGE_LOOP('',(#1605,#1606,#1607,#1608));
#268=EDGE_LOOP('',(#1609,#1610,#1611,#1612));
#269=EDGE_LOOP('',(#1613,#1614,#1615,#1616));
#270=EDGE_LOOP('',(#1617,#1618,#1619,#1620));
#271=EDGE_LOOP('',(#1621,#1622,#1623,#1624));
#272=EDGE_LOOP('',(#1625,#1626,#1627,#1628));
#273=EDGE_LOOP('',(#1629,#1630,#1631,#1632));
#274=EDGE_LOOP('',(#1633,#1634,#1635,#1636));
#275=EDGE_LOOP('',(#1637,#1638,#1639,#1640));
#276=EDGE_LOOP('',(#1641,#1642,#1643,#1644));
#277=EDGE_LOOP('',(#1645,#1646,#1647,#1648));
#278=EDGE_LOOP('',(#1649,#1650,#1651,#1652));
#279=EDGE_LOOP('',(#1653,#1654,#1655,#1656));
#280=EDGE_LOOP('',(#1657,#1658,#1659,#1660));
#281=EDGE_LOOP('',(#1661,#1662,#1663,#1664));
#282=EDGE_LOOP('',(#1665,#1666,#1667,#1668));
#283=EDGE_LOOP('',(#1669,#1670,#1671,#1672));
#284=EDGE_LOOP('',(#1673,#1674,#1675,#1676));
#285=EDGE_LOOP('',(#1677,#1678,#1679,#1680,#1681,#1682,#1683,#1684,#1685,
#1686,#1687,#1688,#1689,#1690,#1691,#1692));
#286=EDGE_LOOP('',(#1693,#1694,#1695,#1696));
#287=EDGE_LOOP('',(#1697,#1698,#1699,#1700,#1701,#1702,#1703,#1704,#1705,
#1706,#1707,#1708,#1709,#1710,#1711,#1712));
#288=EDGE_LOOP('',(#1713,#1714,#1715,#1716));
#289=EDGE_LOOP('',(#1717,#1718,#1719,#1720));
#290=EDGE_LOOP('',(#1721,#1722,#1723,#1724));
#291=EDGE_LOOP('',(#1725,#1726,#1727,#1728));
#292=EDGE_LOOP('',(#1729,#1730,#1731,#1732));
#293=EDGE_LOOP('',(#1733,#1734,#1735,#1736));
#294=EDGE_LOOP('',(#1737,#1738,#1739,#1740));
#295=EDGE_LOOP('',(#1741,#1742,#1743,#1744));
#296=EDGE_LOOP('',(#1745,#1746,#1747,#1748));
#297=EDGE_LOOP('',(#1749,#1750,#1751,#1752));
#298=EDGE_LOOP('',(#1753,#1754,#1755,#1756));
#299=EDGE_LOOP('',(#1757,#1758,#1759,#1760));
#300=EDGE_LOOP('',(#1761,#1762,#1763,#1764));
#301=EDGE_LOOP('',(#1765,#1766,#1767,#1768));
#302=EDGE_LOOP('',(#1769,#1770,#1771,#1772));
#303=EDGE_LOOP('',(#1773,#1774,#1775,#1776));
#304=EDGE_LOOP('',(#1777,#1778,#1779,#1780));
#305=EDGE_LOOP('',(#1781,#1782,#1783,#1784));
#306=EDGE_LOOP('',(#1785,#1786,#1787,#1788));
#307=EDGE_LOOP('',(#1789,#1790,#1791,#1792));
#308=EDGE_LOOP('',(#1793,#1794,#1795,#1796));
#309=EDGE_LOOP('',(#1797,#1798,#1799,#1800));
#310=EDGE_LOOP('',(#1801,#1802,#1803,#1804));
#311=EDGE_LOOP('',(#1805,#1806,#1807,#1808));
#312=EDGE_LOOP('',(#1809,#1810,#1811,#1812));
#313=EDGE_LOOP('',(#1813,#1814,#1815,#1816));
#314=EDGE_LOOP('',(#1817,#1818,#1819,#1820));
#315=EDGE_LOOP('',(#1821,#1822,#1823,#1824,#1825,#1826,#1827,#1828,#1829,
#1830,#1831,#1832));
#316=EDGE_LOOP('',(#1833,#1834,#1835,#1836));
#317=EDGE_LOOP('',(#1837,#1838,#1839,#1840));
#318=EDGE_LOOP('',(#1841,#1842,#1843,#1844));
#319=EDGE_LOOP('',(#1845,#1846,#1847,#1848));
#320=EDGE_LOOP('',(#1849,#1850,#1851,#1852));
#321=EDGE_LOOP('',(#1853,#1854,#1855,#1856));
#322=EDGE_LOOP('',(#1857,#1858,#1859,#1860));
#323=EDGE_LOOP('',(#1861,#1862,#1863,#1864));
#324=EDGE_LOOP('',(#1865,#1866,#1867,#1868));
#325=EDGE_LOOP('',(#1869,#1870,#1871,#1872));
#326=EDGE_LOOP('',(#1873));
#327=EDGE_LOOP('',(#1874));
#328=EDGE_LOOP('',(#1875,#1876,#1877,#1878,#1879,#1880,#1881,#1882,#1883,
#1884,#1885,#1886));
#329=EDGE_LOOP('',(#1887,#1888,#1889,#1890,#1891,#1892,#1893,#1894,#1895,
#1896,#1897,#1898));
#330=EDGE_LOOP('',(#1899,#1900,#1901,#1902));
#331=EDGE_LOOP('',(#1903,#1904,#1905,#1906));
#332=EDGE_LOOP('',(#1907));
#333=EDGE_LOOP('',(#1908));
#334=EDGE_LOOP('',(#1909,#1910,#1911,#1912,#1913,#1914,#1915,#1916,#1917,
#1918,#1919,#1920));
#335=LINE('',#2733,#589);
#336=LINE('',#2735,#590);
#337=LINE('',#2737,#591);
#338=LINE('',#2738,#592);
#339=LINE('',#2741,#593);
#340=LINE('',#2743,#594);
#341=LINE('',#2744,#595);
#342=LINE('',#2747,#596);
#343=LINE('',#2749,#597);
#344=LINE('',#2750,#598);
#345=LINE('',#2752,#599);
#346=LINE('',#2753,#600);
#347=LINE('',#2757,#601);
#348=LINE('',#2759,#602);
#349=LINE('',#2761,#603);
#350=LINE('',#2762,#604);
#351=LINE('',#2765,#605);
#352=LINE('',#2767,#606);
#353=LINE('',#2768,#607);
#354=LINE('',#2771,#608);
#355=LINE('',#2773,#609);
#356=LINE('',#2774,#610);
#357=LINE('',#2776,#611);
#358=LINE('',#2777,#612);
#359=LINE('',#2781,#613);
#360=LINE('',#2783,#614);
#361=LINE('',#2785,#615);
#362=LINE('',#2786,#616);
#363=LINE('',#2789,#617);
#364=LINE('',#2791,#618);
#365=LINE('',#2792,#619);
#366=LINE('',#2795,#620);
#367=LINE('',#2797,#621);
#368=LINE('',#2798,#622);
#369=LINE('',#2800,#623);
#370=LINE('',#2801,#624);
#371=LINE('',#2805,#625);
#372=LINE('',#2807,#626);
#373=LINE('',#2809,#627);
#374=LINE('',#2810,#628);
#375=LINE('',#2813,#629);
#376=LINE('',#2815,#630);
#377=LINE('',#2816,#631);
#378=LINE('',#2819,#632);
#379=LINE('',#2821,#633);
#380=LINE('',#2822,#634);
#381=LINE('',#2824,#635);
#382=LINE('',#2825,#636);
#383=LINE('',#2829,#637);
#384=LINE('',#2831,#638);
#385=LINE('',#2833,#639);
#386=LINE('',#2834,#640);
#387=LINE('',#2837,#641);
#388=LINE('',#2839,#642);
#389=LINE('',#2840,#643);
#390=LINE('',#2843,#644);
#391=LINE('',#2845,#645);
#392=LINE('',#2846,#646);
#393=LINE('',#2848,#647);
#394=LINE('',#2849,#648);
#395=LINE('',#2853,#649);
#396=LINE('',#2855,#650);
#397=LINE('',#2857,#651);
#398=LINE('',#2858,#652);
#399=LINE('',#2861,#653);
#400=LINE('',#2863,#654);
#401=LINE('',#2864,#655);
#402=LINE('',#2867,#656);
#403=LINE('',#2869,#657);
#404=LINE('',#2870,#658);
#405=LINE('',#2872,#659);
#406=LINE('',#2873,#660);
#407=LINE('',#2877,#661);
#408=LINE('',#2879,#662);
#409=LINE('',#2881,#663);
#410=LINE('',#2882,#664);
#411=LINE('',#2885,#665);
#412=LINE('',#2887,#666);
#413=LINE('',#2888,#667);
#414=LINE('',#2891,#668);
#415=LINE('',#2893,#669);
#416=LINE('',#2894,#670);
#417=LINE('',#2896,#671);
#418=LINE('',#2897,#672);
#419=LINE('',#2901,#673);
#420=LINE('',#2903,#674);
#421=LINE('',#2905,#675);
#422=LINE('',#2906,#676);
#423=LINE('',#2909,#677);
#424=LINE('',#2911,#678);
#425=LINE('',#2912,#679);
#426=LINE('',#2915,#680);
#427=LINE('',#2917,#681);
#428=LINE('',#2918,#682);
#429=LINE('',#2920,#683);
#430=LINE('',#2921,#684);
#431=LINE('',#2925,#685);
#432=LINE('',#2927,#686);
#433=LINE('',#2929,#687);
#434=LINE('',#2930,#688);
#435=LINE('',#2933,#689);
#436=LINE('',#2935,#690);
#437=LINE('',#2936,#691);
#438=LINE('',#2939,#692);
#439=LINE('',#2941,#693);
#440=LINE('',#2942,#694);
#441=LINE('',#2944,#695);
#442=LINE('',#2945,#696);
#443=LINE('',#2949,#697);
#444=LINE('',#2951,#698);
#445=LINE('',#2953,#699);
#446=LINE('',#2954,#700);
#447=LINE('',#2957,#701);
#448=LINE('',#2959,#702);
#449=LINE('',#2960,#703);
#450=LINE('',#2963,#704);
#451=LINE('',#2965,#705);
#452=LINE('',#2966,#706);
#453=LINE('',#2968,#707);
#454=LINE('',#2969,#708);
#455=LINE('',#2973,#709);
#456=LINE('',#2975,#710);
#457=LINE('',#2977,#711);
#458=LINE('',#2979,#712);
#459=LINE('',#2981,#713);
#460=LINE('',#2983,#714);
#461=LINE('',#2985,#715);
#462=LINE('',#2987,#716);
#463=LINE('',#2989,#717);
#464=LINE('',#2991,#718);
#465=LINE('',#2993,#719);
#466=LINE('',#2995,#720);
#467=LINE('',#2997,#721);
#468=LINE('',#2999,#722);
#469=LINE('',#3001,#723);
#470=LINE('',#3002,#724);
#471=LINE('',#3008,#725);
#472=LINE('',#3012,#726);
#473=LINE('',#3014,#727);
#474=LINE('',#3016,#728);
#475=LINE('',#3018,#729);
#476=LINE('',#3020,#730);
#477=LINE('',#3022,#731);
#478=LINE('',#3024,#732);
#479=LINE('',#3026,#733);
#480=LINE('',#3028,#734);
#481=LINE('',#3030,#735);
#482=LINE('',#3032,#736);
#483=LINE('',#3034,#737);
#484=LINE('',#3036,#738);
#485=LINE('',#3038,#739);
#486=LINE('',#3040,#740);
#487=LINE('',#3041,#741);
#488=LINE('',#3047,#742);
#489=LINE('',#3051,#743);
#490=LINE('',#3052,#744);
#491=LINE('',#3053,#745);
#492=LINE('',#3056,#746);
#493=LINE('',#3057,#747);
#494=LINE('',#3061,#748);
#495=LINE('',#3062,#749);
#496=LINE('',#3063,#750);
#497=LINE('',#3066,#751);
#498=LINE('',#3067,#752);
#499=LINE('',#3071,#753);
#500=LINE('',#3072,#754);
#501=LINE('',#3073,#755);
#502=LINE('',#3076,#756);
#503=LINE('',#3077,#757);
#504=LINE('',#3081,#758);
#505=LINE('',#3082,#759);
#506=LINE('',#3083,#760);
#507=LINE('',#3086,#761);
#508=LINE('',#3087,#762);
#509=LINE('',#3091,#763);
#510=LINE('',#3092,#764);
#511=LINE('',#3093,#765);
#512=LINE('',#3096,#766);
#513=LINE('',#3097,#767);
#514=LINE('',#3101,#768);
#515=LINE('',#3102,#769);
#516=LINE('',#3103,#770);
#517=LINE('',#3106,#771);
#518=LINE('',#3107,#772);
#519=LINE('',#3111,#773);
#520=LINE('',#3112,#774);
#521=LINE('',#3113,#775);
#522=LINE('',#3116,#776);
#523=LINE('',#3117,#777);
#524=LINE('',#3121,#778);
#525=LINE('',#3122,#779);
#526=LINE('',#3123,#780);
#527=LINE('',#3126,#781);
#528=LINE('',#3127,#782);
#529=LINE('',#3129,#783);
#530=LINE('',#3131,#784);
#531=LINE('',#3135,#785);
#532=LINE('',#3137,#786);
#533=LINE('',#3139,#787);
#534=LINE('',#3143,#788);
#535=LINE('',#3145,#789);
#536=LINE('',#3147,#790);
#537=LINE('',#3149,#791);
#538=LINE('',#3151,#792);
#539=LINE('',#3154,#793);
#540=LINE('',#3155,#794);
#541=LINE('',#3160,#795);
#542=LINE('',#3161,#796);
#543=LINE('',#3167,#797);
#544=LINE('',#3169,#798);
#545=LINE('',#3171,#799);
#546=LINE('',#3172,#800);
#547=LINE('',#3178,#801);
#548=LINE('',#3181,#802);
#549=LINE('',#3183,#803);
#550=LINE('',#3184,#804);
#551=LINE('',#3190,#805);
#552=LINE('',#3193,#806);
#553=LINE('',#3195,#807);
#554=LINE('',#3196,#808);
#555=LINE('',#3199,#809);
#556=LINE('',#3201,#810);
#557=LINE('',#3202,#811);
#558=LINE('',#3208,#812);
#559=LINE('',#3211,#813);
#560=LINE('',#3213,#814);
#561=LINE('',#3214,#815);
#562=LINE('',#3220,#816);
#563=LINE('',#3223,#817);
#564=LINE('',#3225,#818);
#565=LINE('',#3226,#819);
#566=LINE('',#3229,#820);
#567=LINE('',#3231,#821);
#568=LINE('',#3232,#822);
#569=LINE('',#3234,#823);
#570=LINE('',#3235,#824);
#571=LINE('',#3240,#825);
#572=LINE('',#3246,#826);
#573=LINE('',#3281,#827);
#574=LINE('',#3293,#828);
#575=LINE('',#3296,#829);
#576=LINE('',#3298,#830);
#577=LINE('',#3299,#831);
#578=LINE('',#3342,#832);
#579=LINE('',#3385,#833);
#580=LINE('',#3428,#834);
#581=LINE('',#3434,#835);
#582=LINE('',#3477,#836);
#583=LINE('',#3520,#837);
#584=LINE('',#3563,#838);
#585=LINE('',#3566,#839);
#586=LINE('',#3568,#840);
#587=LINE('',#3569,#841);
#588=LINE('',#3612,#842);
#589=VECTOR('',#2241,10.);
#590=VECTOR('',#2242,10.);
#591=VECTOR('',#2243,10.);
#592=VECTOR('',#2244,10.);
#593=VECTOR('',#2247,10.);
#594=VECTOR('',#2248,10.);
#595=VECTOR('',#2249,10.);
#596=VECTOR('',#2252,10.);
#597=VECTOR('',#2253,10.);
#598=VECTOR('',#2254,10.);
#599=VECTOR('',#2257,10.);
#600=VECTOR('',#2258,10.);
#601=VECTOR('',#2261,10.);
#602=VECTOR('',#2262,10.);
#603=VECTOR('',#2263,10.);
#604=VECTOR('',#2264,10.);
#605=VECTOR('',#2267,10.);
#606=VECTOR('',#2268,10.);
#607=VECTOR('',#2269,10.);
#608=VECTOR('',#2272,10.);
#609=VECTOR('',#2273,10.);
#610=VECTOR('',#2274,10.);
#611=VECTOR('',#2277,10.);
#612=VECTOR('',#2278,10.);
#613=VECTOR('',#2281,10.);
#614=VECTOR('',#2282,10.);
#615=VECTOR('',#2283,10.);
#616=VECTOR('',#2284,10.);
#617=VECTOR('',#2287,10.);
#618=VECTOR('',#2288,10.);
#619=VECTOR('',#2289,10.);
#620=VECTOR('',#2292,10.);
#621=VECTOR('',#2293,10.);
#622=VECTOR('',#2294,10.);
#623=VECTOR('',#2297,10.);
#624=VECTOR('',#2298,10.);
#625=VECTOR('',#2301,10.);
#626=VECTOR('',#2302,10.);
#627=VECTOR('',#2303,10.);
#628=VECTOR('',#2304,10.);
#629=VECTOR('',#2307,10.);
#630=VECTOR('',#2308,10.);
#631=VECTOR('',#2309,10.);
#632=VECTOR('',#2312,10.);
#633=VECTOR('',#2313,10.);
#634=VECTOR('',#2314,10.);
#635=VECTOR('',#2317,10.);
#636=VECTOR('',#2318,10.);
#637=VECTOR('',#2321,10.);
#638=VECTOR('',#2322,10.);
#639=VECTOR('',#2323,10.);
#640=VECTOR('',#2324,10.);
#641=VECTOR('',#2327,10.);
#642=VECTOR('',#2328,10.);
#643=VECTOR('',#2329,10.);
#644=VECTOR('',#2332,10.);
#645=VECTOR('',#2333,10.);
#646=VECTOR('',#2334,10.);
#647=VECTOR('',#2337,10.);
#648=VECTOR('',#2338,10.);
#649=VECTOR('',#2341,10.);
#650=VECTOR('',#2342,10.);
#651=VECTOR('',#2343,10.);
#652=VECTOR('',#2344,10.);
#653=VECTOR('',#2347,10.);
#654=VECTOR('',#2348,10.);
#655=VECTOR('',#2349,10.);
#656=VECTOR('',#2352,10.);
#657=VECTOR('',#2353,10.);
#658=VECTOR('',#2354,10.);
#659=VECTOR('',#2357,10.);
#660=VECTOR('',#2358,10.);
#661=VECTOR('',#2361,10.);
#662=VECTOR('',#2362,10.);
#663=VECTOR('',#2363,10.);
#664=VECTOR('',#2364,10.);
#665=VECTOR('',#2367,10.);
#666=VECTOR('',#2368,10.);
#667=VECTOR('',#2369,10.);
#668=VECTOR('',#2372,10.);
#669=VECTOR('',#2373,10.);
#670=VECTOR('',#2374,10.);
#671=VECTOR('',#2377,10.);
#672=VECTOR('',#2378,10.);
#673=VECTOR('',#2381,10.);
#674=VECTOR('',#2382,10.);
#675=VECTOR('',#2383,10.);
#676=VECTOR('',#2384,10.);
#677=VECTOR('',#2387,10.);
#678=VECTOR('',#2388,10.);
#679=VECTOR('',#2389,10.);
#680=VECTOR('',#2392,10.);
#681=VECTOR('',#2393,10.);
#682=VECTOR('',#2394,10.);
#683=VECTOR('',#2397,10.);
#684=VECTOR('',#2398,10.);
#685=VECTOR('',#2401,10.);
#686=VECTOR('',#2402,10.);
#687=VECTOR('',#2403,10.);
#688=VECTOR('',#2404,10.);
#689=VECTOR('',#2407,10.);
#690=VECTOR('',#2408,10.);
#691=VECTOR('',#2409,10.);
#692=VECTOR('',#2412,10.);
#693=VECTOR('',#2413,10.);
#694=VECTOR('',#2414,10.);
#695=VECTOR('',#2417,10.);
#696=VECTOR('',#2418,10.);
#697=VECTOR('',#2421,10.);
#698=VECTOR('',#2422,10.);
#699=VECTOR('',#2423,10.);
#700=VECTOR('',#2424,10.);
#701=VECTOR('',#2427,10.);
#702=VECTOR('',#2428,10.);
#703=VECTOR('',#2429,10.);
#704=VECTOR('',#2432,10.);
#705=VECTOR('',#2433,10.);
#706=VECTOR('',#2434,10.);
#707=VECTOR('',#2437,10.);
#708=VECTOR('',#2438,10.);
#709=VECTOR('',#2441,10.);
#710=VECTOR('',#2442,10.);
#711=VECTOR('',#2443,10.);
#712=VECTOR('',#2444,10.);
#713=VECTOR('',#2445,10.);
#714=VECTOR('',#2446,10.);
#715=VECTOR('',#2447,10.);
#716=VECTOR('',#2448,10.);
#717=VECTOR('',#2449,10.);
#718=VECTOR('',#2450,10.);
#719=VECTOR('',#2451,10.);
#720=VECTOR('',#2452,10.);
#721=VECTOR('',#2453,10.);
#722=VECTOR('',#2454,10.);
#723=VECTOR('',#2455,10.);
#724=VECTOR('',#2456,10.);
#725=VECTOR('',#2463,10.);
#726=VECTOR('',#2466,10.);
#727=VECTOR('',#2467,10.);
#728=VECTOR('',#2468,10.);
#729=VECTOR('',#2469,10.);
#730=VECTOR('',#2470,10.);
#731=VECTOR('',#2471,10.);
#732=VECTOR('',#2472,10.);
#733=VECTOR('',#2473,10.);
#734=VECTOR('',#2474,10.);
#735=VECTOR('',#2475,10.);
#736=VECTOR('',#2476,10.);
#737=VECTOR('',#2477,10.);
#738=VECTOR('',#2478,10.);
#739=VECTOR('',#2479,10.);
#740=VECTOR('',#2480,10.);
#741=VECTOR('',#2481,10.);
#742=VECTOR('',#2488,10.);
#743=VECTOR('',#2491,10.);
#744=VECTOR('',#2492,10.);
#745=VECTOR('',#2493,10.);
#746=VECTOR('',#2496,10.);
#747=VECTOR('',#2497,10.);
#748=VECTOR('',#2500,10.);
#749=VECTOR('',#2501,10.);
#750=VECTOR('',#2502,10.);
#751=VECTOR('',#2505,10.);
#752=VECTOR('',#2506,10.);
#753=VECTOR('',#2509,10.);
#754=VECTOR('',#2510,10.);
#755=VECTOR('',#2511,10.);
#756=VECTOR('',#2514,10.);
#757=VECTOR('',#2515,10.);
#758=VECTOR('',#2518,10.);
#759=VECTOR('',#2519,10.);
#760=VECTOR('',#2520,10.);
#761=VECTOR('',#2523,10.);
#762=VECTOR('',#2524,10.);
#763=VECTOR('',#2527,10.);
#764=VECTOR('',#2528,10.);
#765=VECTOR('',#2529,10.);
#766=VECTOR('',#2532,10.);
#767=VECTOR('',#2533,10.);
#768=VECTOR('',#2536,10.);
#769=VECTOR('',#2537,10.);
#770=VECTOR('',#2538,10.);
#771=VECTOR('',#2541,10.);
#772=VECTOR('',#2542,10.);
#773=VECTOR('',#2545,10.);
#774=VECTOR('',#2546,10.);
#775=VECTOR('',#2547,10.);
#776=VECTOR('',#2550,10.);
#777=VECTOR('',#2551,10.);
#778=VECTOR('',#2554,10.);
#779=VECTOR('',#2555,10.);
#780=VECTOR('',#2556,10.);
#781=VECTOR('',#2559,10.);
#782=VECTOR('',#2560,10.);
#783=VECTOR('',#2563,10.);
#784=VECTOR('',#2566,10.);
#785=VECTOR('',#2571,10.);
#786=VECTOR('',#2574,10.);
#787=VECTOR('',#2577,10.);
#788=VECTOR('',#2582,10.);
#789=VECTOR('',#2585,10.);
#790=VECTOR('',#2588,10.);
#791=VECTOR('',#2591,10.);
#792=VECTOR('',#2594,10.);
#793=VECTOR('',#2597,10.);
#794=VECTOR('',#2598,10.);
#795=VECTOR('',#2605,10.);
#796=VECTOR('',#2606,10.);
#797=VECTOR('',#2613,10.);
#798=VECTOR('',#2614,10.);
#799=VECTOR('',#2615,10.);
#800=VECTOR('',#2616,10.);
#801=VECTOR('',#2623,10.);
#802=VECTOR('',#2626,10.);
#803=VECTOR('',#2627,10.);
#804=VECTOR('',#2628,10.);
#805=VECTOR('',#2635,10.);
#806=VECTOR('',#2638,10.);
#807=VECTOR('',#2639,10.);
#808=VECTOR('',#2640,10.);
#809=VECTOR('',#2643,10.);
#810=VECTOR('',#2644,10.);
#811=VECTOR('',#2645,10.);
#812=VECTOR('',#2652,10.);
#813=VECTOR('',#2655,10.);
#814=VECTOR('',#2656,10.);
#815=VECTOR('',#2657,10.);
#816=VECTOR('',#2664,10.);
#817=VECTOR('',#2667,10.);
#818=VECTOR('',#2668,10.);
#819=VECTOR('',#2669,10.);
#820=VECTOR('',#2672,10.);
#821=VECTOR('',#2673,10.);
#822=VECTOR('',#2674,10.);
#823=VECTOR('',#2677,10.);
#824=VECTOR('',#2678,10.);
#825=VECTOR('',#2683,10.0000016391277);
#826=VECTOR('',#2690,7.5);
#827=VECTOR('',#2693,10.);
#828=VECTOR('',#2694,10.);
#829=VECTOR('',#2697,10.);
#830=VECTOR('',#2698,10.);
#831=VECTOR('',#2699,10.);
#832=VECTOR('',#2700,10.);
#833=VECTOR('',#2701,10.);
#834=VECTOR('',#2702,10.);
#835=VECTOR('',#2709,10.);
#836=VECTOR('',#2710,10.);
#837=VECTOR('',#2711,10.);
#838=VECTOR('',#2712,10.);
#839=VECTOR('',#2715,10.);
#840=VECTOR('',#2716,10.);
#841=VECTOR('',#2717,10.);
#842=VECTOR('',#2718,10.);
#843=VERTEX_POINT('',#2731);
#844=VERTEX_POINT('',#2732);
#845=VERTEX_POINT('',#2734);
#846=VERTEX_POINT('',#2736);
#847=VERTEX_POINT('',#2740);
#848=VERTEX_POINT('',#2742);
#849=VERTEX_POINT('',#2746);
#850=VERTEX_POINT('',#2748);
#851=VERTEX_POINT('',#2755);
#852=VERTEX_POINT('',#2756);
#853=VERTEX_POINT('',#2758);
#854=VERTEX_POINT('',#2760);
#855=VERTEX_POINT('',#2764);
#856=VERTEX_POINT('',#2766);
#857=VERTEX_POINT('',#2770);
#858=VERTEX_POINT('',#2772);
#859=VERTEX_POINT('',#2779);
#860=VERTEX_POINT('',#2780);
#861=VERTEX_POINT('',#2782);
#862=VERTEX_POINT('',#2784);
#863=VERTEX_POINT('',#2788);
#864=VERTEX_POINT('',#2790);
#865=VERTEX_POINT('',#2794);
#866=VERTEX_POINT('',#2796);
#867=VERTEX_POINT('',#2803);
#868=VERTEX_POINT('',#2804);
#869=VERTEX_POINT('',#2806);
#870=VERTEX_POINT('',#2808);
#871=VERTEX_POINT('',#2812);
#872=VERTEX_POINT('',#2814);
#873=VERTEX_POINT('',#2818);
#874=VERTEX_POINT('',#2820);
#875=VERTEX_POINT('',#2827);
#876=VERTEX_POINT('',#2828);
#877=VERTEX_POINT('',#2830);
#878=VERTEX_POINT('',#2832);
#879=VERTEX_POINT('',#2836);
#880=VERTEX_POINT('',#2838);
#881=VERTEX_POINT('',#2842);
#882=VERTEX_POINT('',#2844);
#883=VERTEX_POINT('',#2851);
#884=VERTEX_POINT('',#2852);
#885=VERTEX_POINT('',#2854);
#886=VERTEX_POINT('',#2856);
#887=VERTEX_POINT('',#2860);
#888=VERTEX_POINT('',#2862);
#889=VERTEX_POINT('',#2866);
#890=VERTEX_POINT('',#2868);
#891=VERTEX_POINT('',#2875);
#892=VERTEX_POINT('',#2876);
#893=VERTEX_POINT('',#2878);
#894=VERTEX_POINT('',#2880);
#895=VERTEX_POINT('',#2884);
#896=VERTEX_POINT('',#2886);
#897=VERTEX_POINT('',#2890);
#898=VERTEX_POINT('',#2892);
#899=VERTEX_POINT('',#2899);
#900=VERTEX_POINT('',#2900);
#901=VERTEX_POINT('',#2902);
#902=VERTEX_POINT('',#2904);
#903=VERTEX_POINT('',#2908);
#904=VERTEX_POINT('',#2910);
#905=VERTEX_POINT('',#2914);
#906=VERTEX_POINT('',#2916);
#907=VERTEX_POINT('',#2923);
#908=VERTEX_POINT('',#2924);
#909=VERTEX_POINT('',#2926);
#910=VERTEX_POINT('',#2928);
#911=VERTEX_POINT('',#2932);
#912=VERTEX_POINT('',#2934);
#913=VERTEX_POINT('',#2938);
#914=VERTEX_POINT('',#2940);
#915=VERTEX_POINT('',#2947);
#916=VERTEX_POINT('',#2948);
#917=VERTEX_POINT('',#2950);
#918=VERTEX_POINT('',#2952);
#919=VERTEX_POINT('',#2956);
#920=VERTEX_POINT('',#2958);
#921=VERTEX_POINT('',#2962);
#922=VERTEX_POINT('',#2964);
#923=VERTEX_POINT('',#2971);
#924=VERTEX_POINT('',#2972);
#925=VERTEX_POINT('',#2974);
#926=VERTEX_POINT('',#2976);
#927=VERTEX_POINT('',#2978);
#928=VERTEX_POINT('',#2980);
#929=VERTEX_POINT('',#2982);
#930=VERTEX_POINT('',#2984);
#931=VERTEX_POINT('',#2986);
#932=VERTEX_POINT('',#2988);
#933=VERTEX_POINT('',#2990);
#934=VERTEX_POINT('',#2992);
#935=VERTEX_POINT('',#2994);
#936=VERTEX_POINT('',#2996);
#937=VERTEX_POINT('',#2998);
#938=VERTEX_POINT('',#3000);
#939=VERTEX_POINT('',#3004);
#940=VERTEX_POINT('',#3006);
#941=VERTEX_POINT('',#3010);
#942=VERTEX_POINT('',#3011);
#943=VERTEX_POINT('',#3013);
#944=VERTEX_POINT('',#3015);
#945=VERTEX_POINT('',#3017);
#946=VERTEX_POINT('',#3019);
#947=VERTEX_POINT('',#3021);
#948=VERTEX_POINT('',#3023);
#949=VERTEX_POINT('',#3025);
#950=VERTEX_POINT('',#3027);
#951=VERTEX_POINT('',#3029);
#952=VERTEX_POINT('',#3031);
#953=VERTEX_POINT('',#3033);
#954=VERTEX_POINT('',#3035);
#955=VERTEX_POINT('',#3037);
#956=VERTEX_POINT('',#3039);
#957=VERTEX_POINT('',#3043);
#958=VERTEX_POINT('',#3045);
#959=VERTEX_POINT('',#3049);
#960=VERTEX_POINT('',#3050);
#961=VERTEX_POINT('',#3055);
#962=VERTEX_POINT('',#3059);
#963=VERTEX_POINT('',#3060);
#964=VERTEX_POINT('',#3065);
#965=VERTEX_POINT('',#3069);
#966=VERTEX_POINT('',#3070);
#967=VERTEX_POINT('',#3075);
#968=VERTEX_POINT('',#3079);
#969=VERTEX_POINT('',#3080);
#970=VERTEX_POINT('',#3085);
#971=VERTEX_POINT('',#3089);
#972=VERTEX_POINT('',#3090);
#973=VERTEX_POINT('',#3095);
#974=VERTEX_POINT('',#3099);
#975=VERTEX_POINT('',#3100);
#976=VERTEX_POINT('',#3105);
#977=VERTEX_POINT('',#3109);
#978=VERTEX_POINT('',#3110);
#979=VERTEX_POINT('',#3115);
#980=VERTEX_POINT('',#3119);
#981=VERTEX_POINT('',#3120);
#982=VERTEX_POINT('',#3125);
#983=VERTEX_POINT('',#3133);
#984=VERTEX_POINT('',#3141);
#985=VERTEX_POINT('',#3153);
#986=VERTEX_POINT('',#3159);
#987=VERTEX_POINT('',#3165);
#988=VERTEX_POINT('',#3166);
#989=VERTEX_POINT('',#3168);
#990=VERTEX_POINT('',#3170);
#991=VERTEX_POINT('',#3174);
#992=VERTEX_POINT('',#3176);
#993=VERTEX_POINT('',#3180);
#994=VERTEX_POINT('',#3182);
#995=VERTEX_POINT('',#3186);
#996=VERTEX_POINT('',#3188);
#997=VERTEX_POINT('',#3192);
#998=VERTEX_POINT('',#3194);
#999=VERTEX_POINT('',#3198);
#1000=VERTEX_POINT('',#3200);
#1001=VERTEX_POINT('',#3204);
#1002=VERTEX_POINT('',#3206);
#1003=VERTEX_POINT('',#3210);
#1004=VERTEX_POINT('',#3212);
#1005=VERTEX_POINT('',#3216);
#1006=VERTEX_POINT('',#3218);
#1007=VERTEX_POINT('',#3222);
#1008=VERTEX_POINT('',#3224);
#1009=VERTEX_POINT('',#3228);
#1010=VERTEX_POINT('',#3230);
#1011=VERTEX_POINT('',#3237);
#1012=VERTEX_POINT('',#3239);
#1013=VERTEX_POINT('',#3243);
#1014=VERTEX_POINT('',#3245);
#1015=VERTEX_POINT('',#3268);
#1016=VERTEX_POINT('',#3269);
#1017=VERTEX_POINT('',#3280);
#1018=VERTEX_POINT('',#3282);
#1019=VERTEX_POINT('',#3295);
#1020=VERTEX_POINT('',#3297);
#1021=VERTEX_POINT('',#3320);
#1022=VERTEX_POINT('',#3331);
#1023=VERTEX_POINT('',#3363);
#1024=VERTEX_POINT('',#3374);
#1025=VERTEX_POINT('',#3406);
#1026=VERTEX_POINT('',#3417);
#1027=VERTEX_POINT('',#3430);
#1028=VERTEX_POINT('',#3432);
#1029=VERTEX_POINT('',#3455);
#1030=VERTEX_POINT('',#3466);
#1031=VERTEX_POINT('',#3498);
#1032=VERTEX_POINT('',#3509);
#1033=VERTEX_POINT('',#3541);
#1034=VERTEX_POINT('',#3552);
#1035=VERTEX_POINT('',#3565);
#1036=VERTEX_POINT('',#3567);
#1037=VERTEX_POINT('',#3590);
#1038=VERTEX_POINT('',#3601);
#1039=EDGE_CURVE('',#843,#844,#335,.T.);
#1040=EDGE_CURVE('',#845,#843,#336,.T.);
#1041=EDGE_CURVE('',#846,#845,#337,.T.);
#1042=EDGE_CURVE('',#846,#844,#338,.T.);
#1043=EDGE_CURVE('',#844,#847,#339,.T.);
#1044=EDGE_CURVE('',#848,#846,#340,.T.);
#1045=EDGE_CURVE('',#848,#847,#341,.T.);
#1046=EDGE_CURVE('',#847,#849,#342,.T.);
#1047=EDGE_CURVE('',#850,#848,#343,.T.);
#1048=EDGE_CURVE('',#850,#849,#344,.T.);
#1049=EDGE_CURVE('',#849,#843,#345,.T.);
#1050=EDGE_CURVE('',#845,#850,#346,.T.);
#1051=EDGE_CURVE('',#851,#852,#347,.T.);
#1052=EDGE_CURVE('',#853,#851,#348,.T.);
#1053=EDGE_CURVE('',#854,#853,#349,.T.);
#1054=EDGE_CURVE('',#854,#852,#350,.T.);
#1055=EDGE_CURVE('',#852,#855,#351,.T.);
#1056=EDGE_CURVE('',#856,#854,#352,.T.);
#1057=EDGE_CURVE('',#856,#855,#353,.T.);
#1058=EDGE_CURVE('',#855,#857,#354,.T.);
#1059=EDGE_CURVE('',#858,#856,#355,.T.);
#1060=EDGE_CURVE('',#858,#857,#356,.T.);
#1061=EDGE_CURVE('',#857,#851,#357,.T.);
#1062=EDGE_CURVE('',#853,#858,#358,.T.);
#1063=EDGE_CURVE('',#859,#860,#359,.T.);
#1064=EDGE_CURVE('',#861,#859,#360,.T.);
#1065=EDGE_CURVE('',#862,#861,#361,.T.);
#1066=EDGE_CURVE('',#862,#860,#362,.T.);
#1067=EDGE_CURVE('',#860,#863,#363,.T.);
#1068=EDGE_CURVE('',#864,#862,#364,.T.);
#1069=EDGE_CURVE('',#864,#863,#365,.T.);
#1070=EDGE_CURVE('',#863,#865,#366,.T.);
#1071=EDGE_CURVE('',#866,#864,#367,.T.);
#1072=EDGE_CURVE('',#866,#865,#368,.T.);
#1073=EDGE_CURVE('',#865,#859,#369,.T.);
#1074=EDGE_CURVE('',#861,#866,#370,.T.);
#1075=EDGE_CURVE('',#867,#868,#371,.T.);
#1076=EDGE_CURVE('',#869,#867,#372,.T.);
#1077=EDGE_CURVE('',#870,#869,#373,.T.);
#1078=EDGE_CURVE('',#870,#868,#374,.T.);
#1079=EDGE_CURVE('',#868,#871,#375,.T.);
#1080=EDGE_CURVE('',#872,#870,#376,.T.);
#1081=EDGE_CURVE('',#872,#871,#377,.T.);
#1082=EDGE_CURVE('',#871,#873,#378,.T.);
#1083=EDGE_CURVE('',#874,#872,#379,.T.);
#1084=EDGE_CURVE('',#874,#873,#380,.T.);
#1085=EDGE_CURVE('',#873,#867,#381,.T.);
#1086=EDGE_CURVE('',#869,#874,#382,.T.);
#1087=EDGE_CURVE('',#875,#876,#383,.T.);
#1088=EDGE_CURVE('',#877,#875,#384,.T.);
#1089=EDGE_CURVE('',#878,#877,#385,.T.);
#1090=EDGE_CURVE('',#878,#876,#386,.T.);
#1091=EDGE_CURVE('',#876,#879,#387,.T.);
#1092=EDGE_CURVE('',#880,#878,#388,.T.);
#1093=EDGE_CURVE('',#880,#879,#389,.T.);
#1094=EDGE_CURVE('',#879,#881,#390,.T.);
#1095=EDGE_CURVE('',#882,#880,#391,.T.);
#1096=EDGE_CURVE('',#882,#881,#392,.T.);
#1097=EDGE_CURVE('',#881,#875,#393,.T.);
#1098=EDGE_CURVE('',#877,#882,#394,.T.);
#1099=EDGE_CURVE('',#883,#884,#395,.T.);
#1100=EDGE_CURVE('',#885,#883,#396,.T.);
#1101=EDGE_CURVE('',#886,#885,#397,.T.);
#1102=EDGE_CURVE('',#886,#884,#398,.T.);
#1103=EDGE_CURVE('',#884,#887,#399,.T.);
#1104=EDGE_CURVE('',#888,#886,#400,.T.);
#1105=EDGE_CURVE('',#888,#887,#401,.T.);
#1106=EDGE_CURVE('',#887,#889,#402,.T.);
#1107=EDGE_CURVE('',#890,#888,#403,.T.);
#1108=EDGE_CURVE('',#890,#889,#404,.T.);
#1109=EDGE_CURVE('',#889,#883,#405,.T.);
#1110=EDGE_CURVE('',#885,#890,#406,.T.);
#1111=EDGE_CURVE('',#891,#892,#407,.T.);
#1112=EDGE_CURVE('',#893,#891,#408,.T.);
#1113=EDGE_CURVE('',#894,#893,#409,.T.);
#1114=EDGE_CURVE('',#894,#892,#410,.T.);
#1115=EDGE_CURVE('',#892,#895,#411,.T.);
#1116=EDGE_CURVE('',#896,#894,#412,.T.);
#1117=EDGE_CURVE('',#896,#895,#413,.T.);
#1118=EDGE_CURVE('',#895,#897,#414,.T.);
#1119=EDGE_CURVE('',#898,#896,#415,.T.);
#1120=EDGE_CURVE('',#898,#897,#416,.T.);
#1121=EDGE_CURVE('',#897,#891,#417,.T.);
#1122=EDGE_CURVE('',#893,#898,#418,.T.);
#1123=EDGE_CURVE('',#899,#900,#419,.T.);
#1124=EDGE_CURVE('',#901,#899,#420,.T.);
#1125=EDGE_CURVE('',#902,#901,#421,.T.);
#1126=EDGE_CURVE('',#902,#900,#422,.T.);
#1127=EDGE_CURVE('',#900,#903,#423,.T.);
#1128=EDGE_CURVE('',#904,#902,#424,.T.);
#1129=EDGE_CURVE('',#904,#903,#425,.T.);
#1130=EDGE_CURVE('',#903,#905,#426,.T.);
#1131=EDGE_CURVE('',#906,#904,#427,.T.);
#1132=EDGE_CURVE('',#906,#905,#428,.T.);
#1133=EDGE_CURVE('',#905,#899,#429,.T.);
#1134=EDGE_CURVE('',#901,#906,#430,.T.);
#1135=EDGE_CURVE('',#907,#908,#431,.T.);
#1136=EDGE_CURVE('',#909,#907,#432,.T.);
#1137=EDGE_CURVE('',#910,#909,#433,.T.);
#1138=EDGE_CURVE('',#910,#908,#434,.T.);
#1139=EDGE_CURVE('',#908,#911,#435,.T.);
#1140=EDGE_CURVE('',#912,#910,#436,.T.);
#1141=EDGE_CURVE('',#912,#911,#437,.T.);
#1142=EDGE_CURVE('',#911,#913,#438,.T.);
#1143=EDGE_CURVE('',#914,#912,#439,.T.);
#1144=EDGE_CURVE('',#914,#913,#440,.T.);
#1145=EDGE_CURVE('',#913,#907,#441,.T.);
#1146=EDGE_CURVE('',#909,#914,#442,.T.);
#1147=EDGE_CURVE('',#915,#916,#443,.T.);
#1148=EDGE_CURVE('',#917,#915,#444,.T.);
#1149=EDGE_CURVE('',#918,#917,#445,.T.);
#1150=EDGE_CURVE('',#918,#916,#446,.T.);
#1151=EDGE_CURVE('',#916,#919,#447,.T.);
#1152=EDGE_CURVE('',#920,#918,#448,.T.);
#1153=EDGE_CURVE('',#920,#919,#449,.T.);
#1154=EDGE_CURVE('',#919,#921,#450,.T.);
#1155=EDGE_CURVE('',#922,#920,#451,.T.);
#1156=EDGE_CURVE('',#922,#921,#452,.T.);
#1157=EDGE_CURVE('',#921,#915,#453,.T.);
#1158=EDGE_CURVE('',#917,#922,#454,.T.);
#1159=EDGE_CURVE('',#923,#924,#455,.T.);
#1160=EDGE_CURVE('',#923,#925,#456,.T.);
#1161=EDGE_CURVE('',#925,#926,#457,.T.);
#1162=EDGE_CURVE('',#927,#926,#458,.T.);
#1163=EDGE_CURVE('',#928,#927,#459,.T.);
#1164=EDGE_CURVE('',#928,#929,#460,.T.);
#1165=EDGE_CURVE('',#930,#929,#461,.T.);
#1166=EDGE_CURVE('',#931,#930,#462,.T.);
#1167=EDGE_CURVE('',#931,#932,#463,.T.);
#1168=EDGE_CURVE('',#933,#932,#464,.T.);
#1169=EDGE_CURVE('',#934,#933,#465,.T.);
#1170=EDGE_CURVE('',#934,#935,#466,.T.);
#1171=EDGE_CURVE('',#936,#935,#467,.T.);
#1172=EDGE_CURVE('',#937,#936,#468,.T.);
#1173=EDGE_CURVE('',#937,#938,#469,.T.);
#1174=EDGE_CURVE('',#924,#938,#470,.T.);
#1175=EDGE_CURVE('',#924,#939,#67,.T.);
#1176=EDGE_CURVE('',#938,#940,#68,.T.);
#1177=EDGE_CURVE('',#939,#940,#471,.T.);
#1178=EDGE_CURVE('',#941,#942,#472,.T.);
#1179=EDGE_CURVE('',#941,#943,#473,.T.);
#1180=EDGE_CURVE('',#943,#944,#474,.T.);
#1181=EDGE_CURVE('',#945,#944,#475,.T.);
#1182=EDGE_CURVE('',#946,#945,#476,.T.);
#1183=EDGE_CURVE('',#946,#947,#477,.T.);
#1184=EDGE_CURVE('',#948,#947,#478,.T.);
#1185=EDGE_CURVE('',#949,#948,#479,.T.);
#1186=EDGE_CURVE('',#949,#950,#480,.T.);
#1187=EDGE_CURVE('',#951,#950,#481,.T.);
#1188=EDGE_CURVE('',#952,#951,#482,.T.);
#1189=EDGE_CURVE('',#952,#953,#483,.T.);
#1190=EDGE_CURVE('',#954,#953,#484,.T.);
#1191=EDGE_CURVE('',#955,#954,#485,.T.);
#1192=EDGE_CURVE('',#955,#956,#486,.T.);
#1193=EDGE_CURVE('',#942,#956,#487,.T.);
#1194=EDGE_CURVE('',#942,#957,#69,.T.);
#1195=EDGE_CURVE('',#956,#958,#70,.T.);
#1196=EDGE_CURVE('',#957,#958,#488,.T.);
#1197=EDGE_CURVE('',#959,#960,#489,.T.);
#1198=EDGE_CURVE('',#960,#952,#490,.T.);
#1199=EDGE_CURVE('',#959,#951,#491,.T.);
#1200=EDGE_CURVE('',#961,#959,#492,.T.);
#1201=EDGE_CURVE('',#950,#961,#493,.T.);
#1202=EDGE_CURVE('',#962,#963,#494,.T.);
#1203=EDGE_CURVE('',#963,#931,#495,.T.);
#1204=EDGE_CURVE('',#930,#962,#496,.T.);
#1205=EDGE_CURVE('',#964,#962,#497,.T.);
#1206=EDGE_CURVE('',#929,#964,#498,.T.);
#1207=EDGE_CURVE('',#965,#966,#499,.T.);
#1208=EDGE_CURVE('',#966,#955,#500,.T.);
#1209=EDGE_CURVE('',#965,#954,#501,.T.);
#1210=EDGE_CURVE('',#967,#965,#502,.T.);
#1211=EDGE_CURVE('',#953,#967,#503,.T.);
#1212=EDGE_CURVE('',#968,#969,#504,.T.);
#1213=EDGE_CURVE('',#969,#928,#505,.T.);
#1214=EDGE_CURVE('',#927,#968,#506,.T.);
#1215=EDGE_CURVE('',#970,#968,#507,.T.);
#1216=EDGE_CURVE('',#926,#970,#508,.T.);
#1217=EDGE_CURVE('',#971,#972,#509,.T.);
#1218=EDGE_CURVE('',#972,#949,#510,.T.);
#1219=EDGE_CURVE('',#971,#948,#511,.T.);
#1220=EDGE_CURVE('',#973,#971,#512,.T.);
#1221=EDGE_CURVE('',#947,#973,#513,.T.);
#1222=EDGE_CURVE('',#974,#975,#514,.T.);
#1223=EDGE_CURVE('',#975,#934,#515,.T.);
#1224=EDGE_CURVE('',#933,#974,#516,.T.);
#1225=EDGE_CURVE('',#976,#974,#517,.T.);
#1226=EDGE_CURVE('',#932,#976,#518,.T.);
#1227=EDGE_CURVE('',#977,#978,#519,.T.);
#1228=EDGE_CURVE('',#978,#946,#520,.T.);
#1229=EDGE_CURVE('',#977,#945,#521,.T.);
#1230=EDGE_CURVE('',#979,#977,#522,.T.);
#1231=EDGE_CURVE('',#944,#979,#523,.T.);
#1232=EDGE_CURVE('',#980,#981,#524,.T.);
#1233=EDGE_CURVE('',#981,#937,#525,.T.);
#1234=EDGE_CURVE('',#936,#980,#526,.T.);
#1235=EDGE_CURVE('',#982,#980,#527,.T.);
#1236=EDGE_CURVE('',#935,#982,#528,.T.);
#1237=EDGE_CURVE('',#940,#981,#529,.T.);
#1238=EDGE_CURVE('',#982,#975,#530,.T.);
#1239=EDGE_CURVE('',#983,#925,#71,.T.);
#1240=EDGE_CURVE('',#970,#983,#531,.T.);
#1241=EDGE_CURVE('',#964,#969,#532,.T.);
#1242=EDGE_CURVE('',#976,#963,#533,.T.);
#1243=EDGE_CURVE('',#984,#943,#72,.T.);
#1244=EDGE_CURVE('',#979,#984,#534,.T.);
#1245=EDGE_CURVE('',#973,#978,#535,.T.);
#1246=EDGE_CURVE('',#958,#966,#536,.T.);
#1247=EDGE_CURVE('',#961,#972,#537,.T.);
#1248=EDGE_CURVE('',#967,#960,#538,.T.);
#1249=EDGE_CURVE('',#939,#985,#539,.T.);
#1250=EDGE_CURVE('',#985,#983,#540,.T.);
#1251=EDGE_CURVE('',#985,#923,#73,.T.);
#1252=EDGE_CURVE('',#957,#986,#541,.T.);
#1253=EDGE_CURVE('',#986,#984,#542,.T.);
#1254=EDGE_CURVE('',#986,#941,#74,.T.);
#1255=EDGE_CURVE('',#987,#988,#543,.T.);
#1256=EDGE_CURVE('',#988,#989,#544,.T.);
#1257=EDGE_CURVE('',#990,#989,#545,.T.);
#1258=EDGE_CURVE('',#987,#990,#546,.T.);
#1259=EDGE_CURVE('',#991,#987,#75,.T.);
#1260=EDGE_CURVE('',#992,#990,#76,.T.);
#1261=EDGE_CURVE('',#991,#992,#547,.T.);
#1262=EDGE_CURVE('',#993,#991,#548,.T.);
#1263=EDGE_CURVE('',#994,#992,#549,.T.);
#1264=EDGE_CURVE('',#993,#994,#550,.T.);
#1265=EDGE_CURVE('',#995,#993,#77,.T.);
#1266=EDGE_CURVE('',#996,#994,#78,.T.);
#1267=EDGE_CURVE('',#995,#996,#551,.T.);
#1268=EDGE_CURVE('',#997,#995,#552,.T.);
#1269=EDGE_CURVE('',#998,#996,#553,.T.);
#1270=EDGE_CURVE('',#997,#998,#554,.T.);
#1271=EDGE_CURVE('',#999,#997,#555,.T.);
#1272=EDGE_CURVE('',#1000,#998,#556,.T.);
#1273=EDGE_CURVE('',#999,#1000,#557,.T.);
#1274=EDGE_CURVE('',#1001,#999,#79,.T.);
#1275=EDGE_CURVE('',#1002,#1000,#80,.T.);
#1276=EDGE_CURVE('',#1001,#1002,#558,.T.);
#1277=EDGE_CURVE('',#1003,#1001,#559,.T.);
#1278=EDGE_CURVE('',#1004,#1002,#560,.T.);
#1279=EDGE_CURVE('',#1003,#1004,#561,.T.);
#1280=EDGE_CURVE('',#1005,#1003,#81,.T.);
#1281=EDGE_CURVE('',#1006,#1004,#82,.T.);
#1282=EDGE_CURVE('',#1005,#1006,#562,.T.);
#1283=EDGE_CURVE('',#1007,#1005,#563,.T.);
#1284=EDGE_CURVE('',#1008,#1006,#564,.T.);
#1285=EDGE_CURVE('',#1007,#1008,#565,.T.);
#1286=EDGE_CURVE('',#1009,#1007,#566,.T.);
#1287=EDGE_CURVE('',#1010,#1008,#567,.T.);
#1288=EDGE_CURVE('',#1009,#1010,#568,.T.);
#1289=EDGE_CURVE('',#988,#1009,#569,.T.);
#1290=EDGE_CURVE('',#989,#1010,#570,.T.);
#1291=EDGE_CURVE('',#1011,#1011,#83,.T.);
#1292=EDGE_CURVE('',#1011,#1012,#571,.T.);
#1293=EDGE_CURVE('',#1012,#1012,#84,.T.);
#1294=EDGE_CURVE('',#1013,#1013,#85,.T.);
#1295=EDGE_CURVE('',#1013,#1014,#572,.T.);
#1296=EDGE_CURVE('',#1014,#1014,#86,.T.);
#1297=EDGE_CURVE('',#1015,#1016,#15,.T.);
#1298=EDGE_CURVE('',#1015,#1017,#573,.T.);
#1299=EDGE_CURVE('',#1018,#1017,#16,.T.);
#1300=EDGE_CURVE('',#1016,#1018,#574,.T.);
#1301=EDGE_CURVE('',#1016,#1019,#575,.T.);
#1302=EDGE_CURVE('',#1020,#1018,#576,.T.);
#1303=EDGE_CURVE('',#1019,#1020,#577,.T.);
#1304=EDGE_CURVE('',#1021,#1019,#17,.T.);
#1305=EDGE_CURVE('',#1022,#1020,#18,.T.);
#1306=EDGE_CURVE('',#1021,#1022,#578,.T.);
#1307=EDGE_CURVE('',#1023,#1021,#19,.T.);
#1308=EDGE_CURVE('',#1024,#1022,#20,.T.);
#1309=EDGE_CURVE('',#1023,#1024,#579,.T.);
#1310=EDGE_CURVE('',#1023,#1025,#21,.T.);
#1311=EDGE_CURVE('',#1026,#1024,#22,.T.);
#1312=EDGE_CURVE('',#1025,#1026,#580,.T.);
#1313=EDGE_CURVE('',#1027,#1025,#87,.T.);
#1314=EDGE_CURVE('',#1028,#1026,#88,.T.);
#1315=EDGE_CURVE('',#1027,#1028,#581,.T.);
#1316=EDGE_CURVE('',#1027,#1029,#23,.T.);
#1317=EDGE_CURVE('',#1030,#1028,#24,.T.);
#1318=EDGE_CURVE('',#1029,#1030,#582,.T.);
#1319=EDGE_CURVE('',#1029,#1031,#25,.T.);
#1320=EDGE_CURVE('',#1032,#1030,#26,.T.);
#1321=EDGE_CURVE('',#1031,#1032,#583,.T.);
#1322=EDGE_CURVE('',#1031,#1033,#27,.T.);
#1323=EDGE_CURVE('',#1034,#1032,#28,.T.);
#1324=EDGE_CURVE('',#1033,#1034,#584,.T.);
#1325=EDGE_CURVE('',#1035,#1033,#585,.T.);
#1326=EDGE_CURVE('',#1036,#1034,#586,.T.);
#1327=EDGE_CURVE('',#1035,#1036,#587,.T.);
#1328=EDGE_CURVE('',#1037,#1035,#29,.T.);
#1329=EDGE_CURVE('',#1038,#1036,#30,.T.);
#1330=EDGE_CURVE('',#1037,#1038,#588,.T.);
#1331=EDGE_CURVE('',#1015,#1037,#89,.T.);
#1332=EDGE_CURVE('',#1017,#1038,#90,.T.);
#1333=ORIENTED_EDGE('',*,*,#1039,.F.);
#1334=ORIENTED_EDGE('',*,*,#1040,.F.);
#1335=ORIENTED_EDGE('',*,*,#1041,.F.);
#1336=ORIENTED_EDGE('',*,*,#1042,.T.);
#1337=ORIENTED_EDGE('',*,*,#1043,.F.);
#1338=ORIENTED_EDGE('',*,*,#1042,.F.);
#1339=ORIENTED_EDGE('',*,*,#1044,.F.);
#1340=ORIENTED_EDGE('',*,*,#1045,.T.);
#1341=ORIENTED_EDGE('',*,*,#1046,.F.);
#1342=ORIENTED_EDGE('',*,*,#1045,.F.);
#1343=ORIENTED_EDGE('',*,*,#1047,.F.);
#1344=ORIENTED_EDGE('',*,*,#1048,.T.);
#1345=ORIENTED_EDGE('',*,*,#1049,.F.);
#1346=ORIENTED_EDGE('',*,*,#1048,.F.);
#1347=ORIENTED_EDGE('',*,*,#1050,.F.);
#1348=ORIENTED_EDGE('',*,*,#1040,.T.);
#1349=ORIENTED_EDGE('',*,*,#1051,.F.);
#1350=ORIENTED_EDGE('',*,*,#1052,.F.);
#1351=ORIENTED_EDGE('',*,*,#1053,.F.);
#1352=ORIENTED_EDGE('',*,*,#1054,.T.);
#1353=ORIENTED_EDGE('',*,*,#1055,.F.);
#1354=ORIENTED_EDGE('',*,*,#1054,.F.);
#1355=ORIENTED_EDGE('',*,*,#1056,.F.);
#1356=ORIENTED_EDGE('',*,*,#1057,.T.);
#1357=ORIENTED_EDGE('',*,*,#1058,.F.);
#1358=ORIENTED_EDGE('',*,*,#1057,.F.);
#1359=ORIENTED_EDGE('',*,*,#1059,.F.);
#1360=ORIENTED_EDGE('',*,*,#1060,.T.);
#1361=ORIENTED_EDGE('',*,*,#1061,.F.);
#1362=ORIENTED_EDGE('',*,*,#1060,.F.);
#1363=ORIENTED_EDGE('',*,*,#1062,.F.);
#1364=ORIENTED_EDGE('',*,*,#1052,.T.);
#1365=ORIENTED_EDGE('',*,*,#1063,.F.);
#1366=ORIENTED_EDGE('',*,*,#1064,.F.);
#1367=ORIENTED_EDGE('',*,*,#1065,.F.);
#1368=ORIENTED_EDGE('',*,*,#1066,.T.);
#1369=ORIENTED_EDGE('',*,*,#1067,.F.);
#1370=ORIENTED_EDGE('',*,*,#1066,.F.);
#1371=ORIENTED_EDGE('',*,*,#1068,.F.);
#1372=ORIENTED_EDGE('',*,*,#1069,.T.);
#1373=ORIENTED_EDGE('',*,*,#1070,.F.);
#1374=ORIENTED_EDGE('',*,*,#1069,.F.);
#1375=ORIENTED_EDGE('',*,*,#1071,.F.);
#1376=ORIENTED_EDGE('',*,*,#1072,.T.);
#1377=ORIENTED_EDGE('',*,*,#1073,.F.);
#1378=ORIENTED_EDGE('',*,*,#1072,.F.);
#1379=ORIENTED_EDGE('',*,*,#1074,.F.);
#1380=ORIENTED_EDGE('',*,*,#1064,.T.);
#1381=ORIENTED_EDGE('',*,*,#1075,.F.);
#1382=ORIENTED_EDGE('',*,*,#1076,.F.);
#1383=ORIENTED_EDGE('',*,*,#1077,.F.);
#1384=ORIENTED_EDGE('',*,*,#1078,.T.);
#1385=ORIENTED_EDGE('',*,*,#1079,.F.);
#1386=ORIENTED_EDGE('',*,*,#1078,.F.);
#1387=ORIENTED_EDGE('',*,*,#1080,.F.);
#1388=ORIENTED_EDGE('',*,*,#1081,.T.);
#1389=ORIENTED_EDGE('',*,*,#1082,.F.);
#1390=ORIENTED_EDGE('',*,*,#1081,.F.);
#1391=ORIENTED_EDGE('',*,*,#1083,.F.);
#1392=ORIENTED_EDGE('',*,*,#1084,.T.);
#1393=ORIENTED_EDGE('',*,*,#1085,.F.);
#1394=ORIENTED_EDGE('',*,*,#1084,.F.);
#1395=ORIENTED_EDGE('',*,*,#1086,.F.);
#1396=ORIENTED_EDGE('',*,*,#1076,.T.);
#1397=ORIENTED_EDGE('',*,*,#1087,.F.);
#1398=ORIENTED_EDGE('',*,*,#1088,.F.);
#1399=ORIENTED_EDGE('',*,*,#1089,.F.);
#1400=ORIENTED_EDGE('',*,*,#1090,.T.);
#1401=ORIENTED_EDGE('',*,*,#1091,.F.);
#1402=ORIENTED_EDGE('',*,*,#1090,.F.);
#1403=ORIENTED_EDGE('',*,*,#1092,.F.);
#1404=ORIENTED_EDGE('',*,*,#1093,.T.);
#1405=ORIENTED_EDGE('',*,*,#1094,.F.);
#1406=ORIENTED_EDGE('',*,*,#1093,.F.);
#1407=ORIENTED_EDGE('',*,*,#1095,.F.);
#1408=ORIENTED_EDGE('',*,*,#1096,.T.);
#1409=ORIENTED_EDGE('',*,*,#1097,.F.);
#1410=ORIENTED_EDGE('',*,*,#1096,.F.);
#1411=ORIENTED_EDGE('',*,*,#1098,.F.);
#1412=ORIENTED_EDGE('',*,*,#1088,.T.);
#1413=ORIENTED_EDGE('',*,*,#1099,.F.);
#1414=ORIENTED_EDGE('',*,*,#1100,.F.);
#1415=ORIENTED_EDGE('',*,*,#1101,.F.);
#1416=ORIENTED_EDGE('',*,*,#1102,.T.);
#1417=ORIENTED_EDGE('',*,*,#1103,.F.);
#1418=ORIENTED_EDGE('',*,*,#1102,.F.);
#1419=ORIENTED_EDGE('',*,*,#1104,.F.);
#1420=ORIENTED_EDGE('',*,*,#1105,.T.);
#1421=ORIENTED_EDGE('',*,*,#1106,.F.);
#1422=ORIENTED_EDGE('',*,*,#1105,.F.);
#1423=ORIENTED_EDGE('',*,*,#1107,.F.);
#1424=ORIENTED_EDGE('',*,*,#1108,.T.);
#1425=ORIENTED_EDGE('',*,*,#1109,.F.);
#1426=ORIENTED_EDGE('',*,*,#1108,.F.);
#1427=ORIENTED_EDGE('',*,*,#1110,.F.);
#1428=ORIENTED_EDGE('',*,*,#1100,.T.);
#1429=ORIENTED_EDGE('',*,*,#1111,.F.);
#1430=ORIENTED_EDGE('',*,*,#1112,.F.);
#1431=ORIENTED_EDGE('',*,*,#1113,.F.);
#1432=ORIENTED_EDGE('',*,*,#1114,.T.);
#1433=ORIENTED_EDGE('',*,*,#1115,.F.);
#1434=ORIENTED_EDGE('',*,*,#1114,.F.);
#1435=ORIENTED_EDGE('',*,*,#1116,.F.);
#1436=ORIENTED_EDGE('',*,*,#1117,.T.);
#1437=ORIENTED_EDGE('',*,*,#1118,.F.);
#1438=ORIENTED_EDGE('',*,*,#1117,.F.);
#1439=ORIENTED_EDGE('',*,*,#1119,.F.);
#1440=ORIENTED_EDGE('',*,*,#1120,.T.);
#1441=ORIENTED_EDGE('',*,*,#1121,.F.);
#1442=ORIENTED_EDGE('',*,*,#1120,.F.);
#1443=ORIENTED_EDGE('',*,*,#1122,.F.);
#1444=ORIENTED_EDGE('',*,*,#1112,.T.);
#1445=ORIENTED_EDGE('',*,*,#1123,.F.);
#1446=ORIENTED_EDGE('',*,*,#1124,.F.);
#1447=ORIENTED_EDGE('',*,*,#1125,.F.);
#1448=ORIENTED_EDGE('',*,*,#1126,.T.);
#1449=ORIENTED_EDGE('',*,*,#1127,.F.);
#1450=ORIENTED_EDGE('',*,*,#1126,.F.);
#1451=ORIENTED_EDGE('',*,*,#1128,.F.);
#1452=ORIENTED_EDGE('',*,*,#1129,.T.);
#1453=ORIENTED_EDGE('',*,*,#1130,.F.);
#1454=ORIENTED_EDGE('',*,*,#1129,.F.);
#1455=ORIENTED_EDGE('',*,*,#1131,.F.);
#1456=ORIENTED_EDGE('',*,*,#1132,.T.);
#1457=ORIENTED_EDGE('',*,*,#1133,.F.);
#1458=ORIENTED_EDGE('',*,*,#1132,.F.);
#1459=ORIENTED_EDGE('',*,*,#1134,.F.);
#1460=ORIENTED_EDGE('',*,*,#1124,.T.);
#1461=ORIENTED_EDGE('',*,*,#1135,.F.);
#1462=ORIENTED_EDGE('',*,*,#1136,.F.);
#1463=ORIENTED_EDGE('',*,*,#1137,.F.);
#1464=ORIENTED_EDGE('',*,*,#1138,.T.);
#1465=ORIENTED_EDGE('',*,*,#1139,.F.);
#1466=ORIENTED_EDGE('',*,*,#1138,.F.);
#1467=ORIENTED_EDGE('',*,*,#1140,.F.);
#1468=ORIENTED_EDGE('',*,*,#1141,.T.);
#1469=ORIENTED_EDGE('',*,*,#1142,.F.);
#1470=ORIENTED_EDGE('',*,*,#1141,.F.);
#1471=ORIENTED_EDGE('',*,*,#1143,.F.);
#1472=ORIENTED_EDGE('',*,*,#1144,.T.);
#1473=ORIENTED_EDGE('',*,*,#1145,.F.);
#1474=ORIENTED_EDGE('',*,*,#1144,.F.);
#1475=ORIENTED_EDGE('',*,*,#1146,.F.);
#1476=ORIENTED_EDGE('',*,*,#1136,.T.);
#1477=ORIENTED_EDGE('',*,*,#1147,.F.);
#1478=ORIENTED_EDGE('',*,*,#1148,.F.);
#1479=ORIENTED_EDGE('',*,*,#1149,.F.);
#1480=ORIENTED_EDGE('',*,*,#1150,.T.);
#1481=ORIENTED_EDGE('',*,*,#1151,.F.);
#1482=ORIENTED_EDGE('',*,*,#1150,.F.);
#1483=ORIENTED_EDGE('',*,*,#1152,.F.);
#1484=ORIENTED_EDGE('',*,*,#1153,.T.);
#1485=ORIENTED_EDGE('',*,*,#1154,.F.);
#1486=ORIENTED_EDGE('',*,*,#1153,.F.);
#1487=ORIENTED_EDGE('',*,*,#1155,.F.);
#1488=ORIENTED_EDGE('',*,*,#1156,.T.);
#1489=ORIENTED_EDGE('',*,*,#1157,.F.);
#1490=ORIENTED_EDGE('',*,*,#1156,.F.);
#1491=ORIENTED_EDGE('',*,*,#1158,.F.);
#1492=ORIENTED_EDGE('',*,*,#1148,.T.);
#1493=ORIENTED_EDGE('',*,*,#1159,.F.);
#1494=ORIENTED_EDGE('',*,*,#1160,.T.);
#1495=ORIENTED_EDGE('',*,*,#1161,.T.);
#1496=ORIENTED_EDGE('',*,*,#1162,.F.);
#1497=ORIENTED_EDGE('',*,*,#1163,.F.);
#1498=ORIENTED_EDGE('',*,*,#1164,.T.);
#1499=ORIENTED_EDGE('',*,*,#1165,.F.);
#1500=ORIENTED_EDGE('',*,*,#1166,.F.);
#1501=ORIENTED_EDGE('',*,*,#1167,.T.);
#1502=ORIENTED_EDGE('',*,*,#1168,.F.);
#1503=ORIENTED_EDGE('',*,*,#1169,.F.);
#1504=ORIENTED_EDGE('',*,*,#1170,.T.);
#1505=ORIENTED_EDGE('',*,*,#1171,.F.);
#1506=ORIENTED_EDGE('',*,*,#1172,.F.);
#1507=ORIENTED_EDGE('',*,*,#1173,.T.);
#1508=ORIENTED_EDGE('',*,*,#1174,.F.);
#1509=ORIENTED_EDGE('',*,*,#1175,.F.);
#1510=ORIENTED_EDGE('',*,*,#1174,.T.);
#1511=ORIENTED_EDGE('',*,*,#1176,.T.);
#1512=ORIENTED_EDGE('',*,*,#1177,.F.);
#1513=ORIENTED_EDGE('',*,*,#1178,.F.);
#1514=ORIENTED_EDGE('',*,*,#1179,.T.);
#1515=ORIENTED_EDGE('',*,*,#1180,.T.);
#1516=ORIENTED_EDGE('',*,*,#1181,.F.);
#1517=ORIENTED_EDGE('',*,*,#1182,.F.);
#1518=ORIENTED_EDGE('',*,*,#1183,.T.);
#1519=ORIENTED_EDGE('',*,*,#1184,.F.);
#1520=ORIENTED_EDGE('',*,*,#1185,.F.);
#1521=ORIENTED_EDGE('',*,*,#1186,.T.);
#1522=ORIENTED_EDGE('',*,*,#1187,.F.);
#1523=ORIENTED_EDGE('',*,*,#1188,.F.);
#1524=ORIENTED_EDGE('',*,*,#1189,.T.);
#1525=ORIENTED_EDGE('',*,*,#1190,.F.);
#1526=ORIENTED_EDGE('',*,*,#1191,.F.);
#1527=ORIENTED_EDGE('',*,*,#1192,.T.);
#1528=ORIENTED_EDGE('',*,*,#1193,.F.);
#1529=ORIENTED_EDGE('',*,*,#1194,.F.);
#1530=ORIENTED_EDGE('',*,*,#1193,.T.);
#1531=ORIENTED_EDGE('',*,*,#1195,.T.);
#1532=ORIENTED_EDGE('',*,*,#1196,.F.);
#1533=ORIENTED_EDGE('',*,*,#1197,.T.);
#1534=ORIENTED_EDGE('',*,*,#1198,.T.);
#1535=ORIENTED_EDGE('',*,*,#1188,.T.);
#1536=ORIENTED_EDGE('',*,*,#1199,.F.);
#1537=ORIENTED_EDGE('',*,*,#1200,.T.);
#1538=ORIENTED_EDGE('',*,*,#1199,.T.);
#1539=ORIENTED_EDGE('',*,*,#1187,.T.);
#1540=ORIENTED_EDGE('',*,*,#1201,.T.);
#1541=ORIENTED_EDGE('',*,*,#1202,.T.);
#1542=ORIENTED_EDGE('',*,*,#1203,.T.);
#1543=ORIENTED_EDGE('',*,*,#1166,.T.);
#1544=ORIENTED_EDGE('',*,*,#1204,.T.);
#1545=ORIENTED_EDGE('',*,*,#1205,.T.);
#1546=ORIENTED_EDGE('',*,*,#1204,.F.);
#1547=ORIENTED_EDGE('',*,*,#1165,.T.);
#1548=ORIENTED_EDGE('',*,*,#1206,.T.);
#1549=ORIENTED_EDGE('',*,*,#1207,.T.);
#1550=ORIENTED_EDGE('',*,*,#1208,.T.);
#1551=ORIENTED_EDGE('',*,*,#1191,.T.);
#1552=ORIENTED_EDGE('',*,*,#1209,.F.);
#1553=ORIENTED_EDGE('',*,*,#1210,.T.);
#1554=ORIENTED_EDGE('',*,*,#1209,.T.);
#1555=ORIENTED_EDGE('',*,*,#1190,.T.);
#1556=ORIENTED_EDGE('',*,*,#1211,.T.);
#1557=ORIENTED_EDGE('',*,*,#1212,.T.);
#1558=ORIENTED_EDGE('',*,*,#1213,.T.);
#1559=ORIENTED_EDGE('',*,*,#1163,.T.);
#1560=ORIENTED_EDGE('',*,*,#1214,.T.);
#1561=ORIENTED_EDGE('',*,*,#1215,.T.);
#1562=ORIENTED_EDGE('',*,*,#1214,.F.);
#1563=ORIENTED_EDGE('',*,*,#1162,.T.);
#1564=ORIENTED_EDGE('',*,*,#1216,.T.);
#1565=ORIENTED_EDGE('',*,*,#1217,.T.);
#1566=ORIENTED_EDGE('',*,*,#1218,.T.);
#1567=ORIENTED_EDGE('',*,*,#1185,.T.);
#1568=ORIENTED_EDGE('',*,*,#1219,.F.);
#1569=ORIENTED_EDGE('',*,*,#1220,.T.);
#1570=ORIENTED_EDGE('',*,*,#1219,.T.);
#1571=ORIENTED_EDGE('',*,*,#1184,.T.);
#1572=ORIENTED_EDGE('',*,*,#1221,.T.);
#1573=ORIENTED_EDGE('',*,*,#1222,.T.);
#1574=ORIENTED_EDGE('',*,*,#1223,.T.);
#1575=ORIENTED_EDGE('',*,*,#1169,.T.);
#1576=ORIENTED_EDGE('',*,*,#1224,.T.);
#1577=ORIENTED_EDGE('',*,*,#1225,.T.);
#1578=ORIENTED_EDGE('',*,*,#1224,.F.);
#1579=ORIENTED_EDGE('',*,*,#1168,.T.);
#1580=ORIENTED_EDGE('',*,*,#1226,.T.);
#1581=ORIENTED_EDGE('',*,*,#1227,.T.);
#1582=ORIENTED_EDGE('',*,*,#1228,.T.);
#1583=ORIENTED_EDGE('',*,*,#1182,.T.);
#1584=ORIENTED_EDGE('',*,*,#1229,.F.);
#1585=ORIENTED_EDGE('',*,*,#1230,.T.);
#1586=ORIENTED_EDGE('',*,*,#1229,.T.);
#1587=ORIENTED_EDGE('',*,*,#1181,.T.);
#1588=ORIENTED_EDGE('',*,*,#1231,.T.);
#1589=ORIENTED_EDGE('',*,*,#1232,.T.);
#1590=ORIENTED_EDGE('',*,*,#1233,.T.);
#1591=ORIENTED_EDGE('',*,*,#1172,.T.);
#1592=ORIENTED_EDGE('',*,*,#1234,.T.);
#1593=ORIENTED_EDGE('',*,*,#1235,.T.);
#1594=ORIENTED_EDGE('',*,*,#1234,.F.);
#1595=ORIENTED_EDGE('',*,*,#1171,.T.);
#1596=ORIENTED_EDGE('',*,*,#1236,.T.);
#1597=ORIENTED_EDGE('',*,*,#1233,.F.);
#1598=ORIENTED_EDGE('',*,*,#1237,.F.);
#1599=ORIENTED_EDGE('',*,*,#1176,.F.);
#1600=ORIENTED_EDGE('',*,*,#1173,.F.);
#1601=ORIENTED_EDGE('',*,*,#1071,.T.);
#1602=ORIENTED_EDGE('',*,*,#1068,.T.);
#1603=ORIENTED_EDGE('',*,*,#1065,.T.);
#1604=ORIENTED_EDGE('',*,*,#1074,.T.);
#1605=ORIENTED_EDGE('',*,*,#1223,.F.);
#1606=ORIENTED_EDGE('',*,*,#1238,.F.);
#1607=ORIENTED_EDGE('',*,*,#1236,.F.);
#1608=ORIENTED_EDGE('',*,*,#1170,.F.);
#1609=ORIENTED_EDGE('',*,*,#1131,.T.);
#1610=ORIENTED_EDGE('',*,*,#1128,.T.);
#1611=ORIENTED_EDGE('',*,*,#1125,.T.);
#1612=ORIENTED_EDGE('',*,*,#1134,.T.);
#1613=ORIENTED_EDGE('',*,*,#1216,.F.);
#1614=ORIENTED_EDGE('',*,*,#1161,.F.);
#1615=ORIENTED_EDGE('',*,*,#1239,.F.);
#1616=ORIENTED_EDGE('',*,*,#1240,.F.);
#1617=ORIENTED_EDGE('',*,*,#1083,.T.);
#1618=ORIENTED_EDGE('',*,*,#1080,.T.);
#1619=ORIENTED_EDGE('',*,*,#1077,.T.);
#1620=ORIENTED_EDGE('',*,*,#1086,.T.);
#1621=ORIENTED_EDGE('',*,*,#1206,.F.);
#1622=ORIENTED_EDGE('',*,*,#1164,.F.);
#1623=ORIENTED_EDGE('',*,*,#1213,.F.);
#1624=ORIENTED_EDGE('',*,*,#1241,.F.);
#1625=ORIENTED_EDGE('',*,*,#1059,.T.);
#1626=ORIENTED_EDGE('',*,*,#1056,.T.);
#1627=ORIENTED_EDGE('',*,*,#1053,.T.);
#1628=ORIENTED_EDGE('',*,*,#1062,.T.);
#1629=ORIENTED_EDGE('',*,*,#1203,.F.);
#1630=ORIENTED_EDGE('',*,*,#1242,.F.);
#1631=ORIENTED_EDGE('',*,*,#1226,.F.);
#1632=ORIENTED_EDGE('',*,*,#1167,.F.);
#1633=ORIENTED_EDGE('',*,*,#1119,.T.);
#1634=ORIENTED_EDGE('',*,*,#1116,.T.);
#1635=ORIENTED_EDGE('',*,*,#1113,.T.);
#1636=ORIENTED_EDGE('',*,*,#1122,.T.);
#1637=ORIENTED_EDGE('',*,*,#1231,.F.);
#1638=ORIENTED_EDGE('',*,*,#1180,.F.);
#1639=ORIENTED_EDGE('',*,*,#1243,.F.);
#1640=ORIENTED_EDGE('',*,*,#1244,.F.);
#1641=ORIENTED_EDGE('',*,*,#1155,.T.);
#1642=ORIENTED_EDGE('',*,*,#1152,.T.);
#1643=ORIENTED_EDGE('',*,*,#1149,.T.);
#1644=ORIENTED_EDGE('',*,*,#1158,.T.);
#1645=ORIENTED_EDGE('',*,*,#1221,.F.);
#1646=ORIENTED_EDGE('',*,*,#1183,.F.);
#1647=ORIENTED_EDGE('',*,*,#1228,.F.);
#1648=ORIENTED_EDGE('',*,*,#1245,.F.);
#1649=ORIENTED_EDGE('',*,*,#1095,.T.);
#1650=ORIENTED_EDGE('',*,*,#1092,.T.);
#1651=ORIENTED_EDGE('',*,*,#1089,.T.);
#1652=ORIENTED_EDGE('',*,*,#1098,.T.);
#1653=ORIENTED_EDGE('',*,*,#1208,.F.);
#1654=ORIENTED_EDGE('',*,*,#1246,.F.);
#1655=ORIENTED_EDGE('',*,*,#1195,.F.);
#1656=ORIENTED_EDGE('',*,*,#1192,.F.);
#1657=ORIENTED_EDGE('',*,*,#1143,.T.);
#1658=ORIENTED_EDGE('',*,*,#1140,.T.);
#1659=ORIENTED_EDGE('',*,*,#1137,.T.);
#1660=ORIENTED_EDGE('',*,*,#1146,.T.);
#1661=ORIENTED_EDGE('',*,*,#1201,.F.);
#1662=ORIENTED_EDGE('',*,*,#1186,.F.);
#1663=ORIENTED_EDGE('',*,*,#1218,.F.);
#1664=ORIENTED_EDGE('',*,*,#1247,.F.);
#1665=ORIENTED_EDGE('',*,*,#1047,.T.);
#1666=ORIENTED_EDGE('',*,*,#1044,.T.);
#1667=ORIENTED_EDGE('',*,*,#1041,.T.);
#1668=ORIENTED_EDGE('',*,*,#1050,.T.);
#1669=ORIENTED_EDGE('',*,*,#1198,.F.);
#1670=ORIENTED_EDGE('',*,*,#1248,.F.);
#1671=ORIENTED_EDGE('',*,*,#1211,.F.);
#1672=ORIENTED_EDGE('',*,*,#1189,.F.);
#1673=ORIENTED_EDGE('',*,*,#1107,.T.);
#1674=ORIENTED_EDGE('',*,*,#1104,.T.);
#1675=ORIENTED_EDGE('',*,*,#1101,.T.);
#1676=ORIENTED_EDGE('',*,*,#1110,.T.);
#1677=ORIENTED_EDGE('',*,*,#1249,.F.);
#1678=ORIENTED_EDGE('',*,*,#1177,.T.);
#1679=ORIENTED_EDGE('',*,*,#1237,.T.);
#1680=ORIENTED_EDGE('',*,*,#1232,.F.);
#1681=ORIENTED_EDGE('',*,*,#1235,.F.);
#1682=ORIENTED_EDGE('',*,*,#1238,.T.);
#1683=ORIENTED_EDGE('',*,*,#1222,.F.);
#1684=ORIENTED_EDGE('',*,*,#1225,.F.);
#1685=ORIENTED_EDGE('',*,*,#1242,.T.);
#1686=ORIENTED_EDGE('',*,*,#1202,.F.);
#1687=ORIENTED_EDGE('',*,*,#1205,.F.);
#1688=ORIENTED_EDGE('',*,*,#1241,.T.);
#1689=ORIENTED_EDGE('',*,*,#1212,.F.);
#1690=ORIENTED_EDGE('',*,*,#1215,.F.);
#1691=ORIENTED_EDGE('',*,*,#1240,.T.);
#1692=ORIENTED_EDGE('',*,*,#1250,.F.);
#1693=ORIENTED_EDGE('',*,*,#1251,.F.);
#1694=ORIENTED_EDGE('',*,*,#1250,.T.);
#1695=ORIENTED_EDGE('',*,*,#1239,.T.);
#1696=ORIENTED_EDGE('',*,*,#1160,.F.);
#1697=ORIENTED_EDGE('',*,*,#1252,.F.);
#1698=ORIENTED_EDGE('',*,*,#1196,.T.);
#1699=ORIENTED_EDGE('',*,*,#1246,.T.);
#1700=ORIENTED_EDGE('',*,*,#1207,.F.);
#1701=ORIENTED_EDGE('',*,*,#1210,.F.);
#1702=ORIENTED_EDGE('',*,*,#1248,.T.);
#1703=ORIENTED_EDGE('',*,*,#1197,.F.);
#1704=ORIENTED_EDGE('',*,*,#1200,.F.);
#1705=ORIENTED_EDGE('',*,*,#1247,.T.);
#1706=ORIENTED_EDGE('',*,*,#1217,.F.);
#1707=ORIENTED_EDGE('',*,*,#1220,.F.);
#1708=ORIENTED_EDGE('',*,*,#1245,.T.);
#1709=ORIENTED_EDGE('',*,*,#1227,.F.);
#1710=ORIENTED_EDGE('',*,*,#1230,.F.);
#1711=ORIENTED_EDGE('',*,*,#1244,.T.);
#1712=ORIENTED_EDGE('',*,*,#1253,.F.);
#1713=ORIENTED_EDGE('',*,*,#1254,.F.);
#1714=ORIENTED_EDGE('',*,*,#1253,.T.);
#1715=ORIENTED_EDGE('',*,*,#1243,.T.);
#1716=ORIENTED_EDGE('',*,*,#1179,.F.);
#1717=ORIENTED_EDGE('',*,*,#1255,.T.);
#1718=ORIENTED_EDGE('',*,*,#1256,.T.);
#1719=ORIENTED_EDGE('',*,*,#1257,.F.);
#1720=ORIENTED_EDGE('',*,*,#1258,.F.);
#1721=ORIENTED_EDGE('',*,*,#1259,.T.);
#1722=ORIENTED_EDGE('',*,*,#1258,.T.);
#1723=ORIENTED_EDGE('',*,*,#1260,.F.);
#1724=ORIENTED_EDGE('',*,*,#1261,.F.);
#1725=ORIENTED_EDGE('',*,*,#1262,.T.);
#1726=ORIENTED_EDGE('',*,*,#1261,.T.);
#1727=ORIENTED_EDGE('',*,*,#1263,.F.);
#1728=ORIENTED_EDGE('',*,*,#1264,.F.);
#1729=ORIENTED_EDGE('',*,*,#1265,.T.);
#1730=ORIENTED_EDGE('',*,*,#1264,.T.);
#1731=ORIENTED_EDGE('',*,*,#1266,.F.);
#1732=ORIENTED_EDGE('',*,*,#1267,.F.);
#1733=ORIENTED_EDGE('',*,*,#1268,.T.);
#1734=ORIENTED_EDGE('',*,*,#1267,.T.);
#1735=ORIENTED_EDGE('',*,*,#1269,.F.);
#1736=ORIENTED_EDGE('',*,*,#1270,.F.);
#1737=ORIENTED_EDGE('',*,*,#1271,.T.);
#1738=ORIENTED_EDGE('',*,*,#1270,.T.);
#1739=ORIENTED_EDGE('',*,*,#1272,.F.);
#1740=ORIENTED_EDGE('',*,*,#1273,.F.);
#1741=ORIENTED_EDGE('',*,*,#1274,.T.);
#1742=ORIENTED_EDGE('',*,*,#1273,.T.);
#1743=ORIENTED_EDGE('',*,*,#1275,.F.);
#1744=ORIENTED_EDGE('',*,*,#1276,.F.);
#1745=ORIENTED_EDGE('',*,*,#1277,.T.);
#1746=ORIENTED_EDGE('',*,*,#1276,.T.);
#1747=ORIENTED_EDGE('',*,*,#1278,.F.);
#1748=ORIENTED_EDGE('',*,*,#1279,.F.);
#1749=ORIENTED_EDGE('',*,*,#1280,.T.);
#1750=ORIENTED_EDGE('',*,*,#1279,.T.);
#1751=ORIENTED_EDGE('',*,*,#1281,.F.);
#1752=ORIENTED_EDGE('',*,*,#1282,.F.);
#1753=ORIENTED_EDGE('',*,*,#1283,.T.);
#1754=ORIENTED_EDGE('',*,*,#1282,.T.);
#1755=ORIENTED_EDGE('',*,*,#1284,.F.);
#1756=ORIENTED_EDGE('',*,*,#1285,.F.);
#1757=ORIENTED_EDGE('',*,*,#1286,.T.);
#1758=ORIENTED_EDGE('',*,*,#1285,.T.);
#1759=ORIENTED_EDGE('',*,*,#1287,.F.);
#1760=ORIENTED_EDGE('',*,*,#1288,.F.);
#1761=ORIENTED_EDGE('',*,*,#1289,.T.);
#1762=ORIENTED_EDGE('',*,*,#1288,.T.);
#1763=ORIENTED_EDGE('',*,*,#1290,.F.);
#1764=ORIENTED_EDGE('',*,*,#1256,.F.);
#1765=ORIENTED_EDGE('',*,*,#1291,.F.);
#1766=ORIENTED_EDGE('',*,*,#1292,.T.);
#1767=ORIENTED_EDGE('',*,*,#1293,.T.);
#1768=ORIENTED_EDGE('',*,*,#1292,.F.);
#1769=ORIENTED_EDGE('',*,*,#1294,.F.);
#1770=ORIENTED_EDGE('',*,*,#1295,.T.);
#1771=ORIENTED_EDGE('',*,*,#1296,.T.);
#1772=ORIENTED_EDGE('',*,*,#1295,.F.);
#1773=ORIENTED_EDGE('',*,*,#1297,.F.);
#1774=ORIENTED_EDGE('',*,*,#1298,.T.);
#1775=ORIENTED_EDGE('',*,*,#1299,.F.);
#1776=ORIENTED_EDGE('',*,*,#1300,.F.);
#1777=ORIENTED_EDGE('',*,*,#1301,.F.);
#1778=ORIENTED_EDGE('',*,*,#1300,.T.);
#1779=ORIENTED_EDGE('',*,*,#1302,.F.);
#1780=ORIENTED_EDGE('',*,*,#1303,.F.);
#1781=ORIENTED_EDGE('',*,*,#1304,.T.);
#1782=ORIENTED_EDGE('',*,*,#1303,.T.);
#1783=ORIENTED_EDGE('',*,*,#1305,.F.);
#1784=ORIENTED_EDGE('',*,*,#1306,.F.);
#1785=ORIENTED_EDGE('',*,*,#1307,.T.);
#1786=ORIENTED_EDGE('',*,*,#1306,.T.);
#1787=ORIENTED_EDGE('',*,*,#1308,.F.);
#1788=ORIENTED_EDGE('',*,*,#1309,.F.);
#1789=ORIENTED_EDGE('',*,*,#1310,.F.);
#1790=ORIENTED_EDGE('',*,*,#1309,.T.);
#1791=ORIENTED_EDGE('',*,*,#1311,.F.);
#1792=ORIENTED_EDGE('',*,*,#1312,.F.);
#1793=ORIENTED_EDGE('',*,*,#1313,.T.);
#1794=ORIENTED_EDGE('',*,*,#1312,.T.);
#1795=ORIENTED_EDGE('',*,*,#1314,.F.);
#1796=ORIENTED_EDGE('',*,*,#1315,.F.);
#1797=ORIENTED_EDGE('',*,*,#1316,.F.);
#1798=ORIENTED_EDGE('',*,*,#1315,.T.);
#1799=ORIENTED_EDGE('',*,*,#1317,.F.);
#1800=ORIENTED_EDGE('',*,*,#1318,.F.);
#1801=ORIENTED_EDGE('',*,*,#1319,.F.);
#1802=ORIENTED_EDGE('',*,*,#1318,.T.);
#1803=ORIENTED_EDGE('',*,*,#1320,.F.);
#1804=ORIENTED_EDGE('',*,*,#1321,.F.);
#1805=ORIENTED_EDGE('',*,*,#1322,.F.);
#1806=ORIENTED_EDGE('',*,*,#1321,.T.);
#1807=ORIENTED_EDGE('',*,*,#1323,.F.);
#1808=ORIENTED_EDGE('',*,*,#1324,.F.);
#1809=ORIENTED_EDGE('',*,*,#1325,.T.);
#1810=ORIENTED_EDGE('',*,*,#1324,.T.);
#1811=ORIENTED_EDGE('',*,*,#1326,.F.);
#1812=ORIENTED_EDGE('',*,*,#1327,.F.);
#1813=ORIENTED_EDGE('',*,*,#1328,.T.);
#1814=ORIENTED_EDGE('',*,*,#1327,.T.);
#1815=ORIENTED_EDGE('',*,*,#1329,.F.);
#1816=ORIENTED_EDGE('',*,*,#1330,.F.);
#1817=ORIENTED_EDGE('',*,*,#1331,.T.);
#1818=ORIENTED_EDGE('',*,*,#1330,.T.);
#1819=ORIENTED_EDGE('',*,*,#1332,.F.);
#1820=ORIENTED_EDGE('',*,*,#1298,.F.);
#1821=ORIENTED_EDGE('',*,*,#1332,.T.);
#1822=ORIENTED_EDGE('',*,*,#1329,.T.);
#1823=ORIENTED_EDGE('',*,*,#1326,.T.);
#1824=ORIENTED_EDGE('',*,*,#1323,.T.);
#1825=ORIENTED_EDGE('',*,*,#1320,.T.);
#1826=ORIENTED_EDGE('',*,*,#1317,.T.);
#1827=ORIENTED_EDGE('',*,*,#1314,.T.);
#1828=ORIENTED_EDGE('',*,*,#1311,.T.);
#1829=ORIENTED_EDGE('',*,*,#1308,.T.);
#1830=ORIENTED_EDGE('',*,*,#1305,.T.);
#1831=ORIENTED_EDGE('',*,*,#1302,.T.);
#1832=ORIENTED_EDGE('',*,*,#1299,.T.);
#1833=ORIENTED_EDGE('',*,*,#1046,.T.);
#1834=ORIENTED_EDGE('',*,*,#1049,.T.);
#1835=ORIENTED_EDGE('',*,*,#1039,.T.);
#1836=ORIENTED_EDGE('',*,*,#1043,.T.);
#1837=ORIENTED_EDGE('',*,*,#1058,.T.);
#1838=ORIENTED_EDGE('',*,*,#1061,.T.);
#1839=ORIENTED_EDGE('',*,*,#1051,.T.);
#1840=ORIENTED_EDGE('',*,*,#1055,.T.);
#1841=ORIENTED_EDGE('',*,*,#1070,.T.);
#1842=ORIENTED_EDGE('',*,*,#1073,.T.);
#1843=ORIENTED_EDGE('',*,*,#1063,.T.);
#1844=ORIENTED_EDGE('',*,*,#1067,.T.);
#1845=ORIENTED_EDGE('',*,*,#1082,.T.);
#1846=ORIENTED_EDGE('',*,*,#1085,.T.);
#1847=ORIENTED_EDGE('',*,*,#1075,.T.);
#1848=ORIENTED_EDGE('',*,*,#1079,.T.);
#1849=ORIENTED_EDGE('',*,*,#1094,.T.);
#1850=ORIENTED_EDGE('',*,*,#1097,.T.);
#1851=ORIENTED_EDGE('',*,*,#1087,.T.);
#1852=ORIENTED_EDGE('',*,*,#1091,.T.);
#1853=ORIENTED_EDGE('',*,*,#1106,.T.);
#1854=ORIENTED_EDGE('',*,*,#1109,.T.);
#1855=ORIENTED_EDGE('',*,*,#1099,.T.);
#1856=ORIENTED_EDGE('',*,*,#1103,.T.);
#1857=ORIENTED_EDGE('',*,*,#1118,.T.);
#1858=ORIENTED_EDGE('',*,*,#1121,.T.);
#1859=ORIENTED_EDGE('',*,*,#1111,.T.);
#1860=ORIENTED_EDGE('',*,*,#1115,.T.);
#1861=ORIENTED_EDGE('',*,*,#1130,.T.);
#1862=ORIENTED_EDGE('',*,*,#1133,.T.);
#1863=ORIENTED_EDGE('',*,*,#1123,.T.);
#1864=ORIENTED_EDGE('',*,*,#1127,.T.);
#1865=ORIENTED_EDGE('',*,*,#1142,.T.);
#1866=ORIENTED_EDGE('',*,*,#1145,.T.);
#1867=ORIENTED_EDGE('',*,*,#1135,.T.);
#1868=ORIENTED_EDGE('',*,*,#1139,.T.);
#1869=ORIENTED_EDGE('',*,*,#1154,.T.);
#1870=ORIENTED_EDGE('',*,*,#1157,.T.);
#1871=ORIENTED_EDGE('',*,*,#1147,.T.);
#1872=ORIENTED_EDGE('',*,*,#1151,.T.);
#1873=ORIENTED_EDGE('',*,*,#1294,.T.);
#1874=ORIENTED_EDGE('',*,*,#1291,.T.);
#1875=ORIENTED_EDGE('',*,*,#1290,.T.);
#1876=ORIENTED_EDGE('',*,*,#1287,.T.);
#1877=ORIENTED_EDGE('',*,*,#1284,.T.);
#1878=ORIENTED_EDGE('',*,*,#1281,.T.);
#1879=ORIENTED_EDGE('',*,*,#1278,.T.);
#1880=ORIENTED_EDGE('',*,*,#1275,.T.);
#1881=ORIENTED_EDGE('',*,*,#1272,.T.);
#1882=ORIENTED_EDGE('',*,*,#1269,.T.);
#1883=ORIENTED_EDGE('',*,*,#1266,.T.);
#1884=ORIENTED_EDGE('',*,*,#1263,.T.);
#1885=ORIENTED_EDGE('',*,*,#1260,.T.);
#1886=ORIENTED_EDGE('',*,*,#1257,.T.);
#1887=ORIENTED_EDGE('',*,*,#1331,.F.);
#1888=ORIENTED_EDGE('',*,*,#1297,.T.);
#1889=ORIENTED_EDGE('',*,*,#1301,.T.);
#1890=ORIENTED_EDGE('',*,*,#1304,.F.);
#1891=ORIENTED_EDGE('',*,*,#1307,.F.);
#1892=ORIENTED_EDGE('',*,*,#1310,.T.);
#1893=ORIENTED_EDGE('',*,*,#1313,.F.);
#1894=ORIENTED_EDGE('',*,*,#1316,.T.);
#1895=ORIENTED_EDGE('',*,*,#1319,.T.);
#1896=ORIENTED_EDGE('',*,*,#1322,.T.);
#1897=ORIENTED_EDGE('',*,*,#1325,.F.);
#1898=ORIENTED_EDGE('',*,*,#1328,.F.);
#1899=ORIENTED_EDGE('',*,*,#1249,.T.);
#1900=ORIENTED_EDGE('',*,*,#1251,.T.);
#1901=ORIENTED_EDGE('',*,*,#1159,.T.);
#1902=ORIENTED_EDGE('',*,*,#1175,.T.);
#1903=ORIENTED_EDGE('',*,*,#1252,.T.);
#1904=ORIENTED_EDGE('',*,*,#1254,.T.);
#1905=ORIENTED_EDGE('',*,*,#1178,.T.);
#1906=ORIENTED_EDGE('',*,*,#1194,.T.);
#1907=ORIENTED_EDGE('',*,*,#1296,.F.);
#1908=ORIENTED_EDGE('',*,*,#1293,.F.);
#1909=ORIENTED_EDGE('',*,*,#1289,.F.);
#1910=ORIENTED_EDGE('',*,*,#1255,.F.);
#1911=ORIENTED_EDGE('',*,*,#1259,.F.);
#1912=ORIENTED_EDGE('',*,*,#1262,.F.);
#1913=ORIENTED_EDGE('',*,*,#1265,.F.);
#1914=ORIENTED_EDGE('',*,*,#1268,.F.);
#1915=ORIENTED_EDGE('',*,*,#1271,.F.);
#1916=ORIENTED_EDGE('',*,*,#1274,.F.);
#1917=ORIENTED_EDGE('',*,*,#1277,.F.);
#1918=ORIENTED_EDGE('',*,*,#1280,.F.);
#1919=ORIENTED_EDGE('',*,*,#1283,.F.);
#1920=ORIENTED_EDGE('',*,*,#1286,.F.);
#1921=PLANE('',#2119);
#1922=PLANE('',#2120);
#1923=PLANE('',#2121);
#1924=PLANE('',#2122);
#1925=PLANE('',#2123);
#1926=PLANE('',#2124);
#1927=PLANE('',#2125);
#1928=PLANE('',#2126);
#1929=PLANE('',#2127);
#1930=PLANE('',#2128);
#1931=PLANE('',#2129);
#1932=PLANE('',#2130);
#1933=PLANE('',#2131);
#1934=PLANE('',#2132);
#1935=PLANE('',#2133);
#1936=PLANE('',#2134);
#1937=PLANE('',#2135);
#1938=PLANE('',#2136);
#1939=PLANE('',#2137);
#1940=PLANE('',#2138);
#1941=PLANE('',#2139);
#1942=PLANE('',#2140);
#1943=PLANE('',#2141);
#1944=PLANE('',#2142);
#1945=PLANE('',#2143);
#1946=PLANE('',#2144);
#1947=PLANE('',#2145);
#1948=PLANE('',#2146);
#1949=PLANE('',#2147);
#1950=PLANE('',#2148);
#1951=PLANE('',#2149);
#1952=PLANE('',#2150);
#1953=PLANE('',#2151);
#1954=PLANE('',#2152);
#1955=PLANE('',#2153);
#1956=PLANE('',#2154);
#1957=PLANE('',#2155);
#1958=PLANE('',#2156);
#1959=PLANE('',#2157);
#1960=PLANE('',#2158);
#1961=PLANE('',#2159);
#1962=PLANE('',#2163);
#1963=PLANE('',#2167);
#1964=PLANE('',#2168);
#1965=PLANE('',#2169);
#1966=PLANE('',#2170);
#1967=PLANE('',#2171);
#1968=PLANE('',#2172);
#1969=PLANE('',#2173);
#1970=PLANE('',#2174);
#1971=PLANE('',#2175);
#1972=PLANE('',#2176);
#1973=PLANE('',#2177);
#1974=PLANE('',#2178);
#1975=PLANE('',#2179);
#1976=PLANE('',#2180);
#1977=PLANE('',#2181);
#1978=PLANE('',#2182);
#1979=PLANE('',#2183);
#1980=PLANE('',#2184);
#1981=PLANE('',#2185);
#1982=PLANE('',#2187);
#1983=PLANE('',#2188);
#1984=PLANE('',#2189);
#1985=PLANE('',#2191);
#1986=PLANE('',#2192);
#1987=PLANE('',#2193);
#1988=PLANE('',#2194);
#1989=PLANE('',#2195);
#1990=PLANE('',#2198);
#1991=PLANE('',#2201);
#1992=PLANE('',#2205);
#1993=PLANE('',#2209);
#1994=PLANE('',#2210);
#1995=PLANE('',#2214);
#1996=PLANE('',#2218);
#1997=PLANE('',#2219);
#1998=PLANE('',#2220);
#1999=PLANE('',#2227);
#2000=PLANE('',#2231);
#2001=PLANE('',#2235);
#2002=PLANE('',#2236);
#2003=ADVANCED_FACE('',(#103),#1921,.F.);
#2004=ADVANCED_FACE('',(#104),#1922,.F.);
#2005=ADVANCED_FACE('',(#105),#1923,.F.);
#2006=ADVANCED_FACE('',(#106),#1924,.F.);
#2007=ADVANCED_FACE('',(#107),#1925,.F.);
#2008=ADVANCED_FACE('',(#108),#1926,.F.);
#2009=ADVANCED_FACE('',(#109),#1927,.F.);
#2010=ADVANCED_FACE('',(#110),#1928,.F.);
#2011=ADVANCED_FACE('',(#111),#1929,.F.);
#2012=ADVANCED_FACE('',(#112),#1930,.F.);
#2013=ADVANCED_FACE('',(#113),#1931,.F.);
#2014=ADVANCED_FACE('',(#114),#1932,.F.);
#2015=ADVANCED_FACE('',(#115),#1933,.F.);
#2016=ADVANCED_FACE('',(#116),#1934,.F.);
#2017=ADVANCED_FACE('',(#117),#1935,.F.);
#2018=ADVANCED_FACE('',(#118),#1936,.F.);
#2019=ADVANCED_FACE('',(#119),#1937,.F.);
#2020=ADVANCED_FACE('',(#120),#1938,.F.);
#2021=ADVANCED_FACE('',(#121),#1939,.F.);
#2022=ADVANCED_FACE('',(#122),#1940,.F.);
#2023=ADVANCED_FACE('',(#123),#1941,.F.);
#2024=ADVANCED_FACE('',(#124),#1942,.F.);
#2025=ADVANCED_FACE('',(#125),#1943,.F.);
#2026=ADVANCED_FACE('',(#126),#1944,.F.);
#2027=ADVANCED_FACE('',(#127),#1945,.F.);
#2028=ADVANCED_FACE('',(#128),#1946,.F.);
#2029=ADVANCED_FACE('',(#129),#1947,.F.);
#2030=ADVANCED_FACE('',(#130),#1948,.F.);
#2031=ADVANCED_FACE('',(#131),#1949,.F.);
#2032=ADVANCED_FACE('',(#132),#1950,.F.);
#2033=ADVANCED_FACE('',(#133),#1951,.F.);
#2034=ADVANCED_FACE('',(#134),#1952,.F.);
#2035=ADVANCED_FACE('',(#135),#1953,.F.);
#2036=ADVANCED_FACE('',(#136),#1954,.F.);
#2037=ADVANCED_FACE('',(#137),#1955,.F.);
#2038=ADVANCED_FACE('',(#138),#1956,.F.);
#2039=ADVANCED_FACE('',(#139),#1957,.F.);
#2040=ADVANCED_FACE('',(#140),#1958,.F.);
#2041=ADVANCED_FACE('',(#141),#1959,.F.);
#2042=ADVANCED_FACE('',(#142),#1960,.F.);
#2043=ADVANCED_FACE('',(#143),#1961,.F.);
#2044=ADVANCED_FACE('',(#144),#91,.F.);
#2045=ADVANCED_FACE('',(#145),#1962,.F.);
#2046=ADVANCED_FACE('',(#146),#92,.F.);
#2047=ADVANCED_FACE('',(#147),#1963,.T.);
#2048=ADVANCED_FACE('',(#148),#1964,.T.);
#2049=ADVANCED_FACE('',(#149),#1965,.T.);
#2050=ADVANCED_FACE('',(#150),#1966,.T.);
#2051=ADVANCED_FACE('',(#151),#1967,.T.);
#2052=ADVANCED_FACE('',(#152),#1968,.T.);
#2053=ADVANCED_FACE('',(#153),#1969,.T.);
#2054=ADVANCED_FACE('',(#154),#1970,.T.);
#2055=ADVANCED_FACE('',(#155),#1971,.T.);
#2056=ADVANCED_FACE('',(#156),#1972,.T.);
#2057=ADVANCED_FACE('',(#157),#1973,.T.);
#2058=ADVANCED_FACE('',(#158),#1974,.T.);
#2059=ADVANCED_FACE('',(#159),#1975,.T.);
#2060=ADVANCED_FACE('',(#160),#1976,.T.);
#2061=ADVANCED_FACE('',(#161),#1977,.T.);
#2062=ADVANCED_FACE('',(#162),#1978,.T.);
#2063=ADVANCED_FACE('',(#163,#39),#1979,.T.);
#2064=ADVANCED_FACE('',(#164,#40),#1980,.T.);
#2065=ADVANCED_FACE('',(#165,#41),#1981,.T.);
#2066=ADVANCED_FACE('',(#166,#42),#1982,.T.);
#2067=ADVANCED_FACE('',(#167,#43),#1983,.T.);
#2068=ADVANCED_FACE('',(#168,#44),#1984,.T.);
#2069=ADVANCED_FACE('',(#169,#45),#1985,.T.);
#2070=ADVANCED_FACE('',(#170,#46),#1986,.T.);
#2071=ADVANCED_FACE('',(#171,#47),#1987,.T.);
#2072=ADVANCED_FACE('',(#172,#48),#1988,.T.);
#2073=ADVANCED_FACE('',(#173),#1989,.F.);
#2074=ADVANCED_FACE('',(#174),#93,.F.);
#2075=ADVANCED_FACE('',(#175),#1990,.F.);
#2076=ADVANCED_FACE('',(#176),#94,.F.);
#2077=ADVANCED_FACE('',(#177),#1991,.T.);
#2078=ADVANCED_FACE('',(#178),#95,.F.);
#2079=ADVANCED_FACE('',(#179),#1992,.T.);
#2080=ADVANCED_FACE('',(#180),#96,.F.);
#2081=ADVANCED_FACE('',(#181),#1993,.T.);
#2082=ADVANCED_FACE('',(#182),#1994,.T.);
#2083=ADVANCED_FACE('',(#183),#97,.F.);
#2084=ADVANCED_FACE('',(#184),#1995,.T.);
#2085=ADVANCED_FACE('',(#185),#98,.F.);
#2086=ADVANCED_FACE('',(#186),#1996,.T.);
#2087=ADVANCED_FACE('',(#187),#1997,.T.);
#2088=ADVANCED_FACE('',(#188),#1998,.T.);
#2089=ADVANCED_FACE('',(#189),#99,.F.);
#2090=ADVANCED_FACE('',(#190),#100,.F.);
#2091=ADVANCED_FACE('',(#191),#31,.T.);
#2092=ADVANCED_FACE('',(#192),#1999,.T.);
#2093=ADVANCED_FACE('',(#193),#32,.T.);
#2094=ADVANCED_FACE('',(#194),#33,.T.);
#2095=ADVANCED_FACE('',(#195),#34,.T.);
#2096=ADVANCED_FACE('',(#196),#101,.T.);
#2097=ADVANCED_FACE('',(#197),#35,.T.);
#2098=ADVANCED_FACE('',(#198),#36,.T.);
#2099=ADVANCED_FACE('',(#199),#37,.T.);
#2100=ADVANCED_FACE('',(#200),#2000,.T.);
#2101=ADVANCED_FACE('',(#201),#38,.T.);
#2102=ADVANCED_FACE('',(#202),#102,.T.);
#2103=ADVANCED_FACE('',(#203,#49,#50,#51,#52,#53,#54,#55,#56,#57,#58,#59,
#60,#61),#2001,.T.);
#2104=ADVANCED_FACE('',(#204,#62,#63,#64,#65,#66),#2002,.F.);
#2105=CLOSED_SHELL('',(#2003,#2004,#2005,#2006,#2007,#2008,#2009,#2010,
#2011,#2012,#2013,#2014,#2015,#2016,#2017,#2018,#2019,#2020,#2021,#2022,
#2023,#2024,#2025,#2026,#2027,#2028,#2029,#2030,#2031,#2032,#2033,#2034,
#2035,#2036,#2037,#2038,#2039,#2040,#2041,#2042,#2043,#2044,#2045,#2046,
#2047,#2048,#2049,#2050,#2051,#2052,#2053,#2054,#2055,#2056,#2057,#2058,
#2059,#2060,#2061,#2062,#2063,#2064,#2065,#2066,#2067,#2068,#2069,#2070,
#2071,#2072,#2073,#2074,#2075,#2076,#2077,#2078,#2079,#2080,#2081,#2082,
#2083,#2084,#2085,#2086,#2087,#2088,#2089,#2090,#2091,#2092,#2093,#2094,
#2095,#2096,#2097,#2098,#2099,#2100,#2101,#2102,#2103,#2104));
#2106=DERIVED_UNIT_ELEMENT(#2108,1.);
#2107=DERIVED_UNIT_ELEMENT(#3623,-3.);
#2108=(
MASS_UNIT()
NAMED_UNIT(*)
SI_UNIT(.KILO.,.GRAM.)
);
#2109=DERIVED_UNIT((#2106,#2107));
#2110=MEASURE_REPRESENTATION_ITEM('density measure',
POSITIVE_RATIO_MEASURE(7850.),#2109);
#2111=PROPERTY_DEFINITION_REPRESENTATION(#2116,#2113);
#2112=PROPERTY_DEFINITION_REPRESENTATION(#2117,#2114);
#2113=REPRESENTATION('material name',(#2115),#3620);
#2114=REPRESENTATION('density',(#2110),#3620);
#2115=DESCRIPTIVE_REPRESENTATION_ITEM('Steel','Steel');
#2116=PROPERTY_DEFINITION('material property','material name',#3630);
#2117=PROPERTY_DEFINITION('material property','density of part',#3630);
#2118=AXIS2_PLACEMENT_3D('',#2729,#2237,#2238);
#2119=AXIS2_PLACEMENT_3D('',#2730,#2239,#2240);
#2120=AXIS2_PLACEMENT_3D('',#2739,#2245,#2246);
#2121=AXIS2_PLACEMENT_3D('',#2745,#2250,#2251);
#2122=AXIS2_PLACEMENT_3D('',#2751,#2255,#2256);
#2123=AXIS2_PLACEMENT_3D('',#2754,#2259,#2260);
#2124=AXIS2_PLACEMENT_3D('',#2763,#2265,#2266);
#2125=AXIS2_PLACEMENT_3D('',#2769,#2270,#2271);
#2126=AXIS2_PLACEMENT_3D('',#2775,#2275,#2276);
#2127=AXIS2_PLACEMENT_3D('',#2778,#2279,#2280);
#2128=AXIS2_PLACEMENT_3D('',#2787,#2285,#2286);
#2129=AXIS2_PLACEMENT_3D('',#2793,#2290,#2291);
#2130=AXIS2_PLACEMENT_3D('',#2799,#2295,#2296);
#2131=AXIS2_PLACEMENT_3D('',#2802,#2299,#2300);
#2132=AXIS2_PLACEMENT_3D('',#2811,#2305,#2306);
#2133=AXIS2_PLACEMENT_3D('',#2817,#2310,#2311);
#2134=AXIS2_PLACEMENT_3D('',#2823,#2315,#2316);
#2135=AXIS2_PLACEMENT_3D('',#2826,#2319,#2320);
#2136=AXIS2_PLACEMENT_3D('',#2835,#2325,#2326);
#2137=AXIS2_PLACEMENT_3D('',#2841,#2330,#2331);
#2138=AXIS2_PLACEMENT_3D('',#2847,#2335,#2336);
#2139=AXIS2_PLACEMENT_3D('',#2850,#2339,#2340);
#2140=AXIS2_PLACEMENT_3D('',#2859,#2345,#2346);
#2141=AXIS2_PLACEMENT_3D('',#2865,#2350,#2351);
#2142=AXIS2_PLACEMENT_3D('',#2871,#2355,#2356);
#2143=AXIS2_PLACEMENT_3D('',#2874,#2359,#2360);
#2144=AXIS2_PLACEMENT_3D('',#2883,#2365,#2366);
#2145=AXIS2_PLACEMENT_3D('',#2889,#2370,#2371);
#2146=AXIS2_PLACEMENT_3D('',#2895,#2375,#2376);
#2147=AXIS2_PLACEMENT_3D('',#2898,#2379,#2380);
#2148=AXIS2_PLACEMENT_3D('',#2907,#2385,#2386);
#2149=AXIS2_PLACEMENT_3D('',#2913,#2390,#2391);
#2150=AXIS2_PLACEMENT_3D('',#2919,#2395,#2396);
#2151=AXIS2_PLACEMENT_3D('',#2922,#2399,#2400);
#2152=AXIS2_PLACEMENT_3D('',#2931,#2405,#2406);
#2153=AXIS2_PLACEMENT_3D('',#2937,#2410,#2411);
#2154=AXIS2_PLACEMENT_3D('',#2943,#2415,#2416);
#2155=AXIS2_PLACEMENT_3D('',#2946,#2419,#2420);
#2156=AXIS2_PLACEMENT_3D('',#2955,#2425,#2426);
#2157=AXIS2_PLACEMENT_3D('',#2961,#2430,#2431);
#2158=AXIS2_PLACEMENT_3D('',#2967,#2435,#2436);
#2159=AXIS2_PLACEMENT_3D('',#2970,#2439,#2440);
#2160=AXIS2_PLACEMENT_3D('',#3003,#2457,#2458);
#2161=AXIS2_PLACEMENT_3D('',#3005,#2459,#2460);
#2162=AXIS2_PLACEMENT_3D('',#3007,#2461,#2462);
#2163=AXIS2_PLACEMENT_3D('',#3009,#2464,#2465);
#2164=AXIS2_PLACEMENT_3D('',#3042,#2482,#2483);
#2165=AXIS2_PLACEMENT_3D('',#3044,#2484,#2485);
#2166=AXIS2_PLACEMENT_3D('',#3046,#2486,#2487);
#2167=AXIS2_PLACEMENT_3D('',#3048,#2489,#2490);
#2168=AXIS2_PLACEMENT_3D('',#3054,#2494,#2495);
#2169=AXIS2_PLACEMENT_3D('',#3058,#2498,#2499);
#2170=AXIS2_PLACEMENT_3D('',#3064,#2503,#2504);
#2171=AXIS2_PLACEMENT_3D('',#3068,#2507,#2508);
#2172=AXIS2_PLACEMENT_3D('',#3074,#2512,#2513);
#2173=AXIS2_PLACEMENT_3D('',#3078,#2516,#2517);
#2174=AXIS2_PLACEMENT_3D('',#3084,#2521,#2522);
#2175=AXIS2_PLACEMENT_3D('',#3088,#2525,#2526);
#2176=AXIS2_PLACEMENT_3D('',#3094,#2530,#2531);
#2177=AXIS2_PLACEMENT_3D('',#3098,#2534,#2535);
#2178=AXIS2_PLACEMENT_3D('',#3104,#2539,#2540);
#2179=AXIS2_PLACEMENT_3D('',#3108,#2543,#2544);
#2180=AXIS2_PLACEMENT_3D('',#3114,#2548,#2549);
#2181=AXIS2_PLACEMENT_3D('',#3118,#2552,#2553);
#2182=AXIS2_PLACEMENT_3D('',#3124,#2557,#2558);
#2183=AXIS2_PLACEMENT_3D('',#3128,#2561,#2562);
#2184=AXIS2_PLACEMENT_3D('',#3130,#2564,#2565);
#2185=AXIS2_PLACEMENT_3D('',#3132,#2567,#2568);
#2186=AXIS2_PLACEMENT_3D('',#3134,#2569,#2570);
#2187=AXIS2_PLACEMENT_3D('',#3136,#2572,#2573);
#2188=AXIS2_PLACEMENT_3D('',#3138,#2575,#2576);
#2189=AXIS2_PLACEMENT_3D('',#3140,#2578,#2579);
#2190=AXIS2_PLACEMENT_3D('',#3142,#2580,#2581);
#2191=AXIS2_PLACEMENT_3D('',#3144,#2583,#2584);
#2192=AXIS2_PLACEMENT_3D('',#3146,#2586,#2587);
#2193=AXIS2_PLACEMENT_3D('',#3148,#2589,#2590);
#2194=AXIS2_PLACEMENT_3D('',#3150,#2592,#2593);
#2195=AXIS2_PLACEMENT_3D('',#3152,#2595,#2596);
#2196=AXIS2_PLACEMENT_3D('',#3156,#2599,#2600);
#2197=AXIS2_PLACEMENT_3D('',#3157,#2601,#2602);
#2198=AXIS2_PLACEMENT_3D('',#3158,#2603,#2604);
#2199=AXIS2_PLACEMENT_3D('',#3162,#2607,#2608);
#2200=AXIS2_PLACEMENT_3D('',#3163,#2609,#2610);
#2201=AXIS2_PLACEMENT_3D('',#3164,#2611,#2612);
#2202=AXIS2_PLACEMENT_3D('',#3173,#2617,#2618);
#2203=AXIS2_PLACEMENT_3D('',#3175,#2619,#2620);
#2204=AXIS2_PLACEMENT_3D('',#3177,#2621,#2622);
#2205=AXIS2_PLACEMENT_3D('',#3179,#2624,#2625);
#2206=AXIS2_PLACEMENT_3D('',#3185,#2629,#2630);
#2207=AXIS2_PLACEMENT_3D('',#3187,#2631,#2632);
#2208=AXIS2_PLACEMENT_3D('',#3189,#2633,#2634);
#2209=AXIS2_PLACEMENT_3D('',#3191,#2636,#2637);
#2210=AXIS2_PLACEMENT_3D('',#3197,#2641,#2642);
#2211=AXIS2_PLACEMENT_3D('',#3203,#2646,#2647);
#2212=AXIS2_PLACEMENT_3D('',#3205,#2648,#2649);
#2213=AXIS2_PLACEMENT_3D('',#3207,#2650,#2651);
#2214=AXIS2_PLACEMENT_3D('',#3209,#2653,#2654);
#2215=AXIS2_PLACEMENT_3D('',#3215,#2658,#2659);
#2216=AXIS2_PLACEMENT_3D('',#3217,#2660,#2661);
#2217=AXIS2_PLACEMENT_3D('',#3219,#2662,#2663);
#2218=AXIS2_PLACEMENT_3D('',#3221,#2665,#2666);
#2219=AXIS2_PLACEMENT_3D('',#3227,#2670,#2671);
#2220=AXIS2_PLACEMENT_3D('',#3233,#2675,#2676);
#2221=AXIS2_PLACEMENT_3D('',#3236,#2679,#2680);
#2222=AXIS2_PLACEMENT_3D('',#3238,#2681,#2682);
#2223=AXIS2_PLACEMENT_3D('',#3241,#2684,#2685);
#2224=AXIS2_PLACEMENT_3D('',#3242,#2686,#2687);
#2225=AXIS2_PLACEMENT_3D('',#3244,#2688,#2689);
#2226=AXIS2_PLACEMENT_3D('',#3247,#2691,#2692);
#2227=AXIS2_PLACEMENT_3D('',#3294,#2695,#2696);
#2228=AXIS2_PLACEMENT_3D('',#3429,#2703,#2704);
#2229=AXIS2_PLACEMENT_3D('',#3431,#2705,#2706);
#2230=AXIS2_PLACEMENT_3D('',#3433,#2707,#2708);
#2231=AXIS2_PLACEMENT_3D('',#3564,#2713,#2714);
#2232=AXIS2_PLACEMENT_3D('',#3613,#2719,#2720);
#2233=AXIS2_PLACEMENT_3D('',#3614,#2721,#2722);
#2234=AXIS2_PLACEMENT_3D('',#3615,#2723,#2724);
#2235=AXIS2_PLACEMENT_3D('',#3616,#2725,#2726);
#2236=AXIS2_PLACEMENT_3D('',#3617,#2727,#2728);
#2237=DIRECTION('axis',(0.,0.,1.));
#2238=DIRECTION('refdir',(1.,0.,0.));
#2239=DIRECTION('center_axis',(-1.,0.,0.));
#2240=DIRECTION('ref_axis',(0.,0.,-1.));
#2241=DIRECTION('',(0.,0.,1.));
#2242=DIRECTION('',(0.,-1.,0.));
#2243=DIRECTION('',(0.,0.,-1.));
#2244=DIRECTION('',(0.,-1.,0.));
#2245=DIRECTION('center_axis',(0.,0.,1.));
#2246=DIRECTION('ref_axis',(-1.,0.,0.));
#2247=DIRECTION('',(1.,0.,0.));
#2248=DIRECTION('',(-1.,0.,0.));
#2249=DIRECTION('',(0.,-1.,0.));
#2250=DIRECTION('center_axis',(1.,0.,0.));
#2251=DIRECTION('ref_axis',(0.,0.,1.));
#2252=DIRECTION('',(0.,0.,-1.));
#2253=DIRECTION('',(0.,0.,1.));
#2254=DIRECTION('',(0.,-1.,0.));
#2255=DIRECTION('center_axis',(0.,0.,-1.));
#2256=DIRECTION('ref_axis',(1.,0.,0.));
#2257=DIRECTION('',(-1.,0.,0.));
#2258=DIRECTION('',(1.,0.,0.));
#2259=DIRECTION('center_axis',(-1.,0.,0.));
#2260=DIRECTION('ref_axis',(0.,0.,-1.));
#2261=DIRECTION('',(0.,0.,1.));
#2262=DIRECTION('',(0.,-1.,0.));
#2263=DIRECTION('',(0.,0.,-1.));
#2264=DIRECTION('',(0.,-1.,0.));
#2265=DIRECTION('center_axis',(0.,0.,1.));
#2266=DIRECTION('ref_axis',(-1.,0.,0.));
#2267=DIRECTION('',(1.,0.,0.));
#2268=DIRECTION('',(-1.,0.,0.));
#2269=DIRECTION('',(0.,-1.,0.));
#2270=DIRECTION('center_axis',(1.,0.,0.));
#2271=DIRECTION('ref_axis',(0.,0.,1.));
#2272=DIRECTION('',(0.,0.,-1.));
#2273=DIRECTION('',(0.,0.,1.));
#2274=DIRECTION('',(0.,-1.,0.));
#2275=DIRECTION('center_axis',(0.,0.,-1.));
#2276=DIRECTION('ref_axis',(1.,0.,0.));
#2277=DIRECTION('',(-1.,0.,0.));
#2278=DIRECTION('',(1.,0.,0.));
#2279=DIRECTION('center_axis',(-1.,0.,0.));
#2280=DIRECTION('ref_axis',(0.,0.,-1.));
#2281=DIRECTION('',(0.,0.,1.));
#2282=DIRECTION('',(0.,-1.,0.));
#2283=DIRECTION('',(0.,0.,-1.));
#2284=DIRECTION('',(0.,-1.,0.));
#2285=DIRECTION('center_axis',(0.,0.,1.));
#2286=DIRECTION('ref_axis',(-1.,0.,0.));
#2287=DIRECTION('',(1.,0.,0.));
#2288=DIRECTION('',(-1.,0.,0.));
#2289=DIRECTION('',(0.,-1.,0.));
#2290=DIRECTION('center_axis',(1.,0.,0.));
#2291=DIRECTION('ref_axis',(0.,0.,1.));
#2292=DIRECTION('',(0.,0.,-1.));
#2293=DIRECTION('',(0.,0.,1.));
#2294=DIRECTION('',(0.,-1.,0.));
#2295=DIRECTION('center_axis',(0.,0.,-1.));
#2296=DIRECTION('ref_axis',(1.,0.,0.));
#2297=DIRECTION('',(-1.,0.,0.));
#2298=DIRECTION('',(1.,0.,0.));
#2299=DIRECTION('center_axis',(-1.,0.,0.));
#2300=DIRECTION('ref_axis',(0.,0.,-1.));
#2301=DIRECTION('',(0.,0.,1.));
#2302=DIRECTION('',(0.,-1.,0.));
#2303=DIRECTION('',(0.,0.,-1.));
#2304=DIRECTION('',(0.,-1.,0.));
#2305=DIRECTION('center_axis',(0.,0.,1.));
#2306=DIRECTION('ref_axis',(-1.,0.,0.));
#2307=DIRECTION('',(1.,0.,0.));
#2308=DIRECTION('',(-1.,0.,0.));
#2309=DIRECTION('',(0.,-1.,0.));
#2310=DIRECTION('center_axis',(1.,0.,0.));
#2311=DIRECTION('ref_axis',(0.,0.,1.));
#2312=DIRECTION('',(0.,0.,-1.));
#2313=DIRECTION('',(0.,0.,1.));
#2314=DIRECTION('',(0.,-1.,0.));
#2315=DIRECTION('center_axis',(0.,0.,-1.));
#2316=DIRECTION('ref_axis',(1.,0.,0.));
#2317=DIRECTION('',(-1.,0.,0.));
#2318=DIRECTION('',(1.,0.,0.));
#2319=DIRECTION('center_axis',(-1.,0.,0.));
#2320=DIRECTION('ref_axis',(0.,0.,-1.));
#2321=DIRECTION('',(0.,0.,1.));
#2322=DIRECTION('',(0.,-1.,0.));
#2323=DIRECTION('',(0.,0.,-1.));
#2324=DIRECTION('',(0.,-1.,0.));
#2325=DIRECTION('center_axis',(0.,0.,1.));
#2326=DIRECTION('ref_axis',(-1.,0.,0.));
#2327=DIRECTION('',(1.,0.,0.));
#2328=DIRECTION('',(-1.,0.,0.));
#2329=DIRECTION('',(0.,-1.,0.));
#2330=DIRECTION('center_axis',(1.,0.,0.));
#2331=DIRECTION('ref_axis',(0.,0.,1.));
#2332=DIRECTION('',(0.,0.,-1.));
#2333=DIRECTION('',(0.,0.,1.));
#2334=DIRECTION('',(0.,-1.,0.));
#2335=DIRECTION('center_axis',(0.,0.,-1.));
#2336=DIRECTION('ref_axis',(1.,0.,0.));
#2337=DIRECTION('',(-1.,0.,0.));
#2338=DIRECTION('',(1.,0.,0.));
#2339=DIRECTION('center_axis',(-1.,0.,0.));
#2340=DIRECTION('ref_axis',(0.,0.,-1.));
#2341=DIRECTION('',(0.,0.,1.));
#2342=DIRECTION('',(0.,-1.,0.));
#2343=DIRECTION('',(0.,0.,-1.));
#2344=DIRECTION('',(0.,-1.,0.));
#2345=DIRECTION('center_axis',(0.,0.,1.));
#2346=DIRECTION('ref_axis',(-1.,0.,0.));
#2347=DIRECTION('',(1.,0.,0.));
#2348=DIRECTION('',(-1.,0.,0.));
#2349=DIRECTION('',(0.,-1.,0.));
#2350=DIRECTION('center_axis',(1.,0.,0.));
#2351=DIRECTION('ref_axis',(0.,0.,1.));
#2352=DIRECTION('',(0.,0.,-1.));
#2353=DIRECTION('',(0.,0.,1.));
#2354=DIRECTION('',(0.,-1.,0.));
#2355=DIRECTION('center_axis',(0.,0.,-1.));
#2356=DIRECTION('ref_axis',(1.,0.,0.));
#2357=DIRECTION('',(-1.,0.,0.));
#2358=DIRECTION('',(1.,0.,0.));
#2359=DIRECTION('center_axis',(-1.,0.,0.));
#2360=DIRECTION('ref_axis',(0.,0.,-1.));
#2361=DIRECTION('',(0.,0.,1.));
#2362=DIRECTION('',(0.,-1.,0.));
#2363=DIRECTION('',(0.,0.,-1.));
#2364=DIRECTION('',(0.,-1.,0.));
#2365=DIRECTION('center_axis',(0.,0.,1.));
#2366=DIRECTION('ref_axis',(-1.,0.,0.));
#2367=DIRECTION('',(1.,0.,0.));
#2368=DIRECTION('',(-1.,0.,0.));
#2369=DIRECTION('',(0.,-1.,0.));
#2370=DIRECTION('center_axis',(1.,0.,0.));
#2371=DIRECTION('ref_axis',(0.,0.,1.));
#2372=DIRECTION('',(0.,0.,-1.));
#2373=DIRECTION('',(0.,0.,1.));
#2374=DIRECTION('',(0.,-1.,0.));
#2375=DIRECTION('center_axis',(0.,0.,-1.));
#2376=DIRECTION('ref_axis',(1.,0.,0.));
#2377=DIRECTION('',(-1.,0.,0.));
#2378=DIRECTION('',(1.,0.,0.));
#2379=DIRECTION('center_axis',(-1.,0.,0.));
#2380=DIRECTION('ref_axis',(0.,0.,-1.));
#2381=DIRECTION('',(0.,0.,1.));
#2382=DIRECTION('',(0.,-1.,0.));
#2383=DIRECTION('',(0.,0.,-1.));
#2384=DIRECTION('',(0.,-1.,0.));
#2385=DIRECTION('center_axis',(0.,0.,1.));
#2386=DIRECTION('ref_axis',(-1.,0.,0.));
#2387=DIRECTION('',(1.,0.,0.));
#2388=DIRECTION('',(-1.,0.,0.));
#2389=DIRECTION('',(0.,-1.,0.));
#2390=DIRECTION('center_axis',(1.,0.,0.));
#2391=DIRECTION('ref_axis',(0.,0.,1.));
#2392=DIRECTION('',(0.,0.,-1.));
#2393=DIRECTION('',(0.,0.,1.));
#2394=DIRECTION('',(0.,-1.,0.));
#2395=DIRECTION('center_axis',(0.,0.,-1.));
#2396=DIRECTION('ref_axis',(1.,0.,0.));
#2397=DIRECTION('',(-1.,0.,0.));
#2398=DIRECTION('',(1.,0.,0.));
#2399=DIRECTION('center_axis',(-1.,0.,0.));
#2400=DIRECTION('ref_axis',(0.,0.,-1.));
#2401=DIRECTION('',(0.,0.,1.));
#2402=DIRECTION('',(0.,-1.,0.));
#2403=DIRECTION('',(0.,0.,-1.));
#2404=DIRECTION('',(0.,-1.,0.));
#2405=DIRECTION('center_axis',(0.,0.,1.));
#2406=DIRECTION('ref_axis',(-1.,0.,0.));
#2407=DIRECTION('',(1.,0.,0.));
#2408=DIRECTION('',(-1.,0.,0.));
#2409=DIRECTION('',(0.,-1.,0.));
#2410=DIRECTION('center_axis',(1.,0.,0.));
#2411=DIRECTION('ref_axis',(0.,0.,1.));
#2412=DIRECTION('',(0.,0.,-1.));
#2413=DIRECTION('',(0.,0.,1.));
#2414=DIRECTION('',(0.,-1.,0.));
#2415=DIRECTION('center_axis',(0.,0.,-1.));
#2416=DIRECTION('ref_axis',(1.,0.,0.));
#2417=DIRECTION('',(-1.,0.,0.));
#2418=DIRECTION('',(1.,0.,0.));
#2419=DIRECTION('center_axis',(-1.,0.,0.));
#2420=DIRECTION('ref_axis',(0.,0.,-1.));
#2421=DIRECTION('',(0.,0.,1.));
#2422=DIRECTION('',(0.,-1.,0.));
#2423=DIRECTION('',(0.,0.,-1.));
#2424=DIRECTION('',(0.,-1.,0.));
#2425=DIRECTION('center_axis',(0.,0.,1.));
#2426=DIRECTION('ref_axis',(-1.,0.,0.));
#2427=DIRECTION('',(1.,0.,0.));
#2428=DIRECTION('',(-1.,0.,0.));
#2429=DIRECTION('',(0.,-1.,0.));
#2430=DIRECTION('center_axis',(1.,0.,0.));
#2431=DIRECTION('ref_axis',(0.,0.,1.));
#2432=DIRECTION('',(0.,0.,-1.));
#2433=DIRECTION('',(0.,0.,1.));
#2434=DIRECTION('',(0.,-1.,0.));
#2435=DIRECTION('center_axis',(0.,0.,-1.));
#2436=DIRECTION('ref_axis',(1.,0.,0.));
#2437=DIRECTION('',(-1.,0.,0.));
#2438=DIRECTION('',(1.,0.,0.));
#2439=DIRECTION('center_axis',(0.,0.,1.));
#2440=DIRECTION('ref_axis',(-1.,0.,0.));
#2441=DIRECTION('',(-1.,0.,0.));
#2442=DIRECTION('',(0.,-1.,0.));
#2443=DIRECTION('',(-1.,0.,0.));
#2444=DIRECTION('',(0.98058067569092,-0.196116135138184,0.));
#2445=DIRECTION('',(0.,1.,0.));
#2446=DIRECTION('',(-1.,0.,0.));
#2447=DIRECTION('',(0.98058067569092,-0.196116135138184,0.));
#2448=DIRECTION('',(0.,1.,0.));
#2449=DIRECTION('',(-1.,0.,0.));
#2450=DIRECTION('',(0.98058067569092,-0.196116135138184,0.));
#2451=DIRECTION('',(0.,1.,0.));
#2452=DIRECTION('',(-1.,0.,0.));
#2453=DIRECTION('',(0.98058067569092,-0.196116135138184,0.));
#2454=DIRECTION('',(0.,1.,0.));
#2455=DIRECTION('',(-1.,0.,0.));
#2456=DIRECTION('',(0.,-1.,0.));
#2457=DIRECTION('center_axis',(0.,-1.,0.));
#2458=DIRECTION('ref_axis',(0.,0.,-1.));
#2459=DIRECTION('center_axis',(0.,-1.,0.));
#2460=DIRECTION('ref_axis',(0.,0.,-1.));
#2461=DIRECTION('center_axis',(0.,-1.,0.));
#2462=DIRECTION('ref_axis',(0.,0.,-1.));
#2463=DIRECTION('',(0.,-1.,0.));
#2464=DIRECTION('center_axis',(0.,0.,-1.));
#2465=DIRECTION('ref_axis',(1.,0.,0.));
#2466=DIRECTION('',(1.,0.,0.));
#2467=DIRECTION('',(0.,-1.,0.));
#2468=DIRECTION('',(1.,0.,0.));
#2469=DIRECTION('',(0.,-1.,0.));
#2470=DIRECTION('',(-0.98058067569092,0.196116135138184,0.));
#2471=DIRECTION('',(1.,0.,0.));
#2472=DIRECTION('',(0.,-1.,0.));
#2473=DIRECTION('',(-0.98058067569092,0.196116135138184,0.));
#2474=DIRECTION('',(1.,0.,0.));
#2475=DIRECTION('',(0.,-1.,0.));
#2476=DIRECTION('',(-0.98058067569092,0.196116135138184,0.));
#2477=DIRECTION('',(1.,0.,0.));
#2478=DIRECTION('',(0.,-1.,0.));
#2479=DIRECTION('',(-0.98058067569092,0.196116135138184,0.));
#2480=DIRECTION('',(1.,0.,0.));
#2481=DIRECTION('',(0.,-1.,0.));
#2482=DIRECTION('center_axis',(0.,-1.,0.));
#2483=DIRECTION('ref_axis',(0.,0.,1.));
#2484=DIRECTION('center_axis',(0.,-1.,0.));
#2485=DIRECTION('ref_axis',(0.,0.,1.));
#2486=DIRECTION('center_axis',(0.,-1.,0.));
#2487=DIRECTION('ref_axis',(0.,0.,1.));
#2488=DIRECTION('',(0.,-1.,0.));
#2489=DIRECTION('center_axis',(0.196116135138184,0.98058067569092,0.));
#2490=DIRECTION('ref_axis',(0.98058067569092,-0.196116135138184,0.));
#2491=DIRECTION('',(0.98058067569092,-0.196116135138184,0.));
#2492=DIRECTION('',(0.,0.,-1.));
#2493=DIRECTION('',(0.,0.,-1.));
#2494=DIRECTION('center_axis',(-1.,0.,0.));
#2495=DIRECTION('ref_axis',(0.,1.,0.));
#2496=DIRECTION('',(0.,1.,0.));
#2497=DIRECTION('',(0.,0.,1.));
#2498=DIRECTION('center_axis',(-1.,0.,0.));
#2499=DIRECTION('ref_axis',(0.,1.,0.));
#2500=DIRECTION('',(0.,-1.,0.));
#2501=DIRECTION('',(0.,0.,1.));
#2502=DIRECTION('',(0.,0.,-1.));
#2503=DIRECTION('center_axis',(0.196116135138184,0.98058067569092,0.));
#2504=DIRECTION('ref_axis',(0.98058067569092,-0.196116135138184,0.));
#2505=DIRECTION('',(-0.98058067569092,0.196116135138184,0.));
#2506=DIRECTION('',(0.,0.,-1.));
#2507=DIRECTION('center_axis',(0.196116135138184,0.98058067569092,0.));
#2508=DIRECTION('ref_axis',(0.98058067569092,-0.196116135138184,0.));
#2509=DIRECTION('',(0.98058067569092,-0.196116135138184,0.));
#2510=DIRECTION('',(0.,0.,-1.));
#2511=DIRECTION('',(0.,0.,-1.));
#2512=DIRECTION('center_axis',(-1.,0.,0.));
#2513=DIRECTION('ref_axis',(0.,1.,0.));
#2514=DIRECTION('',(0.,1.,0.));
#2515=DIRECTION('',(0.,0.,1.));
#2516=DIRECTION('center_axis',(-1.,0.,0.));
#2517=DIRECTION('ref_axis',(0.,1.,0.));
#2518=DIRECTION('',(0.,-1.,0.));
#2519=DIRECTION('',(0.,0.,1.));
#2520=DIRECTION('',(0.,0.,-1.));
#2521=DIRECTION('center_axis',(0.196116135138184,0.98058067569092,0.));
#2522=DIRECTION('ref_axis',(0.98058067569092,-0.196116135138184,0.));
#2523=DIRECTION('',(-0.98058067569092,0.196116135138184,0.));
#2524=DIRECTION('',(0.,0.,-1.));
#2525=DIRECTION('center_axis',(0.196116135138184,0.98058067569092,0.));
#2526=DIRECTION('ref_axis',(0.98058067569092,-0.196116135138184,0.));
#2527=DIRECTION('',(0.98058067569092,-0.196116135138184,0.));
#2528=DIRECTION('',(0.,0.,-1.));
#2529=DIRECTION('',(0.,0.,-1.));
#2530=DIRECTION('center_axis',(-1.,0.,0.));
#2531=DIRECTION('ref_axis',(0.,1.,0.));
#2532=DIRECTION('',(0.,1.,0.));
#2533=DIRECTION('',(0.,0.,1.));
#2534=DIRECTION('center_axis',(-1.,0.,0.));
#2535=DIRECTION('ref_axis',(0.,1.,0.));
#2536=DIRECTION('',(0.,-1.,0.));
#2537=DIRECTION('',(0.,0.,1.));
#2538=DIRECTION('',(0.,0.,-1.));
#2539=DIRECTION('center_axis',(0.196116135138184,0.98058067569092,0.));
#2540=DIRECTION('ref_axis',(0.98058067569092,-0.196116135138184,0.));
#2541=DIRECTION('',(-0.98058067569092,0.196116135138184,0.));
#2542=DIRECTION('',(0.,0.,-1.));
#2543=DIRECTION('center_axis',(0.196116135138184,0.98058067569092,0.));
#2544=DIRECTION('ref_axis',(0.98058067569092,-0.196116135138184,0.));
#2545=DIRECTION('',(0.98058067569092,-0.196116135138184,0.));
#2546=DIRECTION('',(0.,0.,-1.));
#2547=DIRECTION('',(0.,0.,-1.));
#2548=DIRECTION('center_axis',(-1.,0.,0.));
#2549=DIRECTION('ref_axis',(0.,1.,0.));
#2550=DIRECTION('',(0.,1.,0.));
#2551=DIRECTION('',(0.,0.,1.));
#2552=DIRECTION('center_axis',(-1.,0.,0.));
#2553=DIRECTION('ref_axis',(0.,1.,0.));
#2554=DIRECTION('',(0.,-1.,0.));
#2555=DIRECTION('',(0.,0.,1.));
#2556=DIRECTION('',(0.,0.,-1.));
#2557=DIRECTION('center_axis',(0.196116135138184,0.98058067569092,0.));
#2558=DIRECTION('ref_axis',(0.98058067569092,-0.196116135138184,0.));
#2559=DIRECTION('',(-0.98058067569092,0.196116135138184,0.));
#2560=DIRECTION('',(0.,0.,-1.));
#2561=DIRECTION('center_axis',(0.,1.,0.));
#2562=DIRECTION('ref_axis',(-1.,0.,0.));
#2563=DIRECTION('',(1.,0.,0.));
#2564=DIRECTION('center_axis',(0.,1.,0.));
#2565=DIRECTION('ref_axis',(-1.,0.,0.));
#2566=DIRECTION('',(1.,0.,0.));
#2567=DIRECTION('center_axis',(0.,1.,0.));
#2568=DIRECTION('ref_axis',(-1.,0.,0.));
#2569=DIRECTION('center_axis',(0.,-1.,0.));
#2570=DIRECTION('ref_axis',(0.,0.,1.));
#2571=DIRECTION('',(1.,0.,0.));
#2572=DIRECTION('center_axis',(0.,1.,0.));
#2573=DIRECTION('ref_axis',(-1.,0.,0.));
#2574=DIRECTION('',(1.,0.,0.));
#2575=DIRECTION('center_axis',(0.,1.,0.));
#2576=DIRECTION('ref_axis',(-1.,0.,0.));
#2577=DIRECTION('',(1.,0.,0.));
#2578=DIRECTION('center_axis',(0.,1.,0.));
#2579=DIRECTION('ref_axis',(-1.,0.,0.));
#2580=DIRECTION('center_axis',(0.,-1.,0.));
#2581=DIRECTION('ref_axis',(0.,0.,-1.));
#2582=DIRECTION('',(-1.,0.,0.));
#2583=DIRECTION('center_axis',(0.,1.,0.));
#2584=DIRECTION('ref_axis',(-1.,0.,0.));
#2585=DIRECTION('',(-1.,0.,0.));
#2586=DIRECTION('center_axis',(0.,1.,0.));
#2587=DIRECTION('ref_axis',(-1.,0.,0.));
#2588=DIRECTION('',(-1.,0.,0.));
#2589=DIRECTION('center_axis',(0.,1.,0.));
#2590=DIRECTION('ref_axis',(-1.,0.,0.));
#2591=DIRECTION('',(-1.,0.,0.));
#2592=DIRECTION('center_axis',(0.,1.,0.));
#2593=DIRECTION('ref_axis',(-1.,0.,0.));
#2594=DIRECTION('',(-1.,0.,0.));
#2595=DIRECTION('center_axis',(0.,0.,-1.));
#2596=DIRECTION('ref_axis',(1.,0.,0.));
#2597=DIRECTION('',(1.,0.,0.));
#2598=DIRECTION('',(0.,-1.,0.));
#2599=DIRECTION('center_axis',(0.,-1.,0.));
#2600=DIRECTION('ref_axis',(0.,0.,1.));
#2601=DIRECTION('center_axis',(0.,-1.,0.));
#2602=DIRECTION('ref_axis',(0.,0.,1.));
#2603=DIRECTION('center_axis',(0.,0.,1.));
#2604=DIRECTION('ref_axis',(-1.,0.,0.));
#2605=DIRECTION('',(-1.,0.,0.));
#2606=DIRECTION('',(0.,-1.,0.));
#2607=DIRECTION('center_axis',(0.,-1.,0.));
#2608=DIRECTION('ref_axis',(0.,0.,-1.));
#2609=DIRECTION('center_axis',(0.,-1.,0.));
#2610=DIRECTION('ref_axis',(0.,0.,-1.));
#2611=DIRECTION('center_axis',(0.,0.,-1.));
#2612=DIRECTION('ref_axis',(1.,0.,0.));
#2613=DIRECTION('',(1.,0.,0.));
#2614=DIRECTION('',(0.,-1.,0.));
#2615=DIRECTION('',(1.,0.,0.));
#2616=DIRECTION('',(0.,-1.,0.));
#2617=DIRECTION('center_axis',(0.,-1.,0.));
#2618=DIRECTION('ref_axis',(1.77635676440255E-15,0.,1.));
#2619=DIRECTION('center_axis',(0.,1.,0.));
#2620=DIRECTION('ref_axis',(1.77635676440255E-15,0.,1.));
#2621=DIRECTION('center_axis',(0.,1.,0.));
#2622=DIRECTION('ref_axis',(1.77635676440255E-15,0.,1.));
#2623=DIRECTION('',(0.,-1.,0.));
#2624=DIRECTION('center_axis',(1.,0.,-2.11099782876367E-8));
#2625=DIRECTION('ref_axis',(2.11099782876367E-8,0.,1.));
#2626=DIRECTION('',(2.11099782876367E-8,0.,1.));
#2627=DIRECTION('',(2.11099782876367E-8,0.,1.));
#2628=DIRECTION('',(0.,-1.,0.));
#2629=DIRECTION('center_axis',(0.,-1.,0.));
#2630=DIRECTION('ref_axis',(-1.,0.,2.1109977765832E-8));
#2631=DIRECTION('center_axis',(0.,1.,0.));
#2632=DIRECTION('ref_axis',(-1.,0.,2.1109977765832E-8));
#2633=DIRECTION('center_axis',(0.,1.,0.));
#2634=DIRECTION('ref_axis',(-1.,0.,2.1109977765832E-8));
#2635=DIRECTION('',(0.,-1.,0.));
#2636=DIRECTION('center_axis',(-4.44089158289142E-16,0.,1.));
#2637=DIRECTION('ref_axis',(-1.,0.,-4.44089158289142E-16));
#2638=DIRECTION('',(-1.,0.,-4.44089158289142E-16));
#2639=DIRECTION('',(-1.,0.,-4.44089158289142E-16));
#2640=DIRECTION('',(0.,-1.,0.));
#2641=DIRECTION('center_axis',(3.08172078490825E-8,0.,1.));
#2642=DIRECTION('ref_axis',(-0.999999999999999,0.,3.08172078490825E-8));
#2643=DIRECTION('',(-0.999999999999999,0.,3.08172078490825E-8));
#2644=DIRECTION('',(-0.999999999999999,0.,3.08172078490825E-8));
#2645=DIRECTION('',(0.,-1.,0.));
#2646=DIRECTION('center_axis',(0.,-1.,0.));
#2647=DIRECTION('ref_axis',(-1.78813946057808E-8,0.,-1.));
#2648=DIRECTION('center_axis',(0.,1.,0.));
#2649=DIRECTION('ref_axis',(-1.78813946057808E-8,0.,-1.));
#2650=DIRECTION('center_axis',(0.,1.,0.));
#2651=DIRECTION('ref_axis',(-1.78813946057808E-8,0.,-1.));
#2652=DIRECTION('',(0.,-1.,0.));
#2653=DIRECTION('center_axis',(-1.,0.,-7.99023342717602E-9));
#2654=DIRECTION('ref_axis',(7.99023342717602E-9,0.,-1.));
#2655=DIRECTION('',(7.99023342717602E-9,0.,-1.));
#2656=DIRECTION('',(7.99023342717602E-9,0.,-1.));
#2657=DIRECTION('',(0.,-1.,0.));
#2658=DIRECTION('center_axis',(0.,-1.,0.));
#2659=DIRECTION('ref_axis',(1.,0.,7.99023780473361E-9));
#2660=DIRECTION('center_axis',(0.,1.,0.));
#2661=DIRECTION('ref_axis',(1.,0.,7.99023780473361E-9));
#2662=DIRECTION('center_axis',(0.,1.,0.));
#2663=DIRECTION('ref_axis',(1.,0.,7.99023780473361E-9));
#2664=DIRECTION('',(0.,-1.,0.));
#2665=DIRECTION('center_axis',(2.28269721528105E-8,0.,-1.));
#2666=DIRECTION('ref_axis',(1.,0.,2.28269721528105E-8));
#2667=DIRECTION('',(1.,0.,2.28269721528105E-8));
#2668=DIRECTION('',(1.,0.,2.28269721528105E-8));
#2669=DIRECTION('',(0.,-1.,0.));
#2670=DIRECTION('center_axis',(0.,0.,-1.));
#2671=DIRECTION('ref_axis',(1.,0.,0.));
#2672=DIRECTION('',(1.,0.,0.));
#2673=DIRECTION('',(1.,0.,0.));
#2674=DIRECTION('',(0.,-1.,0.));
#2675=DIRECTION('center_axis',(-2.23544157328412E-8,0.,-1.));
#2676=DIRECTION('ref_axis',(1.,0.,-2.23544157328412E-8));
#2677=DIRECTION('',(1.,0.,-2.23544157328412E-8));
#2678=DIRECTION('',(1.,0.,-2.23544157328412E-8));
#2679=DIRECTION('center_axis',(0.,-1.,0.));
#2680=DIRECTION('ref_axis',(1.,0.,0.));
#2681=DIRECTION('center_axis',(0.,1.,0.));
#2682=DIRECTION('ref_axis',(1.,0.,0.));
#2683=DIRECTION('',(0.,1.,0.));
#2684=DIRECTION('center_axis',(0.,1.,0.));
#2685=DIRECTION('ref_axis',(1.,0.,0.));
#2686=DIRECTION('center_axis',(0.,-1.,0.));
#2687=DIRECTION('ref_axis',(1.,0.,0.));
#2688=DIRECTION('center_axis',(0.,1.,0.));
#2689=DIRECTION('ref_axis',(1.,0.,0.));
#2690=DIRECTION('',(0.,1.,0.));
#2691=DIRECTION('center_axis',(0.,1.,0.));
#2692=DIRECTION('ref_axis',(1.,0.,0.));
#2693=DIRECTION('',(0.,-1.,0.));
#2694=DIRECTION('',(0.,-1.,0.));
#2695=DIRECTION('center_axis',(0.,0.,-1.));
#2696=DIRECTION('ref_axis',(1.,0.,0.));
#2697=DIRECTION('',(-1.,0.,0.));
#2698=DIRECTION('',(1.,0.,0.));
#2699=DIRECTION('',(0.,-1.,0.));
#2700=DIRECTION('',(0.,-1.,0.));
#2701=DIRECTION('',(0.,-1.,0.));
#2702=DIRECTION('',(0.,-1.,0.));
#2703=DIRECTION('center_axis',(0.,-1.,0.));
#2704=DIRECTION('ref_axis',(0.,0.,1.));
#2705=DIRECTION('center_axis',(0.,-1.,0.));
#2706=DIRECTION('ref_axis',(0.,0.,1.));
#2707=DIRECTION('center_axis',(0.,-1.,0.));
#2708=DIRECTION('ref_axis',(0.,0.,1.));
#2709=DIRECTION('',(0.,-1.,0.));
#2710=DIRECTION('',(0.,-1.,0.));
#2711=DIRECTION('',(0.,-1.,0.));
#2712=DIRECTION('',(0.,-1.,0.));
#2713=DIRECTION('center_axis',(0.,0.,1.));
#2714=DIRECTION('ref_axis',(-1.,0.,0.));
#2715=DIRECTION('',(-1.,0.,0.));
#2716=DIRECTION('',(-1.,0.,0.));
#2717=DIRECTION('',(0.,-1.,0.));
#2718=DIRECTION('',(0.,-1.,0.));
#2719=DIRECTION('center_axis',(0.,-1.,0.));
#2720=DIRECTION('ref_axis',(0.,0.,-1.));
#2721=DIRECTION('center_axis',(0.,-1.,0.));
#2722=DIRECTION('ref_axis',(0.,0.,-1.));
#2723=DIRECTION('center_axis',(0.,-1.,0.));
#2724=DIRECTION('ref_axis',(0.,0.,-1.));
#2725=DIRECTION('center_axis',(0.,-1.,0.));
#2726=DIRECTION('ref_axis',(1.,0.,0.));
#2727=DIRECTION('center_axis',(0.,-1.,0.));
#2728=DIRECTION('ref_axis',(1.,0.,0.));
#2729=CARTESIAN_POINT('',(0.,0.,0.));
#2730=CARTESIAN_POINT('Origin',(-2.5,-5.,-37.5000005960464));
#2731=CARTESIAN_POINT('',(-2.5,-10.,-42.5000005960464));
#2732=CARTESIAN_POINT('',(-2.5,-10.,-37.5000005960464));
#2733=CARTESIAN_POINT('',(-2.5,-10.,-18.7500002980232));
#2734=CARTESIAN_POINT('',(-2.5,-5.,-42.5000005960464));
#2735=CARTESIAN_POINT('',(-2.5,-5.,-42.5000005960464));
#2736=CARTESIAN_POINT('',(-2.5,-5.,-37.5000005960464));
#2737=CARTESIAN_POINT('',(-2.5,-5.,-38.7500002980232));
#2738=CARTESIAN_POINT('',(-2.5,-5.,-37.5000005960464));
#2739=CARTESIAN_POINT('Origin',(2.5,-5.,-37.5000005960464));
#2740=CARTESIAN_POINT('',(2.5,-10.,-37.5000005960464));
#2741=CARTESIAN_POINT('',(1.12720036871535,-10.,-37.5000005960464));
#2742=CARTESIAN_POINT('',(2.5,-5.,-37.5000005960464));
#2743=CARTESIAN_POINT('',(1.25,-5.,-37.5000005960464));
#2744=CARTESIAN_POINT('',(2.5,-5.,-37.5000005960464));
#2745=CARTESIAN_POINT('Origin',(2.5,-5.,-42.5000005960464));
#2746=CARTESIAN_POINT('',(2.5,-10.,-42.5000005960464));
#2747=CARTESIAN_POINT('',(2.5,-10.,-21.2500002980232));
#2748=CARTESIAN_POINT('',(2.5,-5.,-42.5000005960464));
#2749=CARTESIAN_POINT('',(2.5,-5.,-41.2500002980232));
#2750=CARTESIAN_POINT('',(2.5,-5.,-42.5000005960464));
#2751=CARTESIAN_POINT('Origin',(-2.5,-5.,-42.5000005960464));
#2752=CARTESIAN_POINT('',(-1.37279963128465,-10.,-42.5000005960464));
#2753=CARTESIAN_POINT('',(-1.25,-5.,-42.5000005960464));
#2754=CARTESIAN_POINT('Origin',(17.5000002980232,-5.,42.5000005960464));
#2755=CARTESIAN_POINT('',(17.5000002980232,-10.,37.5000005960464));
#2756=CARTESIAN_POINT('',(17.5000002980232,-10.,42.5000005960464));
#2757=CARTESIAN_POINT('',(17.5000002980232,-10.,21.2500002980232));
#2758=CARTESIAN_POINT('',(17.5000002980232,-5.,37.5000005960464));
#2759=CARTESIAN_POINT('',(17.5000002980232,-5.,37.5000005960464));
#2760=CARTESIAN_POINT('',(17.5000002980232,-5.,42.5000005960464));
#2761=CARTESIAN_POINT('',(17.5000002980232,-5.,41.2500002980232));
#2762=CARTESIAN_POINT('',(17.5000002980232,-5.,42.5000005960464));
#2763=CARTESIAN_POINT('Origin',(22.5000002980232,-5.,42.5000005960464));
#2764=CARTESIAN_POINT('',(22.5000002980232,-10.,42.5000005960464));
#2765=CARTESIAN_POINT('',(11.127200517727,-10.,42.5000005960464));
#2766=CARTESIAN_POINT('',(22.5000002980232,-5.,42.5000005960464));
#2767=CARTESIAN_POINT('',(11.2500001490116,-5.,42.5000005960464));
#2768=CARTESIAN_POINT('',(22.5000002980232,-5.,42.5000005960464));
#2769=CARTESIAN_POINT('Origin',(22.5000002980232,-5.,37.5000005960464));
#2770=CARTESIAN_POINT('',(22.5000002980232,-10.,37.5000005960464));
#2771=CARTESIAN_POINT('',(22.5000002980232,-10.,18.7500002980232));
#2772=CARTESIAN_POINT('',(22.5000002980232,-5.,37.5000005960464));
#2773=CARTESIAN_POINT('',(22.5000002980232,-5.,38.7500002980232));
#2774=CARTESIAN_POINT('',(22.5000002980232,-5.,37.5000005960464));
#2775=CARTESIAN_POINT('Origin',(17.5000002980232,-5.,37.5000005960464));
#2776=CARTESIAN_POINT('',(8.62720051772696,-10.,37.5000005960464));
#2777=CARTESIAN_POINT('',(8.75000014901161,-5.,37.5000005960464));
#2778=CARTESIAN_POINT('Origin',(-42.5000005960464,-5.,42.5000005960464));
#2779=CARTESIAN_POINT('',(-42.5000005960464,-10.,37.5000005960464));
#2780=CARTESIAN_POINT('',(-42.5000005960464,-10.,42.5000005960464));
#2781=CARTESIAN_POINT('',(-42.5000005960464,-10.,21.2500002980232));
#2782=CARTESIAN_POINT('',(-42.5000005960464,-5.,37.5000005960464));
#2783=CARTESIAN_POINT('',(-42.5000005960464,-5.,37.5000005960464));
#2784=CARTESIAN_POINT('',(-42.5000005960464,-5.,42.5000005960464));
#2785=CARTESIAN_POINT('',(-42.5000005960464,-5.,41.2500002980232));
#2786=CARTESIAN_POINT('',(-42.5000005960464,-5.,42.5000005960464));
#2787=CARTESIAN_POINT('Origin',(-37.5000005960464,-5.,42.5000005960464));
#2788=CARTESIAN_POINT('',(-37.5000005960464,-10.,42.5000005960464));
#2789=CARTESIAN_POINT('',(-18.8727999293079,-10.,42.5000005960464));
#2790=CARTESIAN_POINT('',(-37.5000005960464,-5.,42.5000005960464));
#2791=CARTESIAN_POINT('',(-18.7500002980232,-5.,42.5000005960464));
#2792=CARTESIAN_POINT('',(-37.5000005960464,-5.,42.5000005960464));
#2793=CARTESIAN_POINT('Origin',(-37.5000005960464,-5.,37.5000005960464));
#2794=CARTESIAN_POINT('',(-37.5000005960464,-10.,37.5000005960464));
#2795=CARTESIAN_POINT('',(-37.5000005960464,-10.,18.7500002980232));
#2796=CARTESIAN_POINT('',(-37.5000005960464,-5.,37.5000005960464));
#2797=CARTESIAN_POINT('',(-37.5000005960464,-5.,38.7500002980232));
#2798=CARTESIAN_POINT('',(-37.5000005960464,-5.,37.5000005960464));
#2799=CARTESIAN_POINT('Origin',(-42.5000005960464,-5.,37.5000005960464));
#2800=CARTESIAN_POINT('',(-21.3727999293079,-10.,37.5000005960464));
#2801=CARTESIAN_POINT('',(-21.2500002980232,-5.,37.5000005960464));
#2802=CARTESIAN_POINT('Origin',(37.5000005960464,-5.,42.5000005960464));
#2803=CARTESIAN_POINT('',(37.5000005960464,-10.,37.5000005960464));
#2804=CARTESIAN_POINT('',(37.5000005960464,-10.,42.5000005960464));
#2805=CARTESIAN_POINT('',(37.5000005960464,-10.,21.2500002980232));
#2806=CARTESIAN_POINT('',(37.5000005960464,-5.,37.5000005960464));
#2807=CARTESIAN_POINT('',(37.5000005960464,-5.,37.5000005960464));
#2808=CARTESIAN_POINT('',(37.5000005960464,-5.,42.5000005960464));
#2809=CARTESIAN_POINT('',(37.5000005960464,-5.,41.2500002980232));
#2810=CARTESIAN_POINT('',(37.5000005960464,-5.,42.5000005960464));
#2811=CARTESIAN_POINT('Origin',(42.5000005960464,-5.,42.5000005960464));
#2812=CARTESIAN_POINT('',(42.5000005960464,-10.,42.5000005960464));
#2813=CARTESIAN_POINT('',(21.1272006667386,-10.,42.5000005960464));
#2814=CARTESIAN_POINT('',(42.5000005960464,-5.,42.5000005960464));
#2815=CARTESIAN_POINT('',(21.2500002980232,-5.,42.5000005960464));
#2816=CARTESIAN_POINT('',(42.5000005960464,-5.,42.5000005960464));
#2817=CARTESIAN_POINT('Origin',(42.5000005960464,-5.,37.5000005960464));
#2818=CARTESIAN_POINT('',(42.5000005960464,-10.,37.5000005960464));
#2819=CARTESIAN_POINT('',(42.5000005960464,-10.,18.7500002980232));
#2820=CARTESIAN_POINT('',(42.5000005960464,-5.,37.5000005960464));
#2821=CARTESIAN_POINT('',(42.5000005960464,-5.,38.7500002980232));
#2822=CARTESIAN_POINT('',(42.5000005960464,-5.,37.5000005960464));
#2823=CARTESIAN_POINT('Origin',(37.5000005960464,-5.,37.5000005960464));
#2824=CARTESIAN_POINT('',(18.6272006667386,-10.,37.5000005960464));
#2825=CARTESIAN_POINT('',(18.7500002980232,-5.,37.5000005960464));
#2826=CARTESIAN_POINT('Origin',(-22.5000002980232,-5.,-37.5000005960464));
#2827=CARTESIAN_POINT('',(-22.5000002980232,-10.,-42.5000005960464));
#2828=CARTESIAN_POINT('',(-22.5000002980232,-10.,-37.5000005960464));
#2829=CARTESIAN_POINT('',(-22.5000002980232,-10.,-18.7500002980232));
#2830=CARTESIAN_POINT('',(-22.5000002980232,-5.,-42.5000005960464));
#2831=CARTESIAN_POINT('',(-22.5000002980232,-5.,-42.5000005960464));
#2832=CARTESIAN_POINT('',(-22.5000002980232,-5.,-37.5000005960464));
#2833=CARTESIAN_POINT('',(-22.5000002980232,-5.,-38.7500002980232));
#2834=CARTESIAN_POINT('',(-22.5000002980232,-5.,-37.5000005960464));
#2835=CARTESIAN_POINT('Origin',(-17.5000002980232,-5.,-37.5000005960464));
#2836=CARTESIAN_POINT('',(-17.5000002980232,-10.,-37.5000005960464));
#2837=CARTESIAN_POINT('',(-8.87279978029627,-10.,-37.5000005960464));
#2838=CARTESIAN_POINT('',(-17.5000002980232,-5.,-37.5000005960464));
#2839=CARTESIAN_POINT('',(-8.75000014901161,-5.,-37.5000005960464));
#2840=CARTESIAN_POINT('',(-17.5000002980232,-5.,-37.5000005960464));
#2841=CARTESIAN_POINT('Origin',(-17.5000002980232,-5.,-42.5000005960464));
#2842=CARTESIAN_POINT('',(-17.5000002980232,-10.,-42.5000005960464));
#2843=CARTESIAN_POINT('',(-17.5000002980232,-10.,-21.2500002980232));
#2844=CARTESIAN_POINT('',(-17.5000002980232,-5.,-42.5000005960464));
#2845=CARTESIAN_POINT('',(-17.5000002980232,-5.,-41.2500002980232));
#2846=CARTESIAN_POINT('',(-17.5000002980232,-5.,-42.5000005960464));
#2847=CARTESIAN_POINT('Origin',(-22.5000002980232,-5.,-42.5000005960464));
#2848=CARTESIAN_POINT('',(-11.3727997802963,-10.,-42.5000005960464));
#2849=CARTESIAN_POINT('',(-11.2500001490116,-5.,-42.5000005960464));
#2850=CARTESIAN_POINT('Origin',(17.5000002980232,-5.,-37.5000005960464));
#2851=CARTESIAN_POINT('',(17.5000002980232,-10.,-42.5000005960464));
#2852=CARTESIAN_POINT('',(17.5000002980232,-10.,-37.5000005960464));
#2853=CARTESIAN_POINT('',(17.5000002980232,-10.,-18.7500002980232));
#2854=CARTESIAN_POINT('',(17.5000002980232,-5.,-42.5000005960464));
#2855=CARTESIAN_POINT('',(17.5000002980232,-5.,-42.5000005960464));
#2856=CARTESIAN_POINT('',(17.5000002980232,-5.,-37.5000005960464));
#2857=CARTESIAN_POINT('',(17.5000002980232,-5.,-38.7500002980232));
#2858=CARTESIAN_POINT('',(17.5000002980232,-5.,-37.5000005960464));
#2859=CARTESIAN_POINT('Origin',(22.5000002980232,-5.,-37.5000005960464));
#2860=CARTESIAN_POINT('',(22.5000002980232,-10.,-37.5000005960464));
#2861=CARTESIAN_POINT('',(11.127200517727,-10.,-37.5000005960464));
#2862=CARTESIAN_POINT('',(22.5000002980232,-5.,-37.5000005960464));
#2863=CARTESIAN_POINT('',(11.2500001490116,-5.,-37.5000005960464));
#2864=CARTESIAN_POINT('',(22.5000002980232,-5.,-37.5000005960464));
#2865=CARTESIAN_POINT('Origin',(22.5000002980232,-5.,-42.5000005960464));
#2866=CARTESIAN_POINT('',(22.5000002980232,-10.,-42.5000005960464));
#2867=CARTESIAN_POINT('',(22.5000002980232,-10.,-21.2500002980232));
#2868=CARTESIAN_POINT('',(22.5000002980232,-5.,-42.5000005960464));
#2869=CARTESIAN_POINT('',(22.5000002980232,-5.,-41.2500002980232));
#2870=CARTESIAN_POINT('',(22.5000002980232,-5.,-42.5000005960464));
#2871=CARTESIAN_POINT('Origin',(17.5000002980232,-5.,-42.5000005960464));
#2872=CARTESIAN_POINT('',(8.62720051772696,-10.,-42.5000005960464));
#2873=CARTESIAN_POINT('',(8.75000014901161,-5.,-42.5000005960464));
#2874=CARTESIAN_POINT('Origin',(-2.5,-5.,42.5000005960464));
#2875=CARTESIAN_POINT('',(-2.5,-10.,37.5000005960464));
#2876=CARTESIAN_POINT('',(-2.5,-10.,42.5000005960464));
#2877=CARTESIAN_POINT('',(-2.5,-10.,21.2500002980232));
#2878=CARTESIAN_POINT('',(-2.5,-5.,37.5000005960464));
#2879=CARTESIAN_POINT('',(-2.5,-5.,37.5000005960464));
#2880=CARTESIAN_POINT('',(-2.5,-5.,42.5000005960464));
#2881=CARTESIAN_POINT('',(-2.5,-5.,41.2500002980232));
#2882=CARTESIAN_POINT('',(-2.5,-5.,42.5000005960464));
#2883=CARTESIAN_POINT('Origin',(2.5,-5.,42.5000005960464));
#2884=CARTESIAN_POINT('',(2.5,-10.,42.5000005960464));
#2885=CARTESIAN_POINT('',(1.12720036871535,-10.,42.5000005960464));
#2886=CARTESIAN_POINT('',(2.5,-5.,42.5000005960464));
#2887=CARTESIAN_POINT('',(1.25,-5.,42.5000005960464));
#2888=CARTESIAN_POINT('',(2.5,-5.,42.5000005960464));
#2889=CARTESIAN_POINT('Origin',(2.5,-5.,37.5000005960464));
#2890=CARTESIAN_POINT('',(2.5,-10.,37.5000005960464));
#2891=CARTESIAN_POINT('',(2.5,-10.,18.7500002980232));
#2892=CARTESIAN_POINT('',(2.5,-5.,37.5000005960464));
#2893=CARTESIAN_POINT('',(2.5,-5.,38.7500002980232));
#2894=CARTESIAN_POINT('',(2.5,-5.,37.5000005960464));
#2895=CARTESIAN_POINT('Origin',(-2.5,-5.,37.5000005960464));
#2896=CARTESIAN_POINT('',(-1.37279963128465,-10.,37.5000005960464));
#2897=CARTESIAN_POINT('',(-1.25,-5.,37.5000005960464));
#2898=CARTESIAN_POINT('Origin',(-22.5000002980232,-5.,42.5000005960464));
#2899=CARTESIAN_POINT('',(-22.5000002980232,-10.,37.5000005960464));
#2900=CARTESIAN_POINT('',(-22.5000002980232,-10.,42.5000005960464));
#2901=CARTESIAN_POINT('',(-22.5000002980232,-10.,21.2500002980232));
#2902=CARTESIAN_POINT('',(-22.5000002980232,-5.,37.5000005960464));
#2903=CARTESIAN_POINT('',(-22.5000002980232,-5.,37.5000005960464));
#2904=CARTESIAN_POINT('',(-22.5000002980232,-5.,42.5000005960464));
#2905=CARTESIAN_POINT('',(-22.5000002980232,-5.,41.2500002980232));
#2906=CARTESIAN_POINT('',(-22.5000002980232,-5.,42.5000005960464));
#2907=CARTESIAN_POINT('Origin',(-17.5000002980232,-5.,42.5000005960464));
#2908=CARTESIAN_POINT('',(-17.5000002980232,-10.,42.5000005960464));
#2909=CARTESIAN_POINT('',(-8.87279978029627,-10.,42.5000005960464));
#2910=CARTESIAN_POINT('',(-17.5000002980232,-5.,42.5000005960464));
#2911=CARTESIAN_POINT('',(-8.75000014901161,-5.,42.5000005960464));
#2912=CARTESIAN_POINT('',(-17.5000002980232,-5.,42.5000005960464));
#2913=CARTESIAN_POINT('Origin',(-17.5000002980232,-5.,37.5000005960464));
#2914=CARTESIAN_POINT('',(-17.5000002980232,-10.,37.5000005960464));
#2915=CARTESIAN_POINT('',(-17.5000002980232,-10.,18.7500002980232));
#2916=CARTESIAN_POINT('',(-17.5000002980232,-5.,37.5000005960464));
#2917=CARTESIAN_POINT('',(-17.5000002980232,-5.,38.7500002980232));
#2918=CARTESIAN_POINT('',(-17.5000002980232,-5.,37.5000005960464));
#2919=CARTESIAN_POINT('Origin',(-22.5000002980232,-5.,37.5000005960464));
#2920=CARTESIAN_POINT('',(-11.3727997802963,-10.,37.5000005960464));
#2921=CARTESIAN_POINT('',(-11.2500001490116,-5.,37.5000005960464));
#2922=CARTESIAN_POINT('Origin',(37.5000005960464,-5.,-37.5000005960464));
#2923=CARTESIAN_POINT('',(37.5000005960464,-10.,-42.5000005960464));
#2924=CARTESIAN_POINT('',(37.5000005960464,-10.,-37.5000005960464));
#2925=CARTESIAN_POINT('',(37.5000005960464,-10.,-18.7500002980232));
#2926=CARTESIAN_POINT('',(37.5000005960464,-5.,-42.5000005960464));
#2927=CARTESIAN_POINT('',(37.5000005960464,-5.,-42.5000005960464));
#2928=CARTESIAN_POINT('',(37.5000005960464,-5.,-37.5000005960464));
#2929=CARTESIAN_POINT('',(37.5000005960464,-5.,-38.7500002980232));
#2930=CARTESIAN_POINT('',(37.5000005960464,-5.,-37.5000005960464));
#2931=CARTESIAN_POINT('Origin',(42.5000005960464,-5.,-37.5000005960464));
#2932=CARTESIAN_POINT('',(42.5000005960464,-10.,-37.5000005960464));
#2933=CARTESIAN_POINT('',(21.1272006667386,-10.,-37.5000005960464));
#2934=CARTESIAN_POINT('',(42.5000005960464,-5.,-37.5000005960464));
#2935=CARTESIAN_POINT('',(21.2500002980232,-5.,-37.5000005960464));
#2936=CARTESIAN_POINT('',(42.5000005960464,-5.,-37.5000005960464));
#2937=CARTESIAN_POINT('Origin',(42.5000005960464,-5.,-42.5000005960464));
#2938=CARTESIAN_POINT('',(42.5000005960464,-10.,-42.5000005960464));
#2939=CARTESIAN_POINT('',(42.5000005960464,-10.,-21.2500002980232));
#2940=CARTESIAN_POINT('',(42.5000005960464,-5.,-42.5000005960464));
#2941=CARTESIAN_POINT('',(42.5000005960464,-5.,-41.2500002980232));
#2942=CARTESIAN_POINT('',(42.5000005960464,-5.,-42.5000005960464));
#2943=CARTESIAN_POINT('Origin',(37.5000005960464,-5.,-42.5000005960464));
#2944=CARTESIAN_POINT('',(18.6272006667386,-10.,-42.5000005960464));
#2945=CARTESIAN_POINT('',(18.7500002980232,-5.,-42.5000005960464));
#2946=CARTESIAN_POINT('Origin',(-42.5000005960464,-5.,-37.5000005960464));
#2947=CARTESIAN_POINT('',(-42.5000005960464,-10.,-42.5000005960464));
#2948=CARTESIAN_POINT('',(-42.5000005960464,-10.,-37.5000005960464));
#2949=CARTESIAN_POINT('',(-42.5000005960464,-10.,-18.7500002980232));
#2950=CARTESIAN_POINT('',(-42.5000005960464,-5.,-42.5000005960464));
#2951=CARTESIAN_POINT('',(-42.5000005960464,-5.,-42.5000005960464));
#2952=CARTESIAN_POINT('',(-42.5000005960464,-5.,-37.5000005960464));
#2953=CARTESIAN_POINT('',(-42.5000005960464,-5.,-38.7500002980232));
#2954=CARTESIAN_POINT('',(-42.5000005960464,-5.,-37.5000005960464));
#2955=CARTESIAN_POINT('Origin',(-37.5000005960464,-5.,-37.5000005960464));
#2956=CARTESIAN_POINT('',(-37.5000005960464,-10.,-37.5000005960464));
#2957=CARTESIAN_POINT('',(-18.8727999293079,-10.,-37.5000005960464));
#2958=CARTESIAN_POINT('',(-37.5000005960464,-5.,-37.5000005960464));
#2959=CARTESIAN_POINT('',(-18.7500002980232,-5.,-37.5000005960464));
#2960=CARTESIAN_POINT('',(-37.5000005960464,-5.,-37.5000005960464));
#2961=CARTESIAN_POINT('Origin',(-37.5000005960464,-5.,-42.5000005960464));
#2962=CARTESIAN_POINT('',(-37.5000005960464,-10.,-42.5000005960464));
#2963=CARTESIAN_POINT('',(-37.5000005960464,-10.,-21.2500002980232));
#2964=CARTESIAN_POINT('',(-37.5000005960464,-5.,-42.5000005960464));
#2965=CARTESIAN_POINT('',(-37.5000005960464,-5.,-41.2500002980232));
#2966=CARTESIAN_POINT('',(-37.5000005960464,-5.,-42.5000005960464));
#2967=CARTESIAN_POINT('Origin',(-42.5000005960464,-5.,-42.5000005960464));
#2968=CARTESIAN_POINT('',(-21.3727999293079,-10.,-42.5000005960464));
#2969=CARTESIAN_POINT('',(-21.2500002980232,-5.,-42.5000005960464));
#2970=CARTESIAN_POINT('Origin',(60.,10.,45.));
#2971=CARTESIAN_POINT('',(60.,0.,45.));
#2972=CARTESIAN_POINT('',(-60.,0.,45.));
#2973=CARTESIAN_POINT('',(29.8772003687153,0.,45.));
#2974=CARTESIAN_POINT('',(60.,-5.,45.));
#2975=CARTESIAN_POINT('',(60.,10.,45.));
#2976=CARTESIAN_POINT('',(35.0000005215406,-5.00000007450581,45.));
#2977=CARTESIAN_POINT('',(60.,-5.,45.));
#2978=CARTESIAN_POINT('',(25.000000372529,-3.00000004470348,45.));
#2979=CARTESIAN_POINT('',(40.5769232660532,-6.11538462340832,45.));
#2980=CARTESIAN_POINT('',(25.000000372529,-5.00000007450581,45.));
#2981=CARTESIAN_POINT('',(25.000000372529,2.4999999627471,45.));
#2982=CARTESIAN_POINT('',(15.0000002235174,-5.00000007450581,45.));
#2983=CARTESIAN_POINT('',(60.,-5.,45.));
#2984=CARTESIAN_POINT('',(5.00000007450581,-3.00000004470348,45.));
#2985=CARTESIAN_POINT('',(30.192307726695,-8.03846157514132,45.));
#2986=CARTESIAN_POINT('',(5.00000007450581,-5.00000007450581,45.));
#2987=CARTESIAN_POINT('',(5.00000007450581,2.4999999627471,45.));
#2988=CARTESIAN_POINT('',(-5.00000007450581,-5.00000007450581,45.));
#2989=CARTESIAN_POINT('',(60.,-5.,45.));
#2990=CARTESIAN_POINT('',(-15.0000002235174,-3.00000004470348,45.));
#2991=CARTESIAN_POINT('',(19.8076921873368,-9.96153852687432,45.));
#2992=CARTESIAN_POINT('',(-15.0000002235174,-5.00000007450581,45.));
#2993=CARTESIAN_POINT('',(-15.0000002235174,2.4999999627471,45.));
#2994=CARTESIAN_POINT('',(-25.000000372529,-5.00000007450581,45.));
#2995=CARTESIAN_POINT('',(60.,-5.,45.));
#2996=CARTESIAN_POINT('',(-35.0000005215406,-3.00000004470348,45.));
#2997=CARTESIAN_POINT('',(9.42307664797856,-11.8846154786073,45.));
#2998=CARTESIAN_POINT('',(-35.0000005215406,-5.00000007450581,45.));
#2999=CARTESIAN_POINT('',(-35.0000005215406,2.4999999627471,45.));
#3000=CARTESIAN_POINT('',(-60.,-5.,45.));
#3001=CARTESIAN_POINT('',(60.,-5.,45.));
#3002=CARTESIAN_POINT('',(-60.,10.,45.));
#3003=CARTESIAN_POINT('Origin',(-60.,10.,40.));
#3004=CARTESIAN_POINT('',(-60.,0.,35.0000005215406));
#3005=CARTESIAN_POINT('Origin',(-60.,0.,40.));
#3006=CARTESIAN_POINT('',(-60.,-5.,35.0000005215406));
#3007=CARTESIAN_POINT('Origin',(-60.,-5.,40.));
#3008=CARTESIAN_POINT('',(-60.,10.,35.0000005215406));
#3009=CARTESIAN_POINT('Origin',(-60.,10.,-45.));
#3010=CARTESIAN_POINT('',(-60.,0.,-45.));
#3011=CARTESIAN_POINT('',(60.,0.,-45.));
#3012=CARTESIAN_POINT('',(-30.1227996312847,0.,-45.));
#3013=CARTESIAN_POINT('',(-60.,-5.,-45.));
#3014=CARTESIAN_POINT('',(-60.,10.,-45.));
#3015=CARTESIAN_POINT('',(-35.0000005215406,-5.00000007450581,-45.));
#3016=CARTESIAN_POINT('',(-60.,-5.,-45.));
#3017=CARTESIAN_POINT('',(-35.0000005215406,-3.00000004470348,-45.));
#3018=CARTESIAN_POINT('',(-35.0000005215406,2.4999999627471,-45.));
#3019=CARTESIAN_POINT('',(-25.000000372529,-5.00000007450581,-45.));
#3020=CARTESIAN_POINT('',(-48.2692310443291,-0.346153940145786,-45.));
#3021=CARTESIAN_POINT('',(-15.0000002235174,-5.00000007450581,-45.));
#3022=CARTESIAN_POINT('',(-60.,-5.,-45.));
#3023=CARTESIAN_POINT('',(-15.0000002235174,-3.00000004470348,-45.));
#3024=CARTESIAN_POINT('',(-15.0000002235174,2.4999999627471,-45.));
#3025=CARTESIAN_POINT('',(-5.00000007450581,-5.00000007450581,-45.));
#3026=CARTESIAN_POINT('',(-37.8846155049709,1.57692301158722,-45.));
#3027=CARTESIAN_POINT('',(5.00000007450581,-5.00000007450581,-45.));
#3028=CARTESIAN_POINT('',(-60.,-5.,-45.));
#3029=CARTESIAN_POINT('',(5.00000007450581,-3.00000004470348,-45.));
#3030=CARTESIAN_POINT('',(5.00000007450581,2.4999999627471,-45.));
#3031=CARTESIAN_POINT('',(15.0000002235174,-5.00000007450581,-45.));
#3032=CARTESIAN_POINT('',(-27.4999999656127,3.49999996332022,-45.));
#3033=CARTESIAN_POINT('',(25.000000372529,-5.00000007450581,-45.));
#3034=CARTESIAN_POINT('',(-60.,-5.,-45.));
#3035=CARTESIAN_POINT('',(25.000000372529,-3.00000004470348,-45.));
#3036=CARTESIAN_POINT('',(25.000000372529,2.4999999627471,-45.));
#3037=CARTESIAN_POINT('',(35.0000005215406,-5.00000007450581,-45.));
#3038=CARTESIAN_POINT('',(-17.1153844262545,5.42307691505322,-45.));
#3039=CARTESIAN_POINT('',(60.,-5.,-45.));
#3040=CARTESIAN_POINT('',(-60.,-5.,-45.));
#3041=CARTESIAN_POINT('',(60.,10.,-45.));
#3042=CARTESIAN_POINT('Origin',(60.,10.,-40.));
#3043=CARTESIAN_POINT('',(60.,0.,-35.0000005215406));
#3044=CARTESIAN_POINT('Origin',(60.,0.,-40.));
#3045=CARTESIAN_POINT('',(60.,-5.,-35.0000005215406));
#3046=CARTESIAN_POINT('Origin',(60.,-5.,-40.));
#3047=CARTESIAN_POINT('',(60.,10.,-35.0000005215406));
#3048=CARTESIAN_POINT('Origin',(5.00000007450581,-3.00000004470348,45.));
#3049=CARTESIAN_POINT('',(5.00000007450581,-3.00000004470348,-35.0000005215406));
#3050=CARTESIAN_POINT('',(15.0000002235174,-5.00000007450581,-35.0000005215406));
#3051=CARTESIAN_POINT('',(30.192307726695,-8.03846157514132,-35.0000005215406));
#3052=CARTESIAN_POINT('',(14.9999998509884,-5.,2.5));
#3053=CARTESIAN_POINT('',(5.00000007450581,-3.00000004470348,45.));
#3054=CARTESIAN_POINT('Origin',(5.00000007450581,-5.00000007450581,45.));
#3055=CARTESIAN_POINT('',(5.00000007450581,-5.00000007450581,-35.0000005215406));
#3056=CARTESIAN_POINT('',(5.00000007450581,2.4999999627471,-35.0000005215406));
#3057=CARTESIAN_POINT('',(5.00000007450581,-5.,2.5));
#3058=CARTESIAN_POINT('Origin',(5.00000007450581,-5.00000007450581,45.));
#3059=CARTESIAN_POINT('',(5.00000007450581,-3.00000004470348,35.0000005215406));
#3060=CARTESIAN_POINT('',(5.00000007450581,-5.00000007450581,35.0000005215406));
#3061=CARTESIAN_POINT('',(5.00000007450581,2.4999999627471,35.0000005215406));
#3062=CARTESIAN_POINT('',(5.00000007450581,-5.,42.5));
#3063=CARTESIAN_POINT('',(5.00000007450581,-3.00000004470348,45.));
#3064=CARTESIAN_POINT('Origin',(5.00000007450581,-3.00000004470348,45.));
#3065=CARTESIAN_POINT('',(15.0000002235174,-5.00000007450581,35.0000005215406));
#3066=CARTESIAN_POINT('',(-27.4999999656127,3.49999996332022,35.0000005215406));
#3067=CARTESIAN_POINT('',(14.9999998509884,-5.,42.5));
#3068=CARTESIAN_POINT('Origin',(25.000000372529,-3.00000004470348,45.));
#3069=CARTESIAN_POINT('',(25.000000372529,-3.00000004470348,-35.0000005215406));
#3070=CARTESIAN_POINT('',(35.0000005215406,-5.00000007450581,-35.0000005215406));
#3071=CARTESIAN_POINT('',(40.5769232660532,-6.11538462340832,-35.0000005215406));
#3072=CARTESIAN_POINT('',(35.0000001490116,-5.,2.5));
#3073=CARTESIAN_POINT('',(25.000000372529,-3.00000004470348,45.));
#3074=CARTESIAN_POINT('Origin',(25.000000372529,-5.00000007450581,45.));
#3075=CARTESIAN_POINT('',(25.000000372529,-5.00000007450581,-35.0000005215406));
#3076=CARTESIAN_POINT('',(25.000000372529,2.4999999627471,-35.0000005215406));
#3077=CARTESIAN_POINT('',(25.000000372529,-5.,2.5));
#3078=CARTESIAN_POINT('Origin',(25.000000372529,-5.00000007450581,45.));
#3079=CARTESIAN_POINT('',(25.000000372529,-3.00000004470348,35.0000005215406));
#3080=CARTESIAN_POINT('',(25.000000372529,-5.00000007450581,35.0000005215406));
#3081=CARTESIAN_POINT('',(25.000000372529,2.4999999627471,35.0000005215406));
#3082=CARTESIAN_POINT('',(25.000000372529,-5.,42.5));
#3083=CARTESIAN_POINT('',(25.000000372529,-3.00000004470348,45.));
#3084=CARTESIAN_POINT('Origin',(25.000000372529,-3.00000004470348,45.));
#3085=CARTESIAN_POINT('',(35.0000005215406,-5.00000007450581,35.0000005215406));
#3086=CARTESIAN_POINT('',(-17.1153844262545,5.42307691505322,35.0000005215406));
#3087=CARTESIAN_POINT('',(35.0000001490116,-5.,42.5));
#3088=CARTESIAN_POINT('Origin',(-15.0000002235174,-3.00000004470348,45.));
#3089=CARTESIAN_POINT('',(-15.0000002235174,-3.00000004470348,-35.0000005215406));
#3090=CARTESIAN_POINT('',(-5.00000007450581,-5.00000007450581,-35.0000005215406));
#3091=CARTESIAN_POINT('',(19.8076921873368,-9.96153852687432,-35.0000005215406));
#3092=CARTESIAN_POINT('',(-5.00000044703484,-5.,2.5));
#3093=CARTESIAN_POINT('',(-15.0000002235174,-3.00000004470348,45.));
#3094=CARTESIAN_POINT('Origin',(-15.0000002235174,-5.00000007450581,45.));
#3095=CARTESIAN_POINT('',(-15.0000002235174,-5.00000007450581,-35.0000005215406));
#3096=CARTESIAN_POINT('',(-15.0000002235174,2.4999999627471,-35.0000005215406));
#3097=CARTESIAN_POINT('',(-15.0000002235174,-5.,2.5));
#3098=CARTESIAN_POINT('Origin',(-15.0000002235174,-5.00000007450581,45.));
#3099=CARTESIAN_POINT('',(-15.0000002235174,-3.00000004470348,35.0000005215406));
#3100=CARTESIAN_POINT('',(-15.0000002235174,-5.00000007450581,35.0000005215406));
#3101=CARTESIAN_POINT('',(-15.0000002235174,2.4999999627471,35.0000005215406));
#3102=CARTESIAN_POINT('',(-15.0000002235174,-5.,42.5));
#3103=CARTESIAN_POINT('',(-15.0000002235174,-3.00000004470348,45.));
#3104=CARTESIAN_POINT('Origin',(-15.0000002235174,-3.00000004470348,45.));
#3105=CARTESIAN_POINT('',(-5.00000007450581,-5.00000007450581,35.0000005215406));
#3106=CARTESIAN_POINT('',(-37.8846155049709,1.57692301158722,35.0000005215406));
#3107=CARTESIAN_POINT('',(-5.00000044703484,-5.,42.5));
#3108=CARTESIAN_POINT('Origin',(-35.0000005215406,-3.00000004470348,45.));
#3109=CARTESIAN_POINT('',(-35.0000005215406,-3.00000004470348,-35.0000005215406));
#3110=CARTESIAN_POINT('',(-25.000000372529,-5.00000007450581,-35.0000005215406));
#3111=CARTESIAN_POINT('',(9.42307664797856,-11.8846154786073,-35.0000005215406));
#3112=CARTESIAN_POINT('',(-25.0000007450581,-5.,2.5));
#3113=CARTESIAN_POINT('',(-35.0000005215406,-3.00000004470348,45.));
#3114=CARTESIAN_POINT('Origin',(-35.0000005215406,-5.00000007450581,45.));
#3115=CARTESIAN_POINT('',(-35.0000005215406,-5.00000007450581,-35.0000005215406));
#3116=CARTESIAN_POINT('',(-35.0000005215406,2.4999999627471,-35.0000005215406));
#3117=CARTESIAN_POINT('',(-35.0000005215406,-5.,2.5));
#3118=CARTESIAN_POINT('Origin',(-35.0000005215406,-5.00000007450581,45.));
#3119=CARTESIAN_POINT('',(-35.0000005215406,-3.00000004470348,35.0000005215406));
#3120=CARTESIAN_POINT('',(-35.0000005215406,-5.00000007450581,35.0000005215406));
#3121=CARTESIAN_POINT('',(-35.0000005215406,2.4999999627471,35.0000005215406));
#3122=CARTESIAN_POINT('',(-35.0000005215406,-5.,42.5));
#3123=CARTESIAN_POINT('',(-35.0000005215406,-3.00000004470348,45.));
#3124=CARTESIAN_POINT('Origin',(-35.0000005215406,-3.00000004470348,45.));
#3125=CARTESIAN_POINT('',(-25.000000372529,-5.00000007450581,35.0000005215406));
#3126=CARTESIAN_POINT('',(-48.2692310443291,-0.346153940145786,35.0000005215406));
#3127=CARTESIAN_POINT('',(-25.0000007450581,-5.,42.5));
#3128=CARTESIAN_POINT('Origin',(0.,-5.,40.));
#3129=CARTESIAN_POINT('',(80.0000011920929,-5.,35.0000005215406));
#3130=CARTESIAN_POINT('Origin',(0.,-5.,40.));
#3131=CARTESIAN_POINT('',(80.0000011920929,-5.,35.0000005215406));
#3132=CARTESIAN_POINT('Origin',(0.,-5.,40.));
#3133=CARTESIAN_POINT('',(60.,-5.,35.0000005215406));
#3134=CARTESIAN_POINT('Origin',(60.,-5.,40.));
#3135=CARTESIAN_POINT('',(80.0000011920929,-5.,35.0000005215406));
#3136=CARTESIAN_POINT('Origin',(0.,-5.,40.));
#3137=CARTESIAN_POINT('',(80.0000011920929,-5.,35.0000005215406));
#3138=CARTESIAN_POINT('Origin',(0.,-5.,40.));
#3139=CARTESIAN_POINT('',(80.0000011920929,-5.,35.0000005215406));
#3140=CARTESIAN_POINT('Origin',(0.,-5.,-40.));
#3141=CARTESIAN_POINT('',(-60.,-5.,-35.0000005215406));
#3142=CARTESIAN_POINT('Origin',(-60.,-5.,-40.));
#3143=CARTESIAN_POINT('',(-80.0000011920929,-5.,-35.0000005215406));
#3144=CARTESIAN_POINT('Origin',(0.,-5.,-40.));
#3145=CARTESIAN_POINT('',(-80.0000011920929,-5.,-35.0000005215406));
#3146=CARTESIAN_POINT('Origin',(0.,-5.,-40.));
#3147=CARTESIAN_POINT('',(-80.0000011920929,-5.,-35.0000005215406));
#3148=CARTESIAN_POINT('Origin',(0.,-5.,-40.));
#3149=CARTESIAN_POINT('',(-80.0000011920929,-5.,-35.0000005215406));
#3150=CARTESIAN_POINT('Origin',(0.,-5.,-40.));
#3151=CARTESIAN_POINT('',(-80.0000011920929,-5.,-35.0000005215406));
#3152=CARTESIAN_POINT('Origin',(-60.,10.,35.0000005215406));
#3153=CARTESIAN_POINT('',(60.,0.,35.0000005215406));
#3154=CARTESIAN_POINT('',(-30.1227996312847,0.,35.0000005215406));
#3155=CARTESIAN_POINT('',(60.,10.,35.0000005215406));
#3156=CARTESIAN_POINT('Origin',(60.,10.,40.));
#3157=CARTESIAN_POINT('Origin',(60.,0.,40.));
#3158=CARTESIAN_POINT('Origin',(60.,10.,-35.0000005215406));
#3159=CARTESIAN_POINT('',(-60.,0.,-35.0000005215406));
#3160=CARTESIAN_POINT('',(29.8772003687153,0.,-35.0000005215406));
#3161=CARTESIAN_POINT('',(-60.,10.,-35.0000005215406));
#3162=CARTESIAN_POINT('Origin',(-60.,10.,-40.));
#3163=CARTESIAN_POINT('Origin',(-60.,0.,-40.));
#3164=CARTESIAN_POINT('Origin',(-70.0000001055499,0.,30.0000004470348));
#3165=CARTESIAN_POINT('',(-70.0000001055499,0.,30.0000004470348));
#3166=CARTESIAN_POINT('',(-60.,0.,30.0000004470348));
#3167=CARTESIAN_POINT('',(-60.,0.,30.0000004470348));
#3168=CARTESIAN_POINT('',(-60.,-10.,30.0000004470348));
#3169=CARTESIAN_POINT('',(-60.,0.,30.0000004470348));
#3170=CARTESIAN_POINT('',(-70.0000001055499,-10.,30.0000004470348));
#3171=CARTESIAN_POINT('',(-60.,-10.,30.0000004470348));
#3172=CARTESIAN_POINT('',(-70.0000001055499,0.,30.0000004470348));
#3173=CARTESIAN_POINT('Origin',(-70.0000001055499,0.,25.0000002359351));
#3174=CARTESIAN_POINT('',(-75.0000003166496,0.,25.0000005525847));
#3175=CARTESIAN_POINT('Origin',(-70.0000001055499,0.,25.0000002359351));
#3176=CARTESIAN_POINT('',(-75.0000003166496,-10.,25.0000005525847));
#3177=CARTESIAN_POINT('Origin',(-70.0000001055499,-10.,25.0000002359351));
#3178=CARTESIAN_POINT('',(-75.0000003166496,0.,25.0000005525847));
#3179=CARTESIAN_POINT('Origin',(-75.0000011610488,0.,-24.9999998944502));
#3180=CARTESIAN_POINT('',(-75.0000011610488,0.,-24.9999998944502));
#3181=CARTESIAN_POINT('',(-75.0000011610488,0.,-24.9999998944502));
#3182=CARTESIAN_POINT('',(-75.0000011610488,-10.,-24.9999998944502));
#3183=CARTESIAN_POINT('',(-75.0000011610488,-10.,-24.9999998944502));
#3184=CARTESIAN_POINT('',(-75.0000011610488,0.,-24.9999998944502));
#3185=CARTESIAN_POINT('Origin',(-70.0000011610488,0.,-25.));
#3186=CARTESIAN_POINT('',(-70.0000011610488,0.,-30.));
#3187=CARTESIAN_POINT('Origin',(-70.0000011610488,0.,-25.));
#3188=CARTESIAN_POINT('',(-70.0000011610488,-10.,-30.));
#3189=CARTESIAN_POINT('Origin',(-70.0000011610488,-10.,-25.));
#3190=CARTESIAN_POINT('',(-70.0000011610488,0.,-30.));
#3191=CARTESIAN_POINT('Origin',(60.,0.,-29.9999999999999));
#3192=CARTESIAN_POINT('',(60.,0.,-30.));
#3193=CARTESIAN_POINT('',(-60.,0.,-30.));
#3194=CARTESIAN_POINT('',(60.,-10.,-30.));
#3195=CARTESIAN_POINT('',(-60.,-10.,-30.));
#3196=CARTESIAN_POINT('',(60.,0.,-30.));
#3197=CARTESIAN_POINT('Origin',(69.9999987185002,0.,-30.000000308172));
#3198=CARTESIAN_POINT('',(69.9999987185002,0.,-30.000000308172));
#3199=CARTESIAN_POINT('',(60.,0.,-30.));
#3200=CARTESIAN_POINT('',(69.9999987185002,-10.,-30.000000308172));
#3201=CARTESIAN_POINT('',(60.,-10.,-30.));
#3202=CARTESIAN_POINT('',(69.9999987185002,0.,-30.000000308172));
#3203=CARTESIAN_POINT('Origin',(69.9999988079071,0.,-25.0000004375302));
#3204=CARTESIAN_POINT('',(74.999998678549,0.,-25.000000397579));
#3205=CARTESIAN_POINT('Origin',(69.9999988079071,0.,-25.0000004375302));
#3206=CARTESIAN_POINT('',(74.999998678549,-10.,-25.000000397579));
#3207=CARTESIAN_POINT('Origin',(69.9999988079071,-10.,-25.0000004375302));
#3208=CARTESIAN_POINT('',(74.999998678549,0.,-25.000000397579));
#3209=CARTESIAN_POINT('Origin',(74.9999984083954,0.,25.0000003176767));
#3210=CARTESIAN_POINT('',(74.9999984083954,0.,25.0000003176767));
#3211=CARTESIAN_POINT('',(74.9999988079071,0.,-25.000000397579));
#3212=CARTESIAN_POINT('',(74.9999984083954,-10.,25.0000003176767));
#3213=CARTESIAN_POINT('',(74.9999988079071,-10.,-25.000000397579));
#3214=CARTESIAN_POINT('',(74.9999984083954,0.,25.0000003176767));
#3215=CARTESIAN_POINT('Origin',(69.9999984083954,0.,25.0000002777255));
#3216=CARTESIAN_POINT('',(69.9999983189885,0.,30.0000002777255));
#3217=CARTESIAN_POINT('Origin',(69.9999984083954,0.,25.0000002777255));
#3218=CARTESIAN_POINT('',(69.9999983189885,-10.,30.0000002777255));
#3219=CARTESIAN_POINT('Origin',(69.9999984083954,-10.,25.0000002777255));
#3220=CARTESIAN_POINT('',(69.9999983189885,0.,30.0000002777255));
#3221=CARTESIAN_POINT('Origin',(60.,0.,30.));
#3222=CARTESIAN_POINT('',(60.,0.,30.));
#3223=CARTESIAN_POINT('',(60.,0.,30.));
#3224=CARTESIAN_POINT('',(60.,-10.,30.));
#3225=CARTESIAN_POINT('',(60.,-10.,30.));
#3226=CARTESIAN_POINT('',(60.,0.,30.));
#3227=CARTESIAN_POINT('Origin',(-40.0023923166695,0.,30.));
#3228=CARTESIAN_POINT('',(-40.0023923166695,0.,30.));
#3229=CARTESIAN_POINT('',(-40.0023923166695,0.,30.));
#3230=CARTESIAN_POINT('',(-40.0023923166695,-10.,30.));
#3231=CARTESIAN_POINT('',(-40.0023923166695,-10.,30.));
#3232=CARTESIAN_POINT('',(-40.0023923166695,0.,30.));
#3233=CARTESIAN_POINT('Origin',(-60.,0.,30.0000004470348));
#3234=CARTESIAN_POINT('',(-40.0023923166695,0.,30.));
#3235=CARTESIAN_POINT('',(-40.0023923166695,-10.,30.));
#3236=CARTESIAN_POINT('Origin',(-100.,0.,-1.86264514923096E-7));
#3237=CARTESIAN_POINT('',(-110.000001639128,-10.,-1.86264516147743E-7));
#3238=CARTESIAN_POINT('Origin',(-100.,-10.,-1.86264514923096E-7));
#3239=CARTESIAN_POINT('',(-110.000001639128,0.,-1.86264516147743E-7));
#3240=CARTESIAN_POINT('',(-110.000001639128,0.,-1.86264516147743E-7));
#3241=CARTESIAN_POINT('Origin',(-100.,0.,-1.86264514923096E-7));
#3242=CARTESIAN_POINT('Origin',(95.0000014156103,0.,0.));
#3243=CARTESIAN_POINT('',(87.5000014156103,-10.,-9.18485099360515E-16));
#3244=CARTESIAN_POINT('Origin',(95.0000014156103,-10.,0.));
#3245=CARTESIAN_POINT('',(87.5000014156103,0.,-9.18485099360515E-16));
#3246=CARTESIAN_POINT('',(87.5000014156103,0.,-9.18485099360515E-16));
#3247=CARTESIAN_POINT('Origin',(95.0000014156103,0.,0.));
#3248=CARTESIAN_POINT('Ctrl Pts',(60.,0.,-50.));
#3249=CARTESIAN_POINT('Ctrl Pts',(60.,-10.,-50.));
#3250=CARTESIAN_POINT('Ctrl Pts',(61.8946889988426,0.,-50.));
#3251=CARTESIAN_POINT('Ctrl Pts',(61.8946889988426,-10.,-50.));
#3252=CARTESIAN_POINT('Ctrl Pts',(65.3294232737679,0.,-49.4794623710115));
#3253=CARTESIAN_POINT('Ctrl Pts',(65.3294232737679,-10.,-49.4794623710115));
#3254=CARTESIAN_POINT('Ctrl Pts',(69.4186951646839,0.,-47.1386600115691));
#3255=CARTESIAN_POINT('Ctrl Pts',(69.4186951646839,-10.,-47.1386600115691));
#3256=CARTESIAN_POINT('Ctrl Pts',(73.1637363544278,0.,-41.5116245191341));
#3257=CARTESIAN_POINT('Ctrl Pts',(73.1637363544278,-10.,-41.5116245191341));
#3258=CARTESIAN_POINT('Ctrl Pts',(76.8362649866803,0.,-32.9971773282566));
#3259=CARTESIAN_POINT('Ctrl Pts',(76.8362649866803,-10.,-32.9971773282566));
#3260=CARTESIAN_POINT('Ctrl Pts',(80.5813061764227,0.,-27.3701418358216));
#3261=CARTESIAN_POINT('Ctrl Pts',(80.5813061764227,-10.,-27.3701418358216));
#3262=CARTESIAN_POINT('Ctrl Pts',(84.6705780673369,0.,-25.0293394763789));
#3263=CARTESIAN_POINT('Ctrl Pts',(84.6705780673369,-10.,-25.0293394763789));
#3264=CARTESIAN_POINT('Ctrl Pts',(88.1053123422619,0.,-24.5088018473904));
#3265=CARTESIAN_POINT('Ctrl Pts',(88.1053123422619,-10.,-24.5088018473904));
#3266=CARTESIAN_POINT('Ctrl Pts',(90.0000013411045,0.,-24.5088018473904));
#3267=CARTESIAN_POINT('Ctrl Pts',(90.0000013411045,-10.,-24.5088018473904));
#3268=CARTESIAN_POINT('',(90.0000013411045,0.,-24.5088018473904));
#3269=CARTESIAN_POINT('',(60.,0.,-50.));
#3270=CARTESIAN_POINT('Ctrl Pts',(90.0000013411045,0.,-24.5088018473904));
#3271=CARTESIAN_POINT('Ctrl Pts',(88.1053123422619,0.,-24.5088018473904));
#3272=CARTESIAN_POINT('Ctrl Pts',(84.6705780673369,0.,-25.0293394763789));
#3273=CARTESIAN_POINT('Ctrl Pts',(80.5813061764227,0.,-27.3701418358216));
#3274=CARTESIAN_POINT('Ctrl Pts',(76.8362649866803,0.,-32.9971773282566));
#3275=CARTESIAN_POINT('Ctrl Pts',(73.1637363544278,0.,-41.5116245191341));
#3276=CARTESIAN_POINT('Ctrl Pts',(69.4186951646839,0.,-47.1386600115691));
#3277=CARTESIAN_POINT('Ctrl Pts',(65.3294232737679,0.,-49.4794623710115));
#3278=CARTESIAN_POINT('Ctrl Pts',(61.8946889988426,0.,-50.));
#3279=CARTESIAN_POINT('Ctrl Pts',(60.,0.,-50.));
#3280=CARTESIAN_POINT('',(90.0000013411045,-10.,-24.5088018473904));
#3281=CARTESIAN_POINT('',(90.0000013411045,0.,-24.5088018473904));
#3282=CARTESIAN_POINT('',(60.,-10.,-50.));
#3283=CARTESIAN_POINT('Ctrl Pts',(60.,-10.,-50.));
#3284=CARTESIAN_POINT('Ctrl Pts',(61.8946889988426,-10.,-50.));
#3285=CARTESIAN_POINT('Ctrl Pts',(65.3294232737679,-10.,-49.4794623710115));
#3286=CARTESIAN_POINT('Ctrl Pts',(69.4186951646839,-10.,-47.1386600115691));
#3287=CARTESIAN_POINT('Ctrl Pts',(73.1637363544278,-10.,-41.5116245191341));
#3288=CARTESIAN_POINT('Ctrl Pts',(76.8362649866803,-10.,-32.9971773282566));
#3289=CARTESIAN_POINT('Ctrl Pts',(80.5813061764227,-10.,-27.3701418358216));
#3290=CARTESIAN_POINT('Ctrl Pts',(84.6705780673369,-10.,-25.0293394763789));
#3291=CARTESIAN_POINT('Ctrl Pts',(88.1053123422619,-10.,-24.5088018473904));
#3292=CARTESIAN_POINT('Ctrl Pts',(90.0000013411045,-10.,-24.5088018473904));
#3293=CARTESIAN_POINT('',(60.,0.,-50.));
#3294=CARTESIAN_POINT('Origin',(-60.,0.,-50.));
#3295=CARTESIAN_POINT('',(-60.,0.,-50.));
#3296=CARTESIAN_POINT('',(60.,0.,-50.));
#3297=CARTESIAN_POINT('',(-60.,-10.,-50.));
#3298=CARTESIAN_POINT('',(60.,-10.,-50.));
#3299=CARTESIAN_POINT('',(-60.,0.,-50.));
#3300=CARTESIAN_POINT('Ctrl Pts',(-80.0000025674304,0.,-44.2750357235476));
#3301=CARTESIAN_POINT('Ctrl Pts',(-80.0000025674304,-10.,-44.2750357235476));
#3302=CARTESIAN_POINT('Ctrl Pts',(-79.2206963270719,0.,-44.593095926141));
#3303=CARTESIAN_POINT('Ctrl Pts',(-79.2206963270719,-10.,-44.593095926141));
#3304=CARTESIAN_POINT('Ctrl Pts',(-77.656044178402,0.,-45.2032229873561));
#3305=CARTESIAN_POINT('Ctrl Pts',(-77.656044178402,-10.,-45.2032229873561));
#3306=CARTESIAN_POINT('Ctrl Pts',(-75.290963251162,0.,-46.0405036970986));
#3307=CARTESIAN_POINT('Ctrl Pts',(-75.290963251162,-10.,-46.0405036970986));
#3308=CARTESIAN_POINT('Ctrl Pts',(-72.1063110813319,0.,-47.0225532859609));
#3309=CARTESIAN_POINT('Ctrl Pts',(-72.1063110813319,-10.,-47.0225532859609));
#3310=CARTESIAN_POINT('Ctrl Pts',(-68.0908700054394,0.,-48.1010935062968));
#3311=CARTESIAN_POINT('Ctrl Pts',(-68.0908700054394,-10.,-48.1010935062968));
#3312=CARTESIAN_POINT('Ctrl Pts',(-64.8615240525794,0.,-48.8907913161369));
#3313=CARTESIAN_POINT('Ctrl Pts',(-64.8615240525794,-10.,-48.8907913161369));
#3314=CARTESIAN_POINT('Ctrl Pts',(-62.4330960695419,0.,-49.4554408442538));
#3315=CARTESIAN_POINT('Ctrl Pts',(-62.4330960695419,-10.,-49.4554408442538));
#3316=CARTESIAN_POINT('Ctrl Pts',(-60.8114767631204,0.,-49.8203943399923));
#3317=CARTESIAN_POINT('Ctrl Pts',(-60.8114767631204,-10.,-49.8203943399923));
#3318=CARTESIAN_POINT('Ctrl Pts',(-60.,0.,-50.));
#3319=CARTESIAN_POINT('Ctrl Pts',(-60.,-10.,-50.));
#3320=CARTESIAN_POINT('',(-80.0000025674304,0.,-44.2750357235476));
#3321=CARTESIAN_POINT('Ctrl Pts',(-80.0000025674304,0.,-44.2750357235476));
#3322=CARTESIAN_POINT('Ctrl Pts',(-79.2206963270719,0.,-44.593095926141));
#3323=CARTESIAN_POINT('Ctrl Pts',(-77.656044178402,0.,-45.2032229873561));
#3324=CARTESIAN_POINT('Ctrl Pts',(-75.290963251162,0.,-46.0405036970986));
#3325=CARTESIAN_POINT('Ctrl Pts',(-72.1063110813319,0.,-47.0225532859609));
#3326=CARTESIAN_POINT('Ctrl Pts',(-68.0908700054394,0.,-48.1010935062968));
#3327=CARTESIAN_POINT('Ctrl Pts',(-64.8615240525794,0.,-48.8907913161369));
#3328=CARTESIAN_POINT('Ctrl Pts',(-62.4330960695419,0.,-49.4554408442538));
#3329=CARTESIAN_POINT('Ctrl Pts',(-60.8114767631204,0.,-49.8203943399923));
#3330=CARTESIAN_POINT('Ctrl Pts',(-60.,0.,-50.));
#3331=CARTESIAN_POINT('',(-80.0000025674304,-10.,-44.2750357235476));
#3332=CARTESIAN_POINT('Ctrl Pts',(-80.0000025674304,-10.,-44.2750357235476));
#3333=CARTESIAN_POINT('Ctrl Pts',(-79.2206963270719,-10.,-44.593095926141));
#3334=CARTESIAN_POINT('Ctrl Pts',(-77.656044178402,-10.,-45.2032229873561));
#3335=CARTESIAN_POINT('Ctrl Pts',(-75.290963251162,-10.,-46.0405036970986));
#3336=CARTESIAN_POINT('Ctrl Pts',(-72.1063110813319,-10.,-47.0225532859609));
#3337=CARTESIAN_POINT('Ctrl Pts',(-68.0908700054394,-10.,-48.1010935062968));
#3338=CARTESIAN_POINT('Ctrl Pts',(-64.8615240525794,-10.,-48.8907913161369));
#3339=CARTESIAN_POINT('Ctrl Pts',(-62.4330960695419,-10.,-49.4554408442538));
#3340=CARTESIAN_POINT('Ctrl Pts',(-60.8114767631204,-10.,-49.8203943399923));
#3341=CARTESIAN_POINT('Ctrl Pts',(-60.,-10.,-50.));
#3342=CARTESIAN_POINT('',(-80.0000025674304,0.,-44.2750357235476));
#3343=CARTESIAN_POINT('Ctrl Pts',(-85.,0.,-39.2566305545794));
#3344=CARTESIAN_POINT('Ctrl Pts',(-85.,-10.,-39.2566305545794));
#3345=CARTESIAN_POINT('Ctrl Pts',(-84.8786742791108,0.,-39.5242789959517));
#3346=CARTESIAN_POINT('Ctrl Pts',(-84.8786742791108,-10.,-39.5242789959517));
#3347=CARTESIAN_POINT('Ctrl Pts',(-84.6130611545748,0.,-40.0400470119974));
#3348=CARTESIAN_POINT('Ctrl Pts',(-84.6130611545748,-10.,-40.0400470119974));
#3349=CARTESIAN_POINT('Ctrl Pts',(-84.1458183876029,0.,-40.7551651397222));
#3350=CARTESIAN_POINT('Ctrl Pts',(-84.1458183876029,-10.,-40.7551651397222));
#3351=CARTESIAN_POINT('Ctrl Pts',(-83.4041699267051,0.,-41.6077374883347));
#3352=CARTESIAN_POINT('Ctrl Pts',(-83.4041699267051,-10.,-41.6077374883347));
#3353=CARTESIAN_POINT('Ctrl Pts',(-82.3454683230664,0.,-42.5614924852452));
#3354=CARTESIAN_POINT('Ctrl Pts',(-82.3454683230664,-10.,-42.5614924852452));
#3355=CARTESIAN_POINT('Ctrl Pts',(-81.4339024966822,0.,-43.2695504437181));
#3356=CARTESIAN_POINT('Ctrl Pts',(-81.4339024966822,-10.,-43.2695504437181));
#3357=CARTESIAN_POINT('Ctrl Pts',(-80.7258261259528,0.,-43.7798400580498));
#3358=CARTESIAN_POINT('Ctrl Pts',(-80.7258261259528,-10.,-43.7798400580498));
#3359=CARTESIAN_POINT('Ctrl Pts',(-80.2436345712926,0.,-44.1114085388829));
#3360=CARTESIAN_POINT('Ctrl Pts',(-80.2436345712926,-10.,-44.1114085388829));
#3361=CARTESIAN_POINT('Ctrl Pts',(-80.0000025674304,0.,-44.2750357235476));
#3362=CARTESIAN_POINT('Ctrl Pts',(-80.0000025674304,-10.,-44.2750357235476));
#3363=CARTESIAN_POINT('',(-85.,0.,-39.2566305545794));
#3364=CARTESIAN_POINT('Ctrl Pts',(-85.,0.,-39.2566305545794));
#3365=CARTESIAN_POINT('Ctrl Pts',(-84.8786742791108,0.,-39.5242789959517));
#3366=CARTESIAN_POINT('Ctrl Pts',(-84.6130611545748,0.,-40.0400470119974));
#3367=CARTESIAN_POINT('Ctrl Pts',(-84.1458183876029,0.,-40.7551651397222));
#3368=CARTESIAN_POINT('Ctrl Pts',(-83.4041699267051,0.,-41.6077374883347));
#3369=CARTESIAN_POINT('Ctrl Pts',(-82.3454683230664,0.,-42.5614924852452));
#3370=CARTESIAN_POINT('Ctrl Pts',(-81.4339024966822,0.,-43.2695504437181));
#3371=CARTESIAN_POINT('Ctrl Pts',(-80.7258261259528,0.,-43.7798400580498));
#3372=CARTESIAN_POINT('Ctrl Pts',(-80.2436345712926,0.,-44.1114085388829));
#3373=CARTESIAN_POINT('Ctrl Pts',(-80.0000025674304,0.,-44.2750357235476));
#3374=CARTESIAN_POINT('',(-85.,-10.,-39.2566305545794));
#3375=CARTESIAN_POINT('Ctrl Pts',(-85.,-10.,-39.2566305545794));
#3376=CARTESIAN_POINT('Ctrl Pts',(-84.8786742791108,-10.,-39.5242789959517));
#3377=CARTESIAN_POINT('Ctrl Pts',(-84.6130611545748,-10.,-40.0400470119974));
#3378=CARTESIAN_POINT('Ctrl Pts',(-84.1458183876029,-10.,-40.7551651397222));
#3379=CARTESIAN_POINT('Ctrl Pts',(-83.4041699267051,-10.,-41.6077374883347));
#3380=CARTESIAN_POINT('Ctrl Pts',(-82.3454683230664,-10.,-42.5614924852452));
#3381=CARTESIAN_POINT('Ctrl Pts',(-81.4339024966822,-10.,-43.2695504437181));
#3382=CARTESIAN_POINT('Ctrl Pts',(-80.7258261259528,-10.,-43.7798400580498));
#3383=CARTESIAN_POINT('Ctrl Pts',(-80.2436345712926,-10.,-44.1114085388829));
#3384=CARTESIAN_POINT('Ctrl Pts',(-80.0000025674304,-10.,-44.2750357235476));
#3385=CARTESIAN_POINT('',(-85.,0.,-39.2566305545794));
#3386=CARTESIAN_POINT('Ctrl Pts',(-95.0000014156103,0.,-20.0000002980232));
#3387=CARTESIAN_POINT('Ctrl Pts',(-95.0000014156103,-10.,-20.0000002980232));
#3388=CARTESIAN_POINT('Ctrl Pts',(-93.8977626602107,0.,-20.0000002980232));
#3389=CARTESIAN_POINT('Ctrl Pts',(-93.8977626602107,-10.,-20.0000002980232));
#3390=CARTESIAN_POINT('Ctrl Pts',(-91.9472069337005,0.,-20.28193016713));
#3391=CARTESIAN_POINT('Ctrl Pts',(-91.9472069337005,-10.,-20.28193016713));
#3392=CARTESIAN_POINT('Ctrl Pts',(-89.7824068226126,0.,-21.549799357085));
#3393=CARTESIAN_POINT('Ctrl Pts',(-89.7824068226126,-10.,-21.549799357085));
#3394=CARTESIAN_POINT('Ctrl Pts',(-88.1677747727825,0.,-24.6500664750666));
#3395=CARTESIAN_POINT('Ctrl Pts',(-88.1677747727825,-10.,-24.6500664750666));
#3396=CARTESIAN_POINT('Ctrl Pts',(-87.2749792919171,0.,-29.7564736455028));
#3397=CARTESIAN_POINT('Ctrl Pts',(-87.2749792919171,-10.,-29.7564736455028));
#3398=CARTESIAN_POINT('Ctrl Pts',(-86.6933229687869,0.,-33.9560943014225));
#3399=CARTESIAN_POINT('Ctrl Pts',(-86.6933229687869,-10.,-33.9560943014225));
#3400=CARTESIAN_POINT('Ctrl Pts',(-85.9926184558446,0.,-36.7821401591327));
#3401=CARTESIAN_POINT('Ctrl Pts',(-85.9926184558446,-10.,-36.7821401591327));
#3402=CARTESIAN_POINT('Ctrl Pts',(-85.3587042662925,0.,-38.4653174094099));
#3403=CARTESIAN_POINT('Ctrl Pts',(-85.3587042662925,-10.,-38.4653174094099));
#3404=CARTESIAN_POINT('Ctrl Pts',(-85.,0.,-39.2566305545794));
#3405=CARTESIAN_POINT('Ctrl Pts',(-85.,-10.,-39.2566305545794));
#3406=CARTESIAN_POINT('',(-95.0000014156103,0.,-20.0000002980232));
#3407=CARTESIAN_POINT('Ctrl Pts',(-85.,0.,-39.2566305545794));
#3408=CARTESIAN_POINT('Ctrl Pts',(-85.3587042662925,0.,-38.4653174094099));
#3409=CARTESIAN_POINT('Ctrl Pts',(-85.9926184558446,0.,-36.7821401591327));
#3410=CARTESIAN_POINT('Ctrl Pts',(-86.6933229687869,0.,-33.9560943014225));
#3411=CARTESIAN_POINT('Ctrl Pts',(-87.2749792919171,0.,-29.7564736455028));
#3412=CARTESIAN_POINT('Ctrl Pts',(-88.1677747727825,0.,-24.6500664750666));
#3413=CARTESIAN_POINT('Ctrl Pts',(-89.7824068226126,0.,-21.549799357085));
#3414=CARTESIAN_POINT('Ctrl Pts',(-91.9472069337005,0.,-20.28193016713));
#3415=CARTESIAN_POINT('Ctrl Pts',(-93.8977626602107,0.,-20.0000002980232));
#3416=CARTESIAN_POINT('Ctrl Pts',(-95.0000014156103,0.,-20.0000002980232));
#3417=CARTESIAN_POINT('',(-95.0000014156103,-10.,-20.0000002980232));
#3418=CARTESIAN_POINT('Ctrl Pts',(-95.0000014156103,-10.,-20.0000002980232));
#3419=CARTESIAN_POINT('Ctrl Pts',(-93.8977626602107,-10.,-20.0000002980232));
#3420=CARTESIAN_POINT('Ctrl Pts',(-91.9472069337005,-10.,-20.28193016713));
#3421=CARTESIAN_POINT('Ctrl Pts',(-89.7824068226126,-10.,-21.549799357085));
#3422=CARTESIAN_POINT('Ctrl Pts',(-88.1677747727825,-10.,-24.6500664750666));
#3423=CARTESIAN_POINT('Ctrl Pts',(-87.2749792919171,-10.,-29.7564736455028));
#3424=CARTESIAN_POINT('Ctrl Pts',(-86.6933229687869,-10.,-33.9560943014225));
#3425=CARTESIAN_POINT('Ctrl Pts',(-85.9926184558446,-10.,-36.7821401591327));
#3426=CARTESIAN_POINT('Ctrl Pts',(-85.3587042662925,-10.,-38.4653174094099));
#3427=CARTESIAN_POINT('Ctrl Pts',(-85.,-10.,-39.2566305545794));
#3428=CARTESIAN_POINT('',(-95.0000014156103,0.,-20.0000002980232));
#3429=CARTESIAN_POINT('Origin',(-95.0000014156103,0.,0.));
#3430=CARTESIAN_POINT('',(-95.0000014156103,0.,20.0000002980232));
#3431=CARTESIAN_POINT('Origin',(-95.0000014156103,0.,0.));
#3432=CARTESIAN_POINT('',(-95.0000014156103,-10.,20.0000002980232));
#3433=CARTESIAN_POINT('Origin',(-95.0000014156103,-10.,0.));
#3434=CARTESIAN_POINT('',(-95.0000014156103,0.,20.0000002980232));
#3435=CARTESIAN_POINT('Ctrl Pts',(-85.,0.,39.2566302342432));
#3436=CARTESIAN_POINT('Ctrl Pts',(-85.,-10.,39.2566302342432));
#3437=CARTESIAN_POINT('Ctrl Pts',(-85.4139525817338,0.,38.3434377430485));
#3438=CARTESIAN_POINT('Ctrl Pts',(-85.4139525817338,-10.,38.3434377430485));
#3439=CARTESIAN_POINT('Ctrl Pts',(-86.1140517561252,0.,36.4615800886273));
#3440=CARTESIAN_POINT('Ctrl Pts',(-86.1140517561252,-10.,36.4615800886273));
#3441=CARTESIAN_POINT('Ctrl Pts',(-86.7812452186808,0.,33.4726177857752));
#3442=CARTESIAN_POINT('Ctrl Pts',(-86.7812452186808,-10.,33.4726177857752));
#3443=CARTESIAN_POINT('Ctrl Pts',(-87.1124951608719,0.,29.2808784575426));
#3444=CARTESIAN_POINT('Ctrl Pts',(-87.1124951608719,-10.,29.2808784575426));
#3445=CARTESIAN_POINT('Ctrl Pts',(-87.6283444916101,0.,24.3786424283809));
#3446=CARTESIAN_POINT('Ctrl Pts',(-87.6283444916101,-10.,24.3786424283809));
#3447=CARTESIAN_POINT('Ctrl Pts',(-89.1516707083123,0.,21.4555808696785));
#3448=CARTESIAN_POINT('Ctrl Pts',(-89.1516707083123,-10.,21.4555808696785));
#3449=CARTESIAN_POINT('Ctrl Pts',(-91.5084620782085,0.,20.264788155737));
#3450=CARTESIAN_POINT('Ctrl Pts',(-91.5084620782085,-10.,20.264788155737));
#3451=CARTESIAN_POINT('Ctrl Pts',(-93.7279939920875,0.,20.0000002980232));
#3452=CARTESIAN_POINT('Ctrl Pts',(-93.7279939920875,-10.,20.0000002980232));
#3453=CARTESIAN_POINT('Ctrl Pts',(-95.0000014156103,0.,20.0000002980232));
#3454=CARTESIAN_POINT('Ctrl Pts',(-95.0000014156103,-10.,20.0000002980232));
#3455=CARTESIAN_POINT('',(-85.,0.,39.2566302342432));
#3456=CARTESIAN_POINT('Ctrl Pts',(-95.0000014156103,0.,20.0000002980232));
#3457=CARTESIAN_POINT('Ctrl Pts',(-93.7279939920875,0.,20.0000002980232));
#3458=CARTESIAN_POINT('Ctrl Pts',(-91.5084620782085,0.,20.264788155737));
#3459=CARTESIAN_POINT('Ctrl Pts',(-89.1516707083123,0.,21.4555808696785));
#3460=CARTESIAN_POINT('Ctrl Pts',(-87.6283444916101,0.,24.3786424283809));
#3461=CARTESIAN_POINT('Ctrl Pts',(-87.1124951608719,0.,29.2808784575426));
#3462=CARTESIAN_POINT('Ctrl Pts',(-86.7812452186808,0.,33.4726177857752));
#3463=CARTESIAN_POINT('Ctrl Pts',(-86.1140517561252,0.,36.4615800886273));
#3464=CARTESIAN_POINT('Ctrl Pts',(-85.4139525817338,0.,38.3434377430485));
#3465=CARTESIAN_POINT('Ctrl Pts',(-85.,0.,39.2566302342432));
#3466=CARTESIAN_POINT('',(-85.,-10.,39.2566302342432));
#3467=CARTESIAN_POINT('Ctrl Pts',(-85.,-10.,39.2566302342432));
#3468=CARTESIAN_POINT('Ctrl Pts',(-85.4139525817338,-10.,38.3434377430485));
#3469=CARTESIAN_POINT('Ctrl Pts',(-86.1140517561252,-10.,36.4615800886273));
#3470=CARTESIAN_POINT('Ctrl Pts',(-86.7812452186808,-10.,33.4726177857752));
#3471=CARTESIAN_POINT('Ctrl Pts',(-87.1124951608719,-10.,29.2808784575426));
#3472=CARTESIAN_POINT('Ctrl Pts',(-87.6283444916101,-10.,24.3786424283809));
#3473=CARTESIAN_POINT('Ctrl Pts',(-89.1516707083123,-10.,21.4555808696785));
#3474=CARTESIAN_POINT('Ctrl Pts',(-91.5084620782085,-10.,20.264788155737));
#3475=CARTESIAN_POINT('Ctrl Pts',(-93.7279939920875,-10.,20.0000002980232));
#3476=CARTESIAN_POINT('Ctrl Pts',(-95.0000014156103,-10.,20.0000002980232));
#3477=CARTESIAN_POINT('',(-85.,0.,39.2566302342432));
#3478=CARTESIAN_POINT('Ctrl Pts',(-80.0000015119305,0.,44.2750361543306));
#3479=CARTESIAN_POINT('Ctrl Pts',(-80.0000015119305,-10.,44.2750361543306));
#3480=CARTESIAN_POINT('Ctrl Pts',(-80.2436335563381,0.,44.1114089434761));
#3481=CARTESIAN_POINT('Ctrl Pts',(-80.2436335563381,-10.,44.1114089434761));
#3482=CARTESIAN_POINT('Ctrl Pts',(-80.7258251922838,0.,43.779840409815));
#3483=CARTESIAN_POINT('Ctrl Pts',(-80.7258251922838,-10.,43.779840409815));
#3484=CARTESIAN_POINT('Ctrl Pts',(-81.4339016855252,0.,43.269550714897));
#3485=CARTESIAN_POINT('Ctrl Pts',(-81.4339016855252,-10.,43.269550714897));
#3486=CARTESIAN_POINT('Ctrl Pts',(-82.3454676765074,0.,42.5614926461002));
#3487=CARTESIAN_POINT('Ctrl Pts',(-82.3454676765074,-10.,42.5614926461002));
#3488=CARTESIAN_POINT('Ctrl Pts',(-83.4041694889933,0.,41.6077375041499));
#3489=CARTESIAN_POINT('Ctrl Pts',(-83.4041694889933,-10.,41.6077375041499));
#3490=CARTESIAN_POINT('Ctrl Pts',(-84.1458181210108,0.,40.7551650302027));
#3491=CARTESIAN_POINT('Ctrl Pts',(-84.1458181210108,-10.,40.7551650302027));
#3492=CARTESIAN_POINT('Ctrl Pts',(-84.6130610197381,0.,40.0400468006158));
#3493=CARTESIAN_POINT('Ctrl Pts',(-84.6130610197381,-10.,40.0400468006158));
#3494=CARTESIAN_POINT('Ctrl Pts',(-84.8786742338715,0.,39.5242787126097));
#3495=CARTESIAN_POINT('Ctrl Pts',(-84.8786742338715,-10.,39.5242787126097));
#3496=CARTESIAN_POINT('Ctrl Pts',(-85.,0.,39.2566302342432));
#3497=CARTESIAN_POINT('Ctrl Pts',(-85.,-10.,39.2566302342432));
#3498=CARTESIAN_POINT('',(-80.0000015119305,0.,44.2750361543306));
#3499=CARTESIAN_POINT('Ctrl Pts',(-85.,0.,39.2566302342432));
#3500=CARTESIAN_POINT('Ctrl Pts',(-84.8786742338715,0.,39.5242787126097));
#3501=CARTESIAN_POINT('Ctrl Pts',(-84.6130610197381,0.,40.0400468006158));
#3502=CARTESIAN_POINT('Ctrl Pts',(-84.1458181210108,0.,40.7551650302027));
#3503=CARTESIAN_POINT('Ctrl Pts',(-83.4041694889933,0.,41.6077375041499));
#3504=CARTESIAN_POINT('Ctrl Pts',(-82.3454676765074,0.,42.5614926461002));
#3505=CARTESIAN_POINT('Ctrl Pts',(-81.4339016855252,0.,43.269550714897));
#3506=CARTESIAN_POINT('Ctrl Pts',(-80.7258251922838,0.,43.779840409815));
#3507=CARTESIAN_POINT('Ctrl Pts',(-80.2436335563381,0.,44.1114089434761));
#3508=CARTESIAN_POINT('Ctrl Pts',(-80.0000015119305,0.,44.2750361543306));
#3509=CARTESIAN_POINT('',(-80.0000015119305,-10.,44.2750361543306));
#3510=CARTESIAN_POINT('Ctrl Pts',(-80.0000015119305,-10.,44.2750361543306));
#3511=CARTESIAN_POINT('Ctrl Pts',(-80.2436335563381,-10.,44.1114089434761));
#3512=CARTESIAN_POINT('Ctrl Pts',(-80.7258251922838,-10.,43.779840409815));
#3513=CARTESIAN_POINT('Ctrl Pts',(-81.4339016855252,-10.,43.269550714897));
#3514=CARTESIAN_POINT('Ctrl Pts',(-82.3454676765074,-10.,42.5614926461002));
#3515=CARTESIAN_POINT('Ctrl Pts',(-83.4041694889933,-10.,41.6077375041499));
#3516=CARTESIAN_POINT('Ctrl Pts',(-84.1458181210108,-10.,40.7551650302027));
#3517=CARTESIAN_POINT('Ctrl Pts',(-84.6130610197381,-10.,40.0400468006158));
#3518=CARTESIAN_POINT('Ctrl Pts',(-84.8786742338715,-10.,39.5242787126097));
#3519=CARTESIAN_POINT('Ctrl Pts',(-85.,-10.,39.2566302342432));
#3520=CARTESIAN_POINT('',(-80.0000015119305,0.,44.2750361543306));
#3521=CARTESIAN_POINT('Ctrl Pts',(-60.,0.,50.));
#3522=CARTESIAN_POINT('Ctrl Pts',(-60.,-10.,50.));
#3523=CARTESIAN_POINT('Ctrl Pts',(-60.8114767214363,0.,49.8203943595297));
#3524=CARTESIAN_POINT('Ctrl Pts',(-60.8114767214363,-10.,49.8203943595297));
#3525=CARTESIAN_POINT('Ctrl Pts',(-62.4330959444273,0.,49.4554409025982));
#3526=CARTESIAN_POINT('Ctrl Pts',(-62.4330959444273,-10.,49.4554409025982));
#3527=CARTESIAN_POINT('Ctrl Pts',(-64.8615238021324,0.,48.890791431888));
#3528=CARTESIAN_POINT('Ctrl Pts',(-64.8615238021324,-10.,48.890791431888));
#3529=CARTESIAN_POINT('Ctrl Pts',(-68.090869587483,0.,48.101093696871));
#3530=CARTESIAN_POINT('Ctrl Pts',(-68.090869587483,-10.,48.101093696871));
#3531=CARTESIAN_POINT('Ctrl Pts',(-72.106310452997,0.,47.0225535657959));
#3532=CARTESIAN_POINT('Ctrl Pts',(-72.106310452997,-10.,47.0225535657959));
#3533=CARTESIAN_POINT('Ctrl Pts',(-75.2909624532306,0.,46.040504042775));
#3534=CARTESIAN_POINT('Ctrl Pts',(-75.2909624532306,-10.,46.040504042775));
#3535=CARTESIAN_POINT('Ctrl Pts',(-77.6560432521799,0.,45.2032233777086));
#3536=CARTESIAN_POINT('Ctrl Pts',(-77.6560432521799,-10.,45.2032233777086));
#3537=CARTESIAN_POINT('Ctrl Pts',(-79.2206953147587,0.,44.5930963438519));
#3538=CARTESIAN_POINT('Ctrl Pts',(-79.2206953147587,-10.,44.5930963438519));
#3539=CARTESIAN_POINT('Ctrl Pts',(-80.0000015119305,0.,44.2750361543306));
#3540=CARTESIAN_POINT('Ctrl Pts',(-80.0000015119305,-10.,44.2750361543306));
#3541=CARTESIAN_POINT('',(-60.,0.,50.));
#3542=CARTESIAN_POINT('Ctrl Pts',(-80.0000015119305,0.,44.2750361543306));
#3543=CARTESIAN_POINT('Ctrl Pts',(-79.2206953147587,0.,44.5930963438519));
#3544=CARTESIAN_POINT('Ctrl Pts',(-77.6560432521799,0.,45.2032233777086));
#3545=CARTESIAN_POINT('Ctrl Pts',(-75.2909624532306,0.,46.040504042775));
#3546=CARTESIAN_POINT('Ctrl Pts',(-72.106310452997,0.,47.0225535657959));
#3547=CARTESIAN_POINT('Ctrl Pts',(-68.090869587483,0.,48.101093696871));
#3548=CARTESIAN_POINT('Ctrl Pts',(-64.8615238021324,0.,48.890791431888));
#3549=CARTESIAN_POINT('Ctrl Pts',(-62.4330959444273,0.,49.4554409025982));
#3550=CARTESIAN_POINT('Ctrl Pts',(-60.8114767214363,0.,49.8203943595297));
#3551=CARTESIAN_POINT('Ctrl Pts',(-60.,0.,50.));
#3552=CARTESIAN_POINT('',(-60.,-10.,50.));
#3553=CARTESIAN_POINT('Ctrl Pts',(-60.,-10.,50.));
#3554=CARTESIAN_POINT('Ctrl Pts',(-60.8114767214363,-10.,49.8203943595297));
#3555=CARTESIAN_POINT('Ctrl Pts',(-62.4330959444273,-10.,49.4554409025982));
#3556=CARTESIAN_POINT('Ctrl Pts',(-64.8615238021324,-10.,48.890791431888));
#3557=CARTESIAN_POINT('Ctrl Pts',(-68.090869587483,-10.,48.101093696871));
#3558=CARTESIAN_POINT('Ctrl Pts',(-72.106310452997,-10.,47.0225535657959));
#3559=CARTESIAN_POINT('Ctrl Pts',(-75.2909624532306,-10.,46.040504042775));
#3560=CARTESIAN_POINT('Ctrl Pts',(-77.6560432521799,-10.,45.2032233777086));
#3561=CARTESIAN_POINT('Ctrl Pts',(-79.2206953147587,-10.,44.5930963438519));
#3562=CARTESIAN_POINT('Ctrl Pts',(-80.0000015119305,-10.,44.2750361543306));
#3563=CARTESIAN_POINT('',(-60.,0.,50.));
#3564=CARTESIAN_POINT('Origin',(60.,0.,50.));
#3565=CARTESIAN_POINT('',(60.,0.,50.));
#3566=CARTESIAN_POINT('',(60.,0.,50.));
#3567=CARTESIAN_POINT('',(60.,-10.,50.));
#3568=CARTESIAN_POINT('',(60.,-10.,50.));
#3569=CARTESIAN_POINT('',(60.,0.,50.));
#3570=CARTESIAN_POINT('Ctrl Pts',(90.0000013411045,0.,24.5088018473904));
#3571=CARTESIAN_POINT('Ctrl Pts',(90.0000013411045,-10.,24.5088018473904));
#3572=CARTESIAN_POINT('Ctrl Pts',(88.1053123422619,0.,24.5088018473904));
#3573=CARTESIAN_POINT('Ctrl Pts',(88.1053123422619,-10.,24.5088018473904));
#3574=CARTESIAN_POINT('Ctrl Pts',(84.6705780673369,0.,25.0293394763789));
#3575=CARTESIAN_POINT('Ctrl Pts',(84.6705780673369,-10.,25.0293394763789));
#3576=CARTESIAN_POINT('Ctrl Pts',(80.5813061764227,0.,27.3701418358216));
#3577=CARTESIAN_POINT('Ctrl Pts',(80.5813061764227,-10.,27.3701418358216));
#3578=CARTESIAN_POINT('Ctrl Pts',(76.8362649866803,0.,32.9971773282566));
#3579=CARTESIAN_POINT('Ctrl Pts',(76.8362649866803,-10.,32.9971773282566));
#3580=CARTESIAN_POINT('Ctrl Pts',(73.1637363544278,0.,41.5116245191341));
#3581=CARTESIAN_POINT('Ctrl Pts',(73.1637363544278,-10.,41.5116245191341));
#3582=CARTESIAN_POINT('Ctrl Pts',(69.4186951646839,0.,47.1386600115691));
#3583=CARTESIAN_POINT('Ctrl Pts',(69.4186951646839,-10.,47.1386600115691));
#3584=CARTESIAN_POINT('Ctrl Pts',(65.3294232737679,0.,49.4794623710115));
#3585=CARTESIAN_POINT('Ctrl Pts',(65.3294232737679,-10.,49.4794623710115));
#3586=CARTESIAN_POINT('Ctrl Pts',(61.8946889988426,0.,50.));
#3587=CARTESIAN_POINT('Ctrl Pts',(61.8946889988426,-10.,50.));
#3588=CARTESIAN_POINT('Ctrl Pts',(60.,0.,50.));
#3589=CARTESIAN_POINT('Ctrl Pts',(60.,-10.,50.));
#3590=CARTESIAN_POINT('',(90.0000013411045,0.,24.5088018473904));
#3591=CARTESIAN_POINT('Ctrl Pts',(90.0000013411045,0.,24.5088018473904));
#3592=CARTESIAN_POINT('Ctrl Pts',(88.1053123422619,0.,24.5088018473904));
#3593=CARTESIAN_POINT('Ctrl Pts',(84.6705780673369,0.,25.0293394763789));
#3594=CARTESIAN_POINT('Ctrl Pts',(80.5813061764227,0.,27.3701418358216));
#3595=CARTESIAN_POINT('Ctrl Pts',(76.8362649866803,0.,32.9971773282566));
#3596=CARTESIAN_POINT('Ctrl Pts',(73.1637363544278,0.,41.5116245191341));
#3597=CARTESIAN_POINT('Ctrl Pts',(69.4186951646839,0.,47.1386600115691));
#3598=CARTESIAN_POINT('Ctrl Pts',(65.3294232737679,0.,49.4794623710115));
#3599=CARTESIAN_POINT('Ctrl Pts',(61.8946889988426,0.,50.));
#3600=CARTESIAN_POINT('Ctrl Pts',(60.,0.,50.));
#3601=CARTESIAN_POINT('',(90.0000013411045,-10.,24.5088018473904));
#3602=CARTESIAN_POINT('Ctrl Pts',(90.0000013411045,-10.,24.5088018473904));
#3603=CARTESIAN_POINT('Ctrl Pts',(88.1053123422619,-10.,24.5088018473904));
#3604=CARTESIAN_POINT('Ctrl Pts',(84.6705780673369,-10.,25.0293394763789));
#3605=CARTESIAN_POINT('Ctrl Pts',(80.5813061764227,-10.,27.3701418358216));
#3606=CARTESIAN_POINT('Ctrl Pts',(76.8362649866803,-10.,32.9971773282566));
#3607=CARTESIAN_POINT('Ctrl Pts',(73.1637363544278,-10.,41.5116245191341));
#3608=CARTESIAN_POINT('Ctrl Pts',(69.4186951646839,-10.,47.1386600115691));
#3609=CARTESIAN_POINT('Ctrl Pts',(65.3294232737679,-10.,49.4794623710115));
#3610=CARTESIAN_POINT('Ctrl Pts',(61.8946889988426,-10.,50.));
#3611=CARTESIAN_POINT('Ctrl Pts',(60.,-10.,50.));
#3612=CARTESIAN_POINT('',(90.0000013411045,0.,24.5088018473904));
#3613=CARTESIAN_POINT('Origin',(90.0000013411045,0.,0.));
#3614=CARTESIAN_POINT('Origin',(90.0000013411045,0.,0.));
#3615=CARTESIAN_POINT('Origin',(90.0000013411045,-10.,0.));
#3616=CARTESIAN_POINT('Origin',(-0.245599262569307,-10.,0.));
#3617=CARTESIAN_POINT('Origin',(-0.245599262569307,0.,0.));
#3618=UNCERTAINTY_MEASURE_WITH_UNIT(LENGTH_MEASURE(0.01),#3622,
'DISTANCE_ACCURACY_VALUE',
'Maximum model space distance between geometric entities at asserted c
onnectivities');
#3619=UNCERTAINTY_MEASURE_WITH_UNIT(LENGTH_MEASURE(0.01),#3622,
'DISTANCE_ACCURACY_VALUE',
'Maximum model space distance between geometric entities at asserted c
onnectivities');
#3620=(
GEOMETRIC_REPRESENTATION_CONTEXT(3)
GLOBAL_UNCERTAINTY_ASSIGNED_CONTEXT((#3618))
GLOBAL_UNIT_ASSIGNED_CONTEXT((#3622,#3624,#3625))
REPRESENTATION_CONTEXT('','3D')
);
#3621=(
GEOMETRIC_REPRESENTATION_CONTEXT(3)
GLOBAL_UNCERTAINTY_ASSIGNED_CONTEXT((#3619))
GLOBAL_UNIT_ASSIGNED_CONTEXT((#3622,#3624,#3625))
REPRESENTATION_CONTEXT('','3D')
);
#3622=(
LENGTH_UNIT()
NAMED_UNIT(*)
SI_UNIT(.MILLI.,.METRE.)
);
#3623=(
LENGTH_UNIT()
NAMED_UNIT(*)
SI_UNIT($,.METRE.)
);
#3624=(
NAMED_UNIT(*)
PLANE_ANGLE_UNIT()
SI_UNIT($,.RADIAN.)
);
#3625=(
NAMED_UNIT(*)
SI_UNIT($,.STERADIAN.)
SOLID_ANGLE_UNIT()
);
#3626=SHAPE_DEFINITION_REPRESENTATION(#3627,#3628);
#3627=PRODUCT_DEFINITION_SHAPE('',$,#3630);
#3628=SHAPE_REPRESENTATION('',(#2118),#3620);
#3629=PRODUCT_DEFINITION_CONTEXT('part definition',#3634,'design');
#3630=PRODUCT_DEFINITION('2026-03-31-12-27-38-326','Slider',#3631,#3629);
#3631=PRODUCT_DEFINITION_FORMATION('',$,#3636);
#3632=PRODUCT_RELATED_PRODUCT_CATEGORY('Slider','Slider',(#3636));
#3633=APPLICATION_PROTOCOL_DEFINITION('international standard',
'automotive_design',2009,#3634);
#3634=APPLICATION_CONTEXT(
'Core Data for Automotive Mechanical Design Process');
#3635=PRODUCT_CONTEXT('part definition',#3634,'mechanical');
#3636=PRODUCT('2026-03-31-12-27-38-326','Slider',$,(#3635));
#3637=PRESENTATION_STYLE_ASSIGNMENT((#3638));
#3638=SURFACE_STYLE_USAGE(.BOTH.,#3639);
#3639=SURFACE_SIDE_STYLE('',(#3640));
#3640=SURFACE_STYLE_FILL_AREA(#3641);
#3641=FILL_AREA_STYLE('Steel - Satin',(#3642));
#3642=FILL_AREA_STYLE_COLOUR('Steel - Satin',#3643);
#3643=COLOUR_RGB('Steel - Satin',0.627450980392157,0.627450980392157,0.627450980392157);
ENDSEC;
END-ISO-10303-21;
