ISO-10303-21;
HEADER;
/* Generated by software containing ST-Developer
 * from STEP Tools, Inc. (www.steptools.com) 
 */

FILE_DESCRIPTION(
/* description */ (''),
/* implementation_level */ '2;1');

FILE_NAME(
/* name */ 'Top Part.step',
/* time_stamp */ '2026-04-01T23:23:57+02:00',
/* author */ (''),
/* organization */ (''),
/* preprocessor_version */ 'ST-DEVELOPER v20.1',
/* originating_system */ 'Autodesk Translation Framework v14.24.0.0',
/* authorisation */ '');

FILE_SCHEMA (('AUTOMOTIVE_DESIGN { 1 0 10303 214 3 1 1 }'));
ENDSEC;

DATA;
#10=MECHANICAL_DESIGN_GEOMETRIC_PRESENTATION_REPRESENTATION('',(#13),#8677);
#11=SHAPE_REPRESENTATION_RELATIONSHIP('SRR','None',#8684,#12);
#12=ADVANCED_BREP_SHAPE_REPRESENTATION('',(#14),#8676);
#13=STYLED_ITEM('',(#8693),#14);
#14=MANIFOLD_SOLID_BREP('Top Part',#4739);
#15=FACE_BOUND('',#855,.T.);
#16=FACE_BOUND('',#863,.T.);
#17=FACE_BOUND('',#864,.T.);
#18=FACE_BOUND('',#869,.T.);
#19=FACE_BOUND('',#870,.T.);
#20=FACE_BOUND('',#872,.T.);
#21=FACE_BOUND('',#873,.T.);
#22=FACE_BOUND('',#880,.T.);
#23=FACE_BOUND('',#883,.T.);
#24=FACE_BOUND('',#886,.T.);
#25=FACE_BOUND('',#889,.T.);
#26=FACE_BOUND('',#891,.T.);
#27=FACE_BOUND('',#892,.T.);
#28=FACE_BOUND('',#904,.T.);
#29=FACE_BOUND('',#923,.T.);
#30=FACE_BOUND('',#924,.T.);
#31=FACE_BOUND('',#925,.T.);
#32=FACE_BOUND('',#926,.T.);
#33=FACE_BOUND('',#927,.T.);
#34=FACE_BOUND('',#928,.T.);
#35=FACE_BOUND('',#929,.T.);
#36=B_SPLINE_CURVE_WITH_KNOTS('',3,(#5926,#5927,#5928,#5929,#5930,#5931),
 .UNSPECIFIED.,.F.,.F.,(4,2,4),(0.,0.0499999999999998,0.0999999999999996),
 .UNSPECIFIED.);
#37=B_SPLINE_CURVE_WITH_KNOTS('',3,(#5933,#5934,#5935,#5936),
 .UNSPECIFIED.,.F.,.F.,(4,4),(0.,0.0724475933169074),.UNSPECIFIED.);
#38=B_SPLINE_CURVE_WITH_KNOTS('',3,(#5939,#5940,#5941,#5942),
 .UNSPECIFIED.,.F.,.F.,(4,4),(0.,0.0724475933169069),.UNSPECIFIED.);
#39=B_SPLINE_CURVE_WITH_KNOTS('',3,(#5953,#5954,#5955,#5956,#5957),
 .UNSPECIFIED.,.F.,.F.,(4,1,4),(0.,0.062081299352384,0.126025248976343),
 .UNSPECIFIED.);
#40=B_SPLINE_CURVE_WITH_KNOTS('',3,(#5958,#5959,#5960,#5961,#5962),
 .UNSPECIFIED.,.F.,.F.,(4,1,4),(0.,0.062081299352384,0.126025248976343),
 .UNSPECIFIED.);
#41=B_SPLINE_CURVE_WITH_KNOTS('',3,(#5983,#5984,#5985,#5986,#5987),
 .UNSPECIFIED.,.F.,.F.,(4,1,4),(0.,0.0224004888409041,0.0448759939161286),
 .UNSPECIFIED.);
#42=B_SPLINE_CURVE_WITH_KNOTS('',3,(#5990,#5991,#5992,#5993,#5994),
 .UNSPECIFIED.,.F.,.F.,(4,1,4),(0.,0.0224004888409041,0.0448759939161286),
 .UNSPECIFIED.);
#43=B_SPLINE_CURVE_WITH_KNOTS('',3,(#6006,#6007,#6008,#6009,#6010),
 .UNSPECIFIED.,.F.,.F.,(4,1,4),(0.,0.0258231703103724,0.0489842586969889),
 .UNSPECIFIED.);
#44=B_SPLINE_CURVE_WITH_KNOTS('',3,(#6013,#6014,#6015,#6016,#6017),
 .UNSPECIFIED.,.F.,.F.,(4,1,4),(0.,0.0258231703103724,0.0489842586969889),
 .UNSPECIFIED.);
#45=B_SPLINE_CURVE_WITH_KNOTS('',3,(#6029,#6030,#6031,#6032,#6033),
 .UNSPECIFIED.,.F.,.F.,(4,1,4),(0.,0.0657313256771343,0.139188906445307),
 .UNSPECIFIED.);
#46=B_SPLINE_CURVE_WITH_KNOTS('',3,(#6036,#6037,#6038,#6039,#6040),
 .UNSPECIFIED.,.F.,.F.,(4,1,4),(0.,0.0657313256771343,0.139188906445307),
 .UNSPECIFIED.);
#47=B_SPLINE_CURVE_WITH_KNOTS('',3,(#6052,#6053,#6054,#6055,#6056),
 .UNSPECIFIED.,.F.,.F.,(4,1,4),(0.,0.0778735266601142,0.145540904484006),
 .UNSPECIFIED.);
#48=B_SPLINE_CURVE_WITH_KNOTS('',3,(#6059,#6060,#6061,#6062,#6063),
 .UNSPECIFIED.,.F.,.F.,(4,1,4),(0.,0.0778735266601142,0.145540904484006),
 .UNSPECIFIED.);
#49=B_SPLINE_CURVE_WITH_KNOTS('',3,(#6230,#6231,#6232,#6233,#6234),
 .UNSPECIFIED.,.F.,.F.,(4,1,4),(0.,0.0451955871839254,0.088821103938238),
 .UNSPECIFIED.);
#50=B_SPLINE_CURVE_WITH_KNOTS('',3,(#6236,#6237,#6238,#6239,#6240),
 .UNSPECIFIED.,.F.,.F.,(4,1,4),(0.,0.0424812518057617,0.0866541170185504),
 .UNSPECIFIED.);
#51=B_SPLINE_CURVE_WITH_KNOTS('',3,(#6242,#6243,#6244,#6245,#6246),
 .UNSPECIFIED.,.F.,.F.,(4,1,4),(0.,0.0327998256897349,0.0732602737121495),
 .UNSPECIFIED.);
#52=B_SPLINE_CURVE_WITH_KNOTS('',3,(#6248,#6249,#6250,#6251,#6252),
 .UNSPECIFIED.,.F.,.F.,(4,1,4),(0.,0.0475335587218512,0.0827924445940405),
 .UNSPECIFIED.);
#53=B_SPLINE_CURVE_WITH_KNOTS('',3,(#6260,#6261,#6262,#6263,#6264),
 .UNSPECIFIED.,.F.,.F.,(4,1,4),(0.,0.0657094963873983,0.142815609388589),
 .UNSPECIFIED.);
#54=B_SPLINE_CURVE_WITH_KNOTS('',3,(#6266,#6267,#6268,#6269,#6270),
 .UNSPECIFIED.,.F.,.F.,(4,1,4),(0.,0.0763166371682383,0.140711615201861),
 .UNSPECIFIED.);
#55=B_SPLINE_CURVE_WITH_KNOTS('',3,(#6272,#6273,#6274,#6275,#6276),
 .UNSPECIFIED.,.F.,.F.,(4,1,4),(0.,0.0536230319255355,0.106405880076066),
 .UNSPECIFIED.);
#56=B_SPLINE_CURVE_WITH_KNOTS('',3,(#6278,#6279,#6280,#6281,#6282),
 .UNSPECIFIED.,.F.,.F.,(4,1,4),(0.,0.0563654008001347,0.110550781529454),
 .UNSPECIFIED.);
#57=B_SPLINE_CURVE_WITH_KNOTS('',3,(#6309,#6310,#6311,#6312,#6313),
 .UNSPECIFIED.,.F.,.F.,(4,1,4),(0.,0.0451955871839254,0.088821103938238),
 .UNSPECIFIED.);
#58=B_SPLINE_CURVE_WITH_KNOTS('',3,(#6326,#6327,#6328,#6329,#6330),
 .UNSPECIFIED.,.F.,.F.,(4,1,4),(0.,0.0424812518057617,0.0866541170185504),
 .UNSPECIFIED.);
#59=B_SPLINE_CURVE_WITH_KNOTS('',3,(#6343,#6344,#6345,#6346,#6347),
 .UNSPECIFIED.,.F.,.F.,(4,1,4),(0.,0.0327998256897349,0.0732602737121495),
 .UNSPECIFIED.);
#60=B_SPLINE_CURVE_WITH_KNOTS('',3,(#6359,#6360,#6361,#6362,#6363),
 .UNSPECIFIED.,.F.,.F.,(4,1,4),(0.,0.0475335587218512,0.0827924445940405),
 .UNSPECIFIED.);
#61=B_SPLINE_CURVE_WITH_KNOTS('',3,(#6381,#6382,#6383,#6384,#6385),
 .UNSPECIFIED.,.F.,.F.,(4,1,4),(0.,0.0657094963873983,0.142815609388589),
 .UNSPECIFIED.);
#62=B_SPLINE_CURVE_WITH_KNOTS('',3,(#6398,#6399,#6400,#6401,#6402),
 .UNSPECIFIED.,.F.,.F.,(4,1,4),(0.,0.0763166371682383,0.140711615201861),
 .UNSPECIFIED.);
#63=B_SPLINE_CURVE_WITH_KNOTS('',3,(#6415,#6416,#6417,#6418,#6419),
 .UNSPECIFIED.,.F.,.F.,(4,1,4),(0.,0.0536230319255355,0.106405880076066),
 .UNSPECIFIED.);
#64=B_SPLINE_CURVE_WITH_KNOTS('',3,(#6432,#6433,#6434,#6435,#6436),
 .UNSPECIFIED.,.F.,.F.,(4,1,4),(0.,0.0563654008001347,0.110550781529454),
 .UNSPECIFIED.);
#65=B_SPLINE_CURVE_WITH_KNOTS('',3,(#6491,#6492,#6493,#6494,#6495,#6496),
 .UNSPECIFIED.,.F.,.F.,(4,2,4),(0.,0.0499999999999998,0.0999999999999996),
 .UNSPECIFIED.);
#66=B_SPLINE_CURVE_WITH_KNOTS('',3,(#6498,#6499,#6500,#6501),
 .UNSPECIFIED.,.F.,.F.,(4,4),(0.0951254489150362,0.16904668796577),
 .UNSPECIFIED.);
#67=B_SPLINE_CURVE_WITH_KNOTS('',3,(#6504,#6505,#6506,#6507),
 .UNSPECIFIED.,.F.,.F.,(4,4),(0.0951254489150362,0.16904668796577),
 .UNSPECIFIED.);
#68=B_SPLINE_CURVE_WITH_KNOTS('',3,(#6512,#6513,#6514,#6515,#6516),
 .UNSPECIFIED.,.F.,.F.,(4,1,4),(0.,0.0639235516835521,0.0985054950482235),
 .UNSPECIFIED.);
#69=B_SPLINE_CURVE_WITH_KNOTS('',3,(#6518,#6519,#6520,#6521,#6522),
 .UNSPECIFIED.,.F.,.F.,(4,1,4),(0.,0.0567032316106177,0.112452188673794),
 .UNSPECIFIED.);
#70=B_SPLINE_CURVE_WITH_KNOTS('',3,(#6524,#6525,#6526,#6527,#6528),
 .UNSPECIFIED.,.F.,.F.,(4,1,4),(0.,0.0547784159742747,0.113329911593226),
 .UNSPECIFIED.);
#71=B_SPLINE_CURVE_WITH_KNOTS('',3,(#6530,#6531,#6532,#6533,#6534),
 .UNSPECIFIED.,.F.,.F.,(4,1,4),(0.046635483595698,0.077047527859107,0.139537644873907),
 .UNSPECIFIED.);
#72=B_SPLINE_CURVE_WITH_KNOTS('',3,(#6538,#6539,#6540,#6541,#6542),
 .UNSPECIFIED.,.F.,.F.,(4,1,4),(0.,0.110727067581239,0.162459548965318),
 .UNSPECIFIED.);
#73=B_SPLINE_CURVE_WITH_KNOTS('',3,(#6544,#6545,#6546,#6547,#6548),
 .UNSPECIFIED.,.F.,.F.,(4,1,4),(0.,0.11088416118565,0.214454464491651),
 .UNSPECIFIED.);
#74=B_SPLINE_CURVE_WITH_KNOTS('',3,(#6550,#6551,#6552,#6553,#6554),
 .UNSPECIFIED.,.F.,.F.,(4,1,4),(0.,0.075857162833868,0.157434856712429),
 .UNSPECIFIED.);
#75=B_SPLINE_CURVE_WITH_KNOTS('',3,(#6555,#6556,#6557,#6558,#6559),
 .UNSPECIFIED.,.F.,.F.,(4,1,4),(0.,0.0770875490185282,0.151686637080713),
 .UNSPECIFIED.);
#76=B_SPLINE_CURVE_WITH_KNOTS('',3,(#6571,#6572,#6573,#6574,#6575,#6576),
 .UNSPECIFIED.,.F.,.F.,(4,2,4),(0.,0.0499999999999998,0.0999999999999996),
 .UNSPECIFIED.);
#77=B_SPLINE_CURVE_WITH_KNOTS('',3,(#6579,#6580,#6581,#6582,#6583),
 .UNSPECIFIED.,.F.,.F.,(4,1,4),(0.0466354835957068,0.077047527859107,0.139537644873907),
 .UNSPECIFIED.);
#78=B_SPLINE_CURVE_WITH_KNOTS('',3,(#6595,#6596,#6597,#6598,#6599,#6600),
 .UNSPECIFIED.,.F.,.F.,(4,2,4),(0.,0.0499999999999998,0.0999999999999996),
 .UNSPECIFIED.);
#79=B_SPLINE_CURVE_WITH_KNOTS('',3,(#6602,#6603,#6604,#6605,#6606),
 .UNSPECIFIED.,.F.,.F.,(4,1,4),(0.,0.0639235516835521,0.0985054950481702),
 .UNSPECIFIED.);
#80=B_SPLINE_CURVE_WITH_KNOTS('',3,(#6619,#6620,#6621,#6622,#6623),
 .UNSPECIFIED.,.F.,.F.,(4,1,4),(0.,0.0567032316106177,0.112452188673794),
 .UNSPECIFIED.);
#81=B_SPLINE_CURVE_WITH_KNOTS('',3,(#6635,#6636,#6637,#6638,#6639),
 .UNSPECIFIED.,.F.,.F.,(4,1,4),(0.,0.0547784159742747,0.113329911593226),
 .UNSPECIFIED.);
#82=B_SPLINE_CURVE_WITH_KNOTS('',3,(#6651,#6652,#6653,#6654,#6655,#6656),
 .UNSPECIFIED.,.F.,.F.,(4,2,4),(0.,0.0499999999999998,0.0999999999999996),
 .UNSPECIFIED.);
#83=B_SPLINE_CURVE_WITH_KNOTS('',3,(#6658,#6659,#6660,#6661,#6662),
 .UNSPECIFIED.,.F.,.F.,(4,1,4),(0.,0.110727067581239,0.162459548965154),
 .UNSPECIFIED.);
#84=B_SPLINE_CURVE_WITH_KNOTS('',3,(#6675,#6676,#6677,#6678,#6679),
 .UNSPECIFIED.,.F.,.F.,(4,1,4),(0.,0.11088416118565,0.214454464491651),
 .UNSPECIFIED.);
#85=B_SPLINE_CURVE_WITH_KNOTS('',3,(#6692,#6693,#6694,#6695,#6696),
 .UNSPECIFIED.,.F.,.F.,(4,1,4),(0.,0.075857162833868,0.157434856712429),
 .UNSPECIFIED.);
#86=B_SPLINE_CURVE_WITH_KNOTS('',3,(#6708,#6709,#6710,#6711,#6712),
 .UNSPECIFIED.,.F.,.F.,(4,1,4),(0.,0.0770875490185282,0.151686637080713),
 .UNSPECIFIED.);
#87=B_SPLINE_CURVE_WITH_KNOTS('',3,(#6789,#6790,#6791,#6792,#6793,#6794),
 .UNSPECIFIED.,.F.,.F.,(4,2,4),(0.,0.0499999999999998,0.0999999999999996),
 .UNSPECIFIED.);
#88=B_SPLINE_CURVE_WITH_KNOTS('',3,(#6796,#6797,#6798,#6799),
 .UNSPECIFIED.,.F.,.F.,(4,4),(0.,0.0724478687860485),.UNSPECIFIED.);
#89=B_SPLINE_CURVE_WITH_KNOTS('',3,(#6802,#6803,#6804,#6805),
 .UNSPECIFIED.,.F.,.F.,(4,4),(0.,0.0724478687860478),.UNSPECIFIED.);
#90=B_SPLINE_CURVE_WITH_KNOTS('',3,(#6816,#6817,#6818,#6819,#6820),
 .UNSPECIFIED.,.F.,.F.,(4,1,4),(0.,0.0620808351616961,0.126025168449438),
 .UNSPECIFIED.);
#91=B_SPLINE_CURVE_WITH_KNOTS('',3,(#6821,#6822,#6823,#6824,#6825),
 .UNSPECIFIED.,.F.,.F.,(4,1,4),(0.,0.0620808351616961,0.126025168449438),
 .UNSPECIFIED.);
#92=B_SPLINE_CURVE_WITH_KNOTS('',3,(#6846,#6847,#6848,#6849,#6850),
 .UNSPECIFIED.,.F.,.F.,(4,1,4),(0.,0.0224014205257347,0.0448757802500463),
 .UNSPECIFIED.);
#93=B_SPLINE_CURVE_WITH_KNOTS('',3,(#6853,#6854,#6855,#6856,#6857),
 .UNSPECIFIED.,.F.,.F.,(4,1,4),(0.,0.0224014205257347,0.0448757802500463),
 .UNSPECIFIED.);
#94=B_SPLINE_CURVE_WITH_KNOTS('',3,(#6869,#6870,#6871,#6872,#6873),
 .UNSPECIFIED.,.F.,.F.,(4,1,4),(0.,0.0258229321322311,0.0489842562337254),
 .UNSPECIFIED.);
#95=B_SPLINE_CURVE_WITH_KNOTS('',3,(#6876,#6877,#6878,#6879,#6880),
 .UNSPECIFIED.,.F.,.F.,(4,1,4),(0.,0.0258229321322311,0.0489842562337254),
 .UNSPECIFIED.);
#96=B_SPLINE_CURVE_WITH_KNOTS('',3,(#6892,#6893,#6894,#6895,#6896),
 .UNSPECIFIED.,.F.,.F.,(4,1,4),(0.,0.0657313256771343,0.139189142579229),
 .UNSPECIFIED.);
#97=B_SPLINE_CURVE_WITH_KNOTS('',3,(#6899,#6900,#6901,#6902,#6903),
 .UNSPECIFIED.,.F.,.F.,(4,1,4),(0.,0.0657313256771343,0.139189142579229),
 .UNSPECIFIED.);
#98=B_SPLINE_CURVE_WITH_KNOTS('',3,(#6915,#6916,#6917,#6918,#6919),
 .UNSPECIFIED.,.F.,.F.,(4,1,4),(0.,0.0778737609415622,0.145540648555246),
 .UNSPECIFIED.);
#99=B_SPLINE_CURVE_WITH_KNOTS('',3,(#6922,#6923,#6924,#6925,#6926),
 .UNSPECIFIED.,.F.,.F.,(4,1,4),(0.,0.0778737609415622,0.145540648555246),
 .UNSPECIFIED.);
#100=B_SPLINE_CURVE_WITH_KNOTS('',3,(#6963,#6964,#6965,#6966,#6967,#6968),
 .UNSPECIFIED.,.F.,.F.,(4,2,4),(0.,0.0499999999999998,0.0999999999999996),
 .UNSPECIFIED.);
#101=B_SPLINE_CURVE_WITH_KNOTS('',3,(#6970,#6971,#6972,#6973),
 .UNSPECIFIED.,.F.,.F.,(4,4),(0.0943449765709015,0.169079173255741),
 .UNSPECIFIED.);
#102=B_SPLINE_CURVE_WITH_KNOTS('',3,(#6976,#6977,#6978,#6979),
 .UNSPECIFIED.,.F.,.F.,(4,4),(0.0943449765709014,0.169079173255741),
 .UNSPECIFIED.);
#103=B_SPLINE_CURVE_WITH_KNOTS('',3,(#6984,#6985,#6986,#6987,#6988),
 .UNSPECIFIED.,.F.,.F.,(4,1,4),(0.,0.0742245554678476,0.0796546900981868),
 .UNSPECIFIED.);
#104=B_SPLINE_CURVE_WITH_KNOTS('',3,(#6990,#6991,#6992,#6993,#6994),
 .UNSPECIFIED.,.F.,.F.,(4,1,4),(0.,0.0598324651168396,0.119715392921644),
 .UNSPECIFIED.);
#105=B_SPLINE_CURVE_WITH_KNOTS('',3,(#6996,#6997,#6998,#6999,#7000),
 .UNSPECIFIED.,.F.,.F.,(4,1,4),(0.,0.0346159760506446,0.0702624789070387),
 .UNSPECIFIED.);
#106=B_SPLINE_CURVE_WITH_KNOTS('',3,(#7002,#7003,#7004,#7005,#7006),
 .UNSPECIFIED.,.F.,.F.,(4,1,4),(0.,0.0377268383349402,0.0730314444358132),
 .UNSPECIFIED.);
#107=B_SPLINE_CURVE_WITH_KNOTS('',3,(#7018,#7019,#7020,#7021,#7022),
 .UNSPECIFIED.,.F.,.F.,(4,1,4),(0.,0.0874011191566191,0.172131632935296),
 .UNSPECIFIED.);
#108=B_SPLINE_CURVE_WITH_KNOTS('',3,(#7024,#7025,#7026,#7027,#7028),
 .UNSPECIFIED.,.F.,.F.,(4,1,4),(0.,0.0671622025626183,0.138366482396937),
 .UNSPECIFIED.);
#109=B_SPLINE_CURVE_WITH_KNOTS('',3,(#7029,#7030,#7031,#7032,#7033),
 .UNSPECIFIED.,.F.,.F.,(4,1,4),(0.,0.0741185757700857,0.142894250587543),
 .UNSPECIFIED.);
#110=B_SPLINE_CURVE_WITH_KNOTS('',3,(#7051,#7052,#7053,#7054,#7055),
 .UNSPECIFIED.,.F.,.F.,(4,1,4),(0.,0.0377268383349402,0.0730314444358132),
 .UNSPECIFIED.);
#111=B_SPLINE_CURVE_WITH_KNOTS('',3,(#7068,#7069,#7070,#7071,#7072,#7073),
 .UNSPECIFIED.,.F.,.F.,(4,2,4),(0.,0.0499999999999998,0.0999999999999996),
 .UNSPECIFIED.);
#112=B_SPLINE_CURVE_WITH_KNOTS('',3,(#7075,#7076,#7077,#7078,#7079),
 .UNSPECIFIED.,.F.,.F.,(4,1,4),(0.,0.0742245554678476,0.0796546900981868),
 .UNSPECIFIED.);
#113=B_SPLINE_CURVE_WITH_KNOTS('',3,(#7092,#7093,#7094,#7095,#7096),
 .UNSPECIFIED.,.F.,.F.,(4,1,4),(0.,0.0598324651168396,0.119715392921644),
 .UNSPECIFIED.);
#114=B_SPLINE_CURVE_WITH_KNOTS('',3,(#7108,#7109,#7110,#7111,#7112),
 .UNSPECIFIED.,.F.,.F.,(4,1,4),(0.,0.0346159760506446,0.0702624789070387),
 .UNSPECIFIED.);
#115=B_SPLINE_CURVE_WITH_KNOTS('',3,(#7125,#7126,#7127,#7128,#7129),
 .UNSPECIFIED.,.F.,.F.,(4,1,4),(0.,0.0874011191566191,0.172131632935296),
 .UNSPECIFIED.);
#116=B_SPLINE_CURVE_WITH_KNOTS('',3,(#7143,#7144,#7145,#7146,#7147),
 .UNSPECIFIED.,.F.,.F.,(4,1,4),(0.,0.0671622025626183,0.138366482396937),
 .UNSPECIFIED.);
#117=B_SPLINE_CURVE_WITH_KNOTS('',3,(#7159,#7160,#7161,#7162,#7163),
 .UNSPECIFIED.,.F.,.F.,(4,1,4),(0.,0.0741185757700857,0.142894250587543),
 .UNSPECIFIED.);
#118=B_SPLINE_CURVE_WITH_KNOTS('',3,(#7188,#7189,#7190,#7191,#7192,#7193),
 .UNSPECIFIED.,.F.,.F.,(4,2,4),(0.,0.0499999999999998,0.0999999999999996),
 .UNSPECIFIED.);
#119=B_SPLINE_CURVE_WITH_KNOTS('',3,(#7195,#7196,#7197,#7198),
 .UNSPECIFIED.,.F.,.F.,(4,4),(0.0943893584932087,0.171469116563005),
 .UNSPECIFIED.);
#120=B_SPLINE_CURVE_WITH_KNOTS('',3,(#7201,#7202,#7203,#7204),
 .UNSPECIFIED.,.F.,.F.,(4,4),(0.0943893584932087,0.171469116563005),
 .UNSPECIFIED.);
#121=B_SPLINE_CURVE_WITH_KNOTS('',3,(#7209,#7210,#7211,#7212,#7213),
 .UNSPECIFIED.,.F.,.F.,(4,1,4),(0.,0.0735023736762562,0.0787728840190425),
 .UNSPECIFIED.);
#122=B_SPLINE_CURVE_WITH_KNOTS('',3,(#7215,#7216,#7217,#7218,#7219),
 .UNSPECIFIED.,.F.,.F.,(4,1,4),(0.,0.0629098550688803,0.122710024221527),
 .UNSPECIFIED.);
#123=B_SPLINE_CURVE_WITH_KNOTS('',3,(#7221,#7222,#7223,#7224,#7225),
 .UNSPECIFIED.,.F.,.F.,(4,1,4),(0.,0.0594805819838176,0.122248826664424),
 .UNSPECIFIED.);
#124=B_SPLINE_CURVE_WITH_KNOTS('',3,(#7227,#7228,#7229,#7230,#7231),
 .UNSPECIFIED.,.F.,.F.,(4,1,4),(0.0929348370400791,0.0985004947149857,0.171576638896209),
 .UNSPECIFIED.);
#125=B_SPLINE_CURVE_WITH_KNOTS('',3,(#7235,#7236,#7237,#7238,#7239),
 .UNSPECIFIED.,.F.,.F.,(4,1,4),(0.,0.115122150162364,0.155498025949008),
 .UNSPECIFIED.);
#126=B_SPLINE_CURVE_WITH_KNOTS('',3,(#7241,#7242,#7243,#7244,#7245),
 .UNSPECIFIED.,.F.,.F.,(4,1,4),(0.,0.120554169540084,0.229279659774408),
 .UNSPECIFIED.);
#127=B_SPLINE_CURVE_WITH_KNOTS('',3,(#7247,#7248,#7249,#7250,#7251),
 .UNSPECIFIED.,.F.,.F.,(4,1,4),(0.,0.0753122663056945,0.157984482020873),
 .UNSPECIFIED.);
#128=B_SPLINE_CURVE_WITH_KNOTS('',3,(#7252,#7253,#7254,#7255,#7256),
 .UNSPECIFIED.,.F.,.F.,(4,1,4),(0.,0.0761839628400766,0.149372559508999),
 .UNSPECIFIED.);
#129=B_SPLINE_CURVE_WITH_KNOTS('',3,(#7268,#7269,#7270,#7271,#7272,#7273),
 .UNSPECIFIED.,.F.,.F.,(4,2,4),(0.,0.0499999999999998,0.0999999999999996),
 .UNSPECIFIED.);
#130=B_SPLINE_CURVE_WITH_KNOTS('',3,(#7276,#7277,#7278,#7279,#7280),
 .UNSPECIFIED.,.F.,.F.,(4,1,4),(0.0929348370400791,0.0985004947149857,0.171576638896209),
 .UNSPECIFIED.);
#131=B_SPLINE_CURVE_WITH_KNOTS('',3,(#7292,#7293,#7294,#7295,#7296,#7297),
 .UNSPECIFIED.,.F.,.F.,(4,2,4),(0.,0.0499999999999998,0.0999999999999996),
 .UNSPECIFIED.);
#132=B_SPLINE_CURVE_WITH_KNOTS('',3,(#7299,#7300,#7301,#7302,#7303),
 .UNSPECIFIED.,.F.,.F.,(4,1,4),(0.,0.0735023736762562,0.0787728840190425),
 .UNSPECIFIED.);
#133=B_SPLINE_CURVE_WITH_KNOTS('',3,(#7316,#7317,#7318,#7319,#7320),
 .UNSPECIFIED.,.F.,.F.,(4,1,4),(0.,0.0629098550688803,0.122710024221527),
 .UNSPECIFIED.);
#134=B_SPLINE_CURVE_WITH_KNOTS('',3,(#7332,#7333,#7334,#7335,#7336),
 .UNSPECIFIED.,.F.,.F.,(4,1,4),(0.,0.0594805819838176,0.122248826664424),
 .UNSPECIFIED.);
#135=B_SPLINE_CURVE_WITH_KNOTS('',3,(#7348,#7349,#7350,#7351,#7352),
 .UNSPECIFIED.,.F.,.F.,(4,1,4),(0.,0.0761839628400766,0.149372559508999),
 .UNSPECIFIED.);
#136=B_SPLINE_CURVE_WITH_KNOTS('',3,(#7365,#7366,#7367,#7368,#7369,#7370),
 .UNSPECIFIED.,.F.,.F.,(4,2,4),(0.,0.0499999999999998,0.0999999999999996),
 .UNSPECIFIED.);
#137=B_SPLINE_CURVE_WITH_KNOTS('',3,(#7372,#7373,#7374,#7375,#7376),
 .UNSPECIFIED.,.F.,.F.,(4,1,4),(0.,0.115122150162364,0.155498025949006),
 .UNSPECIFIED.);
#138=B_SPLINE_CURVE_WITH_KNOTS('',3,(#7389,#7390,#7391,#7392,#7393),
 .UNSPECIFIED.,.F.,.F.,(4,1,4),(0.,0.120554169540084,0.229279659774408),
 .UNSPECIFIED.);
#139=B_SPLINE_CURVE_WITH_KNOTS('',3,(#7405,#7406,#7407,#7408,#7409),
 .UNSPECIFIED.,.F.,.F.,(4,1,4),(0.,0.0753122663056945,0.157984482020873),
 .UNSPECIFIED.);
#140=B_SPLINE_CURVE_WITH_KNOTS('',3,(#7534,#7535,#7536,#7537,#7538),
 .UNSPECIFIED.,.F.,.F.,(4,1,4),(0.,0.0324330075939629,0.0640288438987547),
 .UNSPECIFIED.);
#141=B_SPLINE_CURVE_WITH_KNOTS('',3,(#7542,#7543,#7544,#7545,#7546),
 .UNSPECIFIED.,.F.,.F.,(4,1,4),(0.,0.0324330075939629,0.0640288438987547),
 .UNSPECIFIED.);
#142=B_SPLINE_CURVE_WITH_KNOTS('',3,(#7559,#7560,#7561,#7562,#7563),
 .UNSPECIFIED.,.F.,.F.,(4,1,4),(0.,0.0319558307395354,0.0645313542111485),
 .UNSPECIFIED.);
#143=B_SPLINE_CURVE_WITH_KNOTS('',3,(#7566,#7567,#7568,#7569,#7570),
 .UNSPECIFIED.,.F.,.F.,(4,1,4),(0.,0.0319558307395354,0.0645313542111485),
 .UNSPECIFIED.);
#144=B_SPLINE_CURVE_WITH_KNOTS('',3,(#7582,#7583,#7584,#7585,#7586),
 .UNSPECIFIED.,.F.,.F.,(4,1,4),(0.,0.0342869798910896,0.0667255579791812),
 .UNSPECIFIED.);
#145=B_SPLINE_CURVE_WITH_KNOTS('',3,(#7589,#7590,#7591,#7592,#7593),
 .UNSPECIFIED.,.F.,.F.,(4,1,4),(0.,0.0342869798910896,0.0667255579791812),
 .UNSPECIFIED.);
#146=B_SPLINE_CURVE_WITH_KNOTS('',3,(#7605,#7606,#7607,#7608,#7609),
 .UNSPECIFIED.,.F.,.F.,(4,1,4),(0.,0.0323175017765303,0.0673180828808326),
 .UNSPECIFIED.);
#147=B_SPLINE_CURVE_WITH_KNOTS('',3,(#7612,#7613,#7614,#7615,#7616),
 .UNSPECIFIED.,.F.,.F.,(4,1,4),(0.,0.0323175017765303,0.0673180828808326),
 .UNSPECIFIED.);
#148=B_SPLINE_CURVE_WITH_KNOTS('',3,(#7628,#7629,#7630,#7631,#7632),
 .UNSPECIFIED.,.F.,.F.,(4,1,4),(0.,0.0325756104514363,0.0645314411909718),
 .UNSPECIFIED.);
#149=B_SPLINE_CURVE_WITH_KNOTS('',3,(#7635,#7636,#7637,#7638,#7639),
 .UNSPECIFIED.,.F.,.F.,(4,1,4),(0.,0.0325756104514363,0.0645314411909718),
 .UNSPECIFIED.);
#150=B_SPLINE_CURVE_WITH_KNOTS('',3,(#7651,#7652,#7653,#7654,#7655),
 .UNSPECIFIED.,.F.,.F.,(4,1,4),(0.,0.0315958363047918,0.0640289312607803),
 .UNSPECIFIED.);
#151=B_SPLINE_CURVE_WITH_KNOTS('',3,(#7658,#7659,#7660,#7661,#7662),
 .UNSPECIFIED.,.F.,.F.,(4,1,4),(0.,0.0315958363047918,0.0640289312607803),
 .UNSPECIFIED.);
#152=B_SPLINE_CURVE_WITH_KNOTS('',3,(#7674,#7675,#7676,#7677,#7678),
 .UNSPECIFIED.,.F.,.F.,(4,1,4),(0.,0.034976262994123,0.0670560079596352),
 .UNSPECIFIED.);
#153=B_SPLINE_CURVE_WITH_KNOTS('',3,(#7681,#7682,#7683,#7684,#7685),
 .UNSPECIFIED.,.F.,.F.,(4,1,4),(0.,0.034976262994123,0.0670560079596352),
 .UNSPECIFIED.);
#154=B_SPLINE_CURVE_WITH_KNOTS('',3,(#7696,#7697,#7698,#7699,#7700),
 .UNSPECIFIED.,.F.,.F.,(4,1,4),(0.,0.0322012479339837,0.0664638938652605),
 .UNSPECIFIED.);
#155=B_SPLINE_CURVE_WITH_KNOTS('',3,(#7701,#7702,#7703,#7704,#7705),
 .UNSPECIFIED.,.F.,.F.,(4,1,4),(0.,0.0322012479339837,0.0664638938652605),
 .UNSPECIFIED.);
#156=B_SPLINE_CURVE_WITH_KNOTS('',3,(#7728,#7729,#7730,#7731,#7732),
 .UNSPECIFIED.,.F.,.F.,(4,1,4),(0.,0.079370845093339,0.166506967445681),
 .UNSPECIFIED.);
#157=B_SPLINE_CURVE_WITH_KNOTS('',3,(#7736,#7737,#7738,#7739,#7740),
 .UNSPECIFIED.,.F.,.F.,(4,1,4),(0.,0.079370845093339,0.166506967445681),
 .UNSPECIFIED.);
#158=B_SPLINE_CURVE_WITH_KNOTS('',3,(#7753,#7754,#7755,#7756,#7757),
 .UNSPECIFIED.,.F.,.F.,(4,1,4),(0.,0.108108183952483,0.194349224325096),
 .UNSPECIFIED.);
#159=B_SPLINE_CURVE_WITH_KNOTS('',3,(#7760,#7761,#7762,#7763,#7764),
 .UNSPECIFIED.,.F.,.F.,(4,1,4),(0.,0.108108183952483,0.194349224325096),
 .UNSPECIFIED.);
#160=B_SPLINE_CURVE_WITH_KNOTS('',3,(#7776,#7777,#7778,#7779,#7780),
 .UNSPECIFIED.,.F.,.F.,(4,1,4),(0.,0.0536175758301105,0.102672474537487),
 .UNSPECIFIED.);
#161=B_SPLINE_CURVE_WITH_KNOTS('',3,(#7783,#7784,#7785,#7786,#7787),
 .UNSPECIFIED.,.F.,.F.,(4,1,4),(0.,0.0536175758301105,0.102672474537487),
 .UNSPECIFIED.);
#162=B_SPLINE_CURVE_WITH_KNOTS('',3,(#7799,#7800,#7801,#7802,#7803),
 .UNSPECIFIED.,.F.,.F.,(4,1,4),(0.,0.0597637661065678,0.116858585172246),
 .UNSPECIFIED.);
#163=B_SPLINE_CURVE_WITH_KNOTS('',3,(#7806,#7807,#7808,#7809,#7810),
 .UNSPECIFIED.,.F.,.F.,(4,1,4),(0.,0.0597637661065678,0.116858585172246),
 .UNSPECIFIED.);
#164=B_SPLINE_CURVE_WITH_KNOTS('',3,(#7828,#7829,#7830,#7831,#7832),
 .UNSPECIFIED.,.F.,.F.,(4,1,4),(0.,0.04497386086592,0.0930186401190489),
 .UNSPECIFIED.);
#165=B_SPLINE_CURVE_WITH_KNOTS('',3,(#7835,#7836,#7837,#7838,#7839),
 .UNSPECIFIED.,.F.,.F.,(4,1,4),(0.,0.04497386086592,0.0930186401190489),
 .UNSPECIFIED.);
#166=B_SPLINE_CURVE_WITH_KNOTS('',3,(#7851,#7852,#7853,#7854,#7855),
 .UNSPECIFIED.,.F.,.F.,(4,1,4),(0.,0.0333949936055407,0.0735688659610393),
 .UNSPECIFIED.);
#167=B_SPLINE_CURVE_WITH_KNOTS('',3,(#7858,#7859,#7860,#7861,#7862),
 .UNSPECIFIED.,.F.,.F.,(4,1,4),(0.,0.0333949936055407,0.0735688659610393),
 .UNSPECIFIED.);
#168=B_SPLINE_CURVE_WITH_KNOTS('',3,(#7874,#7875,#7876,#7877,#7878),
 .UNSPECIFIED.,.F.,.F.,(4,1,4),(0.,0.0472816596332758,0.104898158544371),
 .UNSPECIFIED.);
#169=B_SPLINE_CURVE_WITH_KNOTS('',3,(#7881,#7882,#7883,#7884,#7885),
 .UNSPECIFIED.,.F.,.F.,(4,1,4),(0.,0.0472816596332758,0.104898158544371),
 .UNSPECIFIED.);
#170=B_SPLINE_CURVE_WITH_KNOTS('',3,(#7896,#7897,#7898,#7899,#7900),
 .UNSPECIFIED.,.F.,.F.,(4,1,4),(0.,0.0519426039910579,0.0953775387781534),
 .UNSPECIFIED.);
#171=B_SPLINE_CURVE_WITH_KNOTS('',3,(#7901,#7902,#7903,#7904,#7905),
 .UNSPECIFIED.,.F.,.F.,(4,1,4),(0.,0.0519426039910579,0.0953775387781534),
 .UNSPECIFIED.);
#172=B_SPLINE_CURVE_WITH_KNOTS('',3,(#7926,#7927,#7928,#7929,#7930,#7931),
 .UNSPECIFIED.,.F.,.F.,(4,2,4),(0.,0.0499999999999998,0.0999999999999996),
 .UNSPECIFIED.);
#173=B_SPLINE_CURVE_WITH_KNOTS('',3,(#7933,#7934,#7935,#7936),
 .UNSPECIFIED.,.F.,.F.,(4,4),(0.0939706105094809,0.104870683833557),
 .UNSPECIFIED.);
#174=B_SPLINE_CURVE_WITH_KNOTS('',3,(#7939,#7940,#7941,#7942),
 .UNSPECIFIED.,.F.,.F.,(4,4),(0.0939706105094808,0.104870683833557),
 .UNSPECIFIED.);
#175=B_SPLINE_CURVE_WITH_KNOTS('',3,(#7955,#7956,#7957,#7958,#7959,#7960),
 .UNSPECIFIED.,.F.,.F.,(4,2,4),(0.,0.0499999999999998,0.0999999999999996),
 .UNSPECIFIED.);
#176=B_SPLINE_CURVE_WITH_KNOTS('',3,(#7962,#7963,#7964,#7965),
 .UNSPECIFIED.,.F.,.F.,(4,4),(0.0891963651964807,0.102254084285712),
 .UNSPECIFIED.);
#177=B_SPLINE_CURVE_WITH_KNOTS('',3,(#7968,#7969,#7970,#7971),
 .UNSPECIFIED.,.F.,.F.,(4,4),(0.0891963651964637,0.102254084285712),
 .UNSPECIFIED.);
#178=B_SPLINE_CURVE_WITH_KNOTS('',3,(#7984,#7985,#7986,#7987,#7988,#7989),
 .UNSPECIFIED.,.F.,.F.,(4,2,4),(0.,0.0499999999999998,0.0999999999999996),
 .UNSPECIFIED.);
#179=B_SPLINE_CURVE_WITH_KNOTS('',3,(#7991,#7992,#7993,#7994),
 .UNSPECIFIED.,.F.,.F.,(4,4),(0.,0.0119377390471429),.UNSPECIFIED.);
#180=B_SPLINE_CURVE_WITH_KNOTS('',3,(#7997,#7998,#7999,#8000),
 .UNSPECIFIED.,.F.,.F.,(4,4),(0.,0.0119377390471334),.UNSPECIFIED.);
#181=B_SPLINE_CURVE_WITH_KNOTS('',3,(#8012,#8013,#8014,#8015,#8016),
 .UNSPECIFIED.,.F.,.F.,(4,1,4),(0.,0.046506384208717,0.0979743367527576),
 .UNSPECIFIED.);
#182=B_SPLINE_CURVE_WITH_KNOTS('',3,(#8019,#8020,#8021,#8022,#8023),
 .UNSPECIFIED.,.F.,.F.,(4,1,4),(0.,0.046506384208717,0.0979743367527576),
 .UNSPECIFIED.);
#183=B_SPLINE_CURVE_WITH_KNOTS('',3,(#8035,#8036,#8037,#8038,#8039),
 .UNSPECIFIED.,.F.,.F.,(4,1,4),(0.,0.0550623451489457,0.10221388964281),
 .UNSPECIFIED.);
#184=B_SPLINE_CURVE_WITH_KNOTS('',3,(#8042,#8043,#8044,#8045,#8046),
 .UNSPECIFIED.,.F.,.F.,(4,1,4),(0.,0.0550623451489457,0.10221388964281),
 .UNSPECIFIED.);
#185=B_SPLINE_CURVE_WITH_KNOTS('',3,(#8057,#8058,#8059,#8060,#8061),
 .UNSPECIFIED.,.F.,.F.,(4,1,4),(0.,0.0985882455979561,0.193877003960021),
 .UNSPECIFIED.);
#186=B_SPLINE_CURVE_WITH_KNOTS('',3,(#8062,#8063,#8064,#8065,#8066),
 .UNSPECIFIED.,.F.,.F.,(4,1,4),(0.,0.0985882455979561,0.193877003960021),
 .UNSPECIFIED.);
#187=B_SPLINE_CURVE_WITH_KNOTS('',3,(#8079,#8080,#8081,#8082,#8083),
 .UNSPECIFIED.,.F.,.F.,(4,1,4),(0.,0.0470689225392016,0.0886892674378272),
 .UNSPECIFIED.);
#188=B_SPLINE_CURVE_WITH_KNOTS('',3,(#8087,#8088,#8089,#8090,#8091),
 .UNSPECIFIED.,.F.,.F.,(4,1,4),(0.,0.0470689225392016,0.0886892674378272),
 .UNSPECIFIED.);
#189=B_SPLINE_CURVE_WITH_KNOTS('',3,(#8104,#8105,#8106,#8107,#8108),
 .UNSPECIFIED.,.F.,.F.,(4,1,4),(0.,0.0675549283550558,0.123235364199188),
 .UNSPECIFIED.);
#190=B_SPLINE_CURVE_WITH_KNOTS('',3,(#8111,#8112,#8113,#8114,#8115),
 .UNSPECIFIED.,.F.,.F.,(4,1,4),(0.,0.0675549283550558,0.123235364199188),
 .UNSPECIFIED.);
#191=B_SPLINE_CURVE_WITH_KNOTS('',3,(#8127,#8128,#8129,#8130,#8131),
 .UNSPECIFIED.,.F.,.F.,(4,1,4),(0.,0.0655836225928558,0.136924197518681),
 .UNSPECIFIED.);
#192=B_SPLINE_CURVE_WITH_KNOTS('',3,(#8134,#8135,#8136,#8137,#8138),
 .UNSPECIFIED.,.F.,.F.,(4,1,4),(0.,0.0655836225928558,0.136924197518681),
 .UNSPECIFIED.);
#193=B_SPLINE_CURVE_WITH_KNOTS('',3,(#8150,#8151,#8152,#8153,#8154),
 .UNSPECIFIED.,.F.,.F.,(4,1,4),(0.,0.0580958859121138,0.118763875748642),
 .UNSPECIFIED.);
#194=B_SPLINE_CURVE_WITH_KNOTS('',3,(#8157,#8158,#8159,#8160,#8161),
 .UNSPECIFIED.,.F.,.F.,(4,1,4),(0.,0.0580958859121138,0.118763875748642),
 .UNSPECIFIED.);
#195=B_SPLINE_CURVE_WITH_KNOTS('',3,(#8172,#8173,#8174,#8175,#8176),
 .UNSPECIFIED.,.F.,.F.,(4,1,4),(0.,0.0614082622512542,0.119509496313105),
 .UNSPECIFIED.);
#196=B_SPLINE_CURVE_WITH_KNOTS('',3,(#8177,#8178,#8179,#8180,#8181),
 .UNSPECIFIED.,.F.,.F.,(4,1,4),(0.,0.0614082622512542,0.119509496313105),
 .UNSPECIFIED.);
#197=B_SPLINE_CURVE_WITH_KNOTS('',3,(#8194,#8195,#8196,#8197,#8198,#8199),
 .UNSPECIFIED.,.F.,.F.,(4,2,4),(0.,0.0499999999999998,0.0999999999999996),
 .UNSPECIFIED.);
#198=B_SPLINE_CURVE_WITH_KNOTS('',3,(#8201,#8202,#8203,#8204),
 .UNSPECIFIED.,.F.,.F.,(4,4),(0.,0.00630970545419912),.UNSPECIFIED.);
#199=B_SPLINE_CURVE_WITH_KNOTS('',3,(#8207,#8208,#8209,#8210),
 .UNSPECIFIED.,.F.,.F.,(4,4),(0.,0.00630970545419904),.UNSPECIFIED.);
#200=B_SPLINE_CURVE_WITH_KNOTS('',3,(#8222,#8223,#8224,#8225,#8226),
 .UNSPECIFIED.,.F.,.F.,(4,1,4),(0.,0.0469252016187834,0.0981246313883959),
 .UNSPECIFIED.);
#201=B_SPLINE_CURVE_WITH_KNOTS('',3,(#8229,#8230,#8231,#8232,#8233),
 .UNSPECIFIED.,.F.,.F.,(4,1,4),(0.,0.0469252016187834,0.0981246313883959),
 .UNSPECIFIED.);
#202=B_SPLINE_CURVE_WITH_KNOTS('',3,(#8245,#8246,#8247,#8248,#8249),
 .UNSPECIFIED.,.F.,.F.,(4,1,4),(0.,0.0557082337684048,0.104795932309661),
 .UNSPECIFIED.);
#203=B_SPLINE_CURVE_WITH_KNOTS('',3,(#8252,#8253,#8254,#8255,#8256),
 .UNSPECIFIED.,.F.,.F.,(4,1,4),(0.,0.0557082337684048,0.104795932309661),
 .UNSPECIFIED.);
#204=B_SPLINE_CURVE_WITH_KNOTS('',3,(#8268,#8269,#8270,#8271,#8272),
 .UNSPECIFIED.,.F.,.F.,(4,1,4),(0.,0.0461874050379846,0.0975017742882815),
 .UNSPECIFIED.);
#205=B_SPLINE_CURVE_WITH_KNOTS('',3,(#8275,#8276,#8277,#8278,#8279),
 .UNSPECIFIED.,.F.,.F.,(4,1,4),(0.,0.0461874050379846,0.0975017742882815),
 .UNSPECIFIED.);
#206=B_SPLINE_CURVE_WITH_KNOTS('',3,(#8291,#8292,#8293,#8294,#8295),
 .UNSPECIFIED.,.F.,.F.,(4,1,4),(0.,0.039722971499458,0.0823340867380051),
 .UNSPECIFIED.);
#207=B_SPLINE_CURVE_WITH_KNOTS('',3,(#8298,#8299,#8300,#8301,#8302),
 .UNSPECIFIED.,.F.,.F.,(4,1,4),(0.,0.039722971499458,0.0823340867380051),
 .UNSPECIFIED.);
#208=B_SPLINE_CURVE_WITH_KNOTS('',3,(#8319,#8320,#8321,#8322,#8323),
 .UNSPECIFIED.,.F.,.F.,(4,1,4),(0.,0.040022359623786,0.080480980500533),
 .UNSPECIFIED.);
#209=B_SPLINE_CURVE_WITH_KNOTS('',3,(#8324,#8325,#8326,#8327,#8328),
 .UNSPECIFIED.,.F.,.F.,(4,1,4),(0.,0.040022359623786,0.080480980500533),
 .UNSPECIFIED.);
#210=B_SPLINE_SURFACE_WITH_KNOTS('',3,1,((#5914,#5915),(#5916,#5917),(#5918,
#5919),(#5920,#5921),(#5922,#5923)),.UNSPECIFIED.,.F.,.F.,.F.,(4,1,4),(2,
2),(0.,0.0727818127301025,0.15874050373873),(0.,0.0999999999999996),
 .UNSPECIFIED.);
#211=B_SPLINE_SURFACE_WITH_KNOTS('',3,1,((#5943,#5944),(#5945,#5946),(#5947,
#5948),(#5949,#5950),(#5951,#5952)),.UNSPECIFIED.,.F.,.F.,.F.,(4,1,4),(2,
2),(0.,0.062081299352384,0.126025248976343),(0.,0.0999999999999996),
 .UNSPECIFIED.);
#212=B_SPLINE_SURFACE_WITH_KNOTS('',3,1,((#5972,#5973),(#5974,#5975),(#5976,
#5977),(#5978,#5979),(#5980,#5981)),.UNSPECIFIED.,.F.,.F.,.F.,(4,1,4),(2,
2),(0.,0.0224004888409041,0.0448759939161286),(0.,0.0999999999999996),
 .UNSPECIFIED.);
#213=B_SPLINE_SURFACE_WITH_KNOTS('',3,1,((#5995,#5996),(#5997,#5998),(#5999,
#6000),(#6001,#6002),(#6003,#6004)),.UNSPECIFIED.,.F.,.F.,.F.,(4,1,4),(2,
2),(0.,0.0258231703103724,0.0489842586969889),(0.,0.0999999999999996),
 .UNSPECIFIED.);
#214=B_SPLINE_SURFACE_WITH_KNOTS('',3,1,((#6018,#6019),(#6020,#6021),(#6022,
#6023),(#6024,#6025),(#6026,#6027)),.UNSPECIFIED.,.F.,.F.,.F.,(4,1,4),(2,
2),(0.,0.0657313256771343,0.139188906445307),(0.,0.0999999999999996),
 .UNSPECIFIED.);
#215=B_SPLINE_SURFACE_WITH_KNOTS('',3,1,((#6041,#6042),(#6043,#6044),(#6045,
#6046),(#6047,#6048),(#6049,#6050)),.UNSPECIFIED.,.F.,.F.,.F.,(4,1,4),(2,
2),(0.,0.0778735266601142,0.145540904484006),(0.,0.0999999999999996),
 .UNSPECIFIED.);
#216=B_SPLINE_SURFACE_WITH_KNOTS('',3,1,((#6298,#6299),(#6300,#6301),(#6302,
#6303),(#6304,#6305),(#6306,#6307)),.UNSPECIFIED.,.F.,.F.,.F.,(4,1,4),(2,
2),(0.,0.0451955871839254,0.088821103938238),(0.,0.0999999999999996),
 .UNSPECIFIED.);
#217=B_SPLINE_SURFACE_WITH_KNOTS('',3,1,((#6315,#6316),(#6317,#6318),(#6319,
#6320),(#6321,#6322),(#6323,#6324)),.UNSPECIFIED.,.F.,.F.,.F.,(4,1,4),(2,
2),(0.,0.0424812518057617,0.0866541170185504),(0.,0.0999999999999996),
 .UNSPECIFIED.);
#218=B_SPLINE_SURFACE_WITH_KNOTS('',3,1,((#6332,#6333),(#6334,#6335),(#6336,
#6337),(#6338,#6339),(#6340,#6341)),.UNSPECIFIED.,.F.,.F.,.F.,(4,1,4),(2,
2),(0.,0.0327998256897349,0.0732602737121495),(0.,0.0999999999999996),
 .UNSPECIFIED.);
#219=B_SPLINE_SURFACE_WITH_KNOTS('',3,1,((#6349,#6350),(#6351,#6352),(#6353,
#6354),(#6355,#6356),(#6357,#6358)),.UNSPECIFIED.,.F.,.F.,.F.,(4,1,4),(2,
2),(0.,0.0475335587218512,0.0827924445940405),(0.,0.0999999999999996),
 .UNSPECIFIED.);
#220=B_SPLINE_SURFACE_WITH_KNOTS('',3,1,((#6370,#6371),(#6372,#6373),(#6374,
#6375),(#6376,#6377),(#6378,#6379)),.UNSPECIFIED.,.F.,.F.,.F.,(4,1,4),(2,
2),(0.,0.0657094963873983,0.142815609388589),(0.,0.0999999999999996),
 .UNSPECIFIED.);
#221=B_SPLINE_SURFACE_WITH_KNOTS('',3,1,((#6387,#6388),(#6389,#6390),(#6391,
#6392),(#6393,#6394),(#6395,#6396)),.UNSPECIFIED.,.F.,.F.,.F.,(4,1,4),(2,
2),(0.,0.0763166371682383,0.140711615201861),(0.,0.0999999999999996),
 .UNSPECIFIED.);
#222=B_SPLINE_SURFACE_WITH_KNOTS('',3,1,((#6404,#6405),(#6406,#6407),(#6408,
#6409),(#6410,#6411),(#6412,#6413)),.UNSPECIFIED.,.F.,.F.,.F.,(4,1,4),(2,
2),(0.,0.0536230319255355,0.106405880076066),(0.,0.0999999999999996),
 .UNSPECIFIED.);
#223=B_SPLINE_SURFACE_WITH_KNOTS('',3,1,((#6421,#6422),(#6423,#6424),(#6425,
#6426),(#6427,#6428),(#6429,#6430)),.UNSPECIFIED.,.F.,.F.,.F.,(4,1,4),(2,
2),(0.,0.0563654008001347,0.110550781529454),(0.,0.0999999999999996),
 .UNSPECIFIED.);
#224=B_SPLINE_SURFACE_WITH_KNOTS('',3,1,((#6479,#6480),(#6481,#6482),(#6483,
#6484),(#6485,#6486),(#6487,#6488)),.UNSPECIFIED.,.F.,.F.,.F.,(4,1,4),(2,
2),(0.,0.0876502835135797,0.16904668796577),(0.,0.0999999999999996),
 .UNSPECIFIED.);
#225=B_SPLINE_SURFACE_WITH_KNOTS('',3,1,((#6560,#6561),(#6562,#6563),(#6564,
#6565),(#6566,#6567),(#6568,#6569)),.UNSPECIFIED.,.F.,.F.,.F.,(4,1,4),(2,
2),(0.,0.077047527859107,0.139537644873907),(0.,0.0999999999999996),
 .UNSPECIFIED.);
#226=B_SPLINE_SURFACE_WITH_KNOTS('',3,1,((#6584,#6585),(#6586,#6587),(#6588,
#6589),(#6590,#6591),(#6592,#6593)),.UNSPECIFIED.,.F.,.F.,.F.,(4,1,4),(2,
2),(0.,0.0639235516835521,0.145199955150042),(0.,0.0999999999999996),
 .UNSPECIFIED.);
#227=B_SPLINE_SURFACE_WITH_KNOTS('',3,1,((#6608,#6609),(#6610,#6611),(#6612,
#6613),(#6614,#6615),(#6616,#6617)),.UNSPECIFIED.,.F.,.F.,.F.,(4,1,4),(2,
2),(0.,0.0567032316106177,0.112452188673794),(0.,0.0999999999999996),
 .UNSPECIFIED.);
#228=B_SPLINE_SURFACE_WITH_KNOTS('',3,1,((#6625,#6626),(#6627,#6628),(#6629,
#6630),(#6631,#6632),(#6633,#6634)),.UNSPECIFIED.,.F.,.F.,.F.,(4,1,4),(2,
2),(0.,0.0547784159742747,0.113329911593226),(0.,0.0999999999999996),
 .UNSPECIFIED.);
#229=B_SPLINE_SURFACE_WITH_KNOTS('',3,1,((#6640,#6641),(#6642,#6643),(#6644,
#6645),(#6646,#6647),(#6648,#6649)),.UNSPECIFIED.,.F.,.F.,.F.,(4,1,4),(2,
2),(0.,0.110727067581239,0.239359576014564),(0.,0.0999999999999996),
 .UNSPECIFIED.);
#230=B_SPLINE_SURFACE_WITH_KNOTS('',3,1,((#6664,#6665),(#6666,#6667),(#6668,
#6669),(#6670,#6671),(#6672,#6673)),.UNSPECIFIED.,.F.,.F.,.F.,(4,1,4),(2,
2),(0.,0.11088416118565,0.214454464491651),(0.,0.0999999999999996),
 .UNSPECIFIED.);
#231=B_SPLINE_SURFACE_WITH_KNOTS('',3,1,((#6681,#6682),(#6683,#6684),(#6685,
#6686),(#6687,#6688),(#6689,#6690)),.UNSPECIFIED.,.F.,.F.,.F.,(4,1,4),(2,
2),(0.,0.075857162833868,0.157434856712429),(0.,0.0999999999999996),
 .UNSPECIFIED.);
#232=B_SPLINE_SURFACE_WITH_KNOTS('',3,1,((#6698,#6699),(#6700,#6701),(#6702,
#6703),(#6704,#6705),(#6706,#6707)),.UNSPECIFIED.,.F.,.F.,.F.,(4,1,4),(2,
2),(0.,0.0770875490185282,0.151686637080713),(0.,0.0999999999999996),
 .UNSPECIFIED.);
#233=B_SPLINE_SURFACE_WITH_KNOTS('',3,1,((#6777,#6778),(#6779,#6780),(#6781,
#6782),(#6783,#6784),(#6785,#6786)),.UNSPECIFIED.,.F.,.F.,.F.,(4,1,4),(2,
2),(0.,0.072782088087615,0.15874042214302),(0.,0.0999999999999996),
 .UNSPECIFIED.);
#234=B_SPLINE_SURFACE_WITH_KNOTS('',3,1,((#6806,#6807),(#6808,#6809),(#6810,
#6811),(#6812,#6813),(#6814,#6815)),.UNSPECIFIED.,.F.,.F.,.F.,(4,1,4),(2,
2),(0.,0.0620808351616961,0.126025168449438),(0.,0.0999999999999996),
 .UNSPECIFIED.);
#235=B_SPLINE_SURFACE_WITH_KNOTS('',3,1,((#6835,#6836),(#6837,#6838),(#6839,
#6840),(#6841,#6842),(#6843,#6844)),.UNSPECIFIED.,.F.,.F.,.F.,(4,1,4),(2,
2),(0.,0.0224014205257347,0.0448757802500463),(0.,0.0999999999999996),
 .UNSPECIFIED.);
#236=B_SPLINE_SURFACE_WITH_KNOTS('',3,1,((#6858,#6859),(#6860,#6861),(#6862,
#6863),(#6864,#6865),(#6866,#6867)),.UNSPECIFIED.,.F.,.F.,.F.,(4,1,4),(2,
2),(0.,0.0258229321322311,0.0489842562337254),(0.,0.0999999999999996),
 .UNSPECIFIED.);
#237=B_SPLINE_SURFACE_WITH_KNOTS('',3,1,((#6881,#6882),(#6883,#6884),(#6885,
#6886),(#6887,#6888),(#6889,#6890)),.UNSPECIFIED.,.F.,.F.,.F.,(4,1,4),(2,
2),(0.,0.0657313256771343,0.139189142579229),(0.,0.0999999999999996),
 .UNSPECIFIED.);
#238=B_SPLINE_SURFACE_WITH_KNOTS('',3,1,((#6904,#6905),(#6906,#6907),(#6908,
#6909),(#6910,#6911),(#6912,#6913)),.UNSPECIFIED.,.F.,.F.,.F.,(4,1,4),(2,
2),(0.,0.0778737609415622,0.145540648555246),(0.,0.0999999999999996),
 .UNSPECIFIED.);
#239=B_SPLINE_SURFACE_WITH_KNOTS('',3,1,((#6951,#6952),(#6953,#6954),(#6955,
#6956),(#6957,#6958),(#6959,#6960)),.UNSPECIFIED.,.F.,.F.,.F.,(4,1,4),(2,
2),(0.,0.0884133586453072,0.169079173255741),(0.,0.0999999999999996),
 .UNSPECIFIED.);
#240=B_SPLINE_SURFACE_WITH_KNOTS('',3,1,((#7040,#7041),(#7042,#7043),(#7044,
#7045),(#7046,#7047),(#7048,#7049)),.UNSPECIFIED.,.F.,.F.,.F.,(4,1,4),(2,
2),(0.,0.0377268383349402,0.0730314444358132),(0.,0.0999999999999996),
 .UNSPECIFIED.);
#241=B_SPLINE_SURFACE_WITH_KNOTS('',3,1,((#7057,#7058),(#7059,#7060),(#7061,
#7062),(#7063,#7064),(#7065,#7066)),.UNSPECIFIED.,.F.,.F.,.F.,(4,1,4),(2,
2),(0.,0.0742245554678476,0.173774544215409),(0.,0.0999999999999996),
 .UNSPECIFIED.);
#242=B_SPLINE_SURFACE_WITH_KNOTS('',3,1,((#7081,#7082),(#7083,#7084),(#7085,
#7086),(#7087,#7088),(#7089,#7090)),.UNSPECIFIED.,.F.,.F.,.F.,(4,1,4),(2,
2),(0.,0.0598324651168396,0.119715392921644),(0.,0.0999999999999996),
 .UNSPECIFIED.);
#243=B_SPLINE_SURFACE_WITH_KNOTS('',3,1,((#7098,#7099),(#7100,#7101),(#7102,
#7103),(#7104,#7105),(#7106,#7107)),.UNSPECIFIED.,.F.,.F.,.F.,(4,1,4),(2,
2),(0.,0.0346159760506446,0.0702624789070387),(0.,0.0999999999999996),
 .UNSPECIFIED.);
#244=B_SPLINE_SURFACE_WITH_KNOTS('',3,1,((#7113,#7114),(#7115,#7116),(#7117,
#7118),(#7119,#7120),(#7121,#7122)),.UNSPECIFIED.,.F.,.F.,.F.,(4,1,4),(2,
2),(0.,0.0874011191566191,0.172131632935296),(0.,0.0999999999999996),
 .UNSPECIFIED.);
#245=B_SPLINE_SURFACE_WITH_KNOTS('',3,1,((#7132,#7133),(#7134,#7135),(#7136,
#7137),(#7138,#7139),(#7140,#7141)),.UNSPECIFIED.,.F.,.F.,.F.,(4,1,4),(2,
2),(0.,0.0671622025626183,0.138366482396937),(0.,0.0999999999999996),
 .UNSPECIFIED.);
#246=B_SPLINE_SURFACE_WITH_KNOTS('',3,1,((#7149,#7150),(#7151,#7152),(#7153,
#7154),(#7155,#7156),(#7157,#7158)),.UNSPECIFIED.,.F.,.F.,.F.,(4,1,4),(2,
2),(0.,0.0741185757700857,0.142894250587543),(0.,0.0999999999999996),
 .UNSPECIFIED.);
#247=B_SPLINE_SURFACE_WITH_KNOTS('',3,1,((#7176,#7177),(#7178,#7179),(#7180,
#7181),(#7182,#7183),(#7184,#7185)),.UNSPECIFIED.,.F.,.F.,.F.,(4,1,4),(2,
2),(0.,0.0897748694802639,0.171469116563005),(0.,0.0999999999999996),
 .UNSPECIFIED.);
#248=B_SPLINE_SURFACE_WITH_KNOTS('',3,1,((#7257,#7258),(#7259,#7260),(#7261,
#7262),(#7263,#7264),(#7265,#7266)),.UNSPECIFIED.,.F.,.F.,.F.,(4,1,4),(2,
2),(0.,0.0985004947149857,0.171576638896209),(0.,0.0999999999999996),
 .UNSPECIFIED.);
#249=B_SPLINE_SURFACE_WITH_KNOTS('',3,1,((#7281,#7282),(#7283,#7284),(#7285,
#7286),(#7287,#7288),(#7289,#7290)),.UNSPECIFIED.,.F.,.F.,.F.,(4,1,4),(2,
2),(0.,0.0735023736762562,0.172881924781906),(0.,0.0999999999999996),
 .UNSPECIFIED.);
#250=B_SPLINE_SURFACE_WITH_KNOTS('',3,1,((#7305,#7306),(#7307,#7308),(#7309,
#7310),(#7311,#7312),(#7313,#7314)),.UNSPECIFIED.,.F.,.F.,.F.,(4,1,4),(2,
2),(0.,0.0629098550688803,0.122710024221527),(0.,0.0999999999999996),
 .UNSPECIFIED.);
#251=B_SPLINE_SURFACE_WITH_KNOTS('',3,1,((#7322,#7323),(#7324,#7325),(#7326,
#7327),(#7328,#7329),(#7330,#7331)),.UNSPECIFIED.,.F.,.F.,.F.,(4,1,4),(2,
2),(0.,0.0594805819838176,0.122248826664424),(0.,0.0999999999999996),
 .UNSPECIFIED.);
#252=B_SPLINE_SURFACE_WITH_KNOTS('',3,1,((#7337,#7338),(#7339,#7340),(#7341,
#7342),(#7343,#7344),(#7345,#7346)),.UNSPECIFIED.,.F.,.F.,.F.,(4,1,4),(2,
2),(0.,0.0761839628400766,0.149372559508999),(0.,0.0999999999999996),
 .UNSPECIFIED.);
#253=B_SPLINE_SURFACE_WITH_KNOTS('',3,1,((#7354,#7355),(#7356,#7357),(#7358,
#7359),(#7360,#7361),(#7362,#7363)),.UNSPECIFIED.,.F.,.F.,.F.,(4,1,4),(2,
2),(0.,0.115122150162364,0.247755178409084),(0.,0.0999999999999996),
 .UNSPECIFIED.);
#254=B_SPLINE_SURFACE_WITH_KNOTS('',3,1,((#7378,#7379),(#7380,#7381),(#7382,
#7383),(#7384,#7385),(#7386,#7387)),.UNSPECIFIED.,.F.,.F.,.F.,(4,1,4),(2,
2),(0.,0.120554169540084,0.229279659774408),(0.,0.0999999999999996),
 .UNSPECIFIED.);
#255=B_SPLINE_SURFACE_WITH_KNOTS('',3,1,((#7395,#7396),(#7397,#7398),(#7399,
#7400),(#7401,#7402),(#7403,#7404)),.UNSPECIFIED.,.F.,.F.,.F.,(4,1,4),(2,
2),(0.,0.0753122663056945,0.157984482020873),(0.,0.0999999999999996),
 .UNSPECIFIED.);
#256=B_SPLINE_SURFACE_WITH_KNOTS('',3,1,((#7522,#7523),(#7524,#7525),(#7526,
#7527),(#7528,#7529),(#7530,#7531)),.UNSPECIFIED.,.F.,.F.,.F.,(4,1,4),(2,
2),(0.,0.0324330075939629,0.0640288438987547),(0.,0.0999999999999996),
 .UNSPECIFIED.);
#257=B_SPLINE_SURFACE_WITH_KNOTS('',3,1,((#7548,#7549),(#7550,#7551),(#7552,
#7553),(#7554,#7555),(#7556,#7557)),.UNSPECIFIED.,.F.,.F.,.F.,(4,1,4),(2,
2),(0.,0.0319558307395354,0.0645313542111485),(0.,0.0999999999999996),
 .UNSPECIFIED.);
#258=B_SPLINE_SURFACE_WITH_KNOTS('',3,1,((#7571,#7572),(#7573,#7574),(#7575,
#7576),(#7577,#7578),(#7579,#7580)),.UNSPECIFIED.,.F.,.F.,.F.,(4,1,4),(2,
2),(0.,0.0342869798910896,0.0667255579791812),(0.,0.0999999999999996),
 .UNSPECIFIED.);
#259=B_SPLINE_SURFACE_WITH_KNOTS('',3,1,((#7594,#7595),(#7596,#7597),(#7598,
#7599),(#7600,#7601),(#7602,#7603)),.UNSPECIFIED.,.F.,.F.,.F.,(4,1,4),(2,
2),(0.,0.0323175017765303,0.0673180828808326),(0.,0.0999999999999996),
 .UNSPECIFIED.);
#260=B_SPLINE_SURFACE_WITH_KNOTS('',3,1,((#7617,#7618),(#7619,#7620),(#7621,
#7622),(#7623,#7624),(#7625,#7626)),.UNSPECIFIED.,.F.,.F.,.F.,(4,1,4),(2,
2),(0.,0.0325756104514363,0.0645314411909718),(0.,0.0999999999999996),
 .UNSPECIFIED.);
#261=B_SPLINE_SURFACE_WITH_KNOTS('',3,1,((#7640,#7641),(#7642,#7643),(#7644,
#7645),(#7646,#7647),(#7648,#7649)),.UNSPECIFIED.,.F.,.F.,.F.,(4,1,4),(2,
2),(0.,0.0315958363047918,0.0640289312607803),(0.,0.0999999999999996),
 .UNSPECIFIED.);
#262=B_SPLINE_SURFACE_WITH_KNOTS('',3,1,((#7663,#7664),(#7665,#7666),(#7667,
#7668),(#7669,#7670),(#7671,#7672)),.UNSPECIFIED.,.F.,.F.,.F.,(4,1,4),(2,
2),(0.,0.034976262994123,0.0670560079596352),(0.,0.0999999999999996),
 .UNSPECIFIED.);
#263=B_SPLINE_SURFACE_WITH_KNOTS('',3,1,((#7686,#7687),(#7688,#7689),(#7690,
#7691),(#7692,#7693),(#7694,#7695)),.UNSPECIFIED.,.F.,.F.,.F.,(4,1,4),(2,
2),(0.,0.0322012479339837,0.0664638938652605),(0.,0.0999999999999996),
 .UNSPECIFIED.);
#264=B_SPLINE_SURFACE_WITH_KNOTS('',3,1,((#7716,#7717),(#7718,#7719),(#7720,
#7721),(#7722,#7723),(#7724,#7725)),.UNSPECIFIED.,.F.,.F.,.F.,(4,1,4),(2,
2),(0.,0.079370845093339,0.166506967445681),(0.,0.0999999999999996),
 .UNSPECIFIED.);
#265=B_SPLINE_SURFACE_WITH_KNOTS('',3,1,((#7742,#7743),(#7744,#7745),(#7746,
#7747),(#7748,#7749),(#7750,#7751)),.UNSPECIFIED.,.F.,.F.,.F.,(4,1,4),(2,
2),(0.,0.108108183952483,0.194349224325096),(0.,0.0999999999999996),
 .UNSPECIFIED.);
#266=B_SPLINE_SURFACE_WITH_KNOTS('',3,1,((#7765,#7766),(#7767,#7768),(#7769,
#7770),(#7771,#7772),(#7773,#7774)),.UNSPECIFIED.,.F.,.F.,.F.,(4,1,4),(2,
2),(0.,0.0536175758301105,0.102672474537487),(0.,0.0999999999999996),
 .UNSPECIFIED.);
#267=B_SPLINE_SURFACE_WITH_KNOTS('',3,1,((#7788,#7789),(#7790,#7791),(#7792,
#7793),(#7794,#7795),(#7796,#7797)),.UNSPECIFIED.,.F.,.F.,.F.,(4,1,4),(2,
2),(0.,0.0597637661065678,0.116858585172246),(0.,0.0999999999999996),
 .UNSPECIFIED.);
#268=B_SPLINE_SURFACE_WITH_KNOTS('',3,1,((#7817,#7818),(#7819,#7820),(#7821,
#7822),(#7823,#7824),(#7825,#7826)),.UNSPECIFIED.,.F.,.F.,.F.,(4,1,4),(2,
2),(0.,0.04497386086592,0.0930186401190489),(0.,0.0999999999999996),
 .UNSPECIFIED.);
#269=B_SPLINE_SURFACE_WITH_KNOTS('',3,1,((#7840,#7841),(#7842,#7843),(#7844,
#7845),(#7846,#7847),(#7848,#7849)),.UNSPECIFIED.,.F.,.F.,.F.,(4,1,4),(2,
2),(0.,0.0333949936055407,0.0735688659610393),(0.,0.0999999999999996),
 .UNSPECIFIED.);
#270=B_SPLINE_SURFACE_WITH_KNOTS('',3,1,((#7863,#7864),(#7865,#7866),(#7867,
#7868),(#7869,#7870),(#7871,#7872)),.UNSPECIFIED.,.F.,.F.,.F.,(4,1,4),(2,
2),(0.,0.0472816596332758,0.104898158544371),(0.,0.0999999999999996),
 .UNSPECIFIED.);
#271=B_SPLINE_SURFACE_WITH_KNOTS('',3,1,((#7886,#7887),(#7888,#7889),(#7890,
#7891),(#7892,#7893),(#7894,#7895)),.UNSPECIFIED.,.F.,.F.,.F.,(4,1,4),(2,
2),(0.,0.0519426039910579,0.0953775387781534),(0.,0.0999999999999996),
 .UNSPECIFIED.);
#272=B_SPLINE_SURFACE_WITH_KNOTS('',3,1,((#7914,#7915),(#7916,#7917),(#7918,
#7919),(#7920,#7921),(#7922,#7923)),.UNSPECIFIED.,.F.,.F.,.F.,(4,1,4),(2,
2),(0.,0.0497347330444401,0.104870683833557),(0.,0.0999999999999996),
 .UNSPECIFIED.);
#273=B_SPLINE_SURFACE_WITH_KNOTS('',3,1,((#7943,#7944),(#7945,#7946),(#7947,
#7948),(#7949,#7950),(#7951,#7952)),.UNSPECIFIED.,.F.,.F.,.F.,(4,1,4),(2,
2),(0.,0.0467920283502326,0.102254084285712),(0.,0.0999999999999996),
 .UNSPECIFIED.);
#274=B_SPLINE_SURFACE_WITH_KNOTS('',3,1,((#7972,#7973),(#7974,#7975),(#7976,
#7977),(#7978,#7979),(#7980,#7981)),.UNSPECIFIED.,.F.,.F.,.F.,(4,1,4),(2,
2),(0.,0.0529226616273099,0.100399205452717),(0.,0.0999999999999996),
 .UNSPECIFIED.);
#275=B_SPLINE_SURFACE_WITH_KNOTS('',3,1,((#8001,#8002),(#8003,#8004),(#8005,
#8006),(#8007,#8008),(#8009,#8010)),.UNSPECIFIED.,.F.,.F.,.F.,(4,1,4),(2,
2),(0.,0.046506384208717,0.0979743367527576),(0.,0.0999999999999996),
 .UNSPECIFIED.);
#276=B_SPLINE_SURFACE_WITH_KNOTS('',3,1,((#8024,#8025),(#8026,#8027),(#8028,
#8029),(#8030,#8031),(#8032,#8033)),.UNSPECIFIED.,.F.,.F.,.F.,(4,1,4),(2,
2),(0.,0.0550623451489457,0.10221388964281),(0.,0.0999999999999996),
 .UNSPECIFIED.);
#277=B_SPLINE_SURFACE_WITH_KNOTS('',3,1,((#8047,#8048),(#8049,#8050),(#8051,
#8052),(#8053,#8054),(#8055,#8056)),.UNSPECIFIED.,.F.,.F.,.F.,(4,1,4),(2,
2),(0.,0.0985882455979561,0.193877003960021),(0.,0.0999999999999996),
 .UNSPECIFIED.);
#278=B_SPLINE_SURFACE_WITH_KNOTS('',3,1,((#8067,#8068),(#8069,#8070),(#8071,
#8072),(#8073,#8074),(#8075,#8076)),.UNSPECIFIED.,.F.,.F.,.F.,(4,1,4),(2,
2),(0.,0.0470689225392016,0.0886892674378272),(0.,0.0999999999999996),
 .UNSPECIFIED.);
#279=B_SPLINE_SURFACE_WITH_KNOTS('',3,1,((#8093,#8094),(#8095,#8096),(#8097,
#8098),(#8099,#8100),(#8101,#8102)),.UNSPECIFIED.,.F.,.F.,.F.,(4,1,4),(2,
2),(0.,0.0675549283550558,0.123235364199188),(0.,0.0999999999999996),
 .UNSPECIFIED.);
#280=B_SPLINE_SURFACE_WITH_KNOTS('',3,1,((#8116,#8117),(#8118,#8119),(#8120,
#8121),(#8122,#8123),(#8124,#8125)),.UNSPECIFIED.,.F.,.F.,.F.,(4,1,4),(2,
2),(0.,0.0655836225928558,0.136924197518681),(0.,0.0999999999999996),
 .UNSPECIFIED.);
#281=B_SPLINE_SURFACE_WITH_KNOTS('',3,1,((#8139,#8140),(#8141,#8142),(#8143,
#8144),(#8145,#8146),(#8147,#8148)),.UNSPECIFIED.,.F.,.F.,.F.,(4,1,4),(2,
2),(0.,0.0580958859121138,0.118763875748642),(0.,0.0999999999999996),
 .UNSPECIFIED.);
#282=B_SPLINE_SURFACE_WITH_KNOTS('',3,1,((#8162,#8163),(#8164,#8165),(#8166,
#8167),(#8168,#8169),(#8170,#8171)),.UNSPECIFIED.,.F.,.F.,.F.,(4,1,4),(2,
2),(0.,0.0614082622512542,0.119509496313105),(0.,0.0999999999999996),
 .UNSPECIFIED.);
#283=B_SPLINE_SURFACE_WITH_KNOTS('',3,1,((#8182,#8183),(#8184,#8185),(#8186,
#8187),(#8188,#8189),(#8190,#8191)),.UNSPECIFIED.,.F.,.F.,.F.,(4,1,4),(2,
2),(0.,0.056984287878529,0.111638733439608),(0.,0.0999999999999996),
 .UNSPECIFIED.);
#284=B_SPLINE_SURFACE_WITH_KNOTS('',3,1,((#8211,#8212),(#8213,#8214),(#8215,
#8216),(#8217,#8218),(#8219,#8220)),.UNSPECIFIED.,.F.,.F.,.F.,(4,1,4),(2,
2),(0.,0.0469252016187834,0.0981246313883959),(0.,0.0999999999999996),
 .UNSPECIFIED.);
#285=B_SPLINE_SURFACE_WITH_KNOTS('',3,1,((#8234,#8235),(#8236,#8237),(#8238,
#8239),(#8240,#8241),(#8242,#8243)),.UNSPECIFIED.,.F.,.F.,.F.,(4,1,4),(2,
2),(0.,0.0557082337684048,0.104795932309661),(0.,0.0999999999999996),
 .UNSPECIFIED.);
#286=B_SPLINE_SURFACE_WITH_KNOTS('',3,1,((#8257,#8258),(#8259,#8260),(#8261,
#8262),(#8263,#8264),(#8265,#8266)),.UNSPECIFIED.,.F.,.F.,.F.,(4,1,4),(2,
2),(0.,0.0461874050379846,0.0975017742882815),(0.,0.0999999999999996),
 .UNSPECIFIED.);
#287=B_SPLINE_SURFACE_WITH_KNOTS('',3,1,((#8280,#8281),(#8282,#8283),(#8284,
#8285),(#8286,#8287),(#8288,#8289)),.UNSPECIFIED.,.F.,.F.,.F.,(4,1,4),(2,
2),(0.,0.039722971499458,0.0823340867380051),(0.,0.0999999999999996),
 .UNSPECIFIED.);
#288=B_SPLINE_SURFACE_WITH_KNOTS('',3,1,((#8309,#8310),(#8311,#8312),(#8313,
#8314),(#8315,#8316),(#8317,#8318)),.UNSPECIFIED.,.F.,.F.,.F.,(4,1,4),(2,
2),(0.,0.040022359623786,0.080480980500533),(0.,0.0999999999999996),
 .UNSPECIFIED.);
#289=PLANE('',#4756);
#290=PLANE('',#4760);
#291=PLANE('',#4764);
#292=PLANE('',#4768);
#293=PLANE('',#4769);
#294=PLANE('',#4770);
#295=PLANE('',#4771);
#296=PLANE('',#4772);
#297=PLANE('',#4773);
#298=PLANE('',#4774);
#299=PLANE('',#4775);
#300=PLANE('',#4776);
#301=PLANE('',#4777);
#302=PLANE('',#4778);
#303=PLANE('',#4779);
#304=PLANE('',#4780);
#305=PLANE('',#4781);
#306=PLANE('',#4782);
#307=PLANE('',#4783);
#308=PLANE('',#4784);
#309=PLANE('',#4785);
#310=PLANE('',#4786);
#311=PLANE('',#4787);
#312=PLANE('',#4788);
#313=PLANE('',#4789);
#314=PLANE('',#4790);
#315=PLANE('',#4791);
#316=PLANE('',#4792);
#317=PLANE('',#4793);
#318=PLANE('',#4794);
#319=PLANE('',#4795);
#320=PLANE('',#4796);
#321=PLANE('',#4797);
#322=PLANE('',#4798);
#323=PLANE('',#4799);
#324=PLANE('',#4800);
#325=PLANE('',#4801);
#326=PLANE('',#4802);
#327=PLANE('',#4803);
#328=PLANE('',#4804);
#329=PLANE('',#4805);
#330=PLANE('',#4806);
#331=PLANE('',#4807);
#332=PLANE('',#4808);
#333=PLANE('',#4809);
#334=PLANE('',#4810);
#335=PLANE('',#4811);
#336=PLANE('',#4812);
#337=PLANE('',#4813);
#338=PLANE('',#4814);
#339=PLANE('',#4815);
#340=PLANE('',#4816);
#341=PLANE('',#4817);
#342=PLANE('',#4818);
#343=PLANE('',#4819);
#344=PLANE('',#4820);
#345=PLANE('',#4821);
#346=PLANE('',#4822);
#347=PLANE('',#4823);
#348=PLANE('',#4824);
#349=PLANE('',#4825);
#350=PLANE('',#4826);
#351=PLANE('',#4827);
#352=PLANE('',#4828);
#353=PLANE('',#4829);
#354=PLANE('',#4830);
#355=PLANE('',#4831);
#356=PLANE('',#4832);
#357=PLANE('',#4833);
#358=PLANE('',#4834);
#359=PLANE('',#4835);
#360=PLANE('',#4836);
#361=PLANE('',#4837);
#362=PLANE('',#4838);
#363=PLANE('',#4839);
#364=PLANE('',#4840);
#365=PLANE('',#4841);
#366=PLANE('',#4842);
#367=PLANE('',#4843);
#368=PLANE('',#4844);
#369=PLANE('',#4845);
#370=PLANE('',#4846);
#371=PLANE('',#4847);
#372=PLANE('',#4848);
#373=PLANE('',#4849);
#374=PLANE('',#4850);
#375=PLANE('',#4851);
#376=PLANE('',#4852);
#377=PLANE('',#4853);
#378=PLANE('',#4854);
#379=PLANE('',#4855);
#380=PLANE('',#4856);
#381=PLANE('',#4857);
#382=PLANE('',#4858);
#383=PLANE('',#4859);
#384=PLANE('',#4860);
#385=PLANE('',#4861);
#386=PLANE('',#4862);
#387=PLANE('',#4863);
#388=PLANE('',#4864);
#389=PLANE('',#4865);
#390=PLANE('',#4866);
#391=PLANE('',#4867);
#392=PLANE('',#4868);
#393=PLANE('',#4869);
#394=PLANE('',#4870);
#395=PLANE('',#4871);
#396=PLANE('',#4872);
#397=PLANE('',#4873);
#398=PLANE('',#4874);
#399=PLANE('',#4875);
#400=PLANE('',#4882);
#401=PLANE('',#4883);
#402=PLANE('',#4884);
#403=PLANE('',#4885);
#404=PLANE('',#4892);
#405=PLANE('',#4907);
#406=PLANE('',#4910);
#407=PLANE('',#4913);
#408=PLANE('',#4916);
#409=PLANE('',#4917);
#410=PLANE('',#4918);
#411=PLANE('',#4922);
#412=PLANE('',#4926);
#413=PLANE('',#4927);
#414=PLANE('',#4931);
#415=PLANE('',#4935);
#416=PLANE('',#4936);
#417=PLANE('',#4941);
#418=PLANE('',#4942);
#419=PLANE('',#4943);
#420=PLANE('',#4944);
#421=PLANE('',#4945);
#422=PLANE('',#4948);
#423=PLANE('',#4951);
#424=PLANE('',#4954);
#425=PLANE('',#4957);
#426=PLANE('',#4966);
#427=FACE_OUTER_BOUND('',#668,.T.);
#428=FACE_OUTER_BOUND('',#669,.T.);
#429=FACE_OUTER_BOUND('',#670,.T.);
#430=FACE_OUTER_BOUND('',#671,.T.);
#431=FACE_OUTER_BOUND('',#672,.T.);
#432=FACE_OUTER_BOUND('',#673,.T.);
#433=FACE_OUTER_BOUND('',#674,.T.);
#434=FACE_OUTER_BOUND('',#675,.T.);
#435=FACE_OUTER_BOUND('',#676,.T.);
#436=FACE_OUTER_BOUND('',#677,.T.);
#437=FACE_OUTER_BOUND('',#678,.T.);
#438=FACE_OUTER_BOUND('',#679,.T.);
#439=FACE_OUTER_BOUND('',#680,.T.);
#440=FACE_OUTER_BOUND('',#681,.T.);
#441=FACE_OUTER_BOUND('',#682,.T.);
#442=FACE_OUTER_BOUND('',#683,.T.);
#443=FACE_OUTER_BOUND('',#684,.T.);
#444=FACE_OUTER_BOUND('',#685,.T.);
#445=FACE_OUTER_BOUND('',#686,.T.);
#446=FACE_OUTER_BOUND('',#687,.T.);
#447=FACE_OUTER_BOUND('',#688,.T.);
#448=FACE_OUTER_BOUND('',#689,.T.);
#449=FACE_OUTER_BOUND('',#690,.T.);
#450=FACE_OUTER_BOUND('',#691,.T.);
#451=FACE_OUTER_BOUND('',#692,.T.);
#452=FACE_OUTER_BOUND('',#693,.T.);
#453=FACE_OUTER_BOUND('',#694,.T.);
#454=FACE_OUTER_BOUND('',#695,.T.);
#455=FACE_OUTER_BOUND('',#696,.T.);
#456=FACE_OUTER_BOUND('',#697,.T.);
#457=FACE_OUTER_BOUND('',#698,.T.);
#458=FACE_OUTER_BOUND('',#699,.T.);
#459=FACE_OUTER_BOUND('',#700,.T.);
#460=FACE_OUTER_BOUND('',#701,.T.);
#461=FACE_OUTER_BOUND('',#702,.T.);
#462=FACE_OUTER_BOUND('',#703,.T.);
#463=FACE_OUTER_BOUND('',#704,.T.);
#464=FACE_OUTER_BOUND('',#705,.T.);
#465=FACE_OUTER_BOUND('',#706,.T.);
#466=FACE_OUTER_BOUND('',#707,.T.);
#467=FACE_OUTER_BOUND('',#708,.T.);
#468=FACE_OUTER_BOUND('',#709,.T.);
#469=FACE_OUTER_BOUND('',#710,.T.);
#470=FACE_OUTER_BOUND('',#711,.T.);
#471=FACE_OUTER_BOUND('',#712,.T.);
#472=FACE_OUTER_BOUND('',#713,.T.);
#473=FACE_OUTER_BOUND('',#714,.T.);
#474=FACE_OUTER_BOUND('',#715,.T.);
#475=FACE_OUTER_BOUND('',#716,.T.);
#476=FACE_OUTER_BOUND('',#717,.T.);
#477=FACE_OUTER_BOUND('',#718,.T.);
#478=FACE_OUTER_BOUND('',#719,.T.);
#479=FACE_OUTER_BOUND('',#720,.T.);
#480=FACE_OUTER_BOUND('',#721,.T.);
#481=FACE_OUTER_BOUND('',#722,.T.);
#482=FACE_OUTER_BOUND('',#723,.T.);
#483=FACE_OUTER_BOUND('',#724,.T.);
#484=FACE_OUTER_BOUND('',#725,.T.);
#485=FACE_OUTER_BOUND('',#726,.T.);
#486=FACE_OUTER_BOUND('',#727,.T.);
#487=FACE_OUTER_BOUND('',#728,.T.);
#488=FACE_OUTER_BOUND('',#729,.T.);
#489=FACE_OUTER_BOUND('',#730,.T.);
#490=FACE_OUTER_BOUND('',#731,.T.);
#491=FACE_OUTER_BOUND('',#732,.T.);
#492=FACE_OUTER_BOUND('',#733,.T.);
#493=FACE_OUTER_BOUND('',#734,.T.);
#494=FACE_OUTER_BOUND('',#735,.T.);
#495=FACE_OUTER_BOUND('',#736,.T.);
#496=FACE_OUTER_BOUND('',#737,.T.);
#497=FACE_OUTER_BOUND('',#738,.T.);
#498=FACE_OUTER_BOUND('',#739,.T.);
#499=FACE_OUTER_BOUND('',#740,.T.);
#500=FACE_OUTER_BOUND('',#741,.T.);
#501=FACE_OUTER_BOUND('',#742,.T.);
#502=FACE_OUTER_BOUND('',#743,.T.);
#503=FACE_OUTER_BOUND('',#744,.T.);
#504=FACE_OUTER_BOUND('',#745,.T.);
#505=FACE_OUTER_BOUND('',#746,.T.);
#506=FACE_OUTER_BOUND('',#747,.T.);
#507=FACE_OUTER_BOUND('',#748,.T.);
#508=FACE_OUTER_BOUND('',#749,.T.);
#509=FACE_OUTER_BOUND('',#750,.T.);
#510=FACE_OUTER_BOUND('',#751,.T.);
#511=FACE_OUTER_BOUND('',#752,.T.);
#512=FACE_OUTER_BOUND('',#753,.T.);
#513=FACE_OUTER_BOUND('',#754,.T.);
#514=FACE_OUTER_BOUND('',#755,.T.);
#515=FACE_OUTER_BOUND('',#756,.T.);
#516=FACE_OUTER_BOUND('',#757,.T.);
#517=FACE_OUTER_BOUND('',#758,.T.);
#518=FACE_OUTER_BOUND('',#759,.T.);
#519=FACE_OUTER_BOUND('',#760,.T.);
#520=FACE_OUTER_BOUND('',#761,.T.);
#521=FACE_OUTER_BOUND('',#762,.T.);
#522=FACE_OUTER_BOUND('',#763,.T.);
#523=FACE_OUTER_BOUND('',#764,.T.);
#524=FACE_OUTER_BOUND('',#765,.T.);
#525=FACE_OUTER_BOUND('',#766,.T.);
#526=FACE_OUTER_BOUND('',#767,.T.);
#527=FACE_OUTER_BOUND('',#768,.T.);
#528=FACE_OUTER_BOUND('',#769,.T.);
#529=FACE_OUTER_BOUND('',#770,.T.);
#530=FACE_OUTER_BOUND('',#771,.T.);
#531=FACE_OUTER_BOUND('',#772,.T.);
#532=FACE_OUTER_BOUND('',#773,.T.);
#533=FACE_OUTER_BOUND('',#774,.T.);
#534=FACE_OUTER_BOUND('',#775,.T.);
#535=FACE_OUTER_BOUND('',#776,.T.);
#536=FACE_OUTER_BOUND('',#777,.T.);
#537=FACE_OUTER_BOUND('',#778,.T.);
#538=FACE_OUTER_BOUND('',#779,.T.);
#539=FACE_OUTER_BOUND('',#780,.T.);
#540=FACE_OUTER_BOUND('',#781,.T.);
#541=FACE_OUTER_BOUND('',#782,.T.);
#542=FACE_OUTER_BOUND('',#783,.T.);
#543=FACE_OUTER_BOUND('',#784,.T.);
#544=FACE_OUTER_BOUND('',#785,.T.);
#545=FACE_OUTER_BOUND('',#786,.T.);
#546=FACE_OUTER_BOUND('',#787,.T.);
#547=FACE_OUTER_BOUND('',#788,.T.);
#548=FACE_OUTER_BOUND('',#789,.T.);
#549=FACE_OUTER_BOUND('',#790,.T.);
#550=FACE_OUTER_BOUND('',#791,.T.);
#551=FACE_OUTER_BOUND('',#792,.T.);
#552=FACE_OUTER_BOUND('',#793,.T.);
#553=FACE_OUTER_BOUND('',#794,.T.);
#554=FACE_OUTER_BOUND('',#795,.T.);
#555=FACE_OUTER_BOUND('',#796,.T.);
#556=FACE_OUTER_BOUND('',#797,.T.);
#557=FACE_OUTER_BOUND('',#798,.T.);
#558=FACE_OUTER_BOUND('',#799,.T.);
#559=FACE_OUTER_BOUND('',#800,.T.);
#560=FACE_OUTER_BOUND('',#801,.T.);
#561=FACE_OUTER_BOUND('',#802,.T.);
#562=FACE_OUTER_BOUND('',#803,.T.);
#563=FACE_OUTER_BOUND('',#804,.T.);
#564=FACE_OUTER_BOUND('',#805,.T.);
#565=FACE_OUTER_BOUND('',#806,.T.);
#566=FACE_OUTER_BOUND('',#807,.T.);
#567=FACE_OUTER_BOUND('',#808,.T.);
#568=FACE_OUTER_BOUND('',#809,.T.);
#569=FACE_OUTER_BOUND('',#810,.T.);
#570=FACE_OUTER_BOUND('',#811,.T.);
#571=FACE_OUTER_BOUND('',#812,.T.);
#572=FACE_OUTER_BOUND('',#813,.T.);
#573=FACE_OUTER_BOUND('',#814,.T.);
#574=FACE_OUTER_BOUND('',#815,.T.);
#575=FACE_OUTER_BOUND('',#816,.T.);
#576=FACE_OUTER_BOUND('',#817,.T.);
#577=FACE_OUTER_BOUND('',#818,.T.);
#578=FACE_OUTER_BOUND('',#819,.T.);
#579=FACE_OUTER_BOUND('',#820,.T.);
#580=FACE_OUTER_BOUND('',#821,.T.);
#581=FACE_OUTER_BOUND('',#822,.T.);
#582=FACE_OUTER_BOUND('',#823,.T.);
#583=FACE_OUTER_BOUND('',#824,.T.);
#584=FACE_OUTER_BOUND('',#825,.T.);
#585=FACE_OUTER_BOUND('',#826,.T.);
#586=FACE_OUTER_BOUND('',#827,.T.);
#587=FACE_OUTER_BOUND('',#828,.T.);
#588=FACE_OUTER_BOUND('',#829,.T.);
#589=FACE_OUTER_BOUND('',#830,.T.);
#590=FACE_OUTER_BOUND('',#831,.T.);
#591=FACE_OUTER_BOUND('',#832,.T.);
#592=FACE_OUTER_BOUND('',#833,.T.);
#593=FACE_OUTER_BOUND('',#834,.T.);
#594=FACE_OUTER_BOUND('',#835,.T.);
#595=FACE_OUTER_BOUND('',#836,.T.);
#596=FACE_OUTER_BOUND('',#837,.T.);
#597=FACE_OUTER_BOUND('',#838,.T.);
#598=FACE_OUTER_BOUND('',#839,.T.);
#599=FACE_OUTER_BOUND('',#840,.T.);
#600=FACE_OUTER_BOUND('',#841,.T.);
#601=FACE_OUTER_BOUND('',#842,.T.);
#602=FACE_OUTER_BOUND('',#843,.T.);
#603=FACE_OUTER_BOUND('',#844,.T.);
#604=FACE_OUTER_BOUND('',#845,.T.);
#605=FACE_OUTER_BOUND('',#846,.T.);
#606=FACE_OUTER_BOUND('',#847,.T.);
#607=FACE_OUTER_BOUND('',#848,.T.);
#608=FACE_OUTER_BOUND('',#849,.T.);
#609=FACE_OUTER_BOUND('',#850,.T.);
#610=FACE_OUTER_BOUND('',#851,.T.);
#611=FACE_OUTER_BOUND('',#852,.T.);
#612=FACE_OUTER_BOUND('',#853,.T.);
#613=FACE_OUTER_BOUND('',#854,.T.);
#614=FACE_OUTER_BOUND('',#856,.T.);
#615=FACE_OUTER_BOUND('',#857,.T.);
#616=FACE_OUTER_BOUND('',#858,.T.);
#617=FACE_OUTER_BOUND('',#859,.T.);
#618=FACE_OUTER_BOUND('',#860,.T.);
#619=FACE_OUTER_BOUND('',#861,.T.);
#620=FACE_OUTER_BOUND('',#862,.T.);
#621=FACE_OUTER_BOUND('',#865,.T.);
#622=FACE_OUTER_BOUND('',#866,.T.);
#623=FACE_OUTER_BOUND('',#867,.T.);
#624=FACE_OUTER_BOUND('',#868,.T.);
#625=FACE_OUTER_BOUND('',#871,.T.);
#626=FACE_OUTER_BOUND('',#874,.T.);
#627=FACE_OUTER_BOUND('',#875,.T.);
#628=FACE_OUTER_BOUND('',#876,.T.);
#629=FACE_OUTER_BOUND('',#877,.T.);
#630=FACE_OUTER_BOUND('',#878,.T.);
#631=FACE_OUTER_BOUND('',#879,.T.);
#632=FACE_OUTER_BOUND('',#881,.T.);
#633=FACE_OUTER_BOUND('',#882,.T.);
#634=FACE_OUTER_BOUND('',#884,.T.);
#635=FACE_OUTER_BOUND('',#885,.T.);
#636=FACE_OUTER_BOUND('',#887,.T.);
#637=FACE_OUTER_BOUND('',#888,.T.);
#638=FACE_OUTER_BOUND('',#890,.T.);
#639=FACE_OUTER_BOUND('',#893,.T.);
#640=FACE_OUTER_BOUND('',#894,.T.);
#641=FACE_OUTER_BOUND('',#895,.T.);
#642=FACE_OUTER_BOUND('',#896,.T.);
#643=FACE_OUTER_BOUND('',#897,.T.);
#644=FACE_OUTER_BOUND('',#898,.T.);
#645=FACE_OUTER_BOUND('',#899,.T.);
#646=FACE_OUTER_BOUND('',#900,.T.);
#647=FACE_OUTER_BOUND('',#901,.T.);
#648=FACE_OUTER_BOUND('',#902,.T.);
#649=FACE_OUTER_BOUND('',#903,.T.);
#650=FACE_OUTER_BOUND('',#905,.T.);
#651=FACE_OUTER_BOUND('',#906,.T.);
#652=FACE_OUTER_BOUND('',#907,.T.);
#653=FACE_OUTER_BOUND('',#908,.T.);
#654=FACE_OUTER_BOUND('',#909,.T.);
#655=FACE_OUTER_BOUND('',#910,.T.);
#656=FACE_OUTER_BOUND('',#911,.T.);
#657=FACE_OUTER_BOUND('',#912,.T.);
#658=FACE_OUTER_BOUND('',#913,.T.);
#659=FACE_OUTER_BOUND('',#914,.T.);
#660=FACE_OUTER_BOUND('',#915,.T.);
#661=FACE_OUTER_BOUND('',#916,.T.);
#662=FACE_OUTER_BOUND('',#917,.T.);
#663=FACE_OUTER_BOUND('',#918,.T.);
#664=FACE_OUTER_BOUND('',#919,.T.);
#665=FACE_OUTER_BOUND('',#920,.T.);
#666=FACE_OUTER_BOUND('',#921,.T.);
#667=FACE_OUTER_BOUND('',#922,.T.);
#668=EDGE_LOOP('',(#3082,#3083,#3084,#3085));
#669=EDGE_LOOP('',(#3086));
#670=EDGE_LOOP('',(#3087,#3088,#3089,#3090));
#671=EDGE_LOOP('',(#3091));
#672=EDGE_LOOP('',(#3092,#3093,#3094,#3095));
#673=EDGE_LOOP('',(#3096));
#674=EDGE_LOOP('',(#3097,#3098,#3099,#3100));
#675=EDGE_LOOP('',(#3101));
#676=EDGE_LOOP('',(#3102,#3103,#3104,#3105));
#677=EDGE_LOOP('',(#3106,#3107,#3108,#3109));
#678=EDGE_LOOP('',(#3110,#3111,#3112,#3113));
#679=EDGE_LOOP('',(#3114,#3115,#3116,#3117));
#680=EDGE_LOOP('',(#3118,#3119,#3120,#3121));
#681=EDGE_LOOP('',(#3122,#3123,#3124,#3125));
#682=EDGE_LOOP('',(#3126,#3127,#3128,#3129));
#683=EDGE_LOOP('',(#3130,#3131,#3132,#3133));
#684=EDGE_LOOP('',(#3134,#3135,#3136,#3137));
#685=EDGE_LOOP('',(#3138,#3139,#3140,#3141));
#686=EDGE_LOOP('',(#3142,#3143,#3144,#3145));
#687=EDGE_LOOP('',(#3146,#3147,#3148,#3149));
#688=EDGE_LOOP('',(#3150,#3151,#3152,#3153));
#689=EDGE_LOOP('',(#3154,#3155,#3156,#3157,#3158,#3159,#3160,#3161,#3162,
#3163,#3164,#3165,#3166,#3167,#3168));
#690=EDGE_LOOP('',(#3169,#3170,#3171,#3172));
#691=EDGE_LOOP('',(#3173,#3174,#3175,#3176));
#692=EDGE_LOOP('',(#3177,#3178,#3179,#3180));
#693=EDGE_LOOP('',(#3181,#3182,#3183,#3184));
#694=EDGE_LOOP('',(#3185,#3186,#3187,#3188));
#695=EDGE_LOOP('',(#3189,#3190,#3191,#3192));
#696=EDGE_LOOP('',(#3193,#3194,#3195,#3196));
#697=EDGE_LOOP('',(#3197,#3198,#3199,#3200));
#698=EDGE_LOOP('',(#3201,#3202,#3203,#3204));
#699=EDGE_LOOP('',(#3205,#3206,#3207,#3208));
#700=EDGE_LOOP('',(#3209,#3210,#3211,#3212));
#701=EDGE_LOOP('',(#3213,#3214,#3215,#3216));
#702=EDGE_LOOP('',(#3217,#3218,#3219,#3220));
#703=EDGE_LOOP('',(#3221,#3222,#3223,#3224,#3225,#3226));
#704=EDGE_LOOP('',(#3227,#3228,#3229,#3230));
#705=EDGE_LOOP('',(#3231,#3232,#3233,#3234));
#706=EDGE_LOOP('',(#3235,#3236,#3237,#3238));
#707=EDGE_LOOP('',(#3239,#3240,#3241,#3242));
#708=EDGE_LOOP('',(#3243,#3244,#3245,#3246));
#709=EDGE_LOOP('',(#3247,#3248,#3249,#3250));
#710=EDGE_LOOP('',(#3251,#3252,#3253,#3254));
#711=EDGE_LOOP('',(#3255,#3256,#3257,#3258));
#712=EDGE_LOOP('',(#3259,#3260,#3261,#3262));
#713=EDGE_LOOP('',(#3263,#3264,#3265,#3266,#3267,#3268,#3269,#3270,#3271,
#3272,#3273,#3274,#3275,#3276,#3277,#3278));
#714=EDGE_LOOP('',(#3279,#3280,#3281,#3282));
#715=EDGE_LOOP('',(#3283,#3284,#3285,#3286));
#716=EDGE_LOOP('',(#3287,#3288,#3289,#3290));
#717=EDGE_LOOP('',(#3291,#3292,#3293,#3294));
#718=EDGE_LOOP('',(#3295,#3296,#3297,#3298));
#719=EDGE_LOOP('',(#3299,#3300,#3301,#3302));
#720=EDGE_LOOP('',(#3303,#3304,#3305,#3306));
#721=EDGE_LOOP('',(#3307,#3308,#3309,#3310));
#722=EDGE_LOOP('',(#3311,#3312,#3313,#3314));
#723=EDGE_LOOP('',(#3315,#3316,#3317,#3318));
#724=EDGE_LOOP('',(#3319,#3320,#3321,#3322));
#725=EDGE_LOOP('',(#3323,#3324,#3325,#3326));
#726=EDGE_LOOP('',(#3327,#3328,#3329,#3330));
#727=EDGE_LOOP('',(#3331,#3332,#3333,#3334));
#728=EDGE_LOOP('',(#3335,#3336,#3337,#3338));
#729=EDGE_LOOP('',(#3339,#3340,#3341,#3342));
#730=EDGE_LOOP('',(#3343,#3344,#3345,#3346));
#731=EDGE_LOOP('',(#3347,#3348,#3349,#3350));
#732=EDGE_LOOP('',(#3351,#3352,#3353,#3354,#3355,#3356));
#733=EDGE_LOOP('',(#3357,#3358,#3359,#3360));
#734=EDGE_LOOP('',(#3361,#3362,#3363,#3364,#3365,#3366,#3367,#3368,#3369,
#3370,#3371));
#735=EDGE_LOOP('',(#3372,#3373,#3374,#3375));
#736=EDGE_LOOP('',(#3376,#3377,#3378,#3379));
#737=EDGE_LOOP('',(#3380,#3381,#3382,#3383));
#738=EDGE_LOOP('',(#3384,#3385,#3386,#3387));
#739=EDGE_LOOP('',(#3388,#3389,#3390,#3391));
#740=EDGE_LOOP('',(#3392,#3393,#3394,#3395));
#741=EDGE_LOOP('',(#3396,#3397,#3398,#3399));
#742=EDGE_LOOP('',(#3400,#3401,#3402,#3403));
#743=EDGE_LOOP('',(#3404,#3405,#3406,#3407));
#744=EDGE_LOOP('',(#3408,#3409,#3410,#3411));
#745=EDGE_LOOP('',(#3412,#3413,#3414,#3415));
#746=EDGE_LOOP('',(#3416,#3417,#3418,#3419));
#747=EDGE_LOOP('',(#3420,#3421,#3422,#3423));
#748=EDGE_LOOP('',(#3424,#3425,#3426,#3427));
#749=EDGE_LOOP('',(#3428,#3429,#3430,#3431));
#750=EDGE_LOOP('',(#3432,#3433,#3434,#3435));
#751=EDGE_LOOP('',(#3436,#3437,#3438,#3439));
#752=EDGE_LOOP('',(#3440,#3441,#3442,#3443));
#753=EDGE_LOOP('',(#3444,#3445,#3446,#3447));
#754=EDGE_LOOP('',(#3448,#3449,#3450,#3451));
#755=EDGE_LOOP('',(#3452,#3453,#3454,#3455));
#756=EDGE_LOOP('',(#3456,#3457,#3458,#3459));
#757=EDGE_LOOP('',(#3460,#3461,#3462,#3463));
#758=EDGE_LOOP('',(#3464,#3465,#3466,#3467));
#759=EDGE_LOOP('',(#3468,#3469,#3470,#3471));
#760=EDGE_LOOP('',(#3472,#3473,#3474,#3475));
#761=EDGE_LOOP('',(#3476,#3477,#3478,#3479));
#762=EDGE_LOOP('',(#3480,#3481,#3482,#3483));
#763=EDGE_LOOP('',(#3484,#3485,#3486,#3487));
#764=EDGE_LOOP('',(#3488,#3489,#3490,#3491,#3492,#3493,#3494,#3495,#3496,
#3497,#3498,#3499,#3500,#3501,#3502));
#765=EDGE_LOOP('',(#3503,#3504,#3505,#3506));
#766=EDGE_LOOP('',(#3507,#3508,#3509,#3510,#3511,#3512,#3513,#3514,#3515,
#3516,#3517,#3518,#3519,#3520));
#767=EDGE_LOOP('',(#3521,#3522,#3523,#3524));
#768=EDGE_LOOP('',(#3525,#3526,#3527,#3528));
#769=EDGE_LOOP('',(#3529,#3530,#3531,#3532));
#770=EDGE_LOOP('',(#3533,#3534,#3535,#3536));
#771=EDGE_LOOP('',(#3537,#3538,#3539,#3540));
#772=EDGE_LOOP('',(#3541,#3542,#3543,#3544));
#773=EDGE_LOOP('',(#3545,#3546,#3547,#3548));
#774=EDGE_LOOP('',(#3549,#3550,#3551,#3552));
#775=EDGE_LOOP('',(#3553,#3554,#3555,#3556));
#776=EDGE_LOOP('',(#3557,#3558,#3559,#3560));
#777=EDGE_LOOP('',(#3561,#3562,#3563,#3564));
#778=EDGE_LOOP('',(#3565,#3566,#3567,#3568));
#779=EDGE_LOOP('',(#3569,#3570,#3571,#3572,#3573,#3574,#3575,#3576,#3577,
#3578,#3579));
#780=EDGE_LOOP('',(#3580,#3581,#3582,#3583));
#781=EDGE_LOOP('',(#3584,#3585,#3586,#3587));
#782=EDGE_LOOP('',(#3588,#3589,#3590,#3591));
#783=EDGE_LOOP('',(#3592,#3593,#3594,#3595));
#784=EDGE_LOOP('',(#3596,#3597,#3598,#3599));
#785=EDGE_LOOP('',(#3600,#3601,#3602,#3603));
#786=EDGE_LOOP('',(#3604,#3605,#3606,#3607));
#787=EDGE_LOOP('',(#3608,#3609,#3610,#3611));
#788=EDGE_LOOP('',(#3612,#3613,#3614,#3615));
#789=EDGE_LOOP('',(#3616,#3617,#3618,#3619));
#790=EDGE_LOOP('',(#3620,#3621,#3622,#3623));
#791=EDGE_LOOP('',(#3624,#3625,#3626,#3627));
#792=EDGE_LOOP('',(#3628,#3629,#3630,#3631));
#793=EDGE_LOOP('',(#3632,#3633,#3634,#3635));
#794=EDGE_LOOP('',(#3636,#3637,#3638,#3639,#3640,#3641,#3642));
#795=EDGE_LOOP('',(#3643,#3644,#3645,#3646));
#796=EDGE_LOOP('',(#3647,#3648,#3649,#3650));
#797=EDGE_LOOP('',(#3651,#3652,#3653,#3654));
#798=EDGE_LOOP('',(#3655,#3656,#3657,#3658));
#799=EDGE_LOOP('',(#3659,#3660,#3661,#3662));
#800=EDGE_LOOP('',(#3663,#3664,#3665,#3666));
#801=EDGE_LOOP('',(#3667,#3668,#3669,#3670));
#802=EDGE_LOOP('',(#3671,#3672,#3673,#3674));
#803=EDGE_LOOP('',(#3675,#3676,#3677,#3678));
#804=EDGE_LOOP('',(#3679,#3680,#3681,#3682));
#805=EDGE_LOOP('',(#3683,#3684,#3685,#3686));
#806=EDGE_LOOP('',(#3687,#3688,#3689,#3690,#3691,#3692,#3693,#3694,#3695,
#3696,#3697,#3698));
#807=EDGE_LOOP('',(#3699,#3700,#3701,#3702));
#808=EDGE_LOOP('',(#3703,#3704,#3705,#3706));
#809=EDGE_LOOP('',(#3707,#3708,#3709,#3710));
#810=EDGE_LOOP('',(#3711,#3712,#3713,#3714));
#811=EDGE_LOOP('',(#3715,#3716,#3717,#3718));
#812=EDGE_LOOP('',(#3719,#3720,#3721,#3722));
#813=EDGE_LOOP('',(#3723,#3724,#3725,#3726));
#814=EDGE_LOOP('',(#3727,#3728,#3729,#3730));
#815=EDGE_LOOP('',(#3731,#3732,#3733,#3734,#3735,#3736,#3737,#3738));
#816=EDGE_LOOP('',(#3739,#3740,#3741,#3742));
#817=EDGE_LOOP('',(#3743,#3744,#3745,#3746));
#818=EDGE_LOOP('',(#3747,#3748,#3749,#3750));
#819=EDGE_LOOP('',(#3751,#3752,#3753,#3754));
#820=EDGE_LOOP('',(#3755,#3756,#3757,#3758));
#821=EDGE_LOOP('',(#3759,#3760,#3761,#3762));
#822=EDGE_LOOP('',(#3763,#3764,#3765,#3766));
#823=EDGE_LOOP('',(#3767,#3768,#3769,#3770));
#824=EDGE_LOOP('',(#3771,#3772,#3773,#3774));
#825=EDGE_LOOP('',(#3775,#3776,#3777,#3778));
#826=EDGE_LOOP('',(#3779,#3780,#3781,#3782));
#827=EDGE_LOOP('',(#3783,#3784,#3785,#3786,#3787,#3788,#3789,#3790,#3791,
#3792,#3793,#3794));
#828=EDGE_LOOP('',(#3795,#3796,#3797,#3798));
#829=EDGE_LOOP('',(#3799,#3800,#3801,#3802));
#830=EDGE_LOOP('',(#3803,#3804,#3805,#3806));
#831=EDGE_LOOP('',(#3807,#3808,#3809,#3810));
#832=EDGE_LOOP('',(#3811,#3812,#3813,#3814));
#833=EDGE_LOOP('',(#3815,#3816,#3817,#3818));
#834=EDGE_LOOP('',(#3819,#3820,#3821,#3822));
#835=EDGE_LOOP('',(#3823,#3824,#3825,#3826));
#836=EDGE_LOOP('',(#3827,#3828,#3829,#3830));
#837=EDGE_LOOP('',(#3831,#3832,#3833,#3834));
#838=EDGE_LOOP('',(#3835,#3836,#3837,#3838));
#839=EDGE_LOOP('',(#3839,#3840,#3841,#3842));
#840=EDGE_LOOP('',(#3843,#3844,#3845,#3846));
#841=EDGE_LOOP('',(#3847,#3848,#3849,#3850));
#842=EDGE_LOOP('',(#3851,#3852,#3853,#3854));
#843=EDGE_LOOP('',(#3855,#3856,#3857,#3858));
#844=EDGE_LOOP('',(#3859,#3860,#3861,#3862));
#845=EDGE_LOOP('',(#3863,#3864,#3865,#3866));
#846=EDGE_LOOP('',(#3867,#3868,#3869,#3870,#3871,#3872,#3873,#3874,#3875,
#3876,#3877,#3878,#3879,#3880,#3881,#3882,#3883,#3884,#3885,#3886));
#847=EDGE_LOOP('',(#3887,#3888,#3889,#3890,#3891,#3892));
#848=EDGE_LOOP('',(#3893,#3894,#3895,#3896,#3897));
#849=EDGE_LOOP('',(#3898,#3899,#3900,#3901,#3902,#3903));
#850=EDGE_LOOP('',(#3904,#3905,#3906,#3907));
#851=EDGE_LOOP('',(#3908,#3909,#3910,#3911,#3912));
#852=EDGE_LOOP('',(#3913,#3914,#3915,#3916,#3917,#3918,#3919));
#853=EDGE_LOOP('',(#3920,#3921,#3922,#3923));
#854=EDGE_LOOP('',(#3924,#3925,#3926,#3927,#3928,#3929,#3930,#3931,#3932,
#3933,#3934,#3935,#3936,#3937,#3938,#3939,#3940,#3941,#3942,#3943,#3944,
#3945,#3946,#3947,#3948,#3949,#3950,#3951,#3952,#3953,#3954,#3955,#3956,
#3957,#3958,#3959,#3960,#3961,#3962,#3963,#3964,#3965,#3966,#3967,#3968,
#3969,#3970,#3971,#3972,#3973,#3974,#3975,#3976,#3977,#3978,#3979,#3980,
#3981,#3982,#3983,#3984,#3985,#3986,#3987,#3988,#3989,#3990,#3991,#3992,
#3993,#3994,#3995,#3996,#3997,#3998,#3999,#4000,#4001,#4002,#4003,#4004,
#4005,#4006,#4007,#4008,#4009,#4010,#4011,#4012,#4013,#4014,#4015,#4016,
#4017,#4018,#4019,#4020,#4021,#4022,#4023,#4024,#4025,#4026,#4027,#4028,
#4029,#4030,#4031,#4032,#4033,#4034,#4035,#4036,#4037,#4038,#4039,#4040,
#4041,#4042,#4043,#4044,#4045,#4046,#4047,#4048,#4049,#4050,#4051,#4052,
#4053,#4054,#4055,#4056,#4057,#4058,#4059));
#855=EDGE_LOOP('',(#4060,#4061,#4062,#4063,#4064,#4065,#4066,#4067));
#856=EDGE_LOOP('',(#4068,#4069,#4070,#4071,#4072,#4073,#4074,#4075));
#857=EDGE_LOOP('',(#4076,#4077,#4078,#4079));
#858=EDGE_LOOP('',(#4080,#4081,#4082,#4083));
#859=EDGE_LOOP('',(#4084,#4085,#4086));
#860=EDGE_LOOP('',(#4087,#4088,#4089,#4090));
#861=EDGE_LOOP('',(#4091,#4092,#4093));
#862=EDGE_LOOP('',(#4094,#4095,#4096,#4097,#4098,#4099,#4100,#4101,#4102,
#4103,#4104,#4105,#4106,#4107));
#863=EDGE_LOOP('',(#4108));
#864=EDGE_LOOP('',(#4109));
#865=EDGE_LOOP('',(#4110,#4111,#4112,#4113));
#866=EDGE_LOOP('',(#4114,#4115,#4116,#4117));
#867=EDGE_LOOP('',(#4118,#4119,#4120,#4121));
#868=EDGE_LOOP('',(#4122,#4123,#4124,#4125,#4126,#4127,#4128,#4129,#4130,
#4131,#4132,#4133,#4134,#4135));
#869=EDGE_LOOP('',(#4136));
#870=EDGE_LOOP('',(#4137));
#871=EDGE_LOOP('',(#4138,#4139,#4140,#4141,#4142,#4143,#4144,#4145));
#872=EDGE_LOOP('',(#4146));
#873=EDGE_LOOP('',(#4147));
#874=EDGE_LOOP('',(#4148,#4149,#4150,#4151));
#875=EDGE_LOOP('',(#4152,#4153,#4154,#4155));
#876=EDGE_LOOP('',(#4156,#4157,#4158,#4159));
#877=EDGE_LOOP('',(#4160,#4161,#4162,#4163));
#878=EDGE_LOOP('',(#4164,#4165,#4166,#4167));
#879=EDGE_LOOP('',(#4168));
#880=EDGE_LOOP('',(#4169));
#881=EDGE_LOOP('',(#4170,#4171,#4172,#4173));
#882=EDGE_LOOP('',(#4174));
#883=EDGE_LOOP('',(#4175));
#884=EDGE_LOOP('',(#4176,#4177,#4178,#4179));
#885=EDGE_LOOP('',(#4180));
#886=EDGE_LOOP('',(#4181));
#887=EDGE_LOOP('',(#4182,#4183,#4184,#4185));
#888=EDGE_LOOP('',(#4186));
#889=EDGE_LOOP('',(#4187));
#890=EDGE_LOOP('',(#4188,#4189,#4190,#4191,#4192,#4193,#4194,#4195));
#891=EDGE_LOOP('',(#4196));
#892=EDGE_LOOP('',(#4197));
#893=EDGE_LOOP('',(#4198,#4199,#4200,#4201,#4202,#4203,#4204,#4205));
#894=EDGE_LOOP('',(#4206,#4207,#4208,#4209,#4210,#4211));
#895=EDGE_LOOP('',(#4212,#4213,#4214,#4215));
#896=EDGE_LOOP('',(#4216,#4217,#4218,#4219,#4220,#4221));
#897=EDGE_LOOP('',(#4222,#4223,#4224,#4225));
#898=EDGE_LOOP('',(#4226,#4227,#4228,#4229));
#899=EDGE_LOOP('',(#4230,#4231,#4232,#4233,#4234,#4235));
#900=EDGE_LOOP('',(#4236,#4237,#4238,#4239));
#901=EDGE_LOOP('',(#4240,#4241,#4242,#4243,#4244,#4245));
#902=EDGE_LOOP('',(#4246,#4247,#4248,#4249));
#903=EDGE_LOOP('',(#4250,#4251,#4252,#4253,#4254,#4255,#4256,#4257,#4258,
#4259,#4260,#4261));
#904=EDGE_LOOP('',(#4262,#4263,#4264,#4265,#4266,#4267,#4268,#4269));
#905=EDGE_LOOP('',(#4270,#4271,#4272,#4273));
#906=EDGE_LOOP('',(#4274,#4275,#4276,#4277));
#907=EDGE_LOOP('',(#4278,#4279,#4280,#4281));
#908=EDGE_LOOP('',(#4282,#4283,#4284,#4285,#4286,#4287,#4288,#4289,#4290,
#4291,#4292,#4293));
#909=EDGE_LOOP('',(#4294,#4295,#4296,#4297));
#910=EDGE_LOOP('',(#4298,#4299,#4300,#4301));
#911=EDGE_LOOP('',(#4302,#4303,#4304,#4305));
#912=EDGE_LOOP('',(#4306,#4307,#4308,#4309));
#913=EDGE_LOOP('',(#4310,#4311,#4312,#4313));
#914=EDGE_LOOP('',(#4314,#4315,#4316,#4317));
#915=EDGE_LOOP('',(#4318,#4319,#4320,#4321));
#916=EDGE_LOOP('',(#4322,#4323,#4324,#4325));
#917=EDGE_LOOP('',(#4326,#4327,#4328,#4329));
#918=EDGE_LOOP('',(#4330,#4331,#4332,#4333));
#919=EDGE_LOOP('',(#4334,#4335,#4336,#4337));
#920=EDGE_LOOP('',(#4338,#4339,#4340,#4341));
#921=EDGE_LOOP('',(#4342,#4343,#4344,#4345));
#922=EDGE_LOOP('',(#4346,#4347,#4348,#4349,#4350,#4351,#4352,#4353,#4354,
#4355,#4356,#4357,#4358,#4359,#4360,#4361,#4362,#4363,#4364,#4365,#4366,
#4367,#4368,#4369,#4370,#4371,#4372,#4373,#4374,#4375,#4376,#4377,#4378,
#4379,#4380,#4381,#4382,#4383,#4384,#4385,#4386,#4387,#4388,#4389,#4390,
#4391,#4392,#4393,#4394,#4395,#4396,#4397,#4398,#4399,#4400,#4401,#4402,
#4403,#4404,#4405,#4406,#4407,#4408,#4409,#4410,#4411,#4412,#4413,#4414,
#4415,#4416,#4417,#4418,#4419,#4420,#4421,#4422,#4423,#4424,#4425,#4426,
#4427,#4428,#4429,#4430,#4431,#4432,#4433,#4434,#4435,#4436,#4437,#4438,
#4439,#4440,#4441,#4442,#4443,#4444,#4445,#4446,#4447,#4448,#4449,#4450,
#4451,#4452,#4453));
#923=EDGE_LOOP('',(#4454));
#924=EDGE_LOOP('',(#4455));
#925=EDGE_LOOP('',(#4456));
#926=EDGE_LOOP('',(#4457));
#927=EDGE_LOOP('',(#4458,#4459,#4460,#4461));
#928=EDGE_LOOP('',(#4462,#4463,#4464,#4465));
#929=EDGE_LOOP('',(#4466,#4467,#4468,#4469,#4470,#4471,#4472,#4473));
#930=LINE('',#5872,#1400);
#931=LINE('',#5879,#1401);
#932=LINE('',#5886,#1402);
#933=LINE('',#5893,#1403);
#934=LINE('',#5899,#1404);
#935=LINE('',#5901,#1405);
#936=LINE('',#5903,#1406);
#937=LINE('',#5904,#1407);
#938=LINE('',#5908,#1408);
#939=LINE('',#5910,#1409);
#940=LINE('',#5912,#1410);
#941=LINE('',#5913,#1411);
#942=LINE('',#5938,#1412);
#943=LINE('',#5966,#1413);
#944=LINE('',#5968,#1414);
#945=LINE('',#5970,#1415);
#946=LINE('',#5971,#1416);
#947=LINE('',#5989,#1417);
#948=LINE('',#6012,#1418);
#949=LINE('',#6035,#1419);
#950=LINE('',#6058,#1420);
#951=LINE('',#6066,#1421);
#952=LINE('',#6068,#1422);
#953=LINE('',#6069,#1423);
#954=LINE('',#6072,#1424);
#955=LINE('',#6074,#1425);
#956=LINE('',#6075,#1426);
#957=LINE('',#6078,#1427);
#958=LINE('',#6080,#1428);
#959=LINE('',#6081,#1429);
#960=LINE('',#6083,#1430);
#961=LINE('',#6084,#1431);
#962=LINE('',#6086,#1432);
#963=LINE('',#6087,#1433);
#964=LINE('',#6091,#1434);
#965=LINE('',#6093,#1435);
#966=LINE('',#6095,#1436);
#967=LINE('',#6096,#1437);
#968=LINE('',#6100,#1438);
#969=LINE('',#6102,#1439);
#970=LINE('',#6104,#1440);
#971=LINE('',#6105,#1441);
#972=LINE('',#6108,#1442);
#973=LINE('',#6110,#1443);
#974=LINE('',#6111,#1444);
#975=LINE('',#6115,#1445);
#976=LINE('',#6117,#1446);
#977=LINE('',#6119,#1447);
#978=LINE('',#6120,#1448);
#979=LINE('',#6122,#1449);
#980=LINE('',#6123,#1450);
#981=LINE('',#6126,#1451);
#982=LINE('',#6128,#1452);
#983=LINE('',#6129,#1453);
#984=LINE('',#6131,#1454);
#985=LINE('',#6133,#1455);
#986=LINE('',#6137,#1456);
#987=LINE('',#6139,#1457);
#988=LINE('',#6141,#1458);
#989=LINE('',#6142,#1459);
#990=LINE('',#6146,#1460);
#991=LINE('',#6148,#1461);
#992=LINE('',#6150,#1462);
#993=LINE('',#6151,#1463);
#994=LINE('',#6153,#1464);
#995=LINE('',#6154,#1465);
#996=LINE('',#6158,#1466);
#997=LINE('',#6160,#1467);
#998=LINE('',#6162,#1468);
#999=LINE('',#6163,#1469);
#1000=LINE('',#6165,#1470);
#1001=LINE('',#6166,#1471);
#1002=LINE('',#6168,#1472);
#1003=LINE('',#6172,#1473);
#1004=LINE('',#6174,#1474);
#1005=LINE('',#6176,#1475);
#1006=LINE('',#6177,#1476);
#1007=LINE('',#6181,#1477);
#1008=LINE('',#6183,#1478);
#1009=LINE('',#6185,#1479);
#1010=LINE('',#6186,#1480);
#1011=LINE('',#6189,#1481);
#1012=LINE('',#6191,#1482);
#1013=LINE('',#6192,#1483);
#1014=LINE('',#6196,#1484);
#1015=LINE('',#6198,#1485);
#1016=LINE('',#6200,#1486);
#1017=LINE('',#6201,#1487);
#1018=LINE('',#6203,#1488);
#1019=LINE('',#6204,#1489);
#1020=LINE('',#6207,#1490);
#1021=LINE('',#6209,#1491);
#1022=LINE('',#6210,#1492);
#1023=LINE('',#6212,#1493);
#1024=LINE('',#6214,#1494);
#1025=LINE('',#6218,#1495);
#1026=LINE('',#6220,#1496);
#1027=LINE('',#6222,#1497);
#1028=LINE('',#6223,#1498);
#1029=LINE('',#6226,#1499);
#1030=LINE('',#6228,#1500);
#1031=LINE('',#6254,#1501);
#1032=LINE('',#6256,#1502);
#1033=LINE('',#6258,#1503);
#1034=LINE('',#6284,#1504);
#1035=LINE('',#6285,#1505);
#1036=LINE('',#6288,#1506);
#1037=LINE('',#6290,#1507);
#1038=LINE('',#6291,#1508);
#1039=LINE('',#6294,#1509);
#1040=LINE('',#6296,#1510);
#1041=LINE('',#6297,#1511);
#1042=LINE('',#6314,#1512);
#1043=LINE('',#6331,#1513);
#1044=LINE('',#6348,#1514);
#1045=LINE('',#6366,#1515);
#1046=LINE('',#6368,#1516);
#1047=LINE('',#6369,#1517);
#1048=LINE('',#6386,#1518);
#1049=LINE('',#6403,#1519);
#1050=LINE('',#6420,#1520);
#1051=LINE('',#6437,#1521);
#1052=LINE('',#6440,#1522);
#1053=LINE('',#6441,#1523);
#1054=LINE('',#6443,#1524);
#1055=LINE('',#6447,#1525);
#1056=LINE('',#6449,#1526);
#1057=LINE('',#6451,#1527);
#1058=LINE('',#6452,#1528);
#1059=LINE('',#6456,#1529);
#1060=LINE('',#6458,#1530);
#1061=LINE('',#6460,#1531);
#1062=LINE('',#6461,#1532);
#1063=LINE('',#6463,#1533);
#1064=LINE('',#6464,#1534);
#1065=LINE('',#6468,#1535);
#1066=LINE('',#6470,#1536);
#1067=LINE('',#6472,#1537);
#1068=LINE('',#6473,#1538);
#1069=LINE('',#6475,#1539);
#1070=LINE('',#6476,#1540);
#1071=LINE('',#6478,#1541);
#1072=LINE('',#6503,#1542);
#1073=LINE('',#6510,#1543);
#1074=LINE('',#6536,#1544);
#1075=LINE('',#6578,#1545);
#1076=LINE('',#6607,#1546);
#1077=LINE('',#6624,#1547);
#1078=LINE('',#6663,#1548);
#1079=LINE('',#6680,#1549);
#1080=LINE('',#6697,#1550);
#1081=LINE('',#6716,#1551);
#1082=LINE('',#6718,#1552);
#1083=LINE('',#6720,#1553);
#1084=LINE('',#6721,#1554);
#1085=LINE('',#6725,#1555);
#1086=LINE('',#6727,#1556);
#1087=LINE('',#6729,#1557);
#1088=LINE('',#6730,#1558);
#1089=LINE('',#6733,#1559);
#1090=LINE('',#6735,#1560);
#1091=LINE('',#6736,#1561);
#1092=LINE('',#6740,#1562);
#1093=LINE('',#6742,#1563);
#1094=LINE('',#6744,#1564);
#1095=LINE('',#6745,#1565);
#1096=LINE('',#6747,#1566);
#1097=LINE('',#6748,#1567);
#1098=LINE('',#6751,#1568);
#1099=LINE('',#6753,#1569);
#1100=LINE('',#6754,#1570);
#1101=LINE('',#6756,#1571);
#1102=LINE('',#6758,#1572);
#1103=LINE('',#6762,#1573);
#1104=LINE('',#6764,#1574);
#1105=LINE('',#6766,#1575);
#1106=LINE('',#6767,#1576);
#1107=LINE('',#6771,#1577);
#1108=LINE('',#6773,#1578);
#1109=LINE('',#6775,#1579);
#1110=LINE('',#6776,#1580);
#1111=LINE('',#6801,#1581);
#1112=LINE('',#6829,#1582);
#1113=LINE('',#6831,#1583);
#1114=LINE('',#6833,#1584);
#1115=LINE('',#6834,#1585);
#1116=LINE('',#6852,#1586);
#1117=LINE('',#6875,#1587);
#1118=LINE('',#6898,#1588);
#1119=LINE('',#6921,#1589);
#1120=LINE('',#6929,#1590);
#1121=LINE('',#6931,#1591);
#1122=LINE('',#6932,#1592);
#1123=LINE('',#6935,#1593);
#1124=LINE('',#6937,#1594);
#1125=LINE('',#6938,#1595);
#1126=LINE('',#6941,#1596);
#1127=LINE('',#6943,#1597);
#1128=LINE('',#6944,#1598);
#1129=LINE('',#6946,#1599);
#1130=LINE('',#6947,#1600);
#1131=LINE('',#6949,#1601);
#1132=LINE('',#6950,#1602);
#1133=LINE('',#6975,#1603);
#1134=LINE('',#6982,#1604);
#1135=LINE('',#7008,#1605);
#1136=LINE('',#7010,#1606);
#1137=LINE('',#7012,#1607);
#1138=LINE('',#7014,#1608);
#1139=LINE('',#7016,#1609);
#1140=LINE('',#7036,#1610);
#1141=LINE('',#7038,#1611);
#1142=LINE('',#7039,#1612);
#1143=LINE('',#7056,#1613);
#1144=LINE('',#7080,#1614);
#1145=LINE('',#7097,#1615);
#1146=LINE('',#7130,#1616);
#1147=LINE('',#7131,#1617);
#1148=LINE('',#7148,#1618);
#1149=LINE('',#7166,#1619);
#1150=LINE('',#7168,#1620);
#1151=LINE('',#7169,#1621);
#1152=LINE('',#7172,#1622);
#1153=LINE('',#7173,#1623);
#1154=LINE('',#7175,#1624);
#1155=LINE('',#7200,#1625);
#1156=LINE('',#7207,#1626);
#1157=LINE('',#7233,#1627);
#1158=LINE('',#7275,#1628);
#1159=LINE('',#7304,#1629);
#1160=LINE('',#7321,#1630);
#1161=LINE('',#7353,#1631);
#1162=LINE('',#7377,#1632);
#1163=LINE('',#7394,#1633);
#1164=LINE('',#7413,#1634);
#1165=LINE('',#7415,#1635);
#1166=LINE('',#7417,#1636);
#1167=LINE('',#7418,#1637);
#1168=LINE('',#7422,#1638);
#1169=LINE('',#7424,#1639);
#1170=LINE('',#7426,#1640);
#1171=LINE('',#7427,#1641);
#1172=LINE('',#7430,#1642);
#1173=LINE('',#7432,#1643);
#1174=LINE('',#7433,#1644);
#1175=LINE('',#7436,#1645);
#1176=LINE('',#7438,#1646);
#1177=LINE('',#7439,#1647);
#1178=LINE('',#7442,#1648);
#1179=LINE('',#7444,#1649);
#1180=LINE('',#7445,#1650);
#1181=LINE('',#7447,#1651);
#1182=LINE('',#7448,#1652);
#1183=LINE('',#7450,#1653);
#1184=LINE('',#7454,#1654);
#1185=LINE('',#7456,#1655);
#1186=LINE('',#7458,#1656);
#1187=LINE('',#7459,#1657);
#1188=LINE('',#7463,#1658);
#1189=LINE('',#7465,#1659);
#1190=LINE('',#7467,#1660);
#1191=LINE('',#7468,#1661);
#1192=LINE('',#7471,#1662);
#1193=LINE('',#7473,#1663);
#1194=LINE('',#7474,#1664);
#1195=LINE('',#7477,#1665);
#1196=LINE('',#7479,#1666);
#1197=LINE('',#7480,#1667);
#1198=LINE('',#7483,#1668);
#1199=LINE('',#7485,#1669);
#1200=LINE('',#7486,#1670);
#1201=LINE('',#7489,#1671);
#1202=LINE('',#7491,#1672);
#1203=LINE('',#7492,#1673);
#1204=LINE('',#7495,#1674);
#1205=LINE('',#7497,#1675);
#1206=LINE('',#7498,#1676);
#1207=LINE('',#7501,#1677);
#1208=LINE('',#7503,#1678);
#1209=LINE('',#7504,#1679);
#1210=LINE('',#7507,#1680);
#1211=LINE('',#7509,#1681);
#1212=LINE('',#7510,#1682);
#1213=LINE('',#7513,#1683);
#1214=LINE('',#7515,#1684);
#1215=LINE('',#7516,#1685);
#1216=LINE('',#7518,#1686);
#1217=LINE('',#7519,#1687);
#1218=LINE('',#7521,#1688);
#1219=LINE('',#7540,#1689);
#1220=LINE('',#7547,#1690);
#1221=LINE('',#7565,#1691);
#1222=LINE('',#7588,#1692);
#1223=LINE('',#7611,#1693);
#1224=LINE('',#7634,#1694);
#1225=LINE('',#7657,#1695);
#1226=LINE('',#7680,#1696);
#1227=LINE('',#7710,#1697);
#1228=LINE('',#7712,#1698);
#1229=LINE('',#7714,#1699);
#1230=LINE('',#7715,#1700);
#1231=LINE('',#7734,#1701);
#1232=LINE('',#7741,#1702);
#1233=LINE('',#7759,#1703);
#1234=LINE('',#7782,#1704);
#1235=LINE('',#7805,#1705);
#1236=LINE('',#7813,#1706);
#1237=LINE('',#7815,#1707);
#1238=LINE('',#7816,#1708);
#1239=LINE('',#7834,#1709);
#1240=LINE('',#7857,#1710);
#1241=LINE('',#7880,#1711);
#1242=LINE('',#7909,#1712);
#1243=LINE('',#7910,#1713);
#1244=LINE('',#7911,#1714);
#1245=LINE('',#7913,#1715);
#1246=LINE('',#7938,#1716);
#1247=LINE('',#7967,#1717);
#1248=LINE('',#7996,#1718);
#1249=LINE('',#8018,#1719);
#1250=LINE('',#8041,#1720);
#1251=LINE('',#8085,#1721);
#1252=LINE('',#8092,#1722);
#1253=LINE('',#8110,#1723);
#1254=LINE('',#8133,#1724);
#1255=LINE('',#8156,#1725);
#1256=LINE('',#8206,#1726);
#1257=LINE('',#8228,#1727);
#1258=LINE('',#8251,#1728);
#1259=LINE('',#8274,#1729);
#1260=LINE('',#8297,#1730);
#1261=LINE('',#8305,#1731);
#1262=LINE('',#8307,#1732);
#1263=LINE('',#8308,#1733);
#1264=LINE('',#8330,#1734);
#1265=LINE('',#8331,#1735);
#1266=LINE('',#8333,#1736);
#1267=LINE('',#8335,#1737);
#1268=LINE('',#8337,#1738);
#1269=LINE('',#8339,#1739);
#1270=LINE('',#8341,#1740);
#1271=LINE('',#8343,#1741);
#1272=LINE('',#8345,#1742);
#1273=LINE('',#8347,#1743);
#1274=LINE('',#8348,#1744);
#1275=LINE('',#8349,#1745);
#1276=LINE('',#8350,#1746);
#1277=LINE('',#8351,#1747);
#1278=LINE('',#8352,#1748);
#1279=LINE('',#8353,#1749);
#1280=LINE('',#8354,#1750);
#1281=LINE('',#8355,#1751);
#1282=LINE('',#8356,#1752);
#1283=LINE('',#8357,#1753);
#1284=LINE('',#8358,#1754);
#1285=LINE('',#8359,#1755);
#1286=LINE('',#8360,#1756);
#1287=LINE('',#8361,#1757);
#1288=LINE('',#8362,#1758);
#1289=LINE('',#8364,#1759);
#1290=LINE('',#8366,#1760);
#1291=LINE('',#8368,#1761);
#1292=LINE('',#8370,#1762);
#1293=LINE('',#8371,#1763);
#1294=LINE('',#8372,#1764);
#1295=LINE('',#8376,#1765);
#1296=LINE('',#8378,#1766);
#1297=LINE('',#8380,#1767);
#1298=LINE('',#8382,#1768);
#1299=LINE('',#8384,#1769);
#1300=LINE('',#8386,#1770);
#1301=LINE('',#8388,#1771);
#1302=LINE('',#8389,#1772);
#1303=LINE('',#8393,#1773);
#1304=LINE('',#8394,#1774);
#1305=LINE('',#8395,#1775);
#1306=LINE('',#8399,#1776);
#1307=LINE('',#8400,#1777);
#1308=LINE('',#8401,#1778);
#1309=LINE('',#8404,#1779);
#1310=LINE('',#8405,#1780);
#1311=LINE('',#8408,#1781);
#1312=LINE('',#8409,#1782);
#1313=LINE('',#8411,#1783);
#1314=LINE('',#8414,#1784);
#1315=LINE('',#8418,#1785);
#1316=LINE('',#8422,#1786);
#1317=LINE('',#8424,#1787);
#1318=LINE('',#8426,#1788);
#1319=LINE('',#8428,#1789);
#1320=LINE('',#8432,#1790);
#1321=LINE('',#8436,#1791);
#1322=LINE('',#8437,#1792);
#1323=LINE('',#8445,#1793);
#1324=LINE('',#8447,#1794);
#1325=LINE('',#8449,#1795);
#1326=LINE('',#8450,#1796);
#1327=LINE('',#8453,#1797);
#1328=LINE('',#8455,#1798);
#1329=LINE('',#8456,#1799);
#1330=LINE('',#8458,#1800);
#1331=LINE('',#8459,#1801);
#1332=LINE('',#8462,#1802);
#1333=LINE('',#8464,#1803);
#1334=LINE('',#8468,#1804);
#1335=LINE('',#8472,#1805);
#1336=LINE('',#8473,#1806);
#1337=LINE('',#8475,#1807);
#1338=LINE('',#8479,#1808);
#1339=LINE('',#8486,#1809);
#1340=LINE('',#8488,#1810);
#1341=LINE('',#8489,#1811);
#1342=LINE('',#8494,#1812);
#1343=LINE('',#8500,#1813);
#1344=LINE('',#8506,#1814);
#1345=LINE('',#8512,#1815);
#1346=LINE('',#8516,#1816);
#1347=LINE('',#8521,#1817);
#1348=LINE('',#8526,#1818);
#1349=LINE('',#8531,#1819);
#1350=LINE('',#8536,#1820);
#1351=LINE('',#8538,#1821);
#1352=LINE('',#8539,#1822);
#1353=LINE('',#8542,#1823);
#1354=LINE('',#8544,#1824);
#1355=LINE('',#8545,#1825);
#1356=LINE('',#8548,#1826);
#1357=LINE('',#8550,#1827);
#1358=LINE('',#8554,#1828);
#1359=LINE('',#8558,#1829);
#1360=LINE('',#8560,#1830);
#1361=LINE('',#8561,#1831);
#1362=LINE('',#8567,#1832);
#1363=LINE('',#8568,#1833);
#1364=LINE('',#8570,#1834);
#1365=LINE('',#8574,#1835);
#1366=LINE('',#8576,#1836);
#1367=LINE('',#8578,#1837);
#1368=LINE('',#8579,#1838);
#1369=LINE('',#8585,#1839);
#1370=LINE('',#8586,#1840);
#1371=LINE('',#8589,#1841);
#1372=LINE('',#8590,#1842);
#1373=LINE('',#8594,#1843);
#1374=LINE('',#8598,#1844);
#1375=LINE('',#8599,#1845);
#1376=LINE('',#8601,#1846);
#1377=LINE('',#8602,#1847);
#1378=LINE('',#8604,#1848);
#1379=LINE('',#8605,#1849);
#1380=LINE('',#8610,#1850);
#1381=LINE('',#8614,#1851);
#1382=LINE('',#8618,#1852);
#1383=LINE('',#8621,#1853);
#1384=LINE('',#8623,#1854);
#1385=LINE('',#8629,#1855);
#1386=LINE('',#8631,#1856);
#1387=LINE('',#8632,#1857);
#1388=LINE('',#8635,#1858);
#1389=LINE('',#8639,#1859);
#1390=LINE('',#8640,#1860);
#1391=LINE('',#8643,#1861);
#1392=LINE('',#8647,#1862);
#1393=LINE('',#8648,#1863);
#1394=LINE('',#8651,#1864);
#1395=LINE('',#8655,#1865);
#1396=LINE('',#8656,#1866);
#1397=LINE('',#8662,#1867);
#1398=LINE('',#8663,#1868);
#1399=LINE('',#8664,#1869);
#1400=VECTOR('',#4973,2.);
#1401=VECTOR('',#4982,2.);
#1402=VECTOR('',#4991,2.);
#1403=VECTOR('',#5000,2.);
#1404=VECTOR('',#5007,10.);
#1405=VECTOR('',#5008,10.);
#1406=VECTOR('',#5009,10.);
#1407=VECTOR('',#5010,10.);
#1408=VECTOR('',#5013,10.);
#1409=VECTOR('',#5014,10.);
#1410=VECTOR('',#5015,10.);
#1411=VECTOR('',#5016,10.);
#1412=VECTOR('',#5017,10.);
#1413=VECTOR('',#5020,10.);
#1414=VECTOR('',#5021,10.);
#1415=VECTOR('',#5022,10.);
#1416=VECTOR('',#5023,10.);
#1417=VECTOR('',#5024,10.);
#1418=VECTOR('',#5025,10.);
#1419=VECTOR('',#5026,10.);
#1420=VECTOR('',#5027,10.);
#1421=VECTOR('',#5030,10.);
#1422=VECTOR('',#5031,10.);
#1423=VECTOR('',#5032,10.);
#1424=VECTOR('',#5035,10.);
#1425=VECTOR('',#5036,10.);
#1426=VECTOR('',#5037,10.);
#1427=VECTOR('',#5040,10.);
#1428=VECTOR('',#5041,10.);
#1429=VECTOR('',#5042,10.);
#1430=VECTOR('',#5045,10.);
#1431=VECTOR('',#5046,10.);
#1432=VECTOR('',#5049,10.);
#1433=VECTOR('',#5050,10.);
#1434=VECTOR('',#5053,10.);
#1435=VECTOR('',#5054,10.);
#1436=VECTOR('',#5055,10.);
#1437=VECTOR('',#5056,10.);
#1438=VECTOR('',#5059,10.);
#1439=VECTOR('',#5060,10.);
#1440=VECTOR('',#5061,10.);
#1441=VECTOR('',#5062,10.);
#1442=VECTOR('',#5065,10.);
#1443=VECTOR('',#5066,10.);
#1444=VECTOR('',#5067,10.);
#1445=VECTOR('',#5070,10.);
#1446=VECTOR('',#5071,10.);
#1447=VECTOR('',#5072,10.);
#1448=VECTOR('',#5073,10.);
#1449=VECTOR('',#5076,10.);
#1450=VECTOR('',#5077,10.);
#1451=VECTOR('',#5080,10.);
#1452=VECTOR('',#5081,10.);
#1453=VECTOR('',#5082,10.);
#1454=VECTOR('',#5085,10.);
#1455=VECTOR('',#5088,10.);
#1456=VECTOR('',#5091,10.);
#1457=VECTOR('',#5092,10.);
#1458=VECTOR('',#5093,10.);
#1459=VECTOR('',#5094,10.);
#1460=VECTOR('',#5097,10.);
#1461=VECTOR('',#5098,10.);
#1462=VECTOR('',#5099,10.);
#1463=VECTOR('',#5100,10.);
#1464=VECTOR('',#5103,10.);
#1465=VECTOR('',#5104,10.);
#1466=VECTOR('',#5107,10.);
#1467=VECTOR('',#5108,10.);
#1468=VECTOR('',#5109,10.);
#1469=VECTOR('',#5110,10.);
#1470=VECTOR('',#5113,10.);
#1471=VECTOR('',#5114,10.);
#1472=VECTOR('',#5117,10.);
#1473=VECTOR('',#5120,10.);
#1474=VECTOR('',#5121,10.);
#1475=VECTOR('',#5122,10.);
#1476=VECTOR('',#5123,10.);
#1477=VECTOR('',#5126,10.);
#1478=VECTOR('',#5127,10.);
#1479=VECTOR('',#5128,10.);
#1480=VECTOR('',#5129,10.);
#1481=VECTOR('',#5132,10.);
#1482=VECTOR('',#5133,10.);
#1483=VECTOR('',#5134,10.);
#1484=VECTOR('',#5137,10.);
#1485=VECTOR('',#5138,10.);
#1486=VECTOR('',#5139,10.);
#1487=VECTOR('',#5140,10.);
#1488=VECTOR('',#5143,10.);
#1489=VECTOR('',#5144,10.);
#1490=VECTOR('',#5147,10.);
#1491=VECTOR('',#5148,10.);
#1492=VECTOR('',#5149,10.);
#1493=VECTOR('',#5152,10.);
#1494=VECTOR('',#5155,10.);
#1495=VECTOR('',#5158,10.);
#1496=VECTOR('',#5159,10.);
#1497=VECTOR('',#5160,10.);
#1498=VECTOR('',#5161,10.);
#1499=VECTOR('',#5164,10.);
#1500=VECTOR('',#5165,10.);
#1501=VECTOR('',#5166,10.);
#1502=VECTOR('',#5167,10.);
#1503=VECTOR('',#5168,10.);
#1504=VECTOR('',#5169,10.);
#1505=VECTOR('',#5170,10.);
#1506=VECTOR('',#5173,10.);
#1507=VECTOR('',#5174,10.);
#1508=VECTOR('',#5175,10.);
#1509=VECTOR('',#5178,10.);
#1510=VECTOR('',#5179,10.);
#1511=VECTOR('',#5180,10.);
#1512=VECTOR('',#5181,10.);
#1513=VECTOR('',#5182,10.);
#1514=VECTOR('',#5183,10.);
#1515=VECTOR('',#5186,10.);
#1516=VECTOR('',#5187,10.);
#1517=VECTOR('',#5188,10.);
#1518=VECTOR('',#5189,10.);
#1519=VECTOR('',#5190,10.);
#1520=VECTOR('',#5191,10.);
#1521=VECTOR('',#5192,10.);
#1522=VECTOR('',#5195,10.);
#1523=VECTOR('',#5196,10.);
#1524=VECTOR('',#5199,10.);
#1525=VECTOR('',#5202,10.);
#1526=VECTOR('',#5203,10.);
#1527=VECTOR('',#5204,10.);
#1528=VECTOR('',#5205,10.);
#1529=VECTOR('',#5208,10.);
#1530=VECTOR('',#5209,10.);
#1531=VECTOR('',#5210,10.);
#1532=VECTOR('',#5211,10.);
#1533=VECTOR('',#5214,10.);
#1534=VECTOR('',#5215,10.);
#1535=VECTOR('',#5218,10.);
#1536=VECTOR('',#5219,10.);
#1537=VECTOR('',#5220,10.);
#1538=VECTOR('',#5221,10.);
#1539=VECTOR('',#5224,10.);
#1540=VECTOR('',#5225,10.);
#1541=VECTOR('',#5228,10.);
#1542=VECTOR('',#5229,10.);
#1543=VECTOR('',#5232,10.);
#1544=VECTOR('',#5233,10.);
#1545=VECTOR('',#5234,10.);
#1546=VECTOR('',#5235,10.);
#1547=VECTOR('',#5236,10.);
#1548=VECTOR('',#5237,10.);
#1549=VECTOR('',#5238,10.);
#1550=VECTOR('',#5239,10.);
#1551=VECTOR('',#5242,10.);
#1552=VECTOR('',#5243,10.);
#1553=VECTOR('',#5244,10.);
#1554=VECTOR('',#5245,10.);
#1555=VECTOR('',#5248,10.);
#1556=VECTOR('',#5249,10.);
#1557=VECTOR('',#5250,10.);
#1558=VECTOR('',#5251,10.);
#1559=VECTOR('',#5254,10.);
#1560=VECTOR('',#5255,10.);
#1561=VECTOR('',#5256,10.);
#1562=VECTOR('',#5259,10.);
#1563=VECTOR('',#5260,10.);
#1564=VECTOR('',#5261,10.);
#1565=VECTOR('',#5262,10.);
#1566=VECTOR('',#5265,10.);
#1567=VECTOR('',#5266,10.);
#1568=VECTOR('',#5269,10.);
#1569=VECTOR('',#5270,10.);
#1570=VECTOR('',#5271,10.);
#1571=VECTOR('',#5274,10.);
#1572=VECTOR('',#5277,10.);
#1573=VECTOR('',#5280,10.);
#1574=VECTOR('',#5281,10.);
#1575=VECTOR('',#5282,10.);
#1576=VECTOR('',#5283,10.);
#1577=VECTOR('',#5286,10.);
#1578=VECTOR('',#5287,10.);
#1579=VECTOR('',#5288,10.);
#1580=VECTOR('',#5289,10.);
#1581=VECTOR('',#5290,10.);
#1582=VECTOR('',#5293,10.);
#1583=VECTOR('',#5294,10.);
#1584=VECTOR('',#5295,10.);
#1585=VECTOR('',#5296,10.);
#1586=VECTOR('',#5297,10.);
#1587=VECTOR('',#5298,10.);
#1588=VECTOR('',#5299,10.);
#1589=VECTOR('',#5300,10.);
#1590=VECTOR('',#5303,10.);
#1591=VECTOR('',#5304,10.);
#1592=VECTOR('',#5305,10.);
#1593=VECTOR('',#5308,10.);
#1594=VECTOR('',#5309,10.);
#1595=VECTOR('',#5310,10.);
#1596=VECTOR('',#5313,10.);
#1597=VECTOR('',#5314,10.);
#1598=VECTOR('',#5315,10.);
#1599=VECTOR('',#5318,10.);
#1600=VECTOR('',#5319,10.);
#1601=VECTOR('',#5322,10.);
#1602=VECTOR('',#5323,10.);
#1603=VECTOR('',#5324,10.);
#1604=VECTOR('',#5327,10.);
#1605=VECTOR('',#5328,10.);
#1606=VECTOR('',#5329,10.);
#1607=VECTOR('',#5330,10.);
#1608=VECTOR('',#5331,10.);
#1609=VECTOR('',#5332,10.);
#1610=VECTOR('',#5335,10.);
#1611=VECTOR('',#5336,10.);
#1612=VECTOR('',#5337,10.);
#1613=VECTOR('',#5338,10.);
#1614=VECTOR('',#5339,10.);
#1615=VECTOR('',#5340,10.);
#1616=VECTOR('',#5341,10.);
#1617=VECTOR('',#5342,10.);
#1618=VECTOR('',#5343,10.);
#1619=VECTOR('',#5346,10.);
#1620=VECTOR('',#5347,10.);
#1621=VECTOR('',#5348,10.);
#1622=VECTOR('',#5351,10.);
#1623=VECTOR('',#5352,10.);
#1624=VECTOR('',#5355,10.);
#1625=VECTOR('',#5356,10.);
#1626=VECTOR('',#5359,10.);
#1627=VECTOR('',#5360,10.);
#1628=VECTOR('',#5361,10.);
#1629=VECTOR('',#5362,10.);
#1630=VECTOR('',#5363,10.);
#1631=VECTOR('',#5364,10.);
#1632=VECTOR('',#5365,10.);
#1633=VECTOR('',#5366,10.);
#1634=VECTOR('',#5369,10.);
#1635=VECTOR('',#5370,10.);
#1636=VECTOR('',#5371,10.);
#1637=VECTOR('',#5372,10.);
#1638=VECTOR('',#5375,10.);
#1639=VECTOR('',#5376,10.);
#1640=VECTOR('',#5377,10.);
#1641=VECTOR('',#5378,10.);
#1642=VECTOR('',#5381,10.);
#1643=VECTOR('',#5382,10.);
#1644=VECTOR('',#5383,10.);
#1645=VECTOR('',#5386,10.);
#1646=VECTOR('',#5387,10.);
#1647=VECTOR('',#5388,10.);
#1648=VECTOR('',#5391,10.);
#1649=VECTOR('',#5392,10.);
#1650=VECTOR('',#5393,10.);
#1651=VECTOR('',#5396,10.);
#1652=VECTOR('',#5397,10.);
#1653=VECTOR('',#5400,10.);
#1654=VECTOR('',#5403,10.);
#1655=VECTOR('',#5404,10.);
#1656=VECTOR('',#5405,10.);
#1657=VECTOR('',#5406,10.);
#1658=VECTOR('',#5409,10.);
#1659=VECTOR('',#5410,10.);
#1660=VECTOR('',#5411,10.);
#1661=VECTOR('',#5412,10.);
#1662=VECTOR('',#5415,10.);
#1663=VECTOR('',#5416,10.);
#1664=VECTOR('',#5417,10.);
#1665=VECTOR('',#5420,10.);
#1666=VECTOR('',#5421,10.);
#1667=VECTOR('',#5422,10.);
#1668=VECTOR('',#5425,10.);
#1669=VECTOR('',#5426,10.);
#1670=VECTOR('',#5427,10.);
#1671=VECTOR('',#5430,10.);
#1672=VECTOR('',#5431,10.);
#1673=VECTOR('',#5432,10.);
#1674=VECTOR('',#5435,10.);
#1675=VECTOR('',#5436,10.);
#1676=VECTOR('',#5437,10.);
#1677=VECTOR('',#5440,10.);
#1678=VECTOR('',#5441,10.);
#1679=VECTOR('',#5442,10.);
#1680=VECTOR('',#5445,10.);
#1681=VECTOR('',#5446,10.);
#1682=VECTOR('',#5447,10.);
#1683=VECTOR('',#5450,10.);
#1684=VECTOR('',#5451,10.);
#1685=VECTOR('',#5452,10.);
#1686=VECTOR('',#5455,10.);
#1687=VECTOR('',#5456,10.);
#1688=VECTOR('',#5459,10.);
#1689=VECTOR('',#5460,10.);
#1690=VECTOR('',#5461,10.);
#1691=VECTOR('',#5462,10.);
#1692=VECTOR('',#5463,10.);
#1693=VECTOR('',#5464,10.);
#1694=VECTOR('',#5465,10.);
#1695=VECTOR('',#5466,10.);
#1696=VECTOR('',#5467,10.);
#1697=VECTOR('',#5472,10.);
#1698=VECTOR('',#5473,10.);
#1699=VECTOR('',#5474,10.);
#1700=VECTOR('',#5475,10.);
#1701=VECTOR('',#5476,10.);
#1702=VECTOR('',#5477,10.);
#1703=VECTOR('',#5478,10.);
#1704=VECTOR('',#5479,10.);
#1705=VECTOR('',#5480,10.);
#1706=VECTOR('',#5483,10.);
#1707=VECTOR('',#5484,10.);
#1708=VECTOR('',#5485,10.);
#1709=VECTOR('',#5486,10.);
#1710=VECTOR('',#5487,10.);
#1711=VECTOR('',#5488,10.);
#1712=VECTOR('',#5491,10.);
#1713=VECTOR('',#5492,10.);
#1714=VECTOR('',#5493,10.);
#1715=VECTOR('',#5496,10.);
#1716=VECTOR('',#5497,10.);
#1717=VECTOR('',#5498,10.);
#1718=VECTOR('',#5499,10.);
#1719=VECTOR('',#5500,10.);
#1720=VECTOR('',#5501,10.);
#1721=VECTOR('',#5502,10.);
#1722=VECTOR('',#5503,10.);
#1723=VECTOR('',#5504,10.);
#1724=VECTOR('',#5505,10.);
#1725=VECTOR('',#5506,10.);
#1726=VECTOR('',#5507,10.);
#1727=VECTOR('',#5508,10.);
#1728=VECTOR('',#5509,10.);
#1729=VECTOR('',#5510,10.);
#1730=VECTOR('',#5511,10.);
#1731=VECTOR('',#5514,10.);
#1732=VECTOR('',#5515,10.);
#1733=VECTOR('',#5516,10.);
#1734=VECTOR('',#5519,10.);
#1735=VECTOR('',#5520,10.);
#1736=VECTOR('',#5523,10.);
#1737=VECTOR('',#5526,10.);
#1738=VECTOR('',#5529,10.);
#1739=VECTOR('',#5532,10.);
#1740=VECTOR('',#5535,10.);
#1741=VECTOR('',#5538,10.);
#1742=VECTOR('',#5541,10.);
#1743=VECTOR('',#5544,10.);
#1744=VECTOR('',#5545,10.);
#1745=VECTOR('',#5546,10.);
#1746=VECTOR('',#5547,10.);
#1747=VECTOR('',#5548,10.);
#1748=VECTOR('',#5549,10.);
#1749=VECTOR('',#5550,10.);
#1750=VECTOR('',#5551,10.);
#1751=VECTOR('',#5552,10.);
#1752=VECTOR('',#5553,10.);
#1753=VECTOR('',#5554,10.);
#1754=VECTOR('',#5555,10.);
#1755=VECTOR('',#5556,10.);
#1756=VECTOR('',#5557,10.);
#1757=VECTOR('',#5558,10.);
#1758=VECTOR('',#5559,10.);
#1759=VECTOR('',#5560,10.);
#1760=VECTOR('',#5561,10.);
#1761=VECTOR('',#5562,10.);
#1762=VECTOR('',#5563,10.);
#1763=VECTOR('',#5564,10.);
#1764=VECTOR('',#5565,10.);
#1765=VECTOR('',#5568,10.);
#1766=VECTOR('',#5569,10.);
#1767=VECTOR('',#5570,10.);
#1768=VECTOR('',#5571,10.);
#1769=VECTOR('',#5572,10.);
#1770=VECTOR('',#5573,10.);
#1771=VECTOR('',#5574,10.);
#1772=VECTOR('',#5575,10.);
#1773=VECTOR('',#5578,10.);
#1774=VECTOR('',#5579,10.);
#1775=VECTOR('',#5580,10.);
#1776=VECTOR('',#5583,10.);
#1777=VECTOR('',#5584,10.);
#1778=VECTOR('',#5585,10.);
#1779=VECTOR('',#5588,10.);
#1780=VECTOR('',#5589,10.);
#1781=VECTOR('',#5592,10.);
#1782=VECTOR('',#5593,10.);
#1783=VECTOR('',#5596,10.);
#1784=VECTOR('',#5599,10.);
#1785=VECTOR('',#5602,10.);
#1786=VECTOR('',#5605,10.);
#1787=VECTOR('',#5606,10.);
#1788=VECTOR('',#5607,10.);
#1789=VECTOR('',#5608,10.);
#1790=VECTOR('',#5611,10.);
#1791=VECTOR('',#5614,10.);
#1792=VECTOR('',#5615,10.);
#1793=VECTOR('',#5622,10.);
#1794=VECTOR('',#5623,10.);
#1795=VECTOR('',#5624,10.);
#1796=VECTOR('',#5625,10.);
#1797=VECTOR('',#5628,10.);
#1798=VECTOR('',#5629,10.);
#1799=VECTOR('',#5630,10.);
#1800=VECTOR('',#5633,10.);
#1801=VECTOR('',#5634,10.);
#1802=VECTOR('',#5637,10.);
#1803=VECTOR('',#5638,10.);
#1804=VECTOR('',#5641,10.);
#1805=VECTOR('',#5644,10.);
#1806=VECTOR('',#5645,10.);
#1807=VECTOR('',#5646,10.);
#1808=VECTOR('',#5651,10.);
#1809=VECTOR('',#5658,10.);
#1810=VECTOR('',#5659,10.);
#1811=VECTOR('',#5660,10.);
#1812=VECTOR('',#5665,1.99999999999999);
#1813=VECTOR('',#5672,2.);
#1814=VECTOR('',#5679,2.00000000000001);
#1815=VECTOR('',#5686,1.99999999999999);
#1816=VECTOR('',#5691,3.00000000000001);
#1817=VECTOR('',#5698,3.);
#1818=VECTOR('',#5705,3.00000000000001);
#1819=VECTOR('',#5712,3.);
#1820=VECTOR('',#5719,10.);
#1821=VECTOR('',#5720,10.);
#1822=VECTOR('',#5721,10.);
#1823=VECTOR('',#5724,10.);
#1824=VECTOR('',#5725,10.);
#1825=VECTOR('',#5726,10.);
#1826=VECTOR('',#5729,10.);
#1827=VECTOR('',#5730,10.);
#1828=VECTOR('',#5733,10.);
#1829=VECTOR('',#5738,10.);
#1830=VECTOR('',#5739,10.);
#1831=VECTOR('',#5740,10.);
#1832=VECTOR('',#5747,10.);
#1833=VECTOR('',#5748,10.);
#1834=VECTOR('',#5751,10.);
#1835=VECTOR('',#5754,10.);
#1836=VECTOR('',#5755,10.);
#1837=VECTOR('',#5756,10.);
#1838=VECTOR('',#5757,10.);
#1839=VECTOR('',#5764,10.);
#1840=VECTOR('',#5765,10.);
#1841=VECTOR('',#5768,10.);
#1842=VECTOR('',#5769,10.);
#1843=VECTOR('',#5774,10.);
#1844=VECTOR('',#5779,10.);
#1845=VECTOR('',#5780,10.);
#1846=VECTOR('',#5783,10.);
#1847=VECTOR('',#5784,10.);
#1848=VECTOR('',#5785,10.);
#1849=VECTOR('',#5786,10.);
#1850=VECTOR('',#5789,10.);
#1851=VECTOR('',#5792,10.);
#1852=VECTOR('',#5795,10.);
#1853=VECTOR('',#5798,10.);
#1854=VECTOR('',#5801,10.);
#1855=VECTOR('',#5810,10.);
#1856=VECTOR('',#5811,10.);
#1857=VECTOR('',#5812,10.);
#1858=VECTOR('',#5815,10.);
#1859=VECTOR('',#5820,10.);
#1860=VECTOR('',#5821,10.);
#1861=VECTOR('',#5824,10.);
#1862=VECTOR('',#5829,10.);
#1863=VECTOR('',#5830,10.);
#1864=VECTOR('',#5833,10.);
#1865=VECTOR('',#5838,10.);
#1866=VECTOR('',#5839,10.);
#1867=VECTOR('',#5846,10.);
#1868=VECTOR('',#5847,10.);
#1869=VECTOR('',#5848,10.);
#1870=CIRCLE('',#4754,2.);
#1871=CIRCLE('',#4755,2.);
#1872=CIRCLE('',#4758,2.);
#1873=CIRCLE('',#4759,2.);
#1874=CIRCLE('',#4762,2.);
#1875=CIRCLE('',#4763,2.);
#1876=CIRCLE('',#4766,2.);
#1877=CIRCLE('',#4767,2.);
#1878=CIRCLE('',#4876,5.);
#1879=CIRCLE('',#4877,5.);
#1880=CIRCLE('',#4878,5.5);
#1881=CIRCLE('',#4879,5.50000000000001);
#1882=CIRCLE('',#4880,3.);
#1883=CIRCLE('',#4881,3.00000000000001);
#1884=CIRCLE('',#4886,5.50000000000001);
#1885=CIRCLE('',#4887,5.5);
#1886=CIRCLE('',#4888,5.);
#1887=CIRCLE('',#4889,5.);
#1888=CIRCLE('',#4890,3.);
#1889=CIRCLE('',#4891,3.00000000000001);
#1890=CIRCLE('',#4894,1.99999999999999);
#1891=CIRCLE('',#4895,1.99999999999999);
#1892=CIRCLE('',#4897,2.);
#1893=CIRCLE('',#4898,2.);
#1894=CIRCLE('',#4900,2.00000000000001);
#1895=CIRCLE('',#4901,2.00000000000001);
#1896=CIRCLE('',#4903,1.99999999999999);
#1897=CIRCLE('',#4904,1.99999999999999);
#1898=CIRCLE('',#4906,3.00000000000001);
#1899=CIRCLE('',#4909,3.);
#1900=CIRCLE('',#4912,3.00000000000001);
#1901=CIRCLE('',#4915,3.);
#1902=CIRCLE('',#4920,5.50000000000001);
#1903=CIRCLE('',#4921,5.50000000000001);
#1904=CIRCLE('',#4924,5.5);
#1905=CIRCLE('',#4925,5.5);
#1906=CIRCLE('',#4929,5.50000000000001);
#1907=CIRCLE('',#4930,5.50000000000001);
#1908=CIRCLE('',#4933,5.5);
#1909=CIRCLE('',#4934,5.5);
#1910=CIRCLE('',#4937,5.);
#1911=CIRCLE('',#4938,5.);
#1912=CIRCLE('',#4939,5.);
#1913=CIRCLE('',#4940,5.);
#1914=CIRCLE('',#4947,5.);
#1915=CIRCLE('',#4950,5.);
#1916=CIRCLE('',#4953,5.);
#1917=CIRCLE('',#4956,5.);
#1918=CIRCLE('',#4959,5.);
#1919=CIRCLE('',#4961,5.);
#1920=CIRCLE('',#4963,5.);
#1921=CIRCLE('',#4965,5.);
#1922=VERTEX_POINT('',#5869);
#1923=VERTEX_POINT('',#5871);
#1924=VERTEX_POINT('',#5876);
#1925=VERTEX_POINT('',#5878);
#1926=VERTEX_POINT('',#5883);
#1927=VERTEX_POINT('',#5885);
#1928=VERTEX_POINT('',#5890);
#1929=VERTEX_POINT('',#5892);
#1930=VERTEX_POINT('',#5897);
#1931=VERTEX_POINT('',#5898);
#1932=VERTEX_POINT('',#5900);
#1933=VERTEX_POINT('',#5902);
#1934=VERTEX_POINT('',#5906);
#1935=VERTEX_POINT('',#5907);
#1936=VERTEX_POINT('',#5909);
#1937=VERTEX_POINT('',#5911);
#1938=VERTEX_POINT('',#5924);
#1939=VERTEX_POINT('',#5925);
#1940=VERTEX_POINT('',#5932);
#1941=VERTEX_POINT('',#5937);
#1942=VERTEX_POINT('',#5964);
#1943=VERTEX_POINT('',#5965);
#1944=VERTEX_POINT('',#5967);
#1945=VERTEX_POINT('',#5969);
#1946=VERTEX_POINT('',#5982);
#1947=VERTEX_POINT('',#5988);
#1948=VERTEX_POINT('',#6005);
#1949=VERTEX_POINT('',#6011);
#1950=VERTEX_POINT('',#6028);
#1951=VERTEX_POINT('',#6034);
#1952=VERTEX_POINT('',#6051);
#1953=VERTEX_POINT('',#6057);
#1954=VERTEX_POINT('',#6065);
#1955=VERTEX_POINT('',#6067);
#1956=VERTEX_POINT('',#6071);
#1957=VERTEX_POINT('',#6073);
#1958=VERTEX_POINT('',#6077);
#1959=VERTEX_POINT('',#6079);
#1960=VERTEX_POINT('',#6089);
#1961=VERTEX_POINT('',#6090);
#1962=VERTEX_POINT('',#6092);
#1963=VERTEX_POINT('',#6094);
#1964=VERTEX_POINT('',#6098);
#1965=VERTEX_POINT('',#6099);
#1966=VERTEX_POINT('',#6101);
#1967=VERTEX_POINT('',#6103);
#1968=VERTEX_POINT('',#6107);
#1969=VERTEX_POINT('',#6109);
#1970=VERTEX_POINT('',#6113);
#1971=VERTEX_POINT('',#6114);
#1972=VERTEX_POINT('',#6116);
#1973=VERTEX_POINT('',#6118);
#1974=VERTEX_POINT('',#6125);
#1975=VERTEX_POINT('',#6127);
#1976=VERTEX_POINT('',#6135);
#1977=VERTEX_POINT('',#6136);
#1978=VERTEX_POINT('',#6138);
#1979=VERTEX_POINT('',#6140);
#1980=VERTEX_POINT('',#6144);
#1981=VERTEX_POINT('',#6145);
#1982=VERTEX_POINT('',#6147);
#1983=VERTEX_POINT('',#6149);
#1984=VERTEX_POINT('',#6156);
#1985=VERTEX_POINT('',#6157);
#1986=VERTEX_POINT('',#6159);
#1987=VERTEX_POINT('',#6161);
#1988=VERTEX_POINT('',#6170);
#1989=VERTEX_POINT('',#6171);
#1990=VERTEX_POINT('',#6173);
#1991=VERTEX_POINT('',#6175);
#1992=VERTEX_POINT('',#6179);
#1993=VERTEX_POINT('',#6180);
#1994=VERTEX_POINT('',#6182);
#1995=VERTEX_POINT('',#6184);
#1996=VERTEX_POINT('',#6188);
#1997=VERTEX_POINT('',#6190);
#1998=VERTEX_POINT('',#6194);
#1999=VERTEX_POINT('',#6195);
#2000=VERTEX_POINT('',#6197);
#2001=VERTEX_POINT('',#6199);
#2002=VERTEX_POINT('',#6206);
#2003=VERTEX_POINT('',#6208);
#2004=VERTEX_POINT('',#6216);
#2005=VERTEX_POINT('',#6217);
#2006=VERTEX_POINT('',#6219);
#2007=VERTEX_POINT('',#6221);
#2008=VERTEX_POINT('',#6225);
#2009=VERTEX_POINT('',#6227);
#2010=VERTEX_POINT('',#6229);
#2011=VERTEX_POINT('',#6235);
#2012=VERTEX_POINT('',#6241);
#2013=VERTEX_POINT('',#6247);
#2014=VERTEX_POINT('',#6253);
#2015=VERTEX_POINT('',#6255);
#2016=VERTEX_POINT('',#6257);
#2017=VERTEX_POINT('',#6259);
#2018=VERTEX_POINT('',#6265);
#2019=VERTEX_POINT('',#6271);
#2020=VERTEX_POINT('',#6277);
#2021=VERTEX_POINT('',#6283);
#2022=VERTEX_POINT('',#6287);
#2023=VERTEX_POINT('',#6289);
#2024=VERTEX_POINT('',#6293);
#2025=VERTEX_POINT('',#6295);
#2026=VERTEX_POINT('',#6308);
#2027=VERTEX_POINT('',#6325);
#2028=VERTEX_POINT('',#6342);
#2029=VERTEX_POINT('',#6365);
#2030=VERTEX_POINT('',#6367);
#2031=VERTEX_POINT('',#6380);
#2032=VERTEX_POINT('',#6397);
#2033=VERTEX_POINT('',#6414);
#2034=VERTEX_POINT('',#6431);
#2035=VERTEX_POINT('',#6439);
#2036=VERTEX_POINT('',#6445);
#2037=VERTEX_POINT('',#6446);
#2038=VERTEX_POINT('',#6448);
#2039=VERTEX_POINT('',#6450);
#2040=VERTEX_POINT('',#6454);
#2041=VERTEX_POINT('',#6455);
#2042=VERTEX_POINT('',#6457);
#2043=VERTEX_POINT('',#6459);
#2044=VERTEX_POINT('',#6466);
#2045=VERTEX_POINT('',#6467);
#2046=VERTEX_POINT('',#6469);
#2047=VERTEX_POINT('',#6471);
#2048=VERTEX_POINT('',#6489);
#2049=VERTEX_POINT('',#6490);
#2050=VERTEX_POINT('',#6497);
#2051=VERTEX_POINT('',#6502);
#2052=VERTEX_POINT('',#6509);
#2053=VERTEX_POINT('',#6511);
#2054=VERTEX_POINT('',#6517);
#2055=VERTEX_POINT('',#6523);
#2056=VERTEX_POINT('',#6529);
#2057=VERTEX_POINT('',#6535);
#2058=VERTEX_POINT('',#6537);
#2059=VERTEX_POINT('',#6543);
#2060=VERTEX_POINT('',#6549);
#2061=VERTEX_POINT('',#6570);
#2062=VERTEX_POINT('',#6577);
#2063=VERTEX_POINT('',#6594);
#2064=VERTEX_POINT('',#6601);
#2065=VERTEX_POINT('',#6618);
#2066=VERTEX_POINT('',#6650);
#2067=VERTEX_POINT('',#6657);
#2068=VERTEX_POINT('',#6674);
#2069=VERTEX_POINT('',#6691);
#2070=VERTEX_POINT('',#6714);
#2071=VERTEX_POINT('',#6715);
#2072=VERTEX_POINT('',#6717);
#2073=VERTEX_POINT('',#6719);
#2074=VERTEX_POINT('',#6723);
#2075=VERTEX_POINT('',#6724);
#2076=VERTEX_POINT('',#6726);
#2077=VERTEX_POINT('',#6728);
#2078=VERTEX_POINT('',#6732);
#2079=VERTEX_POINT('',#6734);
#2080=VERTEX_POINT('',#6738);
#2081=VERTEX_POINT('',#6739);
#2082=VERTEX_POINT('',#6741);
#2083=VERTEX_POINT('',#6743);
#2084=VERTEX_POINT('',#6750);
#2085=VERTEX_POINT('',#6752);
#2086=VERTEX_POINT('',#6760);
#2087=VERTEX_POINT('',#6761);
#2088=VERTEX_POINT('',#6763);
#2089=VERTEX_POINT('',#6765);
#2090=VERTEX_POINT('',#6769);
#2091=VERTEX_POINT('',#6770);
#2092=VERTEX_POINT('',#6772);
#2093=VERTEX_POINT('',#6774);
#2094=VERTEX_POINT('',#6787);
#2095=VERTEX_POINT('',#6788);
#2096=VERTEX_POINT('',#6795);
#2097=VERTEX_POINT('',#6800);
#2098=VERTEX_POINT('',#6827);
#2099=VERTEX_POINT('',#6828);
#2100=VERTEX_POINT('',#6830);
#2101=VERTEX_POINT('',#6832);
#2102=VERTEX_POINT('',#6845);
#2103=VERTEX_POINT('',#6851);
#2104=VERTEX_POINT('',#6868);
#2105=VERTEX_POINT('',#6874);
#2106=VERTEX_POINT('',#6891);
#2107=VERTEX_POINT('',#6897);
#2108=VERTEX_POINT('',#6914);
#2109=VERTEX_POINT('',#6920);
#2110=VERTEX_POINT('',#6928);
#2111=VERTEX_POINT('',#6930);
#2112=VERTEX_POINT('',#6934);
#2113=VERTEX_POINT('',#6936);
#2114=VERTEX_POINT('',#6940);
#2115=VERTEX_POINT('',#6942);
#2116=VERTEX_POINT('',#6961);
#2117=VERTEX_POINT('',#6962);
#2118=VERTEX_POINT('',#6969);
#2119=VERTEX_POINT('',#6974);
#2120=VERTEX_POINT('',#6981);
#2121=VERTEX_POINT('',#6983);
#2122=VERTEX_POINT('',#6989);
#2123=VERTEX_POINT('',#6995);
#2124=VERTEX_POINT('',#7001);
#2125=VERTEX_POINT('',#7007);
#2126=VERTEX_POINT('',#7009);
#2127=VERTEX_POINT('',#7011);
#2128=VERTEX_POINT('',#7013);
#2129=VERTEX_POINT('',#7015);
#2130=VERTEX_POINT('',#7017);
#2131=VERTEX_POINT('',#7023);
#2132=VERTEX_POINT('',#7035);
#2133=VERTEX_POINT('',#7037);
#2134=VERTEX_POINT('',#7050);
#2135=VERTEX_POINT('',#7067);
#2136=VERTEX_POINT('',#7074);
#2137=VERTEX_POINT('',#7091);
#2138=VERTEX_POINT('',#7123);
#2139=VERTEX_POINT('',#7124);
#2140=VERTEX_POINT('',#7142);
#2141=VERTEX_POINT('',#7165);
#2142=VERTEX_POINT('',#7167);
#2143=VERTEX_POINT('',#7171);
#2144=VERTEX_POINT('',#7186);
#2145=VERTEX_POINT('',#7187);
#2146=VERTEX_POINT('',#7194);
#2147=VERTEX_POINT('',#7199);
#2148=VERTEX_POINT('',#7206);
#2149=VERTEX_POINT('',#7208);
#2150=VERTEX_POINT('',#7214);
#2151=VERTEX_POINT('',#7220);
#2152=VERTEX_POINT('',#7226);
#2153=VERTEX_POINT('',#7232);
#2154=VERTEX_POINT('',#7234);
#2155=VERTEX_POINT('',#7240);
#2156=VERTEX_POINT('',#7246);
#2157=VERTEX_POINT('',#7267);
#2158=VERTEX_POINT('',#7274);
#2159=VERTEX_POINT('',#7291);
#2160=VERTEX_POINT('',#7298);
#2161=VERTEX_POINT('',#7315);
#2162=VERTEX_POINT('',#7347);
#2163=VERTEX_POINT('',#7364);
#2164=VERTEX_POINT('',#7371);
#2165=VERTEX_POINT('',#7388);
#2166=VERTEX_POINT('',#7411);
#2167=VERTEX_POINT('',#7412);
#2168=VERTEX_POINT('',#7414);
#2169=VERTEX_POINT('',#7416);
#2170=VERTEX_POINT('',#7420);
#2171=VERTEX_POINT('',#7421);
#2172=VERTEX_POINT('',#7423);
#2173=VERTEX_POINT('',#7425);
#2174=VERTEX_POINT('',#7429);
#2175=VERTEX_POINT('',#7431);
#2176=VERTEX_POINT('',#7435);
#2177=VERTEX_POINT('',#7437);
#2178=VERTEX_POINT('',#7441);
#2179=VERTEX_POINT('',#7443);
#2180=VERTEX_POINT('',#7452);
#2181=VERTEX_POINT('',#7453);
#2182=VERTEX_POINT('',#7455);
#2183=VERTEX_POINT('',#7457);
#2184=VERTEX_POINT('',#7461);
#2185=VERTEX_POINT('',#7462);
#2186=VERTEX_POINT('',#7464);
#2187=VERTEX_POINT('',#7466);
#2188=VERTEX_POINT('',#7470);
#2189=VERTEX_POINT('',#7472);
#2190=VERTEX_POINT('',#7476);
#2191=VERTEX_POINT('',#7478);
#2192=VERTEX_POINT('',#7482);
#2193=VERTEX_POINT('',#7484);
#2194=VERTEX_POINT('',#7488);
#2195=VERTEX_POINT('',#7490);
#2196=VERTEX_POINT('',#7494);
#2197=VERTEX_POINT('',#7496);
#2198=VERTEX_POINT('',#7500);
#2199=VERTEX_POINT('',#7502);
#2200=VERTEX_POINT('',#7506);
#2201=VERTEX_POINT('',#7508);
#2202=VERTEX_POINT('',#7512);
#2203=VERTEX_POINT('',#7514);
#2204=VERTEX_POINT('',#7532);
#2205=VERTEX_POINT('',#7533);
#2206=VERTEX_POINT('',#7539);
#2207=VERTEX_POINT('',#7541);
#2208=VERTEX_POINT('',#7558);
#2209=VERTEX_POINT('',#7564);
#2210=VERTEX_POINT('',#7581);
#2211=VERTEX_POINT('',#7587);
#2212=VERTEX_POINT('',#7604);
#2213=VERTEX_POINT('',#7610);
#2214=VERTEX_POINT('',#7627);
#2215=VERTEX_POINT('',#7633);
#2216=VERTEX_POINT('',#7650);
#2217=VERTEX_POINT('',#7656);
#2218=VERTEX_POINT('',#7673);
#2219=VERTEX_POINT('',#7679);
#2220=VERTEX_POINT('',#7708);
#2221=VERTEX_POINT('',#7709);
#2222=VERTEX_POINT('',#7711);
#2223=VERTEX_POINT('',#7713);
#2224=VERTEX_POINT('',#7726);
#2225=VERTEX_POINT('',#7727);
#2226=VERTEX_POINT('',#7733);
#2227=VERTEX_POINT('',#7735);
#2228=VERTEX_POINT('',#7752);
#2229=VERTEX_POINT('',#7758);
#2230=VERTEX_POINT('',#7775);
#2231=VERTEX_POINT('',#7781);
#2232=VERTEX_POINT('',#7798);
#2233=VERTEX_POINT('',#7804);
#2234=VERTEX_POINT('',#7812);
#2235=VERTEX_POINT('',#7814);
#2236=VERTEX_POINT('',#7827);
#2237=VERTEX_POINT('',#7833);
#2238=VERTEX_POINT('',#7850);
#2239=VERTEX_POINT('',#7856);
#2240=VERTEX_POINT('',#7873);
#2241=VERTEX_POINT('',#7879);
#2242=VERTEX_POINT('',#7907);
#2243=VERTEX_POINT('',#7908);
#2244=VERTEX_POINT('',#7924);
#2245=VERTEX_POINT('',#7925);
#2246=VERTEX_POINT('',#7932);
#2247=VERTEX_POINT('',#7937);
#2248=VERTEX_POINT('',#7953);
#2249=VERTEX_POINT('',#7954);
#2250=VERTEX_POINT('',#7961);
#2251=VERTEX_POINT('',#7966);
#2252=VERTEX_POINT('',#7982);
#2253=VERTEX_POINT('',#7983);
#2254=VERTEX_POINT('',#7990);
#2255=VERTEX_POINT('',#7995);
#2256=VERTEX_POINT('',#8011);
#2257=VERTEX_POINT('',#8017);
#2258=VERTEX_POINT('',#8034);
#2259=VERTEX_POINT('',#8040);
#2260=VERTEX_POINT('',#8077);
#2261=VERTEX_POINT('',#8078);
#2262=VERTEX_POINT('',#8084);
#2263=VERTEX_POINT('',#8086);
#2264=VERTEX_POINT('',#8103);
#2265=VERTEX_POINT('',#8109);
#2266=VERTEX_POINT('',#8126);
#2267=VERTEX_POINT('',#8132);
#2268=VERTEX_POINT('',#8149);
#2269=VERTEX_POINT('',#8155);
#2270=VERTEX_POINT('',#8192);
#2271=VERTEX_POINT('',#8193);
#2272=VERTEX_POINT('',#8200);
#2273=VERTEX_POINT('',#8205);
#2274=VERTEX_POINT('',#8221);
#2275=VERTEX_POINT('',#8227);
#2276=VERTEX_POINT('',#8244);
#2277=VERTEX_POINT('',#8250);
#2278=VERTEX_POINT('',#8267);
#2279=VERTEX_POINT('',#8273);
#2280=VERTEX_POINT('',#8290);
#2281=VERTEX_POINT('',#8296);
#2282=VERTEX_POINT('',#8304);
#2283=VERTEX_POINT('',#8306);
#2284=VERTEX_POINT('',#8363);
#2285=VERTEX_POINT('',#8365);
#2286=VERTEX_POINT('',#8367);
#2287=VERTEX_POINT('',#8369);
#2288=VERTEX_POINT('',#8374);
#2289=VERTEX_POINT('',#8375);
#2290=VERTEX_POINT('',#8377);
#2291=VERTEX_POINT('',#8379);
#2292=VERTEX_POINT('',#8381);
#2293=VERTEX_POINT('',#8383);
#2294=VERTEX_POINT('',#8385);
#2295=VERTEX_POINT('',#8387);
#2296=VERTEX_POINT('',#8391);
#2297=VERTEX_POINT('',#8392);
#2298=VERTEX_POINT('',#8397);
#2299=VERTEX_POINT('',#8398);
#2300=VERTEX_POINT('',#8403);
#2301=VERTEX_POINT('',#8407);
#2302=VERTEX_POINT('',#8413);
#2303=VERTEX_POINT('',#8415);
#2304=VERTEX_POINT('',#8417);
#2305=VERTEX_POINT('',#8419);
#2306=VERTEX_POINT('',#8421);
#2307=VERTEX_POINT('',#8423);
#2308=VERTEX_POINT('',#8425);
#2309=VERTEX_POINT('',#8427);
#2310=VERTEX_POINT('',#8429);
#2311=VERTEX_POINT('',#8431);
#2312=VERTEX_POINT('',#8433);
#2313=VERTEX_POINT('',#8435);
#2314=VERTEX_POINT('',#8438);
#2315=VERTEX_POINT('',#8440);
#2316=VERTEX_POINT('',#8443);
#2317=VERTEX_POINT('',#8444);
#2318=VERTEX_POINT('',#8446);
#2319=VERTEX_POINT('',#8448);
#2320=VERTEX_POINT('',#8452);
#2321=VERTEX_POINT('',#8454);
#2322=VERTEX_POINT('',#8461);
#2323=VERTEX_POINT('',#8463);
#2324=VERTEX_POINT('',#8465);
#2325=VERTEX_POINT('',#8467);
#2326=VERTEX_POINT('',#8469);
#2327=VERTEX_POINT('',#8471);
#2328=VERTEX_POINT('',#8474);
#2329=VERTEX_POINT('',#8477);
#2330=VERTEX_POINT('',#8480);
#2331=VERTEX_POINT('',#8482);
#2332=VERTEX_POINT('',#8485);
#2333=VERTEX_POINT('',#8487);
#2334=VERTEX_POINT('',#8491);
#2335=VERTEX_POINT('',#8493);
#2336=VERTEX_POINT('',#8497);
#2337=VERTEX_POINT('',#8499);
#2338=VERTEX_POINT('',#8503);
#2339=VERTEX_POINT('',#8505);
#2340=VERTEX_POINT('',#8509);
#2341=VERTEX_POINT('',#8511);
#2342=VERTEX_POINT('',#8515);
#2343=VERTEX_POINT('',#8520);
#2344=VERTEX_POINT('',#8525);
#2345=VERTEX_POINT('',#8530);
#2346=VERTEX_POINT('',#8535);
#2347=VERTEX_POINT('',#8537);
#2348=VERTEX_POINT('',#8541);
#2349=VERTEX_POINT('',#8543);
#2350=VERTEX_POINT('',#8547);
#2351=VERTEX_POINT('',#8549);
#2352=VERTEX_POINT('',#8551);
#2353=VERTEX_POINT('',#8553);
#2354=VERTEX_POINT('',#8557);
#2355=VERTEX_POINT('',#8559);
#2356=VERTEX_POINT('',#8563);
#2357=VERTEX_POINT('',#8565);
#2358=VERTEX_POINT('',#8572);
#2359=VERTEX_POINT('',#8573);
#2360=VERTEX_POINT('',#8575);
#2361=VERTEX_POINT('',#8577);
#2362=VERTEX_POINT('',#8581);
#2363=VERTEX_POINT('',#8583);
#2364=VERTEX_POINT('',#8588);
#2365=VERTEX_POINT('',#8592);
#2366=VERTEX_POINT('',#8597);
#2367=VERTEX_POINT('',#8603);
#2368=VERTEX_POINT('',#8606);
#2369=VERTEX_POINT('',#8607);
#2370=VERTEX_POINT('',#8609);
#2371=VERTEX_POINT('',#8611);
#2372=VERTEX_POINT('',#8613);
#2373=VERTEX_POINT('',#8615);
#2374=VERTEX_POINT('',#8617);
#2375=VERTEX_POINT('',#8619);
#2376=VERTEX_POINT('',#8628);
#2377=VERTEX_POINT('',#8630);
#2378=VERTEX_POINT('',#8634);
#2379=VERTEX_POINT('',#8638);
#2380=VERTEX_POINT('',#8642);
#2381=VERTEX_POINT('',#8646);
#2382=VERTEX_POINT('',#8650);
#2383=VERTEX_POINT('',#8654);
#2384=VERTEX_POINT('',#8660);
#2385=VERTEX_POINT('',#8661);
#2386=EDGE_CURVE('',#1922,#1922,#1870,.T.);
#2387=EDGE_CURVE('',#1922,#1923,#930,.T.);
#2388=EDGE_CURVE('',#1923,#1923,#1871,.T.);
#2389=EDGE_CURVE('',#1924,#1924,#1872,.T.);
#2390=EDGE_CURVE('',#1924,#1925,#931,.T.);
#2391=EDGE_CURVE('',#1925,#1925,#1873,.T.);
#2392=EDGE_CURVE('',#1926,#1926,#1874,.T.);
#2393=EDGE_CURVE('',#1926,#1927,#932,.T.);
#2394=EDGE_CURVE('',#1927,#1927,#1875,.T.);
#2395=EDGE_CURVE('',#1928,#1928,#1876,.T.);
#2396=EDGE_CURVE('',#1928,#1929,#933,.T.);
#2397=EDGE_CURVE('',#1929,#1929,#1877,.T.);
#2398=EDGE_CURVE('',#1930,#1931,#934,.T.);
#2399=EDGE_CURVE('',#1930,#1932,#935,.T.);
#2400=EDGE_CURVE('',#1933,#1932,#936,.T.);
#2401=EDGE_CURVE('',#1931,#1933,#937,.T.);
#2402=EDGE_CURVE('',#1934,#1935,#938,.T.);
#2403=EDGE_CURVE('',#1934,#1936,#939,.T.);
#2404=EDGE_CURVE('',#1937,#1936,#940,.T.);
#2405=EDGE_CURVE('',#1935,#1937,#941,.T.);
#2406=EDGE_CURVE('',#1938,#1939,#36,.T.);
#2407=EDGE_CURVE('',#1940,#1938,#37,.T.);
#2408=EDGE_CURVE('',#1940,#1941,#942,.T.);
#2409=EDGE_CURVE('',#1941,#1939,#38,.T.);
#2410=EDGE_CURVE('',#1937,#1940,#39,.T.);
#2411=EDGE_CURVE('',#1936,#1941,#40,.T.);
#2412=EDGE_CURVE('',#1942,#1943,#943,.T.);
#2413=EDGE_CURVE('',#1944,#1942,#944,.T.);
#2414=EDGE_CURVE('',#1944,#1945,#945,.T.);
#2415=EDGE_CURVE('',#1945,#1943,#946,.T.);
#2416=EDGE_CURVE('',#1946,#1944,#41,.T.);
#2417=EDGE_CURVE('',#1946,#1947,#947,.T.);
#2418=EDGE_CURVE('',#1947,#1945,#42,.T.);
#2419=EDGE_CURVE('',#1948,#1946,#43,.T.);
#2420=EDGE_CURVE('',#1948,#1949,#948,.T.);
#2421=EDGE_CURVE('',#1949,#1947,#44,.T.);
#2422=EDGE_CURVE('',#1950,#1948,#45,.T.);
#2423=EDGE_CURVE('',#1950,#1951,#949,.T.);
#2424=EDGE_CURVE('',#1951,#1949,#46,.T.);
#2425=EDGE_CURVE('',#1952,#1950,#47,.T.);
#2426=EDGE_CURVE('',#1952,#1953,#950,.T.);
#2427=EDGE_CURVE('',#1953,#1951,#48,.T.);
#2428=EDGE_CURVE('',#1954,#1952,#951,.T.);
#2429=EDGE_CURVE('',#1954,#1955,#952,.T.);
#2430=EDGE_CURVE('',#1955,#1953,#953,.T.);
#2431=EDGE_CURVE('',#1956,#1954,#954,.T.);
#2432=EDGE_CURVE('',#1956,#1957,#955,.T.);
#2433=EDGE_CURVE('',#1957,#1955,#956,.T.);
#2434=EDGE_CURVE('',#1958,#1956,#957,.T.);
#2435=EDGE_CURVE('',#1958,#1959,#958,.T.);
#2436=EDGE_CURVE('',#1959,#1957,#959,.T.);
#2437=EDGE_CURVE('',#1933,#1958,#960,.T.);
#2438=EDGE_CURVE('',#1932,#1959,#961,.T.);
#2439=EDGE_CURVE('',#1939,#1930,#962,.T.);
#2440=EDGE_CURVE('',#1943,#1934,#963,.T.);
#2441=EDGE_CURVE('',#1960,#1961,#964,.T.);
#2442=EDGE_CURVE('',#1960,#1962,#965,.T.);
#2443=EDGE_CURVE('',#1963,#1962,#966,.T.);
#2444=EDGE_CURVE('',#1961,#1963,#967,.T.);
#2445=EDGE_CURVE('',#1964,#1965,#968,.T.);
#2446=EDGE_CURVE('',#1966,#1964,#969,.T.);
#2447=EDGE_CURVE('',#1967,#1966,#970,.T.);
#2448=EDGE_CURVE('',#1965,#1967,#971,.T.);
#2449=EDGE_CURVE('',#1965,#1968,#972,.T.);
#2450=EDGE_CURVE('',#1969,#1967,#973,.T.);
#2451=EDGE_CURVE('',#1968,#1969,#974,.T.);
#2452=EDGE_CURVE('',#1970,#1971,#975,.T.);
#2453=EDGE_CURVE('',#1972,#1970,#976,.T.);
#2454=EDGE_CURVE('',#1972,#1973,#977,.T.);
#2455=EDGE_CURVE('',#1973,#1971,#978,.T.);
#2456=EDGE_CURVE('',#1963,#1972,#979,.T.);
#2457=EDGE_CURVE('',#1962,#1973,#980,.T.);
#2458=EDGE_CURVE('',#1974,#1964,#981,.T.);
#2459=EDGE_CURVE('',#1975,#1974,#982,.T.);
#2460=EDGE_CURVE('',#1975,#1966,#983,.T.);
#2461=EDGE_CURVE('',#1969,#1975,#984,.T.);
#2462=EDGE_CURVE('',#1971,#1960,#985,.T.);
#2463=EDGE_CURVE('',#1976,#1977,#986,.T.);
#2464=EDGE_CURVE('',#1976,#1978,#987,.T.);
#2465=EDGE_CURVE('',#1979,#1978,#988,.T.);
#2466=EDGE_CURVE('',#1977,#1979,#989,.T.);
#2467=EDGE_CURVE('',#1980,#1981,#990,.T.);
#2468=EDGE_CURVE('',#1980,#1982,#991,.T.);
#2469=EDGE_CURVE('',#1982,#1983,#992,.T.);
#2470=EDGE_CURVE('',#1981,#1983,#993,.T.);
#2471=EDGE_CURVE('',#1979,#1980,#994,.T.);
#2472=EDGE_CURVE('',#1978,#1982,#995,.T.);
#2473=EDGE_CURVE('',#1984,#1985,#996,.T.);
#2474=EDGE_CURVE('',#1986,#1984,#997,.T.);
#2475=EDGE_CURVE('',#1986,#1987,#998,.T.);
#2476=EDGE_CURVE('',#1987,#1985,#999,.T.);
#2477=EDGE_CURVE('',#1981,#1986,#1000,.T.);
#2478=EDGE_CURVE('',#1983,#1987,#1001,.T.);
#2479=EDGE_CURVE('',#1985,#1976,#1002,.T.);
#2480=EDGE_CURVE('',#1988,#1989,#1003,.T.);
#2481=EDGE_CURVE('',#1988,#1990,#1004,.T.);
#2482=EDGE_CURVE('',#1991,#1990,#1005,.T.);
#2483=EDGE_CURVE('',#1989,#1991,#1006,.T.);
#2484=EDGE_CURVE('',#1992,#1993,#1007,.T.);
#2485=EDGE_CURVE('',#1994,#1992,#1008,.T.);
#2486=EDGE_CURVE('',#1995,#1994,#1009,.T.);
#2487=EDGE_CURVE('',#1993,#1995,#1010,.T.);
#2488=EDGE_CURVE('',#1993,#1996,#1011,.T.);
#2489=EDGE_CURVE('',#1997,#1995,#1012,.T.);
#2490=EDGE_CURVE('',#1996,#1997,#1013,.T.);
#2491=EDGE_CURVE('',#1998,#1999,#1014,.T.);
#2492=EDGE_CURVE('',#2000,#1998,#1015,.T.);
#2493=EDGE_CURVE('',#2000,#2001,#1016,.T.);
#2494=EDGE_CURVE('',#2001,#1999,#1017,.T.);
#2495=EDGE_CURVE('',#1991,#2000,#1018,.T.);
#2496=EDGE_CURVE('',#1990,#2001,#1019,.T.);
#2497=EDGE_CURVE('',#2002,#1992,#1020,.T.);
#2498=EDGE_CURVE('',#2003,#2002,#1021,.T.);
#2499=EDGE_CURVE('',#2003,#1994,#1022,.T.);
#2500=EDGE_CURVE('',#1997,#2003,#1023,.T.);
#2501=EDGE_CURVE('',#1999,#1988,#1024,.T.);
#2502=EDGE_CURVE('',#2004,#2005,#1025,.T.);
#2503=EDGE_CURVE('',#2004,#2006,#1026,.T.);
#2504=EDGE_CURVE('',#2007,#2006,#1027,.T.);
#2505=EDGE_CURVE('',#2005,#2007,#1028,.T.);
#2506=EDGE_CURVE('',#2008,#2004,#1029,.T.);
#2507=EDGE_CURVE('',#2009,#2008,#1030,.T.);
#2508=EDGE_CURVE('',#2010,#2009,#49,.T.);
#2509=EDGE_CURVE('',#2011,#2010,#50,.T.);
#2510=EDGE_CURVE('',#2012,#2011,#51,.T.);
#2511=EDGE_CURVE('',#2013,#2012,#52,.T.);
#2512=EDGE_CURVE('',#2014,#2013,#1031,.T.);
#2513=EDGE_CURVE('',#2015,#2014,#1032,.T.);
#2514=EDGE_CURVE('',#2016,#2015,#1033,.T.);
#2515=EDGE_CURVE('',#2017,#2016,#53,.T.);
#2516=EDGE_CURVE('',#2018,#2017,#54,.T.);
#2517=EDGE_CURVE('',#2019,#2018,#55,.T.);
#2518=EDGE_CURVE('',#2020,#2019,#56,.T.);
#2519=EDGE_CURVE('',#2021,#2020,#1034,.T.);
#2520=EDGE_CURVE('',#2006,#2021,#1035,.T.);
#2521=EDGE_CURVE('',#2014,#2022,#1036,.T.);
#2522=EDGE_CURVE('',#2023,#2013,#1037,.T.);
#2523=EDGE_CURVE('',#2022,#2023,#1038,.T.);
#2524=EDGE_CURVE('',#2024,#2008,#1039,.T.);
#2525=EDGE_CURVE('',#2025,#2024,#1040,.T.);
#2526=EDGE_CURVE('',#2025,#2009,#1041,.T.);
#2527=EDGE_CURVE('',#2026,#2025,#57,.T.);
#2528=EDGE_CURVE('',#2026,#2010,#1042,.T.);
#2529=EDGE_CURVE('',#2027,#2026,#58,.T.);
#2530=EDGE_CURVE('',#2027,#2011,#1043,.T.);
#2531=EDGE_CURVE('',#2028,#2027,#59,.T.);
#2532=EDGE_CURVE('',#2028,#2012,#1044,.T.);
#2533=EDGE_CURVE('',#2023,#2028,#60,.T.);
#2534=EDGE_CURVE('',#2029,#2015,#1045,.T.);
#2535=EDGE_CURVE('',#2030,#2029,#1046,.T.);
#2536=EDGE_CURVE('',#2030,#2016,#1047,.T.);
#2537=EDGE_CURVE('',#2031,#2030,#61,.T.);
#2538=EDGE_CURVE('',#2031,#2017,#1048,.T.);
#2539=EDGE_CURVE('',#2032,#2031,#62,.T.);
#2540=EDGE_CURVE('',#2032,#2018,#1049,.T.);
#2541=EDGE_CURVE('',#2033,#2032,#63,.T.);
#2542=EDGE_CURVE('',#2033,#2019,#1050,.T.);
#2543=EDGE_CURVE('',#2034,#2033,#64,.T.);
#2544=EDGE_CURVE('',#2034,#2020,#1051,.T.);
#2545=EDGE_CURVE('',#2035,#2034,#1052,.T.);
#2546=EDGE_CURVE('',#2035,#2021,#1053,.T.);
#2547=EDGE_CURVE('',#2007,#2035,#1054,.T.);
#2548=EDGE_CURVE('',#2036,#2037,#1055,.T.);
#2549=EDGE_CURVE('',#2036,#2038,#1056,.T.);
#2550=EDGE_CURVE('',#2039,#2038,#1057,.T.);
#2551=EDGE_CURVE('',#2037,#2039,#1058,.T.);
#2552=EDGE_CURVE('',#2040,#2041,#1059,.T.);
#2553=EDGE_CURVE('',#2040,#2042,#1060,.T.);
#2554=EDGE_CURVE('',#2042,#2043,#1061,.T.);
#2555=EDGE_CURVE('',#2041,#2043,#1062,.T.);
#2556=EDGE_CURVE('',#2039,#2040,#1063,.T.);
#2557=EDGE_CURVE('',#2038,#2042,#1064,.T.);
#2558=EDGE_CURVE('',#2044,#2045,#1065,.T.);
#2559=EDGE_CURVE('',#2046,#2044,#1066,.T.);
#2560=EDGE_CURVE('',#2046,#2047,#1067,.T.);
#2561=EDGE_CURVE('',#2047,#2045,#1068,.T.);
#2562=EDGE_CURVE('',#2041,#2046,#1069,.T.);
#2563=EDGE_CURVE('',#2043,#2047,#1070,.T.);
#2564=EDGE_CURVE('',#2045,#2036,#1071,.T.);
#2565=EDGE_CURVE('',#2048,#2049,#65,.T.);
#2566=EDGE_CURVE('',#2048,#2050,#66,.T.);
#2567=EDGE_CURVE('',#2051,#2050,#1072,.T.);
#2568=EDGE_CURVE('',#2049,#2051,#67,.T.);
#2569=EDGE_CURVE('',#2052,#2048,#1073,.T.);
#2570=EDGE_CURVE('',#2053,#2052,#68,.T.);
#2571=EDGE_CURVE('',#2054,#2053,#69,.T.);
#2572=EDGE_CURVE('',#2055,#2054,#70,.T.);
#2573=EDGE_CURVE('',#2056,#2055,#71,.T.);
#2574=EDGE_CURVE('',#2057,#2056,#1074,.T.);
#2575=EDGE_CURVE('',#2058,#2057,#72,.T.);
#2576=EDGE_CURVE('',#2059,#2058,#73,.T.);
#2577=EDGE_CURVE('',#2060,#2059,#74,.T.);
#2578=EDGE_CURVE('',#2050,#2060,#75,.T.);
#2579=EDGE_CURVE('',#2056,#2061,#76,.T.);
#2580=EDGE_CURVE('',#2062,#2055,#1075,.T.);
#2581=EDGE_CURVE('',#2061,#2062,#77,.T.);
#2582=EDGE_CURVE('',#2063,#2052,#78,.T.);
#2583=EDGE_CURVE('',#2064,#2063,#79,.T.);
#2584=EDGE_CURVE('',#2064,#2053,#1076,.T.);
#2585=EDGE_CURVE('',#2065,#2064,#80,.T.);
#2586=EDGE_CURVE('',#2065,#2054,#1077,.T.);
#2587=EDGE_CURVE('',#2062,#2065,#81,.T.);
#2588=EDGE_CURVE('',#2066,#2057,#82,.T.);
#2589=EDGE_CURVE('',#2067,#2066,#83,.T.);
#2590=EDGE_CURVE('',#2067,#2058,#1078,.T.);
#2591=EDGE_CURVE('',#2068,#2067,#84,.T.);
#2592=EDGE_CURVE('',#2068,#2059,#1079,.T.);
#2593=EDGE_CURVE('',#2069,#2068,#85,.T.);
#2594=EDGE_CURVE('',#2069,#2060,#1080,.T.);
#2595=EDGE_CURVE('',#2051,#2069,#86,.T.);
#2596=EDGE_CURVE('',#2070,#2071,#1081,.T.);
#2597=EDGE_CURVE('',#2070,#2072,#1082,.T.);
#2598=EDGE_CURVE('',#2073,#2072,#1083,.T.);
#2599=EDGE_CURVE('',#2071,#2073,#1084,.T.);
#2600=EDGE_CURVE('',#2074,#2075,#1085,.T.);
#2601=EDGE_CURVE('',#2076,#2074,#1086,.T.);
#2602=EDGE_CURVE('',#2077,#2076,#1087,.T.);
#2603=EDGE_CURVE('',#2075,#2077,#1088,.T.);
#2604=EDGE_CURVE('',#2075,#2078,#1089,.T.);
#2605=EDGE_CURVE('',#2079,#2077,#1090,.T.);
#2606=EDGE_CURVE('',#2078,#2079,#1091,.T.);
#2607=EDGE_CURVE('',#2080,#2081,#1092,.T.);
#2608=EDGE_CURVE('',#2082,#2080,#1093,.T.);
#2609=EDGE_CURVE('',#2082,#2083,#1094,.T.);
#2610=EDGE_CURVE('',#2083,#2081,#1095,.T.);
#2611=EDGE_CURVE('',#2073,#2082,#1096,.T.);
#2612=EDGE_CURVE('',#2072,#2083,#1097,.T.);
#2613=EDGE_CURVE('',#2084,#2074,#1098,.T.);
#2614=EDGE_CURVE('',#2085,#2084,#1099,.T.);
#2615=EDGE_CURVE('',#2085,#2076,#1100,.T.);
#2616=EDGE_CURVE('',#2079,#2085,#1101,.T.);
#2617=EDGE_CURVE('',#2081,#2070,#1102,.T.);
#2618=EDGE_CURVE('',#2086,#2087,#1103,.T.);
#2619=EDGE_CURVE('',#2086,#2088,#1104,.T.);
#2620=EDGE_CURVE('',#2089,#2088,#1105,.T.);
#2621=EDGE_CURVE('',#2087,#2089,#1106,.T.);
#2622=EDGE_CURVE('',#2090,#2091,#1107,.T.);
#2623=EDGE_CURVE('',#2090,#2092,#1108,.T.);
#2624=EDGE_CURVE('',#2093,#2092,#1109,.T.);
#2625=EDGE_CURVE('',#2091,#2093,#1110,.T.);
#2626=EDGE_CURVE('',#2094,#2095,#87,.T.);
#2627=EDGE_CURVE('',#2096,#2094,#88,.T.);
#2628=EDGE_CURVE('',#2096,#2097,#1111,.T.);
#2629=EDGE_CURVE('',#2097,#2095,#89,.T.);
#2630=EDGE_CURVE('',#2093,#2096,#90,.T.);
#2631=EDGE_CURVE('',#2092,#2097,#91,.T.);
#2632=EDGE_CURVE('',#2098,#2099,#1112,.T.);
#2633=EDGE_CURVE('',#2100,#2098,#1113,.T.);
#2634=EDGE_CURVE('',#2100,#2101,#1114,.T.);
#2635=EDGE_CURVE('',#2101,#2099,#1115,.T.);
#2636=EDGE_CURVE('',#2102,#2100,#92,.T.);
#2637=EDGE_CURVE('',#2102,#2103,#1116,.T.);
#2638=EDGE_CURVE('',#2103,#2101,#93,.T.);
#2639=EDGE_CURVE('',#2104,#2102,#94,.T.);
#2640=EDGE_CURVE('',#2104,#2105,#1117,.T.);
#2641=EDGE_CURVE('',#2105,#2103,#95,.T.);
#2642=EDGE_CURVE('',#2106,#2104,#96,.T.);
#2643=EDGE_CURVE('',#2106,#2107,#1118,.T.);
#2644=EDGE_CURVE('',#2107,#2105,#97,.T.);
#2645=EDGE_CURVE('',#2108,#2106,#98,.T.);
#2646=EDGE_CURVE('',#2108,#2109,#1119,.T.);
#2647=EDGE_CURVE('',#2109,#2107,#99,.T.);
#2648=EDGE_CURVE('',#2110,#2108,#1120,.T.);
#2649=EDGE_CURVE('',#2110,#2111,#1121,.T.);
#2650=EDGE_CURVE('',#2111,#2109,#1122,.T.);
#2651=EDGE_CURVE('',#2112,#2110,#1123,.T.);
#2652=EDGE_CURVE('',#2112,#2113,#1124,.T.);
#2653=EDGE_CURVE('',#2113,#2111,#1125,.T.);
#2654=EDGE_CURVE('',#2114,#2112,#1126,.T.);
#2655=EDGE_CURVE('',#2114,#2115,#1127,.T.);
#2656=EDGE_CURVE('',#2115,#2113,#1128,.T.);
#2657=EDGE_CURVE('',#2089,#2114,#1129,.T.);
#2658=EDGE_CURVE('',#2088,#2115,#1130,.T.);
#2659=EDGE_CURVE('',#2095,#2086,#1131,.T.);
#2660=EDGE_CURVE('',#2099,#2090,#1132,.T.);
#2661=EDGE_CURVE('',#2116,#2117,#100,.T.);
#2662=EDGE_CURVE('',#2116,#2118,#101,.T.);
#2663=EDGE_CURVE('',#2119,#2118,#1133,.T.);
#2664=EDGE_CURVE('',#2117,#2119,#102,.T.);
#2665=EDGE_CURVE('',#2120,#2116,#1134,.T.);
#2666=EDGE_CURVE('',#2121,#2120,#103,.T.);
#2667=EDGE_CURVE('',#2122,#2121,#104,.T.);
#2668=EDGE_CURVE('',#2123,#2122,#105,.T.);
#2669=EDGE_CURVE('',#2124,#2123,#106,.T.);
#2670=EDGE_CURVE('',#2125,#2124,#1135,.T.);
#2671=EDGE_CURVE('',#2126,#2125,#1136,.T.);
#2672=EDGE_CURVE('',#2127,#2126,#1137,.T.);
#2673=EDGE_CURVE('',#2128,#2127,#1138,.T.);
#2674=EDGE_CURVE('',#2129,#2128,#1139,.T.);
#2675=EDGE_CURVE('',#2130,#2129,#107,.T.);
#2676=EDGE_CURVE('',#2131,#2130,#108,.T.);
#2677=EDGE_CURVE('',#2118,#2131,#109,.T.);
#2678=EDGE_CURVE('',#2125,#2132,#1140,.T.);
#2679=EDGE_CURVE('',#2133,#2124,#1141,.T.);
#2680=EDGE_CURVE('',#2132,#2133,#1142,.T.);
#2681=EDGE_CURVE('',#2133,#2134,#110,.T.);
#2682=EDGE_CURVE('',#2134,#2123,#1143,.T.);
#2683=EDGE_CURVE('',#2135,#2120,#111,.T.);
#2684=EDGE_CURVE('',#2136,#2135,#112,.T.);
#2685=EDGE_CURVE('',#2136,#2121,#1144,.T.);
#2686=EDGE_CURVE('',#2137,#2136,#113,.T.);
#2687=EDGE_CURVE('',#2137,#2122,#1145,.T.);
#2688=EDGE_CURVE('',#2134,#2137,#114,.T.);
#2689=EDGE_CURVE('',#2138,#2139,#115,.T.);
#2690=EDGE_CURVE('',#2138,#2130,#1146,.T.);
#2691=EDGE_CURVE('',#2139,#2129,#1147,.T.);
#2692=EDGE_CURVE('',#2140,#2138,#116,.T.);
#2693=EDGE_CURVE('',#2140,#2131,#1148,.T.);
#2694=EDGE_CURVE('',#2119,#2140,#117,.T.);
#2695=EDGE_CURVE('',#2141,#2126,#1149,.T.);
#2696=EDGE_CURVE('',#2142,#2141,#1150,.T.);
#2697=EDGE_CURVE('',#2142,#2127,#1151,.T.);
#2698=EDGE_CURVE('',#2143,#2142,#1152,.T.);
#2699=EDGE_CURVE('',#2143,#2128,#1153,.T.);
#2700=EDGE_CURVE('',#2139,#2143,#1154,.T.);
#2701=EDGE_CURVE('',#2144,#2145,#118,.T.);
#2702=EDGE_CURVE('',#2144,#2146,#119,.T.);
#2703=EDGE_CURVE('',#2147,#2146,#1155,.T.);
#2704=EDGE_CURVE('',#2145,#2147,#120,.T.);
#2705=EDGE_CURVE('',#2148,#2144,#1156,.T.);
#2706=EDGE_CURVE('',#2149,#2148,#121,.T.);
#2707=EDGE_CURVE('',#2150,#2149,#122,.T.);
#2708=EDGE_CURVE('',#2151,#2150,#123,.T.);
#2709=EDGE_CURVE('',#2152,#2151,#124,.T.);
#2710=EDGE_CURVE('',#2153,#2152,#1157,.T.);
#2711=EDGE_CURVE('',#2154,#2153,#125,.T.);
#2712=EDGE_CURVE('',#2155,#2154,#126,.T.);
#2713=EDGE_CURVE('',#2156,#2155,#127,.T.);
#2714=EDGE_CURVE('',#2146,#2156,#128,.T.);
#2715=EDGE_CURVE('',#2152,#2157,#129,.T.);
#2716=EDGE_CURVE('',#2158,#2151,#1158,.T.);
#2717=EDGE_CURVE('',#2157,#2158,#130,.T.);
#2718=EDGE_CURVE('',#2159,#2148,#131,.T.);
#2719=EDGE_CURVE('',#2160,#2159,#132,.T.);
#2720=EDGE_CURVE('',#2160,#2149,#1159,.T.);
#2721=EDGE_CURVE('',#2161,#2160,#133,.T.);
#2722=EDGE_CURVE('',#2161,#2150,#1160,.T.);
#2723=EDGE_CURVE('',#2158,#2161,#134,.T.);
#2724=EDGE_CURVE('',#2147,#2162,#135,.T.);
#2725=EDGE_CURVE('',#2162,#2156,#1161,.T.);
#2726=EDGE_CURVE('',#2163,#2153,#136,.T.);
#2727=EDGE_CURVE('',#2164,#2163,#137,.T.);
#2728=EDGE_CURVE('',#2164,#2154,#1162,.T.);
#2729=EDGE_CURVE('',#2165,#2164,#138,.T.);
#2730=EDGE_CURVE('',#2165,#2155,#1163,.T.);
#2731=EDGE_CURVE('',#2162,#2165,#139,.T.);
#2732=EDGE_CURVE('',#2166,#2167,#1164,.T.);
#2733=EDGE_CURVE('',#2166,#2168,#1165,.T.);
#2734=EDGE_CURVE('',#2169,#2168,#1166,.T.);
#2735=EDGE_CURVE('',#2167,#2169,#1167,.T.);
#2736=EDGE_CURVE('',#2170,#2171,#1168,.T.);
#2737=EDGE_CURVE('',#2172,#2170,#1169,.T.);
#2738=EDGE_CURVE('',#2172,#2173,#1170,.T.);
#2739=EDGE_CURVE('',#2173,#2171,#1171,.T.);
#2740=EDGE_CURVE('',#2174,#2172,#1172,.T.);
#2741=EDGE_CURVE('',#2174,#2175,#1173,.T.);
#2742=EDGE_CURVE('',#2175,#2173,#1174,.T.);
#2743=EDGE_CURVE('',#2176,#2174,#1175,.T.);
#2744=EDGE_CURVE('',#2176,#2177,#1176,.T.);
#2745=EDGE_CURVE('',#2177,#2175,#1177,.T.);
#2746=EDGE_CURVE('',#2178,#2176,#1178,.T.);
#2747=EDGE_CURVE('',#2178,#2179,#1179,.T.);
#2748=EDGE_CURVE('',#2179,#2177,#1180,.T.);
#2749=EDGE_CURVE('',#2169,#2178,#1181,.T.);
#2750=EDGE_CURVE('',#2168,#2179,#1182,.T.);
#2751=EDGE_CURVE('',#2171,#2166,#1183,.T.);
#2752=EDGE_CURVE('',#2180,#2181,#1184,.T.);
#2753=EDGE_CURVE('',#2180,#2182,#1185,.T.);
#2754=EDGE_CURVE('',#2183,#2182,#1186,.T.);
#2755=EDGE_CURVE('',#2181,#2183,#1187,.T.);
#2756=EDGE_CURVE('',#2184,#2185,#1188,.T.);
#2757=EDGE_CURVE('',#2186,#2184,#1189,.T.);
#2758=EDGE_CURVE('',#2186,#2187,#1190,.T.);
#2759=EDGE_CURVE('',#2187,#2185,#1191,.T.);
#2760=EDGE_CURVE('',#2188,#2186,#1192,.T.);
#2761=EDGE_CURVE('',#2188,#2189,#1193,.T.);
#2762=EDGE_CURVE('',#2189,#2187,#1194,.T.);
#2763=EDGE_CURVE('',#2190,#2188,#1195,.T.);
#2764=EDGE_CURVE('',#2190,#2191,#1196,.T.);
#2765=EDGE_CURVE('',#2191,#2189,#1197,.T.);
#2766=EDGE_CURVE('',#2192,#2190,#1198,.T.);
#2767=EDGE_CURVE('',#2192,#2193,#1199,.T.);
#2768=EDGE_CURVE('',#2193,#2191,#1200,.T.);
#2769=EDGE_CURVE('',#2194,#2192,#1201,.T.);
#2770=EDGE_CURVE('',#2194,#2195,#1202,.T.);
#2771=EDGE_CURVE('',#2195,#2193,#1203,.T.);
#2772=EDGE_CURVE('',#2196,#2194,#1204,.T.);
#2773=EDGE_CURVE('',#2196,#2197,#1205,.T.);
#2774=EDGE_CURVE('',#2197,#2195,#1206,.T.);
#2775=EDGE_CURVE('',#2198,#2196,#1207,.T.);
#2776=EDGE_CURVE('',#2198,#2199,#1208,.T.);
#2777=EDGE_CURVE('',#2199,#2197,#1209,.T.);
#2778=EDGE_CURVE('',#2200,#2198,#1210,.T.);
#2779=EDGE_CURVE('',#2200,#2201,#1211,.T.);
#2780=EDGE_CURVE('',#2201,#2199,#1212,.T.);
#2781=EDGE_CURVE('',#2202,#2200,#1213,.T.);
#2782=EDGE_CURVE('',#2202,#2203,#1214,.T.);
#2783=EDGE_CURVE('',#2203,#2201,#1215,.T.);
#2784=EDGE_CURVE('',#2183,#2202,#1216,.T.);
#2785=EDGE_CURVE('',#2182,#2203,#1217,.T.);
#2786=EDGE_CURVE('',#2185,#2180,#1218,.T.);
#2787=EDGE_CURVE('',#2204,#2205,#140,.T.);
#2788=EDGE_CURVE('',#2204,#2206,#1219,.T.);
#2789=EDGE_CURVE('',#2206,#2207,#141,.T.);
#2790=EDGE_CURVE('',#2205,#2207,#1220,.T.);
#2791=EDGE_CURVE('',#2208,#2204,#142,.T.);
#2792=EDGE_CURVE('',#2208,#2209,#1221,.T.);
#2793=EDGE_CURVE('',#2209,#2206,#143,.T.);
#2794=EDGE_CURVE('',#2210,#2208,#144,.T.);
#2795=EDGE_CURVE('',#2210,#2211,#1222,.T.);
#2796=EDGE_CURVE('',#2211,#2209,#145,.T.);
#2797=EDGE_CURVE('',#2212,#2210,#146,.T.);
#2798=EDGE_CURVE('',#2212,#2213,#1223,.T.);
#2799=EDGE_CURVE('',#2213,#2211,#147,.T.);
#2800=EDGE_CURVE('',#2214,#2212,#148,.T.);
#2801=EDGE_CURVE('',#2214,#2215,#1224,.T.);
#2802=EDGE_CURVE('',#2215,#2213,#149,.T.);
#2803=EDGE_CURVE('',#2216,#2214,#150,.T.);
#2804=EDGE_CURVE('',#2216,#2217,#1225,.T.);
#2805=EDGE_CURVE('',#2217,#2215,#151,.T.);
#2806=EDGE_CURVE('',#2218,#2216,#152,.T.);
#2807=EDGE_CURVE('',#2218,#2219,#1226,.T.);
#2808=EDGE_CURVE('',#2219,#2217,#153,.T.);
#2809=EDGE_CURVE('',#2205,#2218,#154,.T.);
#2810=EDGE_CURVE('',#2207,#2219,#155,.T.);
#2811=EDGE_CURVE('',#2220,#2221,#1227,.T.);
#2812=EDGE_CURVE('',#2220,#2222,#1228,.T.);
#2813=EDGE_CURVE('',#2223,#2222,#1229,.T.);
#2814=EDGE_CURVE('',#2221,#2223,#1230,.T.);
#2815=EDGE_CURVE('',#2224,#2225,#156,.T.);
#2816=EDGE_CURVE('',#2224,#2226,#1231,.T.);
#2817=EDGE_CURVE('',#2226,#2227,#157,.T.);
#2818=EDGE_CURVE('',#2225,#2227,#1232,.T.);
#2819=EDGE_CURVE('',#2228,#2224,#158,.T.);
#2820=EDGE_CURVE('',#2228,#2229,#1233,.T.);
#2821=EDGE_CURVE('',#2229,#2226,#159,.T.);
#2822=EDGE_CURVE('',#2230,#2228,#160,.T.);
#2823=EDGE_CURVE('',#2230,#2231,#1234,.T.);
#2824=EDGE_CURVE('',#2231,#2229,#161,.T.);
#2825=EDGE_CURVE('',#2232,#2230,#162,.T.);
#2826=EDGE_CURVE('',#2232,#2233,#1235,.T.);
#2827=EDGE_CURVE('',#2233,#2231,#163,.T.);
#2828=EDGE_CURVE('',#2234,#2232,#1236,.T.);
#2829=EDGE_CURVE('',#2234,#2235,#1237,.T.);
#2830=EDGE_CURVE('',#2235,#2233,#1238,.T.);
#2831=EDGE_CURVE('',#2236,#2234,#164,.T.);
#2832=EDGE_CURVE('',#2236,#2237,#1239,.T.);
#2833=EDGE_CURVE('',#2237,#2235,#165,.T.);
#2834=EDGE_CURVE('',#2238,#2236,#166,.T.);
#2835=EDGE_CURVE('',#2238,#2239,#1240,.T.);
#2836=EDGE_CURVE('',#2239,#2237,#167,.T.);
#2837=EDGE_CURVE('',#2240,#2238,#168,.T.);
#2838=EDGE_CURVE('',#2240,#2241,#1241,.T.);
#2839=EDGE_CURVE('',#2241,#2239,#169,.T.);
#2840=EDGE_CURVE('',#2223,#2240,#170,.T.);
#2841=EDGE_CURVE('',#2222,#2241,#171,.T.);
#2842=EDGE_CURVE('',#2242,#2243,#1242,.T.);
#2843=EDGE_CURVE('',#2225,#2242,#1243,.T.);
#2844=EDGE_CURVE('',#2227,#2243,#1244,.T.);
#2845=EDGE_CURVE('',#2243,#2220,#1245,.T.);
#2846=EDGE_CURVE('',#2244,#2245,#172,.T.);
#2847=EDGE_CURVE('',#2244,#2246,#173,.T.);
#2848=EDGE_CURVE('',#2247,#2246,#1246,.T.);
#2849=EDGE_CURVE('',#2245,#2247,#174,.T.);
#2850=EDGE_CURVE('',#2248,#2249,#175,.T.);
#2851=EDGE_CURVE('',#2248,#2250,#176,.T.);
#2852=EDGE_CURVE('',#2251,#2250,#1247,.T.);
#2853=EDGE_CURVE('',#2249,#2251,#177,.T.);
#2854=EDGE_CURVE('',#2252,#2253,#178,.T.);
#2855=EDGE_CURVE('',#2254,#2252,#179,.T.);
#2856=EDGE_CURVE('',#2254,#2255,#1248,.T.);
#2857=EDGE_CURVE('',#2255,#2253,#180,.T.);
#2858=EDGE_CURVE('',#2256,#2254,#181,.T.);
#2859=EDGE_CURVE('',#2256,#2257,#1249,.T.);
#2860=EDGE_CURVE('',#2257,#2255,#182,.T.);
#2861=EDGE_CURVE('',#2258,#2256,#183,.T.);
#2862=EDGE_CURVE('',#2258,#2259,#1250,.T.);
#2863=EDGE_CURVE('',#2259,#2257,#184,.T.);
#2864=EDGE_CURVE('',#2251,#2258,#185,.T.);
#2865=EDGE_CURVE('',#2250,#2259,#186,.T.);
#2866=EDGE_CURVE('',#2260,#2261,#187,.T.);
#2867=EDGE_CURVE('',#2260,#2262,#1251,.T.);
#2868=EDGE_CURVE('',#2262,#2263,#188,.T.);
#2869=EDGE_CURVE('',#2261,#2263,#1252,.T.);
#2870=EDGE_CURVE('',#2264,#2260,#189,.T.);
#2871=EDGE_CURVE('',#2264,#2265,#1253,.T.);
#2872=EDGE_CURVE('',#2265,#2262,#190,.T.);
#2873=EDGE_CURVE('',#2266,#2264,#191,.T.);
#2874=EDGE_CURVE('',#2266,#2267,#1254,.T.);
#2875=EDGE_CURVE('',#2267,#2265,#192,.T.);
#2876=EDGE_CURVE('',#2268,#2266,#193,.T.);
#2877=EDGE_CURVE('',#2268,#2269,#1255,.T.);
#2878=EDGE_CURVE('',#2269,#2267,#194,.T.);
#2879=EDGE_CURVE('',#2247,#2268,#195,.T.);
#2880=EDGE_CURVE('',#2246,#2269,#196,.T.);
#2881=EDGE_CURVE('',#2270,#2271,#197,.T.);
#2882=EDGE_CURVE('',#2272,#2270,#198,.T.);
#2883=EDGE_CURVE('',#2272,#2273,#1256,.T.);
#2884=EDGE_CURVE('',#2273,#2271,#199,.T.);
#2885=EDGE_CURVE('',#2274,#2272,#200,.T.);
#2886=EDGE_CURVE('',#2274,#2275,#1257,.T.);
#2887=EDGE_CURVE('',#2275,#2273,#201,.T.);
#2888=EDGE_CURVE('',#2276,#2274,#202,.T.);
#2889=EDGE_CURVE('',#2276,#2277,#1258,.T.);
#2890=EDGE_CURVE('',#2277,#2275,#203,.T.);
#2891=EDGE_CURVE('',#2278,#2276,#204,.T.);
#2892=EDGE_CURVE('',#2278,#2279,#1259,.T.);
#2893=EDGE_CURVE('',#2279,#2277,#205,.T.);
#2894=EDGE_CURVE('',#2280,#2278,#206,.T.);
#2895=EDGE_CURVE('',#2280,#2281,#1260,.T.);
#2896=EDGE_CURVE('',#2281,#2279,#207,.T.);
#2897=EDGE_CURVE('',#2282,#2280,#1261,.T.);
#2898=EDGE_CURVE('',#2282,#2283,#1262,.T.);
#2899=EDGE_CURVE('',#2283,#2281,#1263,.T.);
#2900=EDGE_CURVE('',#2261,#2282,#208,.T.);
#2901=EDGE_CURVE('',#2263,#2283,#209,.T.);
#2902=EDGE_CURVE('',#2253,#2244,#1264,.T.);
#2903=EDGE_CURVE('',#2271,#2248,#1265,.T.);
#2904=EDGE_CURVE('',#2249,#2252,#1266,.T.);
#2905=EDGE_CURVE('',#2157,#2159,#1267,.T.);
#2906=EDGE_CURVE('',#2132,#2135,#1268,.T.);
#2907=EDGE_CURVE('',#2091,#2094,#1269,.T.);
#2908=EDGE_CURVE('',#2061,#2063,#1270,.T.);
#2909=EDGE_CURVE('',#2022,#2024,#1271,.T.);
#2910=EDGE_CURVE('',#1935,#1938,#1272,.T.);
#2911=EDGE_CURVE('',#2221,#1942,#1273,.T.);
#2912=EDGE_CURVE('',#1961,#2242,#1274,.T.);
#2913=EDGE_CURVE('',#1968,#1970,#1275,.T.);
#2914=EDGE_CURVE('',#1977,#1974,#1276,.T.);
#2915=EDGE_CURVE('',#2181,#1984,#1277,.T.);
#2916=EDGE_CURVE('',#1989,#2184,#1278,.T.);
#2917=EDGE_CURVE('',#1996,#1998,#1279,.T.);
#2918=EDGE_CURVE('',#2005,#2002,#1280,.T.);
#2919=EDGE_CURVE('',#2145,#2029,#1281,.T.);
#2920=EDGE_CURVE('',#2037,#2163,#1282,.T.);
#2921=EDGE_CURVE('',#2117,#2044,#1283,.T.);
#2922=EDGE_CURVE('',#2049,#2141,#1284,.T.);
#2923=EDGE_CURVE('',#2087,#2066,#1285,.T.);
#2924=EDGE_CURVE('',#2071,#2098,#1286,.T.);
#2925=EDGE_CURVE('',#2078,#2080,#1287,.T.);
#2926=EDGE_CURVE('',#2167,#2084,#1288,.T.);
#2927=EDGE_CURVE('',#2284,#2170,#1289,.T.);
#2928=EDGE_CURVE('',#2284,#2285,#1290,.T.);
#2929=EDGE_CURVE('',#2286,#2285,#1291,.T.);
#2930=EDGE_CURVE('',#2287,#2286,#1292,.T.);
#2931=EDGE_CURVE('',#2245,#2287,#1293,.T.);
#2932=EDGE_CURVE('',#1931,#2270,#1294,.T.);
#2933=EDGE_CURVE('',#2288,#2289,#1295,.T.);
#2934=EDGE_CURVE('',#2290,#2288,#1296,.T.);
#2935=EDGE_CURVE('',#2291,#2290,#1297,.T.);
#2936=EDGE_CURVE('',#2292,#2291,#1298,.T.);
#2937=EDGE_CURVE('',#2292,#2293,#1299,.T.);
#2938=EDGE_CURVE('',#2294,#2293,#1300,.T.);
#2939=EDGE_CURVE('',#2295,#2294,#1301,.T.);
#2940=EDGE_CURVE('',#2289,#2295,#1302,.T.);
#2941=EDGE_CURVE('',#2296,#2297,#1303,.T.);
#2942=EDGE_CURVE('',#2293,#2296,#1304,.T.);
#2943=EDGE_CURVE('',#2297,#2292,#1305,.T.);
#2944=EDGE_CURVE('',#2298,#2299,#1306,.T.);
#2945=EDGE_CURVE('',#2291,#2298,#1307,.T.);
#2946=EDGE_CURVE('',#2299,#2290,#1308,.T.);
#2947=EDGE_CURVE('',#2289,#2300,#1309,.T.);
#2948=EDGE_CURVE('',#2288,#2300,#1310,.T.);
#2949=EDGE_CURVE('',#2301,#2295,#1311,.T.);
#2950=EDGE_CURVE('',#2300,#2301,#1312,.T.);
#2951=EDGE_CURVE('',#2301,#2294,#1313,.T.);
#2952=EDGE_CURVE('',#2297,#2302,#1314,.T.);
#2953=EDGE_CURVE('',#2302,#2303,#1878,.T.);
#2954=EDGE_CURVE('',#2303,#2304,#1315,.T.);
#2955=EDGE_CURVE('',#2304,#2305,#1879,.T.);
#2956=EDGE_CURVE('',#2305,#2306,#1316,.T.);
#2957=EDGE_CURVE('',#2306,#2307,#1317,.T.);
#2958=EDGE_CURVE('',#2307,#2308,#1318,.T.);
#2959=EDGE_CURVE('',#2308,#2309,#1319,.T.);
#2960=EDGE_CURVE('',#2309,#2310,#1880,.T.);
#2961=EDGE_CURVE('',#2310,#2311,#1320,.T.);
#2962=EDGE_CURVE('',#2311,#2312,#1881,.T.);
#2963=EDGE_CURVE('',#2312,#2313,#1321,.T.);
#2964=EDGE_CURVE('',#2313,#2296,#1322,.T.);
#2965=EDGE_CURVE('',#2314,#2314,#1882,.T.);
#2966=EDGE_CURVE('',#2315,#2315,#1883,.T.);
#2967=EDGE_CURVE('',#2316,#2317,#1323,.T.);
#2968=EDGE_CURVE('',#2318,#2316,#1324,.T.);
#2969=EDGE_CURVE('',#2319,#2318,#1325,.T.);
#2970=EDGE_CURVE('',#2317,#2319,#1326,.T.);
#2971=EDGE_CURVE('',#2307,#2320,#1327,.T.);
#2972=EDGE_CURVE('',#2321,#2306,#1328,.T.);
#2973=EDGE_CURVE('',#2321,#2320,#1329,.T.);
#2974=EDGE_CURVE('',#2320,#2316,#1330,.T.);
#2975=EDGE_CURVE('',#2318,#2321,#1331,.T.);
#2976=EDGE_CURVE('',#2299,#2322,#1332,.T.);
#2977=EDGE_CURVE('',#2322,#2323,#1333,.T.);
#2978=EDGE_CURVE('',#2323,#2324,#1884,.T.);
#2979=EDGE_CURVE('',#2324,#2325,#1334,.T.);
#2980=EDGE_CURVE('',#2325,#2326,#1885,.T.);
#2981=EDGE_CURVE('',#2326,#2327,#1335,.T.);
#2982=EDGE_CURVE('',#2327,#2317,#1336,.T.);
#2983=EDGE_CURVE('',#2319,#2328,#1337,.T.);
#2984=EDGE_CURVE('',#2328,#2286,#1886,.T.);
#2985=EDGE_CURVE('',#2285,#2329,#1887,.T.);
#2986=EDGE_CURVE('',#2329,#2298,#1338,.T.);
#2987=EDGE_CURVE('',#2330,#2330,#1888,.T.);
#2988=EDGE_CURVE('',#2331,#2331,#1889,.T.);
#2989=EDGE_CURVE('',#2332,#2305,#1339,.T.);
#2990=EDGE_CURVE('',#2333,#2332,#1340,.T.);
#2991=EDGE_CURVE('',#2333,#2328,#1341,.T.);
#2992=EDGE_CURVE('',#2334,#2334,#1890,.T.);
#2993=EDGE_CURVE('',#2334,#2335,#1342,.T.);
#2994=EDGE_CURVE('',#2335,#2335,#1891,.T.);
#2995=EDGE_CURVE('',#2336,#2336,#1892,.T.);
#2996=EDGE_CURVE('',#2336,#2337,#1343,.T.);
#2997=EDGE_CURVE('',#2337,#2337,#1893,.T.);
#2998=EDGE_CURVE('',#2338,#2338,#1894,.T.);
#2999=EDGE_CURVE('',#2338,#2339,#1344,.T.);
#3000=EDGE_CURVE('',#2339,#2339,#1895,.T.);
#3001=EDGE_CURVE('',#2340,#2340,#1896,.T.);
#3002=EDGE_CURVE('',#2340,#2341,#1345,.T.);
#3003=EDGE_CURVE('',#2341,#2341,#1897,.T.);
#3004=EDGE_CURVE('',#2331,#2342,#1346,.T.);
#3005=EDGE_CURVE('',#2342,#2342,#1898,.T.);
#3006=EDGE_CURVE('',#2330,#2343,#1347,.T.);
#3007=EDGE_CURVE('',#2343,#2343,#1899,.T.);
#3008=EDGE_CURVE('',#2315,#2344,#1348,.T.);
#3009=EDGE_CURVE('',#2344,#2344,#1900,.T.);
#3010=EDGE_CURVE('',#2314,#2345,#1349,.T.);
#3011=EDGE_CURVE('',#2345,#2345,#1901,.T.);
#3012=EDGE_CURVE('',#2346,#2329,#1350,.T.);
#3013=EDGE_CURVE('',#2347,#2346,#1351,.T.);
#3014=EDGE_CURVE('',#2347,#2302,#1352,.T.);
#3015=EDGE_CURVE('',#2327,#2348,#1353,.T.);
#3016=EDGE_CURVE('',#2348,#2349,#1354,.T.);
#3017=EDGE_CURVE('',#2308,#2349,#1355,.T.);
#3018=EDGE_CURVE('',#2312,#2350,#1356,.T.);
#3019=EDGE_CURVE('',#2311,#2351,#1357,.T.);
#3020=EDGE_CURVE('',#2352,#2351,#1902,.T.);
#3021=EDGE_CURVE('',#2353,#2352,#1358,.T.);
#3022=EDGE_CURVE('',#2350,#2353,#1903,.T.);
#3023=EDGE_CURVE('',#2353,#2354,#1359,.T.);
#3024=EDGE_CURVE('',#2355,#2352,#1360,.T.);
#3025=EDGE_CURVE('',#2354,#2355,#1361,.T.);
#3026=EDGE_CURVE('',#2354,#2356,#1904,.T.);
#3027=EDGE_CURVE('',#2357,#2355,#1905,.T.);
#3028=EDGE_CURVE('',#2310,#2357,#1362,.T.);
#3029=EDGE_CURVE('',#2356,#2309,#1363,.T.);
#3030=EDGE_CURVE('',#2351,#2357,#1364,.T.);
#3031=EDGE_CURVE('',#2358,#2359,#1365,.T.);
#3032=EDGE_CURVE('',#2358,#2360,#1366,.T.);
#3033=EDGE_CURVE('',#2361,#2360,#1367,.T.);
#3034=EDGE_CURVE('',#2359,#2361,#1368,.T.);
#3035=EDGE_CURVE('',#2359,#2362,#1906,.T.);
#3036=EDGE_CURVE('',#2363,#2361,#1907,.T.);
#3037=EDGE_CURVE('',#2324,#2363,#1369,.T.);
#3038=EDGE_CURVE('',#2362,#2323,#1370,.T.);
#3039=EDGE_CURVE('',#2364,#2363,#1371,.T.);
#3040=EDGE_CURVE('',#2325,#2364,#1372,.T.);
#3041=EDGE_CURVE('',#2365,#2358,#1908,.T.);
#3042=EDGE_CURVE('',#2326,#2365,#1373,.T.);
#3043=EDGE_CURVE('',#2360,#2364,#1909,.T.);
#3044=EDGE_CURVE('',#2350,#2366,#1374,.T.);
#3045=EDGE_CURVE('',#2313,#2366,#1375,.T.);
#3046=EDGE_CURVE('',#2349,#2356,#1376,.T.);
#3047=EDGE_CURVE('',#2365,#2348,#1377,.T.);
#3048=EDGE_CURVE('',#2367,#2362,#1378,.T.);
#3049=EDGE_CURVE('',#2366,#2367,#1379,.T.);
#3050=EDGE_CURVE('',#2368,#2369,#1910,.T.);
#3051=EDGE_CURVE('',#2370,#2368,#1380,.T.);
#3052=EDGE_CURVE('',#2371,#2370,#1911,.T.);
#3053=EDGE_CURVE('',#2372,#2371,#1381,.T.);
#3054=EDGE_CURVE('',#2373,#2372,#1912,.T.);
#3055=EDGE_CURVE('',#2374,#2373,#1382,.T.);
#3056=EDGE_CURVE('',#2375,#2374,#1913,.T.);
#3057=EDGE_CURVE('',#2369,#2375,#1383,.T.);
#3058=EDGE_CURVE('',#2322,#2367,#1384,.T.);
#3059=EDGE_CURVE('',#2371,#2376,#1385,.T.);
#3060=EDGE_CURVE('',#2377,#2376,#1386,.T.);
#3061=EDGE_CURVE('',#2372,#2377,#1387,.T.);
#3062=EDGE_CURVE('',#2370,#2378,#1388,.T.);
#3063=EDGE_CURVE('',#2376,#2378,#1914,.T.);
#3064=EDGE_CURVE('',#2368,#2379,#1389,.T.);
#3065=EDGE_CURVE('',#2378,#2379,#1390,.T.);
#3066=EDGE_CURVE('',#2369,#2380,#1391,.T.);
#3067=EDGE_CURVE('',#2379,#2380,#1915,.T.);
#3068=EDGE_CURVE('',#2375,#2381,#1392,.T.);
#3069=EDGE_CURVE('',#2380,#2381,#1393,.T.);
#3070=EDGE_CURVE('',#2374,#2382,#1394,.T.);
#3071=EDGE_CURVE('',#2381,#2382,#1916,.T.);
#3072=EDGE_CURVE('',#2373,#2383,#1395,.T.);
#3073=EDGE_CURVE('',#2382,#2383,#1396,.T.);
#3074=EDGE_CURVE('',#2383,#2377,#1917,.T.);
#3075=EDGE_CURVE('',#2384,#2385,#1397,.T.);
#3076=EDGE_CURVE('',#2384,#2304,#1398,.T.);
#3077=EDGE_CURVE('',#2385,#2303,#1399,.T.);
#3078=EDGE_CURVE('',#2347,#2385,#1918,.T.);
#3079=EDGE_CURVE('',#2284,#2346,#1919,.T.);
#3080=EDGE_CURVE('',#2333,#2287,#1920,.T.);
#3081=EDGE_CURVE('',#2384,#2332,#1921,.T.);
#3082=ORIENTED_EDGE('',*,*,#2386,.F.);
#3083=ORIENTED_EDGE('',*,*,#2387,.T.);
#3084=ORIENTED_EDGE('',*,*,#2388,.T.);
#3085=ORIENTED_EDGE('',*,*,#2387,.F.);
#3086=ORIENTED_EDGE('',*,*,#2388,.F.);
#3087=ORIENTED_EDGE('',*,*,#2389,.F.);
#3088=ORIENTED_EDGE('',*,*,#2390,.T.);
#3089=ORIENTED_EDGE('',*,*,#2391,.T.);
#3090=ORIENTED_EDGE('',*,*,#2390,.F.);
#3091=ORIENTED_EDGE('',*,*,#2391,.F.);
#3092=ORIENTED_EDGE('',*,*,#2392,.F.);
#3093=ORIENTED_EDGE('',*,*,#2393,.T.);
#3094=ORIENTED_EDGE('',*,*,#2394,.T.);
#3095=ORIENTED_EDGE('',*,*,#2393,.F.);
#3096=ORIENTED_EDGE('',*,*,#2394,.F.);
#3097=ORIENTED_EDGE('',*,*,#2395,.F.);
#3098=ORIENTED_EDGE('',*,*,#2396,.T.);
#3099=ORIENTED_EDGE('',*,*,#2397,.T.);
#3100=ORIENTED_EDGE('',*,*,#2396,.F.);
#3101=ORIENTED_EDGE('',*,*,#2397,.F.);
#3102=ORIENTED_EDGE('',*,*,#2398,.F.);
#3103=ORIENTED_EDGE('',*,*,#2399,.T.);
#3104=ORIENTED_EDGE('',*,*,#2400,.F.);
#3105=ORIENTED_EDGE('',*,*,#2401,.F.);
#3106=ORIENTED_EDGE('',*,*,#2402,.F.);
#3107=ORIENTED_EDGE('',*,*,#2403,.T.);
#3108=ORIENTED_EDGE('',*,*,#2404,.F.);
#3109=ORIENTED_EDGE('',*,*,#2405,.F.);
#3110=ORIENTED_EDGE('',*,*,#2406,.F.);
#3111=ORIENTED_EDGE('',*,*,#2407,.F.);
#3112=ORIENTED_EDGE('',*,*,#2408,.T.);
#3113=ORIENTED_EDGE('',*,*,#2409,.T.);
#3114=ORIENTED_EDGE('',*,*,#2410,.F.);
#3115=ORIENTED_EDGE('',*,*,#2404,.T.);
#3116=ORIENTED_EDGE('',*,*,#2411,.T.);
#3117=ORIENTED_EDGE('',*,*,#2408,.F.);
#3118=ORIENTED_EDGE('',*,*,#2412,.F.);
#3119=ORIENTED_EDGE('',*,*,#2413,.F.);
#3120=ORIENTED_EDGE('',*,*,#2414,.T.);
#3121=ORIENTED_EDGE('',*,*,#2415,.T.);
#3122=ORIENTED_EDGE('',*,*,#2416,.F.);
#3123=ORIENTED_EDGE('',*,*,#2417,.T.);
#3124=ORIENTED_EDGE('',*,*,#2418,.T.);
#3125=ORIENTED_EDGE('',*,*,#2414,.F.);
#3126=ORIENTED_EDGE('',*,*,#2419,.F.);
#3127=ORIENTED_EDGE('',*,*,#2420,.T.);
#3128=ORIENTED_EDGE('',*,*,#2421,.T.);
#3129=ORIENTED_EDGE('',*,*,#2417,.F.);
#3130=ORIENTED_EDGE('',*,*,#2422,.F.);
#3131=ORIENTED_EDGE('',*,*,#2423,.T.);
#3132=ORIENTED_EDGE('',*,*,#2424,.T.);
#3133=ORIENTED_EDGE('',*,*,#2420,.F.);
#3134=ORIENTED_EDGE('',*,*,#2425,.F.);
#3135=ORIENTED_EDGE('',*,*,#2426,.T.);
#3136=ORIENTED_EDGE('',*,*,#2427,.T.);
#3137=ORIENTED_EDGE('',*,*,#2423,.F.);
#3138=ORIENTED_EDGE('',*,*,#2428,.F.);
#3139=ORIENTED_EDGE('',*,*,#2429,.T.);
#3140=ORIENTED_EDGE('',*,*,#2430,.T.);
#3141=ORIENTED_EDGE('',*,*,#2426,.F.);
#3142=ORIENTED_EDGE('',*,*,#2431,.F.);
#3143=ORIENTED_EDGE('',*,*,#2432,.T.);
#3144=ORIENTED_EDGE('',*,*,#2433,.T.);
#3145=ORIENTED_EDGE('',*,*,#2429,.F.);
#3146=ORIENTED_EDGE('',*,*,#2434,.F.);
#3147=ORIENTED_EDGE('',*,*,#2435,.T.);
#3148=ORIENTED_EDGE('',*,*,#2436,.T.);
#3149=ORIENTED_EDGE('',*,*,#2432,.F.);
#3150=ORIENTED_EDGE('',*,*,#2437,.F.);
#3151=ORIENTED_EDGE('',*,*,#2400,.T.);
#3152=ORIENTED_EDGE('',*,*,#2438,.T.);
#3153=ORIENTED_EDGE('',*,*,#2435,.F.);
#3154=ORIENTED_EDGE('',*,*,#2439,.F.);
#3155=ORIENTED_EDGE('',*,*,#2409,.F.);
#3156=ORIENTED_EDGE('',*,*,#2411,.F.);
#3157=ORIENTED_EDGE('',*,*,#2403,.F.);
#3158=ORIENTED_EDGE('',*,*,#2440,.F.);
#3159=ORIENTED_EDGE('',*,*,#2415,.F.);
#3160=ORIENTED_EDGE('',*,*,#2418,.F.);
#3161=ORIENTED_EDGE('',*,*,#2421,.F.);
#3162=ORIENTED_EDGE('',*,*,#2424,.F.);
#3163=ORIENTED_EDGE('',*,*,#2427,.F.);
#3164=ORIENTED_EDGE('',*,*,#2430,.F.);
#3165=ORIENTED_EDGE('',*,*,#2433,.F.);
#3166=ORIENTED_EDGE('',*,*,#2436,.F.);
#3167=ORIENTED_EDGE('',*,*,#2438,.F.);
#3168=ORIENTED_EDGE('',*,*,#2399,.F.);
#3169=ORIENTED_EDGE('',*,*,#2441,.F.);
#3170=ORIENTED_EDGE('',*,*,#2442,.T.);
#3171=ORIENTED_EDGE('',*,*,#2443,.F.);
#3172=ORIENTED_EDGE('',*,*,#2444,.F.);
#3173=ORIENTED_EDGE('',*,*,#2445,.F.);
#3174=ORIENTED_EDGE('',*,*,#2446,.F.);
#3175=ORIENTED_EDGE('',*,*,#2447,.F.);
#3176=ORIENTED_EDGE('',*,*,#2448,.F.);
#3177=ORIENTED_EDGE('',*,*,#2449,.F.);
#3178=ORIENTED_EDGE('',*,*,#2448,.T.);
#3179=ORIENTED_EDGE('',*,*,#2450,.F.);
#3180=ORIENTED_EDGE('',*,*,#2451,.F.);
#3181=ORIENTED_EDGE('',*,*,#2452,.F.);
#3182=ORIENTED_EDGE('',*,*,#2453,.F.);
#3183=ORIENTED_EDGE('',*,*,#2454,.T.);
#3184=ORIENTED_EDGE('',*,*,#2455,.T.);
#3185=ORIENTED_EDGE('',*,*,#2456,.F.);
#3186=ORIENTED_EDGE('',*,*,#2443,.T.);
#3187=ORIENTED_EDGE('',*,*,#2457,.T.);
#3188=ORIENTED_EDGE('',*,*,#2454,.F.);
#3189=ORIENTED_EDGE('',*,*,#2458,.F.);
#3190=ORIENTED_EDGE('',*,*,#2459,.F.);
#3191=ORIENTED_EDGE('',*,*,#2460,.T.);
#3192=ORIENTED_EDGE('',*,*,#2446,.T.);
#3193=ORIENTED_EDGE('',*,*,#2461,.F.);
#3194=ORIENTED_EDGE('',*,*,#2450,.T.);
#3195=ORIENTED_EDGE('',*,*,#2447,.T.);
#3196=ORIENTED_EDGE('',*,*,#2460,.F.);
#3197=ORIENTED_EDGE('',*,*,#2462,.F.);
#3198=ORIENTED_EDGE('',*,*,#2455,.F.);
#3199=ORIENTED_EDGE('',*,*,#2457,.F.);
#3200=ORIENTED_EDGE('',*,*,#2442,.F.);
#3201=ORIENTED_EDGE('',*,*,#2463,.F.);
#3202=ORIENTED_EDGE('',*,*,#2464,.T.);
#3203=ORIENTED_EDGE('',*,*,#2465,.F.);
#3204=ORIENTED_EDGE('',*,*,#2466,.F.);
#3205=ORIENTED_EDGE('',*,*,#2467,.F.);
#3206=ORIENTED_EDGE('',*,*,#2468,.T.);
#3207=ORIENTED_EDGE('',*,*,#2469,.T.);
#3208=ORIENTED_EDGE('',*,*,#2470,.F.);
#3209=ORIENTED_EDGE('',*,*,#2471,.F.);
#3210=ORIENTED_EDGE('',*,*,#2465,.T.);
#3211=ORIENTED_EDGE('',*,*,#2472,.T.);
#3212=ORIENTED_EDGE('',*,*,#2468,.F.);
#3213=ORIENTED_EDGE('',*,*,#2473,.F.);
#3214=ORIENTED_EDGE('',*,*,#2474,.F.);
#3215=ORIENTED_EDGE('',*,*,#2475,.T.);
#3216=ORIENTED_EDGE('',*,*,#2476,.T.);
#3217=ORIENTED_EDGE('',*,*,#2477,.F.);
#3218=ORIENTED_EDGE('',*,*,#2470,.T.);
#3219=ORIENTED_EDGE('',*,*,#2478,.T.);
#3220=ORIENTED_EDGE('',*,*,#2475,.F.);
#3221=ORIENTED_EDGE('',*,*,#2479,.F.);
#3222=ORIENTED_EDGE('',*,*,#2476,.F.);
#3223=ORIENTED_EDGE('',*,*,#2478,.F.);
#3224=ORIENTED_EDGE('',*,*,#2469,.F.);
#3225=ORIENTED_EDGE('',*,*,#2472,.F.);
#3226=ORIENTED_EDGE('',*,*,#2464,.F.);
#3227=ORIENTED_EDGE('',*,*,#2480,.F.);
#3228=ORIENTED_EDGE('',*,*,#2481,.T.);
#3229=ORIENTED_EDGE('',*,*,#2482,.F.);
#3230=ORIENTED_EDGE('',*,*,#2483,.F.);
#3231=ORIENTED_EDGE('',*,*,#2484,.F.);
#3232=ORIENTED_EDGE('',*,*,#2485,.F.);
#3233=ORIENTED_EDGE('',*,*,#2486,.F.);
#3234=ORIENTED_EDGE('',*,*,#2487,.F.);
#3235=ORIENTED_EDGE('',*,*,#2488,.F.);
#3236=ORIENTED_EDGE('',*,*,#2487,.T.);
#3237=ORIENTED_EDGE('',*,*,#2489,.F.);
#3238=ORIENTED_EDGE('',*,*,#2490,.F.);
#3239=ORIENTED_EDGE('',*,*,#2491,.F.);
#3240=ORIENTED_EDGE('',*,*,#2492,.F.);
#3241=ORIENTED_EDGE('',*,*,#2493,.T.);
#3242=ORIENTED_EDGE('',*,*,#2494,.T.);
#3243=ORIENTED_EDGE('',*,*,#2495,.F.);
#3244=ORIENTED_EDGE('',*,*,#2482,.T.);
#3245=ORIENTED_EDGE('',*,*,#2496,.T.);
#3246=ORIENTED_EDGE('',*,*,#2493,.F.);
#3247=ORIENTED_EDGE('',*,*,#2497,.F.);
#3248=ORIENTED_EDGE('',*,*,#2498,.F.);
#3249=ORIENTED_EDGE('',*,*,#2499,.T.);
#3250=ORIENTED_EDGE('',*,*,#2485,.T.);
#3251=ORIENTED_EDGE('',*,*,#2500,.F.);
#3252=ORIENTED_EDGE('',*,*,#2489,.T.);
#3253=ORIENTED_EDGE('',*,*,#2486,.T.);
#3254=ORIENTED_EDGE('',*,*,#2499,.F.);
#3255=ORIENTED_EDGE('',*,*,#2501,.F.);
#3256=ORIENTED_EDGE('',*,*,#2494,.F.);
#3257=ORIENTED_EDGE('',*,*,#2496,.F.);
#3258=ORIENTED_EDGE('',*,*,#2481,.F.);
#3259=ORIENTED_EDGE('',*,*,#2502,.F.);
#3260=ORIENTED_EDGE('',*,*,#2503,.T.);
#3261=ORIENTED_EDGE('',*,*,#2504,.F.);
#3262=ORIENTED_EDGE('',*,*,#2505,.F.);
#3263=ORIENTED_EDGE('',*,*,#2506,.F.);
#3264=ORIENTED_EDGE('',*,*,#2507,.F.);
#3265=ORIENTED_EDGE('',*,*,#2508,.F.);
#3266=ORIENTED_EDGE('',*,*,#2509,.F.);
#3267=ORIENTED_EDGE('',*,*,#2510,.F.);
#3268=ORIENTED_EDGE('',*,*,#2511,.F.);
#3269=ORIENTED_EDGE('',*,*,#2512,.F.);
#3270=ORIENTED_EDGE('',*,*,#2513,.F.);
#3271=ORIENTED_EDGE('',*,*,#2514,.F.);
#3272=ORIENTED_EDGE('',*,*,#2515,.F.);
#3273=ORIENTED_EDGE('',*,*,#2516,.F.);
#3274=ORIENTED_EDGE('',*,*,#2517,.F.);
#3275=ORIENTED_EDGE('',*,*,#2518,.F.);
#3276=ORIENTED_EDGE('',*,*,#2519,.F.);
#3277=ORIENTED_EDGE('',*,*,#2520,.F.);
#3278=ORIENTED_EDGE('',*,*,#2503,.F.);
#3279=ORIENTED_EDGE('',*,*,#2521,.F.);
#3280=ORIENTED_EDGE('',*,*,#2512,.T.);
#3281=ORIENTED_EDGE('',*,*,#2522,.F.);
#3282=ORIENTED_EDGE('',*,*,#2523,.F.);
#3283=ORIENTED_EDGE('',*,*,#2524,.F.);
#3284=ORIENTED_EDGE('',*,*,#2525,.F.);
#3285=ORIENTED_EDGE('',*,*,#2526,.T.);
#3286=ORIENTED_EDGE('',*,*,#2507,.T.);
#3287=ORIENTED_EDGE('',*,*,#2527,.F.);
#3288=ORIENTED_EDGE('',*,*,#2528,.T.);
#3289=ORIENTED_EDGE('',*,*,#2508,.T.);
#3290=ORIENTED_EDGE('',*,*,#2526,.F.);
#3291=ORIENTED_EDGE('',*,*,#2529,.F.);
#3292=ORIENTED_EDGE('',*,*,#2530,.T.);
#3293=ORIENTED_EDGE('',*,*,#2509,.T.);
#3294=ORIENTED_EDGE('',*,*,#2528,.F.);
#3295=ORIENTED_EDGE('',*,*,#2531,.F.);
#3296=ORIENTED_EDGE('',*,*,#2532,.T.);
#3297=ORIENTED_EDGE('',*,*,#2510,.T.);
#3298=ORIENTED_EDGE('',*,*,#2530,.F.);
#3299=ORIENTED_EDGE('',*,*,#2533,.F.);
#3300=ORIENTED_EDGE('',*,*,#2522,.T.);
#3301=ORIENTED_EDGE('',*,*,#2511,.T.);
#3302=ORIENTED_EDGE('',*,*,#2532,.F.);
#3303=ORIENTED_EDGE('',*,*,#2534,.F.);
#3304=ORIENTED_EDGE('',*,*,#2535,.F.);
#3305=ORIENTED_EDGE('',*,*,#2536,.T.);
#3306=ORIENTED_EDGE('',*,*,#2514,.T.);
#3307=ORIENTED_EDGE('',*,*,#2537,.F.);
#3308=ORIENTED_EDGE('',*,*,#2538,.T.);
#3309=ORIENTED_EDGE('',*,*,#2515,.T.);
#3310=ORIENTED_EDGE('',*,*,#2536,.F.);
#3311=ORIENTED_EDGE('',*,*,#2539,.F.);
#3312=ORIENTED_EDGE('',*,*,#2540,.T.);
#3313=ORIENTED_EDGE('',*,*,#2516,.T.);
#3314=ORIENTED_EDGE('',*,*,#2538,.F.);
#3315=ORIENTED_EDGE('',*,*,#2541,.F.);
#3316=ORIENTED_EDGE('',*,*,#2542,.T.);
#3317=ORIENTED_EDGE('',*,*,#2517,.T.);
#3318=ORIENTED_EDGE('',*,*,#2540,.F.);
#3319=ORIENTED_EDGE('',*,*,#2543,.F.);
#3320=ORIENTED_EDGE('',*,*,#2544,.T.);
#3321=ORIENTED_EDGE('',*,*,#2518,.T.);
#3322=ORIENTED_EDGE('',*,*,#2542,.F.);
#3323=ORIENTED_EDGE('',*,*,#2545,.F.);
#3324=ORIENTED_EDGE('',*,*,#2546,.T.);
#3325=ORIENTED_EDGE('',*,*,#2519,.T.);
#3326=ORIENTED_EDGE('',*,*,#2544,.F.);
#3327=ORIENTED_EDGE('',*,*,#2547,.F.);
#3328=ORIENTED_EDGE('',*,*,#2504,.T.);
#3329=ORIENTED_EDGE('',*,*,#2520,.T.);
#3330=ORIENTED_EDGE('',*,*,#2546,.F.);
#3331=ORIENTED_EDGE('',*,*,#2548,.F.);
#3332=ORIENTED_EDGE('',*,*,#2549,.T.);
#3333=ORIENTED_EDGE('',*,*,#2550,.F.);
#3334=ORIENTED_EDGE('',*,*,#2551,.F.);
#3335=ORIENTED_EDGE('',*,*,#2552,.F.);
#3336=ORIENTED_EDGE('',*,*,#2553,.T.);
#3337=ORIENTED_EDGE('',*,*,#2554,.T.);
#3338=ORIENTED_EDGE('',*,*,#2555,.F.);
#3339=ORIENTED_EDGE('',*,*,#2556,.F.);
#3340=ORIENTED_EDGE('',*,*,#2550,.T.);
#3341=ORIENTED_EDGE('',*,*,#2557,.T.);
#3342=ORIENTED_EDGE('',*,*,#2553,.F.);
#3343=ORIENTED_EDGE('',*,*,#2558,.F.);
#3344=ORIENTED_EDGE('',*,*,#2559,.F.);
#3345=ORIENTED_EDGE('',*,*,#2560,.T.);
#3346=ORIENTED_EDGE('',*,*,#2561,.T.);
#3347=ORIENTED_EDGE('',*,*,#2562,.F.);
#3348=ORIENTED_EDGE('',*,*,#2555,.T.);
#3349=ORIENTED_EDGE('',*,*,#2563,.T.);
#3350=ORIENTED_EDGE('',*,*,#2560,.F.);
#3351=ORIENTED_EDGE('',*,*,#2564,.F.);
#3352=ORIENTED_EDGE('',*,*,#2561,.F.);
#3353=ORIENTED_EDGE('',*,*,#2563,.F.);
#3354=ORIENTED_EDGE('',*,*,#2554,.F.);
#3355=ORIENTED_EDGE('',*,*,#2557,.F.);
#3356=ORIENTED_EDGE('',*,*,#2549,.F.);
#3357=ORIENTED_EDGE('',*,*,#2565,.F.);
#3358=ORIENTED_EDGE('',*,*,#2566,.T.);
#3359=ORIENTED_EDGE('',*,*,#2567,.F.);
#3360=ORIENTED_EDGE('',*,*,#2568,.F.);
#3361=ORIENTED_EDGE('',*,*,#2569,.F.);
#3362=ORIENTED_EDGE('',*,*,#2570,.F.);
#3363=ORIENTED_EDGE('',*,*,#2571,.F.);
#3364=ORIENTED_EDGE('',*,*,#2572,.F.);
#3365=ORIENTED_EDGE('',*,*,#2573,.F.);
#3366=ORIENTED_EDGE('',*,*,#2574,.F.);
#3367=ORIENTED_EDGE('',*,*,#2575,.F.);
#3368=ORIENTED_EDGE('',*,*,#2576,.F.);
#3369=ORIENTED_EDGE('',*,*,#2577,.F.);
#3370=ORIENTED_EDGE('',*,*,#2578,.F.);
#3371=ORIENTED_EDGE('',*,*,#2566,.F.);
#3372=ORIENTED_EDGE('',*,*,#2579,.F.);
#3373=ORIENTED_EDGE('',*,*,#2573,.T.);
#3374=ORIENTED_EDGE('',*,*,#2580,.F.);
#3375=ORIENTED_EDGE('',*,*,#2581,.F.);
#3376=ORIENTED_EDGE('',*,*,#2582,.F.);
#3377=ORIENTED_EDGE('',*,*,#2583,.F.);
#3378=ORIENTED_EDGE('',*,*,#2584,.T.);
#3379=ORIENTED_EDGE('',*,*,#2570,.T.);
#3380=ORIENTED_EDGE('',*,*,#2585,.F.);
#3381=ORIENTED_EDGE('',*,*,#2586,.T.);
#3382=ORIENTED_EDGE('',*,*,#2571,.T.);
#3383=ORIENTED_EDGE('',*,*,#2584,.F.);
#3384=ORIENTED_EDGE('',*,*,#2587,.F.);
#3385=ORIENTED_EDGE('',*,*,#2580,.T.);
#3386=ORIENTED_EDGE('',*,*,#2572,.T.);
#3387=ORIENTED_EDGE('',*,*,#2586,.F.);
#3388=ORIENTED_EDGE('',*,*,#2588,.F.);
#3389=ORIENTED_EDGE('',*,*,#2589,.F.);
#3390=ORIENTED_EDGE('',*,*,#2590,.T.);
#3391=ORIENTED_EDGE('',*,*,#2575,.T.);
#3392=ORIENTED_EDGE('',*,*,#2591,.F.);
#3393=ORIENTED_EDGE('',*,*,#2592,.T.);
#3394=ORIENTED_EDGE('',*,*,#2576,.T.);
#3395=ORIENTED_EDGE('',*,*,#2590,.F.);
#3396=ORIENTED_EDGE('',*,*,#2593,.F.);
#3397=ORIENTED_EDGE('',*,*,#2594,.T.);
#3398=ORIENTED_EDGE('',*,*,#2577,.T.);
#3399=ORIENTED_EDGE('',*,*,#2592,.F.);
#3400=ORIENTED_EDGE('',*,*,#2595,.F.);
#3401=ORIENTED_EDGE('',*,*,#2567,.T.);
#3402=ORIENTED_EDGE('',*,*,#2578,.T.);
#3403=ORIENTED_EDGE('',*,*,#2594,.F.);
#3404=ORIENTED_EDGE('',*,*,#2596,.F.);
#3405=ORIENTED_EDGE('',*,*,#2597,.T.);
#3406=ORIENTED_EDGE('',*,*,#2598,.F.);
#3407=ORIENTED_EDGE('',*,*,#2599,.F.);
#3408=ORIENTED_EDGE('',*,*,#2600,.F.);
#3409=ORIENTED_EDGE('',*,*,#2601,.F.);
#3410=ORIENTED_EDGE('',*,*,#2602,.F.);
#3411=ORIENTED_EDGE('',*,*,#2603,.F.);
#3412=ORIENTED_EDGE('',*,*,#2604,.F.);
#3413=ORIENTED_EDGE('',*,*,#2603,.T.);
#3414=ORIENTED_EDGE('',*,*,#2605,.F.);
#3415=ORIENTED_EDGE('',*,*,#2606,.F.);
#3416=ORIENTED_EDGE('',*,*,#2607,.F.);
#3417=ORIENTED_EDGE('',*,*,#2608,.F.);
#3418=ORIENTED_EDGE('',*,*,#2609,.T.);
#3419=ORIENTED_EDGE('',*,*,#2610,.T.);
#3420=ORIENTED_EDGE('',*,*,#2611,.F.);
#3421=ORIENTED_EDGE('',*,*,#2598,.T.);
#3422=ORIENTED_EDGE('',*,*,#2612,.T.);
#3423=ORIENTED_EDGE('',*,*,#2609,.F.);
#3424=ORIENTED_EDGE('',*,*,#2613,.F.);
#3425=ORIENTED_EDGE('',*,*,#2614,.F.);
#3426=ORIENTED_EDGE('',*,*,#2615,.T.);
#3427=ORIENTED_EDGE('',*,*,#2601,.T.);
#3428=ORIENTED_EDGE('',*,*,#2616,.F.);
#3429=ORIENTED_EDGE('',*,*,#2605,.T.);
#3430=ORIENTED_EDGE('',*,*,#2602,.T.);
#3431=ORIENTED_EDGE('',*,*,#2615,.F.);
#3432=ORIENTED_EDGE('',*,*,#2617,.F.);
#3433=ORIENTED_EDGE('',*,*,#2610,.F.);
#3434=ORIENTED_EDGE('',*,*,#2612,.F.);
#3435=ORIENTED_EDGE('',*,*,#2597,.F.);
#3436=ORIENTED_EDGE('',*,*,#2618,.F.);
#3437=ORIENTED_EDGE('',*,*,#2619,.T.);
#3438=ORIENTED_EDGE('',*,*,#2620,.F.);
#3439=ORIENTED_EDGE('',*,*,#2621,.F.);
#3440=ORIENTED_EDGE('',*,*,#2622,.F.);
#3441=ORIENTED_EDGE('',*,*,#2623,.T.);
#3442=ORIENTED_EDGE('',*,*,#2624,.F.);
#3443=ORIENTED_EDGE('',*,*,#2625,.F.);
#3444=ORIENTED_EDGE('',*,*,#2626,.F.);
#3445=ORIENTED_EDGE('',*,*,#2627,.F.);
#3446=ORIENTED_EDGE('',*,*,#2628,.T.);
#3447=ORIENTED_EDGE('',*,*,#2629,.T.);
#3448=ORIENTED_EDGE('',*,*,#2630,.F.);
#3449=ORIENTED_EDGE('',*,*,#2624,.T.);
#3450=ORIENTED_EDGE('',*,*,#2631,.T.);
#3451=ORIENTED_EDGE('',*,*,#2628,.F.);
#3452=ORIENTED_EDGE('',*,*,#2632,.F.);
#3453=ORIENTED_EDGE('',*,*,#2633,.F.);
#3454=ORIENTED_EDGE('',*,*,#2634,.T.);
#3455=ORIENTED_EDGE('',*,*,#2635,.T.);
#3456=ORIENTED_EDGE('',*,*,#2636,.F.);
#3457=ORIENTED_EDGE('',*,*,#2637,.T.);
#3458=ORIENTED_EDGE('',*,*,#2638,.T.);
#3459=ORIENTED_EDGE('',*,*,#2634,.F.);
#3460=ORIENTED_EDGE('',*,*,#2639,.F.);
#3461=ORIENTED_EDGE('',*,*,#2640,.T.);
#3462=ORIENTED_EDGE('',*,*,#2641,.T.);
#3463=ORIENTED_EDGE('',*,*,#2637,.F.);
#3464=ORIENTED_EDGE('',*,*,#2642,.F.);
#3465=ORIENTED_EDGE('',*,*,#2643,.T.);
#3466=ORIENTED_EDGE('',*,*,#2644,.T.);
#3467=ORIENTED_EDGE('',*,*,#2640,.F.);
#3468=ORIENTED_EDGE('',*,*,#2645,.F.);
#3469=ORIENTED_EDGE('',*,*,#2646,.T.);
#3470=ORIENTED_EDGE('',*,*,#2647,.T.);
#3471=ORIENTED_EDGE('',*,*,#2643,.F.);
#3472=ORIENTED_EDGE('',*,*,#2648,.F.);
#3473=ORIENTED_EDGE('',*,*,#2649,.T.);
#3474=ORIENTED_EDGE('',*,*,#2650,.T.);
#3475=ORIENTED_EDGE('',*,*,#2646,.F.);
#3476=ORIENTED_EDGE('',*,*,#2651,.F.);
#3477=ORIENTED_EDGE('',*,*,#2652,.T.);
#3478=ORIENTED_EDGE('',*,*,#2653,.T.);
#3479=ORIENTED_EDGE('',*,*,#2649,.F.);
#3480=ORIENTED_EDGE('',*,*,#2654,.F.);
#3481=ORIENTED_EDGE('',*,*,#2655,.T.);
#3482=ORIENTED_EDGE('',*,*,#2656,.T.);
#3483=ORIENTED_EDGE('',*,*,#2652,.F.);
#3484=ORIENTED_EDGE('',*,*,#2657,.F.);
#3485=ORIENTED_EDGE('',*,*,#2620,.T.);
#3486=ORIENTED_EDGE('',*,*,#2658,.T.);
#3487=ORIENTED_EDGE('',*,*,#2655,.F.);
#3488=ORIENTED_EDGE('',*,*,#2659,.F.);
#3489=ORIENTED_EDGE('',*,*,#2629,.F.);
#3490=ORIENTED_EDGE('',*,*,#2631,.F.);
#3491=ORIENTED_EDGE('',*,*,#2623,.F.);
#3492=ORIENTED_EDGE('',*,*,#2660,.F.);
#3493=ORIENTED_EDGE('',*,*,#2635,.F.);
#3494=ORIENTED_EDGE('',*,*,#2638,.F.);
#3495=ORIENTED_EDGE('',*,*,#2641,.F.);
#3496=ORIENTED_EDGE('',*,*,#2644,.F.);
#3497=ORIENTED_EDGE('',*,*,#2647,.F.);
#3498=ORIENTED_EDGE('',*,*,#2650,.F.);
#3499=ORIENTED_EDGE('',*,*,#2653,.F.);
#3500=ORIENTED_EDGE('',*,*,#2656,.F.);
#3501=ORIENTED_EDGE('',*,*,#2658,.F.);
#3502=ORIENTED_EDGE('',*,*,#2619,.F.);
#3503=ORIENTED_EDGE('',*,*,#2661,.F.);
#3504=ORIENTED_EDGE('',*,*,#2662,.T.);
#3505=ORIENTED_EDGE('',*,*,#2663,.F.);
#3506=ORIENTED_EDGE('',*,*,#2664,.F.);
#3507=ORIENTED_EDGE('',*,*,#2665,.F.);
#3508=ORIENTED_EDGE('',*,*,#2666,.F.);
#3509=ORIENTED_EDGE('',*,*,#2667,.F.);
#3510=ORIENTED_EDGE('',*,*,#2668,.F.);
#3511=ORIENTED_EDGE('',*,*,#2669,.F.);
#3512=ORIENTED_EDGE('',*,*,#2670,.F.);
#3513=ORIENTED_EDGE('',*,*,#2671,.F.);
#3514=ORIENTED_EDGE('',*,*,#2672,.F.);
#3515=ORIENTED_EDGE('',*,*,#2673,.F.);
#3516=ORIENTED_EDGE('',*,*,#2674,.F.);
#3517=ORIENTED_EDGE('',*,*,#2675,.F.);
#3518=ORIENTED_EDGE('',*,*,#2676,.F.);
#3519=ORIENTED_EDGE('',*,*,#2677,.F.);
#3520=ORIENTED_EDGE('',*,*,#2662,.F.);
#3521=ORIENTED_EDGE('',*,*,#2678,.F.);
#3522=ORIENTED_EDGE('',*,*,#2670,.T.);
#3523=ORIENTED_EDGE('',*,*,#2679,.F.);
#3524=ORIENTED_EDGE('',*,*,#2680,.F.);
#3525=ORIENTED_EDGE('',*,*,#2681,.F.);
#3526=ORIENTED_EDGE('',*,*,#2679,.T.);
#3527=ORIENTED_EDGE('',*,*,#2669,.T.);
#3528=ORIENTED_EDGE('',*,*,#2682,.F.);
#3529=ORIENTED_EDGE('',*,*,#2683,.F.);
#3530=ORIENTED_EDGE('',*,*,#2684,.F.);
#3531=ORIENTED_EDGE('',*,*,#2685,.T.);
#3532=ORIENTED_EDGE('',*,*,#2666,.T.);
#3533=ORIENTED_EDGE('',*,*,#2686,.F.);
#3534=ORIENTED_EDGE('',*,*,#2687,.T.);
#3535=ORIENTED_EDGE('',*,*,#2667,.T.);
#3536=ORIENTED_EDGE('',*,*,#2685,.F.);
#3537=ORIENTED_EDGE('',*,*,#2688,.F.);
#3538=ORIENTED_EDGE('',*,*,#2682,.T.);
#3539=ORIENTED_EDGE('',*,*,#2668,.T.);
#3540=ORIENTED_EDGE('',*,*,#2687,.F.);
#3541=ORIENTED_EDGE('',*,*,#2689,.F.);
#3542=ORIENTED_EDGE('',*,*,#2690,.T.);
#3543=ORIENTED_EDGE('',*,*,#2675,.T.);
#3544=ORIENTED_EDGE('',*,*,#2691,.F.);
#3545=ORIENTED_EDGE('',*,*,#2692,.F.);
#3546=ORIENTED_EDGE('',*,*,#2693,.T.);
#3547=ORIENTED_EDGE('',*,*,#2676,.T.);
#3548=ORIENTED_EDGE('',*,*,#2690,.F.);
#3549=ORIENTED_EDGE('',*,*,#2694,.F.);
#3550=ORIENTED_EDGE('',*,*,#2663,.T.);
#3551=ORIENTED_EDGE('',*,*,#2677,.T.);
#3552=ORIENTED_EDGE('',*,*,#2693,.F.);
#3553=ORIENTED_EDGE('',*,*,#2695,.F.);
#3554=ORIENTED_EDGE('',*,*,#2696,.F.);
#3555=ORIENTED_EDGE('',*,*,#2697,.T.);
#3556=ORIENTED_EDGE('',*,*,#2672,.T.);
#3557=ORIENTED_EDGE('',*,*,#2698,.F.);
#3558=ORIENTED_EDGE('',*,*,#2699,.T.);
#3559=ORIENTED_EDGE('',*,*,#2673,.T.);
#3560=ORIENTED_EDGE('',*,*,#2697,.F.);
#3561=ORIENTED_EDGE('',*,*,#2700,.F.);
#3562=ORIENTED_EDGE('',*,*,#2691,.T.);
#3563=ORIENTED_EDGE('',*,*,#2674,.T.);
#3564=ORIENTED_EDGE('',*,*,#2699,.F.);
#3565=ORIENTED_EDGE('',*,*,#2701,.F.);
#3566=ORIENTED_EDGE('',*,*,#2702,.T.);
#3567=ORIENTED_EDGE('',*,*,#2703,.F.);
#3568=ORIENTED_EDGE('',*,*,#2704,.F.);
#3569=ORIENTED_EDGE('',*,*,#2705,.F.);
#3570=ORIENTED_EDGE('',*,*,#2706,.F.);
#3571=ORIENTED_EDGE('',*,*,#2707,.F.);
#3572=ORIENTED_EDGE('',*,*,#2708,.F.);
#3573=ORIENTED_EDGE('',*,*,#2709,.F.);
#3574=ORIENTED_EDGE('',*,*,#2710,.F.);
#3575=ORIENTED_EDGE('',*,*,#2711,.F.);
#3576=ORIENTED_EDGE('',*,*,#2712,.F.);
#3577=ORIENTED_EDGE('',*,*,#2713,.F.);
#3578=ORIENTED_EDGE('',*,*,#2714,.F.);
#3579=ORIENTED_EDGE('',*,*,#2702,.F.);
#3580=ORIENTED_EDGE('',*,*,#2715,.F.);
#3581=ORIENTED_EDGE('',*,*,#2709,.T.);
#3582=ORIENTED_EDGE('',*,*,#2716,.F.);
#3583=ORIENTED_EDGE('',*,*,#2717,.F.);
#3584=ORIENTED_EDGE('',*,*,#2718,.F.);
#3585=ORIENTED_EDGE('',*,*,#2719,.F.);
#3586=ORIENTED_EDGE('',*,*,#2720,.T.);
#3587=ORIENTED_EDGE('',*,*,#2706,.T.);
#3588=ORIENTED_EDGE('',*,*,#2721,.F.);
#3589=ORIENTED_EDGE('',*,*,#2722,.T.);
#3590=ORIENTED_EDGE('',*,*,#2707,.T.);
#3591=ORIENTED_EDGE('',*,*,#2720,.F.);
#3592=ORIENTED_EDGE('',*,*,#2723,.F.);
#3593=ORIENTED_EDGE('',*,*,#2716,.T.);
#3594=ORIENTED_EDGE('',*,*,#2708,.T.);
#3595=ORIENTED_EDGE('',*,*,#2722,.F.);
#3596=ORIENTED_EDGE('',*,*,#2724,.F.);
#3597=ORIENTED_EDGE('',*,*,#2703,.T.);
#3598=ORIENTED_EDGE('',*,*,#2714,.T.);
#3599=ORIENTED_EDGE('',*,*,#2725,.F.);
#3600=ORIENTED_EDGE('',*,*,#2726,.F.);
#3601=ORIENTED_EDGE('',*,*,#2727,.F.);
#3602=ORIENTED_EDGE('',*,*,#2728,.T.);
#3603=ORIENTED_EDGE('',*,*,#2711,.T.);
#3604=ORIENTED_EDGE('',*,*,#2729,.F.);
#3605=ORIENTED_EDGE('',*,*,#2730,.T.);
#3606=ORIENTED_EDGE('',*,*,#2712,.T.);
#3607=ORIENTED_EDGE('',*,*,#2728,.F.);
#3608=ORIENTED_EDGE('',*,*,#2731,.F.);
#3609=ORIENTED_EDGE('',*,*,#2725,.T.);
#3610=ORIENTED_EDGE('',*,*,#2713,.T.);
#3611=ORIENTED_EDGE('',*,*,#2730,.F.);
#3612=ORIENTED_EDGE('',*,*,#2732,.F.);
#3613=ORIENTED_EDGE('',*,*,#2733,.T.);
#3614=ORIENTED_EDGE('',*,*,#2734,.F.);
#3615=ORIENTED_EDGE('',*,*,#2735,.F.);
#3616=ORIENTED_EDGE('',*,*,#2736,.F.);
#3617=ORIENTED_EDGE('',*,*,#2737,.F.);
#3618=ORIENTED_EDGE('',*,*,#2738,.T.);
#3619=ORIENTED_EDGE('',*,*,#2739,.T.);
#3620=ORIENTED_EDGE('',*,*,#2740,.F.);
#3621=ORIENTED_EDGE('',*,*,#2741,.T.);
#3622=ORIENTED_EDGE('',*,*,#2742,.T.);
#3623=ORIENTED_EDGE('',*,*,#2738,.F.);
#3624=ORIENTED_EDGE('',*,*,#2743,.F.);
#3625=ORIENTED_EDGE('',*,*,#2744,.T.);
#3626=ORIENTED_EDGE('',*,*,#2745,.T.);
#3627=ORIENTED_EDGE('',*,*,#2741,.F.);
#3628=ORIENTED_EDGE('',*,*,#2746,.F.);
#3629=ORIENTED_EDGE('',*,*,#2747,.T.);
#3630=ORIENTED_EDGE('',*,*,#2748,.T.);
#3631=ORIENTED_EDGE('',*,*,#2744,.F.);
#3632=ORIENTED_EDGE('',*,*,#2749,.F.);
#3633=ORIENTED_EDGE('',*,*,#2734,.T.);
#3634=ORIENTED_EDGE('',*,*,#2750,.T.);
#3635=ORIENTED_EDGE('',*,*,#2747,.F.);
#3636=ORIENTED_EDGE('',*,*,#2751,.F.);
#3637=ORIENTED_EDGE('',*,*,#2739,.F.);
#3638=ORIENTED_EDGE('',*,*,#2742,.F.);
#3639=ORIENTED_EDGE('',*,*,#2745,.F.);
#3640=ORIENTED_EDGE('',*,*,#2748,.F.);
#3641=ORIENTED_EDGE('',*,*,#2750,.F.);
#3642=ORIENTED_EDGE('',*,*,#2733,.F.);
#3643=ORIENTED_EDGE('',*,*,#2752,.F.);
#3644=ORIENTED_EDGE('',*,*,#2753,.T.);
#3645=ORIENTED_EDGE('',*,*,#2754,.F.);
#3646=ORIENTED_EDGE('',*,*,#2755,.F.);
#3647=ORIENTED_EDGE('',*,*,#2756,.F.);
#3648=ORIENTED_EDGE('',*,*,#2757,.F.);
#3649=ORIENTED_EDGE('',*,*,#2758,.T.);
#3650=ORIENTED_EDGE('',*,*,#2759,.T.);
#3651=ORIENTED_EDGE('',*,*,#2760,.F.);
#3652=ORIENTED_EDGE('',*,*,#2761,.T.);
#3653=ORIENTED_EDGE('',*,*,#2762,.T.);
#3654=ORIENTED_EDGE('',*,*,#2758,.F.);
#3655=ORIENTED_EDGE('',*,*,#2763,.F.);
#3656=ORIENTED_EDGE('',*,*,#2764,.T.);
#3657=ORIENTED_EDGE('',*,*,#2765,.T.);
#3658=ORIENTED_EDGE('',*,*,#2761,.F.);
#3659=ORIENTED_EDGE('',*,*,#2766,.F.);
#3660=ORIENTED_EDGE('',*,*,#2767,.T.);
#3661=ORIENTED_EDGE('',*,*,#2768,.T.);
#3662=ORIENTED_EDGE('',*,*,#2764,.F.);
#3663=ORIENTED_EDGE('',*,*,#2769,.F.);
#3664=ORIENTED_EDGE('',*,*,#2770,.T.);
#3665=ORIENTED_EDGE('',*,*,#2771,.T.);
#3666=ORIENTED_EDGE('',*,*,#2767,.F.);
#3667=ORIENTED_EDGE('',*,*,#2772,.F.);
#3668=ORIENTED_EDGE('',*,*,#2773,.T.);
#3669=ORIENTED_EDGE('',*,*,#2774,.T.);
#3670=ORIENTED_EDGE('',*,*,#2770,.F.);
#3671=ORIENTED_EDGE('',*,*,#2775,.F.);
#3672=ORIENTED_EDGE('',*,*,#2776,.T.);
#3673=ORIENTED_EDGE('',*,*,#2777,.T.);
#3674=ORIENTED_EDGE('',*,*,#2773,.F.);
#3675=ORIENTED_EDGE('',*,*,#2778,.F.);
#3676=ORIENTED_EDGE('',*,*,#2779,.T.);
#3677=ORIENTED_EDGE('',*,*,#2780,.T.);
#3678=ORIENTED_EDGE('',*,*,#2776,.F.);
#3679=ORIENTED_EDGE('',*,*,#2781,.F.);
#3680=ORIENTED_EDGE('',*,*,#2782,.T.);
#3681=ORIENTED_EDGE('',*,*,#2783,.T.);
#3682=ORIENTED_EDGE('',*,*,#2779,.F.);
#3683=ORIENTED_EDGE('',*,*,#2784,.F.);
#3684=ORIENTED_EDGE('',*,*,#2754,.T.);
#3685=ORIENTED_EDGE('',*,*,#2785,.T.);
#3686=ORIENTED_EDGE('',*,*,#2782,.F.);
#3687=ORIENTED_EDGE('',*,*,#2786,.F.);
#3688=ORIENTED_EDGE('',*,*,#2759,.F.);
#3689=ORIENTED_EDGE('',*,*,#2762,.F.);
#3690=ORIENTED_EDGE('',*,*,#2765,.F.);
#3691=ORIENTED_EDGE('',*,*,#2768,.F.);
#3692=ORIENTED_EDGE('',*,*,#2771,.F.);
#3693=ORIENTED_EDGE('',*,*,#2774,.F.);
#3694=ORIENTED_EDGE('',*,*,#2777,.F.);
#3695=ORIENTED_EDGE('',*,*,#2780,.F.);
#3696=ORIENTED_EDGE('',*,*,#2783,.F.);
#3697=ORIENTED_EDGE('',*,*,#2785,.F.);
#3698=ORIENTED_EDGE('',*,*,#2753,.F.);
#3699=ORIENTED_EDGE('',*,*,#2787,.F.);
#3700=ORIENTED_EDGE('',*,*,#2788,.T.);
#3701=ORIENTED_EDGE('',*,*,#2789,.T.);
#3702=ORIENTED_EDGE('',*,*,#2790,.F.);
#3703=ORIENTED_EDGE('',*,*,#2791,.F.);
#3704=ORIENTED_EDGE('',*,*,#2792,.T.);
#3705=ORIENTED_EDGE('',*,*,#2793,.T.);
#3706=ORIENTED_EDGE('',*,*,#2788,.F.);
#3707=ORIENTED_EDGE('',*,*,#2794,.F.);
#3708=ORIENTED_EDGE('',*,*,#2795,.T.);
#3709=ORIENTED_EDGE('',*,*,#2796,.T.);
#3710=ORIENTED_EDGE('',*,*,#2792,.F.);
#3711=ORIENTED_EDGE('',*,*,#2797,.F.);
#3712=ORIENTED_EDGE('',*,*,#2798,.T.);
#3713=ORIENTED_EDGE('',*,*,#2799,.T.);
#3714=ORIENTED_EDGE('',*,*,#2795,.F.);
#3715=ORIENTED_EDGE('',*,*,#2800,.F.);
#3716=ORIENTED_EDGE('',*,*,#2801,.T.);
#3717=ORIENTED_EDGE('',*,*,#2802,.T.);
#3718=ORIENTED_EDGE('',*,*,#2798,.F.);
#3719=ORIENTED_EDGE('',*,*,#2803,.F.);
#3720=ORIENTED_EDGE('',*,*,#2804,.T.);
#3721=ORIENTED_EDGE('',*,*,#2805,.T.);
#3722=ORIENTED_EDGE('',*,*,#2801,.F.);
#3723=ORIENTED_EDGE('',*,*,#2806,.F.);
#3724=ORIENTED_EDGE('',*,*,#2807,.T.);
#3725=ORIENTED_EDGE('',*,*,#2808,.T.);
#3726=ORIENTED_EDGE('',*,*,#2804,.F.);
#3727=ORIENTED_EDGE('',*,*,#2809,.F.);
#3728=ORIENTED_EDGE('',*,*,#2790,.T.);
#3729=ORIENTED_EDGE('',*,*,#2810,.T.);
#3730=ORIENTED_EDGE('',*,*,#2807,.F.);
#3731=ORIENTED_EDGE('',*,*,#2810,.F.);
#3732=ORIENTED_EDGE('',*,*,#2789,.F.);
#3733=ORIENTED_EDGE('',*,*,#2793,.F.);
#3734=ORIENTED_EDGE('',*,*,#2796,.F.);
#3735=ORIENTED_EDGE('',*,*,#2799,.F.);
#3736=ORIENTED_EDGE('',*,*,#2802,.F.);
#3737=ORIENTED_EDGE('',*,*,#2805,.F.);
#3738=ORIENTED_EDGE('',*,*,#2808,.F.);
#3739=ORIENTED_EDGE('',*,*,#2811,.F.);
#3740=ORIENTED_EDGE('',*,*,#2812,.T.);
#3741=ORIENTED_EDGE('',*,*,#2813,.F.);
#3742=ORIENTED_EDGE('',*,*,#2814,.F.);
#3743=ORIENTED_EDGE('',*,*,#2815,.F.);
#3744=ORIENTED_EDGE('',*,*,#2816,.T.);
#3745=ORIENTED_EDGE('',*,*,#2817,.T.);
#3746=ORIENTED_EDGE('',*,*,#2818,.F.);
#3747=ORIENTED_EDGE('',*,*,#2819,.F.);
#3748=ORIENTED_EDGE('',*,*,#2820,.T.);
#3749=ORIENTED_EDGE('',*,*,#2821,.T.);
#3750=ORIENTED_EDGE('',*,*,#2816,.F.);
#3751=ORIENTED_EDGE('',*,*,#2822,.F.);
#3752=ORIENTED_EDGE('',*,*,#2823,.T.);
#3753=ORIENTED_EDGE('',*,*,#2824,.T.);
#3754=ORIENTED_EDGE('',*,*,#2820,.F.);
#3755=ORIENTED_EDGE('',*,*,#2825,.F.);
#3756=ORIENTED_EDGE('',*,*,#2826,.T.);
#3757=ORIENTED_EDGE('',*,*,#2827,.T.);
#3758=ORIENTED_EDGE('',*,*,#2823,.F.);
#3759=ORIENTED_EDGE('',*,*,#2828,.F.);
#3760=ORIENTED_EDGE('',*,*,#2829,.T.);
#3761=ORIENTED_EDGE('',*,*,#2830,.T.);
#3762=ORIENTED_EDGE('',*,*,#2826,.F.);
#3763=ORIENTED_EDGE('',*,*,#2831,.F.);
#3764=ORIENTED_EDGE('',*,*,#2832,.T.);
#3765=ORIENTED_EDGE('',*,*,#2833,.T.);
#3766=ORIENTED_EDGE('',*,*,#2829,.F.);
#3767=ORIENTED_EDGE('',*,*,#2834,.F.);
#3768=ORIENTED_EDGE('',*,*,#2835,.T.);
#3769=ORIENTED_EDGE('',*,*,#2836,.T.);
#3770=ORIENTED_EDGE('',*,*,#2832,.F.);
#3771=ORIENTED_EDGE('',*,*,#2837,.F.);
#3772=ORIENTED_EDGE('',*,*,#2838,.T.);
#3773=ORIENTED_EDGE('',*,*,#2839,.T.);
#3774=ORIENTED_EDGE('',*,*,#2835,.F.);
#3775=ORIENTED_EDGE('',*,*,#2840,.F.);
#3776=ORIENTED_EDGE('',*,*,#2813,.T.);
#3777=ORIENTED_EDGE('',*,*,#2841,.T.);
#3778=ORIENTED_EDGE('',*,*,#2838,.F.);
#3779=ORIENTED_EDGE('',*,*,#2842,.F.);
#3780=ORIENTED_EDGE('',*,*,#2843,.F.);
#3781=ORIENTED_EDGE('',*,*,#2818,.T.);
#3782=ORIENTED_EDGE('',*,*,#2844,.T.);
#3783=ORIENTED_EDGE('',*,*,#2845,.F.);
#3784=ORIENTED_EDGE('',*,*,#2844,.F.);
#3785=ORIENTED_EDGE('',*,*,#2817,.F.);
#3786=ORIENTED_EDGE('',*,*,#2821,.F.);
#3787=ORIENTED_EDGE('',*,*,#2824,.F.);
#3788=ORIENTED_EDGE('',*,*,#2827,.F.);
#3789=ORIENTED_EDGE('',*,*,#2830,.F.);
#3790=ORIENTED_EDGE('',*,*,#2833,.F.);
#3791=ORIENTED_EDGE('',*,*,#2836,.F.);
#3792=ORIENTED_EDGE('',*,*,#2839,.F.);
#3793=ORIENTED_EDGE('',*,*,#2841,.F.);
#3794=ORIENTED_EDGE('',*,*,#2812,.F.);
#3795=ORIENTED_EDGE('',*,*,#2846,.F.);
#3796=ORIENTED_EDGE('',*,*,#2847,.T.);
#3797=ORIENTED_EDGE('',*,*,#2848,.F.);
#3798=ORIENTED_EDGE('',*,*,#2849,.F.);
#3799=ORIENTED_EDGE('',*,*,#2850,.F.);
#3800=ORIENTED_EDGE('',*,*,#2851,.T.);
#3801=ORIENTED_EDGE('',*,*,#2852,.F.);
#3802=ORIENTED_EDGE('',*,*,#2853,.F.);
#3803=ORIENTED_EDGE('',*,*,#2854,.F.);
#3804=ORIENTED_EDGE('',*,*,#2855,.F.);
#3805=ORIENTED_EDGE('',*,*,#2856,.T.);
#3806=ORIENTED_EDGE('',*,*,#2857,.T.);
#3807=ORIENTED_EDGE('',*,*,#2858,.F.);
#3808=ORIENTED_EDGE('',*,*,#2859,.T.);
#3809=ORIENTED_EDGE('',*,*,#2860,.T.);
#3810=ORIENTED_EDGE('',*,*,#2856,.F.);
#3811=ORIENTED_EDGE('',*,*,#2861,.F.);
#3812=ORIENTED_EDGE('',*,*,#2862,.T.);
#3813=ORIENTED_EDGE('',*,*,#2863,.T.);
#3814=ORIENTED_EDGE('',*,*,#2859,.F.);
#3815=ORIENTED_EDGE('',*,*,#2864,.F.);
#3816=ORIENTED_EDGE('',*,*,#2852,.T.);
#3817=ORIENTED_EDGE('',*,*,#2865,.T.);
#3818=ORIENTED_EDGE('',*,*,#2862,.F.);
#3819=ORIENTED_EDGE('',*,*,#2866,.F.);
#3820=ORIENTED_EDGE('',*,*,#2867,.T.);
#3821=ORIENTED_EDGE('',*,*,#2868,.T.);
#3822=ORIENTED_EDGE('',*,*,#2869,.F.);
#3823=ORIENTED_EDGE('',*,*,#2870,.F.);
#3824=ORIENTED_EDGE('',*,*,#2871,.T.);
#3825=ORIENTED_EDGE('',*,*,#2872,.T.);
#3826=ORIENTED_EDGE('',*,*,#2867,.F.);
#3827=ORIENTED_EDGE('',*,*,#2873,.F.);
#3828=ORIENTED_EDGE('',*,*,#2874,.T.);
#3829=ORIENTED_EDGE('',*,*,#2875,.T.);
#3830=ORIENTED_EDGE('',*,*,#2871,.F.);
#3831=ORIENTED_EDGE('',*,*,#2876,.F.);
#3832=ORIENTED_EDGE('',*,*,#2877,.T.);
#3833=ORIENTED_EDGE('',*,*,#2878,.T.);
#3834=ORIENTED_EDGE('',*,*,#2874,.F.);
#3835=ORIENTED_EDGE('',*,*,#2879,.F.);
#3836=ORIENTED_EDGE('',*,*,#2848,.T.);
#3837=ORIENTED_EDGE('',*,*,#2880,.T.);
#3838=ORIENTED_EDGE('',*,*,#2877,.F.);
#3839=ORIENTED_EDGE('',*,*,#2881,.F.);
#3840=ORIENTED_EDGE('',*,*,#2882,.F.);
#3841=ORIENTED_EDGE('',*,*,#2883,.T.);
#3842=ORIENTED_EDGE('',*,*,#2884,.T.);
#3843=ORIENTED_EDGE('',*,*,#2885,.F.);
#3844=ORIENTED_EDGE('',*,*,#2886,.T.);
#3845=ORIENTED_EDGE('',*,*,#2887,.T.);
#3846=ORIENTED_EDGE('',*,*,#2883,.F.);
#3847=ORIENTED_EDGE('',*,*,#2888,.F.);
#3848=ORIENTED_EDGE('',*,*,#2889,.T.);
#3849=ORIENTED_EDGE('',*,*,#2890,.T.);
#3850=ORIENTED_EDGE('',*,*,#2886,.F.);
#3851=ORIENTED_EDGE('',*,*,#2891,.F.);
#3852=ORIENTED_EDGE('',*,*,#2892,.T.);
#3853=ORIENTED_EDGE('',*,*,#2893,.T.);
#3854=ORIENTED_EDGE('',*,*,#2889,.F.);
#3855=ORIENTED_EDGE('',*,*,#2894,.F.);
#3856=ORIENTED_EDGE('',*,*,#2895,.T.);
#3857=ORIENTED_EDGE('',*,*,#2896,.T.);
#3858=ORIENTED_EDGE('',*,*,#2892,.F.);
#3859=ORIENTED_EDGE('',*,*,#2897,.F.);
#3860=ORIENTED_EDGE('',*,*,#2898,.T.);
#3861=ORIENTED_EDGE('',*,*,#2899,.T.);
#3862=ORIENTED_EDGE('',*,*,#2895,.F.);
#3863=ORIENTED_EDGE('',*,*,#2900,.F.);
#3864=ORIENTED_EDGE('',*,*,#2869,.T.);
#3865=ORIENTED_EDGE('',*,*,#2901,.T.);
#3866=ORIENTED_EDGE('',*,*,#2898,.F.);
#3867=ORIENTED_EDGE('',*,*,#2902,.F.);
#3868=ORIENTED_EDGE('',*,*,#2857,.F.);
#3869=ORIENTED_EDGE('',*,*,#2860,.F.);
#3870=ORIENTED_EDGE('',*,*,#2863,.F.);
#3871=ORIENTED_EDGE('',*,*,#2865,.F.);
#3872=ORIENTED_EDGE('',*,*,#2851,.F.);
#3873=ORIENTED_EDGE('',*,*,#2903,.F.);
#3874=ORIENTED_EDGE('',*,*,#2884,.F.);
#3875=ORIENTED_EDGE('',*,*,#2887,.F.);
#3876=ORIENTED_EDGE('',*,*,#2890,.F.);
#3877=ORIENTED_EDGE('',*,*,#2893,.F.);
#3878=ORIENTED_EDGE('',*,*,#2896,.F.);
#3879=ORIENTED_EDGE('',*,*,#2899,.F.);
#3880=ORIENTED_EDGE('',*,*,#2901,.F.);
#3881=ORIENTED_EDGE('',*,*,#2868,.F.);
#3882=ORIENTED_EDGE('',*,*,#2872,.F.);
#3883=ORIENTED_EDGE('',*,*,#2875,.F.);
#3884=ORIENTED_EDGE('',*,*,#2878,.F.);
#3885=ORIENTED_EDGE('',*,*,#2880,.F.);
#3886=ORIENTED_EDGE('',*,*,#2847,.F.);
#3887=ORIENTED_EDGE('',*,*,#2855,.T.);
#3888=ORIENTED_EDGE('',*,*,#2904,.F.);
#3889=ORIENTED_EDGE('',*,*,#2853,.T.);
#3890=ORIENTED_EDGE('',*,*,#2864,.T.);
#3891=ORIENTED_EDGE('',*,*,#2861,.T.);
#3892=ORIENTED_EDGE('',*,*,#2858,.T.);
#3893=ORIENTED_EDGE('',*,*,#2719,.T.);
#3894=ORIENTED_EDGE('',*,*,#2905,.F.);
#3895=ORIENTED_EDGE('',*,*,#2717,.T.);
#3896=ORIENTED_EDGE('',*,*,#2723,.T.);
#3897=ORIENTED_EDGE('',*,*,#2721,.T.);
#3898=ORIENTED_EDGE('',*,*,#2684,.T.);
#3899=ORIENTED_EDGE('',*,*,#2906,.F.);
#3900=ORIENTED_EDGE('',*,*,#2680,.T.);
#3901=ORIENTED_EDGE('',*,*,#2681,.T.);
#3902=ORIENTED_EDGE('',*,*,#2688,.T.);
#3903=ORIENTED_EDGE('',*,*,#2686,.T.);
#3904=ORIENTED_EDGE('',*,*,#2627,.T.);
#3905=ORIENTED_EDGE('',*,*,#2907,.F.);
#3906=ORIENTED_EDGE('',*,*,#2625,.T.);
#3907=ORIENTED_EDGE('',*,*,#2630,.T.);
#3908=ORIENTED_EDGE('',*,*,#2583,.T.);
#3909=ORIENTED_EDGE('',*,*,#2908,.F.);
#3910=ORIENTED_EDGE('',*,*,#2581,.T.);
#3911=ORIENTED_EDGE('',*,*,#2587,.T.);
#3912=ORIENTED_EDGE('',*,*,#2585,.T.);
#3913=ORIENTED_EDGE('',*,*,#2525,.T.);
#3914=ORIENTED_EDGE('',*,*,#2909,.F.);
#3915=ORIENTED_EDGE('',*,*,#2523,.T.);
#3916=ORIENTED_EDGE('',*,*,#2533,.T.);
#3917=ORIENTED_EDGE('',*,*,#2531,.T.);
#3918=ORIENTED_EDGE('',*,*,#2529,.T.);
#3919=ORIENTED_EDGE('',*,*,#2527,.T.);
#3920=ORIENTED_EDGE('',*,*,#2407,.T.);
#3921=ORIENTED_EDGE('',*,*,#2910,.F.);
#3922=ORIENTED_EDGE('',*,*,#2405,.T.);
#3923=ORIENTED_EDGE('',*,*,#2410,.T.);
#3924=ORIENTED_EDGE('',*,*,#2401,.T.);
#3925=ORIENTED_EDGE('',*,*,#2437,.T.);
#3926=ORIENTED_EDGE('',*,*,#2434,.T.);
#3927=ORIENTED_EDGE('',*,*,#2431,.T.);
#3928=ORIENTED_EDGE('',*,*,#2428,.T.);
#3929=ORIENTED_EDGE('',*,*,#2425,.T.);
#3930=ORIENTED_EDGE('',*,*,#2422,.T.);
#3931=ORIENTED_EDGE('',*,*,#2419,.T.);
#3932=ORIENTED_EDGE('',*,*,#2416,.T.);
#3933=ORIENTED_EDGE('',*,*,#2413,.T.);
#3934=ORIENTED_EDGE('',*,*,#2911,.F.);
#3935=ORIENTED_EDGE('',*,*,#2814,.T.);
#3936=ORIENTED_EDGE('',*,*,#2840,.T.);
#3937=ORIENTED_EDGE('',*,*,#2837,.T.);
#3938=ORIENTED_EDGE('',*,*,#2834,.T.);
#3939=ORIENTED_EDGE('',*,*,#2831,.T.);
#3940=ORIENTED_EDGE('',*,*,#2828,.T.);
#3941=ORIENTED_EDGE('',*,*,#2825,.T.);
#3942=ORIENTED_EDGE('',*,*,#2822,.T.);
#3943=ORIENTED_EDGE('',*,*,#2819,.T.);
#3944=ORIENTED_EDGE('',*,*,#2815,.T.);
#3945=ORIENTED_EDGE('',*,*,#2843,.T.);
#3946=ORIENTED_EDGE('',*,*,#2912,.F.);
#3947=ORIENTED_EDGE('',*,*,#2444,.T.);
#3948=ORIENTED_EDGE('',*,*,#2456,.T.);
#3949=ORIENTED_EDGE('',*,*,#2453,.T.);
#3950=ORIENTED_EDGE('',*,*,#2913,.F.);
#3951=ORIENTED_EDGE('',*,*,#2451,.T.);
#3952=ORIENTED_EDGE('',*,*,#2461,.T.);
#3953=ORIENTED_EDGE('',*,*,#2459,.T.);
#3954=ORIENTED_EDGE('',*,*,#2914,.F.);
#3955=ORIENTED_EDGE('',*,*,#2466,.T.);
#3956=ORIENTED_EDGE('',*,*,#2471,.T.);
#3957=ORIENTED_EDGE('',*,*,#2467,.T.);
#3958=ORIENTED_EDGE('',*,*,#2477,.T.);
#3959=ORIENTED_EDGE('',*,*,#2474,.T.);
#3960=ORIENTED_EDGE('',*,*,#2915,.F.);
#3961=ORIENTED_EDGE('',*,*,#2755,.T.);
#3962=ORIENTED_EDGE('',*,*,#2784,.T.);
#3963=ORIENTED_EDGE('',*,*,#2781,.T.);
#3964=ORIENTED_EDGE('',*,*,#2778,.T.);
#3965=ORIENTED_EDGE('',*,*,#2775,.T.);
#3966=ORIENTED_EDGE('',*,*,#2772,.T.);
#3967=ORIENTED_EDGE('',*,*,#2769,.T.);
#3968=ORIENTED_EDGE('',*,*,#2766,.T.);
#3969=ORIENTED_EDGE('',*,*,#2763,.T.);
#3970=ORIENTED_EDGE('',*,*,#2760,.T.);
#3971=ORIENTED_EDGE('',*,*,#2757,.T.);
#3972=ORIENTED_EDGE('',*,*,#2916,.F.);
#3973=ORIENTED_EDGE('',*,*,#2483,.T.);
#3974=ORIENTED_EDGE('',*,*,#2495,.T.);
#3975=ORIENTED_EDGE('',*,*,#2492,.T.);
#3976=ORIENTED_EDGE('',*,*,#2917,.F.);
#3977=ORIENTED_EDGE('',*,*,#2490,.T.);
#3978=ORIENTED_EDGE('',*,*,#2500,.T.);
#3979=ORIENTED_EDGE('',*,*,#2498,.T.);
#3980=ORIENTED_EDGE('',*,*,#2918,.F.);
#3981=ORIENTED_EDGE('',*,*,#2505,.T.);
#3982=ORIENTED_EDGE('',*,*,#2547,.T.);
#3983=ORIENTED_EDGE('',*,*,#2545,.T.);
#3984=ORIENTED_EDGE('',*,*,#2543,.T.);
#3985=ORIENTED_EDGE('',*,*,#2541,.T.);
#3986=ORIENTED_EDGE('',*,*,#2539,.T.);
#3987=ORIENTED_EDGE('',*,*,#2537,.T.);
#3988=ORIENTED_EDGE('',*,*,#2535,.T.);
#3989=ORIENTED_EDGE('',*,*,#2919,.F.);
#3990=ORIENTED_EDGE('',*,*,#2704,.T.);
#3991=ORIENTED_EDGE('',*,*,#2724,.T.);
#3992=ORIENTED_EDGE('',*,*,#2731,.T.);
#3993=ORIENTED_EDGE('',*,*,#2729,.T.);
#3994=ORIENTED_EDGE('',*,*,#2727,.T.);
#3995=ORIENTED_EDGE('',*,*,#2920,.F.);
#3996=ORIENTED_EDGE('',*,*,#2551,.T.);
#3997=ORIENTED_EDGE('',*,*,#2556,.T.);
#3998=ORIENTED_EDGE('',*,*,#2552,.T.);
#3999=ORIENTED_EDGE('',*,*,#2562,.T.);
#4000=ORIENTED_EDGE('',*,*,#2559,.T.);
#4001=ORIENTED_EDGE('',*,*,#2921,.F.);
#4002=ORIENTED_EDGE('',*,*,#2664,.T.);
#4003=ORIENTED_EDGE('',*,*,#2694,.T.);
#4004=ORIENTED_EDGE('',*,*,#2692,.T.);
#4005=ORIENTED_EDGE('',*,*,#2689,.T.);
#4006=ORIENTED_EDGE('',*,*,#2700,.T.);
#4007=ORIENTED_EDGE('',*,*,#2698,.T.);
#4008=ORIENTED_EDGE('',*,*,#2696,.T.);
#4009=ORIENTED_EDGE('',*,*,#2922,.F.);
#4010=ORIENTED_EDGE('',*,*,#2568,.T.);
#4011=ORIENTED_EDGE('',*,*,#2595,.T.);
#4012=ORIENTED_EDGE('',*,*,#2593,.T.);
#4013=ORIENTED_EDGE('',*,*,#2591,.T.);
#4014=ORIENTED_EDGE('',*,*,#2589,.T.);
#4015=ORIENTED_EDGE('',*,*,#2923,.F.);
#4016=ORIENTED_EDGE('',*,*,#2621,.T.);
#4017=ORIENTED_EDGE('',*,*,#2657,.T.);
#4018=ORIENTED_EDGE('',*,*,#2654,.T.);
#4019=ORIENTED_EDGE('',*,*,#2651,.T.);
#4020=ORIENTED_EDGE('',*,*,#2648,.T.);
#4021=ORIENTED_EDGE('',*,*,#2645,.T.);
#4022=ORIENTED_EDGE('',*,*,#2642,.T.);
#4023=ORIENTED_EDGE('',*,*,#2639,.T.);
#4024=ORIENTED_EDGE('',*,*,#2636,.T.);
#4025=ORIENTED_EDGE('',*,*,#2633,.T.);
#4026=ORIENTED_EDGE('',*,*,#2924,.F.);
#4027=ORIENTED_EDGE('',*,*,#2599,.T.);
#4028=ORIENTED_EDGE('',*,*,#2611,.T.);
#4029=ORIENTED_EDGE('',*,*,#2608,.T.);
#4030=ORIENTED_EDGE('',*,*,#2925,.F.);
#4031=ORIENTED_EDGE('',*,*,#2606,.T.);
#4032=ORIENTED_EDGE('',*,*,#2616,.T.);
#4033=ORIENTED_EDGE('',*,*,#2614,.T.);
#4034=ORIENTED_EDGE('',*,*,#2926,.F.);
#4035=ORIENTED_EDGE('',*,*,#2735,.T.);
#4036=ORIENTED_EDGE('',*,*,#2749,.T.);
#4037=ORIENTED_EDGE('',*,*,#2746,.T.);
#4038=ORIENTED_EDGE('',*,*,#2743,.T.);
#4039=ORIENTED_EDGE('',*,*,#2740,.T.);
#4040=ORIENTED_EDGE('',*,*,#2737,.T.);
#4041=ORIENTED_EDGE('',*,*,#2927,.F.);
#4042=ORIENTED_EDGE('',*,*,#2928,.T.);
#4043=ORIENTED_EDGE('',*,*,#2929,.F.);
#4044=ORIENTED_EDGE('',*,*,#2930,.F.);
#4045=ORIENTED_EDGE('',*,*,#2931,.F.);
#4046=ORIENTED_EDGE('',*,*,#2849,.T.);
#4047=ORIENTED_EDGE('',*,*,#2879,.T.);
#4048=ORIENTED_EDGE('',*,*,#2876,.T.);
#4049=ORIENTED_EDGE('',*,*,#2873,.T.);
#4050=ORIENTED_EDGE('',*,*,#2870,.T.);
#4051=ORIENTED_EDGE('',*,*,#2866,.T.);
#4052=ORIENTED_EDGE('',*,*,#2900,.T.);
#4053=ORIENTED_EDGE('',*,*,#2897,.T.);
#4054=ORIENTED_EDGE('',*,*,#2894,.T.);
#4055=ORIENTED_EDGE('',*,*,#2891,.T.);
#4056=ORIENTED_EDGE('',*,*,#2888,.T.);
#4057=ORIENTED_EDGE('',*,*,#2885,.T.);
#4058=ORIENTED_EDGE('',*,*,#2882,.T.);
#4059=ORIENTED_EDGE('',*,*,#2932,.F.);
#4060=ORIENTED_EDGE('',*,*,#2787,.T.);
#4061=ORIENTED_EDGE('',*,*,#2809,.T.);
#4062=ORIENTED_EDGE('',*,*,#2806,.T.);
#4063=ORIENTED_EDGE('',*,*,#2803,.T.);
#4064=ORIENTED_EDGE('',*,*,#2800,.T.);
#4065=ORIENTED_EDGE('',*,*,#2797,.T.);
#4066=ORIENTED_EDGE('',*,*,#2794,.T.);
#4067=ORIENTED_EDGE('',*,*,#2791,.T.);
#4068=ORIENTED_EDGE('',*,*,#2933,.F.);
#4069=ORIENTED_EDGE('',*,*,#2934,.F.);
#4070=ORIENTED_EDGE('',*,*,#2935,.F.);
#4071=ORIENTED_EDGE('',*,*,#2936,.F.);
#4072=ORIENTED_EDGE('',*,*,#2937,.T.);
#4073=ORIENTED_EDGE('',*,*,#2938,.F.);
#4074=ORIENTED_EDGE('',*,*,#2939,.F.);
#4075=ORIENTED_EDGE('',*,*,#2940,.F.);
#4076=ORIENTED_EDGE('',*,*,#2941,.F.);
#4077=ORIENTED_EDGE('',*,*,#2942,.F.);
#4078=ORIENTED_EDGE('',*,*,#2937,.F.);
#4079=ORIENTED_EDGE('',*,*,#2943,.F.);
#4080=ORIENTED_EDGE('',*,*,#2944,.F.);
#4081=ORIENTED_EDGE('',*,*,#2945,.F.);
#4082=ORIENTED_EDGE('',*,*,#2935,.T.);
#4083=ORIENTED_EDGE('',*,*,#2946,.F.);
#4084=ORIENTED_EDGE('',*,*,#2933,.T.);
#4085=ORIENTED_EDGE('',*,*,#2947,.T.);
#4086=ORIENTED_EDGE('',*,*,#2948,.F.);
#4087=ORIENTED_EDGE('',*,*,#2940,.T.);
#4088=ORIENTED_EDGE('',*,*,#2949,.F.);
#4089=ORIENTED_EDGE('',*,*,#2950,.F.);
#4090=ORIENTED_EDGE('',*,*,#2947,.F.);
#4091=ORIENTED_EDGE('',*,*,#2939,.T.);
#4092=ORIENTED_EDGE('',*,*,#2951,.F.);
#4093=ORIENTED_EDGE('',*,*,#2949,.T.);
#4094=ORIENTED_EDGE('',*,*,#2941,.T.);
#4095=ORIENTED_EDGE('',*,*,#2952,.T.);
#4096=ORIENTED_EDGE('',*,*,#2953,.T.);
#4097=ORIENTED_EDGE('',*,*,#2954,.T.);
#4098=ORIENTED_EDGE('',*,*,#2955,.T.);
#4099=ORIENTED_EDGE('',*,*,#2956,.T.);
#4100=ORIENTED_EDGE('',*,*,#2957,.T.);
#4101=ORIENTED_EDGE('',*,*,#2958,.T.);
#4102=ORIENTED_EDGE('',*,*,#2959,.T.);
#4103=ORIENTED_EDGE('',*,*,#2960,.T.);
#4104=ORIENTED_EDGE('',*,*,#2961,.T.);
#4105=ORIENTED_EDGE('',*,*,#2962,.T.);
#4106=ORIENTED_EDGE('',*,*,#2963,.T.);
#4107=ORIENTED_EDGE('',*,*,#2964,.T.);
#4108=ORIENTED_EDGE('',*,*,#2965,.T.);
#4109=ORIENTED_EDGE('',*,*,#2966,.T.);
#4110=ORIENTED_EDGE('',*,*,#2967,.F.);
#4111=ORIENTED_EDGE('',*,*,#2968,.F.);
#4112=ORIENTED_EDGE('',*,*,#2969,.F.);
#4113=ORIENTED_EDGE('',*,*,#2970,.F.);
#4114=ORIENTED_EDGE('',*,*,#2971,.F.);
#4115=ORIENTED_EDGE('',*,*,#2957,.F.);
#4116=ORIENTED_EDGE('',*,*,#2972,.F.);
#4117=ORIENTED_EDGE('',*,*,#2973,.T.);
#4118=ORIENTED_EDGE('',*,*,#2974,.F.);
#4119=ORIENTED_EDGE('',*,*,#2973,.F.);
#4120=ORIENTED_EDGE('',*,*,#2975,.F.);
#4121=ORIENTED_EDGE('',*,*,#2968,.T.);
#4122=ORIENTED_EDGE('',*,*,#2944,.T.);
#4123=ORIENTED_EDGE('',*,*,#2976,.T.);
#4124=ORIENTED_EDGE('',*,*,#2977,.T.);
#4125=ORIENTED_EDGE('',*,*,#2978,.T.);
#4126=ORIENTED_EDGE('',*,*,#2979,.T.);
#4127=ORIENTED_EDGE('',*,*,#2980,.T.);
#4128=ORIENTED_EDGE('',*,*,#2981,.T.);
#4129=ORIENTED_EDGE('',*,*,#2982,.T.);
#4130=ORIENTED_EDGE('',*,*,#2970,.T.);
#4131=ORIENTED_EDGE('',*,*,#2983,.T.);
#4132=ORIENTED_EDGE('',*,*,#2984,.T.);
#4133=ORIENTED_EDGE('',*,*,#2929,.T.);
#4134=ORIENTED_EDGE('',*,*,#2985,.T.);
#4135=ORIENTED_EDGE('',*,*,#2986,.T.);
#4136=ORIENTED_EDGE('',*,*,#2987,.T.);
#4137=ORIENTED_EDGE('',*,*,#2988,.T.);
#4138=ORIENTED_EDGE('',*,*,#2969,.T.);
#4139=ORIENTED_EDGE('',*,*,#2975,.T.);
#4140=ORIENTED_EDGE('',*,*,#2972,.T.);
#4141=ORIENTED_EDGE('',*,*,#2956,.F.);
#4142=ORIENTED_EDGE('',*,*,#2989,.F.);
#4143=ORIENTED_EDGE('',*,*,#2990,.F.);
#4144=ORIENTED_EDGE('',*,*,#2991,.T.);
#4145=ORIENTED_EDGE('',*,*,#2983,.F.);
#4146=ORIENTED_EDGE('',*,*,#2392,.T.);
#4147=ORIENTED_EDGE('',*,*,#2395,.T.);
#4148=ORIENTED_EDGE('',*,*,#2992,.F.);
#4149=ORIENTED_EDGE('',*,*,#2993,.T.);
#4150=ORIENTED_EDGE('',*,*,#2994,.F.);
#4151=ORIENTED_EDGE('',*,*,#2993,.F.);
#4152=ORIENTED_EDGE('',*,*,#2995,.F.);
#4153=ORIENTED_EDGE('',*,*,#2996,.T.);
#4154=ORIENTED_EDGE('',*,*,#2997,.F.);
#4155=ORIENTED_EDGE('',*,*,#2996,.F.);
#4156=ORIENTED_EDGE('',*,*,#2998,.F.);
#4157=ORIENTED_EDGE('',*,*,#2999,.T.);
#4158=ORIENTED_EDGE('',*,*,#3000,.F.);
#4159=ORIENTED_EDGE('',*,*,#2999,.F.);
#4160=ORIENTED_EDGE('',*,*,#3001,.F.);
#4161=ORIENTED_EDGE('',*,*,#3002,.T.);
#4162=ORIENTED_EDGE('',*,*,#3003,.F.);
#4163=ORIENTED_EDGE('',*,*,#3002,.F.);
#4164=ORIENTED_EDGE('',*,*,#2988,.F.);
#4165=ORIENTED_EDGE('',*,*,#3004,.T.);
#4166=ORIENTED_EDGE('',*,*,#3005,.T.);
#4167=ORIENTED_EDGE('',*,*,#3004,.F.);
#4168=ORIENTED_EDGE('',*,*,#3005,.F.);
#4169=ORIENTED_EDGE('',*,*,#3001,.T.);
#4170=ORIENTED_EDGE('',*,*,#2987,.F.);
#4171=ORIENTED_EDGE('',*,*,#3006,.T.);
#4172=ORIENTED_EDGE('',*,*,#3007,.T.);
#4173=ORIENTED_EDGE('',*,*,#3006,.F.);
#4174=ORIENTED_EDGE('',*,*,#3007,.F.);
#4175=ORIENTED_EDGE('',*,*,#2995,.T.);
#4176=ORIENTED_EDGE('',*,*,#2966,.F.);
#4177=ORIENTED_EDGE('',*,*,#3008,.T.);
#4178=ORIENTED_EDGE('',*,*,#3009,.T.);
#4179=ORIENTED_EDGE('',*,*,#3008,.F.);
#4180=ORIENTED_EDGE('',*,*,#3009,.F.);
#4181=ORIENTED_EDGE('',*,*,#2998,.T.);
#4182=ORIENTED_EDGE('',*,*,#2965,.F.);
#4183=ORIENTED_EDGE('',*,*,#3010,.T.);
#4184=ORIENTED_EDGE('',*,*,#3011,.T.);
#4185=ORIENTED_EDGE('',*,*,#3010,.F.);
#4186=ORIENTED_EDGE('',*,*,#3011,.F.);
#4187=ORIENTED_EDGE('',*,*,#2992,.T.);
#4188=ORIENTED_EDGE('',*,*,#2945,.T.);
#4189=ORIENTED_EDGE('',*,*,#2986,.F.);
#4190=ORIENTED_EDGE('',*,*,#3012,.F.);
#4191=ORIENTED_EDGE('',*,*,#3013,.F.);
#4192=ORIENTED_EDGE('',*,*,#3014,.T.);
#4193=ORIENTED_EDGE('',*,*,#2952,.F.);
#4194=ORIENTED_EDGE('',*,*,#2943,.T.);
#4195=ORIENTED_EDGE('',*,*,#2936,.T.);
#4196=ORIENTED_EDGE('',*,*,#2386,.T.);
#4197=ORIENTED_EDGE('',*,*,#2389,.T.);
#4198=ORIENTED_EDGE('',*,*,#2967,.T.);
#4199=ORIENTED_EDGE('',*,*,#2982,.F.);
#4200=ORIENTED_EDGE('',*,*,#3015,.T.);
#4201=ORIENTED_EDGE('',*,*,#3016,.T.);
#4202=ORIENTED_EDGE('',*,*,#3017,.F.);
#4203=ORIENTED_EDGE('',*,*,#2958,.F.);
#4204=ORIENTED_EDGE('',*,*,#2971,.T.);
#4205=ORIENTED_EDGE('',*,*,#2974,.T.);
#4206=ORIENTED_EDGE('',*,*,#3018,.F.);
#4207=ORIENTED_EDGE('',*,*,#2962,.F.);
#4208=ORIENTED_EDGE('',*,*,#3019,.T.);
#4209=ORIENTED_EDGE('',*,*,#3020,.F.);
#4210=ORIENTED_EDGE('',*,*,#3021,.F.);
#4211=ORIENTED_EDGE('',*,*,#3022,.F.);
#4212=ORIENTED_EDGE('',*,*,#3023,.F.);
#4213=ORIENTED_EDGE('',*,*,#3021,.T.);
#4214=ORIENTED_EDGE('',*,*,#3024,.F.);
#4215=ORIENTED_EDGE('',*,*,#3025,.F.);
#4216=ORIENTED_EDGE('',*,*,#3026,.F.);
#4217=ORIENTED_EDGE('',*,*,#3025,.T.);
#4218=ORIENTED_EDGE('',*,*,#3027,.F.);
#4219=ORIENTED_EDGE('',*,*,#3028,.F.);
#4220=ORIENTED_EDGE('',*,*,#2960,.F.);
#4221=ORIENTED_EDGE('',*,*,#3029,.F.);
#4222=ORIENTED_EDGE('',*,*,#2961,.F.);
#4223=ORIENTED_EDGE('',*,*,#3028,.T.);
#4224=ORIENTED_EDGE('',*,*,#3030,.F.);
#4225=ORIENTED_EDGE('',*,*,#3019,.F.);
#4226=ORIENTED_EDGE('',*,*,#3031,.F.);
#4227=ORIENTED_EDGE('',*,*,#3032,.T.);
#4228=ORIENTED_EDGE('',*,*,#3033,.F.);
#4229=ORIENTED_EDGE('',*,*,#3034,.F.);
#4230=ORIENTED_EDGE('',*,*,#3035,.F.);
#4231=ORIENTED_EDGE('',*,*,#3034,.T.);
#4232=ORIENTED_EDGE('',*,*,#3036,.F.);
#4233=ORIENTED_EDGE('',*,*,#3037,.F.);
#4234=ORIENTED_EDGE('',*,*,#2978,.F.);
#4235=ORIENTED_EDGE('',*,*,#3038,.F.);
#4236=ORIENTED_EDGE('',*,*,#2979,.F.);
#4237=ORIENTED_EDGE('',*,*,#3037,.T.);
#4238=ORIENTED_EDGE('',*,*,#3039,.F.);
#4239=ORIENTED_EDGE('',*,*,#3040,.F.);
#4240=ORIENTED_EDGE('',*,*,#3041,.F.);
#4241=ORIENTED_EDGE('',*,*,#3042,.F.);
#4242=ORIENTED_EDGE('',*,*,#2980,.F.);
#4243=ORIENTED_EDGE('',*,*,#3040,.T.);
#4244=ORIENTED_EDGE('',*,*,#3043,.F.);
#4245=ORIENTED_EDGE('',*,*,#3032,.F.);
#4246=ORIENTED_EDGE('',*,*,#3018,.T.);
#4247=ORIENTED_EDGE('',*,*,#3044,.T.);
#4248=ORIENTED_EDGE('',*,*,#3045,.F.);
#4249=ORIENTED_EDGE('',*,*,#2963,.F.);
#4250=ORIENTED_EDGE('',*,*,#3022,.T.);
#4251=ORIENTED_EDGE('',*,*,#3023,.T.);
#4252=ORIENTED_EDGE('',*,*,#3026,.T.);
#4253=ORIENTED_EDGE('',*,*,#3046,.F.);
#4254=ORIENTED_EDGE('',*,*,#3016,.F.);
#4255=ORIENTED_EDGE('',*,*,#3047,.F.);
#4256=ORIENTED_EDGE('',*,*,#3041,.T.);
#4257=ORIENTED_EDGE('',*,*,#3031,.T.);
#4258=ORIENTED_EDGE('',*,*,#3035,.T.);
#4259=ORIENTED_EDGE('',*,*,#3048,.F.);
#4260=ORIENTED_EDGE('',*,*,#3049,.F.);
#4261=ORIENTED_EDGE('',*,*,#3044,.F.);
#4262=ORIENTED_EDGE('',*,*,#3050,.F.);
#4263=ORIENTED_EDGE('',*,*,#3051,.F.);
#4264=ORIENTED_EDGE('',*,*,#3052,.F.);
#4265=ORIENTED_EDGE('',*,*,#3053,.F.);
#4266=ORIENTED_EDGE('',*,*,#3054,.F.);
#4267=ORIENTED_EDGE('',*,*,#3055,.F.);
#4268=ORIENTED_EDGE('',*,*,#3056,.F.);
#4269=ORIENTED_EDGE('',*,*,#3057,.F.);
#4270=ORIENTED_EDGE('',*,*,#3038,.T.);
#4271=ORIENTED_EDGE('',*,*,#2977,.F.);
#4272=ORIENTED_EDGE('',*,*,#3058,.T.);
#4273=ORIENTED_EDGE('',*,*,#3048,.T.);
#4274=ORIENTED_EDGE('',*,*,#3029,.T.);
#4275=ORIENTED_EDGE('',*,*,#2959,.F.);
#4276=ORIENTED_EDGE('',*,*,#3017,.T.);
#4277=ORIENTED_EDGE('',*,*,#3046,.T.);
#4278=ORIENTED_EDGE('',*,*,#3042,.T.);
#4279=ORIENTED_EDGE('',*,*,#3047,.T.);
#4280=ORIENTED_EDGE('',*,*,#3015,.F.);
#4281=ORIENTED_EDGE('',*,*,#2981,.F.);
#4282=ORIENTED_EDGE('',*,*,#2934,.T.);
#4283=ORIENTED_EDGE('',*,*,#2948,.T.);
#4284=ORIENTED_EDGE('',*,*,#2950,.T.);
#4285=ORIENTED_EDGE('',*,*,#2951,.T.);
#4286=ORIENTED_EDGE('',*,*,#2938,.T.);
#4287=ORIENTED_EDGE('',*,*,#2942,.T.);
#4288=ORIENTED_EDGE('',*,*,#2964,.F.);
#4289=ORIENTED_EDGE('',*,*,#3045,.T.);
#4290=ORIENTED_EDGE('',*,*,#3049,.T.);
#4291=ORIENTED_EDGE('',*,*,#3058,.F.);
#4292=ORIENTED_EDGE('',*,*,#2976,.F.);
#4293=ORIENTED_EDGE('',*,*,#2946,.T.);
#4294=ORIENTED_EDGE('',*,*,#3053,.T.);
#4295=ORIENTED_EDGE('',*,*,#3059,.T.);
#4296=ORIENTED_EDGE('',*,*,#3060,.F.);
#4297=ORIENTED_EDGE('',*,*,#3061,.F.);
#4298=ORIENTED_EDGE('',*,*,#3052,.T.);
#4299=ORIENTED_EDGE('',*,*,#3062,.T.);
#4300=ORIENTED_EDGE('',*,*,#3063,.F.);
#4301=ORIENTED_EDGE('',*,*,#3059,.F.);
#4302=ORIENTED_EDGE('',*,*,#3051,.T.);
#4303=ORIENTED_EDGE('',*,*,#3064,.T.);
#4304=ORIENTED_EDGE('',*,*,#3065,.F.);
#4305=ORIENTED_EDGE('',*,*,#3062,.F.);
#4306=ORIENTED_EDGE('',*,*,#3050,.T.);
#4307=ORIENTED_EDGE('',*,*,#3066,.T.);
#4308=ORIENTED_EDGE('',*,*,#3067,.F.);
#4309=ORIENTED_EDGE('',*,*,#3064,.F.);
#4310=ORIENTED_EDGE('',*,*,#3057,.T.);
#4311=ORIENTED_EDGE('',*,*,#3068,.T.);
#4312=ORIENTED_EDGE('',*,*,#3069,.F.);
#4313=ORIENTED_EDGE('',*,*,#3066,.F.);
#4314=ORIENTED_EDGE('',*,*,#3056,.T.);
#4315=ORIENTED_EDGE('',*,*,#3070,.T.);
#4316=ORIENTED_EDGE('',*,*,#3071,.F.);
#4317=ORIENTED_EDGE('',*,*,#3068,.F.);
#4318=ORIENTED_EDGE('',*,*,#3055,.T.);
#4319=ORIENTED_EDGE('',*,*,#3072,.T.);
#4320=ORIENTED_EDGE('',*,*,#3073,.F.);
#4321=ORIENTED_EDGE('',*,*,#3070,.F.);
#4322=ORIENTED_EDGE('',*,*,#3054,.T.);
#4323=ORIENTED_EDGE('',*,*,#3061,.T.);
#4324=ORIENTED_EDGE('',*,*,#3074,.F.);
#4325=ORIENTED_EDGE('',*,*,#3072,.F.);
#4326=ORIENTED_EDGE('',*,*,#3075,.F.);
#4327=ORIENTED_EDGE('',*,*,#3076,.T.);
#4328=ORIENTED_EDGE('',*,*,#2954,.F.);
#4329=ORIENTED_EDGE('',*,*,#3077,.F.);
#4330=ORIENTED_EDGE('',*,*,#3078,.T.);
#4331=ORIENTED_EDGE('',*,*,#3077,.T.);
#4332=ORIENTED_EDGE('',*,*,#2953,.F.);
#4333=ORIENTED_EDGE('',*,*,#3014,.F.);
#4334=ORIENTED_EDGE('',*,*,#3079,.T.);
#4335=ORIENTED_EDGE('',*,*,#3012,.T.);
#4336=ORIENTED_EDGE('',*,*,#2985,.F.);
#4337=ORIENTED_EDGE('',*,*,#2928,.F.);
#4338=ORIENTED_EDGE('',*,*,#3080,.T.);
#4339=ORIENTED_EDGE('',*,*,#2930,.T.);
#4340=ORIENTED_EDGE('',*,*,#2984,.F.);
#4341=ORIENTED_EDGE('',*,*,#2991,.F.);
#4342=ORIENTED_EDGE('',*,*,#3081,.T.);
#4343=ORIENTED_EDGE('',*,*,#2989,.T.);
#4344=ORIENTED_EDGE('',*,*,#2955,.F.);
#4345=ORIENTED_EDGE('',*,*,#3076,.F.);
#4346=ORIENTED_EDGE('',*,*,#2398,.T.);
#4347=ORIENTED_EDGE('',*,*,#2932,.T.);
#4348=ORIENTED_EDGE('',*,*,#2881,.T.);
#4349=ORIENTED_EDGE('',*,*,#2903,.T.);
#4350=ORIENTED_EDGE('',*,*,#2850,.T.);
#4351=ORIENTED_EDGE('',*,*,#2904,.T.);
#4352=ORIENTED_EDGE('',*,*,#2854,.T.);
#4353=ORIENTED_EDGE('',*,*,#2902,.T.);
#4354=ORIENTED_EDGE('',*,*,#2846,.T.);
#4355=ORIENTED_EDGE('',*,*,#2931,.T.);
#4356=ORIENTED_EDGE('',*,*,#3080,.F.);
#4357=ORIENTED_EDGE('',*,*,#2990,.T.);
#4358=ORIENTED_EDGE('',*,*,#3081,.F.);
#4359=ORIENTED_EDGE('',*,*,#3075,.T.);
#4360=ORIENTED_EDGE('',*,*,#3078,.F.);
#4361=ORIENTED_EDGE('',*,*,#3013,.T.);
#4362=ORIENTED_EDGE('',*,*,#3079,.F.);
#4363=ORIENTED_EDGE('',*,*,#2927,.T.);
#4364=ORIENTED_EDGE('',*,*,#2736,.T.);
#4365=ORIENTED_EDGE('',*,*,#2751,.T.);
#4366=ORIENTED_EDGE('',*,*,#2732,.T.);
#4367=ORIENTED_EDGE('',*,*,#2926,.T.);
#4368=ORIENTED_EDGE('',*,*,#2613,.T.);
#4369=ORIENTED_EDGE('',*,*,#2600,.T.);
#4370=ORIENTED_EDGE('',*,*,#2604,.T.);
#4371=ORIENTED_EDGE('',*,*,#2925,.T.);
#4372=ORIENTED_EDGE('',*,*,#2607,.T.);
#4373=ORIENTED_EDGE('',*,*,#2617,.T.);
#4374=ORIENTED_EDGE('',*,*,#2596,.T.);
#4375=ORIENTED_EDGE('',*,*,#2924,.T.);
#4376=ORIENTED_EDGE('',*,*,#2632,.T.);
#4377=ORIENTED_EDGE('',*,*,#2660,.T.);
#4378=ORIENTED_EDGE('',*,*,#2622,.T.);
#4379=ORIENTED_EDGE('',*,*,#2907,.T.);
#4380=ORIENTED_EDGE('',*,*,#2626,.T.);
#4381=ORIENTED_EDGE('',*,*,#2659,.T.);
#4382=ORIENTED_EDGE('',*,*,#2618,.T.);
#4383=ORIENTED_EDGE('',*,*,#2923,.T.);
#4384=ORIENTED_EDGE('',*,*,#2588,.T.);
#4385=ORIENTED_EDGE('',*,*,#2574,.T.);
#4386=ORIENTED_EDGE('',*,*,#2579,.T.);
#4387=ORIENTED_EDGE('',*,*,#2908,.T.);
#4388=ORIENTED_EDGE('',*,*,#2582,.T.);
#4389=ORIENTED_EDGE('',*,*,#2569,.T.);
#4390=ORIENTED_EDGE('',*,*,#2565,.T.);
#4391=ORIENTED_EDGE('',*,*,#2922,.T.);
#4392=ORIENTED_EDGE('',*,*,#2695,.T.);
#4393=ORIENTED_EDGE('',*,*,#2671,.T.);
#4394=ORIENTED_EDGE('',*,*,#2678,.T.);
#4395=ORIENTED_EDGE('',*,*,#2906,.T.);
#4396=ORIENTED_EDGE('',*,*,#2683,.T.);
#4397=ORIENTED_EDGE('',*,*,#2665,.T.);
#4398=ORIENTED_EDGE('',*,*,#2661,.T.);
#4399=ORIENTED_EDGE('',*,*,#2921,.T.);
#4400=ORIENTED_EDGE('',*,*,#2558,.T.);
#4401=ORIENTED_EDGE('',*,*,#2564,.T.);
#4402=ORIENTED_EDGE('',*,*,#2548,.T.);
#4403=ORIENTED_EDGE('',*,*,#2920,.T.);
#4404=ORIENTED_EDGE('',*,*,#2726,.T.);
#4405=ORIENTED_EDGE('',*,*,#2710,.T.);
#4406=ORIENTED_EDGE('',*,*,#2715,.T.);
#4407=ORIENTED_EDGE('',*,*,#2905,.T.);
#4408=ORIENTED_EDGE('',*,*,#2718,.T.);
#4409=ORIENTED_EDGE('',*,*,#2705,.T.);
#4410=ORIENTED_EDGE('',*,*,#2701,.T.);
#4411=ORIENTED_EDGE('',*,*,#2919,.T.);
#4412=ORIENTED_EDGE('',*,*,#2534,.T.);
#4413=ORIENTED_EDGE('',*,*,#2513,.T.);
#4414=ORIENTED_EDGE('',*,*,#2521,.T.);
#4415=ORIENTED_EDGE('',*,*,#2909,.T.);
#4416=ORIENTED_EDGE('',*,*,#2524,.T.);
#4417=ORIENTED_EDGE('',*,*,#2506,.T.);
#4418=ORIENTED_EDGE('',*,*,#2502,.T.);
#4419=ORIENTED_EDGE('',*,*,#2918,.T.);
#4420=ORIENTED_EDGE('',*,*,#2497,.T.);
#4421=ORIENTED_EDGE('',*,*,#2484,.T.);
#4422=ORIENTED_EDGE('',*,*,#2488,.T.);
#4423=ORIENTED_EDGE('',*,*,#2917,.T.);
#4424=ORIENTED_EDGE('',*,*,#2491,.T.);
#4425=ORIENTED_EDGE('',*,*,#2501,.T.);
#4426=ORIENTED_EDGE('',*,*,#2480,.T.);
#4427=ORIENTED_EDGE('',*,*,#2916,.T.);
#4428=ORIENTED_EDGE('',*,*,#2756,.T.);
#4429=ORIENTED_EDGE('',*,*,#2786,.T.);
#4430=ORIENTED_EDGE('',*,*,#2752,.T.);
#4431=ORIENTED_EDGE('',*,*,#2915,.T.);
#4432=ORIENTED_EDGE('',*,*,#2473,.T.);
#4433=ORIENTED_EDGE('',*,*,#2479,.T.);
#4434=ORIENTED_EDGE('',*,*,#2463,.T.);
#4435=ORIENTED_EDGE('',*,*,#2914,.T.);
#4436=ORIENTED_EDGE('',*,*,#2458,.T.);
#4437=ORIENTED_EDGE('',*,*,#2445,.T.);
#4438=ORIENTED_EDGE('',*,*,#2449,.T.);
#4439=ORIENTED_EDGE('',*,*,#2913,.T.);
#4440=ORIENTED_EDGE('',*,*,#2452,.T.);
#4441=ORIENTED_EDGE('',*,*,#2462,.T.);
#4442=ORIENTED_EDGE('',*,*,#2441,.T.);
#4443=ORIENTED_EDGE('',*,*,#2912,.T.);
#4444=ORIENTED_EDGE('',*,*,#2842,.T.);
#4445=ORIENTED_EDGE('',*,*,#2845,.T.);
#4446=ORIENTED_EDGE('',*,*,#2811,.T.);
#4447=ORIENTED_EDGE('',*,*,#2911,.T.);
#4448=ORIENTED_EDGE('',*,*,#2412,.T.);
#4449=ORIENTED_EDGE('',*,*,#2440,.T.);
#4450=ORIENTED_EDGE('',*,*,#2402,.T.);
#4451=ORIENTED_EDGE('',*,*,#2910,.T.);
#4452=ORIENTED_EDGE('',*,*,#2406,.T.);
#4453=ORIENTED_EDGE('',*,*,#2439,.T.);
#4454=ORIENTED_EDGE('',*,*,#2994,.T.);
#4455=ORIENTED_EDGE('',*,*,#2997,.T.);
#4456=ORIENTED_EDGE('',*,*,#3000,.T.);
#4457=ORIENTED_EDGE('',*,*,#3003,.T.);
#4458=ORIENTED_EDGE('',*,*,#3024,.T.);
#4459=ORIENTED_EDGE('',*,*,#3020,.T.);
#4460=ORIENTED_EDGE('',*,*,#3030,.T.);
#4461=ORIENTED_EDGE('',*,*,#3027,.T.);
#4462=ORIENTED_EDGE('',*,*,#3039,.T.);
#4463=ORIENTED_EDGE('',*,*,#3036,.T.);
#4464=ORIENTED_EDGE('',*,*,#3033,.T.);
#4465=ORIENTED_EDGE('',*,*,#3043,.T.);
#4466=ORIENTED_EDGE('',*,*,#3069,.T.);
#4467=ORIENTED_EDGE('',*,*,#3071,.T.);
#4468=ORIENTED_EDGE('',*,*,#3073,.T.);
#4469=ORIENTED_EDGE('',*,*,#3074,.T.);
#4470=ORIENTED_EDGE('',*,*,#3060,.T.);
#4471=ORIENTED_EDGE('',*,*,#3063,.T.);
#4472=ORIENTED_EDGE('',*,*,#3065,.T.);
#4473=ORIENTED_EDGE('',*,*,#3067,.T.);
#4474=CYLINDRICAL_SURFACE('',#4753,2.);
#4475=CYLINDRICAL_SURFACE('',#4757,2.);
#4476=CYLINDRICAL_SURFACE('',#4761,2.);
#4477=CYLINDRICAL_SURFACE('',#4765,2.);
#4478=CYLINDRICAL_SURFACE('',#4893,1.99999999999999);
#4479=CYLINDRICAL_SURFACE('',#4896,2.);
#4480=CYLINDRICAL_SURFACE('',#4899,2.00000000000001);
#4481=CYLINDRICAL_SURFACE('',#4902,1.99999999999999);
#4482=CYLINDRICAL_SURFACE('',#4905,3.00000000000001);
#4483=CYLINDRICAL_SURFACE('',#4908,3.);
#4484=CYLINDRICAL_SURFACE('',#4911,3.00000000000001);
#4485=CYLINDRICAL_SURFACE('',#4914,3.);
#4486=CYLINDRICAL_SURFACE('',#4919,5.50000000000001);
#4487=CYLINDRICAL_SURFACE('',#4923,5.5);
#4488=CYLINDRICAL_SURFACE('',#4928,5.50000000000001);
#4489=CYLINDRICAL_SURFACE('',#4932,5.5);
#4490=CYLINDRICAL_SURFACE('',#4946,5.);
#4491=CYLINDRICAL_SURFACE('',#4949,5.);
#4492=CYLINDRICAL_SURFACE('',#4952,5.);
#4493=CYLINDRICAL_SURFACE('',#4955,5.);
#4494=CYLINDRICAL_SURFACE('',#4958,5.);
#4495=CYLINDRICAL_SURFACE('',#4960,5.);
#4496=CYLINDRICAL_SURFACE('',#4962,5.);
#4497=CYLINDRICAL_SURFACE('',#4964,5.);
#4498=ADVANCED_FACE('',(#427),#4474,.F.);
#4499=ADVANCED_FACE('',(#428),#289,.T.);
#4500=ADVANCED_FACE('',(#429),#4475,.F.);
#4501=ADVANCED_FACE('',(#430),#290,.T.);
#4502=ADVANCED_FACE('',(#431),#4476,.F.);
#4503=ADVANCED_FACE('',(#432),#291,.T.);
#4504=ADVANCED_FACE('',(#433),#4477,.F.);
#4505=ADVANCED_FACE('',(#434),#292,.T.);
#4506=ADVANCED_FACE('',(#435),#293,.F.);
#4507=ADVANCED_FACE('',(#436),#294,.F.);
#4508=ADVANCED_FACE('',(#437),#210,.F.);
#4509=ADVANCED_FACE('',(#438),#211,.F.);
#4510=ADVANCED_FACE('',(#439),#295,.F.);
#4511=ADVANCED_FACE('',(#440),#212,.F.);
#4512=ADVANCED_FACE('',(#441),#213,.F.);
#4513=ADVANCED_FACE('',(#442),#214,.F.);
#4514=ADVANCED_FACE('',(#443),#215,.F.);
#4515=ADVANCED_FACE('',(#444),#296,.F.);
#4516=ADVANCED_FACE('',(#445),#297,.F.);
#4517=ADVANCED_FACE('',(#446),#298,.F.);
#4518=ADVANCED_FACE('',(#447),#299,.F.);
#4519=ADVANCED_FACE('',(#448),#300,.T.);
#4520=ADVANCED_FACE('',(#449),#301,.F.);
#4521=ADVANCED_FACE('',(#450),#302,.F.);
#4522=ADVANCED_FACE('',(#451),#303,.F.);
#4523=ADVANCED_FACE('',(#452),#304,.F.);
#4524=ADVANCED_FACE('',(#453),#305,.F.);
#4525=ADVANCED_FACE('',(#454),#306,.F.);
#4526=ADVANCED_FACE('',(#455),#307,.F.);
#4527=ADVANCED_FACE('',(#456),#308,.F.);
#4528=ADVANCED_FACE('',(#457),#309,.F.);
#4529=ADVANCED_FACE('',(#458),#310,.F.);
#4530=ADVANCED_FACE('',(#459),#311,.F.);
#4531=ADVANCED_FACE('',(#460),#312,.F.);
#4532=ADVANCED_FACE('',(#461),#313,.F.);
#4533=ADVANCED_FACE('',(#462),#314,.F.);
#4534=ADVANCED_FACE('',(#463),#315,.F.);
#4535=ADVANCED_FACE('',(#464),#316,.T.);
#4536=ADVANCED_FACE('',(#465),#317,.F.);
#4537=ADVANCED_FACE('',(#466),#318,.F.);
#4538=ADVANCED_FACE('',(#467),#319,.F.);
#4539=ADVANCED_FACE('',(#468),#320,.F.);
#4540=ADVANCED_FACE('',(#469),#321,.F.);
#4541=ADVANCED_FACE('',(#470),#322,.T.);
#4542=ADVANCED_FACE('',(#471),#323,.F.);
#4543=ADVANCED_FACE('',(#472),#324,.T.);
#4544=ADVANCED_FACE('',(#473),#325,.F.);
#4545=ADVANCED_FACE('',(#474),#326,.F.);
#4546=ADVANCED_FACE('',(#475),#216,.F.);
#4547=ADVANCED_FACE('',(#476),#217,.F.);
#4548=ADVANCED_FACE('',(#477),#218,.F.);
#4549=ADVANCED_FACE('',(#478),#219,.F.);
#4550=ADVANCED_FACE('',(#479),#327,.F.);
#4551=ADVANCED_FACE('',(#480),#220,.F.);
#4552=ADVANCED_FACE('',(#481),#221,.F.);
#4553=ADVANCED_FACE('',(#482),#222,.F.);
#4554=ADVANCED_FACE('',(#483),#223,.F.);
#4555=ADVANCED_FACE('',(#484),#328,.F.);
#4556=ADVANCED_FACE('',(#485),#329,.F.);
#4557=ADVANCED_FACE('',(#486),#330,.F.);
#4558=ADVANCED_FACE('',(#487),#331,.F.);
#4559=ADVANCED_FACE('',(#488),#332,.F.);
#4560=ADVANCED_FACE('',(#489),#333,.F.);
#4561=ADVANCED_FACE('',(#490),#334,.F.);
#4562=ADVANCED_FACE('',(#491),#335,.T.);
#4563=ADVANCED_FACE('',(#492),#224,.F.);
#4564=ADVANCED_FACE('',(#493),#336,.T.);
#4565=ADVANCED_FACE('',(#494),#225,.F.);
#4566=ADVANCED_FACE('',(#495),#226,.F.);
#4567=ADVANCED_FACE('',(#496),#227,.F.);
#4568=ADVANCED_FACE('',(#497),#228,.F.);
#4569=ADVANCED_FACE('',(#498),#229,.F.);
#4570=ADVANCED_FACE('',(#499),#230,.F.);
#4571=ADVANCED_FACE('',(#500),#231,.F.);
#4572=ADVANCED_FACE('',(#501),#232,.F.);
#4573=ADVANCED_FACE('',(#502),#337,.F.);
#4574=ADVANCED_FACE('',(#503),#338,.F.);
#4575=ADVANCED_FACE('',(#504),#339,.F.);
#4576=ADVANCED_FACE('',(#505),#340,.F.);
#4577=ADVANCED_FACE('',(#506),#341,.F.);
#4578=ADVANCED_FACE('',(#507),#342,.F.);
#4579=ADVANCED_FACE('',(#508),#343,.F.);
#4580=ADVANCED_FACE('',(#509),#344,.F.);
#4581=ADVANCED_FACE('',(#510),#345,.F.);
#4582=ADVANCED_FACE('',(#511),#346,.F.);
#4583=ADVANCED_FACE('',(#512),#233,.F.);
#4584=ADVANCED_FACE('',(#513),#234,.F.);
#4585=ADVANCED_FACE('',(#514),#347,.F.);
#4586=ADVANCED_FACE('',(#515),#235,.F.);
#4587=ADVANCED_FACE('',(#516),#236,.F.);
#4588=ADVANCED_FACE('',(#517),#237,.F.);
#4589=ADVANCED_FACE('',(#518),#238,.F.);
#4590=ADVANCED_FACE('',(#519),#348,.F.);
#4591=ADVANCED_FACE('',(#520),#349,.F.);
#4592=ADVANCED_FACE('',(#521),#350,.F.);
#4593=ADVANCED_FACE('',(#522),#351,.F.);
#4594=ADVANCED_FACE('',(#523),#352,.T.);
#4595=ADVANCED_FACE('',(#524),#239,.F.);
#4596=ADVANCED_FACE('',(#525),#353,.T.);
#4597=ADVANCED_FACE('',(#526),#354,.F.);
#4598=ADVANCED_FACE('',(#527),#240,.F.);
#4599=ADVANCED_FACE('',(#528),#241,.F.);
#4600=ADVANCED_FACE('',(#529),#242,.F.);
#4601=ADVANCED_FACE('',(#530),#243,.F.);
#4602=ADVANCED_FACE('',(#531),#244,.F.);
#4603=ADVANCED_FACE('',(#532),#245,.F.);
#4604=ADVANCED_FACE('',(#533),#246,.F.);
#4605=ADVANCED_FACE('',(#534),#355,.F.);
#4606=ADVANCED_FACE('',(#535),#356,.F.);
#4607=ADVANCED_FACE('',(#536),#357,.F.);
#4608=ADVANCED_FACE('',(#537),#247,.F.);
#4609=ADVANCED_FACE('',(#538),#358,.T.);
#4610=ADVANCED_FACE('',(#539),#248,.F.);
#4611=ADVANCED_FACE('',(#540),#249,.F.);
#4612=ADVANCED_FACE('',(#541),#250,.F.);
#4613=ADVANCED_FACE('',(#542),#251,.F.);
#4614=ADVANCED_FACE('',(#543),#252,.F.);
#4615=ADVANCED_FACE('',(#544),#253,.F.);
#4616=ADVANCED_FACE('',(#545),#254,.F.);
#4617=ADVANCED_FACE('',(#546),#255,.F.);
#4618=ADVANCED_FACE('',(#547),#359,.F.);
#4619=ADVANCED_FACE('',(#548),#360,.F.);
#4620=ADVANCED_FACE('',(#549),#361,.F.);
#4621=ADVANCED_FACE('',(#550),#362,.F.);
#4622=ADVANCED_FACE('',(#551),#363,.F.);
#4623=ADVANCED_FACE('',(#552),#364,.F.);
#4624=ADVANCED_FACE('',(#553),#365,.F.);
#4625=ADVANCED_FACE('',(#554),#366,.F.);
#4626=ADVANCED_FACE('',(#555),#367,.F.);
#4627=ADVANCED_FACE('',(#556),#368,.F.);
#4628=ADVANCED_FACE('',(#557),#369,.F.);
#4629=ADVANCED_FACE('',(#558),#370,.F.);
#4630=ADVANCED_FACE('',(#559),#371,.F.);
#4631=ADVANCED_FACE('',(#560),#372,.F.);
#4632=ADVANCED_FACE('',(#561),#373,.F.);
#4633=ADVANCED_FACE('',(#562),#374,.F.);
#4634=ADVANCED_FACE('',(#563),#375,.F.);
#4635=ADVANCED_FACE('',(#564),#376,.F.);
#4636=ADVANCED_FACE('',(#565),#377,.T.);
#4637=ADVANCED_FACE('',(#566),#256,.F.);
#4638=ADVANCED_FACE('',(#567),#257,.F.);
#4639=ADVANCED_FACE('',(#568),#258,.F.);
#4640=ADVANCED_FACE('',(#569),#259,.F.);
#4641=ADVANCED_FACE('',(#570),#260,.F.);
#4642=ADVANCED_FACE('',(#571),#261,.F.);
#4643=ADVANCED_FACE('',(#572),#262,.F.);
#4644=ADVANCED_FACE('',(#573),#263,.F.);
#4645=ADVANCED_FACE('',(#574),#378,.T.);
#4646=ADVANCED_FACE('',(#575),#379,.F.);
#4647=ADVANCED_FACE('',(#576),#264,.F.);
#4648=ADVANCED_FACE('',(#577),#265,.F.);
#4649=ADVANCED_FACE('',(#578),#266,.F.);
#4650=ADVANCED_FACE('',(#579),#267,.F.);
#4651=ADVANCED_FACE('',(#580),#380,.F.);
#4652=ADVANCED_FACE('',(#581),#268,.F.);
#4653=ADVANCED_FACE('',(#582),#269,.F.);
#4654=ADVANCED_FACE('',(#583),#270,.F.);
#4655=ADVANCED_FACE('',(#584),#271,.F.);
#4656=ADVANCED_FACE('',(#585),#381,.F.);
#4657=ADVANCED_FACE('',(#586),#382,.T.);
#4658=ADVANCED_FACE('',(#587),#272,.F.);
#4659=ADVANCED_FACE('',(#588),#273,.F.);
#4660=ADVANCED_FACE('',(#589),#274,.F.);
#4661=ADVANCED_FACE('',(#590),#275,.F.);
#4662=ADVANCED_FACE('',(#591),#276,.F.);
#4663=ADVANCED_FACE('',(#592),#277,.F.);
#4664=ADVANCED_FACE('',(#593),#278,.F.);
#4665=ADVANCED_FACE('',(#594),#279,.F.);
#4666=ADVANCED_FACE('',(#595),#280,.F.);
#4667=ADVANCED_FACE('',(#596),#281,.F.);
#4668=ADVANCED_FACE('',(#597),#282,.F.);
#4669=ADVANCED_FACE('',(#598),#283,.F.);
#4670=ADVANCED_FACE('',(#599),#284,.F.);
#4671=ADVANCED_FACE('',(#600),#285,.F.);
#4672=ADVANCED_FACE('',(#601),#286,.F.);
#4673=ADVANCED_FACE('',(#602),#287,.F.);
#4674=ADVANCED_FACE('',(#603),#383,.F.);
#4675=ADVANCED_FACE('',(#604),#288,.F.);
#4676=ADVANCED_FACE('',(#605),#384,.T.);
#4677=ADVANCED_FACE('',(#606),#385,.T.);
#4678=ADVANCED_FACE('',(#607),#386,.T.);
#4679=ADVANCED_FACE('',(#608),#387,.T.);
#4680=ADVANCED_FACE('',(#609),#388,.T.);
#4681=ADVANCED_FACE('',(#610),#389,.T.);
#4682=ADVANCED_FACE('',(#611),#390,.T.);
#4683=ADVANCED_FACE('',(#612),#391,.T.);
#4684=ADVANCED_FACE('',(#613,#15),#392,.T.);
#4685=ADVANCED_FACE('',(#614),#393,.F.);
#4686=ADVANCED_FACE('',(#615),#394,.F.);
#4687=ADVANCED_FACE('',(#616),#395,.F.);
#4688=ADVANCED_FACE('',(#617),#396,.F.);
#4689=ADVANCED_FACE('',(#618),#397,.F.);
#4690=ADVANCED_FACE('',(#619),#398,.F.);
#4691=ADVANCED_FACE('',(#620,#16,#17),#399,.T.);
#4692=ADVANCED_FACE('',(#621),#400,.F.);
#4693=ADVANCED_FACE('',(#622),#401,.F.);
#4694=ADVANCED_FACE('',(#623),#402,.F.);
#4695=ADVANCED_FACE('',(#624,#18,#19),#403,.T.);
#4696=ADVANCED_FACE('',(#625,#20,#21),#404,.T.);
#4697=ADVANCED_FACE('',(#626),#4478,.F.);
#4698=ADVANCED_FACE('',(#627),#4479,.F.);
#4699=ADVANCED_FACE('',(#628),#4480,.F.);
#4700=ADVANCED_FACE('',(#629),#4481,.F.);
#4701=ADVANCED_FACE('',(#630),#4482,.F.);
#4702=ADVANCED_FACE('',(#631,#22),#405,.T.);
#4703=ADVANCED_FACE('',(#632),#4483,.F.);
#4704=ADVANCED_FACE('',(#633,#23),#406,.T.);
#4705=ADVANCED_FACE('',(#634),#4484,.F.);
#4706=ADVANCED_FACE('',(#635,#24),#407,.T.);
#4707=ADVANCED_FACE('',(#636),#4485,.F.);
#4708=ADVANCED_FACE('',(#637,#25),#408,.T.);
#4709=ADVANCED_FACE('',(#638,#26,#27),#409,.T.);
#4710=ADVANCED_FACE('',(#639),#410,.F.);
#4711=ADVANCED_FACE('',(#640),#4486,.F.);
#4712=ADVANCED_FACE('',(#641),#411,.F.);
#4713=ADVANCED_FACE('',(#642),#4487,.F.);
#4714=ADVANCED_FACE('',(#643),#412,.F.);
#4715=ADVANCED_FACE('',(#644),#413,.F.);
#4716=ADVANCED_FACE('',(#645),#4488,.F.);
#4717=ADVANCED_FACE('',(#646),#414,.F.);
#4718=ADVANCED_FACE('',(#647),#4489,.F.);
#4719=ADVANCED_FACE('',(#648),#415,.F.);
#4720=ADVANCED_FACE('',(#649,#28),#416,.T.);
#4721=ADVANCED_FACE('',(#650),#417,.F.);
#4722=ADVANCED_FACE('',(#651),#418,.F.);
#4723=ADVANCED_FACE('',(#652),#419,.F.);
#4724=ADVANCED_FACE('',(#653),#420,.F.);
#4725=ADVANCED_FACE('',(#654),#421,.F.);
#4726=ADVANCED_FACE('',(#655),#4490,.F.);
#4727=ADVANCED_FACE('',(#656),#422,.F.);
#4728=ADVANCED_FACE('',(#657),#4491,.F.);
#4729=ADVANCED_FACE('',(#658),#423,.F.);
#4730=ADVANCED_FACE('',(#659),#4492,.F.);
#4731=ADVANCED_FACE('',(#660),#424,.F.);
#4732=ADVANCED_FACE('',(#661),#4493,.F.);
#4733=ADVANCED_FACE('',(#662),#425,.T.);
#4734=ADVANCED_FACE('',(#663),#4494,.T.);
#4735=ADVANCED_FACE('',(#664),#4495,.T.);
#4736=ADVANCED_FACE('',(#665),#4496,.T.);
#4737=ADVANCED_FACE('',(#666),#4497,.T.);
#4738=ADVANCED_FACE('',(#667,#29,#30,#31,#32,#33,#34,#35),#426,.F.);
#4739=CLOSED_SHELL('',(#4498,#4499,#4500,#4501,#4502,#4503,#4504,#4505,
#4506,#4507,#4508,#4509,#4510,#4511,#4512,#4513,#4514,#4515,#4516,#4517,
#4518,#4519,#4520,#4521,#4522,#4523,#4524,#4525,#4526,#4527,#4528,#4529,
#4530,#4531,#4532,#4533,#4534,#4535,#4536,#4537,#4538,#4539,#4540,#4541,
#4542,#4543,#4544,#4545,#4546,#4547,#4548,#4549,#4550,#4551,#4552,#4553,
#4554,#4555,#4556,#4557,#4558,#4559,#4560,#4561,#4562,#4563,#4564,#4565,
#4566,#4567,#4568,#4569,#4570,#4571,#4572,#4573,#4574,#4575,#4576,#4577,
#4578,#4579,#4580,#4581,#4582,#4583,#4584,#4585,#4586,#4587,#4588,#4589,
#4590,#4591,#4592,#4593,#4594,#4595,#4596,#4597,#4598,#4599,#4600,#4601,
#4602,#4603,#4604,#4605,#4606,#4607,#4608,#4609,#4610,#4611,#4612,#4613,
#4614,#4615,#4616,#4617,#4618,#4619,#4620,#4621,#4622,#4623,#4624,#4625,
#4626,#4627,#4628,#4629,#4630,#4631,#4632,#4633,#4634,#4635,#4636,#4637,
#4638,#4639,#4640,#4641,#4642,#4643,#4644,#4645,#4646,#4647,#4648,#4649,
#4650,#4651,#4652,#4653,#4654,#4655,#4656,#4657,#4658,#4659,#4660,#4661,
#4662,#4663,#4664,#4665,#4666,#4667,#4668,#4669,#4670,#4671,#4672,#4673,
#4674,#4675,#4676,#4677,#4678,#4679,#4680,#4681,#4682,#4683,#4684,#4685,
#4686,#4687,#4688,#4689,#4690,#4691,#4692,#4693,#4694,#4695,#4696,#4697,
#4698,#4699,#4700,#4701,#4702,#4703,#4704,#4705,#4706,#4707,#4708,#4709,
#4710,#4711,#4712,#4713,#4714,#4715,#4716,#4717,#4718,#4719,#4720,#4721,
#4722,#4723,#4724,#4725,#4726,#4727,#4728,#4729,#4730,#4731,#4732,#4733,
#4734,#4735,#4736,#4737,#4738));
#4740=DERIVED_UNIT_ELEMENT(#4742,1.);
#4741=DERIVED_UNIT_ELEMENT(#8679,-3.);
#4742=(
MASS_UNIT()
NAMED_UNIT(*)
SI_UNIT(.KILO.,.GRAM.)
);
#4743=DERIVED_UNIT((#4740,#4741));
#4744=MEASURE_REPRESENTATION_ITEM('density measure',
POSITIVE_RATIO_MEASURE(7850.),#4743);
#4745=PROPERTY_DEFINITION_REPRESENTATION(#4750,#4747);
#4746=PROPERTY_DEFINITION_REPRESENTATION(#4751,#4748);
#4747=REPRESENTATION('material name',(#4749),#8676);
#4748=REPRESENTATION('density',(#4744),#8676);
#4749=DESCRIPTIVE_REPRESENTATION_ITEM('Steel','Steel');
#4750=PROPERTY_DEFINITION('material property','material name',#8686);
#4751=PROPERTY_DEFINITION('material property','density of part',#8686);
#4752=AXIS2_PLACEMENT_3D('',#5867,#4967,#4968);
#4753=AXIS2_PLACEMENT_3D('',#5868,#4969,#4970);
#4754=AXIS2_PLACEMENT_3D('',#5870,#4971,#4972);
#4755=AXIS2_PLACEMENT_3D('',#5873,#4974,#4975);
#4756=AXIS2_PLACEMENT_3D('',#5874,#4976,#4977);
#4757=AXIS2_PLACEMENT_3D('',#5875,#4978,#4979);
#4758=AXIS2_PLACEMENT_3D('',#5877,#4980,#4981);
#4759=AXIS2_PLACEMENT_3D('',#5880,#4983,#4984);
#4760=AXIS2_PLACEMENT_3D('',#5881,#4985,#4986);
#4761=AXIS2_PLACEMENT_3D('',#5882,#4987,#4988);
#4762=AXIS2_PLACEMENT_3D('',#5884,#4989,#4990);
#4763=AXIS2_PLACEMENT_3D('',#5887,#4992,#4993);
#4764=AXIS2_PLACEMENT_3D('',#5888,#4994,#4995);
#4765=AXIS2_PLACEMENT_3D('',#5889,#4996,#4997);
#4766=AXIS2_PLACEMENT_3D('',#5891,#4998,#4999);
#4767=AXIS2_PLACEMENT_3D('',#5894,#5001,#5002);
#4768=AXIS2_PLACEMENT_3D('',#5895,#5003,#5004);
#4769=AXIS2_PLACEMENT_3D('',#5896,#5005,#5006);
#4770=AXIS2_PLACEMENT_3D('',#5905,#5011,#5012);
#4771=AXIS2_PLACEMENT_3D('',#5963,#5018,#5019);
#4772=AXIS2_PLACEMENT_3D('',#6064,#5028,#5029);
#4773=AXIS2_PLACEMENT_3D('',#6070,#5033,#5034);
#4774=AXIS2_PLACEMENT_3D('',#6076,#5038,#5039);
#4775=AXIS2_PLACEMENT_3D('',#6082,#5043,#5044);
#4776=AXIS2_PLACEMENT_3D('',#6085,#5047,#5048);
#4777=AXIS2_PLACEMENT_3D('',#6088,#5051,#5052);
#4778=AXIS2_PLACEMENT_3D('',#6097,#5057,#5058);
#4779=AXIS2_PLACEMENT_3D('',#6106,#5063,#5064);
#4780=AXIS2_PLACEMENT_3D('',#6112,#5068,#5069);
#4781=AXIS2_PLACEMENT_3D('',#6121,#5074,#5075);
#4782=AXIS2_PLACEMENT_3D('',#6124,#5078,#5079);
#4783=AXIS2_PLACEMENT_3D('',#6130,#5083,#5084);
#4784=AXIS2_PLACEMENT_3D('',#6132,#5086,#5087);
#4785=AXIS2_PLACEMENT_3D('',#6134,#5089,#5090);
#4786=AXIS2_PLACEMENT_3D('',#6143,#5095,#5096);
#4787=AXIS2_PLACEMENT_3D('',#6152,#5101,#5102);
#4788=AXIS2_PLACEMENT_3D('',#6155,#5105,#5106);
#4789=AXIS2_PLACEMENT_3D('',#6164,#5111,#5112);
#4790=AXIS2_PLACEMENT_3D('',#6167,#5115,#5116);
#4791=AXIS2_PLACEMENT_3D('',#6169,#5118,#5119);
#4792=AXIS2_PLACEMENT_3D('',#6178,#5124,#5125);
#4793=AXIS2_PLACEMENT_3D('',#6187,#5130,#5131);
#4794=AXIS2_PLACEMENT_3D('',#6193,#5135,#5136);
#4795=AXIS2_PLACEMENT_3D('',#6202,#5141,#5142);
#4796=AXIS2_PLACEMENT_3D('',#6205,#5145,#5146);
#4797=AXIS2_PLACEMENT_3D('',#6211,#5150,#5151);
#4798=AXIS2_PLACEMENT_3D('',#6213,#5153,#5154);
#4799=AXIS2_PLACEMENT_3D('',#6215,#5156,#5157);
#4800=AXIS2_PLACEMENT_3D('',#6224,#5162,#5163);
#4801=AXIS2_PLACEMENT_3D('',#6286,#5171,#5172);
#4802=AXIS2_PLACEMENT_3D('',#6292,#5176,#5177);
#4803=AXIS2_PLACEMENT_3D('',#6364,#5184,#5185);
#4804=AXIS2_PLACEMENT_3D('',#6438,#5193,#5194);
#4805=AXIS2_PLACEMENT_3D('',#6442,#5197,#5198);
#4806=AXIS2_PLACEMENT_3D('',#6444,#5200,#5201);
#4807=AXIS2_PLACEMENT_3D('',#6453,#5206,#5207);
#4808=AXIS2_PLACEMENT_3D('',#6462,#5212,#5213);
#4809=AXIS2_PLACEMENT_3D('',#6465,#5216,#5217);
#4810=AXIS2_PLACEMENT_3D('',#6474,#5222,#5223);
#4811=AXIS2_PLACEMENT_3D('',#6477,#5226,#5227);
#4812=AXIS2_PLACEMENT_3D('',#6508,#5230,#5231);
#4813=AXIS2_PLACEMENT_3D('',#6713,#5240,#5241);
#4814=AXIS2_PLACEMENT_3D('',#6722,#5246,#5247);
#4815=AXIS2_PLACEMENT_3D('',#6731,#5252,#5253);
#4816=AXIS2_PLACEMENT_3D('',#6737,#5257,#5258);
#4817=AXIS2_PLACEMENT_3D('',#6746,#5263,#5264);
#4818=AXIS2_PLACEMENT_3D('',#6749,#5267,#5268);
#4819=AXIS2_PLACEMENT_3D('',#6755,#5272,#5273);
#4820=AXIS2_PLACEMENT_3D('',#6757,#5275,#5276);
#4821=AXIS2_PLACEMENT_3D('',#6759,#5278,#5279);
#4822=AXIS2_PLACEMENT_3D('',#6768,#5284,#5285);
#4823=AXIS2_PLACEMENT_3D('',#6826,#5291,#5292);
#4824=AXIS2_PLACEMENT_3D('',#6927,#5301,#5302);
#4825=AXIS2_PLACEMENT_3D('',#6933,#5306,#5307);
#4826=AXIS2_PLACEMENT_3D('',#6939,#5311,#5312);
#4827=AXIS2_PLACEMENT_3D('',#6945,#5316,#5317);
#4828=AXIS2_PLACEMENT_3D('',#6948,#5320,#5321);
#4829=AXIS2_PLACEMENT_3D('',#6980,#5325,#5326);
#4830=AXIS2_PLACEMENT_3D('',#7034,#5333,#5334);
#4831=AXIS2_PLACEMENT_3D('',#7164,#5344,#5345);
#4832=AXIS2_PLACEMENT_3D('',#7170,#5349,#5350);
#4833=AXIS2_PLACEMENT_3D('',#7174,#5353,#5354);
#4834=AXIS2_PLACEMENT_3D('',#7205,#5357,#5358);
#4835=AXIS2_PLACEMENT_3D('',#7410,#5367,#5368);
#4836=AXIS2_PLACEMENT_3D('',#7419,#5373,#5374);
#4837=AXIS2_PLACEMENT_3D('',#7428,#5379,#5380);
#4838=AXIS2_PLACEMENT_3D('',#7434,#5384,#5385);
#4839=AXIS2_PLACEMENT_3D('',#7440,#5389,#5390);
#4840=AXIS2_PLACEMENT_3D('',#7446,#5394,#5395);
#4841=AXIS2_PLACEMENT_3D('',#7449,#5398,#5399);
#4842=AXIS2_PLACEMENT_3D('',#7451,#5401,#5402);
#4843=AXIS2_PLACEMENT_3D('',#7460,#5407,#5408);
#4844=AXIS2_PLACEMENT_3D('',#7469,#5413,#5414);
#4845=AXIS2_PLACEMENT_3D('',#7475,#5418,#5419);
#4846=AXIS2_PLACEMENT_3D('',#7481,#5423,#5424);
#4847=AXIS2_PLACEMENT_3D('',#7487,#5428,#5429);
#4848=AXIS2_PLACEMENT_3D('',#7493,#5433,#5434);
#4849=AXIS2_PLACEMENT_3D('',#7499,#5438,#5439);
#4850=AXIS2_PLACEMENT_3D('',#7505,#5443,#5444);
#4851=AXIS2_PLACEMENT_3D('',#7511,#5448,#5449);
#4852=AXIS2_PLACEMENT_3D('',#7517,#5453,#5454);
#4853=AXIS2_PLACEMENT_3D('',#7520,#5457,#5458);
#4854=AXIS2_PLACEMENT_3D('',#7706,#5468,#5469);
#4855=AXIS2_PLACEMENT_3D('',#7707,#5470,#5471);
#4856=AXIS2_PLACEMENT_3D('',#7811,#5481,#5482);
#4857=AXIS2_PLACEMENT_3D('',#7906,#5489,#5490);
#4858=AXIS2_PLACEMENT_3D('',#7912,#5494,#5495);
#4859=AXIS2_PLACEMENT_3D('',#8303,#5512,#5513);
#4860=AXIS2_PLACEMENT_3D('',#8329,#5517,#5518);
#4861=AXIS2_PLACEMENT_3D('',#8332,#5521,#5522);
#4862=AXIS2_PLACEMENT_3D('',#8334,#5524,#5525);
#4863=AXIS2_PLACEMENT_3D('',#8336,#5527,#5528);
#4864=AXIS2_PLACEMENT_3D('',#8338,#5530,#5531);
#4865=AXIS2_PLACEMENT_3D('',#8340,#5533,#5534);
#4866=AXIS2_PLACEMENT_3D('',#8342,#5536,#5537);
#4867=AXIS2_PLACEMENT_3D('',#8344,#5539,#5540);
#4868=AXIS2_PLACEMENT_3D('',#8346,#5542,#5543);
#4869=AXIS2_PLACEMENT_3D('',#8373,#5566,#5567);
#4870=AXIS2_PLACEMENT_3D('',#8390,#5576,#5577);
#4871=AXIS2_PLACEMENT_3D('',#8396,#5581,#5582);
#4872=AXIS2_PLACEMENT_3D('',#8402,#5586,#5587);
#4873=AXIS2_PLACEMENT_3D('',#8406,#5590,#5591);
#4874=AXIS2_PLACEMENT_3D('',#8410,#5594,#5595);
#4875=AXIS2_PLACEMENT_3D('',#8412,#5597,#5598);
#4876=AXIS2_PLACEMENT_3D('',#8416,#5600,#5601);
#4877=AXIS2_PLACEMENT_3D('',#8420,#5603,#5604);
#4878=AXIS2_PLACEMENT_3D('',#8430,#5609,#5610);
#4879=AXIS2_PLACEMENT_3D('',#8434,#5612,#5613);
#4880=AXIS2_PLACEMENT_3D('',#8439,#5616,#5617);
#4881=AXIS2_PLACEMENT_3D('',#8441,#5618,#5619);
#4882=AXIS2_PLACEMENT_3D('',#8442,#5620,#5621);
#4883=AXIS2_PLACEMENT_3D('',#8451,#5626,#5627);
#4884=AXIS2_PLACEMENT_3D('',#8457,#5631,#5632);
#4885=AXIS2_PLACEMENT_3D('',#8460,#5635,#5636);
#4886=AXIS2_PLACEMENT_3D('',#8466,#5639,#5640);
#4887=AXIS2_PLACEMENT_3D('',#8470,#5642,#5643);
#4888=AXIS2_PLACEMENT_3D('',#8476,#5647,#5648);
#4889=AXIS2_PLACEMENT_3D('',#8478,#5649,#5650);
#4890=AXIS2_PLACEMENT_3D('',#8481,#5652,#5653);
#4891=AXIS2_PLACEMENT_3D('',#8483,#5654,#5655);
#4892=AXIS2_PLACEMENT_3D('',#8484,#5656,#5657);
#4893=AXIS2_PLACEMENT_3D('',#8490,#5661,#5662);
#4894=AXIS2_PLACEMENT_3D('',#8492,#5663,#5664);
#4895=AXIS2_PLACEMENT_3D('',#8495,#5666,#5667);
#4896=AXIS2_PLACEMENT_3D('',#8496,#5668,#5669);
#4897=AXIS2_PLACEMENT_3D('',#8498,#5670,#5671);
#4898=AXIS2_PLACEMENT_3D('',#8501,#5673,#5674);
#4899=AXIS2_PLACEMENT_3D('',#8502,#5675,#5676);
#4900=AXIS2_PLACEMENT_3D('',#8504,#5677,#5678);
#4901=AXIS2_PLACEMENT_3D('',#8507,#5680,#5681);
#4902=AXIS2_PLACEMENT_3D('',#8508,#5682,#5683);
#4903=AXIS2_PLACEMENT_3D('',#8510,#5684,#5685);
#4904=AXIS2_PLACEMENT_3D('',#8513,#5687,#5688);
#4905=AXIS2_PLACEMENT_3D('',#8514,#5689,#5690);
#4906=AXIS2_PLACEMENT_3D('',#8517,#5692,#5693);
#4907=AXIS2_PLACEMENT_3D('',#8518,#5694,#5695);
#4908=AXIS2_PLACEMENT_3D('',#8519,#5696,#5697);
#4909=AXIS2_PLACEMENT_3D('',#8522,#5699,#5700);
#4910=AXIS2_PLACEMENT_3D('',#8523,#5701,#5702);
#4911=AXIS2_PLACEMENT_3D('',#8524,#5703,#5704);
#4912=AXIS2_PLACEMENT_3D('',#8527,#5706,#5707);
#4913=AXIS2_PLACEMENT_3D('',#8528,#5708,#5709);
#4914=AXIS2_PLACEMENT_3D('',#8529,#5710,#5711);
#4915=AXIS2_PLACEMENT_3D('',#8532,#5713,#5714);
#4916=AXIS2_PLACEMENT_3D('',#8533,#5715,#5716);
#4917=AXIS2_PLACEMENT_3D('',#8534,#5717,#5718);
#4918=AXIS2_PLACEMENT_3D('',#8540,#5722,#5723);
#4919=AXIS2_PLACEMENT_3D('',#8546,#5727,#5728);
#4920=AXIS2_PLACEMENT_3D('',#8552,#5731,#5732);
#4921=AXIS2_PLACEMENT_3D('',#8555,#5734,#5735);
#4922=AXIS2_PLACEMENT_3D('',#8556,#5736,#5737);
#4923=AXIS2_PLACEMENT_3D('',#8562,#5741,#5742);
#4924=AXIS2_PLACEMENT_3D('',#8564,#5743,#5744);
#4925=AXIS2_PLACEMENT_3D('',#8566,#5745,#5746);
#4926=AXIS2_PLACEMENT_3D('',#8569,#5749,#5750);
#4927=AXIS2_PLACEMENT_3D('',#8571,#5752,#5753);
#4928=AXIS2_PLACEMENT_3D('',#8580,#5758,#5759);
#4929=AXIS2_PLACEMENT_3D('',#8582,#5760,#5761);
#4930=AXIS2_PLACEMENT_3D('',#8584,#5762,#5763);
#4931=AXIS2_PLACEMENT_3D('',#8587,#5766,#5767);
#4932=AXIS2_PLACEMENT_3D('',#8591,#5770,#5771);
#4933=AXIS2_PLACEMENT_3D('',#8593,#5772,#5773);
#4934=AXIS2_PLACEMENT_3D('',#8595,#5775,#5776);
#4935=AXIS2_PLACEMENT_3D('',#8596,#5777,#5778);
#4936=AXIS2_PLACEMENT_3D('',#8600,#5781,#5782);
#4937=AXIS2_PLACEMENT_3D('',#8608,#5787,#5788);
#4938=AXIS2_PLACEMENT_3D('',#8612,#5790,#5791);
#4939=AXIS2_PLACEMENT_3D('',#8616,#5793,#5794);
#4940=AXIS2_PLACEMENT_3D('',#8620,#5796,#5797);
#4941=AXIS2_PLACEMENT_3D('',#8622,#5799,#5800);
#4942=AXIS2_PLACEMENT_3D('',#8624,#5802,#5803);
#4943=AXIS2_PLACEMENT_3D('',#8625,#5804,#5805);
#4944=AXIS2_PLACEMENT_3D('',#8626,#5806,#5807);
#4945=AXIS2_PLACEMENT_3D('',#8627,#5808,#5809);
#4946=AXIS2_PLACEMENT_3D('',#8633,#5813,#5814);
#4947=AXIS2_PLACEMENT_3D('',#8636,#5816,#5817);
#4948=AXIS2_PLACEMENT_3D('',#8637,#5818,#5819);
#4949=AXIS2_PLACEMENT_3D('',#8641,#5822,#5823);
#4950=AXIS2_PLACEMENT_3D('',#8644,#5825,#5826);
#4951=AXIS2_PLACEMENT_3D('',#8645,#5827,#5828);
#4952=AXIS2_PLACEMENT_3D('',#8649,#5831,#5832);
#4953=AXIS2_PLACEMENT_3D('',#8652,#5834,#5835);
#4954=AXIS2_PLACEMENT_3D('',#8653,#5836,#5837);
#4955=AXIS2_PLACEMENT_3D('',#8657,#5840,#5841);
#4956=AXIS2_PLACEMENT_3D('',#8658,#5842,#5843);
#4957=AXIS2_PLACEMENT_3D('',#8659,#5844,#5845);
#4958=AXIS2_PLACEMENT_3D('',#8665,#5849,#5850);
#4959=AXIS2_PLACEMENT_3D('',#8666,#5851,#5852);
#4960=AXIS2_PLACEMENT_3D('',#8667,#5853,#5854);
#4961=AXIS2_PLACEMENT_3D('',#8668,#5855,#5856);
#4962=AXIS2_PLACEMENT_3D('',#8669,#5857,#5858);
#4963=AXIS2_PLACEMENT_3D('',#8670,#5859,#5860);
#4964=AXIS2_PLACEMENT_3D('',#8671,#5861,#5862);
#4965=AXIS2_PLACEMENT_3D('',#8672,#5863,#5864);
#4966=AXIS2_PLACEMENT_3D('',#8673,#5865,#5866);
#4967=DIRECTION('axis',(0.,0.,1.));
#4968=DIRECTION('refdir',(1.,0.,0.));
#4969=DIRECTION('center_axis',(-1.,0.,0.));
#4970=DIRECTION('ref_axis',(0.,0.,-1.));
#4971=DIRECTION('center_axis',(-1.,0.,0.));
#4972=DIRECTION('ref_axis',(0.,0.,-1.));
#4973=DIRECTION('',(-1.,0.,0.));
#4974=DIRECTION('center_axis',(-1.,0.,0.));
#4975=DIRECTION('ref_axis',(0.,0.,-1.));
#4976=DIRECTION('center_axis',(1.,0.,0.));
#4977=DIRECTION('ref_axis',(0.,0.,-1.));
#4978=DIRECTION('center_axis',(-1.,0.,0.));
#4979=DIRECTION('ref_axis',(0.,0.,-1.));
#4980=DIRECTION('center_axis',(-1.,0.,0.));
#4981=DIRECTION('ref_axis',(0.,0.,-1.));
#4982=DIRECTION('',(-1.,0.,0.));
#4983=DIRECTION('center_axis',(-1.,0.,0.));
#4984=DIRECTION('ref_axis',(0.,0.,-1.));
#4985=DIRECTION('center_axis',(1.,0.,0.));
#4986=DIRECTION('ref_axis',(0.,0.,-1.));
#4987=DIRECTION('center_axis',(1.,0.,0.));
#4988=DIRECTION('ref_axis',(0.,0.,1.));
#4989=DIRECTION('center_axis',(1.,0.,0.));
#4990=DIRECTION('ref_axis',(0.,0.,1.));
#4991=DIRECTION('',(1.,0.,0.));
#4992=DIRECTION('center_axis',(1.,0.,0.));
#4993=DIRECTION('ref_axis',(0.,0.,1.));
#4994=DIRECTION('center_axis',(-1.,0.,0.));
#4995=DIRECTION('ref_axis',(0.,0.,1.));
#4996=DIRECTION('center_axis',(1.,0.,0.));
#4997=DIRECTION('ref_axis',(0.,0.,1.));
#4998=DIRECTION('center_axis',(1.,0.,0.));
#4999=DIRECTION('ref_axis',(0.,0.,1.));
#5000=DIRECTION('',(1.,0.,0.));
#5001=DIRECTION('center_axis',(1.,0.,0.));
#5002=DIRECTION('ref_axis',(0.,0.,1.));
#5003=DIRECTION('center_axis',(-1.,0.,0.));
#5004=DIRECTION('ref_axis',(0.,0.,1.));
#5005=DIRECTION('center_axis',(-1.,0.,0.));
#5006=DIRECTION('ref_axis',(0.,1.,0.));
#5007=DIRECTION('',(0.,0.,1.));
#5008=DIRECTION('',(0.,1.,0.));
#5009=DIRECTION('',(0.,0.,-1.));
#5010=DIRECTION('',(0.,1.,0.));
#5011=DIRECTION('center_axis',(-1.,0.,0.));
#5012=DIRECTION('ref_axis',(0.,1.,0.));
#5013=DIRECTION('',(0.,0.,1.));
#5014=DIRECTION('',(0.,1.,0.));
#5015=DIRECTION('',(0.,0.,-1.));
#5016=DIRECTION('',(0.,1.,0.));
#5017=DIRECTION('',(0.,0.,-1.));
#5018=DIRECTION('center_axis',(0.995262495265004,-0.0972243051858844,0.));
#5019=DIRECTION('ref_axis',(-0.0972243051858844,-0.995262495265004,0.));
#5020=DIRECTION('',(0.,0.,-1.));
#5021=DIRECTION('',(-0.0972243051858844,-0.995262495265004,0.));
#5022=DIRECTION('',(0.,0.,-1.));
#5023=DIRECTION('',(-0.0972243051858844,-0.995262495265004,0.));
#5024=DIRECTION('',(0.,0.,-1.));
#5025=DIRECTION('',(0.,0.,-1.));
#5026=DIRECTION('',(0.,0.,-1.));
#5027=DIRECTION('',(0.,0.,-1.));
#5028=DIRECTION('center_axis',(0.986285107702486,0.16505055687363,0.));
#5029=DIRECTION('ref_axis',(0.16505055687363,-0.986285107702486,0.));
#5030=DIRECTION('',(0.16505055687363,-0.986285107702486,0.));
#5031=DIRECTION('',(0.,0.,-1.));
#5032=DIRECTION('',(0.16505055687363,-0.986285107702486,0.));
#5033=DIRECTION('center_axis',(0.,1.,0.));
#5034=DIRECTION('ref_axis',(1.,0.,0.));
#5035=DIRECTION('',(1.,0.,0.));
#5036=DIRECTION('',(0.,0.,-1.));
#5037=DIRECTION('',(1.,0.,0.));
#5038=DIRECTION('center_axis',(-1.,0.,0.));
#5039=DIRECTION('ref_axis',(0.,1.,0.));
#5040=DIRECTION('',(0.,1.,0.));
#5041=DIRECTION('',(0.,0.,-1.));
#5042=DIRECTION('',(0.,1.,0.));
#5043=DIRECTION('center_axis',(0.,-1.,0.));
#5044=DIRECTION('ref_axis',(-1.,0.,0.));
#5045=DIRECTION('',(-1.,0.,0.));
#5046=DIRECTION('',(-1.,0.,0.));
#5047=DIRECTION('center_axis',(0.,0.,1.));
#5048=DIRECTION('ref_axis',(1.,0.,0.));
#5049=DIRECTION('',(-1.,0.,0.));
#5050=DIRECTION('',(-1.,0.,0.));
#5051=DIRECTION('center_axis',(-0.94318791819223,-0.33225976430529,0.));
#5052=DIRECTION('ref_axis',(-0.332259764305289,0.94318791819223,0.));
#5053=DIRECTION('',(0.,0.,1.));
#5054=DIRECTION('',(-0.332259764305289,0.94318791819223,0.));
#5055=DIRECTION('',(0.,0.,-1.));
#5056=DIRECTION('',(-0.332259764305289,0.94318791819223,0.));
#5057=DIRECTION('center_axis',(0.,0.,-1.));
#5058=DIRECTION('ref_axis',(-1.,0.,0.));
#5059=DIRECTION('',(-1.,0.,0.));
#5060=DIRECTION('',(-0.332259110738415,-0.943188148426027,0.));
#5061=DIRECTION('',(1.,0.,0.));
#5062=DIRECTION('',(0.295397165976047,0.955374541388517,0.));
#5063=DIRECTION('center_axis',(-0.955374541388517,0.295397165976047,0.));
#5064=DIRECTION('ref_axis',(0.295397165976047,0.955374541388517,0.));
#5065=DIRECTION('',(0.,0.,1.));
#5066=DIRECTION('',(0.,0.,-1.));
#5067=DIRECTION('',(0.295397165976047,0.955374541388517,0.));
#5068=DIRECTION('center_axis',(0.955684090706245,0.294394155463347,0.));
#5069=DIRECTION('ref_axis',(0.294394155463347,-0.955684090706245,0.));
#5070=DIRECTION('',(0.,0.,-1.));
#5071=DIRECTION('',(0.294394155463347,-0.955684090706245,0.));
#5072=DIRECTION('',(0.,0.,-1.));
#5073=DIRECTION('',(0.294394155463347,-0.955684090706245,0.));
#5074=DIRECTION('center_axis',(0.,1.,0.));
#5075=DIRECTION('ref_axis',(1.,0.,0.));
#5076=DIRECTION('',(1.,0.,0.));
#5077=DIRECTION('',(1.,0.,0.));
#5078=DIRECTION('center_axis',(0.943188148426027,-0.332259110738415,0.));
#5079=DIRECTION('ref_axis',(-0.332259110738415,-0.943188148426027,0.));
#5080=DIRECTION('',(0.,0.,-1.));
#5081=DIRECTION('',(-0.332259110738415,-0.943188148426027,0.));
#5082=DIRECTION('',(0.,0.,-1.));
#5083=DIRECTION('center_axis',(0.,1.,0.));
#5084=DIRECTION('ref_axis',(1.,0.,0.));
#5085=DIRECTION('',(1.,0.,0.));
#5086=DIRECTION('center_axis',(0.,0.,-1.));
#5087=DIRECTION('ref_axis',(-1.,0.,0.));
#5088=DIRECTION('',(-1.,0.,0.));
#5089=DIRECTION('center_axis',(-1.,0.,0.));
#5090=DIRECTION('ref_axis',(0.,1.,0.));
#5091=DIRECTION('',(0.,0.,1.));
#5092=DIRECTION('',(0.,1.,0.));
#5093=DIRECTION('',(0.,0.,-1.));
#5094=DIRECTION('',(0.,1.,0.));
#5095=DIRECTION('center_axis',(-1.,0.,0.));
#5096=DIRECTION('ref_axis',(0.,1.,0.));
#5097=DIRECTION('',(0.,1.,0.));
#5098=DIRECTION('',(0.,0.,-1.));
#5099=DIRECTION('',(0.,1.,0.));
#5100=DIRECTION('',(0.,0.,-1.));
#5101=DIRECTION('center_axis',(0.,-1.,0.));
#5102=DIRECTION('ref_axis',(-1.,0.,0.));
#5103=DIRECTION('',(-1.,0.,0.));
#5104=DIRECTION('',(-1.,0.,0.));
#5105=DIRECTION('center_axis',(1.,0.,0.));
#5106=DIRECTION('ref_axis',(0.,-1.,0.));
#5107=DIRECTION('',(0.,0.,-1.));
#5108=DIRECTION('',(0.,-1.,0.));
#5109=DIRECTION('',(0.,0.,-1.));
#5110=DIRECTION('',(0.,-1.,0.));
#5111=DIRECTION('center_axis',(0.,1.,0.));
#5112=DIRECTION('ref_axis',(1.,0.,0.));
#5113=DIRECTION('',(1.,0.,0.));
#5114=DIRECTION('',(1.,0.,0.));
#5115=DIRECTION('center_axis',(0.,0.,-1.));
#5116=DIRECTION('ref_axis',(-1.,0.,0.));
#5117=DIRECTION('',(-1.,0.,0.));
#5118=DIRECTION('center_axis',(-0.947600895617524,-0.319456636532827,0.));
#5119=DIRECTION('ref_axis',(-0.319456636532827,0.947600895617524,0.));
#5120=DIRECTION('',(0.,0.,1.));
#5121=DIRECTION('',(-0.319456636532827,0.947600895617524,0.));
#5122=DIRECTION('',(0.,0.,-1.));
#5123=DIRECTION('',(-0.319456636532827,0.947600895617524,0.));
#5124=DIRECTION('center_axis',(0.,0.,1.));
#5125=DIRECTION('ref_axis',(1.,0.,0.));
#5126=DIRECTION('',(-1.,0.,0.));
#5127=DIRECTION('',(-0.324780144300452,-0.945789542059002,0.));
#5128=DIRECTION('',(1.,0.,0.));
#5129=DIRECTION('',(0.287347925722012,0.957826273174451,0.));
#5130=DIRECTION('center_axis',(-0.957826273174451,0.287347925722012,0.));
#5131=DIRECTION('ref_axis',(0.287347925722012,0.957826273174451,0.));
#5132=DIRECTION('',(0.,0.,1.));
#5133=DIRECTION('',(0.,0.,-1.));
#5134=DIRECTION('',(0.287347925722012,0.957826273174451,0.));
#5135=DIRECTION('center_axis',(0.958991378733022,0.283435240426695,0.));
#5136=DIRECTION('ref_axis',(0.283435240426695,-0.958991378733021,0.));
#5137=DIRECTION('',(0.,0.,-1.));
#5138=DIRECTION('',(0.283435240426695,-0.958991378733021,0.));
#5139=DIRECTION('',(0.,0.,-1.));
#5140=DIRECTION('',(0.283435240426695,-0.958991378733021,0.));
#5141=DIRECTION('center_axis',(0.,1.,0.));
#5142=DIRECTION('ref_axis',(1.,0.,0.));
#5143=DIRECTION('',(1.,0.,0.));
#5144=DIRECTION('',(1.,0.,0.));
#5145=DIRECTION('center_axis',(0.945789542059002,-0.324780144300452,0.));
#5146=DIRECTION('ref_axis',(-0.324780144300452,-0.945789542059002,0.));
#5147=DIRECTION('',(0.,0.,-1.));
#5148=DIRECTION('',(-0.324780144300452,-0.945789542059002,0.));
#5149=DIRECTION('',(0.,0.,-1.));
#5150=DIRECTION('center_axis',(0.,1.,0.));
#5151=DIRECTION('ref_axis',(1.,0.,0.));
#5152=DIRECTION('',(1.,0.,0.));
#5153=DIRECTION('center_axis',(0.,0.,1.));
#5154=DIRECTION('ref_axis',(1.,0.,0.));
#5155=DIRECTION('',(-1.,0.,0.));
#5156=DIRECTION('center_axis',(-1.,0.,0.));
#5157=DIRECTION('ref_axis',(0.,1.,0.));
#5158=DIRECTION('',(0.,0.,1.));
#5159=DIRECTION('',(0.,1.,0.));
#5160=DIRECTION('',(0.,0.,-1.));
#5161=DIRECTION('',(0.,1.,0.));
#5162=DIRECTION('center_axis',(0.,0.,1.));
#5163=DIRECTION('ref_axis',(1.,0.,0.));
#5164=DIRECTION('',(-1.,0.,0.));
#5165=DIRECTION('',(0.,-1.,0.));
#5166=DIRECTION('',(0.,1.,0.));
#5167=DIRECTION('',(-1.,0.,0.));
#5168=DIRECTION('',(0.,-1.,0.));
#5169=DIRECTION('',(0.,-1.,0.));
#5170=DIRECTION('',(0.994309126294159,0.106533381473348,0.));
#5171=DIRECTION('center_axis',(-1.,0.,0.));
#5172=DIRECTION('ref_axis',(0.,1.,0.));
#5173=DIRECTION('',(0.,0.,1.));
#5174=DIRECTION('',(0.,0.,-1.));
#5175=DIRECTION('',(0.,1.,0.));
#5176=DIRECTION('center_axis',(1.,0.,0.));
#5177=DIRECTION('ref_axis',(0.,-1.,0.));
#5178=DIRECTION('',(0.,0.,-1.));
#5179=DIRECTION('',(0.,-1.,0.));
#5180=DIRECTION('',(0.,0.,-1.));
#5181=DIRECTION('',(0.,0.,-1.));
#5182=DIRECTION('',(0.,0.,-1.));
#5183=DIRECTION('',(0.,0.,-1.));
#5184=DIRECTION('center_axis',(1.,0.,0.));
#5185=DIRECTION('ref_axis',(0.,-1.,0.));
#5186=DIRECTION('',(0.,0.,-1.));
#5187=DIRECTION('',(0.,-1.,0.));
#5188=DIRECTION('',(0.,0.,-1.));
#5189=DIRECTION('',(0.,0.,-1.));
#5190=DIRECTION('',(0.,0.,-1.));
#5191=DIRECTION('',(0.,0.,-1.));
#5192=DIRECTION('',(0.,0.,-1.));
#5193=DIRECTION('center_axis',(1.,0.,0.));
#5194=DIRECTION('ref_axis',(0.,-1.,0.));
#5195=DIRECTION('',(0.,-1.,0.));
#5196=DIRECTION('',(0.,0.,-1.));
#5197=DIRECTION('center_axis',(-0.106533381473348,0.994309126294159,0.));
#5198=DIRECTION('ref_axis',(0.994309126294159,0.106533381473348,0.));
#5199=DIRECTION('',(0.994309126294159,0.106533381473348,0.));
#5200=DIRECTION('center_axis',(-1.,0.,0.));
#5201=DIRECTION('ref_axis',(0.,1.,0.));
#5202=DIRECTION('',(0.,0.,1.));
#5203=DIRECTION('',(0.,1.,0.));
#5204=DIRECTION('',(0.,0.,-1.));
#5205=DIRECTION('',(0.,1.,0.));
#5206=DIRECTION('center_axis',(-1.,0.,0.));
#5207=DIRECTION('ref_axis',(0.,1.,0.));
#5208=DIRECTION('',(0.,1.,0.));
#5209=DIRECTION('',(0.,0.,-1.));
#5210=DIRECTION('',(0.,1.,0.));
#5211=DIRECTION('',(0.,0.,-1.));
#5212=DIRECTION('center_axis',(0.,-1.,0.));
#5213=DIRECTION('ref_axis',(-1.,0.,0.));
#5214=DIRECTION('',(-1.,0.,0.));
#5215=DIRECTION('',(-1.,0.,0.));
#5216=DIRECTION('center_axis',(1.,0.,0.));
#5217=DIRECTION('ref_axis',(0.,-1.,0.));
#5218=DIRECTION('',(0.,0.,-1.));
#5219=DIRECTION('',(0.,-1.,0.));
#5220=DIRECTION('',(0.,0.,-1.));
#5221=DIRECTION('',(0.,-1.,0.));
#5222=DIRECTION('center_axis',(0.,1.,0.));
#5223=DIRECTION('ref_axis',(1.,0.,0.));
#5224=DIRECTION('',(1.,0.,0.));
#5225=DIRECTION('',(1.,0.,0.));
#5226=DIRECTION('center_axis',(0.,0.,1.));
#5227=DIRECTION('ref_axis',(1.,0.,0.));
#5228=DIRECTION('',(-1.,0.,0.));
#5229=DIRECTION('',(0.,0.,-1.));
#5230=DIRECTION('center_axis',(0.,0.,1.));
#5231=DIRECTION('ref_axis',(1.,0.,0.));
#5232=DIRECTION('',(-1.,0.,0.));
#5233=DIRECTION('',(-1.,0.,0.));
#5234=DIRECTION('',(0.,0.,-1.));
#5235=DIRECTION('',(0.,0.,-1.));
#5236=DIRECTION('',(0.,0.,-1.));
#5237=DIRECTION('',(0.,0.,-1.));
#5238=DIRECTION('',(0.,0.,-1.));
#5239=DIRECTION('',(0.,0.,-1.));
#5240=DIRECTION('center_axis',(-0.94318791819223,-0.33225976430529,0.));
#5241=DIRECTION('ref_axis',(-0.332259764305289,0.94318791819223,0.));
#5242=DIRECTION('',(0.,0.,1.));
#5243=DIRECTION('',(-0.332259764305289,0.94318791819223,0.));
#5244=DIRECTION('',(0.,0.,-1.));
#5245=DIRECTION('',(-0.332259764305289,0.94318791819223,0.));
#5246=DIRECTION('center_axis',(0.,0.,-1.));
#5247=DIRECTION('ref_axis',(-1.,0.,0.));
#5248=DIRECTION('',(-1.,0.,0.));
#5249=DIRECTION('',(-0.332259764305289,-0.94318791819223,0.));
#5250=DIRECTION('',(1.,0.,0.));
#5251=DIRECTION('',(0.295397165976047,0.955374541388517,0.));
#5252=DIRECTION('center_axis',(-0.955374541388517,0.295397165976047,0.));
#5253=DIRECTION('ref_axis',(0.295397165976047,0.955374541388517,0.));
#5254=DIRECTION('',(0.,0.,1.));
#5255=DIRECTION('',(0.,0.,-1.));
#5256=DIRECTION('',(0.295397165976047,0.955374541388517,0.));
#5257=DIRECTION('center_axis',(0.955684090706245,0.294394155463347,0.));
#5258=DIRECTION('ref_axis',(0.294394155463347,-0.955684090706245,0.));
#5259=DIRECTION('',(0.,0.,-1.));
#5260=DIRECTION('',(0.294394155463347,-0.955684090706245,0.));
#5261=DIRECTION('',(0.,0.,-1.));
#5262=DIRECTION('',(0.294394155463347,-0.955684090706245,0.));
#5263=DIRECTION('center_axis',(0.,1.,0.));
#5264=DIRECTION('ref_axis',(1.,0.,0.));
#5265=DIRECTION('',(1.,0.,0.));
#5266=DIRECTION('',(1.,0.,0.));
#5267=DIRECTION('center_axis',(0.94318791819223,-0.33225976430529,0.));
#5268=DIRECTION('ref_axis',(-0.332259764305289,-0.94318791819223,0.));
#5269=DIRECTION('',(0.,0.,-1.));
#5270=DIRECTION('',(-0.332259764305289,-0.94318791819223,0.));
#5271=DIRECTION('',(0.,0.,-1.));
#5272=DIRECTION('center_axis',(0.,1.,0.));
#5273=DIRECTION('ref_axis',(1.,0.,0.));
#5274=DIRECTION('',(1.,0.,0.));
#5275=DIRECTION('center_axis',(0.,0.,-1.));
#5276=DIRECTION('ref_axis',(-1.,0.,0.));
#5277=DIRECTION('',(-1.,0.,0.));
#5278=DIRECTION('center_axis',(-1.,0.,0.));
#5279=DIRECTION('ref_axis',(0.,1.,0.));
#5280=DIRECTION('',(0.,0.,1.));
#5281=DIRECTION('',(0.,1.,0.));
#5282=DIRECTION('',(0.,0.,-1.));
#5283=DIRECTION('',(0.,1.,0.));
#5284=DIRECTION('center_axis',(-1.,0.,0.));
#5285=DIRECTION('ref_axis',(0.,1.,0.));
#5286=DIRECTION('',(0.,0.,1.));
#5287=DIRECTION('',(0.,1.,0.));
#5288=DIRECTION('',(0.,0.,-1.));
#5289=DIRECTION('',(0.,1.,0.));
#5290=DIRECTION('',(0.,0.,-1.));
#5291=DIRECTION('center_axis',(0.995262597083618,-0.0972232628868828,0.));
#5292=DIRECTION('ref_axis',(-0.0972232628868828,-0.995262597083618,0.));
#5293=DIRECTION('',(0.,0.,-1.));
#5294=DIRECTION('',(-0.0972232628868828,-0.995262597083618,0.));
#5295=DIRECTION('',(0.,0.,-1.));
#5296=DIRECTION('',(-0.0972232628868828,-0.995262597083618,0.));
#5297=DIRECTION('',(0.,0.,-1.));
#5298=DIRECTION('',(0.,0.,-1.));
#5299=DIRECTION('',(0.,0.,-1.));
#5300=DIRECTION('',(0.,0.,-1.));
#5301=DIRECTION('center_axis',(0.986285646729912,0.165047335799641,0.));
#5302=DIRECTION('ref_axis',(0.165047335799641,-0.986285646729912,0.));
#5303=DIRECTION('',(0.165047335799641,-0.986285646729912,0.));
#5304=DIRECTION('',(0.,0.,-1.));
#5305=DIRECTION('',(0.165047335799641,-0.986285646729912,0.));
#5306=DIRECTION('center_axis',(0.,1.,0.));
#5307=DIRECTION('ref_axis',(1.,0.,0.));
#5308=DIRECTION('',(1.,0.,0.));
#5309=DIRECTION('',(0.,0.,-1.));
#5310=DIRECTION('',(1.,0.,0.));
#5311=DIRECTION('center_axis',(-1.,0.,0.));
#5312=DIRECTION('ref_axis',(0.,1.,0.));
#5313=DIRECTION('',(0.,1.,0.));
#5314=DIRECTION('',(0.,0.,-1.));
#5315=DIRECTION('',(0.,1.,0.));
#5316=DIRECTION('center_axis',(0.,-1.,0.));
#5317=DIRECTION('ref_axis',(-1.,0.,0.));
#5318=DIRECTION('',(-1.,0.,0.));
#5319=DIRECTION('',(-1.,0.,0.));
#5320=DIRECTION('center_axis',(0.,0.,1.));
#5321=DIRECTION('ref_axis',(1.,0.,0.));
#5322=DIRECTION('',(-1.,0.,0.));
#5323=DIRECTION('',(-1.,0.,0.));
#5324=DIRECTION('',(0.,0.,-1.));
#5325=DIRECTION('center_axis',(0.,0.,1.));
#5326=DIRECTION('ref_axis',(1.,0.,0.));
#5327=DIRECTION('',(-1.,0.,0.));
#5328=DIRECTION('',(0.,1.,0.));
#5329=DIRECTION('',(-1.,0.,0.));
#5330=DIRECTION('',(0.,-1.,0.));
#5331=DIRECTION('',(0.993829519583285,-0.110918375415695,0.));
#5332=DIRECTION('',(0.,1.,0.));
#5333=DIRECTION('center_axis',(-1.,0.,0.));
#5334=DIRECTION('ref_axis',(0.,1.,0.));
#5335=DIRECTION('',(0.,0.,1.));
#5336=DIRECTION('',(0.,0.,-1.));
#5337=DIRECTION('',(0.,1.,0.));
#5338=DIRECTION('',(0.,0.,-1.));
#5339=DIRECTION('',(0.,0.,-1.));
#5340=DIRECTION('',(0.,0.,-1.));
#5341=DIRECTION('',(0.,0.,-1.));
#5342=DIRECTION('',(0.,0.,-1.));
#5343=DIRECTION('',(0.,0.,-1.));
#5344=DIRECTION('center_axis',(1.,0.,0.));
#5345=DIRECTION('ref_axis',(0.,-1.,0.));
#5346=DIRECTION('',(0.,0.,-1.));
#5347=DIRECTION('',(0.,-1.,0.));
#5348=DIRECTION('',(0.,0.,-1.));
#5349=DIRECTION('center_axis',(0.110918375415695,0.993829519583285,0.));
#5350=DIRECTION('ref_axis',(0.993829519583285,-0.110918375415695,0.));
#5351=DIRECTION('',(0.993829519583285,-0.110918375415695,0.));
#5352=DIRECTION('',(0.,0.,-1.));
#5353=DIRECTION('center_axis',(-1.,0.,0.));
#5354=DIRECTION('ref_axis',(0.,1.,0.));
#5355=DIRECTION('',(0.,1.,0.));
#5356=DIRECTION('',(0.,0.,-1.));
#5357=DIRECTION('center_axis',(0.,0.,1.));
#5358=DIRECTION('ref_axis',(1.,0.,0.));
#5359=DIRECTION('',(-1.,0.,0.));
#5360=DIRECTION('',(-1.,0.,0.));
#5361=DIRECTION('',(0.,0.,-1.));
#5362=DIRECTION('',(0.,0.,-1.));
#5363=DIRECTION('',(0.,0.,-1.));
#5364=DIRECTION('',(0.,0.,-1.));
#5365=DIRECTION('',(0.,0.,-1.));
#5366=DIRECTION('',(0.,0.,-1.));
#5367=DIRECTION('center_axis',(-1.,0.,0.));
#5368=DIRECTION('ref_axis',(0.,1.,0.));
#5369=DIRECTION('',(0.,0.,1.));
#5370=DIRECTION('',(0.,1.,0.));
#5371=DIRECTION('',(0.,0.,-1.));
#5372=DIRECTION('',(0.,1.,0.));
#5373=DIRECTION('center_axis',(1.,0.,0.));
#5374=DIRECTION('ref_axis',(0.,-1.,0.));
#5375=DIRECTION('',(0.,0.,-1.));
#5376=DIRECTION('',(0.,-1.,0.));
#5377=DIRECTION('',(0.,0.,-1.));
#5378=DIRECTION('',(0.,-1.,0.));
#5379=DIRECTION('center_axis',(0.,1.,0.));
#5380=DIRECTION('ref_axis',(1.,0.,0.));
#5381=DIRECTION('',(1.,0.,0.));
#5382=DIRECTION('',(0.,0.,-1.));
#5383=DIRECTION('',(1.,0.,0.));
#5384=DIRECTION('center_axis',(-0.522750575322814,0.852485680817964,0.));
#5385=DIRECTION('ref_axis',(0.852485680817964,0.522750575322814,0.));
#5386=DIRECTION('',(0.852485680817964,0.522750575322814,0.));
#5387=DIRECTION('',(0.,0.,-1.));
#5388=DIRECTION('',(0.852485680817964,0.522750575322814,0.));
#5389=DIRECTION('center_axis',(-0.853145655657762,-0.521672780804488,0.));
#5390=DIRECTION('ref_axis',(-0.521672780804488,0.853145655657762,0.));
#5391=DIRECTION('',(-0.521672780804488,0.853145655657762,0.));
#5392=DIRECTION('',(0.,0.,-1.));
#5393=DIRECTION('',(-0.521672780804488,0.853145655657762,0.));
#5394=DIRECTION('center_axis',(0.523942279871771,-0.851753771557703,0.));
#5395=DIRECTION('ref_axis',(-0.851753771557703,-0.523942279871771,0.));
#5396=DIRECTION('',(-0.851753771557703,-0.523942279871771,0.));
#5397=DIRECTION('',(-0.851753771557703,-0.523942279871771,0.));
#5398=DIRECTION('center_axis',(0.,0.,-1.));
#5399=DIRECTION('ref_axis',(-1.,0.,0.));
#5400=DIRECTION('',(-1.,0.,0.));
#5401=DIRECTION('center_axis',(-1.,0.,0.));
#5402=DIRECTION('ref_axis',(0.,1.,0.));
#5403=DIRECTION('',(0.,0.,1.));
#5404=DIRECTION('',(0.,1.,0.));
#5405=DIRECTION('',(0.,0.,-1.));
#5406=DIRECTION('',(0.,1.,0.));
#5407=DIRECTION('center_axis',(1.,0.,0.));
#5408=DIRECTION('ref_axis',(0.,-1.,0.));
#5409=DIRECTION('',(0.,0.,-1.));
#5410=DIRECTION('',(0.,-1.,0.));
#5411=DIRECTION('',(0.,0.,-1.));
#5412=DIRECTION('',(0.,-1.,0.));
#5413=DIRECTION('center_axis',(0.,-1.,0.));
#5414=DIRECTION('ref_axis',(-1.,0.,0.));
#5415=DIRECTION('',(-1.,0.,0.));
#5416=DIRECTION('',(0.,0.,-1.));
#5417=DIRECTION('',(-1.,0.,0.));
#5418=DIRECTION('center_axis',(0.988441367180813,-0.151603639948799,0.));
#5419=DIRECTION('ref_axis',(-0.151603639948799,-0.988441367180813,0.));
#5420=DIRECTION('',(-0.151603639948799,-0.988441367180813,0.));
#5421=DIRECTION('',(0.,0.,-1.));
#5422=DIRECTION('',(-0.151603639948799,-0.988441367180813,0.));
#5423=DIRECTION('center_axis',(0.,1.,0.));
#5424=DIRECTION('ref_axis',(1.,0.,0.));
#5425=DIRECTION('',(1.,0.,0.));
#5426=DIRECTION('',(0.,0.,-1.));
#5427=DIRECTION('',(1.,0.,0.));
#5428=DIRECTION('center_axis',(1.,0.,0.));
#5429=DIRECTION('ref_axis',(0.,-1.,0.));
#5430=DIRECTION('',(0.,-1.,0.));
#5431=DIRECTION('',(0.,0.,-1.));
#5432=DIRECTION('',(0.,-1.,0.));
#5433=DIRECTION('center_axis',(-0.119669486320085,0.992813786187464,0.));
#5434=DIRECTION('ref_axis',(0.992813786187464,0.119669486320085,0.));
#5435=DIRECTION('',(0.992813786187464,0.119669486320085,0.));
#5436=DIRECTION('',(0.,0.,-1.));
#5437=DIRECTION('',(0.992813786187464,0.119669486320085,0.));
#5438=DIRECTION('center_axis',(-1.,0.,0.));
#5439=DIRECTION('ref_axis',(0.,1.,0.));
#5440=DIRECTION('',(0.,1.,0.));
#5441=DIRECTION('',(0.,0.,-1.));
#5442=DIRECTION('',(0.,1.,0.));
#5443=DIRECTION('center_axis',(0.,1.,0.));
#5444=DIRECTION('ref_axis',(1.,0.,0.));
#5445=DIRECTION('',(1.,0.,0.));
#5446=DIRECTION('',(0.,0.,-1.));
#5447=DIRECTION('',(1.,0.,0.));
#5448=DIRECTION('center_axis',(-1.,0.,0.));
#5449=DIRECTION('ref_axis',(0.,1.,0.));
#5450=DIRECTION('',(0.,1.,0.));
#5451=DIRECTION('',(0.,0.,-1.));
#5452=DIRECTION('',(0.,1.,0.));
#5453=DIRECTION('center_axis',(0.,-1.,0.));
#5454=DIRECTION('ref_axis',(-1.,0.,0.));
#5455=DIRECTION('',(-1.,0.,0.));
#5456=DIRECTION('',(-1.,0.,0.));
#5457=DIRECTION('center_axis',(0.,0.,1.));
#5458=DIRECTION('ref_axis',(1.,0.,0.));
#5459=DIRECTION('',(-1.,0.,0.));
#5460=DIRECTION('',(0.,0.,-1.));
#5461=DIRECTION('',(0.,0.,-1.));
#5462=DIRECTION('',(0.,0.,-1.));
#5463=DIRECTION('',(0.,0.,-1.));
#5464=DIRECTION('',(0.,0.,-1.));
#5465=DIRECTION('',(0.,0.,-1.));
#5466=DIRECTION('',(0.,0.,-1.));
#5467=DIRECTION('',(0.,0.,-1.));
#5468=DIRECTION('center_axis',(0.,0.,1.));
#5469=DIRECTION('ref_axis',(1.,0.,0.));
#5470=DIRECTION('center_axis',(-1.,0.,0.));
#5471=DIRECTION('ref_axis',(0.,1.,0.));
#5472=DIRECTION('',(0.,0.,1.));
#5473=DIRECTION('',(0.,1.,0.));
#5474=DIRECTION('',(0.,0.,-1.));
#5475=DIRECTION('',(0.,1.,0.));
#5476=DIRECTION('',(0.,0.,-1.));
#5477=DIRECTION('',(0.,0.,-1.));
#5478=DIRECTION('',(0.,0.,-1.));
#5479=DIRECTION('',(0.,0.,-1.));
#5480=DIRECTION('',(0.,0.,-1.));
#5481=DIRECTION('center_axis',(-0.944415714467337,-0.328753643732126,0.));
#5482=DIRECTION('ref_axis',(-0.328753643732126,0.944415714467337,0.));
#5483=DIRECTION('',(-0.328753643732126,0.944415714467337,0.));
#5484=DIRECTION('',(0.,0.,-1.));
#5485=DIRECTION('',(-0.328753643732126,0.944415714467337,0.));
#5486=DIRECTION('',(0.,0.,-1.));
#5487=DIRECTION('',(0.,0.,-1.));
#5488=DIRECTION('',(0.,0.,-1.));
#5489=DIRECTION('center_axis',(1.,0.,0.));
#5490=DIRECTION('ref_axis',(0.,-1.,0.));
#5491=DIRECTION('',(0.,0.,-1.));
#5492=DIRECTION('',(0.,-1.,0.));
#5493=DIRECTION('',(0.,-1.,0.));
#5494=DIRECTION('center_axis',(0.,0.,1.));
#5495=DIRECTION('ref_axis',(1.,0.,0.));
#5496=DIRECTION('',(-1.,0.,0.));
#5497=DIRECTION('',(0.,0.,-1.));
#5498=DIRECTION('',(0.,0.,-1.));
#5499=DIRECTION('',(0.,0.,-1.));
#5500=DIRECTION('',(0.,0.,-1.));
#5501=DIRECTION('',(0.,0.,-1.));
#5502=DIRECTION('',(0.,0.,-1.));
#5503=DIRECTION('',(0.,0.,-1.));
#5504=DIRECTION('',(0.,0.,-1.));
#5505=DIRECTION('',(0.,0.,-1.));
#5506=DIRECTION('',(0.,0.,-1.));
#5507=DIRECTION('',(0.,0.,-1.));
#5508=DIRECTION('',(0.,0.,-1.));
#5509=DIRECTION('',(0.,0.,-1.));
#5510=DIRECTION('',(0.,0.,-1.));
#5511=DIRECTION('',(0.,0.,-1.));
#5512=DIRECTION('center_axis',(0.951708439256507,0.307003333284745,0.));
#5513=DIRECTION('ref_axis',(0.307003333284745,-0.951708439256506,0.));
#5514=DIRECTION('',(0.307003333284745,-0.951708439256506,0.));
#5515=DIRECTION('',(0.,0.,-1.));
#5516=DIRECTION('',(0.307003333284745,-0.951708439256506,0.));
#5517=DIRECTION('center_axis',(0.,0.,1.));
#5518=DIRECTION('ref_axis',(1.,0.,0.));
#5519=DIRECTION('',(-1.,0.,0.));
#5520=DIRECTION('',(-1.,0.,0.));
#5521=DIRECTION('center_axis',(0.,0.,1.));
#5522=DIRECTION('ref_axis',(1.,0.,0.));
#5523=DIRECTION('',(-1.,0.,0.));
#5524=DIRECTION('center_axis',(0.,0.,1.));
#5525=DIRECTION('ref_axis',(1.,0.,0.));
#5526=DIRECTION('',(-1.,0.,0.));
#5527=DIRECTION('center_axis',(0.,0.,1.));
#5528=DIRECTION('ref_axis',(1.,0.,0.));
#5529=DIRECTION('',(-1.,0.,0.));
#5530=DIRECTION('center_axis',(0.,0.,1.));
#5531=DIRECTION('ref_axis',(1.,0.,0.));
#5532=DIRECTION('',(-1.,0.,0.));
#5533=DIRECTION('center_axis',(0.,0.,1.));
#5534=DIRECTION('ref_axis',(1.,0.,0.));
#5535=DIRECTION('',(-1.,0.,0.));
#5536=DIRECTION('center_axis',(0.,0.,1.));
#5537=DIRECTION('ref_axis',(1.,0.,0.));
#5538=DIRECTION('',(-1.,0.,0.));
#5539=DIRECTION('center_axis',(0.,0.,1.));
#5540=DIRECTION('ref_axis',(1.,0.,0.));
#5541=DIRECTION('',(-1.,0.,0.));
#5542=DIRECTION('center_axis',(0.,0.,1.));
#5543=DIRECTION('ref_axis',(1.,0.,0.));
#5544=DIRECTION('',(-1.,0.,0.));
#5545=DIRECTION('',(-1.,0.,0.));
#5546=DIRECTION('',(-1.,0.,0.));
#5547=DIRECTION('',(-1.,0.,0.));
#5548=DIRECTION('',(-1.,0.,0.));
#5549=DIRECTION('',(-1.,0.,0.));
#5550=DIRECTION('',(-1.,0.,0.));
#5551=DIRECTION('',(-1.,0.,0.));
#5552=DIRECTION('',(-1.,0.,0.));
#5553=DIRECTION('',(-1.,0.,0.));
#5554=DIRECTION('',(-1.,0.,0.));
#5555=DIRECTION('',(-1.,0.,0.));
#5556=DIRECTION('',(-1.,0.,0.));
#5557=DIRECTION('',(-1.,0.,0.));
#5558=DIRECTION('',(-1.,0.,0.));
#5559=DIRECTION('',(-1.,0.,0.));
#5560=DIRECTION('',(-1.,0.,0.));
#5561=DIRECTION('',(0.,1.,0.));
#5562=DIRECTION('',(1.,0.,0.));
#5563=DIRECTION('',(0.,1.,0.));
#5564=DIRECTION('',(-1.,0.,0.));
#5565=DIRECTION('',(-1.,0.,0.));
#5566=DIRECTION('center_axis',(-0.190808995376545,-0.981627183447664,0.));
#5567=DIRECTION('ref_axis',(0.,0.,1.));
#5568=DIRECTION('',(0.981627183447664,-0.190808995376545,0.));
#5569=DIRECTION('',(0.,0.,-1.));
#5570=DIRECTION('',(-0.964231206459824,0.187427559991896,-0.187427559991896));
#5571=DIRECTION('',(0.,0.,1.));
#5572=DIRECTION('',(-0.964231206459824,0.187427559991896,0.187427559991896));
#5573=DIRECTION('',(0.,0.,-1.));
#5574=DIRECTION('',(-0.981627183447664,0.190808995376545,0.));
#5575=DIRECTION('',(0.,0.,-1.));
#5576=DIRECTION('center_axis',(-0.190808995376545,0.,-0.981627183447664));
#5577=DIRECTION('ref_axis',(0.,-1.,0.));
#5578=DIRECTION('',(0.981627183447664,0.,-0.190808995376545));
#5579=DIRECTION('',(0.,1.,0.));
#5580=DIRECTION('',(0.,-1.,0.));
#5581=DIRECTION('center_axis',(-0.190808995376545,0.,0.981627183447664));
#5582=DIRECTION('ref_axis',(0.,1.,0.));
#5583=DIRECTION('',(-0.981627183447664,0.,-0.190808995376545));
#5584=DIRECTION('',(0.,1.,0.));
#5585=DIRECTION('',(0.,-1.,0.));
#5586=DIRECTION('center_axis',(0.,0.,1.));
#5587=DIRECTION('ref_axis',(-1.,0.,0.));
#5588=DIRECTION('',(-1.,0.,0.));
#5589=DIRECTION('',(0.,-1.,0.));
#5590=DIRECTION('center_axis',(0.,-1.,0.));
#5591=DIRECTION('ref_axis',(0.,0.,-1.));
#5592=DIRECTION('',(1.,0.,0.));
#5593=DIRECTION('',(0.,0.,-1.));
#5594=DIRECTION('center_axis',(0.,0.,-1.));
#5595=DIRECTION('ref_axis',(1.,0.,0.));
#5596=DIRECTION('',(0.,1.,0.));
#5597=DIRECTION('center_axis',(0.,1.,0.));
#5598=DIRECTION('ref_axis',(1.,0.,0.));
#5599=DIRECTION('',(0.,0.,-1.));
#5600=DIRECTION('center_axis',(0.,1.,0.));
#5601=DIRECTION('ref_axis',(1.,0.,0.));
#5602=DIRECTION('',(-1.,0.,0.));
#5603=DIRECTION('center_axis',(0.,1.,0.));
#5604=DIRECTION('ref_axis',(0.,0.,-1.));
#5605=DIRECTION('',(0.,0.,1.));
#5606=DIRECTION('',(0.939692620785908,0.,0.342020143325669));
#5607=DIRECTION('',(0.,0.,-1.));
#5608=DIRECTION('',(1.,0.,0.));
#5609=DIRECTION('center_axis',(0.,-1.,0.));
#5610=DIRECTION('ref_axis',(-1.,0.,0.));
#5611=DIRECTION('',(1.,0.,0.));
#5612=DIRECTION('center_axis',(0.,-1.,0.));
#5613=DIRECTION('ref_axis',(-1.,0.,0.));
#5614=DIRECTION('',(1.,0.,0.));
#5615=DIRECTION('',(0.,0.,1.));
#5616=DIRECTION('center_axis',(0.,-1.,0.));
#5617=DIRECTION('ref_axis',(-1.,0.,0.));
#5618=DIRECTION('center_axis',(0.,-1.,0.));
#5619=DIRECTION('ref_axis',(-1.,0.,0.));
#5620=DIRECTION('center_axis',(0.342020143325669,0.,0.939692620785908));
#5621=DIRECTION('ref_axis',(0.,-1.,0.));
#5622=DIRECTION('',(0.,1.,0.));
#5623=DIRECTION('',(0.889126490715988,0.323615577118185,-0.323615577118185));
#5624=DIRECTION('',(0.,-1.,0.));
#5625=DIRECTION('',(-0.939692620785908,0.,0.342020143325669));
#5626=DIRECTION('center_axis',(0.342020143325669,0.,-0.939692620785908));
#5627=DIRECTION('ref_axis',(0.,1.,0.));
#5628=DIRECTION('',(0.,-1.,0.));
#5629=DIRECTION('',(0.,1.,0.));
#5630=DIRECTION('',(0.889126490715988,0.323615577118185,0.323615577118185));
#5631=DIRECTION('center_axis',(0.342020143325669,-0.939692620785908,0.));
#5632=DIRECTION('ref_axis',(0.,0.,-1.));
#5633=DIRECTION('',(0.,0.,1.));
#5634=DIRECTION('',(0.,0.,-1.));
#5635=DIRECTION('center_axis',(0.,1.,0.));
#5636=DIRECTION('ref_axis',(1.,0.,0.));
#5637=DIRECTION('',(0.,0.,1.));
#5638=DIRECTION('',(-1.,0.,0.));
#5639=DIRECTION('center_axis',(0.,-1.,0.));
#5640=DIRECTION('ref_axis',(-1.,0.,0.));
#5641=DIRECTION('',(-1.,0.,0.));
#5642=DIRECTION('center_axis',(0.,-1.,0.));
#5643=DIRECTION('ref_axis',(-1.,0.,0.));
#5644=DIRECTION('',(-1.,0.,0.));
#5645=DIRECTION('',(0.,0.,-1.));
#5646=DIRECTION('',(0.,0.,1.));
#5647=DIRECTION('center_axis',(0.,1.,0.));
#5648=DIRECTION('ref_axis',(-1.,0.,0.));
#5649=DIRECTION('center_axis',(0.,1.,0.));
#5650=DIRECTION('ref_axis',(0.,0.,1.));
#5651=DIRECTION('',(0.,0.,-1.));
#5652=DIRECTION('center_axis',(0.,-1.,0.));
#5653=DIRECTION('ref_axis',(-1.,0.,0.));
#5654=DIRECTION('center_axis',(0.,-1.,0.));
#5655=DIRECTION('ref_axis',(-1.,0.,0.));
#5656=DIRECTION('center_axis',(-1.,0.,0.));
#5657=DIRECTION('ref_axis',(0.,0.,1.));
#5658=DIRECTION('',(0.,1.,0.));
#5659=DIRECTION('',(0.,0.,-1.));
#5660=DIRECTION('',(0.,1.,0.));
#5661=DIRECTION('center_axis',(0.,-1.,0.));
#5662=DIRECTION('ref_axis',(-1.,0.,0.));
#5663=DIRECTION('center_axis',(0.,-1.,0.));
#5664=DIRECTION('ref_axis',(-1.,0.,0.));
#5665=DIRECTION('',(0.,-1.,0.));
#5666=DIRECTION('center_axis',(0.,1.,0.));
#5667=DIRECTION('ref_axis',(-1.,0.,0.));
#5668=DIRECTION('center_axis',(0.,-1.,0.));
#5669=DIRECTION('ref_axis',(-1.,0.,0.));
#5670=DIRECTION('center_axis',(0.,-1.,0.));
#5671=DIRECTION('ref_axis',(-1.,0.,0.));
#5672=DIRECTION('',(0.,-1.,0.));
#5673=DIRECTION('center_axis',(0.,1.,0.));
#5674=DIRECTION('ref_axis',(-1.,0.,0.));
#5675=DIRECTION('center_axis',(0.,-1.,0.));
#5676=DIRECTION('ref_axis',(-1.,0.,0.));
#5677=DIRECTION('center_axis',(0.,-1.,0.));
#5678=DIRECTION('ref_axis',(-1.,0.,0.));
#5679=DIRECTION('',(0.,-1.,0.));
#5680=DIRECTION('center_axis',(0.,1.,0.));
#5681=DIRECTION('ref_axis',(-1.,0.,0.));
#5682=DIRECTION('center_axis',(0.,-1.,0.));
#5683=DIRECTION('ref_axis',(-1.,0.,0.));
#5684=DIRECTION('center_axis',(0.,-1.,0.));
#5685=DIRECTION('ref_axis',(-1.,0.,0.));
#5686=DIRECTION('',(0.,-1.,0.));
#5687=DIRECTION('center_axis',(0.,1.,0.));
#5688=DIRECTION('ref_axis',(-1.,0.,0.));
#5689=DIRECTION('center_axis',(0.,-1.,0.));
#5690=DIRECTION('ref_axis',(-1.,0.,0.));
#5691=DIRECTION('',(0.,-1.,0.));
#5692=DIRECTION('center_axis',(0.,-1.,0.));
#5693=DIRECTION('ref_axis',(-1.,0.,0.));
#5694=DIRECTION('center_axis',(0.,1.,0.));
#5695=DIRECTION('ref_axis',(-1.,0.,0.));
#5696=DIRECTION('center_axis',(0.,-1.,0.));
#5697=DIRECTION('ref_axis',(-1.,0.,0.));
#5698=DIRECTION('',(0.,-1.,0.));
#5699=DIRECTION('center_axis',(0.,-1.,0.));
#5700=DIRECTION('ref_axis',(-1.,0.,0.));
#5701=DIRECTION('center_axis',(0.,1.,0.));
#5702=DIRECTION('ref_axis',(-1.,0.,0.));
#5703=DIRECTION('center_axis',(0.,-1.,0.));
#5704=DIRECTION('ref_axis',(-1.,0.,0.));
#5705=DIRECTION('',(0.,-1.,0.));
#5706=DIRECTION('center_axis',(0.,-1.,0.));
#5707=DIRECTION('ref_axis',(-1.,0.,0.));
#5708=DIRECTION('center_axis',(0.,1.,0.));
#5709=DIRECTION('ref_axis',(-1.,0.,0.));
#5710=DIRECTION('center_axis',(0.,-1.,0.));
#5711=DIRECTION('ref_axis',(-1.,0.,0.));
#5712=DIRECTION('',(0.,-1.,0.));
#5713=DIRECTION('center_axis',(0.,-1.,0.));
#5714=DIRECTION('ref_axis',(-1.,0.,0.));
#5715=DIRECTION('center_axis',(0.,1.,0.));
#5716=DIRECTION('ref_axis',(-1.,0.,0.));
#5717=DIRECTION('center_axis',(1.,0.,0.));
#5718=DIRECTION('ref_axis',(0.,0.,-1.));
#5719=DIRECTION('',(0.,1.,0.));
#5720=DIRECTION('',(0.,0.,1.));
#5721=DIRECTION('',(0.,1.,0.));
#5722=DIRECTION('center_axis',(-1.,0.,0.));
#5723=DIRECTION('ref_axis',(0.,0.,-1.));
#5724=DIRECTION('',(0.,-1.,0.));
#5725=DIRECTION('',(0.,0.,-1.));
#5726=DIRECTION('',(0.,-1.,0.));
#5727=DIRECTION('center_axis',(0.,-1.,0.));
#5728=DIRECTION('ref_axis',(1.,0.,1.22464679914735E-16));
#5729=DIRECTION('',(0.,-1.,0.));
#5730=DIRECTION('',(0.,-1.,0.));
#5731=DIRECTION('center_axis',(0.,1.,0.));
#5732=DIRECTION('ref_axis',(-1.,0.,0.));
#5733=DIRECTION('',(0.,-1.,0.));
#5734=DIRECTION('center_axis',(0.,-1.,0.));
#5735=DIRECTION('ref_axis',(-1.,0.,0.));
#5736=DIRECTION('center_axis',(0.,0.,1.));
#5737=DIRECTION('ref_axis',(-1.,0.,0.));
#5738=DIRECTION('',(-1.,0.,0.));
#5739=DIRECTION('',(1.,0.,0.));
#5740=DIRECTION('',(0.,-1.,0.));
#5741=DIRECTION('center_axis',(0.,-1.,0.));
#5742=DIRECTION('ref_axis',(-1.,0.,0.));
#5743=DIRECTION('center_axis',(0.,-1.,0.));
#5744=DIRECTION('ref_axis',(-1.,0.,0.));
#5745=DIRECTION('center_axis',(0.,1.,0.));
#5746=DIRECTION('ref_axis',(-1.,0.,0.));
#5747=DIRECTION('',(0.,-1.,0.));
#5748=DIRECTION('',(0.,1.,0.));
#5749=DIRECTION('center_axis',(0.,0.,-1.));
#5750=DIRECTION('ref_axis',(1.,0.,0.));
#5751=DIRECTION('',(-1.,0.,0.));
#5752=DIRECTION('center_axis',(0.,0.,-1.));
#5753=DIRECTION('ref_axis',(1.,0.,0.));
#5754=DIRECTION('',(1.,0.,0.));
#5755=DIRECTION('',(0.,-1.,0.));
#5756=DIRECTION('',(-1.,0.,0.));
#5757=DIRECTION('',(0.,-1.,0.));
#5758=DIRECTION('center_axis',(0.,-1.,0.));
#5759=DIRECTION('ref_axis',(1.,0.,-1.22464679914735E-16));
#5760=DIRECTION('center_axis',(0.,-1.,0.));
#5761=DIRECTION('ref_axis',(-1.,0.,0.));
#5762=DIRECTION('center_axis',(0.,1.,0.));
#5763=DIRECTION('ref_axis',(-1.,0.,0.));
#5764=DIRECTION('',(0.,-1.,0.));
#5765=DIRECTION('',(0.,1.,0.));
#5766=DIRECTION('center_axis',(0.,0.,1.));
#5767=DIRECTION('ref_axis',(-1.,0.,0.));
#5768=DIRECTION('',(1.,0.,0.));
#5769=DIRECTION('',(0.,-1.,0.));
#5770=DIRECTION('center_axis',(0.,-1.,0.));
#5771=DIRECTION('ref_axis',(-1.,0.,0.));
#5772=DIRECTION('center_axis',(0.,-1.,0.));
#5773=DIRECTION('ref_axis',(-1.,0.,0.));
#5774=DIRECTION('',(0.,-1.,0.));
#5775=DIRECTION('center_axis',(0.,1.,0.));
#5776=DIRECTION('ref_axis',(-1.,0.,0.));
#5777=DIRECTION('center_axis',(0.,0.,-1.));
#5778=DIRECTION('ref_axis',(1.,0.,0.));
#5779=DIRECTION('',(1.,0.,0.));
#5780=DIRECTION('',(0.,-1.,0.));
#5781=DIRECTION('center_axis',(0.,1.,0.));
#5782=DIRECTION('ref_axis',(-1.,0.,0.));
#5783=DIRECTION('',(1.,0.,0.));
#5784=DIRECTION('',(-1.,0.,0.));
#5785=DIRECTION('',(-1.,0.,0.));
#5786=DIRECTION('',(0.,0.,1.));
#5787=DIRECTION('center_axis',(0.,1.,0.));
#5788=DIRECTION('ref_axis',(1.77635683940025E-15,0.,1.));
#5789=DIRECTION('',(1.,0.,-3.86164530304402E-17));
#5790=DIRECTION('center_axis',(0.,1.,0.));
#5791=DIRECTION('ref_axis',(-1.,0.,0.));
#5792=DIRECTION('',(0.,0.,1.));
#5793=DIRECTION('center_axis',(0.,1.,0.));
#5794=DIRECTION('ref_axis',(0.,0.,-1.));
#5795=DIRECTION('',(-1.,0.,-7.72329060608804E-17));
#5796=DIRECTION('center_axis',(0.,1.,0.));
#5797=DIRECTION('ref_axis',(1.,0.,0.));
#5798=DIRECTION('',(0.,0.,-1.));
#5799=DIRECTION('center_axis',(0.,0.,1.));
#5800=DIRECTION('ref_axis',(-1.,0.,0.));
#5801=DIRECTION('',(0.,-1.,0.));
#5802=DIRECTION('center_axis',(0.,0.,-1.));
#5803=DIRECTION('ref_axis',(1.,0.,0.));
#5804=DIRECTION('center_axis',(0.,0.,1.));
#5805=DIRECTION('ref_axis',(-1.,0.,0.));
#5806=DIRECTION('center_axis',(1.,0.,0.));
#5807=DIRECTION('ref_axis',(0.,0.,1.));
#5808=DIRECTION('center_axis',(-1.,0.,0.));
#5809=DIRECTION('ref_axis',(0.,0.,-1.));
#5810=DIRECTION('',(0.,-1.,0.));
#5811=DIRECTION('',(0.,0.,1.));
#5812=DIRECTION('',(0.,-1.,0.));
#5813=DIRECTION('center_axis',(0.,-1.,0.));
#5814=DIRECTION('ref_axis',(-1.,0.,0.));
#5815=DIRECTION('',(0.,-1.,0.));
#5816=DIRECTION('center_axis',(0.,1.,0.));
#5817=DIRECTION('ref_axis',(-1.,0.,0.));
#5818=DIRECTION('center_axis',(3.86164530304402E-17,0.,1.));
#5819=DIRECTION('ref_axis',(-1.,0.,3.86164530304402E-17));
#5820=DIRECTION('',(0.,-1.,0.));
#5821=DIRECTION('',(1.,0.,-3.86164530304402E-17));
#5822=DIRECTION('center_axis',(0.,-1.,0.));
#5823=DIRECTION('ref_axis',(1.77635683940025E-15,0.,1.));
#5824=DIRECTION('',(0.,-1.,0.));
#5825=DIRECTION('center_axis',(0.,1.,0.));
#5826=DIRECTION('ref_axis',(1.77635683940025E-15,0.,1.));
#5827=DIRECTION('center_axis',(1.,0.,0.));
#5828=DIRECTION('ref_axis',(0.,0.,1.));
#5829=DIRECTION('',(0.,-1.,0.));
#5830=DIRECTION('',(0.,0.,-1.));
#5831=DIRECTION('center_axis',(0.,-1.,0.));
#5832=DIRECTION('ref_axis',(1.,0.,0.));
#5833=DIRECTION('',(0.,-1.,0.));
#5834=DIRECTION('center_axis',(0.,1.,0.));
#5835=DIRECTION('ref_axis',(1.,0.,0.));
#5836=DIRECTION('center_axis',(7.72329060608804E-17,0.,-1.));
#5837=DIRECTION('ref_axis',(1.,0.,7.72329060608804E-17));
#5838=DIRECTION('',(0.,-1.,0.));
#5839=DIRECTION('',(-1.,0.,-7.72329060608804E-17));
#5840=DIRECTION('center_axis',(0.,-1.,0.));
#5841=DIRECTION('ref_axis',(0.,0.,-1.));
#5842=DIRECTION('center_axis',(0.,1.,0.));
#5843=DIRECTION('ref_axis',(0.,0.,-1.));
#5844=DIRECTION('center_axis',(0.,0.,-1.));
#5845=DIRECTION('ref_axis',(-1.,0.,0.));
#5846=DIRECTION('',(1.,0.,0.));
#5847=DIRECTION('',(0.,1.,0.));
#5848=DIRECTION('',(0.,1.,0.));
#5849=DIRECTION('center_axis',(0.,1.,0.));
#5850=DIRECTION('ref_axis',(1.,0.,0.));
#5851=DIRECTION('center_axis',(0.,1.,0.));
#5852=DIRECTION('ref_axis',(1.,0.,0.));
#5853=DIRECTION('center_axis',(0.,1.,0.));
#5854=DIRECTION('ref_axis',(0.,0.,1.));
#5855=DIRECTION('center_axis',(0.,1.,0.));
#5856=DIRECTION('ref_axis',(0.,0.,1.));
#5857=DIRECTION('center_axis',(0.,1.,0.));
#5858=DIRECTION('ref_axis',(-1.,0.,0.));
#5859=DIRECTION('center_axis',(0.,1.,0.));
#5860=DIRECTION('ref_axis',(-1.,0.,0.));
#5861=DIRECTION('center_axis',(0.,1.,0.));
#5862=DIRECTION('ref_axis',(0.,0.,-1.));
#5863=DIRECTION('center_axis',(0.,1.,0.));
#5864=DIRECTION('ref_axis',(0.,0.,-1.));
#5865=DIRECTION('center_axis',(0.,1.,0.));
#5866=DIRECTION('ref_axis',(1.,0.,0.));
#5867=CARTESIAN_POINT('',(0.,0.,0.));
#5868=CARTESIAN_POINT('Origin',(85.,5.00000007450581,-45.0000006705523));
#5869=CARTESIAN_POINT('',(85.,5.00000007450581,-43.0000006705523));
#5870=CARTESIAN_POINT('Origin',(85.,5.00000007450581,-45.0000006705523));
#5871=CARTESIAN_POINT('',(78.3,5.00000007450581,-43.0000006705523));
#5872=CARTESIAN_POINT('',(85.,5.00000007450581,-43.0000006705523));
#5873=CARTESIAN_POINT('Origin',(78.3,5.00000007450581,-45.0000006705523));
#5874=CARTESIAN_POINT('Origin',(78.3,5.00000007450581,-45.0000006705523));
#5875=CARTESIAN_POINT('Origin',(85.,5.00000007450581,45.0000006705523));
#5876=CARTESIAN_POINT('',(85.,5.00000007450581,47.0000006705523));
#5877=CARTESIAN_POINT('Origin',(85.,5.00000007450581,45.0000006705523));
#5878=CARTESIAN_POINT('',(78.3,5.00000007450581,47.0000006705523));
#5879=CARTESIAN_POINT('',(85.,5.00000007450581,47.0000006705523));
#5880=CARTESIAN_POINT('Origin',(78.3,5.00000007450581,45.0000006705523));
#5881=CARTESIAN_POINT('Origin',(78.3,5.00000007450581,45.0000006705523));
#5882=CARTESIAN_POINT('Origin',(-85.,5.00000007450581,-45.0000006705523));
#5883=CARTESIAN_POINT('',(-85.,5.00000007450581,-47.0000006705523));
#5884=CARTESIAN_POINT('Origin',(-85.,5.00000007450581,-45.0000006705523));
#5885=CARTESIAN_POINT('',(-78.3,5.00000007450581,-47.0000006705523));
#5886=CARTESIAN_POINT('',(-85.,5.00000007450581,-47.0000006705523));
#5887=CARTESIAN_POINT('Origin',(-78.3,5.00000007450581,-45.0000006705523));
#5888=CARTESIAN_POINT('Origin',(-78.3,5.00000007450581,-45.0000006705523));
#5889=CARTESIAN_POINT('Origin',(-85.,5.00000007450581,45.0000006705523));
#5890=CARTESIAN_POINT('',(-85.,5.00000007450581,43.0000006705523));
#5891=CARTESIAN_POINT('Origin',(-85.,5.00000007450581,45.0000006705523));
#5892=CARTESIAN_POINT('',(-78.3,5.00000007450581,43.0000006705523));
#5893=CARTESIAN_POINT('',(-85.,5.00000007450581,43.0000006705523));
#5894=CARTESIAN_POINT('Origin',(-78.3,5.00000007450581,45.0000006705523));
#5895=CARTESIAN_POINT('Origin',(-78.3,5.00000007450581,45.0000006705523));
#5896=CARTESIAN_POINT('Origin',(-52.5840627402067,-3.07246387004852,60.));
#5897=CARTESIAN_POINT('',(-52.5840627402067,0.,59.));
#5898=CARTESIAN_POINT('',(-52.5840627402067,0.,60.));
#5899=CARTESIAN_POINT('',(-52.5840627402067,0.,30.));
#5900=CARTESIAN_POINT('',(-52.5840627402067,1.19999945163727,59.));
#5901=CARTESIAN_POINT('',(-52.5840627402067,-3.07246387004852,59.));
#5902=CARTESIAN_POINT('',(-52.5840627402067,1.19999945163727,60.));
#5903=CARTESIAN_POINT('',(-52.5840627402067,1.19999945163727,60.));
#5904=CARTESIAN_POINT('',(-52.5840627402067,-1.53623193502426,60.));
#5905=CARTESIAN_POINT('Origin',(-49.4246422499418,-0.133333802223206,60.));
#5906=CARTESIAN_POINT('',(-49.4246422499418,0.,59.));
#5907=CARTESIAN_POINT('',(-49.4246422499418,0.,60.));
#5908=CARTESIAN_POINT('',(-49.4246422499418,0.,30.));
#5909=CARTESIAN_POINT('',(-49.4246422499418,1.11304342746735,59.));
#5910=CARTESIAN_POINT('',(-49.4246422499418,-0.133333802223206,59.));
#5911=CARTESIAN_POINT('',(-49.4246422499418,1.11304342746735,60.));
#5912=CARTESIAN_POINT('',(-49.4246422499418,1.11304342746735,60.));
#5913=CARTESIAN_POINT('',(-49.4246422499418,-0.0666669011116028,60.));
#5914=CARTESIAN_POINT('Ctrl Pts',(-50.5434834212065,0.591304898262024,60.));
#5915=CARTESIAN_POINT('Ctrl Pts',(-50.5434834212065,0.591304898262024,59.));
#5916=CARTESIAN_POINT('Ctrl Pts',(-50.6948792865105,0.399404987575107,60.));
#5917=CARTESIAN_POINT('Ctrl Pts',(-50.6948792865105,0.399404987575107,59.));
#5918=CARTESIAN_POINT('Ctrl Pts',(-51.0250806791501,-0.0191376035914836,
60.));
#5919=CARTESIAN_POINT('Ctrl Pts',(-51.0250806791501,-0.0191376035914836,
59.));
#5920=CARTESIAN_POINT('Ctrl Pts',(-51.1940278942146,-0.525696130650872,
60.));
#5921=CARTESIAN_POINT('Ctrl Pts',(-51.1940278942146,-0.525696130650872,
59.));
#5922=CARTESIAN_POINT('Ctrl Pts',(-51.2855135649443,-0.799999833106995,
60.));
#5923=CARTESIAN_POINT('Ctrl Pts',(-51.2855135649443,-0.799999833106995,
59.));
#5924=CARTESIAN_POINT('',(-50.9621516508918,0.,60.));
#5925=CARTESIAN_POINT('',(-50.9621516508918,3.74727375865302E-17,59.));
#5926=CARTESIAN_POINT('Ctrl Pts',(-50.9621516508918,7.49454751730605E-17,
60.));
#5927=CARTESIAN_POINT('Ctrl Pts',(-50.9621516508918,7.49454751730605E-17,
59.8333333333333));
#5928=CARTESIAN_POINT('Ctrl Pts',(-50.9621516508918,7.49454751730605E-17,
59.6666666666667));
#5929=CARTESIAN_POINT('Ctrl Pts',(-50.9621516508918,7.49454751730605E-17,
59.3333333333333));
#5930=CARTESIAN_POINT('Ctrl Pts',(-50.9621516508918,7.49454751730605E-17,
59.1666666666667));
#5931=CARTESIAN_POINT('Ctrl Pts',(-50.9621516508918,7.49454751730605E-17,
59.));
#5932=CARTESIAN_POINT('',(-50.5434834212065,0.591304898262024,60.));
#5933=CARTESIAN_POINT('Ctrl Pts',(-50.5434834212065,0.591304898262024,60.));
#5934=CARTESIAN_POINT('Ctrl Pts',(-50.6941840656117,0.400286206016036,60.));
#5935=CARTESIAN_POINT('Ctrl Pts',(-50.8448847100169,0.209267513770051,60.));
#5936=CARTESIAN_POINT('Ctrl Pts',(-50.9621516508918,0.,60.));
#5937=CARTESIAN_POINT('',(-50.5434834212065,0.591304898262024,59.));
#5938=CARTESIAN_POINT('',(-50.5434834212065,0.591304898262024,60.));
#5939=CARTESIAN_POINT('Ctrl Pts',(-50.5434834212065,0.591304898262024,59.));
#5940=CARTESIAN_POINT('Ctrl Pts',(-50.6941840656117,0.400286206016037,59.));
#5941=CARTESIAN_POINT('Ctrl Pts',(-50.8448847100169,0.209267513770049,59.));
#5942=CARTESIAN_POINT('Ctrl Pts',(-50.9621516508918,7.49454751730605E-17,
59.));
#5943=CARTESIAN_POINT('Ctrl Pts',(-49.4246422499418,1.11304342746735,60.));
#5944=CARTESIAN_POINT('Ctrl Pts',(-49.4246422499418,1.11304342746735,59.));
#5945=CARTESIAN_POINT('Ctrl Pts',(-49.6346993536527,1.08430662289923,60.));
#5946=CARTESIAN_POINT('Ctrl Pts',(-49.6346993536527,1.08430662289923,59.));
#5947=CARTESIAN_POINT('Ctrl Pts',(-50.0611159891059,1.02597081182149,60.));
#5948=CARTESIAN_POINT('Ctrl Pts',(-50.0611159891059,1.02597081182149,59.));
#5949=CARTESIAN_POINT('Ctrl Pts',(-50.3811177376865,0.73761417094774,60.));
#5950=CARTESIAN_POINT('Ctrl Pts',(-50.3811177376865,0.73761417094774,59.));
#5951=CARTESIAN_POINT('Ctrl Pts',(-50.5434834212065,0.591304898262024,60.));
#5952=CARTESIAN_POINT('Ctrl Pts',(-50.5434834212065,0.591304898262024,59.));
#5953=CARTESIAN_POINT('Ctrl Pts',(-49.4246422499418,1.11304342746735,60.));
#5954=CARTESIAN_POINT('Ctrl Pts',(-49.6346993536527,1.08430662289923,60.));
#5955=CARTESIAN_POINT('Ctrl Pts',(-50.0611159891059,1.02597081182149,60.));
#5956=CARTESIAN_POINT('Ctrl Pts',(-50.3811177376865,0.73761417094774,60.));
#5957=CARTESIAN_POINT('Ctrl Pts',(-50.5434834212065,0.591304898262024,60.));
#5958=CARTESIAN_POINT('Ctrl Pts',(-49.4246422499418,1.11304342746735,59.));
#5959=CARTESIAN_POINT('Ctrl Pts',(-49.6346993536527,1.08430662289923,59.));
#5960=CARTESIAN_POINT('Ctrl Pts',(-50.0611159891059,1.02597081182149,59.));
#5961=CARTESIAN_POINT('Ctrl Pts',(-50.3811177376865,0.73761417094774,59.));
#5962=CARTESIAN_POINT('Ctrl Pts',(-50.5434834212065,0.591304898262024,59.));
#5963=CARTESIAN_POINT('Origin',(-48.2768165320158,2.12173998355865,60.));
#5964=CARTESIAN_POINT('',(-48.4840831543069,0.,60.));
#5965=CARTESIAN_POINT('',(-48.4840831543069,0.,59.));
#5966=CARTESIAN_POINT('',(-48.4840831543069,0.,30.));
#5967=CARTESIAN_POINT('',(-48.2768165320158,2.12173998355865,60.));
#5968=CARTESIAN_POINT('',(-48.5294029775971,-0.463928441828341,60.));
#5969=CARTESIAN_POINT('',(-48.2768165320158,2.12173998355865,59.));
#5970=CARTESIAN_POINT('',(-48.2768165320158,2.12173998355865,60.));
#5971=CARTESIAN_POINT('',(-48.2768165320158,2.12173998355865,59.));
#5972=CARTESIAN_POINT('Ctrl Pts',(-48.7115990370512,2.23188459873199,60.));
#5973=CARTESIAN_POINT('Ctrl Pts',(-48.7115990370512,2.23188459873199,59.));
#5974=CARTESIAN_POINT('Ctrl Pts',(-48.6383515312114,2.21713061037495,60.));
#5975=CARTESIAN_POINT('Ctrl Pts',(-48.6383515312114,2.21713061037495,59.));
#5976=CARTESIAN_POINT('Ctrl Pts',(-48.4916112234535,2.18757322453162,60.));
#5977=CARTESIAN_POINT('Ctrl Pts',(-48.4916112234535,2.18757322453162,59.));
#5978=CARTESIAN_POINT('Ctrl Pts',(-48.3484945087474,2.14370883894814,60.));
#5979=CARTESIAN_POINT('Ctrl Pts',(-48.3484945087474,2.14370883894814,59.));
#5980=CARTESIAN_POINT('Ctrl Pts',(-48.2768165320158,2.12173998355865,60.));
#5981=CARTESIAN_POINT('Ctrl Pts',(-48.2768165320158,2.12173998355865,59.));
#5982=CARTESIAN_POINT('',(-48.7115990370512,2.23188459873199,60.));
#5983=CARTESIAN_POINT('Ctrl Pts',(-48.7115990370512,2.23188459873199,60.));
#5984=CARTESIAN_POINT('Ctrl Pts',(-48.6383515312114,2.21713061037495,60.));
#5985=CARTESIAN_POINT('Ctrl Pts',(-48.4916112234535,2.18757322453162,60.));
#5986=CARTESIAN_POINT('Ctrl Pts',(-48.3484945087474,2.14370883894814,60.));
#5987=CARTESIAN_POINT('Ctrl Pts',(-48.2768165320158,2.12173998355865,60.));
#5988=CARTESIAN_POINT('',(-48.7115990370512,2.23188459873199,59.));
#5989=CARTESIAN_POINT('',(-48.7115990370512,2.23188459873199,60.));
#5990=CARTESIAN_POINT('Ctrl Pts',(-48.7115990370512,2.23188459873199,59.));
#5991=CARTESIAN_POINT('Ctrl Pts',(-48.6383515312114,2.21713061037495,59.));
#5992=CARTESIAN_POINT('Ctrl Pts',(-48.4916112234535,2.18757322453162,59.));
#5993=CARTESIAN_POINT('Ctrl Pts',(-48.3484945087474,2.14370883894814,59.));
#5994=CARTESIAN_POINT('Ctrl Pts',(-48.2768165320158,2.12173998355865,59.));
#5995=CARTESIAN_POINT('Ctrl Pts',(-49.1985546797514,2.27826058864594,60.));
#5996=CARTESIAN_POINT('Ctrl Pts',(-49.1985546797514,2.27826058864594,59.));
#5997=CARTESIAN_POINT('Ctrl Pts',(-49.1123298347597,2.27678436681854,60.));
#5998=CARTESIAN_POINT('Ctrl Pts',(-49.1123298347597,2.27678436681854,59.));
#5999=CARTESIAN_POINT('Ctrl Pts',(-48.9487689682038,2.27398410523106,60.));
#6000=CARTESIAN_POINT('Ctrl Pts',(-48.9487689682038,2.27398410523106,59.));
#6001=CARTESIAN_POINT('Ctrl Pts',(-48.7877385797955,2.24539995946521,60.));
#6002=CARTESIAN_POINT('Ctrl Pts',(-48.7877385797955,2.24539995946521,59.));
#6003=CARTESIAN_POINT('Ctrl Pts',(-48.7115990370512,2.23188459873199,60.));
#6004=CARTESIAN_POINT('Ctrl Pts',(-48.7115990370512,2.23188459873199,59.));
#6005=CARTESIAN_POINT('',(-49.1985546797514,2.27826058864594,60.));
#6006=CARTESIAN_POINT('Ctrl Pts',(-49.1985546797514,2.27826058864594,60.));
#6007=CARTESIAN_POINT('Ctrl Pts',(-49.1123298347597,2.27678436681854,60.));
#6008=CARTESIAN_POINT('Ctrl Pts',(-48.9487689682038,2.27398410523106,60.));
#6009=CARTESIAN_POINT('Ctrl Pts',(-48.7877385797955,2.24539995946521,60.));
#6010=CARTESIAN_POINT('Ctrl Pts',(-48.7115990370512,2.23188459873199,60.));
#6011=CARTESIAN_POINT('',(-49.1985546797514,2.27826058864594,59.));
#6012=CARTESIAN_POINT('',(-49.1985546797514,2.27826058864594,60.));
#6013=CARTESIAN_POINT('Ctrl Pts',(-49.1985546797514,2.27826058864594,59.));
#6014=CARTESIAN_POINT('Ctrl Pts',(-49.1123298347597,2.27678436681854,59.));
#6015=CARTESIAN_POINT('Ctrl Pts',(-48.9487689682038,2.27398410523106,59.));
#6016=CARTESIAN_POINT('Ctrl Pts',(-48.7877385797955,2.24539995946521,59.));
#6017=CARTESIAN_POINT('Ctrl Pts',(-48.7115990370512,2.23188459873199,59.));
#6018=CARTESIAN_POINT('Ctrl Pts',(-50.5087005347013,1.87246382236481,60.));
#6019=CARTESIAN_POINT('Ctrl Pts',(-50.5087005347013,1.87246382236481,59.));
#6020=CARTESIAN_POINT('Ctrl Pts',(-50.3198814929099,1.99072235123531,60.));
#6021=CARTESIAN_POINT('Ctrl Pts',(-50.3198814929099,1.99072235123531,59.));
#6022=CARTESIAN_POINT('Ctrl Pts',(-49.9200490587963,2.24113986741575,60.));
#6023=CARTESIAN_POINT('Ctrl Pts',(-49.9200490587963,2.24113986741575,59.));
#6024=CARTESIAN_POINT('Ctrl Pts',(-49.4477910170969,2.26543743593991,60.));
#6025=CARTESIAN_POINT('Ctrl Pts',(-49.4477910170969,2.26543743593991,59.));
#6026=CARTESIAN_POINT('Ctrl Pts',(-49.1985546797514,2.27826058864594,60.));
#6027=CARTESIAN_POINT('Ctrl Pts',(-49.1985546797514,2.27826058864594,59.));
#6028=CARTESIAN_POINT('',(-50.5087005347013,1.87246382236481,60.));
#6029=CARTESIAN_POINT('Ctrl Pts',(-50.5087005347013,1.87246382236481,60.));
#6030=CARTESIAN_POINT('Ctrl Pts',(-50.3198814929099,1.99072235123531,60.));
#6031=CARTESIAN_POINT('Ctrl Pts',(-49.9200490587963,2.24113986741575,60.));
#6032=CARTESIAN_POINT('Ctrl Pts',(-49.4477910170969,2.26543743593991,60.));
#6033=CARTESIAN_POINT('Ctrl Pts',(-49.1985546797514,2.27826058864594,60.));
#6034=CARTESIAN_POINT('',(-50.5087005347013,1.87246382236481,59.));
#6035=CARTESIAN_POINT('',(-50.5087005347013,1.87246382236481,60.));
#6036=CARTESIAN_POINT('Ctrl Pts',(-50.5087005347013,1.87246382236481,59.));
#6037=CARTESIAN_POINT('Ctrl Pts',(-50.3198814929099,1.99072235123531,59.));
#6038=CARTESIAN_POINT('Ctrl Pts',(-49.9200490587963,2.24113986741575,59.));
#6039=CARTESIAN_POINT('Ctrl Pts',(-49.4477910170969,2.26543743593991,59.));
#6040=CARTESIAN_POINT('Ctrl Pts',(-49.1985546797514,2.27826058864594,59.));
#6041=CARTESIAN_POINT('Ctrl Pts',(-51.3550793379545,0.701449513435364,60.));
#6042=CARTESIAN_POINT('Ctrl Pts',(-51.3550793379545,0.701449513435364,59.));
#6043=CARTESIAN_POINT('Ctrl Pts',(-51.2410184016343,0.937452087973112,60.));
#6044=CARTESIAN_POINT('Ctrl Pts',(-51.2410184016343,0.937452087973112,59.));
#6045=CARTESIAN_POINT('Ctrl Pts',(-51.0278454203876,1.37852660497416,60.));
#6046=CARTESIAN_POINT('Ctrl Pts',(-51.0278454203876,1.37852660497416,59.));
#6047=CARTESIAN_POINT('Ctrl Pts',(-50.67346511488,1.71569957311211,60.));
#6048=CARTESIAN_POINT('Ctrl Pts',(-50.67346511488,1.71569957311211,59.));
#6049=CARTESIAN_POINT('Ctrl Pts',(-50.5087005347013,1.87246382236481,60.));
#6050=CARTESIAN_POINT('Ctrl Pts',(-50.5087005347013,1.87246382236481,59.));
#6051=CARTESIAN_POINT('',(-51.3550793379545,0.701449513435364,60.));
#6052=CARTESIAN_POINT('Ctrl Pts',(-51.3550793379545,0.701449513435364,60.));
#6053=CARTESIAN_POINT('Ctrl Pts',(-51.2410184016343,0.937452087973112,60.));
#6054=CARTESIAN_POINT('Ctrl Pts',(-51.0278454203876,1.37852660497416,60.));
#6055=CARTESIAN_POINT('Ctrl Pts',(-50.67346511488,1.71569957311211,60.));
#6056=CARTESIAN_POINT('Ctrl Pts',(-50.5087005347013,1.87246382236481,60.));
#6057=CARTESIAN_POINT('',(-51.3550793379545,0.701449513435364,59.));
#6058=CARTESIAN_POINT('',(-51.3550793379545,0.701449513435364,60.));
#6059=CARTESIAN_POINT('Ctrl Pts',(-51.3550793379545,0.701449513435364,59.));
#6060=CARTESIAN_POINT('Ctrl Pts',(-51.2410184016343,0.937452087973112,59.));
#6061=CARTESIAN_POINT('Ctrl Pts',(-51.0278454203876,1.37852660497416,59.));
#6062=CARTESIAN_POINT('Ctrl Pts',(-50.67346511488,1.71569957311211,59.));
#6063=CARTESIAN_POINT('Ctrl Pts',(-50.5087005347013,1.87246382236481,59.));
#6064=CARTESIAN_POINT('Origin',(-51.5927588194609,2.12173998355865,60.));
#6065=CARTESIAN_POINT('',(-51.5927588194609,2.12173998355865,60.));
#6066=CARTESIAN_POINT('',(-51.8069936523418,3.40193333294205,60.));
#6067=CARTESIAN_POINT('',(-51.5927588194609,2.12173998355865,59.));
#6068=CARTESIAN_POINT('',(-51.5927588194609,2.12173998355865,60.));
#6069=CARTESIAN_POINT('',(-51.5927588194609,2.12173998355865,59.));
#6070=CARTESIAN_POINT('Origin',(-53.4826146811247,2.12173998355865,60.));
#6071=CARTESIAN_POINT('',(-53.4826146811247,2.12173998355865,60.));
#6072=CARTESIAN_POINT('',(-66.7413073405623,2.12173998355865,60.));
#6073=CARTESIAN_POINT('',(-53.4826146811247,2.12173998355865,59.));
#6074=CARTESIAN_POINT('',(-53.4826146811247,2.12173998355865,60.));
#6075=CARTESIAN_POINT('',(-53.4826146811247,2.12173998355865,59.));
#6076=CARTESIAN_POINT('Origin',(-53.4826146811247,1.19999945163727,60.));
#6077=CARTESIAN_POINT('',(-53.4826146811247,1.19999945163727,60.));
#6078=CARTESIAN_POINT('',(-53.4826146811247,0.599999725818634,60.));
#6079=CARTESIAN_POINT('',(-53.4826146811247,1.19999945163727,59.));
#6080=CARTESIAN_POINT('',(-53.4826146811247,1.19999945163727,60.));
#6081=CARTESIAN_POINT('',(-53.4826146811247,1.19999945163727,59.));
#6082=CARTESIAN_POINT('Origin',(-52.5840627402067,1.19999945163727,60.));
#6083=CARTESIAN_POINT('',(-66.2920313701034,1.19999945163727,60.));
#6084=CARTESIAN_POINT('',(-52.5840627402067,1.19999945163727,59.));
#6085=CARTESIAN_POINT('Origin',(-2.50000171363354,-0.69275438785553,59.));
#6086=CARTESIAN_POINT('',(-1.25000085681677,0.,59.));
#6087=CARTESIAN_POINT('',(-1.25000085681677,0.,59.));
#6088=CARTESIAN_POINT('Origin',(-37.9405819624662,-4.00000035762787,60.));
#6089=CARTESIAN_POINT('',(-39.3496746261995,0.,59.));
#6090=CARTESIAN_POINT('',(-39.3496746261995,0.,60.));
#6091=CARTESIAN_POINT('',(-39.3496746261995,0.,30.));
#6092=CARTESIAN_POINT('',(-40.0971066206694,2.12173998355865,59.));
#6093=CARTESIAN_POINT('',(-37.9405819624662,-4.00000035762787,59.));
#6094=CARTESIAN_POINT('',(-40.0971066206694,2.12173998355865,60.));
#6095=CARTESIAN_POINT('',(-40.0971066206694,2.12173998355865,60.));
#6096=CARTESIAN_POINT('',(-40.8889561529969,4.36956831594529,60.));
#6097=CARTESIAN_POINT('Origin',(-2.50000171363354,-0.69275438785553,59.));
#6098=CARTESIAN_POINT('',(-35.0126516246351,0.,59.));
#6099=CARTESIAN_POINT('',(-36.2487914663917,0.,59.));
#6100=CARTESIAN_POINT('',(-1.25000085681677,0.,59.));
#6101=CARTESIAN_POINT('',(-34.2652212828398,2.12173998355865,59.));
#6102=CARTESIAN_POINT('',(-34.2652212828398,2.12173998355865,59.));
#6103=CARTESIAN_POINT('',(-35.5927597731352,2.12173998355865,59.));
#6104=CARTESIAN_POINT('',(-35.5927597731352,2.12173998355865,59.));
#6105=CARTESIAN_POINT('',(-37.1521794050932,-2.9217404127121,59.));
#6106=CARTESIAN_POINT('Origin',(-37.1521794050932,-2.9217404127121,60.));
#6107=CARTESIAN_POINT('',(-36.2487914663917,0.,60.));
#6108=CARTESIAN_POINT('',(-36.2487914663917,0.,30.));
#6109=CARTESIAN_POINT('',(-35.5927597731352,2.12173998355865,60.));
#6110=CARTESIAN_POINT('',(-35.5927597731352,2.12173998355865,60.));
#6111=CARTESIAN_POINT('',(-38.6093394127116,-7.63449237635494,60.));
#6112=CARTESIAN_POINT('Origin',(-38.7058006972075,2.12173998355865,60.));
#6113=CARTESIAN_POINT('',(-38.0522083054884,0.,60.));
#6114=CARTESIAN_POINT('',(-38.0522083054884,0.,59.));
#6115=CARTESIAN_POINT('',(-38.0522083054884,0.,30.));
#6116=CARTESIAN_POINT('',(-38.7058006972075,2.12173998355865,60.));
#6117=CARTESIAN_POINT('',(-40.1967684029488,6.96182967179032,60.));
#6118=CARTESIAN_POINT('',(-38.7058006972075,2.12173998355865,59.));
#6119=CARTESIAN_POINT('',(-38.7058006972075,2.12173998355865,60.));
#6120=CARTESIAN_POINT('',(-38.7058006972075,2.12173998355865,59.));
#6121=CARTESIAN_POINT('Origin',(-40.0971066206694,2.12173998355865,60.));
#6122=CARTESIAN_POINT('',(-60.0485533103347,2.12173998355865,60.));
#6123=CARTESIAN_POINT('',(-40.0971066206694,2.12173998355865,59.));
#6124=CARTESIAN_POINT('Origin',(-34.2652212828398,2.12173998355865,60.));
#6125=CARTESIAN_POINT('',(-35.0126516246351,0.,60.));
#6126=CARTESIAN_POINT('',(-35.0126516246351,1.11022302462516E-15,30.));
#6127=CARTESIAN_POINT('',(-34.2652212828398,2.12173998355865,60.));
#6128=CARTESIAN_POINT('',(-37.1221507336681,-5.98826185483202,60.));
#6129=CARTESIAN_POINT('',(-34.2652212828398,2.12173998355865,60.));
#6130=CARTESIAN_POINT('Origin',(-35.5927597731352,2.12173998355865,60.));
#6131=CARTESIAN_POINT('',(-57.7963798865676,2.12173998355865,60.));
#6132=CARTESIAN_POINT('Origin',(-2.50000171363354,-0.69275438785553,59.));
#6133=CARTESIAN_POINT('',(-1.25000085681677,0.,59.));
#6134=CARTESIAN_POINT('Origin',(-30.6246411055326,-3.0492752790451,60.));
#6135=CARTESIAN_POINT('',(-30.6246411055326,0.,59.));
#6136=CARTESIAN_POINT('',(-30.6246411055326,0.,60.));
#6137=CARTESIAN_POINT('',(-30.6246411055326,0.,30.));
#6138=CARTESIAN_POINT('',(-30.6246411055326,1.17101490497589,59.));
#6139=CARTESIAN_POINT('',(-30.6246411055326,-3.0492752790451,59.));
#6140=CARTESIAN_POINT('',(-30.6246411055326,1.17101490497589,60.));
#6141=CARTESIAN_POINT('',(-30.6246411055326,1.17101490497589,60.));
#6142=CARTESIAN_POINT('',(-30.6246411055326,-1.52463763952255,60.));
#6143=CARTESIAN_POINT('Origin',(-32.3985563963652,1.17101490497589,60.));
#6144=CARTESIAN_POINT('',(-32.3985563963652,1.17101490497589,60.));
#6145=CARTESIAN_POINT('',(-32.3985563963652,2.12173998355865,60.));
#6146=CARTESIAN_POINT('',(-32.3985563963652,0.585507452487946,60.));
#6147=CARTESIAN_POINT('',(-32.3985563963652,1.17101490497589,59.));
#6148=CARTESIAN_POINT('',(-32.3985563963652,1.17101490497589,60.));
#6149=CARTESIAN_POINT('',(-32.3985563963652,2.12173998355865,59.));
#6150=CARTESIAN_POINT('',(-32.3985563963652,1.17101490497589,59.));
#6151=CARTESIAN_POINT('',(-32.3985563963652,2.12173998355865,60.));
#6152=CARTESIAN_POINT('Origin',(-30.6246411055326,1.17101490497589,60.));
#6153=CARTESIAN_POINT('',(-55.3123205527663,1.17101490497589,60.));
#6154=CARTESIAN_POINT('',(-30.6246411055326,1.17101490497589,59.));
#6155=CARTESIAN_POINT('Origin',(-29.3260895460844,2.12173998355865,60.));
#6156=CARTESIAN_POINT('',(-29.3260895460844,0.,60.));
#6157=CARTESIAN_POINT('',(-29.3260895460844,0.,59.));
#6158=CARTESIAN_POINT('',(-29.3260895460844,0.,30.));
#6159=CARTESIAN_POINT('',(-29.3260895460844,2.12173998355865,60.));
#6160=CARTESIAN_POINT('',(-29.3260895460844,1.06086999177933,60.));
#6161=CARTESIAN_POINT('',(-29.3260895460844,2.12173998355865,59.));
#6162=CARTESIAN_POINT('',(-29.3260895460844,2.12173998355865,60.));
#6163=CARTESIAN_POINT('',(-29.3260895460844,2.12173998355865,59.));
#6164=CARTESIAN_POINT('Origin',(-32.3985563963652,2.12173998355865,60.));
#6165=CARTESIAN_POINT('',(-56.1992781981826,2.12173998355865,60.));
#6166=CARTESIAN_POINT('',(-32.3985563963652,2.12173998355865,59.));
#6167=CARTESIAN_POINT('Origin',(-2.50000171363354,-0.69275438785553,59.));
#6168=CARTESIAN_POINT('',(-1.25000085681677,0.,59.));
#6169=CARTESIAN_POINT('Origin',(-17.1579682081938,-4.00000035762787,60.));
#6170=CARTESIAN_POINT('',(-18.5064543338271,0.,59.));
#6171=CARTESIAN_POINT('',(-18.5064543338271,0.,60.));
#6172=CARTESIAN_POINT('',(-18.5064543338271,5.55111512312578E-16,30.));
#6173=CARTESIAN_POINT('',(-19.2217385023832,2.12173998355865,59.));
#6174=CARTESIAN_POINT('',(-17.1579682081938,-4.00000035762787,59.));
#6175=CARTESIAN_POINT('',(-19.2217385023832,2.12173998355865,60.));
#6176=CARTESIAN_POINT('',(-19.2217385023832,2.12173998355865,60.));
#6177=CARTESIAN_POINT('',(-20.9699976161361,7.30758279447629,60.));
#6178=CARTESIAN_POINT('Origin',(-2.50000171363354,-0.69275438785553,59.));
#6179=CARTESIAN_POINT('',(-14.1300464160832,0.,59.));
#6180=CARTESIAN_POINT('',(-15.3713039980332,0.,59.));
#6181=CARTESIAN_POINT('',(-1.25000085681677,0.,59.));
#6182=CARTESIAN_POINT('',(-13.4014498442411,2.12173998355865,59.));
#6183=CARTESIAN_POINT('',(-13.4014498442411,2.12173998355865,59.));
#6184=CARTESIAN_POINT('',(-14.7347819060087,2.12173998355865,59.));
#6185=CARTESIAN_POINT('',(-14.7347819060087,2.12173998355865,59.));
#6186=CARTESIAN_POINT('',(-16.2999998778105,-3.09565246105194,59.));
#6187=CARTESIAN_POINT('Origin',(-16.2999998778105,-3.09565246105194,60.));
#6188=CARTESIAN_POINT('',(-15.3713039980332,0.,60.));
#6189=CARTESIAN_POINT('',(-15.3713039980332,0.,30.));
#6190=CARTESIAN_POINT('',(-14.7347819060087,2.12173998355865,60.));
#6191=CARTESIAN_POINT('',(-14.7347819060087,2.12173998355865,60.));
#6192=CARTESIAN_POINT('',(-18.5038098580427,-10.4416846095233,60.));
#6193=CARTESIAN_POINT('Origin',(-17.8420292586088,2.12173998355865,60.));
#6194=CARTESIAN_POINT('',(-17.2149371953231,0.,60.));
#6195=CARTESIAN_POINT('',(-17.2149371953231,0.,59.));
#6196=CARTESIAN_POINT('',(-17.2149371953231,0.,30.));
#6197=CARTESIAN_POINT('',(-17.8420292586088,2.12173998355865,60.));
#6198=CARTESIAN_POINT('',(-20.0504190483675,9.59373523041756,60.));
#6199=CARTESIAN_POINT('',(-17.8420292586088,2.12173998355865,59.));
#6200=CARTESIAN_POINT('',(-17.8420292586088,2.12173998355865,60.));
#6201=CARTESIAN_POINT('',(-17.8420292586088,2.12173998355865,59.));
#6202=CARTESIAN_POINT('Origin',(-19.2217385023832,2.12173998355865,60.));
#6203=CARTESIAN_POINT('',(-49.6108692511916,2.12173998355865,60.));
#6204=CARTESIAN_POINT('',(-19.2217385023832,2.12173998355865,59.));
#6205=CARTESIAN_POINT('Origin',(-13.4014498442411,2.12173998355865,60.));
#6206=CARTESIAN_POINT('',(-14.1300464160832,0.,60.));
#6207=CARTESIAN_POINT('',(-14.1300464160832,-5.55111512312578E-16,30.));
#6208=CARTESIAN_POINT('',(-13.4014498442411,2.12173998355865,60.));
#6209=CARTESIAN_POINT('',(-17.2398000332398,-9.05588750144169,60.));
#6210=CARTESIAN_POINT('',(-13.4014498442411,2.12173998355865,60.));
#6211=CARTESIAN_POINT('Origin',(-14.7347819060087,2.12173998355865,60.));
#6212=CARTESIAN_POINT('',(-47.3673909530044,2.12173998355865,60.));
#6213=CARTESIAN_POINT('Origin',(-2.50000171363354,-0.69275438785553,59.));
#6214=CARTESIAN_POINT('',(-1.25000085681677,0.,59.));
#6215=CARTESIAN_POINT('Origin',(-4.84493128955364,-4.00000035762787,60.));
#6216=CARTESIAN_POINT('',(-4.84493128955364,0.,59.));
#6217=CARTESIAN_POINT('',(-4.84493128955364,0.,60.));
#6218=CARTESIAN_POINT('',(-4.84493128955364,0.,30.));
#6219=CARTESIAN_POINT('',(-4.84493128955364,4.56811606884003,59.));
#6220=CARTESIAN_POINT('',(-4.84493128955364,-4.00000035762787,59.));
#6221=CARTESIAN_POINT('',(-4.84493128955364,4.56811606884003,60.));
#6222=CARTESIAN_POINT('',(-4.84493128955364,4.56811606884003,60.));
#6223=CARTESIAN_POINT('',(-4.84493128955364,-2.00000017881393,60.));
#6224=CARTESIAN_POINT('Origin',(-2.50000171363354,-0.69275438785553,59.));
#6225=CARTESIAN_POINT('',(-3.54638449847698,0.,59.));
#6226=CARTESIAN_POINT('',(-1.25000085681677,0.,59.));
#6227=CARTESIAN_POINT('',(-3.54638449847698,0.376811623573303,59.));
#6228=CARTESIAN_POINT('',(-3.54638449847698,0.376811623573303,59.));
#6229=CARTESIAN_POINT('',(-2.92609088122845,1.00869476795197,59.));
#6230=CARTESIAN_POINT('Ctrl Pts',(-2.92609088122845,1.00869476795197,59.));
#6231=CARTESIAN_POINT('Ctrl Pts',(-3.04392615186213,0.913878742511538,59.));
#6232=CARTESIAN_POINT('Ctrl Pts',(-3.27550315910293,0.727540549440104,59.));
#6233=CARTESIAN_POINT('Ctrl Pts',(-3.45716109400279,0.492335376098041,59.));
#6234=CARTESIAN_POINT('Ctrl Pts',(-3.54638449847698,0.376811623573303,59.));
#6235=CARTESIAN_POINT('',(-2.12029807269573,1.29275381565094,59.));
#6236=CARTESIAN_POINT('Ctrl Pts',(-2.12029807269573,1.29275381565094,59.));
#6237=CARTESIAN_POINT('Ctrl Pts',(-2.26372494189981,1.28002006528778,59.));
#6238=CARTESIAN_POINT('Ctrl Pts',(-2.55628997186744,1.25404550363645,59.));
#6239=CARTESIAN_POINT('Ctrl Pts',(-2.80123005018151,1.09153582101612,59.));
#6240=CARTESIAN_POINT('Ctrl Pts',(-2.92609088122845,1.00869476795197,59.));
#6241=CARTESIAN_POINT('',(-1.44783370196819,1.04927599430084,59.));
#6242=CARTESIAN_POINT('Ctrl Pts',(-1.44783370196819,1.04927599430084,59.));
#6243=CARTESIAN_POINT('Ctrl Pts',(-1.53478996313787,1.1200895064521,59.));
#6244=CARTESIAN_POINT('Ctrl Pts',(-1.72901171158669,1.27825550805812,59.));
#6245=CARTESIAN_POINT('Ctrl Pts',(-1.98108315008483,1.28759549435448,59.));
#6246=CARTESIAN_POINT('Ctrl Pts',(-2.12029807269573,1.29275381565094,59.));
#6247=CARTESIAN_POINT('',(-1.23913638293743,0.260869860649109,59.));
#6248=CARTESIAN_POINT('Ctrl Pts',(-1.23913638293743,0.260869860649109,59.));
#6249=CARTESIAN_POINT('Ctrl Pts',(-1.24132947437497,0.422810163716891,59.));
#6250=CARTESIAN_POINT('Ctrl Pts',(-1.24514933146574,0.704872646093535,59.));
#6251=CARTESIAN_POINT('Ctrl Pts',(-1.387297111153,0.946411602171733,59.));
#6252=CARTESIAN_POINT('Ctrl Pts',(-1.44783370196819,1.04927599430084,59.));
#6253=CARTESIAN_POINT('',(-1.23913638293743,0.,59.));
#6254=CARTESIAN_POINT('',(-1.23913638293743,-4.00000035762787,59.));
#6255=CARTESIAN_POINT('',(0.0594104081392288,0.,59.));
#6256=CARTESIAN_POINT('',(-1.25000085681677,0.,59.));
#6257=CARTESIAN_POINT('',(0.0594104081392288,0.463767647743225,59.));
#6258=CARTESIAN_POINT('',(0.0594104081392288,0.463767647743225,59.));
#6259=CARTESIAN_POINT('',(-0.363773033022881,1.80289804935455,59.));
#6260=CARTESIAN_POINT('Ctrl Pts',(-0.363773033022881,1.80289804935455,59.));
#6261=CARTESIAN_POINT('Ctrl Pts',(-0.240554768045911,1.61690149014309,59.));
#6262=CARTESIAN_POINT('Ctrl Pts',(0.0272526657037275,1.21264923729734,59.));
#6263=CARTESIAN_POINT('Ctrl Pts',(0.0481356759520146,0.726330835413835,
59.));
#6264=CARTESIAN_POINT('Ctrl Pts',(0.0594104081392288,0.463767647743225,
59.));
#6265=CARTESIAN_POINT('',(-1.6507326811552,2.28405773639679,59.));
#6266=CARTESIAN_POINT('Ctrl Pts',(-1.6507326811552,2.28405773639679,59.));
#6267=CARTESIAN_POINT('Ctrl Pts',(-1.38853582003896,2.27174742153747,59.));
#6268=CARTESIAN_POINT('Ctrl Pts',(-0.905100684562603,2.24904982437161,59.));
#6269=CARTESIAN_POINT('Ctrl Pts',(-0.533727502452681,1.94297123422238,59.));
#6270=CARTESIAN_POINT('Ctrl Pts',(-0.363773033022881,1.80289804935455,59.));
#6271=CARTESIAN_POINT('',(-2.68261305987835,2.0521742105484,59.));
#6272=CARTESIAN_POINT('Ctrl Pts',(-2.68261305987835,2.0521742105484,59.));
#6273=CARTESIAN_POINT('Ctrl Pts',(-2.51569341483577,2.11980539161928,59.));
#6274=CARTESIAN_POINT('Ctrl Pts',(-2.18446947812504,2.25400808557407,59.));
#6275=CARTESIAN_POINT('Ctrl Pts',(-1.82770594189204,2.27409405257306,59.));
#6276=CARTESIAN_POINT('Ctrl Pts',(-1.6507326811552,2.28405773639679,59.));
#6277=CARTESIAN_POINT('',(-3.54638449847698,1.37391269207001,59.));
#6278=CARTESIAN_POINT('Ctrl Pts',(-3.54638449847698,1.37391269207001,59.));
#6279=CARTESIAN_POINT('Ctrl Pts',(-3.41931906911437,1.51443649529811,59.));
#6280=CARTESIAN_POINT('Ctrl Pts',(-3.17010266468886,1.79004912378705,59.));
#6281=CARTESIAN_POINT('Ctrl Pts',(-2.84295921263593,1.96595545062271,59.));
#6282=CARTESIAN_POINT('Ctrl Pts',(-2.68261305987835,2.0521742105484,59.));
#6283=CARTESIAN_POINT('',(-3.54638449847698,4.70724642276764,59.));
#6284=CARTESIAN_POINT('',(-3.54638449847698,4.70724642276764,59.));
#6285=CARTESIAN_POINT('',(-4.84493128955364,4.56811606884003,59.));
#6286=CARTESIAN_POINT('Origin',(-1.23913638293743,-4.00000035762787,60.));
#6287=CARTESIAN_POINT('',(-1.23913638293743,0.,60.));
#6288=CARTESIAN_POINT('',(-1.23913638293743,0.,30.));
#6289=CARTESIAN_POINT('',(-1.23913638293743,0.260869860649109,60.));
#6290=CARTESIAN_POINT('',(-1.23913638293743,0.260869860649109,60.));
#6291=CARTESIAN_POINT('',(-1.23913638293743,-2.00000017881393,60.));
#6292=CARTESIAN_POINT('Origin',(-3.54638449847698,0.376811623573303,60.));
#6293=CARTESIAN_POINT('',(-3.54638449847698,0.,60.));
#6294=CARTESIAN_POINT('',(-3.54638449847698,0.,30.));
#6295=CARTESIAN_POINT('',(-3.54638449847698,0.376811623573303,60.));
#6296=CARTESIAN_POINT('',(-3.54638449847698,0.188405811786652,60.));
#6297=CARTESIAN_POINT('',(-3.54638449847698,0.376811623573303,60.));
#6298=CARTESIAN_POINT('Ctrl Pts',(-2.92609088122845,1.00869476795197,60.));
#6299=CARTESIAN_POINT('Ctrl Pts',(-2.92609088122845,1.00869476795197,59.));
#6300=CARTESIAN_POINT('Ctrl Pts',(-3.04392615186213,0.913878742511538,60.));
#6301=CARTESIAN_POINT('Ctrl Pts',(-3.04392615186213,0.913878742511538,59.));
#6302=CARTESIAN_POINT('Ctrl Pts',(-3.27550315910293,0.727540549440104,60.));
#6303=CARTESIAN_POINT('Ctrl Pts',(-3.27550315910293,0.727540549440104,59.));
#6304=CARTESIAN_POINT('Ctrl Pts',(-3.45716109400279,0.492335376098041,60.));
#6305=CARTESIAN_POINT('Ctrl Pts',(-3.45716109400279,0.492335376098041,59.));
#6306=CARTESIAN_POINT('Ctrl Pts',(-3.54638449847698,0.376811623573303,60.));
#6307=CARTESIAN_POINT('Ctrl Pts',(-3.54638449847698,0.376811623573303,59.));
#6308=CARTESIAN_POINT('',(-2.92609088122845,1.00869476795197,60.));
#6309=CARTESIAN_POINT('Ctrl Pts',(-2.92609088122845,1.00869476795197,60.));
#6310=CARTESIAN_POINT('Ctrl Pts',(-3.04392615186213,0.913878742511538,60.));
#6311=CARTESIAN_POINT('Ctrl Pts',(-3.27550315910293,0.727540549440104,60.));
#6312=CARTESIAN_POINT('Ctrl Pts',(-3.45716109400279,0.492335376098041,60.));
#6313=CARTESIAN_POINT('Ctrl Pts',(-3.54638449847698,0.376811623573303,60.));
#6314=CARTESIAN_POINT('',(-2.92609088122845,1.00869476795197,60.));
#6315=CARTESIAN_POINT('Ctrl Pts',(-2.12029807269573,1.29275381565094,60.));
#6316=CARTESIAN_POINT('Ctrl Pts',(-2.12029807269573,1.29275381565094,59.));
#6317=CARTESIAN_POINT('Ctrl Pts',(-2.26372494189981,1.28002006528778,60.));
#6318=CARTESIAN_POINT('Ctrl Pts',(-2.26372494189981,1.28002006528778,59.));
#6319=CARTESIAN_POINT('Ctrl Pts',(-2.55628997186744,1.25404550363645,60.));
#6320=CARTESIAN_POINT('Ctrl Pts',(-2.55628997186744,1.25404550363645,59.));
#6321=CARTESIAN_POINT('Ctrl Pts',(-2.80123005018151,1.09153582101612,60.));
#6322=CARTESIAN_POINT('Ctrl Pts',(-2.80123005018151,1.09153582101612,59.));
#6323=CARTESIAN_POINT('Ctrl Pts',(-2.92609088122845,1.00869476795197,60.));
#6324=CARTESIAN_POINT('Ctrl Pts',(-2.92609088122845,1.00869476795197,59.));
#6325=CARTESIAN_POINT('',(-2.12029807269573,1.29275381565094,60.));
#6326=CARTESIAN_POINT('Ctrl Pts',(-2.12029807269573,1.29275381565094,60.));
#6327=CARTESIAN_POINT('Ctrl Pts',(-2.26372494189981,1.28002006528778,60.));
#6328=CARTESIAN_POINT('Ctrl Pts',(-2.55628997186744,1.25404550363645,60.));
#6329=CARTESIAN_POINT('Ctrl Pts',(-2.80123005018151,1.09153582101612,60.));
#6330=CARTESIAN_POINT('Ctrl Pts',(-2.92609088122845,1.00869476795197,60.));
#6331=CARTESIAN_POINT('',(-2.12029807269573,1.29275381565094,60.));
#6332=CARTESIAN_POINT('Ctrl Pts',(-1.44783370196819,1.04927599430084,60.));
#6333=CARTESIAN_POINT('Ctrl Pts',(-1.44783370196819,1.04927599430084,59.));
#6334=CARTESIAN_POINT('Ctrl Pts',(-1.53478996313787,1.1200895064521,60.));
#6335=CARTESIAN_POINT('Ctrl Pts',(-1.53478996313787,1.1200895064521,59.));
#6336=CARTESIAN_POINT('Ctrl Pts',(-1.72901171158669,1.27825550805812,60.));
#6337=CARTESIAN_POINT('Ctrl Pts',(-1.72901171158669,1.27825550805812,59.));
#6338=CARTESIAN_POINT('Ctrl Pts',(-1.98108315008483,1.28759549435448,60.));
#6339=CARTESIAN_POINT('Ctrl Pts',(-1.98108315008483,1.28759549435448,59.));
#6340=CARTESIAN_POINT('Ctrl Pts',(-2.12029807269573,1.29275381565094,60.));
#6341=CARTESIAN_POINT('Ctrl Pts',(-2.12029807269573,1.29275381565094,59.));
#6342=CARTESIAN_POINT('',(-1.44783370196819,1.04927599430084,60.));
#6343=CARTESIAN_POINT('Ctrl Pts',(-1.44783370196819,1.04927599430084,60.));
#6344=CARTESIAN_POINT('Ctrl Pts',(-1.53478996313787,1.1200895064521,60.));
#6345=CARTESIAN_POINT('Ctrl Pts',(-1.72901171158669,1.27825550805812,60.));
#6346=CARTESIAN_POINT('Ctrl Pts',(-1.98108315008483,1.28759549435448,60.));
#6347=CARTESIAN_POINT('Ctrl Pts',(-2.12029807269573,1.29275381565094,60.));
#6348=CARTESIAN_POINT('',(-1.44783370196819,1.04927599430084,60.));
#6349=CARTESIAN_POINT('Ctrl Pts',(-1.23913638293743,0.260869860649109,60.));
#6350=CARTESIAN_POINT('Ctrl Pts',(-1.23913638293743,0.260869860649109,59.));
#6351=CARTESIAN_POINT('Ctrl Pts',(-1.24132947437497,0.422810163716891,60.));
#6352=CARTESIAN_POINT('Ctrl Pts',(-1.24132947437497,0.422810163716891,59.));
#6353=CARTESIAN_POINT('Ctrl Pts',(-1.24514933146574,0.704872646093535,60.));
#6354=CARTESIAN_POINT('Ctrl Pts',(-1.24514933146574,0.704872646093535,59.));
#6355=CARTESIAN_POINT('Ctrl Pts',(-1.387297111153,0.946411602171733,60.));
#6356=CARTESIAN_POINT('Ctrl Pts',(-1.387297111153,0.946411602171733,59.));
#6357=CARTESIAN_POINT('Ctrl Pts',(-1.44783370196819,1.04927599430084,60.));
#6358=CARTESIAN_POINT('Ctrl Pts',(-1.44783370196819,1.04927599430084,59.));
#6359=CARTESIAN_POINT('Ctrl Pts',(-1.23913638293743,0.260869860649109,60.));
#6360=CARTESIAN_POINT('Ctrl Pts',(-1.24132947437497,0.422810163716891,60.));
#6361=CARTESIAN_POINT('Ctrl Pts',(-1.24514933146574,0.704872646093535,60.));
#6362=CARTESIAN_POINT('Ctrl Pts',(-1.387297111153,0.946411602171733,60.));
#6363=CARTESIAN_POINT('Ctrl Pts',(-1.44783370196819,1.04927599430084,60.));
#6364=CARTESIAN_POINT('Origin',(0.0594104081392288,0.463767647743225,60.));
#6365=CARTESIAN_POINT('',(0.0594104081392288,0.,60.));
#6366=CARTESIAN_POINT('',(0.0594104081392288,0.,30.));
#6367=CARTESIAN_POINT('',(0.0594104081392288,0.463767647743225,60.));
#6368=CARTESIAN_POINT('',(0.0594104081392288,0.231883823871613,60.));
#6369=CARTESIAN_POINT('',(0.0594104081392288,0.463767647743225,60.));
#6370=CARTESIAN_POINT('Ctrl Pts',(-0.363773033022881,1.80289804935455,60.));
#6371=CARTESIAN_POINT('Ctrl Pts',(-0.363773033022881,1.80289804935455,59.));
#6372=CARTESIAN_POINT('Ctrl Pts',(-0.240554768045911,1.61690149014309,60.));
#6373=CARTESIAN_POINT('Ctrl Pts',(-0.240554768045911,1.61690149014309,59.));
#6374=CARTESIAN_POINT('Ctrl Pts',(0.0272526657037275,1.21264923729734,60.));
#6375=CARTESIAN_POINT('Ctrl Pts',(0.0272526657037275,1.21264923729734,59.));
#6376=CARTESIAN_POINT('Ctrl Pts',(0.0481356759520146,0.726330835413835,
60.));
#6377=CARTESIAN_POINT('Ctrl Pts',(0.0481356759520146,0.726330835413835,
59.));
#6378=CARTESIAN_POINT('Ctrl Pts',(0.0594104081392288,0.463767647743225,
60.));
#6379=CARTESIAN_POINT('Ctrl Pts',(0.0594104081392288,0.463767647743225,
59.));
#6380=CARTESIAN_POINT('',(-0.363773033022881,1.80289804935455,60.));
#6381=CARTESIAN_POINT('Ctrl Pts',(-0.363773033022881,1.80289804935455,60.));
#6382=CARTESIAN_POINT('Ctrl Pts',(-0.240554768045911,1.61690149014309,60.));
#6383=CARTESIAN_POINT('Ctrl Pts',(0.0272526657037275,1.21264923729734,60.));
#6384=CARTESIAN_POINT('Ctrl Pts',(0.0481356759520146,0.726330835413835,
60.));
#6385=CARTESIAN_POINT('Ctrl Pts',(0.0594104081392288,0.463767647743225,
60.));
#6386=CARTESIAN_POINT('',(-0.363773033022881,1.80289804935455,60.));
#6387=CARTESIAN_POINT('Ctrl Pts',(-1.6507326811552,2.28405773639679,60.));
#6388=CARTESIAN_POINT('Ctrl Pts',(-1.6507326811552,2.28405773639679,59.));
#6389=CARTESIAN_POINT('Ctrl Pts',(-1.38853582003896,2.27174742153747,60.));
#6390=CARTESIAN_POINT('Ctrl Pts',(-1.38853582003896,2.27174742153747,59.));
#6391=CARTESIAN_POINT('Ctrl Pts',(-0.905100684562603,2.24904982437161,60.));
#6392=CARTESIAN_POINT('Ctrl Pts',(-0.905100684562603,2.24904982437161,59.));
#6393=CARTESIAN_POINT('Ctrl Pts',(-0.533727502452681,1.94297123422238,60.));
#6394=CARTESIAN_POINT('Ctrl Pts',(-0.533727502452681,1.94297123422238,59.));
#6395=CARTESIAN_POINT('Ctrl Pts',(-0.363773033022881,1.80289804935455,60.));
#6396=CARTESIAN_POINT('Ctrl Pts',(-0.363773033022881,1.80289804935455,59.));
#6397=CARTESIAN_POINT('',(-1.6507326811552,2.28405773639679,60.));
#6398=CARTESIAN_POINT('Ctrl Pts',(-1.6507326811552,2.28405773639679,60.));
#6399=CARTESIAN_POINT('Ctrl Pts',(-1.38853582003896,2.27174742153747,60.));
#6400=CARTESIAN_POINT('Ctrl Pts',(-0.905100684562603,2.24904982437161,60.));
#6401=CARTESIAN_POINT('Ctrl Pts',(-0.533727502452681,1.94297123422238,60.));
#6402=CARTESIAN_POINT('Ctrl Pts',(-0.363773033022881,1.80289804935455,60.));
#6403=CARTESIAN_POINT('',(-1.6507326811552,2.28405773639679,60.));
#6404=CARTESIAN_POINT('Ctrl Pts',(-2.68261305987835,2.0521742105484,60.));
#6405=CARTESIAN_POINT('Ctrl Pts',(-2.68261305987835,2.0521742105484,59.));
#6406=CARTESIAN_POINT('Ctrl Pts',(-2.51569341483577,2.11980539161928,60.));
#6407=CARTESIAN_POINT('Ctrl Pts',(-2.51569341483577,2.11980539161928,59.));
#6408=CARTESIAN_POINT('Ctrl Pts',(-2.18446947812504,2.25400808557407,60.));
#6409=CARTESIAN_POINT('Ctrl Pts',(-2.18446947812504,2.25400808557407,59.));
#6410=CARTESIAN_POINT('Ctrl Pts',(-1.82770594189204,2.27409405257306,60.));
#6411=CARTESIAN_POINT('Ctrl Pts',(-1.82770594189204,2.27409405257306,59.));
#6412=CARTESIAN_POINT('Ctrl Pts',(-1.6507326811552,2.28405773639679,60.));
#6413=CARTESIAN_POINT('Ctrl Pts',(-1.6507326811552,2.28405773639679,59.));
#6414=CARTESIAN_POINT('',(-2.68261305987835,2.0521742105484,60.));
#6415=CARTESIAN_POINT('Ctrl Pts',(-2.68261305987835,2.0521742105484,60.));
#6416=CARTESIAN_POINT('Ctrl Pts',(-2.51569341483577,2.11980539161928,60.));
#6417=CARTESIAN_POINT('Ctrl Pts',(-2.18446947812504,2.25400808557407,60.));
#6418=CARTESIAN_POINT('Ctrl Pts',(-1.82770594189204,2.27409405257306,60.));
#6419=CARTESIAN_POINT('Ctrl Pts',(-1.6507326811552,2.28405773639679,60.));
#6420=CARTESIAN_POINT('',(-2.68261305987835,2.0521742105484,60.));
#6421=CARTESIAN_POINT('Ctrl Pts',(-3.54638449847698,1.37391269207001,60.));
#6422=CARTESIAN_POINT('Ctrl Pts',(-3.54638449847698,1.37391269207001,59.));
#6423=CARTESIAN_POINT('Ctrl Pts',(-3.41931906911437,1.51443649529811,60.));
#6424=CARTESIAN_POINT('Ctrl Pts',(-3.41931906911437,1.51443649529811,59.));
#6425=CARTESIAN_POINT('Ctrl Pts',(-3.17010266468886,1.79004912378705,60.));
#6426=CARTESIAN_POINT('Ctrl Pts',(-3.17010266468886,1.79004912378705,59.));
#6427=CARTESIAN_POINT('Ctrl Pts',(-2.84295921263593,1.96595545062271,60.));
#6428=CARTESIAN_POINT('Ctrl Pts',(-2.84295921263593,1.96595545062271,59.));
#6429=CARTESIAN_POINT('Ctrl Pts',(-2.68261305987835,2.0521742105484,60.));
#6430=CARTESIAN_POINT('Ctrl Pts',(-2.68261305987835,2.0521742105484,59.));
#6431=CARTESIAN_POINT('',(-3.54638449847698,1.37391269207001,60.));
#6432=CARTESIAN_POINT('Ctrl Pts',(-3.54638449847698,1.37391269207001,60.));
#6433=CARTESIAN_POINT('Ctrl Pts',(-3.41931906911437,1.51443649529811,60.));
#6434=CARTESIAN_POINT('Ctrl Pts',(-3.17010266468886,1.79004912378705,60.));
#6435=CARTESIAN_POINT('Ctrl Pts',(-2.84295921263593,1.96595545062271,60.));
#6436=CARTESIAN_POINT('Ctrl Pts',(-2.68261305987835,2.0521742105484,60.));
#6437=CARTESIAN_POINT('',(-3.54638449847698,1.37391269207001,60.));
#6438=CARTESIAN_POINT('Origin',(-3.54638449847698,4.70724642276764,60.));
#6439=CARTESIAN_POINT('',(-3.54638449847698,4.70724642276764,60.));
#6440=CARTESIAN_POINT('',(-3.54638449847698,2.35362321138382,60.));
#6441=CARTESIAN_POINT('',(-3.54638449847698,4.70724642276764,60.));
#6442=CARTESIAN_POINT('Origin',(-4.84493128955364,4.56811606884003,60.));
#6443=CARTESIAN_POINT('',(-42.2379283026028,0.561713723857024,60.));
#6444=CARTESIAN_POINT('Origin',(10.4594195634127,-2.21449315547943,60.));
#6445=CARTESIAN_POINT('',(10.4594195634127,0.,59.));
#6446=CARTESIAN_POINT('',(10.4594195634127,0.,60.));
#6447=CARTESIAN_POINT('',(10.4594195634127,0.,30.));
#6448=CARTESIAN_POINT('',(10.4594195634127,3.62318813800812,59.));
#6449=CARTESIAN_POINT('',(10.4594195634127,-2.21449315547943,59.));
#6450=CARTESIAN_POINT('',(10.4594195634127,3.62318813800812,60.));
#6451=CARTESIAN_POINT('',(10.4594195634127,3.62318813800812,60.));
#6452=CARTESIAN_POINT('',(10.4594195634127,-1.10724657773972,60.));
#6453=CARTESIAN_POINT('Origin',(8.61014969646931,3.62318813800812,60.));
#6454=CARTESIAN_POINT('',(8.61014969646931,3.62318813800812,60.));
#6455=CARTESIAN_POINT('',(8.61014969646931,4.57971036434174,60.));
#6456=CARTESIAN_POINT('',(8.61014969646931,1.81159406900406,60.));
#6457=CARTESIAN_POINT('',(8.61014969646931,3.62318813800812,59.));
#6458=CARTESIAN_POINT('',(8.61014969646931,3.62318813800812,60.));
#6459=CARTESIAN_POINT('',(8.61014969646931,4.57971036434174,59.));
#6460=CARTESIAN_POINT('',(8.61014969646931,3.62318813800812,59.));
#6461=CARTESIAN_POINT('',(8.61014969646931,4.57971036434174,60.));
#6462=CARTESIAN_POINT('Origin',(10.4594195634127,3.62318813800812,60.));
#6463=CARTESIAN_POINT('',(-34.7702902182937,3.62318813800812,60.));
#6464=CARTESIAN_POINT('',(10.4594195634127,3.62318813800812,59.));
#6465=CARTESIAN_POINT('Origin',(11.7579711228609,4.57971036434174,60.));
#6466=CARTESIAN_POINT('',(11.7579711228609,0.,60.));
#6467=CARTESIAN_POINT('',(11.7579711228609,0.,59.));
#6468=CARTESIAN_POINT('',(11.7579711228609,0.,30.));
#6469=CARTESIAN_POINT('',(11.7579711228609,4.57971036434174,60.));
#6470=CARTESIAN_POINT('',(11.7579711228609,2.28985518217087,60.));
#6471=CARTESIAN_POINT('',(11.7579711228609,4.57971036434174,59.));
#6472=CARTESIAN_POINT('',(11.7579711228609,4.57971036434174,60.));
#6473=CARTESIAN_POINT('',(11.7579711228609,4.57971036434174,59.));
#6474=CARTESIAN_POINT('Origin',(8.61014969646931,4.57971036434174,60.));
#6475=CARTESIAN_POINT('',(-35.6949251517653,4.57971036434174,60.));
#6476=CARTESIAN_POINT('',(8.61014969646931,4.57971036434174,59.));
#6477=CARTESIAN_POINT('Origin',(-2.50000171363354,-0.69275438785553,59.));
#6478=CARTESIAN_POINT('',(-1.25000085681677,0.,59.));
#6479=CARTESIAN_POINT('Ctrl Pts',(22.7144969254732,-0.944927334785461,60.));
#6480=CARTESIAN_POINT('Ctrl Pts',(22.7144969254732,-0.944927334785461,59.));
#6481=CARTESIAN_POINT('Ctrl Pts',(22.726312930447,-0.65072854476806,60.));
#6482=CARTESIAN_POINT('Ctrl Pts',(22.726312930447,-0.65072854476806,59.));
#6483=CARTESIAN_POINT('Ctrl Pts',(22.7491018642157,-0.0833221535694184,
60.));
#6484=CARTESIAN_POINT('Ctrl Pts',(22.7491018642157,-0.0833221535694184,
59.));
#6485=CARTESIAN_POINT('Ctrl Pts',(22.9527005844946,0.446391203008751,60.));
#6486=CARTESIAN_POINT('Ctrl Pts',(22.9527005844946,0.446391203008751,59.));
#6487=CARTESIAN_POINT('Ctrl Pts',(23.0507338792086,0.701449513435364,60.));
#6488=CARTESIAN_POINT('Ctrl Pts',(23.0507338792086,0.701449513435364,59.));
#6489=CARTESIAN_POINT('',(22.8150417738362,3.46944695195361E-17,59.));
#6490=CARTESIAN_POINT('',(22.8150417738362,0.,60.));
#6491=CARTESIAN_POINT('Ctrl Pts',(22.8150417738362,6.93889390390723E-17,
59.));
#6492=CARTESIAN_POINT('Ctrl Pts',(22.8150417738362,6.93889390390723E-17,
59.1666666666667));
#6493=CARTESIAN_POINT('Ctrl Pts',(22.8150417738362,6.93889390390723E-17,
59.3333333333333));
#6494=CARTESIAN_POINT('Ctrl Pts',(22.8150417738362,6.93889390390723E-17,
59.6666666666667));
#6495=CARTESIAN_POINT('Ctrl Pts',(22.8150417738362,6.93889390390723E-17,
59.8333333333333));
#6496=CARTESIAN_POINT('Ctrl Pts',(22.8150417738362,6.93889390390723E-17,
60.));
#6497=CARTESIAN_POINT('',(23.0507338792086,0.701449513435364,59.));
#6498=CARTESIAN_POINT('Ctrl Pts',(22.8150417738362,6.93889390390723E-17,
59.));
#6499=CARTESIAN_POINT('Ctrl Pts',(22.8726733699698,0.238180245859884,59.));
#6500=CARTESIAN_POINT('Ctrl Pts',(22.9617036245892,0.469814879647624,59.));
#6501=CARTESIAN_POINT('Ctrl Pts',(23.0507338792086,0.701449513435364,59.));
#6502=CARTESIAN_POINT('',(23.0507338792086,0.701449513435364,60.));
#6503=CARTESIAN_POINT('',(23.0507338792086,0.701449513435364,60.));
#6504=CARTESIAN_POINT('Ctrl Pts',(22.8150417738362,0.,60.));
#6505=CARTESIAN_POINT('Ctrl Pts',(22.8726733699698,0.238180245859884,60.));
#6506=CARTESIAN_POINT('Ctrl Pts',(22.9617036245892,0.469814879647624,60.));
#6507=CARTESIAN_POINT('Ctrl Pts',(23.0507338792086,0.701449513435364,60.));
#6508=CARTESIAN_POINT('Origin',(-2.50000171363354,-0.69275438785553,59.));
#6509=CARTESIAN_POINT('',(24.1084406590969,-2.60208521396521E-17,59.));
#6510=CARTESIAN_POINT('',(-1.25000085681677,0.,59.));
#6511=CARTESIAN_POINT('',(24.5116008073092,0.886955857276917,59.));
#6512=CARTESIAN_POINT('Ctrl Pts',(24.5116008073092,0.886955857276917,59.));
#6513=CARTESIAN_POINT('Ctrl Pts',(24.3919741025996,0.706781159724552,59.));
#6514=CARTESIAN_POINT('Ctrl Pts',(24.2076306570612,0.42913391844765,59.));
#6515=CARTESIAN_POINT('Ctrl Pts',(24.1286905282924,0.113498676499414,59.));
#6516=CARTESIAN_POINT('Ctrl Pts',(24.1084406590969,-5.20417042793042E-17,
59.));
#6517=CARTESIAN_POINT('',(25.5202925950289,1.32173836231232,59.));
#6518=CARTESIAN_POINT('Ctrl Pts',(25.5202925950289,1.32173836231232,59.));
#6519=CARTESIAN_POINT('Ctrl Pts',(25.3266686100597,1.30424495015751,59.));
#6520=CARTESIAN_POINT('Ctrl Pts',(24.9426791923305,1.2695525273748,59.));
#6521=CARTESIAN_POINT('Ctrl Pts',(24.6544783737617,1.01376453768362,59.));
#6522=CARTESIAN_POINT('Ctrl Pts',(24.5116008073092,0.886955857276917,59.));
#6523=CARTESIAN_POINT('',(26.5173972398043,0.85797131061554,59.));
#6524=CARTESIAN_POINT('Ctrl Pts',(26.5173972398043,0.85797131061554,59.));
#6525=CARTESIAN_POINT('Ctrl Pts',(26.3854999986232,0.993195826919875,59.));
#6526=CARTESIAN_POINT('Ctrl Pts',(26.1126205730944,1.27295898190421,59.));
#6527=CARTESIAN_POINT('Ctrl Pts',(25.7220694455632,1.30512163962785,59.));
#6528=CARTESIAN_POINT('Ctrl Pts',(25.5202925950289,1.32173836231232,59.));
#6529=CARTESIAN_POINT('',(26.851457593891,1.73472347597681E-17,59.));
#6530=CARTESIAN_POINT('Ctrl Pts',(26.851457593891,3.46944695195361E-17,
59.));
#6531=CARTESIAN_POINT('Ctrl Pts',(26.8372780814673,0.100243649737673,59.));
#6532=CARTESIAN_POINT('Ctrl Pts',(26.7755976877001,0.401005032643231,59.));
#6533=CARTESIAN_POINT('Ctrl Pts',(26.6212310749184,0.674204932414544,59.));
#6534=CARTESIAN_POINT('Ctrl Pts',(26.5173972398043,0.85797131061554,59.));
#6535=CARTESIAN_POINT('',(28.0855377270449,1.73472347597681E-17,59.));
#6536=CARTESIAN_POINT('',(-1.25000085681677,0.,59.));
#6537=CARTESIAN_POINT('',(27.4333346635103,1.46666586399078,59.));
#6538=CARTESIAN_POINT('Ctrl Pts',(27.4333346635103,1.46666586399078,59.));
#6539=CARTESIAN_POINT('Ctrl Pts',(27.6409962342348,1.15327087650047,59.));
#6540=CARTESIAN_POINT('Ctrl Pts',(27.9456787825428,0.693455499575454,59.));
#6541=CARTESIAN_POINT('Ctrl Pts',(28.0604885059658,0.1703939899884,59.));
#6542=CARTESIAN_POINT('Ctrl Pts',(28.0855377270449,3.46944695195361E-17,
59.));
#6543=CARTESIAN_POINT('',(25.5087054520845,2.28405773639679,59.));
#6544=CARTESIAN_POINT('Ctrl Pts',(25.5087054520845,2.28405773639679,59.));
#6545=CARTESIAN_POINT('Ctrl Pts',(25.8888893080977,2.25489223993877,59.));
#6546=CARTESIAN_POINT('Ctrl Pts',(26.6241803034741,2.19848498702134,59.));
#6547=CARTESIAN_POINT('Ctrl Pts',(27.1698194565952,1.70499550435902,59.));
#6548=CARTESIAN_POINT('Ctrl Pts',(27.4333346635103,1.46666586399078,59.));
#6549=CARTESIAN_POINT('',(24.0130484849215,1.85507237911224,59.));
#6550=CARTESIAN_POINT('Ctrl Pts',(24.0130484849215,1.85507237911224,59.));
#6551=CARTESIAN_POINT('Ctrl Pts',(24.2368131527206,1.98014800086048,59.));
#6552=CARTESIAN_POINT('Ctrl Pts',(24.7012170019577,2.2397314317789,59.));
#6553=CARTESIAN_POINT('Ctrl Pts',(25.2331004872739,2.26892866597791,59.));
#6554=CARTESIAN_POINT('Ctrl Pts',(25.5087054520845,2.28405773639679,59.));
#6555=CARTESIAN_POINT('Ctrl Pts',(23.0507338792086,0.701449513435364,59.));
#6556=CARTESIAN_POINT('Ctrl Pts',(23.1731224148875,0.930923257437932,59.));
#6557=CARTESIAN_POINT('Ctrl Pts',(23.4139486654394,1.38246311010212,59.));
#6558=CARTESIAN_POINT('Ctrl Pts',(23.8155446425409,1.69926838195057,59.));
#6559=CARTESIAN_POINT('Ctrl Pts',(24.0130484849215,1.85507237911224,59.));
#6560=CARTESIAN_POINT('Ctrl Pts',(26.888414695859,-0.46956479549408,60.));
#6561=CARTESIAN_POINT('Ctrl Pts',(26.888414695859,-0.46956479549408,59.));
#6562=CARTESIAN_POINT('Ctrl Pts',(26.8758474417394,-0.208656891730208,60.));
#6563=CARTESIAN_POINT('Ctrl Pts',(26.8758474417394,-0.208656891730208,59.));
#6564=CARTESIAN_POINT('Ctrl Pts',(26.8530873988011,0.263862803992843,60.));
#6565=CARTESIAN_POINT('Ctrl Pts',(26.8530873988011,0.263862803992843,59.));
#6566=CARTESIAN_POINT('Ctrl Pts',(26.6212310749184,0.674204932414544,60.));
#6567=CARTESIAN_POINT('Ctrl Pts',(26.6212310749184,0.674204932414544,59.));
#6568=CARTESIAN_POINT('Ctrl Pts',(26.5173972398043,0.85797131061554,60.));
#6569=CARTESIAN_POINT('Ctrl Pts',(26.5173972398043,0.85797131061554,59.));
#6570=CARTESIAN_POINT('',(26.851457593891,0.,60.));
#6571=CARTESIAN_POINT('Ctrl Pts',(26.851457593891,3.46944695195361E-17,
59.));
#6572=CARTESIAN_POINT('Ctrl Pts',(26.851457593891,3.46944695195361E-17,
59.1666666666667));
#6573=CARTESIAN_POINT('Ctrl Pts',(26.851457593891,3.46944695195361E-17,
59.3333333333333));
#6574=CARTESIAN_POINT('Ctrl Pts',(26.851457593891,3.46944695195361E-17,
59.6666666666667));
#6575=CARTESIAN_POINT('Ctrl Pts',(26.851457593891,3.46944695195361E-17,
59.8333333333333));
#6576=CARTESIAN_POINT('Ctrl Pts',(26.851457593891,3.46944695195361E-17,
60.));
#6577=CARTESIAN_POINT('',(26.5173972398043,0.85797131061554,60.));
#6578=CARTESIAN_POINT('',(26.5173972398043,0.85797131061554,60.));
#6579=CARTESIAN_POINT('Ctrl Pts',(26.851457593891,0.,60.));
#6580=CARTESIAN_POINT('Ctrl Pts',(26.8372780814673,0.100243649737644,60.));
#6581=CARTESIAN_POINT('Ctrl Pts',(26.7755976877001,0.401005032643257,60.));
#6582=CARTESIAN_POINT('Ctrl Pts',(26.6212310749184,0.674204932414544,60.));
#6583=CARTESIAN_POINT('Ctrl Pts',(26.5173972398043,0.85797131061554,60.));
#6584=CARTESIAN_POINT('Ctrl Pts',(24.5116008073092,0.886955857276917,60.));
#6585=CARTESIAN_POINT('Ctrl Pts',(24.5116008073092,0.886955857276917,59.));
#6586=CARTESIAN_POINT('Ctrl Pts',(24.3919741025996,0.706781159724552,60.));
#6587=CARTESIAN_POINT('Ctrl Pts',(24.3919741025996,0.706781159724552,59.));
#6588=CARTESIAN_POINT('Ctrl Pts',(24.1202465201812,0.297521077724019,60.));
#6589=CARTESIAN_POINT('Ctrl Pts',(24.1202465201812,0.297521077724019,59.));
#6590=CARTESIAN_POINT('Ctrl Pts',(24.0775352018394,-0.194277867949106,60.));
#6591=CARTESIAN_POINT('Ctrl Pts',(24.0775352018394,-0.194277867949106,59.));
#6592=CARTESIAN_POINT('Ctrl Pts',(24.0536273270845,-0.46956479549408,60.));
#6593=CARTESIAN_POINT('Ctrl Pts',(24.0536273270845,-0.46956479549408,59.));
#6594=CARTESIAN_POINT('',(24.1084406590969,0.,60.));
#6595=CARTESIAN_POINT('Ctrl Pts',(24.1084406590969,-1.21430643318376E-16,
60.));
#6596=CARTESIAN_POINT('Ctrl Pts',(24.1084406590969,-1.21430643318376E-16,
59.8333333333333));
#6597=CARTESIAN_POINT('Ctrl Pts',(24.1084406590969,-1.21430643318376E-16,
59.6666666666667));
#6598=CARTESIAN_POINT('Ctrl Pts',(24.1084406590969,-1.21430643318376E-16,
59.3333333333333));
#6599=CARTESIAN_POINT('Ctrl Pts',(24.1084406590969,-1.21430643318376E-16,
59.1666666666667));
#6600=CARTESIAN_POINT('Ctrl Pts',(24.1084406590969,-1.21430643318376E-16,
59.));
#6601=CARTESIAN_POINT('',(24.5116008073092,0.886955857276917,60.));
#6602=CARTESIAN_POINT('Ctrl Pts',(24.5116008073092,0.886955857276917,60.));
#6603=CARTESIAN_POINT('Ctrl Pts',(24.3919741025996,0.706781159724552,60.));
#6604=CARTESIAN_POINT('Ctrl Pts',(24.2076306570613,0.4291339184478,60.));
#6605=CARTESIAN_POINT('Ctrl Pts',(24.1286905282924,0.11349867649923,60.));
#6606=CARTESIAN_POINT('Ctrl Pts',(24.1084406590969,0.,60.));
#6607=CARTESIAN_POINT('',(24.5116008073092,0.886955857276917,60.));
#6608=CARTESIAN_POINT('Ctrl Pts',(25.5202925950289,1.32173836231232,60.));
#6609=CARTESIAN_POINT('Ctrl Pts',(25.5202925950289,1.32173836231232,59.));
#6610=CARTESIAN_POINT('Ctrl Pts',(25.3266686100597,1.30424495015751,60.));
#6611=CARTESIAN_POINT('Ctrl Pts',(25.3266686100597,1.30424495015751,59.));
#6612=CARTESIAN_POINT('Ctrl Pts',(24.9426791923305,1.2695525273748,60.));
#6613=CARTESIAN_POINT('Ctrl Pts',(24.9426791923305,1.2695525273748,59.));
#6614=CARTESIAN_POINT('Ctrl Pts',(24.6544783737617,1.01376453768362,60.));
#6615=CARTESIAN_POINT('Ctrl Pts',(24.6544783737617,1.01376453768362,59.));
#6616=CARTESIAN_POINT('Ctrl Pts',(24.5116008073092,0.886955857276917,60.));
#6617=CARTESIAN_POINT('Ctrl Pts',(24.5116008073092,0.886955857276917,59.));
#6618=CARTESIAN_POINT('',(25.5202925950289,1.32173836231232,60.));
#6619=CARTESIAN_POINT('Ctrl Pts',(25.5202925950289,1.32173836231232,60.));
#6620=CARTESIAN_POINT('Ctrl Pts',(25.3266686100597,1.30424495015751,60.));
#6621=CARTESIAN_POINT('Ctrl Pts',(24.9426791923305,1.2695525273748,60.));
#6622=CARTESIAN_POINT('Ctrl Pts',(24.6544783737617,1.01376453768362,60.));
#6623=CARTESIAN_POINT('Ctrl Pts',(24.5116008073092,0.886955857276917,60.));
#6624=CARTESIAN_POINT('',(25.5202925950289,1.32173836231232,60.));
#6625=CARTESIAN_POINT('Ctrl Pts',(26.5173972398043,0.85797131061554,60.));
#6626=CARTESIAN_POINT('Ctrl Pts',(26.5173972398043,0.85797131061554,59.));
#6627=CARTESIAN_POINT('Ctrl Pts',(26.3854999986232,0.993195826919875,60.));
#6628=CARTESIAN_POINT('Ctrl Pts',(26.3854999986232,0.993195826919875,59.));
#6629=CARTESIAN_POINT('Ctrl Pts',(26.1126205730944,1.27295898190421,60.));
#6630=CARTESIAN_POINT('Ctrl Pts',(26.1126205730944,1.27295898190421,59.));
#6631=CARTESIAN_POINT('Ctrl Pts',(25.7220694455632,1.30512163962785,60.));
#6632=CARTESIAN_POINT('Ctrl Pts',(25.7220694455632,1.30512163962785,59.));
#6633=CARTESIAN_POINT('Ctrl Pts',(25.5202925950289,1.32173836231232,60.));
#6634=CARTESIAN_POINT('Ctrl Pts',(25.5202925950289,1.32173836231232,59.));
#6635=CARTESIAN_POINT('Ctrl Pts',(26.5173972398043,0.85797131061554,60.));
#6636=CARTESIAN_POINT('Ctrl Pts',(26.3854999986232,0.993195826919875,60.));
#6637=CARTESIAN_POINT('Ctrl Pts',(26.1126205730944,1.27295898190421,60.));
#6638=CARTESIAN_POINT('Ctrl Pts',(25.7220694455632,1.30512163962785,60.));
#6639=CARTESIAN_POINT('Ctrl Pts',(25.5202925950289,1.32173836231232,60.));
#6640=CARTESIAN_POINT('Ctrl Pts',(27.4333346635103,1.46666586399078,60.));
#6641=CARTESIAN_POINT('Ctrl Pts',(27.4333346635103,1.46666586399078,59.));
#6642=CARTESIAN_POINT('Ctrl Pts',(27.6409962342348,1.15327087650047,60.));
#6643=CARTESIAN_POINT('Ctrl Pts',(27.6409962342348,1.15327087650047,59.));
#6644=CARTESIAN_POINT('Ctrl Pts',(28.0898998908466,0.475802458259049,60.));
#6645=CARTESIAN_POINT('Ctrl Pts',(28.0898998908466,0.475802458259049,59.));
#6646=CARTESIAN_POINT('Ctrl Pts',(28.1266358622106,-0.338957919039611,60.));
#6647=CARTESIAN_POINT('Ctrl Pts',(28.1266358622106,-0.338957919039611,59.));
#6648=CARTESIAN_POINT('Ctrl Pts',(28.1463778764009,-0.776812434196472,60.));
#6649=CARTESIAN_POINT('Ctrl Pts',(28.1463778764009,-0.776812434196472,59.));
#6650=CARTESIAN_POINT('',(28.0855377270449,0.,60.));
#6651=CARTESIAN_POINT('Ctrl Pts',(28.0855377270449,3.46944695195361E-17,
60.));
#6652=CARTESIAN_POINT('Ctrl Pts',(28.0855377270449,3.46944695195361E-17,
59.8333333333333));
#6653=CARTESIAN_POINT('Ctrl Pts',(28.0855377270449,3.46944695195361E-17,
59.6666666666667));
#6654=CARTESIAN_POINT('Ctrl Pts',(28.0855377270449,3.46944695195361E-17,
59.3333333333333));
#6655=CARTESIAN_POINT('Ctrl Pts',(28.0855377270449,3.46944695195361E-17,
59.1666666666667));
#6656=CARTESIAN_POINT('Ctrl Pts',(28.0855377270449,3.46944695195361E-17,
59.));
#6657=CARTESIAN_POINT('',(27.4333346635103,1.46666586399078,60.));
#6658=CARTESIAN_POINT('Ctrl Pts',(27.4333346635103,1.46666586399078,60.));
#6659=CARTESIAN_POINT('Ctrl Pts',(27.6409962342348,1.15327087650047,60.));
#6660=CARTESIAN_POINT('Ctrl Pts',(27.9456787825425,0.693455499575919,60.));
#6661=CARTESIAN_POINT('Ctrl Pts',(28.0604885059658,0.170393989987835,60.));
#6662=CARTESIAN_POINT('Ctrl Pts',(28.0855377270449,0.,60.));
#6663=CARTESIAN_POINT('',(27.4333346635103,1.46666586399078,60.));
#6664=CARTESIAN_POINT('Ctrl Pts',(25.5087054520845,2.28405773639679,60.));
#6665=CARTESIAN_POINT('Ctrl Pts',(25.5087054520845,2.28405773639679,59.));
#6666=CARTESIAN_POINT('Ctrl Pts',(25.8888893080977,2.25489223993877,60.));
#6667=CARTESIAN_POINT('Ctrl Pts',(25.8888893080977,2.25489223993877,59.));
#6668=CARTESIAN_POINT('Ctrl Pts',(26.6241803034741,2.19848498702134,60.));
#6669=CARTESIAN_POINT('Ctrl Pts',(26.6241803034741,2.19848498702134,59.));
#6670=CARTESIAN_POINT('Ctrl Pts',(27.1698194565952,1.70499550435902,60.));
#6671=CARTESIAN_POINT('Ctrl Pts',(27.1698194565952,1.70499550435902,59.));
#6672=CARTESIAN_POINT('Ctrl Pts',(27.4333346635103,1.46666586399078,60.));
#6673=CARTESIAN_POINT('Ctrl Pts',(27.4333346635103,1.46666586399078,59.));
#6674=CARTESIAN_POINT('',(25.5087054520845,2.28405773639679,60.));
#6675=CARTESIAN_POINT('Ctrl Pts',(25.5087054520845,2.28405773639679,60.));
#6676=CARTESIAN_POINT('Ctrl Pts',(25.8888893080977,2.25489223993877,60.));
#6677=CARTESIAN_POINT('Ctrl Pts',(26.6241803034741,2.19848498702134,60.));
#6678=CARTESIAN_POINT('Ctrl Pts',(27.1698194565952,1.70499550435902,60.));
#6679=CARTESIAN_POINT('Ctrl Pts',(27.4333346635103,1.46666586399078,60.));
#6680=CARTESIAN_POINT('',(25.5087054520845,2.28405773639679,60.));
#6681=CARTESIAN_POINT('Ctrl Pts',(24.0130484849215,1.85507237911224,60.));
#6682=CARTESIAN_POINT('Ctrl Pts',(24.0130484849215,1.85507237911224,59.));
#6683=CARTESIAN_POINT('Ctrl Pts',(24.2368131527206,1.98014800086048,60.));
#6684=CARTESIAN_POINT('Ctrl Pts',(24.2368131527206,1.98014800086048,59.));
#6685=CARTESIAN_POINT('Ctrl Pts',(24.7012170019577,2.2397314317789,60.));
#6686=CARTESIAN_POINT('Ctrl Pts',(24.7012170019577,2.2397314317789,59.));
#6687=CARTESIAN_POINT('Ctrl Pts',(25.2331004872739,2.26892866597791,60.));
#6688=CARTESIAN_POINT('Ctrl Pts',(25.2331004872739,2.26892866597791,59.));
#6689=CARTESIAN_POINT('Ctrl Pts',(25.5087054520845,2.28405773639679,60.));
#6690=CARTESIAN_POINT('Ctrl Pts',(25.5087054520845,2.28405773639679,59.));
#6691=CARTESIAN_POINT('',(24.0130484849215,1.85507237911224,60.));
#6692=CARTESIAN_POINT('Ctrl Pts',(24.0130484849215,1.85507237911224,60.));
#6693=CARTESIAN_POINT('Ctrl Pts',(24.2368131527206,1.98014800086048,60.));
#6694=CARTESIAN_POINT('Ctrl Pts',(24.7012170019577,2.2397314317789,60.));
#6695=CARTESIAN_POINT('Ctrl Pts',(25.2331004872739,2.26892866597791,60.));
#6696=CARTESIAN_POINT('Ctrl Pts',(25.5087054520845,2.28405773639679,60.));
#6697=CARTESIAN_POINT('',(24.0130484849215,1.85507237911224,60.));
#6698=CARTESIAN_POINT('Ctrl Pts',(23.0507338792086,0.701449513435364,60.));
#6699=CARTESIAN_POINT('Ctrl Pts',(23.0507338792086,0.701449513435364,59.));
#6700=CARTESIAN_POINT('Ctrl Pts',(23.1731224148875,0.930923257437932,60.));
#6701=CARTESIAN_POINT('Ctrl Pts',(23.1731224148875,0.930923257437932,59.));
#6702=CARTESIAN_POINT('Ctrl Pts',(23.4139486654394,1.38246311010212,60.));
#6703=CARTESIAN_POINT('Ctrl Pts',(23.4139486654394,1.38246311010212,59.));
#6704=CARTESIAN_POINT('Ctrl Pts',(23.8155446425409,1.69926838195057,60.));
#6705=CARTESIAN_POINT('Ctrl Pts',(23.8155446425409,1.69926838195057,59.));
#6706=CARTESIAN_POINT('Ctrl Pts',(24.0130484849215,1.85507237911224,60.));
#6707=CARTESIAN_POINT('Ctrl Pts',(24.0130484849215,1.85507237911224,59.));
#6708=CARTESIAN_POINT('Ctrl Pts',(23.0507338792086,0.701449513435364,60.));
#6709=CARTESIAN_POINT('Ctrl Pts',(23.1731224148875,0.930923257437932,60.));
#6710=CARTESIAN_POINT('Ctrl Pts',(23.4139486654394,1.38246311010212,60.));
#6711=CARTESIAN_POINT('Ctrl Pts',(23.8155446425409,1.69926838195057,60.));
#6712=CARTESIAN_POINT('Ctrl Pts',(24.0130484849215,1.85507237911224,60.));
#6713=CARTESIAN_POINT('Origin',(45.537678077817,-4.00000035762787,60.));
#6714=CARTESIAN_POINT('',(44.1285854140837,0.,59.));
#6715=CARTESIAN_POINT('',(44.1285854140837,0.,60.));
#6716=CARTESIAN_POINT('',(44.1285854140837,0.,30.));
#6717=CARTESIAN_POINT('',(43.3811534196138,2.12173998355865,59.));
#6718=CARTESIAN_POINT('',(45.537678077817,-4.00000035762787,59.));
#6719=CARTESIAN_POINT('',(43.3811534196138,2.12173998355865,60.));
#6720=CARTESIAN_POINT('',(43.3811534196138,2.12173998355865,60.));
#6721=CARTESIAN_POINT('',(37.9814478923152,17.449918602455,60.));
#6722=CARTESIAN_POINT('Origin',(-2.50000171363354,-0.69275438785553,59.));
#6723=CARTESIAN_POINT('',(48.4656115313451,0.,59.));
#6724=CARTESIAN_POINT('',(47.2294685738915,0.,59.));
#6725=CARTESIAN_POINT('',(-1.25000085681677,0.,59.));
#6726=CARTESIAN_POINT('',(49.213043525815,2.12173998355865,59.));
#6727=CARTESIAN_POINT('',(49.213043525815,2.12173998355865,59.));
#6728=CARTESIAN_POINT('',(47.885500267148,2.12173998355865,59.));
#6729=CARTESIAN_POINT('',(47.885500267148,2.12173998355865,59.));
#6730=CARTESIAN_POINT('',(46.32608063519,-2.9217404127121,59.));
#6731=CARTESIAN_POINT('Origin',(46.32608063519,-2.9217404127121,60.));
#6732=CARTESIAN_POINT('',(47.2294685738915,0.,60.));
#6733=CARTESIAN_POINT('',(47.2294685738915,1.11022302462516E-15,30.));
#6734=CARTESIAN_POINT('',(47.885500267148,2.12173998355865,60.));
#6735=CARTESIAN_POINT('',(47.885500267148,2.12173998355865,60.));
#6736=CARTESIAN_POINT('',(41.2267856098393,-19.4138981155527,60.));
#6737=CARTESIAN_POINT('Origin',(44.7724593430758,2.12173998355865,60.));
#6738=CARTESIAN_POINT('',(45.4260517347948,0.,60.));
#6739=CARTESIAN_POINT('',(45.4260517347948,0.,59.));
#6740=CARTESIAN_POINT('',(45.4260517347948,0.,30.));
#6741=CARTESIAN_POINT('',(44.7724593430758,2.12173998355865,60.));
#6742=CARTESIAN_POINT('',(39.6640481071775,18.705042526536,60.));
#6743=CARTESIAN_POINT('',(44.7724593430758,2.12173998355865,59.));
#6744=CARTESIAN_POINT('',(44.7724593430758,2.12173998355865,60.));
#6745=CARTESIAN_POINT('',(44.7724593430758,2.12173998355865,59.));
#6746=CARTESIAN_POINT('Origin',(43.3811534196138,2.12173998355865,60.));
#6747=CARTESIAN_POINT('',(-18.3094232901931,2.12173998355865,60.));
#6748=CARTESIAN_POINT('',(43.3811534196138,2.12173998355865,59.));
#6749=CARTESIAN_POINT('Origin',(49.213043525815,2.12173998355865,60.));
#6750=CARTESIAN_POINT('',(48.4656115313451,0.,60.));
#6751=CARTESIAN_POINT('',(48.4656115313451,1.11022302462516E-15,30.));
#6752=CARTESIAN_POINT('',(49.213043525815,2.12173998355865,60.));
#6753=CARTESIAN_POINT('',(41.7482473125252,-19.0686247747599,60.));
#6754=CARTESIAN_POINT('',(49.213043525815,2.12173998355865,60.));
#6755=CARTESIAN_POINT('Origin',(47.885500267148,2.12173998355865,60.));
#6756=CARTESIAN_POINT('',(-16.057249866426,2.12173998355865,60.));
#6757=CARTESIAN_POINT('Origin',(-2.50000171363354,-0.69275438785553,59.));
#6758=CARTESIAN_POINT('',(-1.25000085681677,0.,59.));
#6759=CARTESIAN_POINT('Origin',(30.8942092210054,-3.07246387004852,60.));
#6760=CARTESIAN_POINT('',(30.8942092210054,0.,59.));
#6761=CARTESIAN_POINT('',(30.8942092210054,0.,60.));
#6762=CARTESIAN_POINT('',(30.8942092210054,0.,30.));
#6763=CARTESIAN_POINT('',(30.8942092210054,1.19999945163727,59.));
#6764=CARTESIAN_POINT('',(30.8942092210054,-3.07246387004852,59.));
#6765=CARTESIAN_POINT('',(30.8942092210054,1.19999945163727,60.));
#6766=CARTESIAN_POINT('',(30.8942092210054,1.19999945163727,60.));
#6767=CARTESIAN_POINT('',(30.8942092210054,-1.53623193502426,60.));
#6768=CARTESIAN_POINT('Origin',(34.0536273270845,-0.133333802223206,60.));
#6769=CARTESIAN_POINT('',(34.0536273270845,0.,59.));
#6770=CARTESIAN_POINT('',(34.0536273270845,0.,60.));
#6771=CARTESIAN_POINT('',(34.0536273270845,0.,30.));
#6772=CARTESIAN_POINT('',(34.0536273270845,1.11304342746735,59.));
#6773=CARTESIAN_POINT('',(34.0536273270845,-0.133333802223206,59.));
#6774=CARTESIAN_POINT('',(34.0536273270845,1.11304342746735,60.));
#6775=CARTESIAN_POINT('',(34.0536273270845,1.11304342746735,60.));
#6776=CARTESIAN_POINT('',(34.0536273270845,-0.0666669011116028,60.));
#6777=CARTESIAN_POINT('Ctrl Pts',(32.9347861558199,0.591304898262024,60.));
#6778=CARTESIAN_POINT('Ctrl Pts',(32.9347861558199,0.591304898262024,59.));
#6779=CARTESIAN_POINT('Ctrl Pts',(32.7833878362728,0.399405423371073,60.));
#6780=CARTESIAN_POINT('Ctrl Pts',(32.7833878362728,0.399405423371073,59.));
#6781=CARTESIAN_POINT('Ctrl Pts',(32.4531825098231,-0.019134418692035,60.));
#6782=CARTESIAN_POINT('Ctrl Pts',(32.4531825098231,-0.019134418692035,59.));
#6783=CARTESIAN_POINT('Ctrl Pts',(32.2842423161844,-0.525695659324581,60.));
#6784=CARTESIAN_POINT('Ctrl Pts',(32.2842423161844,-0.525695659324581,59.));
#6785=CARTESIAN_POINT('Ctrl Pts',(32.1927607804537,-0.799999833106995,60.));
#6786=CARTESIAN_POINT('Ctrl Pts',(32.1927607804537,-0.799999833106995,59.));
#6787=CARTESIAN_POINT('',(32.5161131493144,0.,60.));
#6788=CARTESIAN_POINT('',(32.5161131493144,1.56531688652595E-17,59.));
#6789=CARTESIAN_POINT('Ctrl Pts',(32.5161131493144,-8.94466792300541E-18,
60.));
#6790=CARTESIAN_POINT('Ctrl Pts',(32.5161131493144,-8.94466792300541E-18,
59.8333333333333));
#6791=CARTESIAN_POINT('Ctrl Pts',(32.5161131493144,-8.94466792300541E-18,
59.6666666666667));
#6792=CARTESIAN_POINT('Ctrl Pts',(32.5161131493144,-8.94466792300541E-18,
59.3333333333333));
#6793=CARTESIAN_POINT('Ctrl Pts',(32.5161131493144,-8.94466792300541E-18,
59.1666666666667));
#6794=CARTESIAN_POINT('Ctrl Pts',(32.5161131493144,-8.94466792300541E-18,
59.));
#6795=CARTESIAN_POINT('',(32.9347861558199,0.591304898262024,60.));
#6796=CARTESIAN_POINT('Ctrl Pts',(32.9347861558199,0.591304898262024,60.));
#6797=CARTESIAN_POINT('Ctrl Pts',(32.7840830655791,0.400286636182552,60.));
#6798=CARTESIAN_POINT('Ctrl Pts',(32.6333799753384,0.209268374103087,60.));
#6799=CARTESIAN_POINT('Ctrl Pts',(32.5161131493144,0.,60.));
#6800=CARTESIAN_POINT('',(32.9347861558199,0.591304898262024,59.));
#6801=CARTESIAN_POINT('',(32.9347861558199,0.591304898262024,60.));
#6802=CARTESIAN_POINT('Ctrl Pts',(32.9347861558199,0.591304898262024,59.));
#6803=CARTESIAN_POINT('Ctrl Pts',(32.7840830655791,0.400286636182554,59.));
#6804=CARTESIAN_POINT('Ctrl Pts',(32.6333799753384,0.209268374103082,59.));
#6805=CARTESIAN_POINT('Ctrl Pts',(32.5161131493144,3.13063377305189E-17,
59.));
#6806=CARTESIAN_POINT('Ctrl Pts',(34.0536273270845,1.11304342746735,60.));
#6807=CARTESIAN_POINT('Ctrl Pts',(34.0536273270845,1.11304342746735,59.));
#6808=CARTESIAN_POINT('Ctrl Pts',(33.8435720905657,1.08430608776449,60.));
#6809=CARTESIAN_POINT('Ctrl Pts',(33.8435720905657,1.08430608776449,59.));
#6810=CARTESIAN_POINT('Ctrl Pts',(33.4171563296143,1.02596879144095,60.));
#6811=CARTESIAN_POINT('Ctrl Pts',(33.4171563296143,1.02596879144095,59.));
#6812=CARTESIAN_POINT('Ctrl Pts',(33.0971534773063,0.737614135268045,60.));
#6813=CARTESIAN_POINT('Ctrl Pts',(33.0971534773063,0.737614135268045,59.));
#6814=CARTESIAN_POINT('Ctrl Pts',(32.9347861558199,0.591304898262024,60.));
#6815=CARTESIAN_POINT('Ctrl Pts',(32.9347861558199,0.591304898262024,59.));
#6816=CARTESIAN_POINT('Ctrl Pts',(34.0536273270845,1.11304342746735,60.));
#6817=CARTESIAN_POINT('Ctrl Pts',(33.8435720905657,1.08430608776449,60.));
#6818=CARTESIAN_POINT('Ctrl Pts',(33.4171563296143,1.02596879144095,60.));
#6819=CARTESIAN_POINT('Ctrl Pts',(33.0971534773063,0.737614135268045,60.));
#6820=CARTESIAN_POINT('Ctrl Pts',(32.9347861558199,0.591304898262024,60.));
#6821=CARTESIAN_POINT('Ctrl Pts',(34.0536273270845,1.11304342746735,59.));
#6822=CARTESIAN_POINT('Ctrl Pts',(33.8435720905657,1.08430608776449,59.));
#6823=CARTESIAN_POINT('Ctrl Pts',(33.4171563296143,1.02596879144095,59.));
#6824=CARTESIAN_POINT('Ctrl Pts',(33.0971534773063,0.737614135268045,59.));
#6825=CARTESIAN_POINT('Ctrl Pts',(32.9347861558199,0.591304898262024,59.));
#6826=CARTESIAN_POINT('Origin',(35.2014506608248,2.12173998355865,60.));
#6827=CARTESIAN_POINT('',(34.9941862817518,0.,60.));
#6828=CARTESIAN_POINT('',(34.9941862817518,0.,59.));
#6829=CARTESIAN_POINT('',(34.9941862817518,1.38777878078145E-16,30.));
#6830=CARTESIAN_POINT('',(35.2014506608248,2.12173998355865,60.));
#6831=CARTESIAN_POINT('',(34.5543350843091,-4.50270266702,60.));
#6832=CARTESIAN_POINT('',(35.2014506608248,2.12173998355865,59.));
#6833=CARTESIAN_POINT('',(35.2014506608248,2.12173998355865,60.));
#6834=CARTESIAN_POINT('',(35.2014506608248,2.12173998355865,59.));
#6835=CARTESIAN_POINT('Ctrl Pts',(34.7666705399752,2.23188459873199,60.));
#6836=CARTESIAN_POINT('Ctrl Pts',(34.7666705399752,2.23188459873199,59.));
#6837=CARTESIAN_POINT('Ctrl Pts',(34.8399213633689,2.21713114373447,60.));
#6838=CARTESIAN_POINT('Ctrl Pts',(34.8399213633689,2.21713114373447,59.));
#6839=CARTESIAN_POINT('Ctrl Pts',(34.9866615154041,2.1875761963758,60.));
#6840=CARTESIAN_POINT('Ctrl Pts',(34.9866615154041,2.1875761963758,59.));
#6841=CARTESIAN_POINT('Ctrl Pts',(35.1297767412026,2.14370915437704,60.));
#6842=CARTESIAN_POINT('Ctrl Pts',(35.1297767412026,2.14370915437704,59.));
#6843=CARTESIAN_POINT('Ctrl Pts',(35.2014506608248,2.12173998355865,60.));
#6844=CARTESIAN_POINT('Ctrl Pts',(35.2014506608248,2.12173998355865,59.));
#6845=CARTESIAN_POINT('',(34.7666705399752,2.23188459873199,60.));
#6846=CARTESIAN_POINT('Ctrl Pts',(34.7666705399752,2.23188459873199,60.));
#6847=CARTESIAN_POINT('Ctrl Pts',(34.8399213633689,2.21713114373447,60.));
#6848=CARTESIAN_POINT('Ctrl Pts',(34.9866615154041,2.1875761963758,60.));
#6849=CARTESIAN_POINT('Ctrl Pts',(35.1297767412026,2.14370915437704,60.));
#6850=CARTESIAN_POINT('Ctrl Pts',(35.2014506608248,2.12173998355865,60.));
#6851=CARTESIAN_POINT('',(34.7666705399752,2.23188459873199,59.));
#6852=CARTESIAN_POINT('',(34.7666705399752,2.23188459873199,60.));
#6853=CARTESIAN_POINT('Ctrl Pts',(34.7666705399752,2.23188459873199,59.));
#6854=CARTESIAN_POINT('Ctrl Pts',(34.8399213633689,2.21713114373447,59.));
#6855=CARTESIAN_POINT('Ctrl Pts',(34.9866615154041,2.1875761963758,59.));
#6856=CARTESIAN_POINT('Ctrl Pts',(35.1297767412026,2.14370915437704,59.));
#6857=CARTESIAN_POINT('Ctrl Pts',(35.2014506608248,2.12173998355865,59.));
#6858=CARTESIAN_POINT('Ctrl Pts',(34.279714897275,2.27826058864594,60.));
#6859=CARTESIAN_POINT('Ctrl Pts',(34.279714897275,2.27826058864594,59.));
#6860=CARTESIAN_POINT('Ctrl Pts',(34.3659389375364,2.27678427880674,60.));
#6861=CARTESIAN_POINT('Ctrl Pts',(34.3659389375364,2.27678427880674,59.));
#6862=CARTESIAN_POINT('Ctrl Pts',(34.5294997779571,2.27398382457975,60.));
#6863=CARTESIAN_POINT('Ctrl Pts',(34.5294997779571,2.27398382457975,59.));
#6864=CARTESIAN_POINT('Ctrl Pts',(34.6905302017732,2.24539996321796,60.));
#6865=CARTESIAN_POINT('Ctrl Pts',(34.6905302017732,2.24539996321796,59.));
#6866=CARTESIAN_POINT('Ctrl Pts',(34.7666705399752,2.23188459873199,60.));
#6867=CARTESIAN_POINT('Ctrl Pts',(34.7666705399752,2.23188459873199,59.));
#6868=CARTESIAN_POINT('',(34.279714897275,2.27826058864594,60.));
#6869=CARTESIAN_POINT('Ctrl Pts',(34.279714897275,2.27826058864594,60.));
#6870=CARTESIAN_POINT('Ctrl Pts',(34.3659389375364,2.27678427880674,60.));
#6871=CARTESIAN_POINT('Ctrl Pts',(34.5294997779571,2.27398382457975,60.));
#6872=CARTESIAN_POINT('Ctrl Pts',(34.6905302017732,2.24539996321796,60.));
#6873=CARTESIAN_POINT('Ctrl Pts',(34.7666705399752,2.23188459873199,60.));
#6874=CARTESIAN_POINT('',(34.279714897275,2.27826058864594,59.));
#6875=CARTESIAN_POINT('',(34.279714897275,2.27826058864594,60.));
#6876=CARTESIAN_POINT('Ctrl Pts',(34.279714897275,2.27826058864594,59.));
#6877=CARTESIAN_POINT('Ctrl Pts',(34.3659389375364,2.27678427880674,59.));
#6878=CARTESIAN_POINT('Ctrl Pts',(34.5294997779571,2.27398382457975,59.));
#6879=CARTESIAN_POINT('Ctrl Pts',(34.6905302017732,2.24539996321796,59.));
#6880=CARTESIAN_POINT('Ctrl Pts',(34.7666705399752,2.23188459873199,59.));
#6881=CARTESIAN_POINT('Ctrl Pts',(32.9695666581392,1.87246382236481,60.));
#6882=CARTESIAN_POINT('Ctrl Pts',(32.9695666581392,1.87246382236481,59.));
#6883=CARTESIAN_POINT('Ctrl Pts',(33.1583857058619,1.99072234568608,60.));
#6884=CARTESIAN_POINT('Ctrl Pts',(33.1583857058619,1.99072234568608,59.));
#6885=CARTESIAN_POINT('Ctrl Pts',(33.5582188308508,2.24114027494899,60.));
#6886=CARTESIAN_POINT('Ctrl Pts',(33.5582188308508,2.24114027494899,59.));
#6887=CARTESIAN_POINT('Ctrl Pts',(34.0304777293783,2.26543756397843,60.));
#6888=CARTESIAN_POINT('Ctrl Pts',(34.0304777293783,2.26543756397843,59.));
#6889=CARTESIAN_POINT('Ctrl Pts',(34.279714897275,2.27826058864594,60.));
#6890=CARTESIAN_POINT('Ctrl Pts',(34.279714897275,2.27826058864594,59.));
#6891=CARTESIAN_POINT('',(32.9695666581392,1.87246382236481,60.));
#6892=CARTESIAN_POINT('Ctrl Pts',(32.9695666581392,1.87246382236481,60.));
#6893=CARTESIAN_POINT('Ctrl Pts',(33.1583857058619,1.99072234568608,60.));
#6894=CARTESIAN_POINT('Ctrl Pts',(33.5582188308508,2.24114027494899,60.));
#6895=CARTESIAN_POINT('Ctrl Pts',(34.0304777293783,2.26543756397843,60.));
#6896=CARTESIAN_POINT('Ctrl Pts',(34.279714897275,2.27826058864594,60.));
#6897=CARTESIAN_POINT('',(32.9695666581392,1.87246382236481,59.));
#6898=CARTESIAN_POINT('',(32.9695666581392,1.87246382236481,60.));
#6899=CARTESIAN_POINT('Ctrl Pts',(32.9695666581392,1.87246382236481,59.));
#6900=CARTESIAN_POINT('Ctrl Pts',(33.1583857058619,1.99072234568608,59.));
#6901=CARTESIAN_POINT('Ctrl Pts',(33.5582188308508,2.24114027494899,59.));
#6902=CARTESIAN_POINT('Ctrl Pts',(34.0304777293783,2.26543756397843,59.));
#6903=CARTESIAN_POINT('Ctrl Pts',(34.279714897275,2.27826058864594,59.));
#6904=CARTESIAN_POINT('Ctrl Pts',(32.1231902390718,0.701449513435364,60.));
#6905=CARTESIAN_POINT('Ctrl Pts',(32.1231902390718,0.701449513435364,59.));
#6906=CARTESIAN_POINT('Ctrl Pts',(32.2372533719064,0.937451616744074,60.));
#6907=CARTESIAN_POINT('Ctrl Pts',(32.2372533719064,0.937451616744074,59.));
#6908=CARTESIAN_POINT('Ctrl Pts',(32.4504294421034,1.37852315047579,60.));
#6909=CARTESIAN_POINT('Ctrl Pts',(32.4504294421034,1.37852315047579,59.));
#6910=CARTESIAN_POINT('Ctrl Pts',(32.804805129139,1.71569906379614,60.));
#6911=CARTESIAN_POINT('Ctrl Pts',(32.804805129139,1.71569906379614,59.));
#6912=CARTESIAN_POINT('Ctrl Pts',(32.9695666581392,1.87246382236481,60.));
#6913=CARTESIAN_POINT('Ctrl Pts',(32.9695666581392,1.87246382236481,59.));
#6914=CARTESIAN_POINT('',(32.1231902390718,0.701449513435364,60.));
#6915=CARTESIAN_POINT('Ctrl Pts',(32.1231902390718,0.701449513435364,60.));
#6916=CARTESIAN_POINT('Ctrl Pts',(32.2372533719064,0.937451616744074,60.));
#6917=CARTESIAN_POINT('Ctrl Pts',(32.4504294421034,1.37852315047579,60.));
#6918=CARTESIAN_POINT('Ctrl Pts',(32.804805129139,1.71569906379614,60.));
#6919=CARTESIAN_POINT('Ctrl Pts',(32.9695666581392,1.87246382236481,60.));
#6920=CARTESIAN_POINT('',(32.1231902390718,0.701449513435364,59.));
#6921=CARTESIAN_POINT('',(32.1231902390718,0.701449513435364,60.));
#6922=CARTESIAN_POINT('Ctrl Pts',(32.1231902390718,0.701449513435364,59.));
#6923=CARTESIAN_POINT('Ctrl Pts',(32.2372533719064,0.937451616744074,59.));
#6924=CARTESIAN_POINT('Ctrl Pts',(32.4504294421034,1.37852315047579,59.));
#6925=CARTESIAN_POINT('Ctrl Pts',(32.804805129139,1.71569906379614,59.));
#6926=CARTESIAN_POINT('Ctrl Pts',(32.9695666581392,1.87246382236481,59.));
#6927=CARTESIAN_POINT('Origin',(31.8855155259371,2.12173998355865,60.));
#6928=CARTESIAN_POINT('',(31.8855155259371,2.12173998355865,60.));
#6929=CARTESIAN_POINT('',(30.5342924170973,10.1963444679126,60.));
#6930=CARTESIAN_POINT('',(31.8855155259371,2.12173998355865,59.));
#6931=CARTESIAN_POINT('',(31.8855155259371,2.12173998355865,60.));
#6932=CARTESIAN_POINT('',(31.8855155259371,2.12173998355865,59.));
#6933=CARTESIAN_POINT('Origin',(29.9956572800875,2.12173998355865,60.));
#6934=CARTESIAN_POINT('',(29.9956572800875,2.12173998355865,60.));
#6935=CARTESIAN_POINT('',(-25.0021713599563,2.12173998355865,60.));
#6936=CARTESIAN_POINT('',(29.9956572800875,2.12173998355865,59.));
#6937=CARTESIAN_POINT('',(29.9956572800875,2.12173998355865,60.));
#6938=CARTESIAN_POINT('',(29.9956572800875,2.12173998355865,59.));
#6939=CARTESIAN_POINT('Origin',(29.9956572800875,1.19999945163727,60.));
#6940=CARTESIAN_POINT('',(29.9956572800875,1.19999945163727,60.));
#6941=CARTESIAN_POINT('',(29.9956572800875,0.599999725818634,60.));
#6942=CARTESIAN_POINT('',(29.9956572800875,1.19999945163727,59.));
#6943=CARTESIAN_POINT('',(29.9956572800875,1.19999945163727,60.));
#6944=CARTESIAN_POINT('',(29.9956572800875,1.19999945163727,59.));
#6945=CARTESIAN_POINT('Origin',(30.8942092210054,1.19999945163727,60.));
#6946=CARTESIAN_POINT('',(-24.5528953894973,1.19999945163727,60.));
#6947=CARTESIAN_POINT('',(30.8942092210054,1.19999945163727,59.));
#6948=CARTESIAN_POINT('Origin',(-2.50000171363354,-0.69275438785553,59.));
#6949=CARTESIAN_POINT('',(-1.25000085681677,0.,59.));
#6950=CARTESIAN_POINT('',(-1.25000085681677,0.,59.));
#6951=CARTESIAN_POINT('Ctrl Pts',(15.6594241410494,-0.939130187034607,60.));
#6952=CARTESIAN_POINT('Ctrl Pts',(15.6594241410494,-0.939130187034607,59.));
#6953=CARTESIAN_POINT('Ctrl Pts',(15.6691260544306,-0.642818529918205,60.));
#6954=CARTESIAN_POINT('Ctrl Pts',(15.6691260544306,-0.642818529918205,59.));
#6955=CARTESIAN_POINT('Ctrl Pts',(15.6876797155361,-0.0761606087745337,
60.));
#6956=CARTESIAN_POINT('Ctrl Pts',(15.6876797155361,-0.0761606087745337,
59.));
#6957=CARTESIAN_POINT('Ctrl Pts',(15.8647876597947,0.462060426273261,60.));
#6958=CARTESIAN_POINT('Ctrl Pts',(15.8647876597947,0.462060426273261,59.));
#6959=CARTESIAN_POINT('Ctrl Pts',(15.9492839127779,0.718839764595032,60.));
#6960=CARTESIAN_POINT('Ctrl Pts',(15.9492839127779,0.718839764595032,59.));
#6961=CARTESIAN_POINT('',(15.7431339727831,-3.68628738645072E-17,59.));
#6962=CARTESIAN_POINT('',(15.7431339727831,0.,60.));
#6963=CARTESIAN_POINT('Ctrl Pts',(15.7431339727831,-7.37257477290143E-17,
59.));
#6964=CARTESIAN_POINT('Ctrl Pts',(15.7431339727831,-7.37257477290143E-17,
59.1666666666667));
#6965=CARTESIAN_POINT('Ctrl Pts',(15.7431339727831,-7.37257477290143E-17,
59.3333333333333));
#6966=CARTESIAN_POINT('Ctrl Pts',(15.7431339727831,-7.37257477290143E-17,
59.6666666666667));
#6967=CARTESIAN_POINT('Ctrl Pts',(15.7431339727831,-7.37257477290143E-17,
59.8333333333333));
#6968=CARTESIAN_POINT('Ctrl Pts',(15.7431339727831,-7.37257477290143E-17,
60.));
#6969=CARTESIAN_POINT('',(15.9492839127779,0.718839764595032,59.));
#6970=CARTESIAN_POINT('Ctrl Pts',(15.7431339727831,-7.37257477290143E-17,
59.));
#6971=CARTESIAN_POINT('Ctrl Pts',(15.792717971677,0.243044716409651,59.));
#6972=CARTESIAN_POINT('Ctrl Pts',(15.8710009422274,0.480942240502341,59.));
#6973=CARTESIAN_POINT('Ctrl Pts',(15.9492839127779,0.718839764595032,59.));
#6974=CARTESIAN_POINT('',(15.9492839127779,0.718839764595032,60.));
#6975=CARTESIAN_POINT('',(15.9492839127779,0.718839764595032,60.));
#6976=CARTESIAN_POINT('Ctrl Pts',(15.7431339727831,0.,60.));
#6977=CARTESIAN_POINT('Ctrl Pts',(15.792717971677,0.243044716409652,60.));
#6978=CARTESIAN_POINT('Ctrl Pts',(15.8710009422274,0.480942240502341,60.));
#6979=CARTESIAN_POINT('Ctrl Pts',(15.9492839127779,0.718839764595032,60.));
#6980=CARTESIAN_POINT('Origin',(-2.50000171363354,-0.69275438785553,59.));
#6981=CARTESIAN_POINT('',(17.1117257864907,2.49366499671666E-17,59.));
#6982=CARTESIAN_POINT('',(-1.25000085681677,0.,59.));
#6983=CARTESIAN_POINT('',(17.398554161191,0.74202835559845,59.));
#6984=CARTESIAN_POINT('Ctrl Pts',(17.398554161191,0.74202835559845,59.));
#6985=CARTESIAN_POINT('Ctrl Pts',(17.2925961132113,0.515583735368019,59.));
#6986=CARTESIAN_POINT('Ctrl Pts',(17.1788863655134,0.272572835064684,59.));
#6987=CARTESIAN_POINT('Ctrl Pts',(17.1158037432189,0.0174455053362176,59.));
#6988=CARTESIAN_POINT('Ctrl Pts',(17.1117257864907,4.98732999343332E-17,
59.));
#6989=CARTESIAN_POINT('',(18.4188426285982,1.28695666790009,59.));
#6990=CARTESIAN_POINT('Ctrl Pts',(18.4188426285982,1.28695666790009,59.));
#6991=CARTESIAN_POINT('Ctrl Pts',(18.2125364474872,1.26421350943486,59.));
#6992=CARTESIAN_POINT('Ctrl Pts',(17.7997500866772,1.21870801092955,59.));
#6993=CARTESIAN_POINT('Ctrl Pts',(17.5323237117319,0.900966219108255,59.));
#6994=CARTESIAN_POINT('Ctrl Pts',(17.398554161191,0.74202835559845,59.));
#6995=CARTESIAN_POINT('',(19.0913069993258,1.10724627971649,59.));
#6996=CARTESIAN_POINT('Ctrl Pts',(19.0913069993258,1.10724627971649,59.));
#6997=CARTESIAN_POINT('Ctrl Pts',(18.9870427907143,1.15965863462969,59.));
#6998=CARTESIAN_POINT('Ctrl Pts',(18.7754104002941,1.26604367418973,59.));
#6999=CARTESIAN_POINT('Ctrl Pts',(18.5388550570119,1.27991784005358,59.));
#7000=CARTESIAN_POINT('Ctrl Pts',(18.4188426285982,1.28695666790009,59.));
#7001=CARTESIAN_POINT('',(19.618841484189,0.608695149421692,59.));
#7002=CARTESIAN_POINT('Ctrl Pts',(19.618841484189,0.608695149421692,59.));
#7003=CARTESIAN_POINT('Ctrl Pts',(19.542114956018,0.70958612566558,59.));
#7004=CARTESIAN_POINT('Ctrl Pts',(19.3935880869196,0.90489042496082,59.));
#7005=CARTESIAN_POINT('Ctrl Pts',(19.1898145106885,1.04130245299433,59.));
#7006=CARTESIAN_POINT('Ctrl Pts',(19.0913069993258,1.10724627971649,59.));
#7007=CARTESIAN_POINT('',(19.618841484189,0.,59.));
#7008=CARTESIAN_POINT('',(19.618841484189,-2.28985488414764,59.));
#7009=CARTESIAN_POINT('',(20.9173930436373,0.,59.));
#7010=CARTESIAN_POINT('',(-1.25000085681677,0.,59.));
#7011=CARTESIAN_POINT('',(20.9173930436373,4.57971036434174,59.));
#7012=CARTESIAN_POINT('',(20.9173930436373,4.57971036434174,59.));
#7013=CARTESIAN_POINT('',(19.618841484189,4.7246378660202,59.));
#7014=CARTESIAN_POINT('',(19.618841484189,4.7246378660202,59.));
#7015=CARTESIAN_POINT('',(19.618841484189,1.617391705513,59.));
#7016=CARTESIAN_POINT('',(19.618841484189,1.617391705513,59.));
#7017=CARTESIAN_POINT('',(18.0768168717623,2.28405773639679,59.));
#7018=CARTESIAN_POINT('Ctrl Pts',(18.0768168717623,2.28405773639679,59.));
#7019=CARTESIAN_POINT('Ctrl Pts',(18.3757016513004,2.25804461234554,59.));
#7020=CARTESIAN_POINT('Ctrl Pts',(18.9643385664548,2.20681321435089,59.));
#7021=CARTESIAN_POINT('Ctrl Pts',(19.4029421420761,1.81182279594396,59.));
#7022=CARTESIAN_POINT('Ctrl Pts',(19.618841484189,1.617391705513,59.));
#7023=CARTESIAN_POINT('',(16.7782557755709,1.86666667461395,59.));
#7024=CARTESIAN_POINT('Ctrl Pts',(16.7782557755709,1.86666667461395,59.));
#7025=CARTESIAN_POINT('Ctrl Pts',(16.9706481198397,1.98837645513564,59.));
#7026=CARTESIAN_POINT('Ctrl Pts',(17.3670117127662,2.23912097454577,59.));
#7027=CARTESIAN_POINT('Ctrl Pts',(17.8356517176592,2.26878991119244,59.));
#7028=CARTESIAN_POINT('Ctrl Pts',(18.0768168717623,2.28405773639679,59.));
#7029=CARTESIAN_POINT('Ctrl Pts',(15.9492839127779,0.718839764595032,59.));
#7030=CARTESIAN_POINT('Ctrl Pts',(16.0526989016193,0.946433350616034,59.));
#7031=CARTESIAN_POINT('Ctrl Pts',(16.2520741213462,1.38521424427331,59.));
#7032=CARTESIAN_POINT('Ctrl Pts',(16.6072891241837,1.71023341785427,59.));
#7033=CARTESIAN_POINT('Ctrl Pts',(16.7782557755709,1.86666667461395,59.));
#7034=CARTESIAN_POINT('Origin',(19.618841484189,-2.28985488414764,60.));
#7035=CARTESIAN_POINT('',(19.618841484189,0.,60.));
#7036=CARTESIAN_POINT('',(19.618841484189,0.,30.));
#7037=CARTESIAN_POINT('',(19.618841484189,0.608695149421692,60.));
#7038=CARTESIAN_POINT('',(19.618841484189,0.608695149421692,60.));
#7039=CARTESIAN_POINT('',(19.618841484189,-1.14492744207382,60.));
#7040=CARTESIAN_POINT('Ctrl Pts',(19.618841484189,0.608695149421692,60.));
#7041=CARTESIAN_POINT('Ctrl Pts',(19.618841484189,0.608695149421692,59.));
#7042=CARTESIAN_POINT('Ctrl Pts',(19.542114956018,0.70958612566558,60.));
#7043=CARTESIAN_POINT('Ctrl Pts',(19.542114956018,0.70958612566558,59.));
#7044=CARTESIAN_POINT('Ctrl Pts',(19.3935880869196,0.90489042496082,60.));
#7045=CARTESIAN_POINT('Ctrl Pts',(19.3935880869196,0.90489042496082,59.));
#7046=CARTESIAN_POINT('Ctrl Pts',(19.1898145106885,1.04130245299433,60.));
#7047=CARTESIAN_POINT('Ctrl Pts',(19.1898145106885,1.04130245299433,59.));
#7048=CARTESIAN_POINT('Ctrl Pts',(19.0913069993258,1.10724627971649,60.));
#7049=CARTESIAN_POINT('Ctrl Pts',(19.0913069993258,1.10724627971649,59.));
#7050=CARTESIAN_POINT('',(19.0913069993258,1.10724627971649,60.));
#7051=CARTESIAN_POINT('Ctrl Pts',(19.618841484189,0.608695149421692,60.));
#7052=CARTESIAN_POINT('Ctrl Pts',(19.542114956018,0.70958612566558,60.));
#7053=CARTESIAN_POINT('Ctrl Pts',(19.3935880869196,0.90489042496082,60.));
#7054=CARTESIAN_POINT('Ctrl Pts',(19.1898145106885,1.04130245299433,60.));
#7055=CARTESIAN_POINT('Ctrl Pts',(19.0913069993258,1.10724627971649,60.));
#7056=CARTESIAN_POINT('',(19.0913069993258,1.10724627971649,60.));
#7057=CARTESIAN_POINT('Ctrl Pts',(17.398554161191,0.74202835559845,60.));
#7058=CARTESIAN_POINT('Ctrl Pts',(17.398554161191,0.74202835559845,59.));
#7059=CARTESIAN_POINT('Ctrl Pts',(17.2925961132113,0.515583735368019,60.));
#7060=CARTESIAN_POINT('Ctrl Pts',(17.2925961132113,0.515583735368019,59.));
#7061=CARTESIAN_POINT('Ctrl Pts',(17.0445271099337,-0.0145684551374536,
60.));
#7062=CARTESIAN_POINT('Ctrl Pts',(17.0445271099337,-0.0145684551374536,
59.));
#7063=CARTESIAN_POINT('Ctrl Pts',(17.0374114077131,-0.602387235316995,60.));
#7064=CARTESIAN_POINT('Ctrl Pts',(17.0374114077131,-0.602387235316995,59.));
#7065=CARTESIAN_POINT('Ctrl Pts',(17.03333504498,-0.939130187034607,60.));
#7066=CARTESIAN_POINT('Ctrl Pts',(17.03333504498,-0.939130187034607,59.));
#7067=CARTESIAN_POINT('',(17.1117257864907,0.,60.));
#7068=CARTESIAN_POINT('Ctrl Pts',(17.1117257864907,4.98732999343332E-17,
60.));
#7069=CARTESIAN_POINT('Ctrl Pts',(17.1117257864907,4.98732999343332E-17,
59.8333333333333));
#7070=CARTESIAN_POINT('Ctrl Pts',(17.1117257864907,4.98732999343332E-17,
59.6666666666667));
#7071=CARTESIAN_POINT('Ctrl Pts',(17.1117257864907,4.98732999343332E-17,
59.3333333333333));
#7072=CARTESIAN_POINT('Ctrl Pts',(17.1117257864907,4.98732999343332E-17,
59.1666666666667));
#7073=CARTESIAN_POINT('Ctrl Pts',(17.1117257864907,4.98732999343332E-17,
59.));
#7074=CARTESIAN_POINT('',(17.398554161191,0.74202835559845,60.));
#7075=CARTESIAN_POINT('Ctrl Pts',(17.398554161191,0.74202835559845,60.));
#7076=CARTESIAN_POINT('Ctrl Pts',(17.2925961132113,0.515583735368019,60.));
#7077=CARTESIAN_POINT('Ctrl Pts',(17.1788863655134,0.272572835064684,60.));
#7078=CARTESIAN_POINT('Ctrl Pts',(17.1158037432189,0.0174455053362173,60.));
#7079=CARTESIAN_POINT('Ctrl Pts',(17.1117257864907,0.,60.));
#7080=CARTESIAN_POINT('',(17.398554161191,0.74202835559845,60.));
#7081=CARTESIAN_POINT('Ctrl Pts',(18.4188426285982,1.28695666790009,60.));
#7082=CARTESIAN_POINT('Ctrl Pts',(18.4188426285982,1.28695666790009,59.));
#7083=CARTESIAN_POINT('Ctrl Pts',(18.2125364474872,1.26421350943486,60.));
#7084=CARTESIAN_POINT('Ctrl Pts',(18.2125364474872,1.26421350943486,59.));
#7085=CARTESIAN_POINT('Ctrl Pts',(17.7997500866772,1.21870801092955,60.));
#7086=CARTESIAN_POINT('Ctrl Pts',(17.7997500866772,1.21870801092955,59.));
#7087=CARTESIAN_POINT('Ctrl Pts',(17.5323237117319,0.900966219108255,60.));
#7088=CARTESIAN_POINT('Ctrl Pts',(17.5323237117319,0.900966219108255,59.));
#7089=CARTESIAN_POINT('Ctrl Pts',(17.398554161191,0.74202835559845,60.));
#7090=CARTESIAN_POINT('Ctrl Pts',(17.398554161191,0.74202835559845,59.));
#7091=CARTESIAN_POINT('',(18.4188426285982,1.28695666790009,60.));
#7092=CARTESIAN_POINT('Ctrl Pts',(18.4188426285982,1.28695666790009,60.));
#7093=CARTESIAN_POINT('Ctrl Pts',(18.2125364474872,1.26421350943486,60.));
#7094=CARTESIAN_POINT('Ctrl Pts',(17.7997500866772,1.21870801092955,60.));
#7095=CARTESIAN_POINT('Ctrl Pts',(17.5323237117319,0.900966219108255,60.));
#7096=CARTESIAN_POINT('Ctrl Pts',(17.398554161191,0.74202835559845,60.));
#7097=CARTESIAN_POINT('',(18.4188426285982,1.28695666790009,60.));
#7098=CARTESIAN_POINT('Ctrl Pts',(19.0913069993258,1.10724627971649,60.));
#7099=CARTESIAN_POINT('Ctrl Pts',(19.0913069993258,1.10724627971649,59.));
#7100=CARTESIAN_POINT('Ctrl Pts',(18.9870427907143,1.15965863462969,60.));
#7101=CARTESIAN_POINT('Ctrl Pts',(18.9870427907143,1.15965863462969,59.));
#7102=CARTESIAN_POINT('Ctrl Pts',(18.7754104002941,1.26604367418973,60.));
#7103=CARTESIAN_POINT('Ctrl Pts',(18.7754104002941,1.26604367418973,59.));
#7104=CARTESIAN_POINT('Ctrl Pts',(18.5388550570119,1.27991784005358,60.));
#7105=CARTESIAN_POINT('Ctrl Pts',(18.5388550570119,1.27991784005358,59.));
#7106=CARTESIAN_POINT('Ctrl Pts',(18.4188426285982,1.28695666790009,60.));
#7107=CARTESIAN_POINT('Ctrl Pts',(18.4188426285982,1.28695666790009,59.));
#7108=CARTESIAN_POINT('Ctrl Pts',(19.0913069993258,1.10724627971649,60.));
#7109=CARTESIAN_POINT('Ctrl Pts',(18.9870427907143,1.15965863462969,60.));
#7110=CARTESIAN_POINT('Ctrl Pts',(18.7754104002941,1.26604367418973,60.));
#7111=CARTESIAN_POINT('Ctrl Pts',(18.5388550570119,1.27991784005358,60.));
#7112=CARTESIAN_POINT('Ctrl Pts',(18.4188426285982,1.28695666790009,60.));
#7113=CARTESIAN_POINT('Ctrl Pts',(18.0768168717623,2.28405773639679,60.));
#7114=CARTESIAN_POINT('Ctrl Pts',(18.0768168717623,2.28405773639679,59.));
#7115=CARTESIAN_POINT('Ctrl Pts',(18.3757016513004,2.25804461234554,60.));
#7116=CARTESIAN_POINT('Ctrl Pts',(18.3757016513004,2.25804461234554,59.));
#7117=CARTESIAN_POINT('Ctrl Pts',(18.9643385664548,2.20681321435089,60.));
#7118=CARTESIAN_POINT('Ctrl Pts',(18.9643385664548,2.20681321435089,59.));
#7119=CARTESIAN_POINT('Ctrl Pts',(19.4029421420761,1.81182279594396,60.));
#7120=CARTESIAN_POINT('Ctrl Pts',(19.4029421420761,1.81182279594396,59.));
#7121=CARTESIAN_POINT('Ctrl Pts',(19.618841484189,1.617391705513,60.));
#7122=CARTESIAN_POINT('Ctrl Pts',(19.618841484189,1.617391705513,59.));
#7123=CARTESIAN_POINT('',(18.0768168717623,2.28405773639679,60.));
#7124=CARTESIAN_POINT('',(19.618841484189,1.617391705513,60.));
#7125=CARTESIAN_POINT('Ctrl Pts',(18.0768168717623,2.28405773639679,60.));
#7126=CARTESIAN_POINT('Ctrl Pts',(18.3757016513004,2.25804461234554,60.));
#7127=CARTESIAN_POINT('Ctrl Pts',(18.9643385664548,2.20681321435089,60.));
#7128=CARTESIAN_POINT('Ctrl Pts',(19.4029421420761,1.81182279594396,60.));
#7129=CARTESIAN_POINT('Ctrl Pts',(19.618841484189,1.617391705513,60.));
#7130=CARTESIAN_POINT('',(18.0768168717623,2.28405773639679,60.));
#7131=CARTESIAN_POINT('',(19.618841484189,1.617391705513,60.));
#7132=CARTESIAN_POINT('Ctrl Pts',(16.7782557755709,1.86666667461395,60.));
#7133=CARTESIAN_POINT('Ctrl Pts',(16.7782557755709,1.86666667461395,59.));
#7134=CARTESIAN_POINT('Ctrl Pts',(16.9706481198397,1.98837645513564,60.));
#7135=CARTESIAN_POINT('Ctrl Pts',(16.9706481198397,1.98837645513564,59.));
#7136=CARTESIAN_POINT('Ctrl Pts',(17.3670117127662,2.23912097454577,60.));
#7137=CARTESIAN_POINT('Ctrl Pts',(17.3670117127662,2.23912097454577,59.));
#7138=CARTESIAN_POINT('Ctrl Pts',(17.8356517176592,2.26878991119244,60.));
#7139=CARTESIAN_POINT('Ctrl Pts',(17.8356517176592,2.26878991119244,59.));
#7140=CARTESIAN_POINT('Ctrl Pts',(18.0768168717623,2.28405773639679,60.));
#7141=CARTESIAN_POINT('Ctrl Pts',(18.0768168717623,2.28405773639679,59.));
#7142=CARTESIAN_POINT('',(16.7782557755709,1.86666667461395,60.));
#7143=CARTESIAN_POINT('Ctrl Pts',(16.7782557755709,1.86666667461395,60.));
#7144=CARTESIAN_POINT('Ctrl Pts',(16.9706481198397,1.98837645513564,60.));
#7145=CARTESIAN_POINT('Ctrl Pts',(17.3670117127662,2.23912097454577,60.));
#7146=CARTESIAN_POINT('Ctrl Pts',(17.8356517176592,2.26878991119244,60.));
#7147=CARTESIAN_POINT('Ctrl Pts',(18.0768168717623,2.28405773639679,60.));
#7148=CARTESIAN_POINT('',(16.7782557755709,1.86666667461395,60.));
#7149=CARTESIAN_POINT('Ctrl Pts',(15.9492839127779,0.718839764595032,60.));
#7150=CARTESIAN_POINT('Ctrl Pts',(15.9492839127779,0.718839764595032,59.));
#7151=CARTESIAN_POINT('Ctrl Pts',(16.0526989016193,0.946433350616034,60.));
#7152=CARTESIAN_POINT('Ctrl Pts',(16.0526989016193,0.946433350616034,59.));
#7153=CARTESIAN_POINT('Ctrl Pts',(16.2520741213462,1.38521424427331,60.));
#7154=CARTESIAN_POINT('Ctrl Pts',(16.2520741213462,1.38521424427331,59.));
#7155=CARTESIAN_POINT('Ctrl Pts',(16.6072891241837,1.71023341785427,60.));
#7156=CARTESIAN_POINT('Ctrl Pts',(16.6072891241837,1.71023341785427,59.));
#7157=CARTESIAN_POINT('Ctrl Pts',(16.7782557755709,1.86666667461395,60.));
#7158=CARTESIAN_POINT('Ctrl Pts',(16.7782557755709,1.86666667461395,59.));
#7159=CARTESIAN_POINT('Ctrl Pts',(15.9492839127779,0.718839764595032,60.));
#7160=CARTESIAN_POINT('Ctrl Pts',(16.0526989016193,0.946433350616034,60.));
#7161=CARTESIAN_POINT('Ctrl Pts',(16.2520741213462,1.38521424427331,60.));
#7162=CARTESIAN_POINT('Ctrl Pts',(16.6072891241837,1.71023341785427,60.));
#7163=CARTESIAN_POINT('Ctrl Pts',(16.7782557755709,1.86666667461395,60.));
#7164=CARTESIAN_POINT('Origin',(20.9173930436373,4.57971036434174,60.));
#7165=CARTESIAN_POINT('',(20.9173930436373,0.,60.));
#7166=CARTESIAN_POINT('',(20.9173930436373,0.,30.));
#7167=CARTESIAN_POINT('',(20.9173930436373,4.57971036434174,60.));
#7168=CARTESIAN_POINT('',(20.9173930436373,2.28985518217087,60.));
#7169=CARTESIAN_POINT('',(20.9173930436373,4.57971036434174,60.));
#7170=CARTESIAN_POINT('Origin',(19.618841484189,4.7246378660202,60.));
#7171=CARTESIAN_POINT('',(19.618841484189,4.7246378660202,60.));
#7172=CARTESIAN_POINT('',(-29.3173718718132,10.1862640076139,60.));
#7173=CARTESIAN_POINT('',(19.618841484189,4.7246378660202,60.));
#7174=CARTESIAN_POINT('Origin',(19.618841484189,1.617391705513,60.));
#7175=CARTESIAN_POINT('',(19.618841484189,0.8086958527565,60.));
#7176=CARTESIAN_POINT('Ctrl Pts',(1.79275162518024,-0.939130187034607,60.));
#7177=CARTESIAN_POINT('Ctrl Pts',(1.79275162518024,-0.939130187034607,59.));
#7178=CARTESIAN_POINT('Ctrl Pts',(1.8033454137519,-0.637940542466409,60.));
#7179=CARTESIAN_POINT('Ctrl Pts',(1.8033454137519,-0.637940542466409,59.));
#7180=CARTESIAN_POINT('Ctrl Pts',(1.82357944559126,-0.0626712875956148,
60.));
#7181=CARTESIAN_POINT('Ctrl Pts',(1.82357944559126,-0.0626712875956148,
59.));
#7182=CARTESIAN_POINT('Ctrl Pts',(2.01865319140735,0.478431135551323,60.));
#7183=CARTESIAN_POINT('Ctrl Pts',(2.01865319140735,0.478431135551323,59.));
#7184=CARTESIAN_POINT('Ctrl Pts',(2.11159355938435,0.736232399940491,60.));
#7185=CARTESIAN_POINT('Ctrl Pts',(2.11159355938435,0.736232399940491,59.));
#7186=CARTESIAN_POINT('',(1.88185642702335,1.40946282423116E-17,59.));
#7187=CARTESIAN_POINT('',(1.88185642702335,0.,60.));
#7188=CARTESIAN_POINT('Ctrl Pts',(1.88185642702335,2.81892564846231E-17,
59.));
#7189=CARTESIAN_POINT('Ctrl Pts',(1.88185642702335,2.81892564846231E-17,
59.1666666666667));
#7190=CARTESIAN_POINT('Ctrl Pts',(1.88185642702335,2.81892564846231E-17,
59.3333333333333));
#7191=CARTESIAN_POINT('Ctrl Pts',(1.88185642702335,2.81892564846231E-17,
59.6666666666667));
#7192=CARTESIAN_POINT('Ctrl Pts',(1.88185642702335,2.81892564846231E-17,
59.8333333333333));
#7193=CARTESIAN_POINT('Ctrl Pts',(1.88185642702335,2.81892564846231E-17,
60.));
#7194=CARTESIAN_POINT('',(2.11159355938435,0.736232399940491,59.));
#7195=CARTESIAN_POINT('Ctrl Pts',(1.88185642702335,2.81892564846231E-17,
59.));
#7196=CARTESIAN_POINT('Ctrl Pts',(1.93621227283356,0.249753613519248,59.));
#7197=CARTESIAN_POINT('Ctrl Pts',(2.02390291610895,0.492993006729868,59.));
#7198=CARTESIAN_POINT('Ctrl Pts',(2.11159355938435,0.736232399940491,59.));
#7199=CARTESIAN_POINT('',(2.11159355938435,0.736232399940491,60.));
#7200=CARTESIAN_POINT('',(2.11159355938435,0.736232399940491,60.));
#7201=CARTESIAN_POINT('Ctrl Pts',(1.88185642702335,0.,60.));
#7202=CARTESIAN_POINT('Ctrl Pts',(1.93621227283355,0.249753613519248,60.));
#7203=CARTESIAN_POINT('Ctrl Pts',(2.02390291610895,0.492993006729867,60.));
#7204=CARTESIAN_POINT('Ctrl Pts',(2.11159355938435,0.736232399940491,60.));
#7205=CARTESIAN_POINT('Origin',(-2.50000171363354,-0.69275438785553,59.));
#7206=CARTESIAN_POINT('',(3.23119929179239,3.36102673470506E-17,59.));
#7207=CARTESIAN_POINT('',(-1.25000085681677,0.,59.));
#7208=CARTESIAN_POINT('',(3.50869782269001,0.736232399940491,59.));
#7209=CARTESIAN_POINT('Ctrl Pts',(3.50869782269001,0.736232399940491,59.));
#7210=CARTESIAN_POINT('Ctrl Pts',(3.40613221487963,0.511032303556951,59.));
#7211=CARTESIAN_POINT('Ctrl Pts',(3.29621210857155,0.269684164901828,59.));
#7212=CARTESIAN_POINT('Ctrl Pts',(3.23508249802352,0.0169575831639902,59.));
#7213=CARTESIAN_POINT('Ctrl Pts',(3.23119929179239,6.72205346941013E-17,
59.));
#7214=CARTESIAN_POINT('',(4.56376679241657,1.27536237239838,59.));
#7215=CARTESIAN_POINT('Ctrl Pts',(4.56376679241657,1.27536237239838,59.));
#7216=CARTESIAN_POINT('Ctrl Pts',(4.34603428616393,1.25526436257501,59.));
#7217=CARTESIAN_POINT('Ctrl Pts',(3.92133197065515,1.21606180409624,59.));
#7218=CARTESIAN_POINT('Ctrl Pts',(3.64389899359605,0.893450355838989,59.));
#7219=CARTESIAN_POINT('Ctrl Pts',(3.50869782269001,0.736232399940491,59.));
#7220=CARTESIAN_POINT('',(5.61303742229939,0.736232399940491,59.));
#7221=CARTESIAN_POINT('Ctrl Pts',(5.61303742229939,0.736232399940491,59.));
#7222=CARTESIAN_POINT('Ctrl Pts',(5.47936168665615,0.893447438544706,59.));
#7223=CARTESIAN_POINT('Ctrl Pts',(5.204621573314,1.21656724272881,59.));
#7224=CARTESIAN_POINT('Ctrl Pts',(4.78118094452523,1.25541574229393,59.));
#7225=CARTESIAN_POINT('Ctrl Pts',(4.56376679241657,1.27536237239838,59.));
#7226=CARTESIAN_POINT('',(5.886700318215,-4.66206934168767E-17,59.));
#7227=CARTESIAN_POINT('Ctrl Pts',(5.886700318215,-9.32413868337534E-17,
59.));
#7228=CARTESIAN_POINT('Ctrl Pts',(5.88267198788807,0.0179282894325904,59.));
#7229=CARTESIAN_POINT('Ctrl Pts',(5.82251856328258,0.270505990048772,59.));
#7230=CARTESIAN_POINT('Ctrl Pts',(5.71393566447547,0.511911604891815,59.));
#7231=CARTESIAN_POINT('Ctrl Pts',(5.61303742229939,0.736232399940491,59.));
#7232=CARTESIAN_POINT('',(7.24193653920605,-1.12757025938492E-16,59.));
#7233=CARTESIAN_POINT('',(-1.25000085681677,0.,59.));
#7234=CARTESIAN_POINT('',(6.61594040691853,1.40869557857513,59.));
#7235=CARTESIAN_POINT('Ctrl Pts',(6.61594040691853,1.40869557857513,59.));
#7236=CARTESIAN_POINT('Ctrl Pts',(6.82194518226558,1.07734764551372,59.));
#7237=CARTESIAN_POINT('Ctrl Pts',(7.10020037344602,0.629788688174349,59.));
#7238=CARTESIAN_POINT('Ctrl Pts',(7.21866900549484,0.131700774605978,59.));
#7239=CARTESIAN_POINT('Ctrl Pts',(7.24193653920605,-2.25514051876985E-16,
59.));
#7240=CARTESIAN_POINT('',(4.56376679241657,2.28405773639679,59.));
#7241=CARTESIAN_POINT('Ctrl Pts',(4.56376679241657,2.28405773639679,59.));
#7242=CARTESIAN_POINT('Ctrl Pts',(4.97861675275066,2.25572567065626,59.));
#7243=CARTESIAN_POINT('Ctrl Pts',(5.76761192500976,2.20184145894896,59.));
#7244=CARTESIAN_POINT('Ctrl Pts',(6.34306015620966,1.66382534410903,59.));
#7245=CARTESIAN_POINT('Ctrl Pts',(6.61594040691853,1.40869557857513,59.));
#7246=CARTESIAN_POINT('',(3.05652268230915,1.87246382236481,59.));
#7247=CARTESIAN_POINT('Ctrl Pts',(3.05652268230915,1.87246382236481,59.));
#7248=CARTESIAN_POINT('Ctrl Pts',(3.28071410371557,1.99244063129792,59.));
#7249=CARTESIAN_POINT('Ctrl Pts',(3.7510062263912,2.24411907550882,59.));
#7250=CARTESIAN_POINT('Ctrl Pts',(4.28456111282673,2.27033770442026,59.));
#7251=CARTESIAN_POINT('Ctrl Pts',(4.56376679241657,2.28405773639679,59.));
#7252=CARTESIAN_POINT('Ctrl Pts',(2.11159355938435,0.736232399940491,59.));
#7253=CARTESIAN_POINT('Ctrl Pts',(2.22997662340857,0.964760890518783,59.));
#7254=CARTESIAN_POINT('Ctrl Pts',(2.46208822034578,1.41283269311148,59.));
#7255=CARTESIAN_POINT('Ctrl Pts',(2.86104461762852,1.721315446282,59.));
#7256=CARTESIAN_POINT('Ctrl Pts',(3.05652268230915,1.87246382236481,59.));
#7257=CARTESIAN_POINT('Ctrl Pts',(5.96087105572224,-0.927535891532898,60.));
#7258=CARTESIAN_POINT('Ctrl Pts',(5.96087105572224,-0.927535891532898,59.));
#7259=CARTESIAN_POINT('Ctrl Pts',(5.9572112366758,-0.594640534044815,60.));
#7260=CARTESIAN_POINT('Ctrl Pts',(5.9572112366758,-0.594640534044815,59.));
#7261=CARTESIAN_POINT('Ctrl Pts',(5.95083624888749,-0.014774750555846,60.));
#7262=CARTESIAN_POINT('Ctrl Pts',(5.95083624888749,-0.014774750555846,59.));
#7263=CARTESIAN_POINT('Ctrl Pts',(5.71393566447547,0.511911604891815,60.));
#7264=CARTESIAN_POINT('Ctrl Pts',(5.71393566447547,0.511911604891815,59.));
#7265=CARTESIAN_POINT('Ctrl Pts',(5.61303742229939,0.736232399940491,60.));
#7266=CARTESIAN_POINT('Ctrl Pts',(5.61303742229939,0.736232399940491,59.));
#7267=CARTESIAN_POINT('',(5.886700318215,0.,60.));
#7268=CARTESIAN_POINT('Ctrl Pts',(5.88670031821499,-1.0842021724855E-17,
59.));
#7269=CARTESIAN_POINT('Ctrl Pts',(5.88670031821499,-1.0842021724855E-17,
59.1666666666667));
#7270=CARTESIAN_POINT('Ctrl Pts',(5.88670031821499,-1.0842021724855E-17,
59.3333333333333));
#7271=CARTESIAN_POINT('Ctrl Pts',(5.88670031821499,-1.0842021724855E-17,
59.6666666666667));
#7272=CARTESIAN_POINT('Ctrl Pts',(5.88670031821499,-1.0842021724855E-17,
59.8333333333333));
#7273=CARTESIAN_POINT('Ctrl Pts',(5.88670031821499,-1.0842021724855E-17,
60.));
#7274=CARTESIAN_POINT('',(5.61303742229939,0.736232399940491,60.));
#7275=CARTESIAN_POINT('',(5.61303742229939,0.736232399940491,60.));
#7276=CARTESIAN_POINT('Ctrl Pts',(5.886700318215,0.,60.));
#7277=CARTESIAN_POINT('Ctrl Pts',(5.88267198788807,0.0179282894325907,60.));
#7278=CARTESIAN_POINT('Ctrl Pts',(5.82251856328258,0.270505990048772,60.));
#7279=CARTESIAN_POINT('Ctrl Pts',(5.71393566447547,0.511911604891815,60.));
#7280=CARTESIAN_POINT('Ctrl Pts',(5.61303742229939,0.736232399940491,60.));
#7281=CARTESIAN_POINT('Ctrl Pts',(3.50869782269001,0.736232399940491,60.));
#7282=CARTESIAN_POINT('Ctrl Pts',(3.50869782269001,0.736232399940491,59.));
#7283=CARTESIAN_POINT('Ctrl Pts',(3.40613221487963,0.511032303556951,60.));
#7284=CARTESIAN_POINT('Ctrl Pts',(3.40613221487963,0.511032303556951,59.));
#7285=CARTESIAN_POINT('Ctrl Pts',(3.16489184660545,-0.0186516260442748,
60.));
#7286=CARTESIAN_POINT('Ctrl Pts',(3.16489184660545,-0.0186516260442748,
59.));
#7287=CARTESIAN_POINT('Ctrl Pts',(3.15865854250069,-0.603141608792368,60.));
#7288=CARTESIAN_POINT('Ctrl Pts',(3.15865854250069,-0.603141608792368,59.));
#7289=CARTESIAN_POINT('Ctrl Pts',(3.15507538616657,-0.939130187034607,60.));
#7290=CARTESIAN_POINT('Ctrl Pts',(3.15507538616657,-0.939130187034607,59.));
#7291=CARTESIAN_POINT('',(3.23119929179239,0.,60.));
#7292=CARTESIAN_POINT('Ctrl Pts',(3.23119929179239,6.72205346941013E-17,
60.));
#7293=CARTESIAN_POINT('Ctrl Pts',(3.23119929179239,6.72205346941013E-17,
59.8333333333333));
#7294=CARTESIAN_POINT('Ctrl Pts',(3.23119929179239,6.72205346941013E-17,
59.6666666666667));
#7295=CARTESIAN_POINT('Ctrl Pts',(3.23119929179239,6.72205346941013E-17,
59.3333333333333));
#7296=CARTESIAN_POINT('Ctrl Pts',(3.23119929179239,6.72205346941013E-17,
59.1666666666667));
#7297=CARTESIAN_POINT('Ctrl Pts',(3.23119929179239,6.72205346941013E-17,
59.));
#7298=CARTESIAN_POINT('',(3.50869782269001,0.736232399940491,60.));
#7299=CARTESIAN_POINT('Ctrl Pts',(3.50869782269001,0.736232399940491,60.));
#7300=CARTESIAN_POINT('Ctrl Pts',(3.40613221487963,0.511032303556951,60.));
#7301=CARTESIAN_POINT('Ctrl Pts',(3.29621210857155,0.269684164901828,60.));
#7302=CARTESIAN_POINT('Ctrl Pts',(3.23508249802352,0.01695758316399,60.));
#7303=CARTESIAN_POINT('Ctrl Pts',(3.23119929179239,0.,60.));
#7304=CARTESIAN_POINT('',(3.50869782269001,0.736232399940491,60.));
#7305=CARTESIAN_POINT('Ctrl Pts',(4.56376679241657,1.27536237239838,60.));
#7306=CARTESIAN_POINT('Ctrl Pts',(4.56376679241657,1.27536237239838,59.));
#7307=CARTESIAN_POINT('Ctrl Pts',(4.34603428616393,1.25526436257501,60.));
#7308=CARTESIAN_POINT('Ctrl Pts',(4.34603428616393,1.25526436257501,59.));
#7309=CARTESIAN_POINT('Ctrl Pts',(3.92133197065515,1.21606180409624,60.));
#7310=CARTESIAN_POINT('Ctrl Pts',(3.92133197065515,1.21606180409624,59.));
#7311=CARTESIAN_POINT('Ctrl Pts',(3.64389899359605,0.893450355838989,60.));
#7312=CARTESIAN_POINT('Ctrl Pts',(3.64389899359605,0.893450355838989,59.));
#7313=CARTESIAN_POINT('Ctrl Pts',(3.50869782269001,0.736232399940491,60.));
#7314=CARTESIAN_POINT('Ctrl Pts',(3.50869782269001,0.736232399940491,59.));
#7315=CARTESIAN_POINT('',(4.56376679241657,1.27536237239838,60.));
#7316=CARTESIAN_POINT('Ctrl Pts',(4.56376679241657,1.27536237239838,60.));
#7317=CARTESIAN_POINT('Ctrl Pts',(4.34603428616393,1.25526436257501,60.));
#7318=CARTESIAN_POINT('Ctrl Pts',(3.92133197065515,1.21606180409624,60.));
#7319=CARTESIAN_POINT('Ctrl Pts',(3.64389899359605,0.893450355838989,60.));
#7320=CARTESIAN_POINT('Ctrl Pts',(3.50869782269001,0.736232399940491,60.));
#7321=CARTESIAN_POINT('',(4.56376679241657,1.27536237239838,60.));
#7322=CARTESIAN_POINT('Ctrl Pts',(5.61303742229939,0.736232399940491,60.));
#7323=CARTESIAN_POINT('Ctrl Pts',(5.61303742229939,0.736232399940491,59.));
#7324=CARTESIAN_POINT('Ctrl Pts',(5.47936168665615,0.893447438544706,60.));
#7325=CARTESIAN_POINT('Ctrl Pts',(5.47936168665615,0.893447438544706,59.));
#7326=CARTESIAN_POINT('Ctrl Pts',(5.204621573314,1.21656724272881,60.));
#7327=CARTESIAN_POINT('Ctrl Pts',(5.204621573314,1.21656724272881,59.));
#7328=CARTESIAN_POINT('Ctrl Pts',(4.78118094452523,1.25541574229393,60.));
#7329=CARTESIAN_POINT('Ctrl Pts',(4.78118094452523,1.25541574229393,59.));
#7330=CARTESIAN_POINT('Ctrl Pts',(4.56376679241657,1.27536237239838,60.));
#7331=CARTESIAN_POINT('Ctrl Pts',(4.56376679241657,1.27536237239838,59.));
#7332=CARTESIAN_POINT('Ctrl Pts',(5.61303742229939,0.736232399940491,60.));
#7333=CARTESIAN_POINT('Ctrl Pts',(5.47936168665615,0.893447438544706,60.));
#7334=CARTESIAN_POINT('Ctrl Pts',(5.204621573314,1.21656724272881,60.));
#7335=CARTESIAN_POINT('Ctrl Pts',(4.78118094452523,1.25541574229393,60.));
#7336=CARTESIAN_POINT('Ctrl Pts',(4.56376679241657,1.27536237239838,60.));
#7337=CARTESIAN_POINT('Ctrl Pts',(2.11159355938435,0.736232399940491,60.));
#7338=CARTESIAN_POINT('Ctrl Pts',(2.11159355938435,0.736232399940491,59.));
#7339=CARTESIAN_POINT('Ctrl Pts',(2.22997662340857,0.964760890518783,60.));
#7340=CARTESIAN_POINT('Ctrl Pts',(2.22997662340857,0.964760890518783,59.));
#7341=CARTESIAN_POINT('Ctrl Pts',(2.46208822034578,1.41283269311148,60.));
#7342=CARTESIAN_POINT('Ctrl Pts',(2.46208822034578,1.41283269311148,59.));
#7343=CARTESIAN_POINT('Ctrl Pts',(2.86104461762852,1.721315446282,60.));
#7344=CARTESIAN_POINT('Ctrl Pts',(2.86104461762852,1.721315446282,59.));
#7345=CARTESIAN_POINT('Ctrl Pts',(3.05652268230915,1.87246382236481,60.));
#7346=CARTESIAN_POINT('Ctrl Pts',(3.05652268230915,1.87246382236481,59.));
#7347=CARTESIAN_POINT('',(3.05652268230915,1.87246382236481,60.));
#7348=CARTESIAN_POINT('Ctrl Pts',(2.11159355938435,0.736232399940491,60.));
#7349=CARTESIAN_POINT('Ctrl Pts',(2.22997662340857,0.964760890518783,60.));
#7350=CARTESIAN_POINT('Ctrl Pts',(2.46208822034578,1.41283269311148,60.));
#7351=CARTESIAN_POINT('Ctrl Pts',(2.86104461762852,1.721315446282,60.));
#7352=CARTESIAN_POINT('Ctrl Pts',(3.05652268230915,1.87246382236481,60.));
#7353=CARTESIAN_POINT('',(3.05652268230915,1.87246382236481,60.));
#7354=CARTESIAN_POINT('Ctrl Pts',(6.61594040691853,1.40869557857513,60.));
#7355=CARTESIAN_POINT('Ctrl Pts',(6.61594040691853,1.40869557857513,59.));
#7356=CARTESIAN_POINT('Ctrl Pts',(6.82194518226558,1.07734764551372,60.));
#7357=CARTESIAN_POINT('Ctrl Pts',(6.82194518226558,1.07734764551372,59.));
#7358=CARTESIAN_POINT('Ctrl Pts',(7.26528948913653,0.364251458938583,60.));
#7359=CARTESIAN_POINT('Ctrl Pts',(7.26528948913653,0.364251458938583,59.));
#7360=CARTESIAN_POINT('Ctrl Pts',(7.30299828697769,-0.477117962832834,60.));
#7361=CARTESIAN_POINT('Ctrl Pts',(7.30299828697769,-0.477117962832834,59.));
#7362=CARTESIAN_POINT('Ctrl Pts',(7.3231852799654,-0.927535891532898,60.));
#7363=CARTESIAN_POINT('Ctrl Pts',(7.3231852799654,-0.927535891532898,59.));
#7364=CARTESIAN_POINT('',(7.24193653920605,0.,60.));
#7365=CARTESIAN_POINT('Ctrl Pts',(7.24193653920606,0.,60.));
#7366=CARTESIAN_POINT('Ctrl Pts',(7.24193653920606,0.,59.8333333333333));
#7367=CARTESIAN_POINT('Ctrl Pts',(7.24193653920606,0.,59.6666666666667));
#7368=CARTESIAN_POINT('Ctrl Pts',(7.24193653920606,0.,59.3333333333333));
#7369=CARTESIAN_POINT('Ctrl Pts',(7.24193653920606,0.,59.1666666666667));
#7370=CARTESIAN_POINT('Ctrl Pts',(7.24193653920606,0.,59.));
#7371=CARTESIAN_POINT('',(6.61594040691853,1.40869557857513,60.));
#7372=CARTESIAN_POINT('Ctrl Pts',(6.61594040691853,1.40869557857513,60.));
#7373=CARTESIAN_POINT('Ctrl Pts',(6.82194518226558,1.07734764551372,60.));
#7374=CARTESIAN_POINT('Ctrl Pts',(7.10020037344602,0.629788688174354,60.));
#7375=CARTESIAN_POINT('Ctrl Pts',(7.21866900549484,0.131700774605972,60.));
#7376=CARTESIAN_POINT('Ctrl Pts',(7.24193653920605,0.,60.));
#7377=CARTESIAN_POINT('',(6.61594040691853,1.40869557857513,60.));
#7378=CARTESIAN_POINT('Ctrl Pts',(4.56376679241657,2.28405773639679,60.));
#7379=CARTESIAN_POINT('Ctrl Pts',(4.56376679241657,2.28405773639679,59.));
#7380=CARTESIAN_POINT('Ctrl Pts',(4.97861675275066,2.25572567065626,60.));
#7381=CARTESIAN_POINT('Ctrl Pts',(4.97861675275066,2.25572567065626,59.));
#7382=CARTESIAN_POINT('Ctrl Pts',(5.76761192500976,2.20184145894896,60.));
#7383=CARTESIAN_POINT('Ctrl Pts',(5.76761192500976,2.20184145894896,59.));
#7384=CARTESIAN_POINT('Ctrl Pts',(6.34306015620966,1.66382534410903,60.));
#7385=CARTESIAN_POINT('Ctrl Pts',(6.34306015620966,1.66382534410903,59.));
#7386=CARTESIAN_POINT('Ctrl Pts',(6.61594040691853,1.40869557857513,60.));
#7387=CARTESIAN_POINT('Ctrl Pts',(6.61594040691853,1.40869557857513,59.));
#7388=CARTESIAN_POINT('',(4.56376679241657,2.28405773639679,60.));
#7389=CARTESIAN_POINT('Ctrl Pts',(4.56376679241657,2.28405773639679,60.));
#7390=CARTESIAN_POINT('Ctrl Pts',(4.97861675275066,2.25572567065626,60.));
#7391=CARTESIAN_POINT('Ctrl Pts',(5.76761192500976,2.20184145894896,60.));
#7392=CARTESIAN_POINT('Ctrl Pts',(6.34306015620966,1.66382534410903,60.));
#7393=CARTESIAN_POINT('Ctrl Pts',(6.61594040691853,1.40869557857513,60.));
#7394=CARTESIAN_POINT('',(4.56376679241657,2.28405773639679,60.));
#7395=CARTESIAN_POINT('Ctrl Pts',(3.05652268230915,1.87246382236481,60.));
#7396=CARTESIAN_POINT('Ctrl Pts',(3.05652268230915,1.87246382236481,59.));
#7397=CARTESIAN_POINT('Ctrl Pts',(3.28071410371557,1.99244063129792,60.));
#7398=CARTESIAN_POINT('Ctrl Pts',(3.28071410371557,1.99244063129792,59.));
#7399=CARTESIAN_POINT('Ctrl Pts',(3.7510062263912,2.24411907550882,60.));
#7400=CARTESIAN_POINT('Ctrl Pts',(3.7510062263912,2.24411907550882,59.));
#7401=CARTESIAN_POINT('Ctrl Pts',(4.28456111282673,2.27033770442026,60.));
#7402=CARTESIAN_POINT('Ctrl Pts',(4.28456111282673,2.27033770442026,59.));
#7403=CARTESIAN_POINT('Ctrl Pts',(4.56376679241657,2.28405773639679,60.));
#7404=CARTESIAN_POINT('Ctrl Pts',(4.56376679241657,2.28405773639679,59.));
#7405=CARTESIAN_POINT('Ctrl Pts',(3.05652268230915,1.87246382236481,60.));
#7406=CARTESIAN_POINT('Ctrl Pts',(3.28071410371557,1.99244063129792,60.));
#7407=CARTESIAN_POINT('Ctrl Pts',(3.7510062263912,2.24411907550882,60.));
#7408=CARTESIAN_POINT('Ctrl Pts',(4.28456111282673,2.27033770442026,60.));
#7409=CARTESIAN_POINT('Ctrl Pts',(4.56376679241657,2.28405773639679,60.));
#7410=CARTESIAN_POINT('Origin',(53.0333293229342,-2.97970950603485,60.));
#7411=CARTESIAN_POINT('',(53.0333293229342,0.,59.));
#7412=CARTESIAN_POINT('',(53.0333293229342,0.,60.));
#7413=CARTESIAN_POINT('',(53.0333293229342,0.,30.));
#7414=CARTESIAN_POINT('',(53.0333293229342,2.6666671037674,59.));
#7415=CARTESIAN_POINT('',(53.0333293229342,-2.97970950603485,59.));
#7416=CARTESIAN_POINT('',(53.0333293229342,2.6666671037674,60.));
#7417=CARTESIAN_POINT('',(53.0333293229342,2.6666671037674,60.));
#7418=CARTESIAN_POINT('',(53.0333293229342,-1.48985475301743,60.));
#7419=CARTESIAN_POINT('Origin',(54.3202937394381,4.00000035762787,60.));
#7420=CARTESIAN_POINT('',(54.3202937394381,0.,60.));
#7421=CARTESIAN_POINT('',(54.3202937394381,0.,59.));
#7422=CARTESIAN_POINT('',(54.3202937394381,0.,30.));
#7423=CARTESIAN_POINT('',(54.3202937394381,4.00000035762787,60.));
#7424=CARTESIAN_POINT('',(54.3202937394381,2.00000017881393,60.));
#7425=CARTESIAN_POINT('',(54.3202937394381,4.00000035762787,59.));
#7426=CARTESIAN_POINT('',(54.3202937394381,4.00000035762787,60.));
#7427=CARTESIAN_POINT('',(54.3202937394381,4.00000035762787,59.));
#7428=CARTESIAN_POINT('Origin',(53.1724608689547,4.00000035762787,60.));
#7429=CARTESIAN_POINT('',(53.1724608689547,4.00000035762787,60.));
#7430=CARTESIAN_POINT('',(-13.4137695655227,4.00000035762787,60.));
#7431=CARTESIAN_POINT('',(53.1724608689547,4.00000035762787,59.));
#7432=CARTESIAN_POINT('',(53.1724608689547,4.00000035762787,60.));
#7433=CARTESIAN_POINT('',(53.1724608689547,4.00000035762787,59.));
#7434=CARTESIAN_POINT('Origin',(50.7144892960787,2.49275386333466,60.));
#7435=CARTESIAN_POINT('',(50.7144892960787,2.49275386333466,60.));
#7436=CARTESIAN_POINT('',(2.66186674668177,-26.9734725480755,60.));
#7437=CARTESIAN_POINT('',(50.7144892960787,2.49275386333466,59.));
#7438=CARTESIAN_POINT('',(50.7144892960787,2.49275386333466,60.));
#7439=CARTESIAN_POINT('',(50.7144892960787,2.49275386333466,59.));
#7440=CARTESIAN_POINT('Origin',(51.2710154801607,1.58260881900787,60.));
#7441=CARTESIAN_POINT('',(51.2710154801607,1.58260881900787,60.));
#7442=CARTESIAN_POINT('',(33.7609851649761,30.2185791887828,60.));
#7443=CARTESIAN_POINT('',(51.2710154801607,1.58260881900787,59.));
#7444=CARTESIAN_POINT('',(51.2710154801607,1.58260881900787,60.));
#7445=CARTESIAN_POINT('',(51.2710154801607,1.58260881900787,59.));
#7446=CARTESIAN_POINT('Origin',(53.0333293229342,2.6666671037674,60.));
#7447=CARTESIAN_POINT('',(4.18149444511684,-27.3837331368952,60.));
#7448=CARTESIAN_POINT('',(53.0333293229342,2.6666671037674,59.));
#7449=CARTESIAN_POINT('Origin',(-2.50000171363354,-0.69275438785553,59.));
#7450=CARTESIAN_POINT('',(-1.25000085681677,0.,59.));
#7451=CARTESIAN_POINT('Origin',(-24.5608746260405,-2.14492738246918,60.));
#7452=CARTESIAN_POINT('',(-24.5608746260405,0.,59.));
#7453=CARTESIAN_POINT('',(-24.5608746260405,0.,60.));
#7454=CARTESIAN_POINT('',(-24.5608746260405,0.,30.));
#7455=CARTESIAN_POINT('',(-24.5608746260405,1.17681086063385,59.));
#7456=CARTESIAN_POINT('',(-24.5608746260405,-2.14492738246918,59.));
#7457=CARTESIAN_POINT('',(-24.5608746260405,1.17681086063385,60.));
#7458=CARTESIAN_POINT('',(-24.5608746260405,1.17681086063385,60.));
#7459=CARTESIAN_POINT('',(-24.5608746260405,-1.07246369123459,60.));
#7460=CARTESIAN_POINT('Origin',(-23.2623230665922,1.17681086063385,60.));
#7461=CARTESIAN_POINT('',(-23.2623230665922,0.,60.));
#7462=CARTESIAN_POINT('',(-23.2623230665922,0.,59.));
#7463=CARTESIAN_POINT('',(-23.2623230665922,0.,30.));
#7464=CARTESIAN_POINT('',(-23.2623230665922,1.17681086063385,60.));
#7465=CARTESIAN_POINT('',(-23.2623230665922,0.588405430316925,60.));
#7466=CARTESIAN_POINT('',(-23.2623230665922,1.17681086063385,59.));
#7467=CARTESIAN_POINT('',(-23.2623230665922,1.17681086063385,60.));
#7468=CARTESIAN_POINT('',(-23.2623230665922,1.17681086063385,59.));
#7469=CARTESIAN_POINT('Origin',(-21.343482658267,1.17681086063385,60.));
#7470=CARTESIAN_POINT('',(-21.343482658267,1.17681086063385,60.));
#7471=CARTESIAN_POINT('',(-50.6717413291335,1.17681086063385,60.));
#7472=CARTESIAN_POINT('',(-21.343482658267,1.17681086063385,59.));
#7473=CARTESIAN_POINT('',(-21.343482658267,1.17681086063385,60.));
#7474=CARTESIAN_POINT('',(-21.343482658267,1.17681086063385,59.));
#7475=CARTESIAN_POINT('Origin',(-21.1985527724028,2.12173998355865,60.));
#7476=CARTESIAN_POINT('',(-21.1985527724028,2.12173998355865,60.));
#7477=CARTESIAN_POINT('',(-22.0332618719793,-3.32048425236581,60.));
#7478=CARTESIAN_POINT('',(-21.1985527724028,2.12173998355865,59.));
#7479=CARTESIAN_POINT('',(-21.1985527724028,2.12173998355865,60.));
#7480=CARTESIAN_POINT('',(-21.1985527724028,2.12173998355865,59.));
#7481=CARTESIAN_POINT('Origin',(-23.2623230665922,2.12173998355865,60.));
#7482=CARTESIAN_POINT('',(-23.2623230665922,2.12173998355865,60.));
#7483=CARTESIAN_POINT('',(-51.6311615332961,2.12173998355865,60.));
#7484=CARTESIAN_POINT('',(-23.2623230665922,2.12173998355865,59.));
#7485=CARTESIAN_POINT('',(-23.2623230665922,2.12173998355865,60.));
#7486=CARTESIAN_POINT('',(-23.2623230665922,2.12173998355865,59.));
#7487=CARTESIAN_POINT('Origin',(-23.2623230665922,3.64637672901154,60.));
#7488=CARTESIAN_POINT('',(-23.2623230665922,3.64637672901154,60.));
#7489=CARTESIAN_POINT('',(-23.2623230665922,1.82318836450577,60.));
#7490=CARTESIAN_POINT('',(-23.2623230665922,3.64637672901154,59.));
#7491=CARTESIAN_POINT('',(-23.2623230665922,3.64637672901154,60.));
#7492=CARTESIAN_POINT('',(-23.2623230665922,3.64637672901154,59.));
#7493=CARTESIAN_POINT('Origin',(-24.5608746260405,3.48985493183136,60.));
#7494=CARTESIAN_POINT('',(-24.5608746260405,3.48985493183136,60.));
#7495=CARTESIAN_POINT('',(-52.0907853763224,0.171518377929029,60.));
#7496=CARTESIAN_POINT('',(-24.5608746260405,3.48985493183136,59.));
#7497=CARTESIAN_POINT('',(-24.5608746260405,3.48985493183136,60.));
#7498=CARTESIAN_POINT('',(-24.5608746260405,3.48985493183136,59.));
#7499=CARTESIAN_POINT('Origin',(-24.5608746260405,2.12173998355865,60.));
#7500=CARTESIAN_POINT('',(-24.5608746260405,2.12173998355865,60.));
#7501=CARTESIAN_POINT('',(-24.5608746260405,1.06086999177933,60.));
#7502=CARTESIAN_POINT('',(-24.5608746260405,2.12173998355865,59.));
#7503=CARTESIAN_POINT('',(-24.5608746260405,2.12173998355865,60.));
#7504=CARTESIAN_POINT('',(-24.5608746260405,2.12173998355865,59.));
#7505=CARTESIAN_POINT('Origin',(-25.9231936186552,2.12173998355865,60.));
#7506=CARTESIAN_POINT('',(-25.9231936186552,2.12173998355865,60.));
#7507=CARTESIAN_POINT('',(-52.9615968093276,2.12173998355865,60.));
#7508=CARTESIAN_POINT('',(-25.9231936186552,2.12173998355865,59.));
#7509=CARTESIAN_POINT('',(-25.9231936186552,2.12173998355865,60.));
#7510=CARTESIAN_POINT('',(-25.9231936186552,2.12173998355865,59.));
#7511=CARTESIAN_POINT('Origin',(-25.9231936186552,1.17681086063385,60.));
#7512=CARTESIAN_POINT('',(-25.9231936186552,1.17681086063385,60.));
#7513=CARTESIAN_POINT('',(-25.9231936186552,0.588405430316925,60.));
#7514=CARTESIAN_POINT('',(-25.9231936186552,1.17681086063385,59.));
#7515=CARTESIAN_POINT('',(-25.9231936186552,1.17681086063385,60.));
#7516=CARTESIAN_POINT('',(-25.9231936186552,1.17681086063385,59.));
#7517=CARTESIAN_POINT('Origin',(-24.5608746260405,1.17681086063385,60.));
#7518=CARTESIAN_POINT('',(-52.2804373130202,1.17681086063385,60.));
#7519=CARTESIAN_POINT('',(-24.5608746260405,1.17681086063385,59.));
#7520=CARTESIAN_POINT('Origin',(-2.50000171363354,-0.69275438785553,59.));
#7521=CARTESIAN_POINT('',(-1.25000085681677,0.,59.));
#7522=CARTESIAN_POINT('Ctrl Pts',(-31.0768162459135,4.30724680423737,60.));
#7523=CARTESIAN_POINT('Ctrl Pts',(-31.0768162459135,4.30724680423737,59.));
#7524=CARTESIAN_POINT('Ctrl Pts',(-31.0674417676762,4.417837636323,60.));
#7525=CARTESIAN_POINT('Ctrl Pts',(-31.0674417676762,4.417837636323,59.));
#7526=CARTESIAN_POINT('Ctrl Pts',(-31.048934788268,4.63616469414303,60.));
#7527=CARTESIAN_POINT('Ctrl Pts',(-31.048934788268,4.63616469414303,59.));
#7528=CARTESIAN_POINT('Ctrl Pts',(-30.9084571951251,4.80409131375598,60.));
#7529=CARTESIAN_POINT('Ctrl Pts',(-30.9084571951251,4.80409131375598,59.));
#7530=CARTESIAN_POINT('Ctrl Pts',(-30.8391367644072,4.88695681095123,60.));
#7531=CARTESIAN_POINT('Ctrl Pts',(-30.8391367644072,4.88695681095123,59.));
#7532=CARTESIAN_POINT('',(-31.0768162459135,4.30724680423737,60.));
#7533=CARTESIAN_POINT('',(-30.8391367644072,4.88695681095123,60.));
#7534=CARTESIAN_POINT('Ctrl Pts',(-31.0768162459135,4.30724680423737,60.));
#7535=CARTESIAN_POINT('Ctrl Pts',(-31.0674417676762,4.417837636323,60.));
#7536=CARTESIAN_POINT('Ctrl Pts',(-31.048934788268,4.63616469414303,60.));
#7537=CARTESIAN_POINT('Ctrl Pts',(-30.9084571951251,4.80409131375598,60.));
#7538=CARTESIAN_POINT('Ctrl Pts',(-30.8391367644072,4.88695681095123,60.));
#7539=CARTESIAN_POINT('',(-31.0768162459135,4.30724680423737,59.));
#7540=CARTESIAN_POINT('',(-31.0768162459135,4.30724680423737,60.));
#7541=CARTESIAN_POINT('',(-30.8391367644072,4.88695681095123,59.));
#7542=CARTESIAN_POINT('Ctrl Pts',(-31.0768162459135,4.30724680423737,59.));
#7543=CARTESIAN_POINT('Ctrl Pts',(-31.0674417676762,4.417837636323,59.));
#7544=CARTESIAN_POINT('Ctrl Pts',(-31.048934788268,4.63616469414303,59.));
#7545=CARTESIAN_POINT('Ctrl Pts',(-30.9084571951251,4.80409131375598,59.));
#7546=CARTESIAN_POINT('Ctrl Pts',(-30.8391367644072,4.88695681095123,59.));
#7547=CARTESIAN_POINT('',(-30.8391367644072,4.88695681095123,60.));
#7548=CARTESIAN_POINT('Ctrl Pts',(-30.8391367644072,3.72173845767975,60.));
#7549=CARTESIAN_POINT('Ctrl Pts',(-30.8391367644072,3.72173845767975,59.));
#7550=CARTESIAN_POINT('Ctrl Pts',(-30.9084587296446,3.8061020480546,60.));
#7551=CARTESIAN_POINT('Ctrl Pts',(-30.9084587296446,3.8061020480546,59.));
#7552=CARTESIAN_POINT('Ctrl Pts',(-31.0484469630852,3.97646522144157,60.));
#7553=CARTESIAN_POINT('Ctrl Pts',(-31.0484469630852,3.97646522144157,59.));
#7554=CARTESIAN_POINT('Ctrl Pts',(-31.0672994716057,4.19628264318645,60.));
#7555=CARTESIAN_POINT('Ctrl Pts',(-31.0672994716057,4.19628264318645,59.));
#7556=CARTESIAN_POINT('Ctrl Pts',(-31.0768162459135,4.30724680423737,60.));
#7557=CARTESIAN_POINT('Ctrl Pts',(-31.0768162459135,4.30724680423737,59.));
#7558=CARTESIAN_POINT('',(-30.8391367644072,3.72173845767975,60.));
#7559=CARTESIAN_POINT('Ctrl Pts',(-30.8391367644072,3.72173845767975,60.));
#7560=CARTESIAN_POINT('Ctrl Pts',(-30.9084587296446,3.8061020480546,60.));
#7561=CARTESIAN_POINT('Ctrl Pts',(-31.0484469630852,3.97646522144157,60.));
#7562=CARTESIAN_POINT('Ctrl Pts',(-31.0672994716057,4.19628264318645,60.));
#7563=CARTESIAN_POINT('Ctrl Pts',(-31.0768162459135,4.30724680423737,60.));
#7564=CARTESIAN_POINT('',(-30.8391367644072,3.72173845767975,59.));
#7565=CARTESIAN_POINT('',(-30.8391367644072,3.72173845767975,60.));
#7566=CARTESIAN_POINT('Ctrl Pts',(-30.8391367644072,3.72173845767975,59.));
#7567=CARTESIAN_POINT('Ctrl Pts',(-30.9084587296446,3.8061020480546,59.));
#7568=CARTESIAN_POINT('Ctrl Pts',(-31.0484469630852,3.97646522144157,59.));
#7569=CARTESIAN_POINT('Ctrl Pts',(-31.0672994716057,4.19628264318645,59.));
#7570=CARTESIAN_POINT('Ctrl Pts',(-31.0768162459135,4.30724680423737,59.));
#7571=CARTESIAN_POINT('Ctrl Pts',(-30.2304398268461,3.48405778408051,60.));
#7572=CARTESIAN_POINT('Ctrl Pts',(-30.2304398268461,3.48405778408051,59.));
#7573=CARTESIAN_POINT('Ctrl Pts',(-30.3473873089988,3.49281674280685,60.));
#7574=CARTESIAN_POINT('Ctrl Pts',(-30.3473873089988,3.49281674280685,59.));
#7575=CARTESIAN_POINT('Ctrl Pts',(-30.574977666204,3.50986246716602,60.));
#7576=CARTESIAN_POINT('Ctrl Pts',(-30.574977666204,3.50986246716602,59.));
#7577=CARTESIAN_POINT('Ctrl Pts',(-30.7527250244921,3.65242957106162,60.));
#7578=CARTESIAN_POINT('Ctrl Pts',(-30.7527250244921,3.65242957106162,59.));
#7579=CARTESIAN_POINT('Ctrl Pts',(-30.8391367644072,3.72173845767975,60.));
#7580=CARTESIAN_POINT('Ctrl Pts',(-30.8391367644072,3.72173845767975,59.));
#7581=CARTESIAN_POINT('',(-30.2304398268461,3.48405778408051,60.));
#7582=CARTESIAN_POINT('Ctrl Pts',(-30.2304398268461,3.48405778408051,60.));
#7583=CARTESIAN_POINT('Ctrl Pts',(-30.3473873089988,3.49281674280685,60.));
#7584=CARTESIAN_POINT('Ctrl Pts',(-30.574977666204,3.50986246716602,60.));
#7585=CARTESIAN_POINT('Ctrl Pts',(-30.7527250244921,3.65242957106162,60.));
#7586=CARTESIAN_POINT('Ctrl Pts',(-30.8391367644072,3.72173845767975,60.));
#7587=CARTESIAN_POINT('',(-30.2304398268461,3.48405778408051,59.));
#7588=CARTESIAN_POINT('',(-30.2304398268461,3.48405778408051,60.));
#7589=CARTESIAN_POINT('Ctrl Pts',(-30.2304398268461,3.48405778408051,59.));
#7590=CARTESIAN_POINT('Ctrl Pts',(-30.3473873089988,3.49281674280685,59.));
#7591=CARTESIAN_POINT('Ctrl Pts',(-30.574977666204,3.50986246716602,59.));
#7592=CARTESIAN_POINT('Ctrl Pts',(-30.7527250244921,3.65242957106162,59.));
#7593=CARTESIAN_POINT('Ctrl Pts',(-30.8391367644072,3.72173845767975,59.));
#7594=CARTESIAN_POINT('Ctrl Pts',(-29.6159493178129,3.72173845767975,60.));
#7595=CARTESIAN_POINT('Ctrl Pts',(-29.6159493178129,3.72173845767975,59.));
#7596=CARTESIAN_POINT('Ctrl Pts',(-29.7018904845188,3.65244562166195,60.));
#7597=CARTESIAN_POINT('Ctrl Pts',(-29.7018904845188,3.65244562166195,59.));
#7598=CARTESIAN_POINT('Ctrl Pts',(-29.8809078672108,3.50810708614181,60.));
#7599=CARTESIAN_POINT('Ctrl Pts',(-29.8809078672108,3.50810708614181,59.));
#7600=CARTESIAN_POINT('Ctrl Pts',(-30.110873940963,3.49228443124842,60.));
#7601=CARTESIAN_POINT('Ctrl Pts',(-30.110873940963,3.49228443124842,59.));
#7602=CARTESIAN_POINT('Ctrl Pts',(-30.2304398268461,3.48405778408051,60.));
#7603=CARTESIAN_POINT('Ctrl Pts',(-30.2304398268461,3.48405778408051,59.));
#7604=CARTESIAN_POINT('',(-29.6159493178129,3.72173845767975,60.));
#7605=CARTESIAN_POINT('Ctrl Pts',(-29.6159493178129,3.72173845767975,60.));
#7606=CARTESIAN_POINT('Ctrl Pts',(-29.7018904845188,3.65244562166195,60.));
#7607=CARTESIAN_POINT('Ctrl Pts',(-29.8809078672108,3.50810708614181,60.));
#7608=CARTESIAN_POINT('Ctrl Pts',(-30.110873940963,3.49228443124842,60.));
#7609=CARTESIAN_POINT('Ctrl Pts',(-30.2304398268461,3.48405778408051,60.));
#7610=CARTESIAN_POINT('',(-29.6159493178129,3.72173845767975,59.));
#7611=CARTESIAN_POINT('',(-29.6159493178129,3.72173845767975,60.));
#7612=CARTESIAN_POINT('Ctrl Pts',(-29.6159493178129,3.72173845767975,59.));
#7613=CARTESIAN_POINT('Ctrl Pts',(-29.7018904845188,3.65244562166195,59.));
#7614=CARTESIAN_POINT('Ctrl Pts',(-29.8809078672108,3.50810708614181,59.));
#7615=CARTESIAN_POINT('Ctrl Pts',(-30.110873940963,3.49228443124842,59.));
#7616=CARTESIAN_POINT('Ctrl Pts',(-30.2304398268461,3.48405778408051,59.));
#7617=CARTESIAN_POINT('Ctrl Pts',(-29.378265067935,4.30724680423737,60.));
#7618=CARTESIAN_POINT('Ctrl Pts',(-29.378265067935,4.30724680423737,59.));
#7619=CARTESIAN_POINT('Ctrl Pts',(-29.3877837784538,4.19628269836747,60.));
#7620=CARTESIAN_POINT('Ctrl Pts',(-29.3877837784538,4.19628269836747,59.));
#7621=CARTESIAN_POINT('Ctrl Pts',(-29.4066400976307,3.97646567658282,60.));
#7622=CARTESIAN_POINT('Ctrl Pts',(-29.4066400976307,3.97646567658282,59.));
#7623=CARTESIAN_POINT('Ctrl Pts',(-29.5466277391369,3.80610212274307,60.));
#7624=CARTESIAN_POINT('Ctrl Pts',(-29.5466277391369,3.80610212274307,59.));
#7625=CARTESIAN_POINT('Ctrl Pts',(-29.6159493178129,3.72173845767975,60.));
#7626=CARTESIAN_POINT('Ctrl Pts',(-29.6159493178129,3.72173845767975,59.));
#7627=CARTESIAN_POINT('',(-29.378265067935,4.30724680423737,60.));
#7628=CARTESIAN_POINT('Ctrl Pts',(-29.378265067935,4.30724680423737,60.));
#7629=CARTESIAN_POINT('Ctrl Pts',(-29.3877837784538,4.19628269836747,60.));
#7630=CARTESIAN_POINT('Ctrl Pts',(-29.4066400976307,3.97646567658282,60.));
#7631=CARTESIAN_POINT('Ctrl Pts',(-29.5466277391369,3.80610212274307,60.));
#7632=CARTESIAN_POINT('Ctrl Pts',(-29.6159493178129,3.72173845767975,60.));
#7633=CARTESIAN_POINT('',(-29.378265067935,4.30724680423737,59.));
#7634=CARTESIAN_POINT('',(-29.378265067935,4.30724680423737,60.));
#7635=CARTESIAN_POINT('Ctrl Pts',(-29.378265067935,4.30724680423737,59.));
#7636=CARTESIAN_POINT('Ctrl Pts',(-29.3877837784538,4.19628269836747,59.));
#7637=CARTESIAN_POINT('Ctrl Pts',(-29.4066400976307,3.97646567658282,59.));
#7638=CARTESIAN_POINT('Ctrl Pts',(-29.5466277391369,3.80610212274307,59.));
#7639=CARTESIAN_POINT('Ctrl Pts',(-29.6159493178129,3.72173845767975,59.));
#7640=CARTESIAN_POINT('Ctrl Pts',(-29.6159493178129,4.88695681095123,60.));
#7641=CARTESIAN_POINT('Ctrl Pts',(-29.6159493178129,4.88695681095123,59.));
#7642=CARTESIAN_POINT('Ctrl Pts',(-29.546629269824,4.80409123936401,60.));
#7643=CARTESIAN_POINT('Ctrl Pts',(-29.546629269824,4.80409123936401,59.));
#7644=CARTESIAN_POINT('Ctrl Pts',(-29.4061522606111,4.63616423987394,60.));
#7645=CARTESIAN_POINT('Ctrl Pts',(-29.4061522606111,4.63616423987394,59.));
#7646=CARTESIAN_POINT('Ctrl Pts',(-29.3876414827128,4.41783758115831,60.));
#7647=CARTESIAN_POINT('Ctrl Pts',(-29.3876414827128,4.41783758115831,59.));
#7648=CARTESIAN_POINT('Ctrl Pts',(-29.378265067935,4.30724680423737,60.));
#7649=CARTESIAN_POINT('Ctrl Pts',(-29.378265067935,4.30724680423737,59.));
#7650=CARTESIAN_POINT('',(-29.6159493178129,4.88695681095123,60.));
#7651=CARTESIAN_POINT('Ctrl Pts',(-29.6159493178129,4.88695681095123,60.));
#7652=CARTESIAN_POINT('Ctrl Pts',(-29.546629269824,4.80409123936401,60.));
#7653=CARTESIAN_POINT('Ctrl Pts',(-29.4061522606111,4.63616423987394,60.));
#7654=CARTESIAN_POINT('Ctrl Pts',(-29.3876414827128,4.41783758115831,60.));
#7655=CARTESIAN_POINT('Ctrl Pts',(-29.378265067935,4.30724680423737,60.));
#7656=CARTESIAN_POINT('',(-29.6159493178129,4.88695681095123,59.));
#7657=CARTESIAN_POINT('',(-29.6159493178129,4.88695681095123,60.));
#7658=CARTESIAN_POINT('Ctrl Pts',(-29.6159493178129,4.88695681095123,59.));
#7659=CARTESIAN_POINT('Ctrl Pts',(-29.546629269824,4.80409123936401,59.));
#7660=CARTESIAN_POINT('Ctrl Pts',(-29.4061522606111,4.63616423987394,59.));
#7661=CARTESIAN_POINT('Ctrl Pts',(-29.3876414827128,4.41783758115831,59.));
#7662=CARTESIAN_POINT('Ctrl Pts',(-29.378265067935,4.30724680423737,59.));
#7663=CARTESIAN_POINT('Ctrl Pts',(-30.2304398268461,5.11884033679962,60.));
#7664=CARTESIAN_POINT('Ctrl Pts',(-30.2304398268461,5.11884033679962,59.));
#7665=CARTESIAN_POINT('Ctrl Pts',(-30.1110295360613,5.11096065207264,60.));
#7666=CARTESIAN_POINT('Ctrl Pts',(-30.1110295360613,5.11096065207264,59.));
#7667=CARTESIAN_POINT('Ctrl Pts',(-29.8820977770945,5.0958538294295,60.));
#7668=CARTESIAN_POINT('Ctrl Pts',(-29.8820977770945,5.0958538294295,59.));
#7669=CARTESIAN_POINT('Ctrl Pts',(-29.7020733895508,4.95455465410171,60.));
#7670=CARTESIAN_POINT('Ctrl Pts',(-29.7020733895508,4.95455465410171,59.));
#7671=CARTESIAN_POINT('Ctrl Pts',(-29.6159493178129,4.88695681095123,60.));
#7672=CARTESIAN_POINT('Ctrl Pts',(-29.6159493178129,4.88695681095123,59.));
#7673=CARTESIAN_POINT('',(-30.2304398268461,5.11884033679962,60.));
#7674=CARTESIAN_POINT('Ctrl Pts',(-30.2304398268461,5.11884033679962,60.));
#7675=CARTESIAN_POINT('Ctrl Pts',(-30.1110295360613,5.11096065207264,60.));
#7676=CARTESIAN_POINT('Ctrl Pts',(-29.8820977770945,5.0958538294295,60.));
#7677=CARTESIAN_POINT('Ctrl Pts',(-29.7020733895508,4.95455465410171,60.));
#7678=CARTESIAN_POINT('Ctrl Pts',(-29.6159493178129,4.88695681095123,60.));
#7679=CARTESIAN_POINT('',(-30.2304398268461,5.11884033679962,59.));
#7680=CARTESIAN_POINT('',(-30.2304398268461,5.11884033679962,60.));
#7681=CARTESIAN_POINT('Ctrl Pts',(-30.2304398268461,5.11884033679962,59.));
#7682=CARTESIAN_POINT('Ctrl Pts',(-30.1110295360613,5.11096065207264,59.));
#7683=CARTESIAN_POINT('Ctrl Pts',(-29.8820977770945,5.0958538294295,59.));
#7684=CARTESIAN_POINT('Ctrl Pts',(-29.7020733895508,4.95455465410171,59.));
#7685=CARTESIAN_POINT('Ctrl Pts',(-29.6159493178129,4.88695681095123,59.));
#7686=CARTESIAN_POINT('Ctrl Pts',(-30.8391367644072,4.88695681095123,60.));
#7687=CARTESIAN_POINT('Ctrl Pts',(-30.8391367644072,4.88695681095123,59.));
#7688=CARTESIAN_POINT('Ctrl Pts',(-30.7525434246329,4.95457118477644,60.));
#7689=CARTESIAN_POINT('Ctrl Pts',(-30.7525434246329,4.95457118477644,59.));
#7690=CARTESIAN_POINT('Ctrl Pts',(-30.5738133780211,5.09412834029096,60.));
#7691=CARTESIAN_POINT('Ctrl Pts',(-30.5738133780211,5.09412834029096,59.));
#7692=CARTESIAN_POINT('Ctrl Pts',(-30.3472400905089,5.11043442522615,60.));
#7693=CARTESIAN_POINT('Ctrl Pts',(-30.3472400905089,5.11043442522615,59.));
#7694=CARTESIAN_POINT('Ctrl Pts',(-30.2304398268461,5.11884033679962,60.));
#7695=CARTESIAN_POINT('Ctrl Pts',(-30.2304398268461,5.11884033679962,59.));
#7696=CARTESIAN_POINT('Ctrl Pts',(-30.8391367644072,4.88695681095123,60.));
#7697=CARTESIAN_POINT('Ctrl Pts',(-30.7525434246329,4.95457118477644,60.));
#7698=CARTESIAN_POINT('Ctrl Pts',(-30.5738133780211,5.09412834029096,60.));
#7699=CARTESIAN_POINT('Ctrl Pts',(-30.3472400905089,5.11043442522615,60.));
#7700=CARTESIAN_POINT('Ctrl Pts',(-30.2304398268461,5.11884033679962,60.));
#7701=CARTESIAN_POINT('Ctrl Pts',(-30.8391367644072,4.88695681095123,59.));
#7702=CARTESIAN_POINT('Ctrl Pts',(-30.7525434246329,4.95457118477644,59.));
#7703=CARTESIAN_POINT('Ctrl Pts',(-30.5738133780211,5.09412834029096,59.));
#7704=CARTESIAN_POINT('Ctrl Pts',(-30.3472400905089,5.11043442522615,59.));
#7705=CARTESIAN_POINT('Ctrl Pts',(-30.2304398268461,5.11884033679962,59.));
#7706=CARTESIAN_POINT('Origin',(-2.50000171363354,-0.69275438785553,59.));
#7707=CARTESIAN_POINT('Origin',(-43.181165382266,-0.243478417396545,60.));
#7708=CARTESIAN_POINT('',(-43.181165382266,0.,59.));
#7709=CARTESIAN_POINT('',(-43.181165382266,0.,60.));
#7710=CARTESIAN_POINT('',(-43.181165382266,0.,30.));
#7711=CARTESIAN_POINT('',(-43.181165382266,0.156521201133728,59.));
#7712=CARTESIAN_POINT('',(-43.181165382266,-0.243478417396545,59.));
#7713=CARTESIAN_POINT('',(-43.181165382266,0.156521201133728,60.));
#7714=CARTESIAN_POINT('',(-43.181165382266,0.156521201133728,60.));
#7715=CARTESIAN_POINT('',(-43.181165382266,-0.121739208698273,60.));
#7716=CARTESIAN_POINT('Ctrl Pts',(-42.5144993513823,1.73913061618805,60.));
#7717=CARTESIAN_POINT('Ctrl Pts',(-42.5144993513823,1.73913061618805,59.));
#7718=CARTESIAN_POINT('Ctrl Pts',(-42.3370675741547,1.53321106453903,60.));
#7719=CARTESIAN_POINT('Ctrl Pts',(-42.3370675741547,1.53321106453903,59.));
#7720=CARTESIAN_POINT('Ctrl Pts',(-41.9648449133035,1.10122574244082,60.));
#7721=CARTESIAN_POINT('Ctrl Pts',(-41.9648449133035,1.10122574244082,59.));
#7722=CARTESIAN_POINT('Ctrl Pts',(-41.9260857752287,0.530536286533732,60.));
#7723=CARTESIAN_POINT('Ctrl Pts',(-41.9260857752287,0.530536286533732,59.));
#7724=CARTESIAN_POINT('Ctrl Pts',(-41.9058024138212,0.231884121894836,60.));
#7725=CARTESIAN_POINT('Ctrl Pts',(-41.9058024138212,0.231884121894836,59.));
#7726=CARTESIAN_POINT('',(-42.5144993513823,1.73913061618805,60.));
#7727=CARTESIAN_POINT('',(-41.9058024138212,0.231884121894836,60.));
#7728=CARTESIAN_POINT('Ctrl Pts',(-42.5144993513823,1.73913061618805,60.));
#7729=CARTESIAN_POINT('Ctrl Pts',(-42.3370675741547,1.53321106453903,60.));
#7730=CARTESIAN_POINT('Ctrl Pts',(-41.9648449133035,1.10122574244082,60.));
#7731=CARTESIAN_POINT('Ctrl Pts',(-41.9260857752287,0.530536286533732,60.));
#7732=CARTESIAN_POINT('Ctrl Pts',(-41.9058024138212,0.231884121894836,60.));
#7733=CARTESIAN_POINT('',(-42.5144993513823,1.73913061618805,59.));
#7734=CARTESIAN_POINT('',(-42.5144993513823,1.73913061618805,60.));
#7735=CARTESIAN_POINT('',(-41.9058024138212,0.231884121894836,59.));
#7736=CARTESIAN_POINT('Ctrl Pts',(-42.5144993513823,1.73913061618805,59.));
#7737=CARTESIAN_POINT('Ctrl Pts',(-42.3370675741547,1.53321106453903,59.));
#7738=CARTESIAN_POINT('Ctrl Pts',(-41.9648449133035,1.10122574244082,59.));
#7739=CARTESIAN_POINT('Ctrl Pts',(-41.9260857752287,0.530536286533732,59.));
#7740=CARTESIAN_POINT('Ctrl Pts',(-41.9058024138212,0.231884121894836,59.));
#7741=CARTESIAN_POINT('',(-41.9058024138212,0.231884121894836,60.));
#7742=CARTESIAN_POINT('Ctrl Pts',(-44.3463837355375,2.28405773639679,60.));
#7743=CARTESIAN_POINT('Ctrl Pts',(-44.3463837355375,2.28405773639679,59.));
#7744=CARTESIAN_POINT('Ctrl Pts',(-43.9777255219383,2.27351476265075,60.));
#7745=CARTESIAN_POINT('Ctrl Pts',(-43.9777255219383,2.27351476265075,59.));
#7746=CARTESIAN_POINT('Ctrl Pts',(-43.3149779367456,2.25456135232871,60.));
#7747=CARTESIAN_POINT('Ctrl Pts',(-43.3149779367456,2.25456135232871,59.));
#7748=CARTESIAN_POINT('Ctrl Pts',(-42.7605310733741,1.8975512334275,60.));
#7749=CARTESIAN_POINT('Ctrl Pts',(-42.7605310733741,1.8975512334275,59.));
#7750=CARTESIAN_POINT('Ctrl Pts',(-42.5144993513823,1.73913061618805,60.));
#7751=CARTESIAN_POINT('Ctrl Pts',(-42.5144993513823,1.73913061618805,59.));
#7752=CARTESIAN_POINT('',(-44.3463837355375,2.28405773639679,60.));
#7753=CARTESIAN_POINT('Ctrl Pts',(-44.3463837355375,2.28405773639679,60.));
#7754=CARTESIAN_POINT('Ctrl Pts',(-43.9777255219383,2.27351476265075,60.));
#7755=CARTESIAN_POINT('Ctrl Pts',(-43.3149779367456,2.25456135232871,60.));
#7756=CARTESIAN_POINT('Ctrl Pts',(-42.7605310733741,1.8975512334275,60.));
#7757=CARTESIAN_POINT('Ctrl Pts',(-42.5144993513823,1.73913061618805,60.));
#7758=CARTESIAN_POINT('',(-44.3463837355375,2.28405773639679,59.));
#7759=CARTESIAN_POINT('',(-44.3463837355375,2.28405773639679,60.));
#7760=CARTESIAN_POINT('Ctrl Pts',(-44.3463837355375,2.28405773639679,59.));
#7761=CARTESIAN_POINT('Ctrl Pts',(-43.9777255219383,2.27351476265075,59.));
#7762=CARTESIAN_POINT('Ctrl Pts',(-43.3149779367456,2.25456135232871,59.));
#7763=CARTESIAN_POINT('Ctrl Pts',(-42.7605310733741,1.8975512334275,59.));
#7764=CARTESIAN_POINT('Ctrl Pts',(-42.5144993513823,1.73913061618805,59.));
#7765=CARTESIAN_POINT('Ctrl Pts',(-45.3666722029448,2.1797102689743,60.));
#7766=CARTESIAN_POINT('Ctrl Pts',(-45.3666722029448,2.1797102689743,59.));
#7767=CARTESIAN_POINT('Ctrl Pts',(-45.1902947196113,2.21012651501628,60.));
#7768=CARTESIAN_POINT('Ctrl Pts',(-45.1902947196113,2.21012651501628,59.));
#7769=CARTESIAN_POINT('Ctrl Pts',(-44.8525488893276,2.26837068586736,60.));
#7770=CARTESIAN_POINT('Ctrl Pts',(-44.8525488893276,2.26837068586736,59.));
#7771=CARTESIAN_POINT('Ctrl Pts',(-44.5100317300777,2.2789859641893,60.));
#7772=CARTESIAN_POINT('Ctrl Pts',(-44.5100317300777,2.2789859641893,59.));
#7773=CARTESIAN_POINT('Ctrl Pts',(-44.3463837355375,2.28405773639679,60.));
#7774=CARTESIAN_POINT('Ctrl Pts',(-44.3463837355375,2.28405773639679,59.));
#7775=CARTESIAN_POINT('',(-45.3666722029448,2.1797102689743,60.));
#7776=CARTESIAN_POINT('Ctrl Pts',(-45.3666722029448,2.1797102689743,60.));
#7777=CARTESIAN_POINT('Ctrl Pts',(-45.1902947196113,2.21012651501628,60.));
#7778=CARTESIAN_POINT('Ctrl Pts',(-44.8525488893276,2.26837068586736,60.));
#7779=CARTESIAN_POINT('Ctrl Pts',(-44.5100317300777,2.2789859641893,60.));
#7780=CARTESIAN_POINT('Ctrl Pts',(-44.3463837355375,2.28405773639679,60.));
#7781=CARTESIAN_POINT('',(-45.3666722029448,2.1797102689743,59.));
#7782=CARTESIAN_POINT('',(-45.3666722029448,2.1797102689743,60.));
#7783=CARTESIAN_POINT('Ctrl Pts',(-45.3666722029448,2.1797102689743,59.));
#7784=CARTESIAN_POINT('Ctrl Pts',(-45.1902947196113,2.21012651501628,59.));
#7785=CARTESIAN_POINT('Ctrl Pts',(-44.8525488893276,2.26837068586736,59.));
#7786=CARTESIAN_POINT('Ctrl Pts',(-44.5100317300777,2.2789859641893,59.));
#7787=CARTESIAN_POINT('Ctrl Pts',(-44.3463837355375,2.28405773639679,59.));
#7788=CARTESIAN_POINT('Ctrl Pts',(-46.4913117140532,1.86666667461395,60.));
#7789=CARTESIAN_POINT('Ctrl Pts',(-46.4913117140532,1.86666667461395,59.));
#7790=CARTESIAN_POINT('Ctrl Pts',(-46.3031679907598,1.93293504366827,60.));
#7791=CARTESIAN_POINT('Ctrl Pts',(-46.3031679907598,1.93293504366827,59.));
#7792=CARTESIAN_POINT('Ctrl Pts',(-45.9352827193749,2.0625123503519,60.));
#7793=CARTESIAN_POINT('Ctrl Pts',(-45.9352827193749,2.0625123503519,59.));
#7794=CARTESIAN_POINT('Ctrl Pts',(-45.5533009998726,2.14124368082138,60.));
#7795=CARTESIAN_POINT('Ctrl Pts',(-45.5533009998726,2.14124368082138,59.));
#7796=CARTESIAN_POINT('Ctrl Pts',(-45.3666722029448,2.1797102689743,60.));
#7797=CARTESIAN_POINT('Ctrl Pts',(-45.3666722029448,2.1797102689743,59.));
#7798=CARTESIAN_POINT('',(-46.4913117140532,1.86666667461395,60.));
#7799=CARTESIAN_POINT('Ctrl Pts',(-46.4913117140532,1.86666667461395,60.));
#7800=CARTESIAN_POINT('Ctrl Pts',(-46.3031679907598,1.93293504366827,60.));
#7801=CARTESIAN_POINT('Ctrl Pts',(-45.9352827193749,2.0625123503519,60.));
#7802=CARTESIAN_POINT('Ctrl Pts',(-45.5533009998726,2.14124368082138,60.));
#7803=CARTESIAN_POINT('Ctrl Pts',(-45.3666722029448,2.1797102689743,60.));
#7804=CARTESIAN_POINT('',(-46.4913117140532,1.86666667461395,59.));
#7805=CARTESIAN_POINT('',(-46.4913117140532,1.86666667461395,60.));
#7806=CARTESIAN_POINT('Ctrl Pts',(-46.4913117140532,1.86666667461395,59.));
#7807=CARTESIAN_POINT('Ctrl Pts',(-46.3031679907598,1.93293504366827,59.));
#7808=CARTESIAN_POINT('Ctrl Pts',(-45.9352827193749,2.0625123503519,59.));
#7809=CARTESIAN_POINT('Ctrl Pts',(-45.5533009998726,2.14124368082138,59.));
#7810=CARTESIAN_POINT('Ctrl Pts',(-45.3666722029448,2.1797102689743,59.));
#7811=CARTESIAN_POINT('Origin',(-46.1724697798491,0.950724482536316,60.));
#7812=CARTESIAN_POINT('',(-46.1724697798491,0.950724482536316,60.));
#7813=CARTESIAN_POINT('',(-47.8529013736322,5.77812650381796,60.));
#7814=CARTESIAN_POINT('',(-46.1724697798491,0.950724482536316,59.));
#7815=CARTESIAN_POINT('',(-46.1724697798491,0.950724482536316,60.));
#7816=CARTESIAN_POINT('',(-46.1724697798491,0.950724482536316,59.));
#7817=CARTESIAN_POINT('Ctrl Pts',(-45.2739178389311,1.18840515613556,60.));
#7818=CARTESIAN_POINT('Ctrl Pts',(-45.2739178389311,1.18840515613556,59.));
#7819=CARTESIAN_POINT('Ctrl Pts',(-45.4210262695882,1.15881781666132,60.));
#7820=CARTESIAN_POINT('Ctrl Pts',(-45.4210262695882,1.15881781666132,59.));
#7821=CARTESIAN_POINT('Ctrl Pts',(-45.7252880320053,1.097622846302,60.));
#7822=CARTESIAN_POINT('Ctrl Pts',(-45.7252880320053,1.097622846302,59.));
#7823=CARTESIAN_POINT('Ctrl Pts',(-46.0201641824319,1.00075658505574,60.));
#7824=CARTESIAN_POINT('Ctrl Pts',(-46.0201641824319,1.00075658505574,59.));
#7825=CARTESIAN_POINT('Ctrl Pts',(-46.1724697798491,0.950724482536316,60.));
#7826=CARTESIAN_POINT('Ctrl Pts',(-46.1724697798491,0.950724482536316,59.));
#7827=CARTESIAN_POINT('',(-45.2739178389311,1.18840515613556,60.));
#7828=CARTESIAN_POINT('Ctrl Pts',(-45.2739178389311,1.18840515613556,60.));
#7829=CARTESIAN_POINT('Ctrl Pts',(-45.4210262695882,1.15881781666132,60.));
#7830=CARTESIAN_POINT('Ctrl Pts',(-45.7252880320053,1.097622846302,60.));
#7831=CARTESIAN_POINT('Ctrl Pts',(-46.0201641824319,1.00075658505574,60.));
#7832=CARTESIAN_POINT('Ctrl Pts',(-46.1724697798491,0.950724482536316,60.));
#7833=CARTESIAN_POINT('',(-45.2739178389311,1.18840515613556,59.));
#7834=CARTESIAN_POINT('',(-45.2739178389311,1.18840515613556,60.));
#7835=CARTESIAN_POINT('Ctrl Pts',(-45.2739178389311,1.18840515613556,59.));
#7836=CARTESIAN_POINT('Ctrl Pts',(-45.4210262695882,1.15881781666132,59.));
#7837=CARTESIAN_POINT('Ctrl Pts',(-45.7252880320053,1.097622846302,59.));
#7838=CARTESIAN_POINT('Ctrl Pts',(-46.0201641824319,1.00075658505574,59.));
#7839=CARTESIAN_POINT('Ctrl Pts',(-46.1724697798491,0.950724482536316,59.));
#7840=CARTESIAN_POINT('Ctrl Pts',(-44.5434843748808,1.26956522464752,60.));
#7841=CARTESIAN_POINT('Ctrl Pts',(-44.5434843748808,1.26956522464752,59.));
#7842=CARTESIAN_POINT('Ctrl Pts',(-44.6548404028928,1.2650951793517,60.));
#7843=CARTESIAN_POINT('Ctrl Pts',(-44.6548404028928,1.2650951793517,59.));
#7844=CARTESIAN_POINT('Ctrl Pts',(-44.9001567157369,1.25524771038396,60.));
#7845=CARTESIAN_POINT('Ctrl Pts',(-44.9001567157369,1.25524771038396,59.));
#7846=CARTESIAN_POINT('Ctrl Pts',(-45.1419056166399,1.21201390938025,60.));
#7847=CARTESIAN_POINT('Ctrl Pts',(-45.1419056166399,1.21201390938025,59.));
#7848=CARTESIAN_POINT('Ctrl Pts',(-45.2739178389311,1.18840515613556,60.));
#7849=CARTESIAN_POINT('Ctrl Pts',(-45.2739178389311,1.18840515613556,59.));
#7850=CARTESIAN_POINT('',(-44.5434843748808,1.26956522464752,60.));
#7851=CARTESIAN_POINT('Ctrl Pts',(-44.5434843748808,1.26956522464752,60.));
#7852=CARTESIAN_POINT('Ctrl Pts',(-44.6548404028928,1.2650951793517,60.));
#7853=CARTESIAN_POINT('Ctrl Pts',(-44.9001567157369,1.25524771038396,60.));
#7854=CARTESIAN_POINT('Ctrl Pts',(-45.1419056166399,1.21201390938025,60.));
#7855=CARTESIAN_POINT('Ctrl Pts',(-45.2739178389311,1.18840515613556,60.));
#7856=CARTESIAN_POINT('',(-44.5434843748808,1.26956522464752,59.));
#7857=CARTESIAN_POINT('',(-44.5434843748808,1.26956522464752,60.));
#7858=CARTESIAN_POINT('Ctrl Pts',(-44.5434843748808,1.26956522464752,59.));
#7859=CARTESIAN_POINT('Ctrl Pts',(-44.6548404028928,1.2650951793517,59.));
#7860=CARTESIAN_POINT('Ctrl Pts',(-44.9001567157369,1.25524771038396,59.));
#7861=CARTESIAN_POINT('Ctrl Pts',(-45.1419056166399,1.21201390938025,59.));
#7862=CARTESIAN_POINT('Ctrl Pts',(-45.2739178389311,1.18840515613556,59.));
#7863=CARTESIAN_POINT('Ctrl Pts',(-43.5405861586332,1.00869476795197,60.));
#7864=CARTESIAN_POINT('Ctrl Pts',(-43.5405861586332,1.00869476795197,59.));
#7865=CARTESIAN_POINT('Ctrl Pts',(-43.6811093947489,1.08459017397338,60.));
#7866=CARTESIAN_POINT('Ctrl Pts',(-43.6811093947489,1.08459017397338,59.));
#7867=CARTESIAN_POINT('Ctrl Pts',(-43.9928714778813,1.25297022652171,60.));
#7868=CARTESIAN_POINT('Ctrl Pts',(-43.9928714778813,1.25297022652171,59.));
#7869=CARTESIAN_POINT('Ctrl Pts',(-44.3482749834504,1.26368178184664,60.));
#7870=CARTESIAN_POINT('Ctrl Pts',(-44.3482749834504,1.26368178184664,59.));
#7871=CARTESIAN_POINT('Ctrl Pts',(-44.5434843748808,1.26956522464752,60.));
#7872=CARTESIAN_POINT('Ctrl Pts',(-44.5434843748808,1.26956522464752,59.));
#7873=CARTESIAN_POINT('',(-43.5405861586332,1.00869476795197,60.));
#7874=CARTESIAN_POINT('Ctrl Pts',(-43.5405861586332,1.00869476795197,60.));
#7875=CARTESIAN_POINT('Ctrl Pts',(-43.6811093947489,1.08459017397338,60.));
#7876=CARTESIAN_POINT('Ctrl Pts',(-43.9928714778813,1.25297022652171,60.));
#7877=CARTESIAN_POINT('Ctrl Pts',(-44.3482749834504,1.26368178184664,60.));
#7878=CARTESIAN_POINT('Ctrl Pts',(-44.5434843748808,1.26956522464752,60.));
#7879=CARTESIAN_POINT('',(-43.5405861586332,1.00869476795197,59.));
#7880=CARTESIAN_POINT('',(-43.5405861586332,1.00869476795197,60.));
#7881=CARTESIAN_POINT('Ctrl Pts',(-43.5405861586332,1.00869476795197,59.));
#7882=CARTESIAN_POINT('Ctrl Pts',(-43.6811093947489,1.08459017397338,59.));
#7883=CARTESIAN_POINT('Ctrl Pts',(-43.9928714778813,1.25297022652171,59.));
#7884=CARTESIAN_POINT('Ctrl Pts',(-44.3482749834504,1.26368178184664,59.));
#7885=CARTESIAN_POINT('Ctrl Pts',(-44.5434843748808,1.26956522464752,59.));
#7886=CARTESIAN_POINT('Ctrl Pts',(-43.181165382266,0.156521201133728,60.));
#7887=CARTESIAN_POINT('Ctrl Pts',(-43.181165382266,0.156521201133728,59.));
#7888=CARTESIAN_POINT('Ctrl Pts',(-43.1900129007918,0.336520450871487,60.));
#7889=CARTESIAN_POINT('Ctrl Pts',(-43.1900129007918,0.336520450871487,59.));
#7890=CARTESIAN_POINT('Ctrl Pts',(-43.2062588044708,0.667036907552347,60.));
#7891=CARTESIAN_POINT('Ctrl Pts',(-43.2062588044708,0.667036907552347,59.));
#7892=CARTESIAN_POINT('Ctrl Pts',(-43.4359738968342,0.901788763723317,60.));
#7893=CARTESIAN_POINT('Ctrl Pts',(-43.4359738968342,0.901788763723317,59.));
#7894=CARTESIAN_POINT('Ctrl Pts',(-43.5405861586332,1.00869476795197,60.));
#7895=CARTESIAN_POINT('Ctrl Pts',(-43.5405861586332,1.00869476795197,59.));
#7896=CARTESIAN_POINT('Ctrl Pts',(-43.181165382266,0.156521201133728,60.));
#7897=CARTESIAN_POINT('Ctrl Pts',(-43.1900129007918,0.336520450871487,60.));
#7898=CARTESIAN_POINT('Ctrl Pts',(-43.2062588044708,0.667036907552347,60.));
#7899=CARTESIAN_POINT('Ctrl Pts',(-43.4359738968342,0.901788763723317,60.));
#7900=CARTESIAN_POINT('Ctrl Pts',(-43.5405861586332,1.00869476795197,60.));
#7901=CARTESIAN_POINT('Ctrl Pts',(-43.181165382266,0.156521201133728,59.));
#7902=CARTESIAN_POINT('Ctrl Pts',(-43.1900129007918,0.336520450871487,59.));
#7903=CARTESIAN_POINT('Ctrl Pts',(-43.2062588044708,0.667036907552347,59.));
#7904=CARTESIAN_POINT('Ctrl Pts',(-43.4359738968342,0.901788763723317,59.));
#7905=CARTESIAN_POINT('Ctrl Pts',(-43.5405861586332,1.00869476795197,59.));
#7906=CARTESIAN_POINT('Origin',(-41.9058024138212,0.231884121894836,60.));
#7907=CARTESIAN_POINT('',(-41.9058024138212,0.,60.));
#7908=CARTESIAN_POINT('',(-41.9058024138212,0.,59.));
#7909=CARTESIAN_POINT('',(-41.9058024138212,0.,30.));
#7910=CARTESIAN_POINT('',(-41.9058024138212,0.115942060947418,60.));
#7911=CARTESIAN_POINT('',(-41.9058024138212,0.231884121894836,59.));
#7912=CARTESIAN_POINT('Origin',(-2.50000171363354,-0.69275438785553,59.));
#7913=CARTESIAN_POINT('',(-1.25000085681677,0.,59.));
#7914=CARTESIAN_POINT('Ctrl Pts',(-60.4739176481962,-0.898551344871521,
60.));
#7915=CARTESIAN_POINT('Ctrl Pts',(-60.4739176481962,-0.898551344871521,
59.));
#7916=CARTESIAN_POINT('Ctrl Pts',(-60.5465707912748,-0.747559207384128,
60.));
#7917=CARTESIAN_POINT('Ctrl Pts',(-60.5465707912748,-0.747559207384128,
59.));
#7918=CARTESIAN_POINT('Ctrl Pts',(-60.6997672463659,-0.429177108144856,
60.));
#7919=CARTESIAN_POINT('Ctrl Pts',(-60.6997672463659,-0.429177108144856,
59.));
#7920=CARTESIAN_POINT('Ctrl Pts',(-60.7151213577127,-0.0756973879329581,
60.));
#7921=CARTESIAN_POINT('Ctrl Pts',(-60.7151213577127,-0.0756973879329581,
59.));
#7922=CARTESIAN_POINT('Ctrl Pts',(-60.7231938093901,0.110145211219788,60.));
#7923=CARTESIAN_POINT('Ctrl Pts',(-60.7231938093901,0.110145211219788,59.));
#7924=CARTESIAN_POINT('',(-60.7181117786467,2.16840434497101E-17,59.));
#7925=CARTESIAN_POINT('',(-60.7181117786467,0.,60.));
#7926=CARTESIAN_POINT('Ctrl Pts',(-60.7181117786467,4.33680868994202E-17,
59.));
#7927=CARTESIAN_POINT('Ctrl Pts',(-60.7181117786467,4.33680868994202E-17,
59.1666666666667));
#7928=CARTESIAN_POINT('Ctrl Pts',(-60.7181117786467,4.33680868994202E-17,
59.3333333333333));
#7929=CARTESIAN_POINT('Ctrl Pts',(-60.7181117786467,4.33680868994202E-17,
59.6666666666667));
#7930=CARTESIAN_POINT('Ctrl Pts',(-60.7181117786467,4.33680868994202E-17,
59.8333333333333));
#7931=CARTESIAN_POINT('Ctrl Pts',(-60.7181117786467,4.33680868994202E-17,
60.));
#7932=CARTESIAN_POINT('',(-60.7231938093901,0.110145211219788,59.));
#7933=CARTESIAN_POINT('Ctrl Pts',(-60.7181117786467,4.33680868994202E-17,
59.));
#7934=CARTESIAN_POINT('Ctrl Pts',(-60.7200020510571,0.0366650978451326,
59.));
#7935=CARTESIAN_POINT('Ctrl Pts',(-60.7215979302236,0.0734051545324602,
59.));
#7936=CARTESIAN_POINT('Ctrl Pts',(-60.7231938093901,0.110145211219788,59.));
#7937=CARTESIAN_POINT('',(-60.7231938093901,0.110145211219788,60.));
#7938=CARTESIAN_POINT('',(-60.7231938093901,0.110145211219788,60.));
#7939=CARTESIAN_POINT('Ctrl Pts',(-60.7181117786467,0.,60.));
#7940=CARTESIAN_POINT('Ctrl Pts',(-60.7200020510571,0.0366650978451329,
60.));
#7941=CARTESIAN_POINT('Ctrl Pts',(-60.7215979302236,0.0734051545324601,
60.));
#7942=CARTESIAN_POINT('Ctrl Pts',(-60.7231938093901,0.110145211219788,60.));
#7943=CARTESIAN_POINT('Ctrl Pts',(-57.2623240202665,-0.823188424110413,
60.));
#7944=CARTESIAN_POINT('Ctrl Pts',(-57.2623240202665,-0.823188424110413,
59.));
#7945=CARTESIAN_POINT('Ctrl Pts',(-57.1728805040084,-0.691723189702045,
60.));
#7946=CARTESIAN_POINT('Ctrl Pts',(-57.1728805040084,-0.691723189702045,
59.));
#7947=CARTESIAN_POINT('Ctrl Pts',(-56.9774206111009,-0.404433716819703,
60.));
#7948=CARTESIAN_POINT('Ctrl Pts',(-56.9774206111009,-0.404433716819703,
59.));
#7949=CARTESIAN_POINT('Ctrl Pts',(-56.9629354421485,-0.0557761530395373,
60.));
#7950=CARTESIAN_POINT('Ctrl Pts',(-56.9629354421485,-0.0557761530395373,
59.));
#7951=CARTESIAN_POINT('Ctrl Pts',(-56.9550787657499,0.133333802223206,60.));
#7952=CARTESIAN_POINT('Ctrl Pts',(-56.9550787657499,0.133333802223206,59.));
#7953=CARTESIAN_POINT('',(-56.9613227842579,2.60208521396521E-17,59.));
#7954=CARTESIAN_POINT('',(-56.9613227842578,0.,60.));
#7955=CARTESIAN_POINT('Ctrl Pts',(-56.9613227842579,5.20417042793042E-17,
59.));
#7956=CARTESIAN_POINT('Ctrl Pts',(-56.9613227842579,5.20417042793042E-17,
59.1666666666667));
#7957=CARTESIAN_POINT('Ctrl Pts',(-56.9613227842579,5.20417042793042E-17,
59.3333333333333));
#7958=CARTESIAN_POINT('Ctrl Pts',(-56.9613227842579,5.20417042793042E-17,
59.6666666666667));
#7959=CARTESIAN_POINT('Ctrl Pts',(-56.9613227842579,5.20417042793042E-17,
59.8333333333333));
#7960=CARTESIAN_POINT('Ctrl Pts',(-56.9613227842579,5.20417042793042E-17,
60.));
#7961=CARTESIAN_POINT('',(-56.9550787657499,0.133333802223206,59.));
#7962=CARTESIAN_POINT('Ctrl Pts',(-56.9613227842579,5.20417042793042E-17,
59.));
#7963=CARTESIAN_POINT('Ctrl Pts',(-56.9587782417848,0.0442875297348336,
59.));
#7964=CARTESIAN_POINT('Ctrl Pts',(-56.9569285037674,0.0888106659790196,
59.));
#7965=CARTESIAN_POINT('Ctrl Pts',(-56.9550787657499,0.133333802223206,59.));
#7966=CARTESIAN_POINT('',(-56.9550787657499,0.133333802223206,60.));
#7967=CARTESIAN_POINT('',(-56.9550787657499,0.133333802223206,60.));
#7968=CARTESIAN_POINT('Ctrl Pts',(-56.9613227842578,0.,60.));
#7969=CARTESIAN_POINT('Ctrl Pts',(-56.9587782417847,0.0442875297348907,
60.));
#7970=CARTESIAN_POINT('Ctrl Pts',(-56.9569285037673,0.0888106659789615,
60.));
#7971=CARTESIAN_POINT('Ctrl Pts',(-56.9550787657499,0.133333802223206,60.));
#7972=CARTESIAN_POINT('Ctrl Pts',(-59.4014560431242,0.121739506721497,60.));
#7973=CARTESIAN_POINT('Ctrl Pts',(-59.4014560431242,0.121739506721497,59.));
#7974=CARTESIAN_POINT('Ctrl Pts',(-59.3913015388029,-0.0584549754810393,
60.));
#7975=CARTESIAN_POINT('Ctrl Pts',(-59.3913015388029,-0.0584549754810393,
59.));
#7976=CARTESIAN_POINT('Ctrl Pts',(-59.3720375007845,-0.400300647709331,
60.));
#7977=CARTESIAN_POINT('Ctrl Pts',(-59.3720375007845,-0.400300647709331,
59.));
#7978=CARTESIAN_POINT('Ctrl Pts',(-59.1755355136469,-0.679545479209827,
60.));
#7979=CARTESIAN_POINT('Ctrl Pts',(-59.1755355136469,-0.679545479209827,
59.));
#7980=CARTESIAN_POINT('Ctrl Pts',(-59.0826141089201,-0.811594128608704,
60.));
#7981=CARTESIAN_POINT('Ctrl Pts',(-59.0826141089201,-0.811594128608704,
59.));
#7982=CARTESIAN_POINT('',(-59.3940191791425,0.,60.));
#7983=CARTESIAN_POINT('',(-59.3940191791425,-6.50521303491303E-18,59.));
#7984=CARTESIAN_POINT('Ctrl Pts',(-59.3940191791425,2.16840434497101E-17,
60.));
#7985=CARTESIAN_POINT('Ctrl Pts',(-59.3940191791425,2.16840434497101E-17,
59.8333333333333));
#7986=CARTESIAN_POINT('Ctrl Pts',(-59.3940191791425,2.16840434497101E-17,
59.6666666666667));
#7987=CARTESIAN_POINT('Ctrl Pts',(-59.3940191791425,2.16840434497101E-17,
59.3333333333333));
#7988=CARTESIAN_POINT('Ctrl Pts',(-59.3940191791425,2.16840434497101E-17,
59.1666666666667));
#7989=CARTESIAN_POINT('Ctrl Pts',(-59.3940191791425,2.16840434497101E-17,
59.));
#7990=CARTESIAN_POINT('',(-59.4014560431242,0.121739506721497,60.));
#7991=CARTESIAN_POINT('Ctrl Pts',(-59.4014560431242,0.121739506721497,60.));
#7992=CARTESIAN_POINT('Ctrl Pts',(-59.3991654965225,0.0810931249990991,
60.));
#7993=CARTESIAN_POINT('Ctrl Pts',(-59.3968749499209,0.0404467432767995,
60.));
#7994=CARTESIAN_POINT('Ctrl Pts',(-59.3940191791425,0.,60.));
#7995=CARTESIAN_POINT('',(-59.4014560431242,0.121739506721497,59.));
#7996=CARTESIAN_POINT('',(-59.4014560431242,0.121739506721497,60.));
#7997=CARTESIAN_POINT('Ctrl Pts',(-59.4014560431242,0.121739506721497,59.));
#7998=CARTESIAN_POINT('Ctrl Pts',(-59.3991654965225,0.0810931249991317,
59.));
#7999=CARTESIAN_POINT('Ctrl Pts',(-59.3968749499209,0.0404467432767662,
59.));
#8000=CARTESIAN_POINT('Ctrl Pts',(-59.3940191791425,-1.30104260698261E-17,
59.));
#8001=CARTESIAN_POINT('Ctrl Pts',(-59.0884124487638,1.03188335895538,60.));
#8002=CARTESIAN_POINT('Ctrl Pts',(-59.0884124487638,1.03188335895538,59.));
#8003=CARTESIAN_POINT('Ctrl Pts',(-59.1796531534939,0.90267187737588,60.));
#8004=CARTESIAN_POINT('Ctrl Pts',(-59.1796531534939,0.90267187737588,59.));
#8005=CARTESIAN_POINT('Ctrl Pts',(-59.3718686456867,0.630463890795405,60.));
#8006=CARTESIAN_POINT('Ctrl Pts',(-59.3718686456867,0.630463890795405,59.));
#8007=CARTESIAN_POINT('Ctrl Pts',(-59.3912661378813,0.296944280288045,60.));
#8008=CARTESIAN_POINT('Ctrl Pts',(-59.3912661378813,0.296944280288045,59.));
#8009=CARTESIAN_POINT('Ctrl Pts',(-59.4014560431242,0.121739506721497,60.));
#8010=CARTESIAN_POINT('Ctrl Pts',(-59.4014560431242,0.121739506721497,59.));
#8011=CARTESIAN_POINT('',(-59.0884124487638,1.03188335895538,60.));
#8012=CARTESIAN_POINT('Ctrl Pts',(-59.0884124487638,1.03188335895538,60.));
#8013=CARTESIAN_POINT('Ctrl Pts',(-59.1796531534939,0.90267187737588,60.));
#8014=CARTESIAN_POINT('Ctrl Pts',(-59.3718686456867,0.630463890795405,60.));
#8015=CARTESIAN_POINT('Ctrl Pts',(-59.3912661378813,0.296944280288045,60.));
#8016=CARTESIAN_POINT('Ctrl Pts',(-59.4014560431242,0.121739506721497,60.));
#8017=CARTESIAN_POINT('',(-59.0884124487638,1.03188335895538,59.));
#8018=CARTESIAN_POINT('',(-59.0884124487638,1.03188335895538,60.));
#8019=CARTESIAN_POINT('Ctrl Pts',(-59.0884124487638,1.03188335895538,59.));
#8020=CARTESIAN_POINT('Ctrl Pts',(-59.1796531534939,0.90267187737588,59.));
#8021=CARTESIAN_POINT('Ctrl Pts',(-59.3718686456867,0.630463890795405,59.));
#8022=CARTESIAN_POINT('Ctrl Pts',(-59.3912661378813,0.296944280288045,59.));
#8023=CARTESIAN_POINT('Ctrl Pts',(-59.4014560431242,0.121739506721497,59.));
#8024=CARTESIAN_POINT('Ctrl Pts',(-58.1550776213408,1.38550698757172,60.));
#8025=CARTESIAN_POINT('Ctrl Pts',(-58.1550776213408,1.38550698757172,59.));
#8026=CARTESIAN_POINT('Ctrl Pts',(-58.3441580171994,1.37590758903287,60.));
#8027=CARTESIAN_POINT('Ctrl Pts',(-58.3441580171994,1.37590758903287,59.));
#8028=CARTESIAN_POINT('Ctrl Pts',(-58.6951536506696,1.35808793641486,60.));
#8029=CARTESIAN_POINT('Ctrl Pts',(-58.6951536506696,1.35808793641486,59.));
#8030=CARTESIAN_POINT('Ctrl Pts',(-58.9642688688043,1.13485932348884,60.));
#8031=CARTESIAN_POINT('Ctrl Pts',(-58.9642688688043,1.13485932348884,59.));
#8032=CARTESIAN_POINT('Ctrl Pts',(-59.0884124487638,1.03188335895538,60.));
#8033=CARTESIAN_POINT('Ctrl Pts',(-59.0884124487638,1.03188335895538,59.));
#8034=CARTESIAN_POINT('',(-58.1550776213408,1.38550698757172,60.));
#8035=CARTESIAN_POINT('Ctrl Pts',(-58.1550776213408,1.38550698757172,60.));
#8036=CARTESIAN_POINT('Ctrl Pts',(-58.3441580171994,1.37590758903287,60.));
#8037=CARTESIAN_POINT('Ctrl Pts',(-58.6951536506696,1.35808793641486,60.));
#8038=CARTESIAN_POINT('Ctrl Pts',(-58.9642688688043,1.13485932348884,60.));
#8039=CARTESIAN_POINT('Ctrl Pts',(-59.0884124487638,1.03188335895538,60.));
#8040=CARTESIAN_POINT('',(-58.1550776213408,1.38550698757172,59.));
#8041=CARTESIAN_POINT('',(-58.1550776213408,1.38550698757172,60.));
#8042=CARTESIAN_POINT('Ctrl Pts',(-58.1550776213408,1.38550698757172,59.));
#8043=CARTESIAN_POINT('Ctrl Pts',(-58.3441580171994,1.37590758903287,59.));
#8044=CARTESIAN_POINT('Ctrl Pts',(-58.6951536506696,1.35808793641486,59.));
#8045=CARTESIAN_POINT('Ctrl Pts',(-58.9642688688043,1.13485932348884,59.));
#8046=CARTESIAN_POINT('Ctrl Pts',(-59.0884124487638,1.03188335895538,59.));
#8047=CARTESIAN_POINT('Ctrl Pts',(-56.9550787657499,0.133333802223206,60.));
#8048=CARTESIAN_POINT('Ctrl Pts',(-56.9550787657499,0.133333802223206,59.));
#8049=CARTESIAN_POINT('Ctrl Pts',(-57.0015866375641,0.498520085296981,60.));
#8050=CARTESIAN_POINT('Ctrl Pts',(-57.0015866375641,0.498520085296981,59.));
#8051=CARTESIAN_POINT('Ctrl Pts',(-57.0930458860091,1.21667083461012,60.));
#8052=CARTESIAN_POINT('Ctrl Pts',(-57.0930458860091,1.21667083461012,59.));
#8053=CARTESIAN_POINT('Ctrl Pts',(-57.8051064332298,1.32987043069463,60.));
#8054=CARTESIAN_POINT('Ctrl Pts',(-57.8051064332298,1.32987043069463,59.));
#8055=CARTESIAN_POINT('Ctrl Pts',(-58.1550776213408,1.38550698757172,60.));
#8056=CARTESIAN_POINT('Ctrl Pts',(-58.1550776213408,1.38550698757172,59.));
#8057=CARTESIAN_POINT('Ctrl Pts',(-56.9550787657499,0.133333802223206,60.));
#8058=CARTESIAN_POINT('Ctrl Pts',(-57.0015866375641,0.498520085296981,60.));
#8059=CARTESIAN_POINT('Ctrl Pts',(-57.0930458860091,1.21667083461012,60.));
#8060=CARTESIAN_POINT('Ctrl Pts',(-57.8051064332298,1.32987043069463,60.));
#8061=CARTESIAN_POINT('Ctrl Pts',(-58.1550776213408,1.38550698757172,60.));
#8062=CARTESIAN_POINT('Ctrl Pts',(-56.9550787657499,0.133333802223206,59.));
#8063=CARTESIAN_POINT('Ctrl Pts',(-57.0015866375641,0.498520085296981,59.));
#8064=CARTESIAN_POINT('Ctrl Pts',(-57.0930458860091,1.21667083461012,59.));
#8065=CARTESIAN_POINT('Ctrl Pts',(-57.8051064332298,1.32987043069463,59.));
#8066=CARTESIAN_POINT('Ctrl Pts',(-58.1550776213408,1.38550698757172,59.));
#8067=CARTESIAN_POINT('Ctrl Pts',(-56.9376861304045,2.35362350940704,60.));
#8068=CARTESIAN_POINT('Ctrl Pts',(-56.9376861304045,2.35362350940704,59.));
#8069=CARTESIAN_POINT('Ctrl Pts',(-56.7830215494546,2.38150000337774,60.));
#8070=CARTESIAN_POINT('Ctrl Pts',(-56.7830215494546,2.38150000337774,59.));
#8071=CARTESIAN_POINT('Ctrl Pts',(-56.4915959624,2.43402607993997,60.));
#8072=CARTESIAN_POINT('Ctrl Pts',(-56.4915959624,2.43402607993997,59.));
#8073=CARTESIAN_POINT('Ctrl Pts',(-56.2112683388906,2.52923352596608,60.));
#8074=CARTESIAN_POINT('Ctrl Pts',(-56.2112683388906,2.52923352596608,59.));
#8075=CARTESIAN_POINT('Ctrl Pts',(-56.0797154158354,2.57391273975372,60.));
#8076=CARTESIAN_POINT('Ctrl Pts',(-56.0797154158354,2.57391273975372,59.));
#8077=CARTESIAN_POINT('',(-56.9376861304045,2.35362350940704,60.));
#8078=CARTESIAN_POINT('',(-56.0797154158354,2.57391273975372,60.));
#8079=CARTESIAN_POINT('Ctrl Pts',(-56.9376861304045,2.35362350940704,60.));
#8080=CARTESIAN_POINT('Ctrl Pts',(-56.7830215494546,2.38150000337774,60.));
#8081=CARTESIAN_POINT('Ctrl Pts',(-56.4915959624,2.43402607993997,60.));
#8082=CARTESIAN_POINT('Ctrl Pts',(-56.2112683388906,2.52923352596608,60.));
#8083=CARTESIAN_POINT('Ctrl Pts',(-56.0797154158354,2.57391273975372,60.));
#8084=CARTESIAN_POINT('',(-56.9376861304045,2.35362350940704,59.));
#8085=CARTESIAN_POINT('',(-56.9376861304045,2.35362350940704,60.));
#8086=CARTESIAN_POINT('',(-56.0797154158354,2.57391273975372,59.));
#8087=CARTESIAN_POINT('Ctrl Pts',(-56.9376861304045,2.35362350940704,59.));
#8088=CARTESIAN_POINT('Ctrl Pts',(-56.7830215494546,2.38150000337774,59.));
#8089=CARTESIAN_POINT('Ctrl Pts',(-56.4915959624,2.43402607993997,59.));
#8090=CARTESIAN_POINT('Ctrl Pts',(-56.2112683388906,2.52923352596608,59.));
#8091=CARTESIAN_POINT('Ctrl Pts',(-56.0797154158354,2.57391273975372,59.));
#8092=CARTESIAN_POINT('',(-56.0797154158354,2.57391273975372,60.));
#8093=CARTESIAN_POINT('Ctrl Pts',(-58.1666719168425,2.27826058864594,60.));
#8094=CARTESIAN_POINT('Ctrl Pts',(-58.1666719168425,2.27826058864594,59.));
#8095=CARTESIAN_POINT('Ctrl Pts',(-57.9412162551192,2.27844437748955,60.));
#8096=CARTESIAN_POINT('Ctrl Pts',(-57.9412162551192,2.27844437748955,59.));
#8097=CARTESIAN_POINT('Ctrl Pts',(-57.5299344839772,2.27877964962484,60.));
#8098=CARTESIAN_POINT('Ctrl Pts',(-57.5299344839772,2.27877964962484,59.));
#8099=CARTESIAN_POINT('Ctrl Pts',(-57.121999905079,2.33033133100848,60.));
#8100=CARTESIAN_POINT('Ctrl Pts',(-57.121999905079,2.33033133100848,59.));
#8101=CARTESIAN_POINT('Ctrl Pts',(-56.9376861304045,2.35362350940704,60.));
#8102=CARTESIAN_POINT('Ctrl Pts',(-56.9376861304045,2.35362350940704,59.));
#8103=CARTESIAN_POINT('',(-58.1666719168425,2.27826058864594,60.));
#8104=CARTESIAN_POINT('Ctrl Pts',(-58.1666719168425,2.27826058864594,60.));
#8105=CARTESIAN_POINT('Ctrl Pts',(-57.9412162551192,2.27844437748955,60.));
#8106=CARTESIAN_POINT('Ctrl Pts',(-57.5299344839772,2.27877964962484,60.));
#8107=CARTESIAN_POINT('Ctrl Pts',(-57.121999905079,2.33033133100848,60.));
#8108=CARTESIAN_POINT('Ctrl Pts',(-56.9376861304045,2.35362350940704,60.));
#8109=CARTESIAN_POINT('',(-58.1666719168425,2.27826058864594,59.));
#8110=CARTESIAN_POINT('',(-58.1666719168425,2.27826058864594,60.));
#8111=CARTESIAN_POINT('Ctrl Pts',(-58.1666719168425,2.27826058864594,59.));
#8112=CARTESIAN_POINT('Ctrl Pts',(-57.9412162551192,2.27844437748955,59.));
#8113=CARTESIAN_POINT('Ctrl Pts',(-57.5299344839772,2.27877964962484,59.));
#8114=CARTESIAN_POINT('Ctrl Pts',(-57.121999905079,2.33033133100848,59.));
#8115=CARTESIAN_POINT('Ctrl Pts',(-56.9376861304045,2.35362350940704,59.));
#8116=CARTESIAN_POINT('Ctrl Pts',(-59.5000063627958,2.00579702854156,60.));
#8117=CARTESIAN_POINT('Ctrl Pts',(-59.5000063627958,2.00579702854156,59.));
#8118=CARTESIAN_POINT('Ctrl Pts',(-59.2946441226165,2.0852269037322,60.));
#8119=CARTESIAN_POINT('Ctrl Pts',(-59.2946441226165,2.0852269037322,59.));
#8120=CARTESIAN_POINT('Ctrl Pts',(-58.8658928761085,2.25105903513189,60.));
#8121=CARTESIAN_POINT('Ctrl Pts',(-58.8658928761085,2.25105903513189,59.));
#8122=CARTESIAN_POINT('Ctrl Pts',(-58.4061883009564,2.26894276478264,60.));
#8123=CARTESIAN_POINT('Ctrl Pts',(-58.4061883009564,2.26894276478264,59.));
#8124=CARTESIAN_POINT('Ctrl Pts',(-58.1666719168425,2.27826058864594,60.));
#8125=CARTESIAN_POINT('Ctrl Pts',(-58.1666719168425,2.27826058864594,59.));
#8126=CARTESIAN_POINT('',(-59.5000063627958,2.00579702854156,60.));
#8127=CARTESIAN_POINT('Ctrl Pts',(-59.5000063627958,2.00579702854156,60.));
#8128=CARTESIAN_POINT('Ctrl Pts',(-59.2946441226165,2.0852269037322,60.));
#8129=CARTESIAN_POINT('Ctrl Pts',(-58.8658928761085,2.25105903513189,60.));
#8130=CARTESIAN_POINT('Ctrl Pts',(-58.4061883009564,2.26894276478264,60.));
#8131=CARTESIAN_POINT('Ctrl Pts',(-58.1666719168425,2.27826058864594,60.));
#8132=CARTESIAN_POINT('',(-59.5000063627958,2.00579702854156,59.));
#8133=CARTESIAN_POINT('',(-59.5000063627958,2.00579702854156,60.));
#8134=CARTESIAN_POINT('Ctrl Pts',(-59.5000063627958,2.00579702854156,59.));
#8135=CARTESIAN_POINT('Ctrl Pts',(-59.2946441226165,2.0852269037322,59.));
#8136=CARTESIAN_POINT('Ctrl Pts',(-58.8658928761085,2.25105903513189,59.));
#8137=CARTESIAN_POINT('Ctrl Pts',(-58.4061883009564,2.26894276478264,59.));
#8138=CARTESIAN_POINT('Ctrl Pts',(-58.1666719168425,2.27826058864594,59.));
#8139=CARTESIAN_POINT('Ctrl Pts',(-60.398555919528,1.2463766336441,60.));
#8140=CARTESIAN_POINT('Ctrl Pts',(-60.398555919528,1.2463766336441,59.));
#8141=CARTESIAN_POINT('Ctrl Pts',(-60.277963903981,1.40069222140778,60.));
#8142=CARTESIAN_POINT('Ctrl Pts',(-60.277963903981,1.40069222140778,59.));
#8143=CARTESIAN_POINT('Ctrl Pts',(-60.0314408511719,1.71615547673999,60.));
#8144=CARTESIAN_POINT('Ctrl Pts',(-60.0314408511719,1.71615547673999,59.));
#8145=CARTESIAN_POINT('Ctrl Pts',(-59.6796905121772,1.90786586863511,60.));
#8146=CARTESIAN_POINT('Ctrl Pts',(-59.6796905121772,1.90786586863511,59.));
#8147=CARTESIAN_POINT('Ctrl Pts',(-59.5000063627958,2.00579702854156,60.));
#8148=CARTESIAN_POINT('Ctrl Pts',(-59.5000063627958,2.00579702854156,59.));
#8149=CARTESIAN_POINT('',(-60.398555919528,1.2463766336441,60.));
#8150=CARTESIAN_POINT('Ctrl Pts',(-60.398555919528,1.2463766336441,60.));
#8151=CARTESIAN_POINT('Ctrl Pts',(-60.277963903981,1.40069222140778,60.));
#8152=CARTESIAN_POINT('Ctrl Pts',(-60.0314408511719,1.71615547673999,60.));
#8153=CARTESIAN_POINT('Ctrl Pts',(-59.6796905121772,1.90786586863511,60.));
#8154=CARTESIAN_POINT('Ctrl Pts',(-59.5000063627958,2.00579702854156,60.));
#8155=CARTESIAN_POINT('',(-60.398555919528,1.2463766336441,59.));
#8156=CARTESIAN_POINT('',(-60.398555919528,1.2463766336441,60.));
#8157=CARTESIAN_POINT('Ctrl Pts',(-60.398555919528,1.2463766336441,59.));
#8158=CARTESIAN_POINT('Ctrl Pts',(-60.277963903981,1.40069222140778,59.));
#8159=CARTESIAN_POINT('Ctrl Pts',(-60.0314408511719,1.71615547673999,59.));
#8160=CARTESIAN_POINT('Ctrl Pts',(-59.6796905121772,1.90786586863511,59.));
#8161=CARTESIAN_POINT('Ctrl Pts',(-59.5000063627958,2.00579702854156,59.));
#8162=CARTESIAN_POINT('Ctrl Pts',(-60.7231938093901,0.110145211219788,60.));
#8163=CARTESIAN_POINT('Ctrl Pts',(-60.7231938093901,0.110145211219788,59.));
#8164=CARTESIAN_POINT('Ctrl Pts',(-60.7112280536269,0.317422838374577,60.));
#8165=CARTESIAN_POINT('Ctrl Pts',(-60.7112280536269,0.317422838374577,59.));
#8166=CARTESIAN_POINT('Ctrl Pts',(-60.6879409357076,0.720815540107287,60.));
#8167=CARTESIAN_POINT('Ctrl Pts',(-60.6879409357076,0.720815540107287,59.));
#8168=CARTESIAN_POINT('Ctrl Pts',(-60.4932215206634,1.07445150251649,60.));
#8169=CARTESIAN_POINT('Ctrl Pts',(-60.4932215206634,1.07445150251649,59.));
#8170=CARTESIAN_POINT('Ctrl Pts',(-60.398555919528,1.2463766336441,60.));
#8171=CARTESIAN_POINT('Ctrl Pts',(-60.398555919528,1.2463766336441,59.));
#8172=CARTESIAN_POINT('Ctrl Pts',(-60.7231938093901,0.110145211219788,60.));
#8173=CARTESIAN_POINT('Ctrl Pts',(-60.7112280536269,0.317422838374577,60.));
#8174=CARTESIAN_POINT('Ctrl Pts',(-60.6879409357076,0.720815540107287,60.));
#8175=CARTESIAN_POINT('Ctrl Pts',(-60.4932215206634,1.07445150251649,60.));
#8176=CARTESIAN_POINT('Ctrl Pts',(-60.398555919528,1.2463766336441,60.));
#8177=CARTESIAN_POINT('Ctrl Pts',(-60.7231938093901,0.110145211219788,59.));
#8178=CARTESIAN_POINT('Ctrl Pts',(-60.7112280536269,0.317422838374577,59.));
#8179=CARTESIAN_POINT('Ctrl Pts',(-60.6879409357076,0.720815540107287,59.));
#8180=CARTESIAN_POINT('Ctrl Pts',(-60.4932215206634,1.07445150251649,59.));
#8181=CARTESIAN_POINT('Ctrl Pts',(-60.398555919528,1.2463766336441,59.));
#8182=CARTESIAN_POINT('Ctrl Pts',(-55.6681215018034,0.0637680292129517,
60.));
#8183=CARTESIAN_POINT('Ctrl Pts',(-55.6681215018034,0.0637680292129517,
59.));
#8184=CARTESIAN_POINT('Ctrl Pts',(-55.6791589777213,-0.128243716066581,
60.));
#8185=CARTESIAN_POINT('Ctrl Pts',(-55.6791589777213,-0.128243716066581,
59.));
#8186=CARTESIAN_POINT('Ctrl Pts',(-55.7007826546632,-0.504416672623118,
60.));
#8187=CARTESIAN_POINT('Ctrl Pts',(-55.7007826546632,-0.504416672623118,
59.));
#8188=CARTESIAN_POINT('Ctrl Pts',(-55.8734463555468,-0.839066085482643,
60.));
#8189=CARTESIAN_POINT('Ctrl Pts',(-55.8734463555468,-0.839066085482643,
59.));
#8190=CARTESIAN_POINT('Ctrl Pts',(-55.9579765051603,-1.00289881229401,60.));
#8191=CARTESIAN_POINT('Ctrl Pts',(-55.9579765051603,-1.00289881229401,59.));
#8192=CARTESIAN_POINT('',(-55.671841368951,0.,60.));
#8193=CARTESIAN_POINT('',(-55.671841368951,4.33680868994202E-18,59.));
#8194=CARTESIAN_POINT('Ctrl Pts',(-55.671841368951,1.95156391047391E-17,
60.));
#8195=CARTESIAN_POINT('Ctrl Pts',(-55.671841368951,1.95156391047391E-17,
59.8333333333333));
#8196=CARTESIAN_POINT('Ctrl Pts',(-55.671841368951,1.95156391047391E-17,
59.6666666666667));
#8197=CARTESIAN_POINT('Ctrl Pts',(-55.671841368951,1.95156391047391E-17,
59.3333333333333));
#8198=CARTESIAN_POINT('Ctrl Pts',(-55.671841368951,1.95156391047391E-17,
59.1666666666667));
#8199=CARTESIAN_POINT('Ctrl Pts',(-55.671841368951,1.95156391047391E-17,
59.));
#8200=CARTESIAN_POINT('',(-55.6681215018034,0.0637680292129517,60.));
#8201=CARTESIAN_POINT('Ctrl Pts',(-55.6681215018034,0.0637680292129517,
60.));
#8202=CARTESIAN_POINT('Ctrl Pts',(-55.6693436496023,0.0425071237675219,
60.));
#8203=CARTESIAN_POINT('Ctrl Pts',(-55.6705657974011,0.0212462183220931,
60.));
#8204=CARTESIAN_POINT('Ctrl Pts',(-55.671841368951,0.,60.));
#8205=CARTESIAN_POINT('',(-55.6681215018034,0.0637680292129517,59.));
#8206=CARTESIAN_POINT('',(-55.6681215018034,0.0637680292129517,60.));
#8207=CARTESIAN_POINT('Ctrl Pts',(-55.6681215018034,0.0637680292129517,
59.));
#8208=CARTESIAN_POINT('Ctrl Pts',(-55.6693436496023,0.0425071237675222,
59.));
#8209=CARTESIAN_POINT('Ctrl Pts',(-55.6705657974011,0.0212462183220929,
59.));
#8210=CARTESIAN_POINT('Ctrl Pts',(-55.671841368951,8.67361737988404E-18,
59.));
#8211=CARTESIAN_POINT('Ctrl Pts',(-55.9463822096586,0.991304516792297,60.));
#8212=CARTESIAN_POINT('Ctrl Pts',(-55.9463822096586,0.991304516792297,59.));
#8213=CARTESIAN_POINT('Ctrl Pts',(-55.8652652874563,0.854763351091949,60.));
#8214=CARTESIAN_POINT('Ctrl Pts',(-55.8652652874563,0.854763351091949,59.));
#8215=CARTESIAN_POINT('Ctrl Pts',(-55.6956428283964,0.569244033294809,60.));
#8216=CARTESIAN_POINT('Ctrl Pts',(-55.6956428283964,0.569244033294809,59.));
#8217=CARTESIAN_POINT('Ctrl Pts',(-55.6775578660245,0.237082918792793,60.));
#8218=CARTESIAN_POINT('Ctrl Pts',(-55.6775578660245,0.237082918792793,59.));
#8219=CARTESIAN_POINT('Ctrl Pts',(-55.6681215018034,0.0637680292129517,
60.));
#8220=CARTESIAN_POINT('Ctrl Pts',(-55.6681215018034,0.0637680292129517,
59.));
#8221=CARTESIAN_POINT('',(-55.9463822096586,0.991304516792297,60.));
#8222=CARTESIAN_POINT('Ctrl Pts',(-55.9463822096586,0.991304516792297,60.));
#8223=CARTESIAN_POINT('Ctrl Pts',(-55.8652652874563,0.854763351091949,60.));
#8224=CARTESIAN_POINT('Ctrl Pts',(-55.6956428283964,0.569244033294809,60.));
#8225=CARTESIAN_POINT('Ctrl Pts',(-55.6775578660245,0.237082918792793,60.));
#8226=CARTESIAN_POINT('Ctrl Pts',(-55.6681215018034,0.0637680292129517,
60.));
#8227=CARTESIAN_POINT('',(-55.9463822096586,0.991304516792297,59.));
#8228=CARTESIAN_POINT('',(-55.9463822096586,0.991304516792297,60.));
#8229=CARTESIAN_POINT('Ctrl Pts',(-55.9463822096586,0.991304516792297,59.));
#8230=CARTESIAN_POINT('Ctrl Pts',(-55.8652652874563,0.854763351091949,59.));
#8231=CARTESIAN_POINT('Ctrl Pts',(-55.6956428283964,0.569244033294809,59.));
#8232=CARTESIAN_POINT('Ctrl Pts',(-55.6775578660245,0.237082918792793,59.));
#8233=CARTESIAN_POINT('Ctrl Pts',(-55.6681215018034,0.0637680292129517,
59.));
#8234=CARTESIAN_POINT('Ctrl Pts',(-56.7753683775663,1.617391705513,60.));
#8235=CARTESIAN_POINT('Ctrl Pts',(-56.7753683775663,1.617391705513,59.));
#8236=CARTESIAN_POINT('Ctrl Pts',(-56.6065676873106,1.53495782070709,60.));
#8237=CARTESIAN_POINT('Ctrl Pts',(-56.6065676873106,1.53495782070709,59.));
#8238=CARTESIAN_POINT('Ctrl Pts',(-56.2890270920836,1.37988674363691,60.));
#8239=CARTESIAN_POINT('Ctrl Pts',(-56.2890270920836,1.37988674363691,59.));
#8240=CARTESIAN_POINT('Ctrl Pts',(-56.0556833003736,1.11525926821299,60.));
#8241=CARTESIAN_POINT('Ctrl Pts',(-56.0556833003736,1.11525926821299,59.));
#8242=CARTESIAN_POINT('Ctrl Pts',(-55.9463822096586,0.991304516792297,60.));
#8243=CARTESIAN_POINT('Ctrl Pts',(-55.9463822096586,0.991304516792297,59.));
#8244=CARTESIAN_POINT('',(-56.7753683775663,1.617391705513,60.));
#8245=CARTESIAN_POINT('Ctrl Pts',(-56.7753683775663,1.617391705513,60.));
#8246=CARTESIAN_POINT('Ctrl Pts',(-56.6065676873106,1.53495782070709,60.));
#8247=CARTESIAN_POINT('Ctrl Pts',(-56.2890270920836,1.37988674363691,60.));
#8248=CARTESIAN_POINT('Ctrl Pts',(-56.0556833003736,1.11525926821299,60.));
#8249=CARTESIAN_POINT('Ctrl Pts',(-55.9463822096586,0.991304516792297,60.));
#8250=CARTESIAN_POINT('',(-56.7753683775663,1.617391705513,59.));
#8251=CARTESIAN_POINT('',(-56.7753683775663,1.617391705513,60.));
#8252=CARTESIAN_POINT('Ctrl Pts',(-56.7753683775663,1.617391705513,59.));
#8253=CARTESIAN_POINT('Ctrl Pts',(-56.6065676873106,1.53495782070709,59.));
#8254=CARTESIAN_POINT('Ctrl Pts',(-56.2890270920836,1.37988674363691,59.));
#8255=CARTESIAN_POINT('Ctrl Pts',(-56.0556833003736,1.11525926821299,59.));
#8256=CARTESIAN_POINT('Ctrl Pts',(-55.9463822096586,0.991304516792297,59.));
#8257=CARTESIAN_POINT('Ctrl Pts',(-55.8014547079802,1.65797054767609,60.));
#8258=CARTESIAN_POINT('Ctrl Pts',(-55.8014547079802,1.65797054767609,59.));
#8259=CARTESIAN_POINT('Ctrl Pts',(-55.9550060066315,1.6461439350003,60.));
#8260=CARTESIAN_POINT('Ctrl Pts',(-55.9550060066315,1.6461439350003,59.));
#8261=CARTESIAN_POINT('Ctrl Pts',(-56.2791533374995,1.62117791409565,60.));
#8262=CARTESIAN_POINT('Ctrl Pts',(-56.2791533374995,1.62117791409565,59.));
#8263=CARTESIAN_POINT('Ctrl Pts',(-56.6042648857806,1.61869725543957,60.));
#8264=CARTESIAN_POINT('Ctrl Pts',(-56.6042648857806,1.61869725543957,59.));
#8265=CARTESIAN_POINT('Ctrl Pts',(-56.7753683775663,1.617391705513,60.));
#8266=CARTESIAN_POINT('Ctrl Pts',(-56.7753683775663,1.617391705513,59.));
#8267=CARTESIAN_POINT('',(-55.8014547079802,1.65797054767609,60.));
#8268=CARTESIAN_POINT('Ctrl Pts',(-55.8014547079802,1.65797054767609,60.));
#8269=CARTESIAN_POINT('Ctrl Pts',(-55.9550060066315,1.6461439350003,60.));
#8270=CARTESIAN_POINT('Ctrl Pts',(-56.2791533374995,1.62117791409565,60.));
#8271=CARTESIAN_POINT('Ctrl Pts',(-56.6042648857806,1.61869725543957,60.));
#8272=CARTESIAN_POINT('Ctrl Pts',(-56.7753683775663,1.617391705513,60.));
#8273=CARTESIAN_POINT('',(-55.8014547079802,1.65797054767609,59.));
#8274=CARTESIAN_POINT('',(-55.8014547079802,1.65797054767609,60.));
#8275=CARTESIAN_POINT('Ctrl Pts',(-55.8014547079802,1.65797054767609,59.));
#8276=CARTESIAN_POINT('Ctrl Pts',(-55.9550060066315,1.6461439350003,59.));
#8277=CARTESIAN_POINT('Ctrl Pts',(-56.2791533374995,1.62117791409565,59.));
#8278=CARTESIAN_POINT('Ctrl Pts',(-56.6042648857806,1.61869725543957,59.));
#8279=CARTESIAN_POINT('Ctrl Pts',(-56.7753683775663,1.617391705513,59.));
#8280=CARTESIAN_POINT('Ctrl Pts',(-54.9956571310759,1.82029068470001,60.));
#8281=CARTESIAN_POINT('Ctrl Pts',(-54.9956571310759,1.82029068470001,59.));
#8282=CARTESIAN_POINT('Ctrl Pts',(-55.1229443185809,1.78287948505903,60.));
#8283=CARTESIAN_POINT('Ctrl Pts',(-55.1229443185809,1.78287948505903,59.));
#8284=CARTESIAN_POINT('Ctrl Pts',(-55.3867733812386,1.70533702436331,60.));
#8285=CARTESIAN_POINT('Ctrl Pts',(-55.3867733812386,1.70533702436331,59.));
#8286=CARTESIAN_POINT('Ctrl Pts',(-55.6600324402858,1.67412433641414,60.));
#8287=CARTESIAN_POINT('Ctrl Pts',(-55.6600324402858,1.67412433641414,59.));
#8288=CARTESIAN_POINT('Ctrl Pts',(-55.8014547079802,1.65797054767609,60.));
#8289=CARTESIAN_POINT('Ctrl Pts',(-55.8014547079802,1.65797054767609,59.));
#8290=CARTESIAN_POINT('',(-54.9956571310759,1.82029068470001,60.));
#8291=CARTESIAN_POINT('Ctrl Pts',(-54.9956571310759,1.82029068470001,60.));
#8292=CARTESIAN_POINT('Ctrl Pts',(-55.1229443185809,1.78287948505903,60.));
#8293=CARTESIAN_POINT('Ctrl Pts',(-55.3867733812386,1.70533702436331,60.));
#8294=CARTESIAN_POINT('Ctrl Pts',(-55.6600324402858,1.67412433641414,60.));
#8295=CARTESIAN_POINT('Ctrl Pts',(-55.8014547079802,1.65797054767609,60.));
#8296=CARTESIAN_POINT('',(-54.9956571310759,1.82029068470001,59.));
#8297=CARTESIAN_POINT('',(-54.9956571310759,1.82029068470001,60.));
#8298=CARTESIAN_POINT('Ctrl Pts',(-54.9956571310759,1.82029068470001,59.));
#8299=CARTESIAN_POINT('Ctrl Pts',(-55.1229443185809,1.78287948505903,59.));
#8300=CARTESIAN_POINT('Ctrl Pts',(-55.3867733812386,1.70533702436331,59.));
#8301=CARTESIAN_POINT('Ctrl Pts',(-55.6600324402858,1.67412433641414,59.));
#8302=CARTESIAN_POINT('Ctrl Pts',(-55.8014547079802,1.65797054767609,59.));
#8303=CARTESIAN_POINT('Origin',(-55.3434836119413,2.89855062961578,60.));
#8304=CARTESIAN_POINT('',(-55.3434836119413,2.89855062961578,60.));
#8305=CARTESIAN_POINT('',(-56.0819889753085,5.18791270016011,60.));
#8306=CARTESIAN_POINT('',(-55.3434836119413,2.89855062961578,59.));
#8307=CARTESIAN_POINT('',(-55.3434836119413,2.89855062961578,60.));
#8308=CARTESIAN_POINT('',(-55.3434836119413,2.89855062961578,59.));
#8309=CARTESIAN_POINT('Ctrl Pts',(-56.0797154158354,2.57391273975372,60.));
#8310=CARTESIAN_POINT('Ctrl Pts',(-56.0797154158354,2.57391273975372,59.));
#8311=CARTESIAN_POINT('Ctrl Pts',(-55.955958941138,2.62383218349135,60.));
#8312=CARTESIAN_POINT('Ctrl Pts',(-55.955958941138,2.62383218349135,59.));
#8313=CARTESIAN_POINT('Ctrl Pts',(-55.7070969919537,2.72421521477215,60.));
#8314=CARTESIAN_POINT('Ctrl Pts',(-55.7070969919537,2.72421521477215,59.));
#8315=CARTESIAN_POINT('Ctrl Pts',(-55.4651252886138,2.84022919995814,60.));
#8316=CARTESIAN_POINT('Ctrl Pts',(-55.4651252886138,2.84022919995814,59.));
#8317=CARTESIAN_POINT('Ctrl Pts',(-55.3434836119413,2.89855062961578,60.));
#8318=CARTESIAN_POINT('Ctrl Pts',(-55.3434836119413,2.89855062961578,59.));
#8319=CARTESIAN_POINT('Ctrl Pts',(-56.0797154158354,2.57391273975372,60.));
#8320=CARTESIAN_POINT('Ctrl Pts',(-55.955958941138,2.62383218349135,60.));
#8321=CARTESIAN_POINT('Ctrl Pts',(-55.7070969919537,2.72421521477215,60.));
#8322=CARTESIAN_POINT('Ctrl Pts',(-55.4651252886138,2.84022919995814,60.));
#8323=CARTESIAN_POINT('Ctrl Pts',(-55.3434836119413,2.89855062961578,60.));
#8324=CARTESIAN_POINT('Ctrl Pts',(-56.0797154158354,2.57391273975372,59.));
#8325=CARTESIAN_POINT('Ctrl Pts',(-55.955958941138,2.62383218349135,59.));
#8326=CARTESIAN_POINT('Ctrl Pts',(-55.7070969919537,2.72421521477215,59.));
#8327=CARTESIAN_POINT('Ctrl Pts',(-55.4651252886138,2.84022919995814,59.));
#8328=CARTESIAN_POINT('Ctrl Pts',(-55.3434836119413,2.89855062961578,59.));
#8329=CARTESIAN_POINT('Origin',(-2.50000171363354,-0.69275438785553,59.));
#8330=CARTESIAN_POINT('',(-1.25000085681677,0.,59.));
#8331=CARTESIAN_POINT('',(-1.25000085681677,0.,59.));
#8332=CARTESIAN_POINT('Origin',(-80.,0.,60.));
#8333=CARTESIAN_POINT('',(80.,0.,60.));
#8334=CARTESIAN_POINT('Origin',(-80.,0.,60.));
#8335=CARTESIAN_POINT('',(80.,0.,60.));
#8336=CARTESIAN_POINT('Origin',(-80.,0.,60.));
#8337=CARTESIAN_POINT('',(80.,0.,60.));
#8338=CARTESIAN_POINT('Origin',(-80.,0.,60.));
#8339=CARTESIAN_POINT('',(80.,0.,60.));
#8340=CARTESIAN_POINT('Origin',(-80.,0.,60.));
#8341=CARTESIAN_POINT('',(80.,0.,60.));
#8342=CARTESIAN_POINT('Origin',(-80.,0.,60.));
#8343=CARTESIAN_POINT('',(80.,0.,60.));
#8344=CARTESIAN_POINT('Origin',(-80.,0.,60.));
#8345=CARTESIAN_POINT('',(80.,0.,60.));
#8346=CARTESIAN_POINT('Origin',(-80.,0.,60.));
#8347=CARTESIAN_POINT('',(80.,0.,60.));
#8348=CARTESIAN_POINT('',(80.,0.,60.));
#8349=CARTESIAN_POINT('',(80.,0.,60.));
#8350=CARTESIAN_POINT('',(80.,0.,60.));
#8351=CARTESIAN_POINT('',(80.,0.,60.));
#8352=CARTESIAN_POINT('',(80.,0.,60.));
#8353=CARTESIAN_POINT('',(80.,0.,60.));
#8354=CARTESIAN_POINT('',(80.,0.,60.));
#8355=CARTESIAN_POINT('',(80.,0.,60.));
#8356=CARTESIAN_POINT('',(80.,0.,60.));
#8357=CARTESIAN_POINT('',(80.,0.,60.));
#8358=CARTESIAN_POINT('',(80.,0.,60.));
#8359=CARTESIAN_POINT('',(80.,0.,60.));
#8360=CARTESIAN_POINT('',(80.,0.,60.));
#8361=CARTESIAN_POINT('',(80.,0.,60.));
#8362=CARTESIAN_POINT('',(80.,0.,60.));
#8363=CARTESIAN_POINT('',(80.,0.,60.));
#8364=CARTESIAN_POINT('',(80.,0.,60.));
#8365=CARTESIAN_POINT('',(80.,10.,60.));
#8366=CARTESIAN_POINT('',(80.,0.,60.));
#8367=CARTESIAN_POINT('',(-80.,10.,60.));
#8368=CARTESIAN_POINT('',(80.,10.,60.));
#8369=CARTESIAN_POINT('',(-80.,0.,60.));
#8370=CARTESIAN_POINT('',(-80.,0.,60.));
#8371=CARTESIAN_POINT('',(80.,0.,60.));
#8372=CARTESIAN_POINT('',(80.,0.,60.));
#8373=CARTESIAN_POINT('Origin',(85.,8.00000011920929,19.0000002831221));
#8374=CARTESIAN_POINT('',(80.,8.97190166489788,18.));
#8375=CARTESIAN_POINT('',(80.3699019989054,8.9,18.));
#8376=CARTESIAN_POINT('',(84.8126967144562,8.03640818975581,18.));
#8377=CARTESIAN_POINT('',(80.,8.97190166489788,18.0280984543114));
#8378=CARTESIAN_POINT('',(80.0000011920929,8.97190143317849,-8.00000011920929));
#8379=CARTESIAN_POINT('',(85.,8.00000011920929,19.0000002831221));
#8380=CARTESIAN_POINT('',(84.6475892068805,8.06850183811933,18.93149828109));
#8381=CARTESIAN_POINT('',(85.,8.00000011920929,-19.));
#8382=CARTESIAN_POINT('',(85.,8.00000011920929,37.000000141561));
#8383=CARTESIAN_POINT('',(80.,8.97190166489788,-18.0280984543114));
#8384=CARTESIAN_POINT('',(81.5662534308153,8.667452838828,-18.3325472803813));
#8385=CARTESIAN_POINT('',(80.,8.97190166489788,-18.));
#8386=CARTESIAN_POINT('',(80.0000011920929,8.97190143317849,-8.00000011920929));
#8387=CARTESIAN_POINT('',(80.3699019989053,8.9,-18.));
#8388=CARTESIAN_POINT('',(2.90738289536773,23.9571884099321,-18.));
#8389=CARTESIAN_POINT('',(80.3699019989054,8.9,9.50000014156103));
#8390=CARTESIAN_POINT('Origin',(85.,8.00000011920929,-19.));
#8391=CARTESIAN_POINT('',(80.0000011920929,10.,-18.0280986860308));
#8392=CARTESIAN_POINT('',(85.,10.,-19.));
#8393=CARTESIAN_POINT('',(42.2679617717302,10.,-10.6937331991041));
#8394=CARTESIAN_POINT('',(80.0000011920929,9.00000005960464,-18.0280986860308));
#8395=CARTESIAN_POINT('',(85.,4.00000005960464,-19.));
#8396=CARTESIAN_POINT('Origin',(85.,11.9,19.));
#8397=CARTESIAN_POINT('',(85.,10.,19.));
#8398=CARTESIAN_POINT('',(80.,10.,18.0280984543114));
#8399=CARTESIAN_POINT('',(42.2679617717302,10.,10.6937331991041));
#8400=CARTESIAN_POINT('',(85.,5.95,19.));
#8401=CARTESIAN_POINT('',(80.0000011920929,10.95,18.0280986860308));
#8402=CARTESIAN_POINT('Origin',(85.,10.,18.));
#8403=CARTESIAN_POINT('',(80.0000011920929,8.9,18.));
#8404=CARTESIAN_POINT('',(85.,8.9,18.));
#8405=CARTESIAN_POINT('',(80.0000011920929,10.,18.));
#8406=CARTESIAN_POINT('Origin',(0.,8.9,-4.44089209850063E-15));
#8407=CARTESIAN_POINT('',(80.0000011920929,8.9,-18.));
#8408=CARTESIAN_POINT('',(-85.,8.9,-18.));
#8409=CARTESIAN_POINT('',(80.0000011920929,8.9,-17.5000002607703));
#8410=CARTESIAN_POINT('Origin',(-85.,10.,-18.));
#8411=CARTESIAN_POINT('',(80.0000011920929,10.,-18.));
#8412=CARTESIAN_POINT('Origin',(0.,10.,0.));
#8413=CARTESIAN_POINT('',(85.,10.,-55.));
#8414=CARTESIAN_POINT('',(85.,10.,-55.));
#8415=CARTESIAN_POINT('',(80.,10.,-60.));
#8416=CARTESIAN_POINT('Origin',(80.,10.,-55.));
#8417=CARTESIAN_POINT('',(-80.,10.,-60.));
#8418=CARTESIAN_POINT('',(-80.,10.,-60.));
#8419=CARTESIAN_POINT('',(-85.,10.,-55.));
#8420=CARTESIAN_POINT('Origin',(-80.,10.,-55.));
#8421=CARTESIAN_POINT('',(-85.,10.,-20.));
#8422=CARTESIAN_POINT('',(-85.,10.,55.));
#8423=CARTESIAN_POINT('',(-80.0000011920929,10.,-18.1801492625553));
#8424=CARTESIAN_POINT('',(-44.257617535289,10.,-5.17098550975591));
#8425=CARTESIAN_POINT('',(-80.0000011920929,10.,-35.0000005215406));
#8426=CARTESIAN_POINT('',(-80.0000011920929,10.,17.5000002607703));
#8427=CARTESIAN_POINT('',(-62.2912889855726,10.,-35.0000005215406));
#8428=CARTESIAN_POINT('',(-40.0000005960464,10.,-35.0000005215406));
#8429=CARTESIAN_POINT('',(-60.,10.,-45.5));
#8430=CARTESIAN_POINT('Origin',(-60.,10.,-40.));
#8431=CARTESIAN_POINT('',(60.,10.,-45.5));
#8432=CARTESIAN_POINT('',(-30.,10.,-45.5));
#8433=CARTESIAN_POINT('',(62.2912889855726,10.,-35.0000005215406));
#8434=CARTESIAN_POINT('Origin',(60.,10.,-40.));
#8435=CARTESIAN_POINT('',(80.0000011920929,10.,-35.0000005215406));
#8436=CARTESIAN_POINT('',(-40.0000005960464,10.,-35.0000005215406));
#8437=CARTESIAN_POINT('',(80.0000011920929,10.,-17.5000002607703));
#8438=CARTESIAN_POINT('',(83.,10.,-55.));
#8439=CARTESIAN_POINT('Origin',(80.,10.,-55.));
#8440=CARTESIAN_POINT('',(-77.,10.,-55.));
#8441=CARTESIAN_POINT('Origin',(-80.,10.,-55.));
#8442=CARTESIAN_POINT('Origin',(-85.,6.50000013411045,20.));
#8443=CARTESIAN_POINT('',(-80.0000011920929,8.31985087155513,18.1801492625553));
#8444=CARTESIAN_POINT('',(-80.0000011920929,10.,18.1801492625553));
#8445=CARTESIAN_POINT('',(-80.0000011920929,8.25000006705523,18.1801492625553));
#8446=CARTESIAN_POINT('',(-85.,6.50000013411045,20.));
#8447=CARTESIAN_POINT('',(-79.2452963515176,8.59454096918117,17.9054591649293));
#8448=CARTESIAN_POINT('',(-85.,10.,20.));
#8449=CARTESIAN_POINT('',(-85.,3.25000006705523,20.));
#8450=CARTESIAN_POINT('',(-44.257617535289,10.,5.17098550975595));
#8451=CARTESIAN_POINT('Origin',(-85.,12.0000001341105,-20.));
#8452=CARTESIAN_POINT('',(-80.0000011920929,8.31985087155513,-18.1801492625553));
#8453=CARTESIAN_POINT('',(-80.0000011920929,11.0000000670552,-18.1801492625553));
#8454=CARTESIAN_POINT('',(-85.,6.50000013411045,-20.));
#8455=CARTESIAN_POINT('',(-85.,6.00000006705523,-20.));
#8456=CARTESIAN_POINT('',(-84.2087282483337,6.78799949893267,-19.7120006351778));
#8457=CARTESIAN_POINT('Origin',(-85.,6.50000013411045,-20.));
#8458=CARTESIAN_POINT('',(-80.0000011920929,8.31985087155513,7.50000026077033));
#8459=CARTESIAN_POINT('',(-85.,6.50000013411045,-37.5));
#8460=CARTESIAN_POINT('Origin',(0.,10.,0.));
#8461=CARTESIAN_POINT('',(80.0000011920929,10.,35.0000005215406));
#8462=CARTESIAN_POINT('',(80.0000011920929,10.,-17.5000002607703));
#8463=CARTESIAN_POINT('',(62.2912889855726,10.,35.0000005215406));
#8464=CARTESIAN_POINT('',(40.0000005960464,10.,35.0000005215406));
#8465=CARTESIAN_POINT('',(60.,10.,45.5));
#8466=CARTESIAN_POINT('Origin',(60.,10.,40.));
#8467=CARTESIAN_POINT('',(-60.,10.,45.5));
#8468=CARTESIAN_POINT('',(30.,10.,45.5));
#8469=CARTESIAN_POINT('',(-62.2912889855726,10.,35.0000005215406));
#8470=CARTESIAN_POINT('Origin',(-60.,10.,40.));
#8471=CARTESIAN_POINT('',(-80.0000011920929,10.,35.0000005215406));
#8472=CARTESIAN_POINT('',(40.0000005960464,10.,35.0000005215406));
#8473=CARTESIAN_POINT('',(-80.0000011920929,10.,17.5000002607703));
#8474=CARTESIAN_POINT('',(-85.,10.,55.));
#8475=CARTESIAN_POINT('',(-85.,10.,55.));
#8476=CARTESIAN_POINT('Origin',(-80.,10.,55.));
#8477=CARTESIAN_POINT('',(85.,10.,55.));
#8478=CARTESIAN_POINT('Origin',(80.,10.,55.));
#8479=CARTESIAN_POINT('',(85.,10.,-55.));
#8480=CARTESIAN_POINT('',(83.0000011920929,10.,55.0000008195639));
#8481=CARTESIAN_POINT('Origin',(80.0000011920929,10.,55.0000008195639));
#8482=CARTESIAN_POINT('',(-77.0000011920929,10.,55.0000008195639));
#8483=CARTESIAN_POINT('Origin',(-80.0000011920929,10.,55.0000008195639));
#8484=CARTESIAN_POINT('Origin',(-85.,0.,-55.));
#8485=CARTESIAN_POINT('',(-85.,0.,-55.));
#8486=CARTESIAN_POINT('',(-85.,0.,-55.));
#8487=CARTESIAN_POINT('',(-85.,0.,55.));
#8488=CARTESIAN_POINT('',(-85.,0.,55.));
#8489=CARTESIAN_POINT('',(-85.,0.,55.));
#8490=CARTESIAN_POINT('Origin',(80.,10.,-55.));
#8491=CARTESIAN_POINT('',(82.,6.,-55.));
#8492=CARTESIAN_POINT('Origin',(80.,6.,-55.));
#8493=CARTESIAN_POINT('',(82.,0.,-55.));
#8494=CARTESIAN_POINT('',(82.,10.,-55.));
#8495=CARTESIAN_POINT('Origin',(80.,0.,-55.));
#8496=CARTESIAN_POINT('Origin',(80.0000011920929,10.,55.0000008195639));
#8497=CARTESIAN_POINT('',(82.0000011920929,6.,55.0000008195639));
#8498=CARTESIAN_POINT('Origin',(80.0000011920929,6.,55.0000008195639));
#8499=CARTESIAN_POINT('',(82.0000011920929,0.,55.0000008195639));
#8500=CARTESIAN_POINT('',(82.0000011920929,10.,55.0000008195639));
#8501=CARTESIAN_POINT('Origin',(80.0000011920929,0.,55.0000008195639));
#8502=CARTESIAN_POINT('Origin',(-80.,10.,-55.));
#8503=CARTESIAN_POINT('',(-78.,6.,-55.));
#8504=CARTESIAN_POINT('Origin',(-80.,6.,-55.));
#8505=CARTESIAN_POINT('',(-78.,0.,-55.));
#8506=CARTESIAN_POINT('',(-78.,10.,-55.));
#8507=CARTESIAN_POINT('Origin',(-80.,0.,-55.));
#8508=CARTESIAN_POINT('Origin',(-80.0000011920929,10.,55.0000008195639));
#8509=CARTESIAN_POINT('',(-78.0000011920929,6.,55.0000008195639));
#8510=CARTESIAN_POINT('Origin',(-80.0000011920929,6.,55.0000008195639));
#8511=CARTESIAN_POINT('',(-78.0000011920929,0.,55.0000008195639));
#8512=CARTESIAN_POINT('',(-78.0000011920929,10.,55.0000008195639));
#8513=CARTESIAN_POINT('Origin',(-80.0000011920929,0.,55.0000008195639));
#8514=CARTESIAN_POINT('Origin',(-80.0000011920929,10.,55.0000008195639));
#8515=CARTESIAN_POINT('',(-77.0000011920929,6.,55.0000008195639));
#8516=CARTESIAN_POINT('',(-77.0000011920929,10.,55.0000008195639));
#8517=CARTESIAN_POINT('Origin',(-80.0000011920929,6.,55.0000008195639));
#8518=CARTESIAN_POINT('Origin',(-80.0000011920929,6.,55.0000008195639));
#8519=CARTESIAN_POINT('Origin',(80.0000011920929,10.,55.0000008195639));
#8520=CARTESIAN_POINT('',(83.0000011920929,6.,55.0000008195639));
#8521=CARTESIAN_POINT('',(83.0000011920929,10.,55.0000008195639));
#8522=CARTESIAN_POINT('Origin',(80.0000011920929,6.,55.0000008195639));
#8523=CARTESIAN_POINT('Origin',(80.0000011920929,6.,55.0000008195639));
#8524=CARTESIAN_POINT('Origin',(-80.,10.,-55.));
#8525=CARTESIAN_POINT('',(-77.,6.,-55.));
#8526=CARTESIAN_POINT('',(-77.,10.,-55.));
#8527=CARTESIAN_POINT('Origin',(-80.,6.,-55.));
#8528=CARTESIAN_POINT('Origin',(-80.,6.,-55.));
#8529=CARTESIAN_POINT('Origin',(80.,10.,-55.));
#8530=CARTESIAN_POINT('',(83.,6.,-55.));
#8531=CARTESIAN_POINT('',(83.,10.,-55.));
#8532=CARTESIAN_POINT('Origin',(80.,6.,-55.));
#8533=CARTESIAN_POINT('Origin',(80.,6.,-55.));
#8534=CARTESIAN_POINT('Origin',(85.,0.,55.));
#8535=CARTESIAN_POINT('',(85.,0.,55.));
#8536=CARTESIAN_POINT('',(85.,0.,55.));
#8537=CARTESIAN_POINT('',(85.,0.,-55.));
#8538=CARTESIAN_POINT('',(85.,0.,-55.));
#8539=CARTESIAN_POINT('',(85.,0.,-55.));
#8540=CARTESIAN_POINT('Origin',(-80.0000011920929,10.,35.0000005215406));
#8541=CARTESIAN_POINT('',(-80.0000011920929,5.,35.0000005215406));
#8542=CARTESIAN_POINT('',(-80.0000011920929,10.,35.0000005215406));
#8543=CARTESIAN_POINT('',(-80.0000011920929,5.,-35.0000005215406));
#8544=CARTESIAN_POINT('',(-80.0000011920929,5.,35.0000005215406));
#8545=CARTESIAN_POINT('',(-80.0000011920929,10.,-35.0000005215406));
#8546=CARTESIAN_POINT('Origin',(60.,10.,-40.));
#8547=CARTESIAN_POINT('',(62.2912889855726,5.,-35.0000005215406));
#8548=CARTESIAN_POINT('',(62.2912889855726,10.,-35.0000005215406));
#8549=CARTESIAN_POINT('',(60.,0.,-45.5));
#8550=CARTESIAN_POINT('',(60.,10.,-45.5));
#8551=CARTESIAN_POINT('',(60.,0.,-34.5));
#8552=CARTESIAN_POINT('Origin',(60.,0.,-40.));
#8553=CARTESIAN_POINT('',(60.,5.,-34.5));
#8554=CARTESIAN_POINT('',(60.,10.,-34.5));
#8555=CARTESIAN_POINT('Origin',(60.,5.,-40.));
#8556=CARTESIAN_POINT('Origin',(60.,10.,-34.5));
#8557=CARTESIAN_POINT('',(-60.,5.,-34.5));
#8558=CARTESIAN_POINT('',(30.,5.,-34.5));
#8559=CARTESIAN_POINT('',(-60.,0.,-34.5));
#8560=CARTESIAN_POINT('',(30.,0.,-34.5));
#8561=CARTESIAN_POINT('',(-60.,10.,-34.5));
#8562=CARTESIAN_POINT('Origin',(-60.,10.,-40.));
#8563=CARTESIAN_POINT('',(-62.2912889855726,5.,-35.0000005215406));
#8564=CARTESIAN_POINT('Origin',(-60.,5.,-40.));
#8565=CARTESIAN_POINT('',(-60.,0.,-45.5));
#8566=CARTESIAN_POINT('Origin',(-60.,0.,-40.));
#8567=CARTESIAN_POINT('',(-60.,10.,-45.5));
#8568=CARTESIAN_POINT('',(-62.2912889855726,10.,-35.0000005215406));
#8569=CARTESIAN_POINT('Origin',(-60.,10.,-45.5));
#8570=CARTESIAN_POINT('',(-30.,0.,-45.5));
#8571=CARTESIAN_POINT('Origin',(-60.,10.,34.5));
#8572=CARTESIAN_POINT('',(-60.,5.,34.5));
#8573=CARTESIAN_POINT('',(60.,5.,34.5));
#8574=CARTESIAN_POINT('',(-30.,5.,34.5));
#8575=CARTESIAN_POINT('',(-60.,0.,34.5));
#8576=CARTESIAN_POINT('',(-60.,10.,34.5));
#8577=CARTESIAN_POINT('',(60.,0.,34.5));
#8578=CARTESIAN_POINT('',(-30.,0.,34.5));
#8579=CARTESIAN_POINT('',(60.,10.,34.5));
#8580=CARTESIAN_POINT('Origin',(60.,10.,40.));
#8581=CARTESIAN_POINT('',(62.2912889855726,5.,35.0000005215406));
#8582=CARTESIAN_POINT('Origin',(60.,5.,40.));
#8583=CARTESIAN_POINT('',(60.,0.,45.5));
#8584=CARTESIAN_POINT('Origin',(60.,0.,40.));
#8585=CARTESIAN_POINT('',(60.,10.,45.5));
#8586=CARTESIAN_POINT('',(62.2912889855726,10.,35.0000005215406));
#8587=CARTESIAN_POINT('Origin',(60.,10.,45.5));
#8588=CARTESIAN_POINT('',(-60.,0.,45.5));
#8589=CARTESIAN_POINT('',(30.,0.,45.5));
#8590=CARTESIAN_POINT('',(-60.,10.,45.5));
#8591=CARTESIAN_POINT('Origin',(-60.,10.,40.));
#8592=CARTESIAN_POINT('',(-62.2912889855726,5.,35.0000005215406));
#8593=CARTESIAN_POINT('Origin',(-60.,5.,40.));
#8594=CARTESIAN_POINT('',(-62.2912889855726,10.,35.0000005215406));
#8595=CARTESIAN_POINT('Origin',(-60.,0.,40.));
#8596=CARTESIAN_POINT('Origin',(-80.0000011920929,10.,-35.0000005215406));
#8597=CARTESIAN_POINT('',(80.0000011920929,5.,-35.0000005215406));
#8598=CARTESIAN_POINT('',(-80.0000011920929,5.,-35.0000005215406));
#8599=CARTESIAN_POINT('',(80.0000011920929,10.,-35.0000005215406));
#8600=CARTESIAN_POINT('Origin',(0.,5.,0.));
#8601=CARTESIAN_POINT('',(-80.0000011920929,5.,-35.0000005215406));
#8602=CARTESIAN_POINT('',(80.0000011920929,5.,35.0000005215406));
#8603=CARTESIAN_POINT('',(80.0000011920929,5.,35.0000005215406));
#8604=CARTESIAN_POINT('',(80.0000011920929,5.,35.0000005215406));
#8605=CARTESIAN_POINT('',(80.0000011920929,5.,-35.0000005215406));
#8606=CARTESIAN_POINT('',(55.,5.,30.));
#8607=CARTESIAN_POINT('',(60.,5.,25.));
#8608=CARTESIAN_POINT('Origin',(55.,5.,25.));
#8609=CARTESIAN_POINT('',(-55.,5.,30.));
#8610=CARTESIAN_POINT('',(27.5,5.,30.));
#8611=CARTESIAN_POINT('',(-60.,5.,25.));
#8612=CARTESIAN_POINT('Origin',(-55.,5.,25.));
#8613=CARTESIAN_POINT('',(-60.,5.,-25.));
#8614=CARTESIAN_POINT('',(-60.,5.,12.5));
#8615=CARTESIAN_POINT('',(-55.,5.,-30.));
#8616=CARTESIAN_POINT('Origin',(-55.,5.,-25.));
#8617=CARTESIAN_POINT('',(55.,5.,-30.));
#8618=CARTESIAN_POINT('',(-27.5,5.,-30.));
#8619=CARTESIAN_POINT('',(60.,5.,-25.));
#8620=CARTESIAN_POINT('Origin',(55.,5.,-25.));
#8621=CARTESIAN_POINT('',(60.,5.,-12.5));
#8622=CARTESIAN_POINT('Origin',(80.0000011920929,10.,35.0000005215406));
#8623=CARTESIAN_POINT('',(80.0000011920929,10.,35.0000005215406));
#8624=CARTESIAN_POINT('Origin',(-80.0000011920929,10.,-35.0000005215406));
#8625=CARTESIAN_POINT('Origin',(80.0000011920929,10.,35.0000005215406));
#8626=CARTESIAN_POINT('Origin',(80.0000011920929,10.,-35.0000005215406));
#8627=CARTESIAN_POINT('Origin',(-60.,10.,25.));
#8628=CARTESIAN_POINT('',(-60.,0.,25.));
#8629=CARTESIAN_POINT('',(-60.,10.,25.));
#8630=CARTESIAN_POINT('',(-60.,0.,-25.));
#8631=CARTESIAN_POINT('',(-60.,0.,12.5));
#8632=CARTESIAN_POINT('',(-60.,10.,-25.));
#8633=CARTESIAN_POINT('Origin',(-55.,10.,25.));
#8634=CARTESIAN_POINT('',(-55.,0.,30.));
#8635=CARTESIAN_POINT('',(-55.,10.,30.));
#8636=CARTESIAN_POINT('Origin',(-55.,0.,25.));
#8637=CARTESIAN_POINT('Origin',(55.,10.,30.));
#8638=CARTESIAN_POINT('',(55.,0.,30.));
#8639=CARTESIAN_POINT('',(55.,10.,30.));
#8640=CARTESIAN_POINT('',(27.5,0.,30.));
#8641=CARTESIAN_POINT('Origin',(55.,10.,25.));
#8642=CARTESIAN_POINT('',(60.,0.,25.));
#8643=CARTESIAN_POINT('',(60.,10.,25.));
#8644=CARTESIAN_POINT('Origin',(55.,0.,25.));
#8645=CARTESIAN_POINT('Origin',(60.,10.,-25.));
#8646=CARTESIAN_POINT('',(60.,0.,-25.));
#8647=CARTESIAN_POINT('',(60.,10.,-25.));
#8648=CARTESIAN_POINT('',(60.,0.,-12.5));
#8649=CARTESIAN_POINT('Origin',(55.,10.,-25.));
#8650=CARTESIAN_POINT('',(55.,0.,-30.));
#8651=CARTESIAN_POINT('',(55.,10.,-30.));
#8652=CARTESIAN_POINT('Origin',(55.,0.,-25.));
#8653=CARTESIAN_POINT('Origin',(-55.,10.,-30.));
#8654=CARTESIAN_POINT('',(-55.,0.,-30.));
#8655=CARTESIAN_POINT('',(-55.,10.,-30.));
#8656=CARTESIAN_POINT('',(-27.5,0.,-30.));
#8657=CARTESIAN_POINT('Origin',(-55.,10.,-25.));
#8658=CARTESIAN_POINT('Origin',(-55.,0.,-25.));
#8659=CARTESIAN_POINT('Origin',(80.,0.,-60.));
#8660=CARTESIAN_POINT('',(-80.,0.,-60.));
#8661=CARTESIAN_POINT('',(80.,0.,-60.));
#8662=CARTESIAN_POINT('',(-80.,0.,-60.));
#8663=CARTESIAN_POINT('',(-80.,0.,-60.));
#8664=CARTESIAN_POINT('',(80.,0.,-60.));
#8665=CARTESIAN_POINT('Origin',(80.,0.,-55.));
#8666=CARTESIAN_POINT('Origin',(80.,0.,-55.));
#8667=CARTESIAN_POINT('Origin',(80.,0.,55.));
#8668=CARTESIAN_POINT('Origin',(80.,0.,55.));
#8669=CARTESIAN_POINT('Origin',(-80.,0.,55.));
#8670=CARTESIAN_POINT('Origin',(-80.,0.,55.));
#8671=CARTESIAN_POINT('Origin',(-80.,0.,-55.));
#8672=CARTESIAN_POINT('Origin',(-80.,0.,-55.));
#8673=CARTESIAN_POINT('Origin',(0.,0.,0.));
#8674=UNCERTAINTY_MEASURE_WITH_UNIT(LENGTH_MEASURE(0.01),#8678,
'DISTANCE_ACCURACY_VALUE',
'Maximum model space distance between geometric entities at asserted c
onnectivities');
#8675=UNCERTAINTY_MEASURE_WITH_UNIT(LENGTH_MEASURE(0.01),#8678,
'DISTANCE_ACCURACY_VALUE',
'Maximum model space distance between geometric entities at asserted c
onnectivities');
#8676=(
GEOMETRIC_REPRESENTATION_CONTEXT(3)
GLOBAL_UNCERTAINTY_ASSIGNED_CONTEXT((#8674))
GLOBAL_UNIT_ASSIGNED_CONTEXT((#8678,#8680,#8681))
REPRESENTATION_CONTEXT('','3D')
);
#8677=(
GEOMETRIC_REPRESENTATION_CONTEXT(3)
GLOBAL_UNCERTAINTY_ASSIGNED_CONTEXT((#8675))
GLOBAL_UNIT_ASSIGNED_CONTEXT((#8678,#8680,#8681))
REPRESENTATION_CONTEXT('','3D')
);
#8678=(
LENGTH_UNIT()
NAMED_UNIT(*)
SI_UNIT(.MILLI.,.METRE.)
);
#8679=(
LENGTH_UNIT()
NAMED_UNIT(*)
SI_UNIT($,.METRE.)
);
#8680=(
NAMED_UNIT(*)
PLANE_ANGLE_UNIT()
SI_UNIT($,.RADIAN.)
);
#8681=(
NAMED_UNIT(*)
SI_UNIT($,.STERADIAN.)
SOLID_ANGLE_UNIT()
);
#8682=SHAPE_DEFINITION_REPRESENTATION(#8683,#8684);
#8683=PRODUCT_DEFINITION_SHAPE('',$,#8686);
#8684=SHAPE_REPRESENTATION('',(#4752),#8676);
#8685=PRODUCT_DEFINITION_CONTEXT('part definition',#8690,'design');
#8686=PRODUCT_DEFINITION('2026-04-01-23-23-57-028','Top Part',#8687,#8685);
#8687=PRODUCT_DEFINITION_FORMATION('',$,#8692);
#8688=PRODUCT_RELATED_PRODUCT_CATEGORY('Top Part','Top Part',(#8692));
#8689=APPLICATION_PROTOCOL_DEFINITION('international standard',
'automotive_design',2009,#8690);
#8690=APPLICATION_CONTEXT(
'Core Data for Automotive Mechanical Design Process');
#8691=PRODUCT_CONTEXT('part definition',#8690,'mechanical');
#8692=PRODUCT('2026-04-01-23-23-57-028','Top Part',$,(#8691));
#8693=PRESENTATION_STYLE_ASSIGNMENT((#8694));
#8694=SURFACE_STYLE_USAGE(.BOTH.,#8695);
#8695=SURFACE_SIDE_STYLE('',(#8696));
#8696=SURFACE_STYLE_FILL_AREA(#8697);
#8697=FILL_AREA_STYLE('Steel - Satin',(#8698));
#8698=FILL_AREA_STYLE_COLOUR('Steel - Satin',#8699);
#8699=COLOUR_RGB('Steel - Satin',0.627450980392157,0.627450980392157,0.627450980392157);
ENDSEC;
END-ISO-10303-21;
