ISO-10303-21;
HEADER;
/* Generated by software containing ST-Developer
 * from STEP Tools, Inc. (www.steptools.com) 
 */

FILE_DESCRIPTION(
/* description */ (''),
/* implementation_level */ '2;1');

FILE_NAME(
/* name */ 'Top Pressure Plate.step',
/* time_stamp */ '2026-04-07T12:11:15+02:00',
/* author */ (''),
/* organization */ (''),
/* preprocessor_version */ 'ST-DEVELOPER v20.1',
/* originating_system */ 'Autodesk Translation Framework v14.24.0.0',
/* authorisation */ '');

FILE_SCHEMA (('AUTOMOTIVE_DESIGN { 1 0 10303 214 3 1 1 }'));
ENDSEC;

DATA;
#10=MECHANICAL_DESIGN_GEOMETRIC_PRESENTATION_REPRESENTATION('',(#13),#16191);
#11=SHAPE_REPRESENTATION_RELATIONSHIP('SRR','None',#16198,#12);
#12=ADVANCED_BREP_SHAPE_REPRESENTATION('',(#14),#16190);
#13=STYLED_ITEM('',(#16207),#14);
#14=MANIFOLD_SOLID_BREP('Top Pressure Plate',#8767);
#15=B_SPLINE_CURVE_WITH_KNOTS('',3,(#10821,#10822,#10823,#10824,#10825),
 .UNSPECIFIED.,.F.,.F.,(4,1,4),(0.,0.0727819100544926,0.158740490519316),
 .UNSPECIFIED.);
#16=B_SPLINE_CURVE_WITH_KNOTS('',3,(#10828,#10829,#10830,#10831,#10832),
 .UNSPECIFIED.,.F.,.F.,(4,1,4),(0.,0.0727819100544926,0.158740490519316),
 .UNSPECIFIED.);
#17=B_SPLINE_CURVE_WITH_KNOTS('',3,(#10844,#10845,#10846,#10847,#10848),
 .UNSPECIFIED.,.F.,.F.,(4,1,4),(0.,0.062081299352384,0.126025248976343),
 .UNSPECIFIED.);
#18=B_SPLINE_CURVE_WITH_KNOTS('',3,(#10851,#10852,#10853,#10854,#10855),
 .UNSPECIFIED.,.F.,.F.,(4,1,4),(0.,0.062081299352384,0.126025248976343),
 .UNSPECIFIED.);
#19=B_SPLINE_CURVE_WITH_KNOTS('',3,(#10885,#10886,#10887,#10888,#10889),
 .UNSPECIFIED.,.F.,.F.,(4,1,4),(0.,0.0224004888409041,0.0448759939161286),
 .UNSPECIFIED.);
#20=B_SPLINE_CURVE_WITH_KNOTS('',3,(#10892,#10893,#10894,#10895,#10896),
 .UNSPECIFIED.,.F.,.F.,(4,1,4),(0.,0.0224004888409041,0.0448759939161286),
 .UNSPECIFIED.);
#21=B_SPLINE_CURVE_WITH_KNOTS('',3,(#10908,#10909,#10910,#10911,#10912),
 .UNSPECIFIED.,.F.,.F.,(4,1,4),(0.,0.0258231703103724,0.0489842586969889),
 .UNSPECIFIED.);
#22=B_SPLINE_CURVE_WITH_KNOTS('',3,(#10915,#10916,#10917,#10918,#10919),
 .UNSPECIFIED.,.F.,.F.,(4,1,4),(0.,0.0258231703103724,0.0489842586969889),
 .UNSPECIFIED.);
#23=B_SPLINE_CURVE_WITH_KNOTS('',3,(#10931,#10932,#10933,#10934,#10935),
 .UNSPECIFIED.,.F.,.F.,(4,1,4),(0.,0.0657313256771343,0.139188906445307),
 .UNSPECIFIED.);
#24=B_SPLINE_CURVE_WITH_KNOTS('',3,(#10938,#10939,#10940,#10941,#10942),
 .UNSPECIFIED.,.F.,.F.,(4,1,4),(0.,0.0657313256771343,0.139188906445307),
 .UNSPECIFIED.);
#25=B_SPLINE_CURVE_WITH_KNOTS('',3,(#10954,#10955,#10956,#10957,#10958),
 .UNSPECIFIED.,.F.,.F.,(4,1,4),(0.,0.0778734228314319,0.145540887463392),
 .UNSPECIFIED.);
#26=B_SPLINE_CURVE_WITH_KNOTS('',3,(#10961,#10962,#10963,#10964,#10965),
 .UNSPECIFIED.,.F.,.F.,(4,1,4),(0.,0.0778734228314319,0.145540887463392),
 .UNSPECIFIED.);
#27=B_SPLINE_CURVE_WITH_KNOTS('',3,(#11160,#11161,#11162,#11163,#11164),
 .UNSPECIFIED.,.F.,.F.,(4,1,4),(0.,0.0396207775399101,0.0844579614990823),
 .UNSPECIFIED.);
#28=B_SPLINE_CURVE_WITH_KNOTS('',3,(#11167,#11168,#11169,#11170,#11171),
 .UNSPECIFIED.,.F.,.F.,(4,1,4),(0.,0.0396207775399101,0.0844579614990823),
 .UNSPECIFIED.);
#29=B_SPLINE_CURVE_WITH_KNOTS('',3,(#11183,#11184,#11185,#11186,#11187),
 .UNSPECIFIED.,.F.,.F.,(4,1,4),(0.,0.0395955925793837,0.0771385782198388),
 .UNSPECIFIED.);
#30=B_SPLINE_CURVE_WITH_KNOTS('',3,(#11190,#11191,#11192,#11193,#11194),
 .UNSPECIFIED.,.F.,.F.,(4,1,4),(0.,0.0395955925793837,0.0771385782198388),
 .UNSPECIFIED.);
#31=B_SPLINE_CURVE_WITH_KNOTS('',3,(#11206,#11207,#11208,#11209,#11210),
 .UNSPECIFIED.,.F.,.F.,(4,1,4),(0.,0.056968100592938,0.103042864732712),
 .UNSPECIFIED.);
#32=B_SPLINE_CURVE_WITH_KNOTS('',3,(#11213,#11214,#11215,#11216,#11217),
 .UNSPECIFIED.,.F.,.F.,(4,1,4),(0.,0.056968100592938,0.103042864732712),
 .UNSPECIFIED.);
#33=B_SPLINE_CURVE_WITH_KNOTS('',3,(#11235,#11236,#11237,#11238,#11239),
 .UNSPECIFIED.,.F.,.F.,(4,1,4),(0.,0.0700268811937121,0.15006028588298),
 .UNSPECIFIED.);
#34=B_SPLINE_CURVE_WITH_KNOTS('',3,(#11242,#11243,#11244,#11245,#11246),
 .UNSPECIFIED.,.F.,.F.,(4,1,4),(0.,0.0700268811937121,0.15006028588298),
 .UNSPECIFIED.);
#35=B_SPLINE_CURVE_WITH_KNOTS('',3,(#11258,#11259,#11260,#11261,#11262),
 .UNSPECIFIED.,.F.,.F.,(4,1,4),(0.,0.0639695273335032,0.128546741990363),
 .UNSPECIFIED.);
#36=B_SPLINE_CURVE_WITH_KNOTS('',3,(#11265,#11266,#11267,#11268,#11269),
 .UNSPECIFIED.,.F.,.F.,(4,1,4),(0.,0.0639695273335032,0.128546741990363),
 .UNSPECIFIED.);
#37=B_SPLINE_CURVE_WITH_KNOTS('',3,(#11281,#11282,#11283,#11284,#11285),
 .UNSPECIFIED.,.F.,.F.,(4,1,4),(0.,0.0708920446431491,0.137480806158065),
 .UNSPECIFIED.);
#38=B_SPLINE_CURVE_WITH_KNOTS('',3,(#11288,#11289,#11290,#11291,#11292),
 .UNSPECIFIED.,.F.,.F.,(4,1,4),(0.,0.0708920446431491,0.137480806158065),
 .UNSPECIFIED.);
#39=B_SPLINE_CURVE_WITH_KNOTS('',3,(#11335,#11336,#11337,#11338,#11339),
 .UNSPECIFIED.,.F.,.F.,(4,1,4),(0.,0.0451955871839254,0.088821103938238),
 .UNSPECIFIED.);
#40=B_SPLINE_CURVE_WITH_KNOTS('',3,(#11342,#11343,#11344,#11345,#11346),
 .UNSPECIFIED.,.F.,.F.,(4,1,4),(0.,0.0451955871839254,0.088821103938238),
 .UNSPECIFIED.);
#41=B_SPLINE_CURVE_WITH_KNOTS('',3,(#11358,#11359,#11360,#11361,#11362),
 .UNSPECIFIED.,.F.,.F.,(4,1,4),(0.,0.0424812518057617,0.0866541170185504),
 .UNSPECIFIED.);
#42=B_SPLINE_CURVE_WITH_KNOTS('',3,(#11365,#11366,#11367,#11368,#11369),
 .UNSPECIFIED.,.F.,.F.,(4,1,4),(0.,0.0424812518057617,0.0866541170185504),
 .UNSPECIFIED.);
#43=B_SPLINE_CURVE_WITH_KNOTS('',3,(#11381,#11382,#11383,#11384,#11385),
 .UNSPECIFIED.,.F.,.F.,(4,1,4),(0.,0.0327998256897349,0.0732602737121495),
 .UNSPECIFIED.);
#44=B_SPLINE_CURVE_WITH_KNOTS('',3,(#11388,#11389,#11390,#11391,#11392),
 .UNSPECIFIED.,.F.,.F.,(4,1,4),(0.,0.0327998256897349,0.0732602737121495),
 .UNSPECIFIED.);
#45=B_SPLINE_CURVE_WITH_KNOTS('',3,(#11404,#11405,#11406,#11407,#11408),
 .UNSPECIFIED.,.F.,.F.,(4,1,4),(0.,0.0475335587218512,0.0827924445940405),
 .UNSPECIFIED.);
#46=B_SPLINE_CURVE_WITH_KNOTS('',3,(#11411,#11412,#11413,#11414,#11415),
 .UNSPECIFIED.,.F.,.F.,(4,1,4),(0.,0.0475335587218512,0.0827924445940405),
 .UNSPECIFIED.);
#47=B_SPLINE_CURVE_WITH_KNOTS('',3,(#11445,#11446,#11447,#11448,#11449),
 .UNSPECIFIED.,.F.,.F.,(4,1,4),(0.,0.0657099570260273,0.142816004599779),
 .UNSPECIFIED.);
#48=B_SPLINE_CURVE_WITH_KNOTS('',3,(#11452,#11453,#11454,#11455,#11456),
 .UNSPECIFIED.,.F.,.F.,(4,1,4),(0.,0.0657099570260273,0.142816004599779),
 .UNSPECIFIED.);
#49=B_SPLINE_CURVE_WITH_KNOTS('',3,(#11468,#11469,#11470,#11471,#11472),
 .UNSPECIFIED.,.F.,.F.,(4,1,4),(0.,0.0763166371682383,0.140711615201861),
 .UNSPECIFIED.);
#50=B_SPLINE_CURVE_WITH_KNOTS('',3,(#11475,#11476,#11477,#11478,#11479),
 .UNSPECIFIED.,.F.,.F.,(4,1,4),(0.,0.0763166371682383,0.140711615201861),
 .UNSPECIFIED.);
#51=B_SPLINE_CURVE_WITH_KNOTS('',3,(#11491,#11492,#11493,#11494,#11495),
 .UNSPECIFIED.,.F.,.F.,(4,1,4),(0.,0.0536230319255355,0.106405880076066),
 .UNSPECIFIED.);
#52=B_SPLINE_CURVE_WITH_KNOTS('',3,(#11498,#11499,#11500,#11501,#11502),
 .UNSPECIFIED.,.F.,.F.,(4,1,4),(0.,0.0536230319255355,0.106405880076066),
 .UNSPECIFIED.);
#53=B_SPLINE_CURVE_WITH_KNOTS('',3,(#11514,#11515,#11516,#11517,#11518),
 .UNSPECIFIED.,.F.,.F.,(4,1,4),(0.,0.0563654008001347,0.110550781529454),
 .UNSPECIFIED.);
#54=B_SPLINE_CURVE_WITH_KNOTS('',3,(#11521,#11522,#11523,#11524,#11525),
 .UNSPECIFIED.,.F.,.F.,(4,1,4),(0.,0.0563654008001347,0.110550781529454),
 .UNSPECIFIED.);
#55=B_SPLINE_CURVE_WITH_KNOTS('',3,(#11568,#11569,#11570,#11571,#11572),
 .UNSPECIFIED.,.F.,.F.,(4,1,4),(0.,0.072509995661409,0.153949595014174),
 .UNSPECIFIED.);
#56=B_SPLINE_CURVE_WITH_KNOTS('',3,(#11575,#11576,#11577,#11578,#11579),
 .UNSPECIFIED.,.F.,.F.,(4,1,4),(0.,0.072509995661409,0.153949595014174),
 .UNSPECIFIED.);
#57=B_SPLINE_CURVE_WITH_KNOTS('',3,(#11591,#11592,#11593,#11594,#11595),
 .UNSPECIFIED.,.F.,.F.,(4,1,4),(0.,0.0830598973257057,0.15615498757693),
 .UNSPECIFIED.);
#58=B_SPLINE_CURVE_WITH_KNOTS('',3,(#11598,#11599,#11600,#11601,#11602),
 .UNSPECIFIED.,.F.,.F.,(4,1,4),(0.,0.0830598973257057,0.15615498757693),
 .UNSPECIFIED.);
#59=B_SPLINE_CURVE_WITH_KNOTS('',3,(#11614,#11615,#11616,#11617,#11618),
 .UNSPECIFIED.,.F.,.F.,(4,1,4),(0.,0.0430359144345665,0.0912232609690794),
 .UNSPECIFIED.);
#60=B_SPLINE_CURVE_WITH_KNOTS('',3,(#11621,#11622,#11623,#11624,#11625),
 .UNSPECIFIED.,.F.,.F.,(4,1,4),(0.,0.0430359144345665,0.0912232609690794),
 .UNSPECIFIED.);
#61=B_SPLINE_CURVE_WITH_KNOTS('',3,(#11637,#11638,#11639,#11640,#11641),
 .UNSPECIFIED.,.F.,.F.,(4,1,4),(0.,0.0331119144723282,0.0716203512017012),
 .UNSPECIFIED.);
#62=B_SPLINE_CURVE_WITH_KNOTS('',3,(#11644,#11645,#11646,#11647,#11648),
 .UNSPECIFIED.,.F.,.F.,(4,1,4),(0.,0.0331119144723282,0.0716203512017012),
 .UNSPECIFIED.);
#63=B_SPLINE_CURVE_WITH_KNOTS('',3,(#11666,#11667,#11668,#11669,#11670),
 .UNSPECIFIED.,.F.,.F.,(4,1,4),(0.,0.0248252748085668,0.0493532710444542),
 .UNSPECIFIED.);
#64=B_SPLINE_CURVE_WITH_KNOTS('',3,(#11673,#11674,#11675,#11676,#11677),
 .UNSPECIFIED.,.F.,.F.,(4,1,4),(0.,0.0248252748085668,0.0493532710444542),
 .UNSPECIFIED.);
#65=B_SPLINE_CURVE_WITH_KNOTS('',3,(#11689,#11690,#11691,#11692,#11693),
 .UNSPECIFIED.,.F.,.F.,(4,1,4),(0.,0.0255403037060714,0.0502009937936597),
 .UNSPECIFIED.);
#66=B_SPLINE_CURVE_WITH_KNOTS('',3,(#11696,#11697,#11698,#11699,#11700),
 .UNSPECIFIED.,.F.,.F.,(4,1,4),(0.,0.0255403037060714,0.0502009937936597),
 .UNSPECIFIED.);
#67=B_SPLINE_CURVE_WITH_KNOTS('',3,(#11712,#11713,#11714,#11715,#11716),
 .UNSPECIFIED.,.F.,.F.,(4,1,4),(0.,0.0325797643776058,0.0702233535684038),
 .UNSPECIFIED.);
#68=B_SPLINE_CURVE_WITH_KNOTS('',3,(#11719,#11720,#11721,#11722,#11723),
 .UNSPECIFIED.,.F.,.F.,(4,1,4),(0.,0.0325797643776058,0.0702233535684038),
 .UNSPECIFIED.);
#69=B_SPLINE_CURVE_WITH_KNOTS('',3,(#11735,#11736,#11737,#11738,#11739),
 .UNSPECIFIED.,.F.,.F.,(4,1,4),(0.,0.0367886608976206,0.0675257810174498),
 .UNSPECIFIED.);
#70=B_SPLINE_CURVE_WITH_KNOTS('',3,(#11742,#11743,#11744,#11745,#11746),
 .UNSPECIFIED.,.F.,.F.,(4,1,4),(0.,0.0367886608976206,0.0675257810174498),
 .UNSPECIFIED.);
#71=B_SPLINE_CURVE_WITH_KNOTS('',3,(#11769,#11770,#11771,#11772,#11773),
 .UNSPECIFIED.,.F.,.F.,(4,1,4),(0.,0.0770476460304453,0.139537655497792),
 .UNSPECIFIED.);
#72=B_SPLINE_CURVE_WITH_KNOTS('',3,(#11777,#11778,#11779,#11780,#11781),
 .UNSPECIFIED.,.F.,.F.,(4,1,4),(0.,0.0770476460304453,0.139537655497792),
 .UNSPECIFIED.);
#73=B_SPLINE_CURVE_WITH_KNOTS('',3,(#11800,#11801,#11802,#11803,#11804),
 .UNSPECIFIED.,.F.,.F.,(4,1,4),(0.,0.0639235516835521,0.145199955150042),
 .UNSPECIFIED.);
#74=B_SPLINE_CURVE_WITH_KNOTS('',3,(#11807,#11808,#11809,#11810,#11811),
 .UNSPECIFIED.,.F.,.F.,(4,1,4),(0.,0.0639235516835521,0.145199955150042),
 .UNSPECIFIED.);
#75=B_SPLINE_CURVE_WITH_KNOTS('',3,(#11823,#11824,#11825,#11826,#11827),
 .UNSPECIFIED.,.F.,.F.,(4,1,4),(0.,0.0567032087591318,0.112452235550179),
 .UNSPECIFIED.);
#76=B_SPLINE_CURVE_WITH_KNOTS('',3,(#11830,#11831,#11832,#11833,#11834),
 .UNSPECIFIED.,.F.,.F.,(4,1,4),(0.,0.0567032087591318,0.112452235550179),
 .UNSPECIFIED.);
#77=B_SPLINE_CURVE_WITH_KNOTS('',3,(#11845,#11846,#11847,#11848,#11849),
 .UNSPECIFIED.,.F.,.F.,(4,1,4),(0.,0.0547783402800354,0.113329859504295),
 .UNSPECIFIED.);
#78=B_SPLINE_CURVE_WITH_KNOTS('',3,(#11850,#11851,#11852,#11853,#11854),
 .UNSPECIFIED.,.F.,.F.,(4,1,4),(0.,0.0547783402800354,0.113329859504295),
 .UNSPECIFIED.);
#79=B_SPLINE_CURVE_WITH_KNOTS('',3,(#11867,#11868,#11869,#11870,#11871),
 .UNSPECIFIED.,.F.,.F.,(4,1,4),(0.,0.0142214338443374,0.0267264786928276),
 .UNSPECIFIED.);
#80=B_SPLINE_CURVE_WITH_KNOTS('',3,(#11875,#11876,#11877,#11878,#11879),
 .UNSPECIFIED.,.F.,.F.,(4,1,4),(0.,0.0142214338443374,0.0267264786928276),
 .UNSPECIFIED.);
#81=B_SPLINE_CURVE_WITH_KNOTS('',3,(#11892,#11893,#11894,#11895,#11896),
 .UNSPECIFIED.,.F.,.F.,(4,1,4),(0.,0.0156548644768161,0.0313310185626011),
 .UNSPECIFIED.);
#82=B_SPLINE_CURVE_WITH_KNOTS('',3,(#11899,#11900,#11901,#11902,#11903),
 .UNSPECIFIED.,.F.,.F.,(4,1,4),(0.,0.0156548644768161,0.0313310185626011),
 .UNSPECIFIED.);
#83=B_SPLINE_CURVE_WITH_KNOTS('',3,(#11915,#11916,#11917,#11918,#11919),
 .UNSPECIFIED.,.F.,.F.,(4,1,4),(0.,0.110727067581239,0.239359576014564),
 .UNSPECIFIED.);
#84=B_SPLINE_CURVE_WITH_KNOTS('',3,(#11922,#11923,#11924,#11925,#11926),
 .UNSPECIFIED.,.F.,.F.,(4,1,4),(0.,0.110727067581239,0.239359576014564),
 .UNSPECIFIED.);
#85=B_SPLINE_CURVE_WITH_KNOTS('',3,(#11938,#11939,#11940,#11941,#11942),
 .UNSPECIFIED.,.F.,.F.,(4,1,4),(0.,0.11088418315468,0.214454415899379),
 .UNSPECIFIED.);
#86=B_SPLINE_CURVE_WITH_KNOTS('',3,(#11945,#11946,#11947,#11948,#11949),
 .UNSPECIFIED.,.F.,.F.,(4,1,4),(0.,0.11088418315468,0.214454415899379),
 .UNSPECIFIED.);
#87=B_SPLINE_CURVE_WITH_KNOTS('',3,(#11961,#11962,#11963,#11964,#11965),
 .UNSPECIFIED.,.F.,.F.,(4,1,4),(0.,0.075857162833868,0.157434856712429),
 .UNSPECIFIED.);
#88=B_SPLINE_CURVE_WITH_KNOTS('',3,(#11968,#11969,#11970,#11971,#11972),
 .UNSPECIFIED.,.F.,.F.,(4,1,4),(0.,0.075857162833868,0.157434856712429),
 .UNSPECIFIED.);
#89=B_SPLINE_CURVE_WITH_KNOTS('',3,(#11984,#11985,#11986,#11987,#11988),
 .UNSPECIFIED.,.F.,.F.,(4,1,4),(0.,0.0770875490185282,0.151686637080713),
 .UNSPECIFIED.);
#90=B_SPLINE_CURVE_WITH_KNOTS('',3,(#11991,#11992,#11993,#11994,#11995),
 .UNSPECIFIED.,.F.,.F.,(4,1,4),(0.,0.0770875490185282,0.151686637080713),
 .UNSPECIFIED.);
#91=B_SPLINE_CURVE_WITH_KNOTS('',3,(#12007,#12008,#12009,#12010,#12011),
 .UNSPECIFIED.,.F.,.F.,(4,1,4),(0.,0.0876502835135797,0.16904668796577),
 .UNSPECIFIED.);
#92=B_SPLINE_CURVE_WITH_KNOTS('',3,(#12014,#12015,#12016,#12017,#12018),
 .UNSPECIFIED.,.F.,.F.,(4,1,4),(0.,0.0876502835135797,0.16904668796577),
 .UNSPECIFIED.);
#93=B_SPLINE_CURVE_WITH_KNOTS('',3,(#12030,#12031,#12032,#12033,#12034),
 .UNSPECIFIED.,.F.,.F.,(4,1,4),(0.,0.0820856145895415,0.171900139732277),
 .UNSPECIFIED.);
#94=B_SPLINE_CURVE_WITH_KNOTS('',3,(#12037,#12038,#12039,#12040,#12041),
 .UNSPECIFIED.,.F.,.F.,(4,1,4),(0.,0.0820856145895415,0.171900139732277),
 .UNSPECIFIED.);
#95=B_SPLINE_CURVE_WITH_KNOTS('',3,(#12053,#12054,#12055,#12056,#12057),
 .UNSPECIFIED.,.F.,.F.,(4,1,4),(0.,0.0753941662915812,0.152372817465128),
 .UNSPECIFIED.);
#96=B_SPLINE_CURVE_WITH_KNOTS('',3,(#12060,#12061,#12062,#12063,#12064),
 .UNSPECIFIED.,.F.,.F.,(4,1,4),(0.,0.0753941662915812,0.152372817465128),
 .UNSPECIFIED.);
#97=B_SPLINE_CURVE_WITH_KNOTS('',3,(#12076,#12077,#12078,#12079,#12080),
 .UNSPECIFIED.,.F.,.F.,(4,1,4),(0.,0.0888417831870792,0.168374115074147),
 .UNSPECIFIED.);
#98=B_SPLINE_CURVE_WITH_KNOTS('',3,(#12083,#12084,#12085,#12086,#12087),
 .UNSPECIFIED.,.F.,.F.,(4,1,4),(0.,0.0888417831870792,0.168374115074147),
 .UNSPECIFIED.);
#99=B_SPLINE_CURVE_WITH_KNOTS('',3,(#12099,#12100,#12101,#12102,#12103),
 .UNSPECIFIED.,.F.,.F.,(4,1,4),(0.,0.0614475119660145,0.125140036968407),
 .UNSPECIFIED.);
#100=B_SPLINE_CURVE_WITH_KNOTS('',3,(#12106,#12107,#12108,#12109,#12110),
 .UNSPECIFIED.,.F.,.F.,(4,1,4),(0.,0.0614475119660145,0.125140036968407),
 .UNSPECIFIED.);
#101=B_SPLINE_CURVE_WITH_KNOTS('',3,(#12122,#12123,#12124,#12125,#12126),
 .UNSPECIFIED.,.F.,.F.,(4,1,4),(0.,0.0560730215312429,0.115096993823831),
 .UNSPECIFIED.);
#102=B_SPLINE_CURVE_WITH_KNOTS('',3,(#12129,#12130,#12131,#12132,#12133),
 .UNSPECIFIED.,.F.,.F.,(4,1,4),(0.,0.0560730215312429,0.115096993823831),
 .UNSPECIFIED.);
#103=B_SPLINE_CURVE_WITH_KNOTS('',3,(#12151,#12152,#12153,#12154,#12155),
 .UNSPECIFIED.,.F.,.F.,(4,1,4),(0.,0.0423225546866357,0.0872647220337285),
 .UNSPECIFIED.);
#104=B_SPLINE_CURVE_WITH_KNOTS('',3,(#12158,#12159,#12160,#12161,#12162),
 .UNSPECIFIED.,.F.,.F.,(4,1,4),(0.,0.0423225546866357,0.0872647220337285),
 .UNSPECIFIED.);
#105=B_SPLINE_CURVE_WITH_KNOTS('',3,(#12174,#12175,#12176,#12177,#12178),
 .UNSPECIFIED.,.F.,.F.,(4,1,4),(0.,0.043183437458617,0.0843818320876284),
 .UNSPECIFIED.);
#106=B_SPLINE_CURVE_WITH_KNOTS('',3,(#12181,#12182,#12183,#12184,#12185),
 .UNSPECIFIED.,.F.,.F.,(4,1,4),(0.,0.043183437458617,0.0843818320876284),
 .UNSPECIFIED.);
#107=B_SPLINE_CURVE_WITH_KNOTS('',3,(#12197,#12198,#12199,#12200,#12201),
 .UNSPECIFIED.,.F.,.F.,(4,1,4),(0.,0.0611940512206953,0.123975820139477),
 .UNSPECIFIED.);
#108=B_SPLINE_CURVE_WITH_KNOTS('',3,(#12204,#12205,#12206,#12207,#12208),
 .UNSPECIFIED.,.F.,.F.,(4,1,4),(0.,0.0611940512206953,0.123975820139477),
 .UNSPECIFIED.);
#109=B_SPLINE_CURVE_WITH_KNOTS('',3,(#12220,#12221,#12222,#12223,#12224),
 .UNSPECIFIED.,.F.,.F.,(4,1,4),(0.,0.0830225403647736,0.149426218530276),
 .UNSPECIFIED.);
#110=B_SPLINE_CURVE_WITH_KNOTS('',3,(#12227,#12228,#12229,#12230,#12231),
 .UNSPECIFIED.,.F.,.F.,(4,1,4),(0.,0.0830225403647736,0.149426218530276),
 .UNSPECIFIED.);
#111=B_SPLINE_CURVE_WITH_KNOTS('',3,(#12311,#12312,#12313,#12314,#12315),
 .UNSPECIFIED.,.F.,.F.,(4,1,4),(0.,0.0727821854116369,0.158740408922779),
 .UNSPECIFIED.);
#112=B_SPLINE_CURVE_WITH_KNOTS('',3,(#12318,#12319,#12320,#12321,#12322),
 .UNSPECIFIED.,.F.,.F.,(4,1,4),(0.,0.0727821854116369,0.158740408922779),
 .UNSPECIFIED.);
#113=B_SPLINE_CURVE_WITH_KNOTS('',3,(#12334,#12335,#12336,#12337,#12338),
 .UNSPECIFIED.,.F.,.F.,(4,1,4),(0.,0.0620808351616961,0.126025168449438),
 .UNSPECIFIED.);
#114=B_SPLINE_CURVE_WITH_KNOTS('',3,(#12341,#12342,#12343,#12344,#12345),
 .UNSPECIFIED.,.F.,.F.,(4,1,4),(0.,0.0620808351616961,0.126025168449438),
 .UNSPECIFIED.);
#115=B_SPLINE_CURVE_WITH_KNOTS('',3,(#12375,#12376,#12377,#12378,#12379),
 .UNSPECIFIED.,.F.,.F.,(4,1,4),(0.,0.0224014205257347,0.0448757802500463),
 .UNSPECIFIED.);
#116=B_SPLINE_CURVE_WITH_KNOTS('',3,(#12382,#12383,#12384,#12385,#12386),
 .UNSPECIFIED.,.F.,.F.,(4,1,4),(0.,0.0224014205257347,0.0448757802500463),
 .UNSPECIFIED.);
#117=B_SPLINE_CURVE_WITH_KNOTS('',3,(#12398,#12399,#12400,#12401,#12402),
 .UNSPECIFIED.,.F.,.F.,(4,1,4),(0.,0.0258229321322311,0.0489842562337254),
 .UNSPECIFIED.);
#118=B_SPLINE_CURVE_WITH_KNOTS('',3,(#12405,#12406,#12407,#12408,#12409),
 .UNSPECIFIED.,.F.,.F.,(4,1,4),(0.,0.0258229321322311,0.0489842562337254),
 .UNSPECIFIED.);
#119=B_SPLINE_CURVE_WITH_KNOTS('',3,(#12421,#12422,#12423,#12424,#12425),
 .UNSPECIFIED.,.F.,.F.,(4,1,4),(0.,0.0657313256771343,0.139189142579229),
 .UNSPECIFIED.);
#120=B_SPLINE_CURVE_WITH_KNOTS('',3,(#12428,#12429,#12430,#12431,#12432),
 .UNSPECIFIED.,.F.,.F.,(4,1,4),(0.,0.0657313256771343,0.139189142579229),
 .UNSPECIFIED.);
#121=B_SPLINE_CURVE_WITH_KNOTS('',3,(#12444,#12445,#12446,#12447,#12448),
 .UNSPECIFIED.,.F.,.F.,(4,1,4),(0.,0.0778736571131922,0.145540631535573),
 .UNSPECIFIED.);
#122=B_SPLINE_CURVE_WITH_KNOTS('',3,(#12451,#12452,#12453,#12454,#12455),
 .UNSPECIFIED.,.F.,.F.,(4,1,4),(0.,0.0778736571131922,0.145540631535573),
 .UNSPECIFIED.);
#123=B_SPLINE_CURVE_WITH_KNOTS('',3,(#12514,#12515,#12516,#12517,#12518),
 .UNSPECIFIED.,.F.,.F.,(4,1,4),(0.,0.0377268383349402,0.0730314444358132),
 .UNSPECIFIED.);
#124=B_SPLINE_CURVE_WITH_KNOTS('',3,(#12522,#12523,#12524,#12525,#12526),
 .UNSPECIFIED.,.F.,.F.,(4,1,4),(0.,0.0377268383349402,0.0730314444358132),
 .UNSPECIFIED.);
#125=B_SPLINE_CURVE_WITH_KNOTS('',3,(#12545,#12546,#12547,#12548,#12549),
 .UNSPECIFIED.,.F.,.F.,(4,1,4),(0.,0.041116298081397,0.0828262378900507),
 .UNSPECIFIED.);
#126=B_SPLINE_CURVE_WITH_KNOTS('',3,(#12552,#12553,#12554,#12555,#12556),
 .UNSPECIFIED.,.F.,.F.,(4,1,4),(0.,0.041116298081397,0.0828262378900507),
 .UNSPECIFIED.);
#127=B_SPLINE_CURVE_WITH_KNOTS('',3,(#12568,#12569,#12570,#12571,#12572),
 .UNSPECIFIED.,.F.,.F.,(4,1,4),(0.,0.0416506843009869,0.081855946346235),
 .UNSPECIFIED.);
#128=B_SPLINE_CURVE_WITH_KNOTS('',3,(#12575,#12576,#12577,#12578,#12579),
 .UNSPECIFIED.,.F.,.F.,(4,1,4),(0.,0.0416506843009869,0.081855946346235),
 .UNSPECIFIED.);
#129=B_SPLINE_CURVE_WITH_KNOTS('',3,(#12591,#12592,#12593,#12594,#12595),
 .UNSPECIFIED.,.F.,.F.,(4,1,4),(0.,0.056163952438003,0.111350735353646),
 .UNSPECIFIED.);
#130=B_SPLINE_CURVE_WITH_KNOTS('',3,(#12598,#12599,#12600,#12601,#12602),
 .UNSPECIFIED.,.F.,.F.,(4,1,4),(0.,0.056163952438003,0.111350735353646),
 .UNSPECIFIED.);
#131=B_SPLINE_CURVE_WITH_KNOTS('',3,(#12614,#12615,#12616,#12617,#12618),
 .UNSPECIFIED.,.F.,.F.,(4,1,4),(0.,0.101351781165736,0.174517263779059),
 .UNSPECIFIED.);
#132=B_SPLINE_CURVE_WITH_KNOTS('',3,(#12621,#12622,#12623,#12624,#12625),
 .UNSPECIFIED.,.F.,.F.,(4,1,4),(0.,0.101351781165736,0.174517263779059),
 .UNSPECIFIED.);
#133=B_SPLINE_CURVE_WITH_KNOTS('',3,(#12637,#12638,#12639,#12640,#12641),
 .UNSPECIFIED.,.F.,.F.,(4,1,4),(0.,0.0742245554678476,0.173774544215409),
 .UNSPECIFIED.);
#134=B_SPLINE_CURVE_WITH_KNOTS('',3,(#12644,#12645,#12646,#12647,#12648),
 .UNSPECIFIED.,.F.,.F.,(4,1,4),(0.,0.0742245554678476,0.173774544215409),
 .UNSPECIFIED.);
#135=B_SPLINE_CURVE_WITH_KNOTS('',3,(#12660,#12661,#12662,#12663,#12664),
 .UNSPECIFIED.,.F.,.F.,(4,1,4),(0.,0.0598324651168396,0.119715392921644),
 .UNSPECIFIED.);
#136=B_SPLINE_CURVE_WITH_KNOTS('',3,(#12667,#12668,#12669,#12670,#12671),
 .UNSPECIFIED.,.F.,.F.,(4,1,4),(0.,0.0598324651168396,0.119715392921644),
 .UNSPECIFIED.);
#137=B_SPLINE_CURVE_WITH_KNOTS('',3,(#12682,#12683,#12684,#12685,#12686),
 .UNSPECIFIED.,.F.,.F.,(4,1,4),(0.,0.0346159760506446,0.0702624789070387),
 .UNSPECIFIED.);
#138=B_SPLINE_CURVE_WITH_KNOTS('',3,(#12687,#12688,#12689,#12690,#12691),
 .UNSPECIFIED.,.F.,.F.,(4,1,4),(0.,0.0346159760506446,0.0702624789070387),
 .UNSPECIFIED.);
#139=B_SPLINE_CURVE_WITH_KNOTS('',3,(#12704,#12705,#12706,#12707,#12708),
 .UNSPECIFIED.,.F.,.F.,(4,1,4),(0.,0.0874011191566191,0.172131632935296),
 .UNSPECIFIED.);
#140=B_SPLINE_CURVE_WITH_KNOTS('',3,(#12712,#12713,#12714,#12715,#12716),
 .UNSPECIFIED.,.F.,.F.,(4,1,4),(0.,0.0874011191566191,0.172131632935296),
 .UNSPECIFIED.);
#141=B_SPLINE_CURVE_WITH_KNOTS('',3,(#12729,#12730,#12731,#12732,#12733),
 .UNSPECIFIED.,.F.,.F.,(4,1,4),(0.,0.0671622025626183,0.138366482396937),
 .UNSPECIFIED.);
#142=B_SPLINE_CURVE_WITH_KNOTS('',3,(#12736,#12737,#12738,#12739,#12740),
 .UNSPECIFIED.,.F.,.F.,(4,1,4),(0.,0.0671622025626183,0.138366482396937),
 .UNSPECIFIED.);
#143=B_SPLINE_CURVE_WITH_KNOTS('',3,(#12752,#12753,#12754,#12755,#12756),
 .UNSPECIFIED.,.F.,.F.,(4,1,4),(0.,0.0741186806630704,0.142894269568719),
 .UNSPECIFIED.);
#144=B_SPLINE_CURVE_WITH_KNOTS('',3,(#12759,#12760,#12761,#12762,#12763),
 .UNSPECIFIED.,.F.,.F.,(4,1,4),(0.,0.0741186806630704,0.142894269568719),
 .UNSPECIFIED.);
#145=B_SPLINE_CURVE_WITH_KNOTS('',3,(#12775,#12776,#12777,#12778,#12779),
 .UNSPECIFIED.,.F.,.F.,(4,1,4),(0.,0.0884133586453072,0.169079173255741),
 .UNSPECIFIED.);
#146=B_SPLINE_CURVE_WITH_KNOTS('',3,(#12782,#12783,#12784,#12785,#12786),
 .UNSPECIFIED.,.F.,.F.,(4,1,4),(0.,0.0884133586453072,0.169079173255741),
 .UNSPECIFIED.);
#147=B_SPLINE_CURVE_WITH_KNOTS('',3,(#12798,#12799,#12800,#12801,#12802),
 .UNSPECIFIED.,.F.,.F.,(4,1,4),(0.,0.0806039319138598,0.171108651885491),
 .UNSPECIFIED.);
#148=B_SPLINE_CURVE_WITH_KNOTS('',3,(#12805,#12806,#12807,#12808,#12809),
 .UNSPECIFIED.,.F.,.F.,(4,1,4),(0.,0.0806039319138598,0.171108651885491),
 .UNSPECIFIED.);
#149=B_SPLINE_CURVE_WITH_KNOTS('',3,(#12821,#12822,#12823,#12824,#12825),
 .UNSPECIFIED.,.F.,.F.,(4,1,4),(0.,0.0655618967591401,0.137250609911261),
 .UNSPECIFIED.);
#150=B_SPLINE_CURVE_WITH_KNOTS('',3,(#12828,#12829,#12830,#12831,#12832),
 .UNSPECIFIED.,.F.,.F.,(4,1,4),(0.,0.0655618967591401,0.137250609911261),
 .UNSPECIFIED.);
#151=B_SPLINE_CURVE_WITH_KNOTS('',3,(#12844,#12845,#12846,#12847,#12848),
 .UNSPECIFIED.,.F.,.F.,(4,1,4),(0.,0.0725763845106719,0.137849078895304),
 .UNSPECIFIED.);
#152=B_SPLINE_CURVE_WITH_KNOTS('',3,(#12851,#12852,#12853,#12854,#12855),
 .UNSPECIFIED.,.F.,.F.,(4,1,4),(0.,0.0725763845106719,0.137849078895304),
 .UNSPECIFIED.);
#153=B_SPLINE_CURVE_WITH_KNOTS('',3,(#12867,#12868,#12869,#12870,#12871),
 .UNSPECIFIED.,.F.,.F.,(4,1,4),(0.,0.0494146247196749,0.101061440909907),
 .UNSPECIFIED.);
#154=B_SPLINE_CURVE_WITH_KNOTS('',3,(#12874,#12875,#12876,#12877,#12878),
 .UNSPECIFIED.,.F.,.F.,(4,1,4),(0.,0.0494146247196749,0.101061440909907),
 .UNSPECIFIED.);
#155=B_SPLINE_CURVE_WITH_KNOTS('',3,(#12890,#12891,#12892,#12893,#12894),
 .UNSPECIFIED.,.F.,.F.,(4,1,4),(0.,0.0516324726916417,0.101215701106679),
 .UNSPECIFIED.);
#156=B_SPLINE_CURVE_WITH_KNOTS('',3,(#12897,#12898,#12899,#12900,#12901),
 .UNSPECIFIED.,.F.,.F.,(4,1,4),(0.,0.0516324726916417,0.101215701106679),
 .UNSPECIFIED.);
#157=B_SPLINE_CURVE_WITH_KNOTS('',3,(#12942,#12943,#12944,#12945,#12946),
 .UNSPECIFIED.,.F.,.F.,(4,1,4),(0.,0.0985004947149857,0.171576638896209),
 .UNSPECIFIED.);
#158=B_SPLINE_CURVE_WITH_KNOTS('',3,(#12950,#12951,#12952,#12953,#12954),
 .UNSPECIFIED.,.F.,.F.,(4,1,4),(0.,0.0985004947149857,0.171576638896209),
 .UNSPECIFIED.);
#159=B_SPLINE_CURVE_WITH_KNOTS('',3,(#12967,#12968,#12969,#12970,#12971),
 .UNSPECIFIED.,.F.,.F.,(4,1,4),(0.,0.0740433300127788,0.174000310870161),
 .UNSPECIFIED.);
#160=B_SPLINE_CURVE_WITH_KNOTS('',3,(#12974,#12975,#12976,#12977,#12978),
 .UNSPECIFIED.,.F.,.F.,(4,1,4),(0.,0.0740433300127788,0.174000310870161),
 .UNSPECIFIED.);
#161=B_SPLINE_CURVE_WITH_KNOTS('',3,(#12990,#12991,#12992,#12993,#12994),
 .UNSPECIFIED.,.F.,.F.,(4,1,4),(0.,0.0627682702784014,0.122249551689081),
 .UNSPECIFIED.);
#162=B_SPLINE_CURVE_WITH_KNOTS('',3,(#12997,#12998,#12999,#13000,#13001),
 .UNSPECIFIED.,.F.,.F.,(4,1,4),(0.,0.0627682702784014,0.122249551689081),
 .UNSPECIFIED.);
#163=B_SPLINE_CURVE_WITH_KNOTS('',3,(#13013,#13014,#13015,#13016,#13017),
 .UNSPECIFIED.,.F.,.F.,(4,1,4),(0.,0.0595071448253168,0.122386102319956),
 .UNSPECIFIED.);
#164=B_SPLINE_CURVE_WITH_KNOTS('',3,(#13020,#13021,#13022,#13023,#13024),
 .UNSPECIFIED.,.F.,.F.,(4,1,4),(0.,0.0595071448253168,0.122386102319956),
 .UNSPECIFIED.);
#165=B_SPLINE_CURVE_WITH_KNOTS('',3,(#13036,#13037,#13038,#13039,#13040),
 .UNSPECIFIED.,.F.,.F.,(4,1,4),(0.,0.0995111640410098,0.173264235203783),
 .UNSPECIFIED.);
#166=B_SPLINE_CURVE_WITH_KNOTS('',3,(#13043,#13044,#13045,#13046,#13047),
 .UNSPECIFIED.,.F.,.F.,(4,1,4),(0.,0.0995111640410098,0.173264235203783),
 .UNSPECIFIED.);
#167=B_SPLINE_CURVE_WITH_KNOTS('',3,(#13059,#13060,#13061,#13062,#13063),
 .UNSPECIFIED.,.F.,.F.,(4,1,4),(0.,0.073502484854732,0.172881917223708),
 .UNSPECIFIED.);
#168=B_SPLINE_CURVE_WITH_KNOTS('',3,(#13066,#13067,#13068,#13069,#13070),
 .UNSPECIFIED.,.F.,.F.,(4,1,4),(0.,0.073502484854732,0.172881917223708),
 .UNSPECIFIED.);
#169=B_SPLINE_CURVE_WITH_KNOTS('',3,(#13082,#13083,#13084,#13085,#13086),
 .UNSPECIFIED.,.F.,.F.,(4,1,4),(0.,0.0629098550688803,0.122710024221527),
 .UNSPECIFIED.);
#170=B_SPLINE_CURVE_WITH_KNOTS('',3,(#13089,#13090,#13091,#13092,#13093),
 .UNSPECIFIED.,.F.,.F.,(4,1,4),(0.,0.0629098550688803,0.122710024221527),
 .UNSPECIFIED.);
#171=B_SPLINE_CURVE_WITH_KNOTS('',3,(#13104,#13105,#13106,#13107,#13108),
 .UNSPECIFIED.,.F.,.F.,(4,1,4),(0.,0.0594805009455317,0.122248771223933),
 .UNSPECIFIED.);
#172=B_SPLINE_CURVE_WITH_KNOTS('',3,(#13109,#13110,#13111,#13112,#13113),
 .UNSPECIFIED.,.F.,.F.,(4,1,4),(0.,0.0594805009455317,0.122248771223933),
 .UNSPECIFIED.);
#173=B_SPLINE_CURVE_WITH_KNOTS('',3,(#13126,#13127,#13128,#13129,#13130),
 .UNSPECIFIED.,.F.,.F.,(4,1,4),(0.,0.0761839628400766,0.149372559508999),
 .UNSPECIFIED.);
#174=B_SPLINE_CURVE_WITH_KNOTS('',3,(#13134,#13135,#13136,#13137,#13138),
 .UNSPECIFIED.,.F.,.F.,(4,1,4),(0.,0.0761839628400766,0.149372559508999),
 .UNSPECIFIED.);
#175=B_SPLINE_CURVE_WITH_KNOTS('',3,(#13151,#13152,#13153,#13154,#13155),
 .UNSPECIFIED.,.F.,.F.,(4,1,4),(0.,0.0897749118182943,0.171468879748406),
 .UNSPECIFIED.);
#176=B_SPLINE_CURVE_WITH_KNOTS('',3,(#13158,#13159,#13160,#13161,#13162),
 .UNSPECIFIED.,.F.,.F.,(4,1,4),(0.,0.0897749118182943,0.171468879748406),
 .UNSPECIFIED.);
#177=B_SPLINE_CURVE_WITH_KNOTS('',3,(#13174,#13175,#13176,#13177,#13178),
 .UNSPECIFIED.,.F.,.F.,(4,1,4),(0.,0.115451176099259,0.249683684744699),
 .UNSPECIFIED.);
#178=B_SPLINE_CURVE_WITH_KNOTS('',3,(#13181,#13182,#13183,#13184,#13185),
 .UNSPECIFIED.,.F.,.F.,(4,1,4),(0.,0.115451176099259,0.249683684744699),
 .UNSPECIFIED.);
#179=B_SPLINE_CURVE_WITH_KNOTS('',3,(#13197,#13198,#13199,#13200,#13201),
 .UNSPECIFIED.,.F.,.F.,(4,1,4),(0.,0.120216687415644,0.228651635313697),
 .UNSPECIFIED.);
#180=B_SPLINE_CURVE_WITH_KNOTS('',3,(#13204,#13205,#13206,#13207,#13208),
 .UNSPECIFIED.,.F.,.F.,(4,1,4),(0.,0.120216687415644,0.228651635313697),
 .UNSPECIFIED.);
#181=B_SPLINE_CURVE_WITH_KNOTS('',3,(#13220,#13221,#13222,#13223,#13224),
 .UNSPECIFIED.,.F.,.F.,(4,1,4),(0.,0.0745617342487818,0.157054474400589),
 .UNSPECIFIED.);
#182=B_SPLINE_CURVE_WITH_KNOTS('',3,(#13227,#13228,#13229,#13230,#13231),
 .UNSPECIFIED.,.F.,.F.,(4,1,4),(0.,0.0745617342487818,0.157054474400589),
 .UNSPECIFIED.);
#183=B_SPLINE_CURVE_WITH_KNOTS('',3,(#13243,#13244,#13245,#13246,#13247),
 .UNSPECIFIED.,.F.,.F.,(4,1,4),(0.,0.0755866768683259,0.148570610333113),
 .UNSPECIFIED.);
#184=B_SPLINE_CURVE_WITH_KNOTS('',3,(#13250,#13251,#13252,#13253,#13254),
 .UNSPECIFIED.,.F.,.F.,(4,1,4),(0.,0.0755866768683259,0.148570610333113),
 .UNSPECIFIED.);
#185=B_SPLINE_CURVE_WITH_KNOTS('',3,(#13266,#13267,#13268,#13269,#13270),
 .UNSPECIFIED.,.F.,.F.,(4,1,4),(0.,0.0915201350132191,0.173895972538844),
 .UNSPECIFIED.);
#186=B_SPLINE_CURVE_WITH_KNOTS('',3,(#13273,#13274,#13275,#13276,#13277),
 .UNSPECIFIED.,.F.,.F.,(4,1,4),(0.,0.0915201350132191,0.173895972538844),
 .UNSPECIFIED.);
#187=B_SPLINE_CURVE_WITH_KNOTS('',3,(#13289,#13290,#13291,#13292,#13293),
 .UNSPECIFIED.,.F.,.F.,(4,1,4),(0.,0.115122150162364,0.247755178409084),
 .UNSPECIFIED.);
#188=B_SPLINE_CURVE_WITH_KNOTS('',3,(#13296,#13297,#13298,#13299,#13300),
 .UNSPECIFIED.,.F.,.F.,(4,1,4),(0.,0.115122150162364,0.247755178409084),
 .UNSPECIFIED.);
#189=B_SPLINE_CURVE_WITH_KNOTS('',3,(#13312,#13313,#13314,#13315,#13316),
 .UNSPECIFIED.,.F.,.F.,(4,1,4),(0.,0.120554191179972,0.229279609431602),
 .UNSPECIFIED.);
#190=B_SPLINE_CURVE_WITH_KNOTS('',3,(#13319,#13320,#13321,#13322,#13323),
 .UNSPECIFIED.,.F.,.F.,(4,1,4),(0.,0.120554191179972,0.229279609431602),
 .UNSPECIFIED.);
#191=B_SPLINE_CURVE_WITH_KNOTS('',3,(#13334,#13335,#13336,#13337,#13338),
 .UNSPECIFIED.,.F.,.F.,(4,1,4),(0.,0.0753122663056945,0.157984482020873),
 .UNSPECIFIED.);
#192=B_SPLINE_CURVE_WITH_KNOTS('',3,(#13339,#13340,#13341,#13342,#13343),
 .UNSPECIFIED.,.F.,.F.,(4,1,4),(0.,0.0753122663056945,0.157984482020873),
 .UNSPECIFIED.);
#193=B_SPLINE_CURVE_WITH_KNOTS('',3,(#13424,#13425,#13426,#13427,#13428),
 .UNSPECIFIED.,.F.,.F.,(4,1,4),(0.,0.0287815207533683,0.0562735372180642),
 .UNSPECIFIED.);
#194=B_SPLINE_CURVE_WITH_KNOTS('',3,(#13432,#13433,#13434,#13435,#13436),
 .UNSPECIFIED.,.F.,.F.,(4,1,4),(0.,0.0287815207533683,0.0562735372180642),
 .UNSPECIFIED.);
#195=B_SPLINE_CURVE_WITH_KNOTS('',3,(#13449,#13450,#13451,#13452,#13453),
 .UNSPECIFIED.,.F.,.F.,(4,1,4),(0.,0.0322380208282126,0.0621395662215124),
 .UNSPECIFIED.);
#196=B_SPLINE_CURVE_WITH_KNOTS('',3,(#13456,#13457,#13458,#13459,#13460),
 .UNSPECIFIED.,.F.,.F.,(4,1,4),(0.,0.0322380208282126,0.0621395662215124),
 .UNSPECIFIED.);
#197=B_SPLINE_CURVE_WITH_KNOTS('',3,(#13472,#13473,#13474,#13475,#13476),
 .UNSPECIFIED.,.F.,.F.,(4,1,4),(0.,0.0372906156186224,0.0860596151473794),
 .UNSPECIFIED.);
#198=B_SPLINE_CURVE_WITH_KNOTS('',3,(#13479,#13480,#13481,#13482,#13483),
 .UNSPECIFIED.,.F.,.F.,(4,1,4),(0.,0.0372906156186224,0.0860596151473794),
 .UNSPECIFIED.);
#199=B_SPLINE_CURVE_WITH_KNOTS('',3,(#13495,#13496,#13497,#13498,#13499),
 .UNSPECIFIED.,.F.,.F.,(4,1,4),(0.,0.0434716181825381,0.0790888472133789),
 .UNSPECIFIED.);
#200=B_SPLINE_CURVE_WITH_KNOTS('',3,(#13502,#13503,#13504,#13505,#13506),
 .UNSPECIFIED.,.F.,.F.,(4,1,4),(0.,0.0434716181825381,0.0790888472133789),
 .UNSPECIFIED.);
#201=B_SPLINE_CURVE_WITH_KNOTS('',3,(#13584,#13585,#13586,#13587,#13588),
 .UNSPECIFIED.,.F.,.F.,(4,1,4),(0.,0.0764638248727506,0.159354463395844),
 .UNSPECIFIED.);
#202=B_SPLINE_CURVE_WITH_KNOTS('',3,(#13591,#13592,#13593,#13594,#13595),
 .UNSPECIFIED.,.F.,.F.,(4,1,4),(0.,0.0764638248727506,0.159354463395844),
 .UNSPECIFIED.);
#203=B_SPLINE_CURVE_WITH_KNOTS('',3,(#13607,#13608,#13609,#13610,#13611),
 .UNSPECIFIED.,.F.,.F.,(4,1,4),(0.,0.0949169437915955,0.174825512109607),
 .UNSPECIFIED.);
#204=B_SPLINE_CURVE_WITH_KNOTS('',3,(#13614,#13615,#13616,#13617,#13618),
 .UNSPECIFIED.,.F.,.F.,(4,1,4),(0.,0.0949169437915955,0.174825512109607),
 .UNSPECIFIED.);
#205=B_SPLINE_CURVE_WITH_KNOTS('',3,(#13630,#13631,#13632,#13633,#13634),
 .UNSPECIFIED.,.F.,.F.,(4,1,4),(0.,0.0490019872591958,0.0991131652880654),
 .UNSPECIFIED.);
#206=B_SPLINE_CURVE_WITH_KNOTS('',3,(#13637,#13638,#13639,#13640,#13641),
 .UNSPECIFIED.,.F.,.F.,(4,1,4),(0.,0.0490019872591958,0.0991131652880654),
 .UNSPECIFIED.);
#207=B_SPLINE_CURVE_WITH_KNOTS('',3,(#13653,#13654,#13655,#13656,#13657),
 .UNSPECIFIED.,.F.,.F.,(4,1,4),(0.,0.0417482407572902,0.0879976509521248),
 .UNSPECIFIED.);
#208=B_SPLINE_CURVE_WITH_KNOTS('',3,(#13660,#13661,#13662,#13663,#13664),
 .UNSPECIFIED.,.F.,.F.,(4,1,4),(0.,0.0417482407572902,0.0879976509521248),
 .UNSPECIFIED.);
#209=B_SPLINE_CURVE_WITH_KNOTS('',3,(#13681,#13682,#13683,#13684,#13685),
 .UNSPECIFIED.,.F.,.F.,(4,1,4),(0.,0.0324330075939629,0.0640288931110159),
 .UNSPECIFIED.);
#210=B_SPLINE_CURVE_WITH_KNOTS('',3,(#13689,#13690,#13691,#13692,#13693),
 .UNSPECIFIED.,.F.,.F.,(4,1,4),(0.,0.0324330075939629,0.0640288931110159),
 .UNSPECIFIED.);
#211=B_SPLINE_CURVE_WITH_KNOTS('',3,(#13706,#13707,#13708,#13709,#13710),
 .UNSPECIFIED.,.F.,.F.,(4,1,4),(0.,0.0319557812705654,0.06453124613747),
 .UNSPECIFIED.);
#212=B_SPLINE_CURVE_WITH_KNOTS('',3,(#13713,#13714,#13715,#13716,#13717),
 .UNSPECIFIED.,.F.,.F.,(4,1,4),(0.,0.0319557812705654,0.06453124613747),
 .UNSPECIFIED.);
#213=B_SPLINE_CURVE_WITH_KNOTS('',3,(#13729,#13730,#13731,#13732,#13733),
 .UNSPECIFIED.,.F.,.F.,(4,1,4),(0.,0.0342869798910896,0.0667255907339593),
 .UNSPECIFIED.);
#214=B_SPLINE_CURVE_WITH_KNOTS('',3,(#13736,#13737,#13738,#13739,#13740),
 .UNSPECIFIED.,.F.,.F.,(4,1,4),(0.,0.0342869798910896,0.0667255907339593),
 .UNSPECIFIED.);
#215=B_SPLINE_CURVE_WITH_KNOTS('',3,(#13752,#13753,#13754,#13755,#13756),
 .UNSPECIFIED.,.F.,.F.,(4,1,4),(0.,0.0323176004085776,0.0673181612747198),
 .UNSPECIFIED.);
#216=B_SPLINE_CURVE_WITH_KNOTS('',3,(#13759,#13760,#13761,#13762,#13763),
 .UNSPECIFIED.,.F.,.F.,(4,1,4),(0.,0.0323176004085776,0.0673181612747198),
 .UNSPECIFIED.);
#217=B_SPLINE_CURVE_WITH_KNOTS('',3,(#13775,#13776,#13777,#13778,#13779),
 .UNSPECIFIED.,.F.,.F.,(4,1,4),(0.,0.0325755518468843,0.0645313331174497),
 .UNSPECIFIED.);
#218=B_SPLINE_CURVE_WITH_KNOTS('',3,(#13782,#13783,#13784,#13785,#13786),
 .UNSPECIFIED.,.F.,.F.,(4,1,4),(0.,0.0325755518468843,0.0645313331174497),
 .UNSPECIFIED.);
#219=B_SPLINE_CURVE_WITH_KNOTS('',3,(#13798,#13799,#13800,#13801,#13802),
 .UNSPECIFIED.,.F.,.F.,(4,1,4),(0.,0.0315958363047918,0.0640289898564518),
 .UNSPECIFIED.);
#220=B_SPLINE_CURVE_WITH_KNOTS('',3,(#13805,#13806,#13807,#13808,#13809),
 .UNSPECIFIED.,.F.,.F.,(4,1,4),(0.,0.0315958363047918,0.0640289898564518),
 .UNSPECIFIED.);
#221=B_SPLINE_CURVE_WITH_KNOTS('',3,(#13821,#13822,#13823,#13824,#13825),
 .UNSPECIFIED.,.F.,.F.,(4,1,4),(0.,0.0349762531149886,0.0670560627068933),
 .UNSPECIFIED.);
#222=B_SPLINE_CURVE_WITH_KNOTS('',3,(#13828,#13829,#13830,#13831,#13832),
 .UNSPECIFIED.,.F.,.F.,(4,1,4),(0.,0.0349762531149886,0.0670560627068933),
 .UNSPECIFIED.);
#223=B_SPLINE_CURVE_WITH_KNOTS('',3,(#13843,#13844,#13845,#13846,#13847),
 .UNSPECIFIED.,.F.,.F.,(4,1,4),(0.,0.0322012801252157,0.0664639260564926),
 .UNSPECIFIED.);
#224=B_SPLINE_CURVE_WITH_KNOTS('',3,(#13848,#13849,#13850,#13851,#13852),
 .UNSPECIFIED.,.F.,.F.,(4,1,4),(0.,0.0322012801252157,0.0664639260564926),
 .UNSPECIFIED.);
#225=B_SPLINE_CURVE_WITH_KNOTS('',3,(#13866,#13867,#13868,#13869,#13870),
 .UNSPECIFIED.,.F.,.F.,(4,1,4),(0.,0.0465396813300363,0.0950867419278656),
 .UNSPECIFIED.);
#226=B_SPLINE_CURVE_WITH_KNOTS('',3,(#13874,#13875,#13876,#13877,#13878),
 .UNSPECIFIED.,.F.,.F.,(4,1,4),(0.,0.0465396813300363,0.0950867419278656),
 .UNSPECIFIED.);
#227=B_SPLINE_CURVE_WITH_KNOTS('',3,(#13891,#13892,#13893,#13894,#13895),
 .UNSPECIFIED.,.F.,.F.,(4,1,4),(0.,0.0789254737562911,0.136226609416642),
 .UNSPECIFIED.);
#228=B_SPLINE_CURVE_WITH_KNOTS('',3,(#13898,#13899,#13900,#13901,#13902),
 .UNSPECIFIED.,.F.,.F.,(4,1,4),(0.,0.0789254737562911,0.136226609416642),
 .UNSPECIFIED.);
#229=B_SPLINE_CURVE_WITH_KNOTS('',3,(#13926,#13927,#13928,#13929,#13930),
 .UNSPECIFIED.,.F.,.F.,(4,1,4),(0.,0.0422914358774902,0.0851827935187206),
 .UNSPECIFIED.);
#230=B_SPLINE_CURVE_WITH_KNOTS('',3,(#13933,#13934,#13935,#13936,#13937),
 .UNSPECIFIED.,.F.,.F.,(4,1,4),(0.,0.0422914358774902,0.0851827935187206),
 .UNSPECIFIED.);
#231=B_SPLINE_CURVE_WITH_KNOTS('',3,(#13949,#13950,#13951,#13952,#13953),
 .UNSPECIFIED.,.F.,.F.,(4,1,4),(0.,0.0393328299263843,0.0805373781636207),
 .UNSPECIFIED.);
#232=B_SPLINE_CURVE_WITH_KNOTS('',3,(#13956,#13957,#13958,#13959,#13960),
 .UNSPECIFIED.,.F.,.F.,(4,1,4),(0.,0.0393328299263843,0.0805373781636207),
 .UNSPECIFIED.);
#233=B_SPLINE_CURVE_WITH_KNOTS('',3,(#13971,#13972,#13973,#13974,#13975),
 .UNSPECIFIED.,.F.,.F.,(4,1,4),(0.,0.0796127259464433,0.161791776003154),
 .UNSPECIFIED.);
#234=B_SPLINE_CURVE_WITH_KNOTS('',3,(#13976,#13977,#13978,#13979,#13980),
 .UNSPECIFIED.,.F.,.F.,(4,1,4),(0.,0.0796127259464433,0.161791776003154),
 .UNSPECIFIED.);
#235=B_SPLINE_CURVE_WITH_KNOTS('',3,(#13993,#13994,#13995,#13996,#13997),
 .UNSPECIFIED.,.F.,.F.,(4,1,4),(0.,0.079370845093339,0.166506967445681),
 .UNSPECIFIED.);
#236=B_SPLINE_CURVE_WITH_KNOTS('',3,(#14001,#14002,#14003,#14004,#14005),
 .UNSPECIFIED.,.F.,.F.,(4,1,4),(0.,0.079370845093339,0.166506967445681),
 .UNSPECIFIED.);
#237=B_SPLINE_CURVE_WITH_KNOTS('',3,(#14018,#14019,#14020,#14021,#14022),
 .UNSPECIFIED.,.F.,.F.,(4,1,4),(0.,0.108108198974558,0.194349182854001),
 .UNSPECIFIED.);
#238=B_SPLINE_CURVE_WITH_KNOTS('',3,(#14025,#14026,#14027,#14028,#14029),
 .UNSPECIFIED.,.F.,.F.,(4,1,4),(0.,0.108108198974558,0.194349182854001),
 .UNSPECIFIED.);
#239=B_SPLINE_CURVE_WITH_KNOTS('',3,(#14041,#14042,#14043,#14044,#14045),
 .UNSPECIFIED.,.F.,.F.,(4,1,4),(0.,0.0536175758301105,0.102672474537487),
 .UNSPECIFIED.);
#240=B_SPLINE_CURVE_WITH_KNOTS('',3,(#14048,#14049,#14050,#14051,#14052),
 .UNSPECIFIED.,.F.,.F.,(4,1,4),(0.,0.0536175758301105,0.102672474537487),
 .UNSPECIFIED.);
#241=B_SPLINE_CURVE_WITH_KNOTS('',3,(#14064,#14065,#14066,#14067,#14068),
 .UNSPECIFIED.,.F.,.F.,(4,1,4),(0.,0.0597637661065678,0.116858585172246),
 .UNSPECIFIED.);
#242=B_SPLINE_CURVE_WITH_KNOTS('',3,(#14071,#14072,#14073,#14074,#14075),
 .UNSPECIFIED.,.F.,.F.,(4,1,4),(0.,0.0597637661065678,0.116858585172246),
 .UNSPECIFIED.);
#243=B_SPLINE_CURVE_WITH_KNOTS('',3,(#14093,#14094,#14095,#14096,#14097),
 .UNSPECIFIED.,.F.,.F.,(4,1,4),(0.,0.04497386086592,0.0930186401190489),
 .UNSPECIFIED.);
#244=B_SPLINE_CURVE_WITH_KNOTS('',3,(#14100,#14101,#14102,#14103,#14104),
 .UNSPECIFIED.,.F.,.F.,(4,1,4),(0.,0.04497386086592,0.0930186401190489),
 .UNSPECIFIED.);
#245=B_SPLINE_CURVE_WITH_KNOTS('',3,(#14116,#14117,#14118,#14119,#14120),
 .UNSPECIFIED.,.F.,.F.,(4,1,4),(0.,0.0333949936055407,0.0735688659610393),
 .UNSPECIFIED.);
#246=B_SPLINE_CURVE_WITH_KNOTS('',3,(#14123,#14124,#14125,#14126,#14127),
 .UNSPECIFIED.,.F.,.F.,(4,1,4),(0.,0.0333949936055407,0.0735688659610393),
 .UNSPECIFIED.);
#247=B_SPLINE_CURVE_WITH_KNOTS('',3,(#14139,#14140,#14141,#14142,#14143),
 .UNSPECIFIED.,.F.,.F.,(4,1,4),(0.,0.0472816596332758,0.104898158544371),
 .UNSPECIFIED.);
#248=B_SPLINE_CURVE_WITH_KNOTS('',3,(#14146,#14147,#14148,#14149,#14150),
 .UNSPECIFIED.,.F.,.F.,(4,1,4),(0.,0.0472816596332758,0.104898158544371),
 .UNSPECIFIED.);
#249=B_SPLINE_CURVE_WITH_KNOTS('',3,(#14162,#14163,#14164,#14165,#14166),
 .UNSPECIFIED.,.F.,.F.,(4,1,4),(0.,0.0519426039910579,0.0953775387781534),
 .UNSPECIFIED.);
#250=B_SPLINE_CURVE_WITH_KNOTS('',3,(#14169,#14170,#14171,#14172,#14173),
 .UNSPECIFIED.,.F.,.F.,(4,1,4),(0.,0.0519426039910579,0.0953775387781534),
 .UNSPECIFIED.);
#251=B_SPLINE_CURVE_WITH_KNOTS('',3,(#14197,#14198,#14199,#14200,#14201),
 .UNSPECIFIED.,.F.,.F.,(4,1,4),(0.,0.0996026759395141,0.224344263750417),
 .UNSPECIFIED.);
#252=B_SPLINE_CURVE_WITH_KNOTS('',3,(#14204,#14205,#14206,#14207,#14208),
 .UNSPECIFIED.,.F.,.F.,(4,1,4),(0.,0.0996026759395141,0.224344263750417),
 .UNSPECIFIED.);
#253=B_SPLINE_CURVE_WITH_KNOTS('',3,(#14220,#14221,#14222,#14223,#14224),
 .UNSPECIFIED.,.F.,.F.,(4,1,4),(0.,0.0876998931121708,0.172587040535622),
 .UNSPECIFIED.);
#254=B_SPLINE_CURVE_WITH_KNOTS('',3,(#14227,#14228,#14229,#14230,#14231),
 .UNSPECIFIED.,.F.,.F.,(4,1,4),(0.,0.0876998931121708,0.172587040535622),
 .UNSPECIFIED.);
#255=B_SPLINE_CURVE_WITH_KNOTS('',3,(#14243,#14244,#14245,#14246,#14247),
 .UNSPECIFIED.,.F.,.F.,(4,1,4),(0.,0.073075859052961,0.151346429215529),
 .UNSPECIFIED.);
#256=B_SPLINE_CURVE_WITH_KNOTS('',3,(#14250,#14251,#14252,#14253,#14254),
 .UNSPECIFIED.,.F.,.F.,(4,1,4),(0.,0.073075859052961,0.151346429215529),
 .UNSPECIFIED.);
#257=B_SPLINE_CURVE_WITH_KNOTS('',3,(#14266,#14267,#14268,#14269,#14270),
 .UNSPECIFIED.,.F.,.F.,(4,1,4),(0.,0.0844910967273448,0.15930799866289),
 .UNSPECIFIED.);
#258=B_SPLINE_CURVE_WITH_KNOTS('',3,(#14273,#14274,#14275,#14276,#14277),
 .UNSPECIFIED.,.F.,.F.,(4,1,4),(0.,0.0844910967273448,0.15930799866289),
 .UNSPECIFIED.);
#259=B_SPLINE_CURVE_WITH_KNOTS('',3,(#14289,#14290,#14291,#14292,#14293),
 .UNSPECIFIED.,.F.,.F.,(4,1,4),(0.,0.0555826389174257,0.11263328501471),
 .UNSPECIFIED.);
#260=B_SPLINE_CURVE_WITH_KNOTS('',3,(#14296,#14297,#14298,#14299,#14300),
 .UNSPECIFIED.,.F.,.F.,(4,1,4),(0.,0.0555826389174257,0.11263328501471),
 .UNSPECIFIED.);
#261=B_SPLINE_CURVE_WITH_KNOTS('',3,(#14312,#14313,#14314,#14315,#14316),
 .UNSPECIFIED.,.F.,.F.,(4,1,4),(0.,0.0534957000413821,0.107693605545617),
 .UNSPECIFIED.);
#262=B_SPLINE_CURVE_WITH_KNOTS('',3,(#14319,#14320,#14321,#14322,#14323),
 .UNSPECIFIED.,.F.,.F.,(4,1,4),(0.,0.0534957000413821,0.107693605545617),
 .UNSPECIFIED.);
#263=B_SPLINE_CURVE_WITH_KNOTS('',3,(#14335,#14336,#14337,#14338,#14339),
 .UNSPECIFIED.,.F.,.F.,(4,1,4),(0.,0.0376969760025348,0.0780901602266955),
 .UNSPECIFIED.);
#264=B_SPLINE_CURVE_WITH_KNOTS('',3,(#14342,#14343,#14344,#14345,#14346),
 .UNSPECIFIED.,.F.,.F.,(4,1,4),(0.,0.0376969760025348,0.0780901602266955),
 .UNSPECIFIED.);
#265=B_SPLINE_CURVE_WITH_KNOTS('',3,(#14358,#14359,#14360,#14361,#14362),
 .UNSPECIFIED.,.F.,.F.,(4,1,4),(0.,0.0430905128722245,0.082600762823504),
 .UNSPECIFIED.);
#266=B_SPLINE_CURVE_WITH_KNOTS('',3,(#14365,#14366,#14367,#14368,#14369),
 .UNSPECIFIED.,.F.,.F.,(4,1,4),(0.,0.0430905128722245,0.082600762823504),
 .UNSPECIFIED.);
#267=B_SPLINE_CURVE_WITH_KNOTS('',3,(#14387,#14388,#14389,#14390,#14391),
 .UNSPECIFIED.,.F.,.F.,(4,1,4),(0.,0.0201886845115065,0.0435237907129444),
 .UNSPECIFIED.);
#268=B_SPLINE_CURVE_WITH_KNOTS('',3,(#14394,#14395,#14396,#14397,#14398),
 .UNSPECIFIED.,.F.,.F.,(4,1,4),(0.,0.0201886845115065,0.0435237907129444),
 .UNSPECIFIED.);
#269=B_SPLINE_CURVE_WITH_KNOTS('',3,(#14410,#14411,#14412,#14413,#14414),
 .UNSPECIFIED.,.F.,.F.,(4,1,4),(0.,0.0315695288924814,0.0544193811178025),
 .UNSPECIFIED.);
#270=B_SPLINE_CURVE_WITH_KNOTS('',3,(#14417,#14418,#14419,#14420,#14421),
 .UNSPECIFIED.,.F.,.F.,(4,1,4),(0.,0.0315695288924814,0.0544193811178025),
 .UNSPECIFIED.);
#271=B_SPLINE_CURVE_WITH_KNOTS('',3,(#14438,#14439,#14440,#14441,#14442),
 .UNSPECIFIED.,.F.,.F.,(4,1,4),(0.,0.0467920283502326,0.102254084285712),
 .UNSPECIFIED.);
#272=B_SPLINE_CURVE_WITH_KNOTS('',3,(#14446,#14447,#14448,#14449,#14450),
 .UNSPECIFIED.,.F.,.F.,(4,1,4),(0.,0.0467920283502326,0.102254084285712),
 .UNSPECIFIED.);
#273=B_SPLINE_CURVE_WITH_KNOTS('',3,(#14463,#14464,#14465,#14466,#14467),
 .UNSPECIFIED.,.F.,.F.,(4,1,4),(0.,0.0512735051831539,0.0960139170616135),
 .UNSPECIFIED.);
#274=B_SPLINE_CURVE_WITH_KNOTS('',3,(#14470,#14471,#14472,#14473,#14474),
 .UNSPECIFIED.,.F.,.F.,(4,1,4),(0.,0.0512735051831539,0.0960139170616135),
 .UNSPECIFIED.);
#275=B_SPLINE_CURVE_WITH_KNOTS('',3,(#14486,#14487,#14488,#14489,#14490),
 .UNSPECIFIED.,.F.,.F.,(4,1,4),(0.,0.0473911784111046,0.103002826868759),
 .UNSPECIFIED.);
#276=B_SPLINE_CURVE_WITH_KNOTS('',3,(#14493,#14494,#14495,#14496,#14497),
 .UNSPECIFIED.,.F.,.F.,(4,1,4),(0.,0.0473911784111046,0.103002826868759),
 .UNSPECIFIED.);
#277=B_SPLINE_CURVE_WITH_KNOTS('',3,(#14509,#14510,#14511,#14512,#14513),
 .UNSPECIFIED.,.F.,.F.,(4,1,4),(0.,0.0529225258230939,0.100399172632055),
 .UNSPECIFIED.);
#278=B_SPLINE_CURVE_WITH_KNOTS('',3,(#14516,#14517,#14518,#14519,#14520),
 .UNSPECIFIED.,.F.,.F.,(4,1,4),(0.,0.0529225258230939,0.100399172632055),
 .UNSPECIFIED.);
#279=B_SPLINE_CURVE_WITH_KNOTS('',3,(#14532,#14533,#14534,#14535,#14536),
 .UNSPECIFIED.,.F.,.F.,(4,1,4),(0.,0.046506384208717,0.0979743367527576),
 .UNSPECIFIED.);
#280=B_SPLINE_CURVE_WITH_KNOTS('',3,(#14539,#14540,#14541,#14542,#14543),
 .UNSPECIFIED.,.F.,.F.,(4,1,4),(0.,0.046506384208717,0.0979743367527576),
 .UNSPECIFIED.);
#281=B_SPLINE_CURVE_WITH_KNOTS('',3,(#14555,#14556,#14557,#14558,#14559),
 .UNSPECIFIED.,.F.,.F.,(4,1,4),(0.,0.0550622274862252,0.10221377198009),
 .UNSPECIFIED.);
#282=B_SPLINE_CURVE_WITH_KNOTS('',3,(#14562,#14563,#14564,#14565,#14566),
 .UNSPECIFIED.,.F.,.F.,(4,1,4),(0.,0.0550622274862252,0.10221377198009),
 .UNSPECIFIED.);
#283=B_SPLINE_CURVE_WITH_KNOTS('',3,(#14577,#14578,#14579,#14580,#14581),
 .UNSPECIFIED.,.F.,.F.,(4,1,4),(0.,0.0985882455979561,0.193877003960021),
 .UNSPECIFIED.);
#284=B_SPLINE_CURVE_WITH_KNOTS('',3,(#14582,#14583,#14584,#14585,#14586),
 .UNSPECIFIED.,.F.,.F.,(4,1,4),(0.,0.0985882455979561,0.193877003960021),
 .UNSPECIFIED.);
#285=B_SPLINE_CURVE_WITH_KNOTS('',3,(#14599,#14600,#14601,#14602,#14603),
 .UNSPECIFIED.,.F.,.F.,(4,1,4),(0.,0.0470689346518005,0.0886892795504262),
 .UNSPECIFIED.);
#286=B_SPLINE_CURVE_WITH_KNOTS('',3,(#14607,#14608,#14609,#14610,#14611),
 .UNSPECIFIED.,.F.,.F.,(4,1,4),(0.,0.0470689346518005,0.0886892795504262),
 .UNSPECIFIED.);
#287=B_SPLINE_CURVE_WITH_KNOTS('',3,(#14624,#14625,#14626,#14627,#14628),
 .UNSPECIFIED.,.F.,.F.,(4,1,4),(0.,0.0675549283550558,0.123235364199188),
 .UNSPECIFIED.);
#288=B_SPLINE_CURVE_WITH_KNOTS('',3,(#14631,#14632,#14633,#14634,#14635),
 .UNSPECIFIED.,.F.,.F.,(4,1,4),(0.,0.0675549283550558,0.123235364199188),
 .UNSPECIFIED.);
#289=B_SPLINE_CURVE_WITH_KNOTS('',3,(#14647,#14648,#14649,#14650,#14651),
 .UNSPECIFIED.,.F.,.F.,(4,1,4),(0.,0.065583849142753,0.136924186739261),
 .UNSPECIFIED.);
#290=B_SPLINE_CURVE_WITH_KNOTS('',3,(#14654,#14655,#14656,#14657,#14658),
 .UNSPECIFIED.,.F.,.F.,(4,1,4),(0.,0.065583849142753,0.136924186739261),
 .UNSPECIFIED.);
#291=B_SPLINE_CURVE_WITH_KNOTS('',3,(#14670,#14671,#14672,#14673,#14674),
 .UNSPECIFIED.,.F.,.F.,(4,1,4),(0.,0.0580957969945953,0.118763850905382),
 .UNSPECIFIED.);
#292=B_SPLINE_CURVE_WITH_KNOTS('',3,(#14677,#14678,#14679,#14680,#14681),
 .UNSPECIFIED.,.F.,.F.,(4,1,4),(0.,0.0580957969945953,0.118763850905382),
 .UNSPECIFIED.);
#293=B_SPLINE_CURVE_WITH_KNOTS('',3,(#14693,#14694,#14695,#14696,#14697),
 .UNSPECIFIED.,.F.,.F.,(4,1,4),(0.,0.0614081440876985,0.119509486386779),
 .UNSPECIFIED.);
#294=B_SPLINE_CURVE_WITH_KNOTS('',3,(#14700,#14701,#14702,#14703,#14704),
 .UNSPECIFIED.,.F.,.F.,(4,1,4),(0.,0.0614081440876985,0.119509486386779),
 .UNSPECIFIED.);
#295=B_SPLINE_CURVE_WITH_KNOTS('',3,(#14716,#14717,#14718,#14719,#14720),
 .UNSPECIFIED.,.F.,.F.,(4,1,4),(0.,0.0497346882327699,0.104870639021887),
 .UNSPECIFIED.);
#296=B_SPLINE_CURVE_WITH_KNOTS('',3,(#14723,#14724,#14725,#14726,#14727),
 .UNSPECIFIED.,.F.,.F.,(4,1,4),(0.,0.0497346882327699,0.104870639021887),
 .UNSPECIFIED.);
#297=B_SPLINE_CURVE_WITH_KNOTS('',3,(#14739,#14740,#14741,#14742,#14743),
 .UNSPECIFIED.,.F.,.F.,(4,1,4),(0.,0.0574400292000265,0.107790133373593),
 .UNSPECIFIED.);
#298=B_SPLINE_CURVE_WITH_KNOTS('',3,(#14746,#14747,#14748,#14749,#14750),
 .UNSPECIFIED.,.F.,.F.,(4,1,4),(0.,0.0574400292000265,0.107790133373593),
 .UNSPECIFIED.);
#299=B_SPLINE_CURVE_WITH_KNOTS('',3,(#14762,#14763,#14764,#14765,#14766),
 .UNSPECIFIED.,.F.,.F.,(4,1,4),(0.,0.0630868898649521,0.134725779943365),
 .UNSPECIFIED.);
#300=B_SPLINE_CURVE_WITH_KNOTS('',3,(#14769,#14770,#14771,#14772,#14773),
 .UNSPECIFIED.,.F.,.F.,(4,1,4),(0.,0.0630868898649521,0.134725779943365),
 .UNSPECIFIED.);
#301=B_SPLINE_CURVE_WITH_KNOTS('',3,(#14785,#14786,#14787,#14788,#14789),
 .UNSPECIFIED.,.F.,.F.,(4,1,4),(0.,0.0486199094388832,0.09379848969278),
 .UNSPECIFIED.);
#302=B_SPLINE_CURVE_WITH_KNOTS('',3,(#14792,#14793,#14794,#14795,#14796),
 .UNSPECIFIED.,.F.,.F.,(4,1,4),(0.,0.0486199094388832,0.09379848969278),
 .UNSPECIFIED.);
#303=B_SPLINE_CURVE_WITH_KNOTS('',3,(#14808,#14809,#14810,#14811,#14812),
 .UNSPECIFIED.,.F.,.F.,(4,1,4),(0.,0.0758790847576322,0.134407000380618),
 .UNSPECIFIED.);
#304=B_SPLINE_CURVE_WITH_KNOTS('',3,(#14815,#14816,#14817,#14818,#14819),
 .UNSPECIFIED.,.F.,.F.,(4,1,4),(0.,0.0758790847576322,0.134407000380618),
 .UNSPECIFIED.);
#305=B_SPLINE_CURVE_WITH_KNOTS('',3,(#14837,#14838,#14839,#14840,#14841),
 .UNSPECIFIED.,.F.,.F.,(4,1,4),(0.,0.0407472719385187,0.0899799621784242),
 .UNSPECIFIED.);
#306=B_SPLINE_CURVE_WITH_KNOTS('',3,(#14844,#14845,#14846,#14847,#14848),
 .UNSPECIFIED.,.F.,.F.,(4,1,4),(0.,0.0407472719385187,0.0899799621784242),
 .UNSPECIFIED.);
#307=B_SPLINE_CURVE_WITH_KNOTS('',3,(#14860,#14861,#14862,#14863,#14864),
 .UNSPECIFIED.,.F.,.F.,(4,1,4),(0.,0.0343072369382486,0.0689458095586121),
 .UNSPECIFIED.);
#308=B_SPLINE_CURVE_WITH_KNOTS('',3,(#14867,#14868,#14869,#14870,#14871),
 .UNSPECIFIED.,.F.,.F.,(4,1,4),(0.,0.0343072369382486,0.0689458095586121),
 .UNSPECIFIED.);
#309=B_SPLINE_CURVE_WITH_KNOTS('',3,(#14883,#14884,#14885,#14886,#14887),
 .UNSPECIFIED.,.F.,.F.,(4,1,4),(0.,0.0406999689499936,0.0795082642066198),
 .UNSPECIFIED.);
#310=B_SPLINE_CURVE_WITH_KNOTS('',3,(#14890,#14891,#14892,#14893,#14894),
 .UNSPECIFIED.,.F.,.F.,(4,1,4),(0.,0.0406999689499936,0.0795082642066198),
 .UNSPECIFIED.);
#311=B_SPLINE_CURVE_WITH_KNOTS('',3,(#14906,#14907,#14908,#14909,#14910),
 .UNSPECIFIED.,.F.,.F.,(4,1,4),(0.,0.0818103011506901,0.138181354419559),
 .UNSPECIFIED.);
#312=B_SPLINE_CURVE_WITH_KNOTS('',3,(#14913,#14914,#14915,#14916,#14917),
 .UNSPECIFIED.,.F.,.F.,(4,1,4),(0.,0.0818103011506901,0.138181354419559),
 .UNSPECIFIED.);
#313=B_SPLINE_CURVE_WITH_KNOTS('',3,(#14929,#14930,#14931,#14932,#14933),
 .UNSPECIFIED.,.F.,.F.,(4,1,4),(0.,0.042466582372919,0.099338019192837),
 .UNSPECIFIED.);
#314=B_SPLINE_CURVE_WITH_KNOTS('',3,(#14936,#14937,#14938,#14939,#14940),
 .UNSPECIFIED.,.F.,.F.,(4,1,4),(0.,0.042466582372919,0.099338019192837),
 .UNSPECIFIED.);
#315=B_SPLINE_CURVE_WITH_KNOTS('',3,(#14952,#14953,#14954,#14955,#14956),
 .UNSPECIFIED.,.F.,.F.,(4,1,4),(0.,0.0256198890980142,0.0570961474765129),
 .UNSPECIFIED.);
#316=B_SPLINE_CURVE_WITH_KNOTS('',3,(#14959,#14960,#14961,#14962,#14963),
 .UNSPECIFIED.,.F.,.F.,(4,1,4),(0.,0.0256198890980142,0.0570961474765129),
 .UNSPECIFIED.);
#317=B_SPLINE_CURVE_WITH_KNOTS('',3,(#14975,#14976,#14977,#14978,#14979),
 .UNSPECIFIED.,.F.,.F.,(4,1,4),(0.,0.0297214574649885,0.0551828886098246),
 .UNSPECIFIED.);
#318=B_SPLINE_CURVE_WITH_KNOTS('',3,(#14982,#14983,#14984,#14985,#14986),
 .UNSPECIFIED.,.F.,.F.,(4,1,4),(0.,0.0297214574649885,0.0551828886098246),
 .UNSPECIFIED.);
#319=B_SPLINE_CURVE_WITH_KNOTS('',3,(#15004,#15005,#15006,#15007,#15008),
 .UNSPECIFIED.,.F.,.F.,(4,1,4),(0.,0.0505173040096821,0.107510017602948),
 .UNSPECIFIED.);
#320=B_SPLINE_CURVE_WITH_KNOTS('',3,(#15011,#15012,#15013,#15014,#15015),
 .UNSPECIFIED.,.F.,.F.,(4,1,4),(0.,0.0505173040096821,0.107510017602948),
 .UNSPECIFIED.);
#321=B_SPLINE_CURVE_WITH_KNOTS('',3,(#15027,#15028,#15029,#15030,#15031),
 .UNSPECIFIED.,.F.,.F.,(4,1,4),(0.,0.0570507490598331,0.106733604560367),
 .UNSPECIFIED.);
#322=B_SPLINE_CURVE_WITH_KNOTS('',3,(#15034,#15035,#15036,#15037,#15038),
 .UNSPECIFIED.,.F.,.F.,(4,1,4),(0.,0.0570507490598331,0.106733604560367),
 .UNSPECIFIED.);
#323=B_SPLINE_CURVE_WITH_KNOTS('',3,(#15050,#15051,#15052,#15053,#15054),
 .UNSPECIFIED.,.F.,.F.,(4,1,4),(0.,0.0942107650498501,0.167165850019119),
 .UNSPECIFIED.);
#324=B_SPLINE_CURVE_WITH_KNOTS('',3,(#15057,#15058,#15059,#15060,#15061),
 .UNSPECIFIED.,.F.,.F.,(4,1,4),(0.,0.0942107650498501,0.167165850019119),
 .UNSPECIFIED.);
#325=B_SPLINE_CURVE_WITH_KNOTS('',3,(#15073,#15074,#15075,#15076,#15077),
 .UNSPECIFIED.,.F.,.F.,(4,1,4),(0.,0.103399210282186,0.235018878750724),
 .UNSPECIFIED.);
#326=B_SPLINE_CURVE_WITH_KNOTS('',3,(#15080,#15081,#15082,#15083,#15084),
 .UNSPECIFIED.,.F.,.F.,(4,1,4),(0.,0.103399210282186,0.235018878750724),
 .UNSPECIFIED.);
#327=B_SPLINE_CURVE_WITH_KNOTS('',3,(#15096,#15097,#15098,#15099,#15100),
 .UNSPECIFIED.,.F.,.F.,(4,1,4),(0.,0.083659467562458,0.168417280020625),
 .UNSPECIFIED.);
#328=B_SPLINE_CURVE_WITH_KNOTS('',3,(#15103,#15104,#15105,#15106,#15107),
 .UNSPECIFIED.,.F.,.F.,(4,1,4),(0.,0.083659467562458,0.168417280020625),
 .UNSPECIFIED.);
#329=B_SPLINE_CURVE_WITH_KNOTS('',3,(#15119,#15120,#15121,#15122,#15123),
 .UNSPECIFIED.,.F.,.F.,(4,1,4),(0.,0.0462915617404508,0.0929447743272327),
 .UNSPECIFIED.);
#330=B_SPLINE_CURVE_WITH_KNOTS('',3,(#15126,#15127,#15128,#15129,#15130),
 .UNSPECIFIED.,.F.,.F.,(4,1,4),(0.,0.0462915617404508,0.0929447743272327),
 .UNSPECIFIED.);
#331=B_SPLINE_CURVE_WITH_KNOTS('',3,(#15142,#15143,#15144,#15145,#15146),
 .UNSPECIFIED.,.F.,.F.,(4,1,4),(0.,0.0520250013424538,0.100500462160722),
 .UNSPECIFIED.);
#332=B_SPLINE_CURVE_WITH_KNOTS('',3,(#15149,#15150,#15151,#15152,#15153),
 .UNSPECIFIED.,.F.,.F.,(4,1,4),(0.,0.0520250013424538,0.100500462160722),
 .UNSPECIFIED.);
#333=B_SPLINE_CURVE_WITH_KNOTS('',3,(#15165,#15166,#15167,#15168,#15169),
 .UNSPECIFIED.,.F.,.F.,(4,1,4),(0.,0.061853040407372,0.118231355050931),
 .UNSPECIFIED.);
#334=B_SPLINE_CURVE_WITH_KNOTS('',3,(#15172,#15173,#15174,#15175,#15176),
 .UNSPECIFIED.,.F.,.F.,(4,1,4),(0.,0.061853040407372,0.118231355050931),
 .UNSPECIFIED.);
#335=B_SPLINE_CURVE_WITH_KNOTS('',3,(#15194,#15195,#15196,#15197,#15198),
 .UNSPECIFIED.,.F.,.F.,(4,1,4),(0.,0.0252528222860796,0.0636585672705444),
 .UNSPECIFIED.);
#336=B_SPLINE_CURVE_WITH_KNOTS('',3,(#15201,#15202,#15203,#15204,#15205),
 .UNSPECIFIED.,.F.,.F.,(4,1,4),(0.,0.0252528222860796,0.0636585672705444),
 .UNSPECIFIED.);
#337=B_SPLINE_CURVE_WITH_KNOTS('',3,(#15217,#15218,#15219,#15220,#15221),
 .UNSPECIFIED.,.F.,.F.,(4,1,4),(0.,0.01779482309494,0.0366353267878083),
 .UNSPECIFIED.);
#338=B_SPLINE_CURVE_WITH_KNOTS('',3,(#15224,#15225,#15226,#15227,#15228),
 .UNSPECIFIED.,.F.,.F.,(4,1,4),(0.,0.01779482309494,0.0366353267878083),
 .UNSPECIFIED.);
#339=B_SPLINE_CURVE_WITH_KNOTS('',3,(#15240,#15241,#15242,#15243,#15244),
 .UNSPECIFIED.,.F.,.F.,(4,1,4),(0.,0.0297302291032212,0.0593643628088082),
 .UNSPECIFIED.);
#340=B_SPLINE_CURVE_WITH_KNOTS('',3,(#15247,#15248,#15249,#15250,#15251),
 .UNSPECIFIED.,.F.,.F.,(4,1,4),(0.,0.0297302291032212,0.0593643628088082),
 .UNSPECIFIED.);
#341=B_SPLINE_CURVE_WITH_KNOTS('',3,(#15263,#15264,#15265,#15266,#15267),
 .UNSPECIFIED.,.F.,.F.,(4,1,4),(0.,0.0192278950692068,0.0384557416180849),
 .UNSPECIFIED.);
#342=B_SPLINE_CURVE_WITH_KNOTS('',3,(#15270,#15271,#15272,#15273,#15274),
 .UNSPECIFIED.,.F.,.F.,(4,1,4),(0.,0.0192278950692068,0.0384557416180849),
 .UNSPECIFIED.);
#343=B_SPLINE_CURVE_WITH_KNOTS('',3,(#15286,#15287,#15288,#15289,#15290),
 .UNSPECIFIED.,.F.,.F.,(4,1,4),(0.,0.0249343561099112,0.0464539555008621),
 .UNSPECIFIED.);
#344=B_SPLINE_CURVE_WITH_KNOTS('',3,(#15293,#15294,#15295,#15296,#15297),
 .UNSPECIFIED.,.F.,.F.,(4,1,4),(0.,0.0249343561099112,0.0464539555008621),
 .UNSPECIFIED.);
#345=B_SPLINE_CURVE_WITH_KNOTS('',3,(#15309,#15310,#15311,#15312,#15313),
 .UNSPECIFIED.,.F.,.F.,(4,1,4),(0.,0.0624212064545969,0.132305216008457),
 .UNSPECIFIED.);
#346=B_SPLINE_CURVE_WITH_KNOTS('',3,(#15316,#15317,#15318,#15319,#15320),
 .UNSPECIFIED.,.F.,.F.,(4,1,4),(0.,0.0624212064545969,0.132305216008457),
 .UNSPECIFIED.);
#347=B_SPLINE_CURVE_WITH_KNOTS('',3,(#15332,#15333,#15334,#15335,#15336),
 .UNSPECIFIED.,.F.,.F.,(4,1,4),(0.,0.0548157199147759,0.112457006426422),
 .UNSPECIFIED.);
#348=B_SPLINE_CURVE_WITH_KNOTS('',3,(#15339,#15340,#15341,#15342,#15343),
 .UNSPECIFIED.,.F.,.F.,(4,1,4),(0.,0.0548157199147759,0.112457006426422),
 .UNSPECIFIED.);
#349=B_SPLINE_CURVE_WITH_KNOTS('',3,(#15355,#15356,#15357,#15358,#15359),
 .UNSPECIFIED.,.F.,.F.,(4,1,4),(0.,0.0569844061200057,0.111638742307506),
 .UNSPECIFIED.);
#350=B_SPLINE_CURVE_WITH_KNOTS('',3,(#15362,#15363,#15364,#15365,#15366),
 .UNSPECIFIED.,.F.,.F.,(4,1,4),(0.,0.0569844061200057,0.111638742307506),
 .UNSPECIFIED.);
#351=B_SPLINE_CURVE_WITH_KNOTS('',3,(#15378,#15379,#15380,#15381,#15382),
 .UNSPECIFIED.,.F.,.F.,(4,1,4),(0.,0.0469252016187834,0.0981246313883959),
 .UNSPECIFIED.);
#352=B_SPLINE_CURVE_WITH_KNOTS('',3,(#15385,#15386,#15387,#15388,#15389),
 .UNSPECIFIED.,.F.,.F.,(4,1,4),(0.,0.0469252016187834,0.0981246313883959),
 .UNSPECIFIED.);
#353=B_SPLINE_CURVE_WITH_KNOTS('',3,(#15401,#15402,#15403,#15404,#15405),
 .UNSPECIFIED.,.F.,.F.,(4,1,4),(0.,0.0557082337684048,0.104795932309661),
 .UNSPECIFIED.);
#354=B_SPLINE_CURVE_WITH_KNOTS('',3,(#15408,#15409,#15410,#15411,#15412),
 .UNSPECIFIED.,.F.,.F.,(4,1,4),(0.,0.0557082337684048,0.104795932309661),
 .UNSPECIFIED.);
#355=B_SPLINE_CURVE_WITH_KNOTS('',3,(#15424,#15425,#15426,#15427,#15428),
 .UNSPECIFIED.,.F.,.F.,(4,1,4),(0.,0.0461874050379846,0.0975017742882815),
 .UNSPECIFIED.);
#356=B_SPLINE_CURVE_WITH_KNOTS('',3,(#15431,#15432,#15433,#15434,#15435),
 .UNSPECIFIED.,.F.,.F.,(4,1,4),(0.,0.0461874050379846,0.0975017742882815),
 .UNSPECIFIED.);
#357=B_SPLINE_CURVE_WITH_KNOTS('',3,(#15447,#15448,#15449,#15450,#15451),
 .UNSPECIFIED.,.F.,.F.,(4,1,4),(0.,0.039722971499458,0.0823340867380051),
 .UNSPECIFIED.);
#358=B_SPLINE_CURVE_WITH_KNOTS('',3,(#15454,#15455,#15456,#15457,#15458),
 .UNSPECIFIED.,.F.,.F.,(4,1,4),(0.,0.039722971499458,0.0823340867380051),
 .UNSPECIFIED.);
#359=B_SPLINE_CURVE_WITH_KNOTS('',3,(#15475,#15476,#15477,#15478,#15479),
 .UNSPECIFIED.,.F.,.F.,(4,1,4),(0.,0.04002233674488,0.080480957621627),
 .UNSPECIFIED.);
#360=B_SPLINE_CURVE_WITH_KNOTS('',3,(#15480,#15481,#15482,#15483,#15484),
 .UNSPECIFIED.,.F.,.F.,(4,1,4),(0.,0.04002233674488,0.080480957621627),
 .UNSPECIFIED.);
#361=B_SPLINE_SURFACE_WITH_KNOTS('',3,1,((#10810,#10811),(#10812,#10813),
(#10814,#10815),(#10816,#10817),(#10818,#10819)),.UNSPECIFIED.,.F.,.F.,
 .F.,(4,1,4),(2,2),(0.,0.0727819100544926,0.158740490519316),(0.,0.1),
 .UNSPECIFIED.);
#362=B_SPLINE_SURFACE_WITH_KNOTS('',3,1,((#10833,#10834),(#10835,#10836),
(#10837,#10838),(#10839,#10840),(#10841,#10842)),.UNSPECIFIED.,.F.,.F.,
 .F.,(4,1,4),(2,2),(0.,0.062081299352384,0.126025248976343),(0.,0.1),
 .UNSPECIFIED.);
#363=B_SPLINE_SURFACE_WITH_KNOTS('',3,1,((#10874,#10875),(#10876,#10877),
(#10878,#10879),(#10880,#10881),(#10882,#10883)),.UNSPECIFIED.,.F.,.F.,
 .F.,(4,1,4),(2,2),(0.,0.0224004888409041,0.0448759939161286),(0.,0.1),
 .UNSPECIFIED.);
#364=B_SPLINE_SURFACE_WITH_KNOTS('',3,1,((#10897,#10898),(#10899,#10900),
(#10901,#10902),(#10903,#10904),(#10905,#10906)),.UNSPECIFIED.,.F.,.F.,
 .F.,(4,1,4),(2,2),(0.,0.0258231703103724,0.0489842586969889),(0.,0.1),
 .UNSPECIFIED.);
#365=B_SPLINE_SURFACE_WITH_KNOTS('',3,1,((#10920,#10921),(#10922,#10923),
(#10924,#10925),(#10926,#10927),(#10928,#10929)),.UNSPECIFIED.,.F.,.F.,
 .F.,(4,1,4),(2,2),(0.,0.0657313256771343,0.139188906445307),(0.,0.1),
 .UNSPECIFIED.);
#366=B_SPLINE_SURFACE_WITH_KNOTS('',3,1,((#10943,#10944),(#10945,#10946),
(#10947,#10948),(#10949,#10950),(#10951,#10952)),.UNSPECIFIED.,.F.,.F.,
 .F.,(4,1,4),(2,2),(0.,0.0778734228314319,0.145540887463392),(0.,0.1),
 .UNSPECIFIED.);
#367=B_SPLINE_SURFACE_WITH_KNOTS('',3,1,((#11149,#11150),(#11151,#11152),
(#11153,#11154),(#11155,#11156),(#11157,#11158)),.UNSPECIFIED.,.F.,.F.,
 .F.,(4,1,4),(2,2),(0.,0.0396207775399101,0.0844579614990823),(0.,0.1),
 .UNSPECIFIED.);
#368=B_SPLINE_SURFACE_WITH_KNOTS('',3,1,((#11172,#11173),(#11174,#11175),
(#11176,#11177),(#11178,#11179),(#11180,#11181)),.UNSPECIFIED.,.F.,.F.,
 .F.,(4,1,4),(2,2),(0.,0.0395955925793837,0.0771385782198388),(0.,0.1),
 .UNSPECIFIED.);
#369=B_SPLINE_SURFACE_WITH_KNOTS('',3,1,((#11195,#11196),(#11197,#11198),
(#11199,#11200),(#11201,#11202),(#11203,#11204)),.UNSPECIFIED.,.F.,.F.,
 .F.,(4,1,4),(2,2),(0.,0.056968100592938,0.103042864732712),(0.,0.1),
 .UNSPECIFIED.);
#370=B_SPLINE_SURFACE_WITH_KNOTS('',3,1,((#11224,#11225),(#11226,#11227),
(#11228,#11229),(#11230,#11231),(#11232,#11233)),.UNSPECIFIED.,.F.,.F.,
 .F.,(4,1,4),(2,2),(0.,0.0700268811937121,0.15006028588298),(0.,0.1),
 .UNSPECIFIED.);
#371=B_SPLINE_SURFACE_WITH_KNOTS('',3,1,((#11247,#11248),(#11249,#11250),
(#11251,#11252),(#11253,#11254),(#11255,#11256)),.UNSPECIFIED.,.F.,.F.,
 .F.,(4,1,4),(2,2),(0.,0.0639695273335032,0.128546741990363),(0.,0.1),
 .UNSPECIFIED.);
#372=B_SPLINE_SURFACE_WITH_KNOTS('',3,1,((#11270,#11271),(#11272,#11273),
(#11274,#11275),(#11276,#11277),(#11278,#11279)),.UNSPECIFIED.,.F.,.F.,
 .F.,(4,1,4),(2,2),(0.,0.0708920446431491,0.137480806158065),(0.,0.1),
 .UNSPECIFIED.);
#373=B_SPLINE_SURFACE_WITH_KNOTS('',3,1,((#11324,#11325),(#11326,#11327),
(#11328,#11329),(#11330,#11331),(#11332,#11333)),.UNSPECIFIED.,.F.,.F.,
 .F.,(4,1,4),(2,2),(0.,0.0451955871839254,0.088821103938238),(0.,0.1),
 .UNSPECIFIED.);
#374=B_SPLINE_SURFACE_WITH_KNOTS('',3,1,((#11347,#11348),(#11349,#11350),
(#11351,#11352),(#11353,#11354),(#11355,#11356)),.UNSPECIFIED.,.F.,.F.,
 .F.,(4,1,4),(2,2),(0.,0.0424812518057617,0.0866541170185504),(0.,0.1),
 .UNSPECIFIED.);
#375=B_SPLINE_SURFACE_WITH_KNOTS('',3,1,((#11370,#11371),(#11372,#11373),
(#11374,#11375),(#11376,#11377),(#11378,#11379)),.UNSPECIFIED.,.F.,.F.,
 .F.,(4,1,4),(2,2),(0.,0.0327998256897349,0.0732602737121495),(0.,0.1),
 .UNSPECIFIED.);
#376=B_SPLINE_SURFACE_WITH_KNOTS('',3,1,((#11393,#11394),(#11395,#11396),
(#11397,#11398),(#11399,#11400),(#11401,#11402)),.UNSPECIFIED.,.F.,.F.,
 .F.,(4,1,4),(2,2),(0.,0.0475335587218512,0.0827924445940405),(0.,0.1),
 .UNSPECIFIED.);
#377=B_SPLINE_SURFACE_WITH_KNOTS('',3,1,((#11434,#11435),(#11436,#11437),
(#11438,#11439),(#11440,#11441),(#11442,#11443)),.UNSPECIFIED.,.F.,.F.,
 .F.,(4,1,4),(2,2),(0.,0.0657099570260273,0.142816004599779),(0.,0.1),
 .UNSPECIFIED.);
#378=B_SPLINE_SURFACE_WITH_KNOTS('',3,1,((#11457,#11458),(#11459,#11460),
(#11461,#11462),(#11463,#11464),(#11465,#11466)),.UNSPECIFIED.,.F.,.F.,
 .F.,(4,1,4),(2,2),(0.,0.0763166371682383,0.140711615201861),(0.,0.1),
 .UNSPECIFIED.);
#379=B_SPLINE_SURFACE_WITH_KNOTS('',3,1,((#11480,#11481),(#11482,#11483),
(#11484,#11485),(#11486,#11487),(#11488,#11489)),.UNSPECIFIED.,.F.,.F.,
 .F.,(4,1,4),(2,2),(0.,0.0536230319255355,0.106405880076066),(0.,0.1),
 .UNSPECIFIED.);
#380=B_SPLINE_SURFACE_WITH_KNOTS('',3,1,((#11503,#11504),(#11505,#11506),
(#11507,#11508),(#11509,#11510),(#11511,#11512)),.UNSPECIFIED.,.F.,.F.,
 .F.,(4,1,4),(2,2),(0.,0.0563654008001347,0.110550781529454),(0.,0.1),
 .UNSPECIFIED.);
#381=B_SPLINE_SURFACE_WITH_KNOTS('',3,1,((#11557,#11558),(#11559,#11560),
(#11561,#11562),(#11563,#11564),(#11565,#11566)),.UNSPECIFIED.,.F.,.F.,
 .F.,(4,1,4),(2,2),(0.,0.072509995661409,0.153949595014174),(0.,0.1),
 .UNSPECIFIED.);
#382=B_SPLINE_SURFACE_WITH_KNOTS('',3,1,((#11580,#11581),(#11582,#11583),
(#11584,#11585),(#11586,#11587),(#11588,#11589)),.UNSPECIFIED.,.F.,.F.,
 .F.,(4,1,4),(2,2),(0.,0.0830598973257057,0.15615498757693),(0.,0.1),
 .UNSPECIFIED.);
#383=B_SPLINE_SURFACE_WITH_KNOTS('',3,1,((#11603,#11604),(#11605,#11606),
(#11607,#11608),(#11609,#11610),(#11611,#11612)),.UNSPECIFIED.,.F.,.F.,
 .F.,(4,1,4),(2,2),(0.,0.0430359144345665,0.0912232609690794),(0.,0.1),
 .UNSPECIFIED.);
#384=B_SPLINE_SURFACE_WITH_KNOTS('',3,1,((#11626,#11627),(#11628,#11629),
(#11630,#11631),(#11632,#11633),(#11634,#11635)),.UNSPECIFIED.,.F.,.F.,
 .F.,(4,1,4),(2,2),(0.,0.0331119144723282,0.0716203512017012),(0.,0.1),
 .UNSPECIFIED.);
#385=B_SPLINE_SURFACE_WITH_KNOTS('',3,1,((#11655,#11656),(#11657,#11658),
(#11659,#11660),(#11661,#11662),(#11663,#11664)),.UNSPECIFIED.,.F.,.F.,
 .F.,(4,1,4),(2,2),(0.,0.0248252748085668,0.0493532710444542),(0.,0.1),
 .UNSPECIFIED.);
#386=B_SPLINE_SURFACE_WITH_KNOTS('',3,1,((#11678,#11679),(#11680,#11681),
(#11682,#11683),(#11684,#11685),(#11686,#11687)),.UNSPECIFIED.,.F.,.F.,
 .F.,(4,1,4),(2,2),(0.,0.0255403037060714,0.0502009937936597),(0.,0.1),
 .UNSPECIFIED.);
#387=B_SPLINE_SURFACE_WITH_KNOTS('',3,1,((#11701,#11702),(#11703,#11704),
(#11705,#11706),(#11707,#11708),(#11709,#11710)),.UNSPECIFIED.,.F.,.F.,
 .F.,(4,1,4),(2,2),(0.,0.0325797643776058,0.0702233535684038),(0.,0.1),
 .UNSPECIFIED.);
#388=B_SPLINE_SURFACE_WITH_KNOTS('',3,1,((#11724,#11725),(#11726,#11727),
(#11728,#11729),(#11730,#11731),(#11732,#11733)),.UNSPECIFIED.,.F.,.F.,
 .F.,(4,1,4),(2,2),(0.,0.0367886608976206,0.0675257810174498),(0.,0.1),
 .UNSPECIFIED.);
#389=B_SPLINE_SURFACE_WITH_KNOTS('',3,1,((#11757,#11758),(#11759,#11760),
(#11761,#11762),(#11763,#11764),(#11765,#11766)),.UNSPECIFIED.,.F.,.F.,
 .F.,(4,1,4),(2,2),(0.,0.0770476460304453,0.139537655497792),(0.,0.1),
 .UNSPECIFIED.);
#390=B_SPLINE_SURFACE_WITH_KNOTS('',3,1,((#11789,#11790),(#11791,#11792),
(#11793,#11794),(#11795,#11796),(#11797,#11798)),.UNSPECIFIED.,.F.,.F.,
 .F.,(4,1,4),(2,2),(0.,0.0639235516835521,0.145199955150042),(0.,0.1),
 .UNSPECIFIED.);
#391=B_SPLINE_SURFACE_WITH_KNOTS('',3,1,((#11812,#11813),(#11814,#11815),
(#11816,#11817),(#11818,#11819),(#11820,#11821)),.UNSPECIFIED.,.F.,.F.,
 .F.,(4,1,4),(2,2),(0.,0.0567032087591318,0.112452235550179),(0.,0.1),
 .UNSPECIFIED.);
#392=B_SPLINE_SURFACE_WITH_KNOTS('',3,1,((#11835,#11836),(#11837,#11838),
(#11839,#11840),(#11841,#11842),(#11843,#11844)),.UNSPECIFIED.,.F.,.F.,
 .F.,(4,1,4),(2,2),(0.,0.0547783402800354,0.113329859504295),(0.,0.1),
 .UNSPECIFIED.);
#393=B_SPLINE_SURFACE_WITH_KNOTS('',3,1,((#11855,#11856),(#11857,#11858),
(#11859,#11860),(#11861,#11862),(#11863,#11864)),.UNSPECIFIED.,.F.,.F.,
 .F.,(4,1,4),(2,2),(0.,0.0142214338443374,0.0267264786928276),(0.,0.1),
 .UNSPECIFIED.);
#394=B_SPLINE_SURFACE_WITH_KNOTS('',3,1,((#11881,#11882),(#11883,#11884),
(#11885,#11886),(#11887,#11888),(#11889,#11890)),.UNSPECIFIED.,.F.,.F.,
 .F.,(4,1,4),(2,2),(0.,0.0156548644768161,0.0313310185626011),(0.,0.1),
 .UNSPECIFIED.);
#395=B_SPLINE_SURFACE_WITH_KNOTS('',3,1,((#11904,#11905),(#11906,#11907),
(#11908,#11909),(#11910,#11911),(#11912,#11913)),.UNSPECIFIED.,.F.,.F.,
 .F.,(4,1,4),(2,2),(0.,0.110727067581239,0.239359576014564),(0.,0.1),
 .UNSPECIFIED.);
#396=B_SPLINE_SURFACE_WITH_KNOTS('',3,1,((#11927,#11928),(#11929,#11930),
(#11931,#11932),(#11933,#11934),(#11935,#11936)),.UNSPECIFIED.,.F.,.F.,
 .F.,(4,1,4),(2,2),(0.,0.11088418315468,0.214454415899379),(0.,0.1),
 .UNSPECIFIED.);
#397=B_SPLINE_SURFACE_WITH_KNOTS('',3,1,((#11950,#11951),(#11952,#11953),
(#11954,#11955),(#11956,#11957),(#11958,#11959)),.UNSPECIFIED.,.F.,.F.,
 .F.,(4,1,4),(2,2),(0.,0.075857162833868,0.157434856712429),(0.,0.1),
 .UNSPECIFIED.);
#398=B_SPLINE_SURFACE_WITH_KNOTS('',3,1,((#11973,#11974),(#11975,#11976),
(#11977,#11978),(#11979,#11980),(#11981,#11982)),.UNSPECIFIED.,.F.,.F.,
 .F.,(4,1,4),(2,2),(0.,0.0770875490185282,0.151686637080713),(0.,0.1),
 .UNSPECIFIED.);
#399=B_SPLINE_SURFACE_WITH_KNOTS('',3,1,((#11996,#11997),(#11998,#11999),
(#12000,#12001),(#12002,#12003),(#12004,#12005)),.UNSPECIFIED.,.F.,.F.,
 .F.,(4,1,4),(2,2),(0.,0.0876502835135797,0.16904668796577),(0.,0.1),
 .UNSPECIFIED.);
#400=B_SPLINE_SURFACE_WITH_KNOTS('',3,1,((#12019,#12020),(#12021,#12022),
(#12023,#12024),(#12025,#12026),(#12027,#12028)),.UNSPECIFIED.,.F.,.F.,
 .F.,(4,1,4),(2,2),(0.,0.0820856145895415,0.171900139732277),(0.,0.1),
 .UNSPECIFIED.);
#401=B_SPLINE_SURFACE_WITH_KNOTS('',3,1,((#12042,#12043),(#12044,#12045),
(#12046,#12047),(#12048,#12049),(#12050,#12051)),.UNSPECIFIED.,.F.,.F.,
 .F.,(4,1,4),(2,2),(0.,0.0753941662915812,0.152372817465128),(0.,0.1),
 .UNSPECIFIED.);
#402=B_SPLINE_SURFACE_WITH_KNOTS('',3,1,((#12065,#12066),(#12067,#12068),
(#12069,#12070),(#12071,#12072),(#12073,#12074)),.UNSPECIFIED.,.F.,.F.,
 .F.,(4,1,4),(2,2),(0.,0.0888417831870792,0.168374115074147),(0.,0.1),
 .UNSPECIFIED.);
#403=B_SPLINE_SURFACE_WITH_KNOTS('',3,1,((#12088,#12089),(#12090,#12091),
(#12092,#12093),(#12094,#12095),(#12096,#12097)),.UNSPECIFIED.,.F.,.F.,
 .F.,(4,1,4),(2,2),(0.,0.0614475119660145,0.125140036968407),(0.,0.1),
 .UNSPECIFIED.);
#404=B_SPLINE_SURFACE_WITH_KNOTS('',3,1,((#12111,#12112),(#12113,#12114),
(#12115,#12116),(#12117,#12118),(#12119,#12120)),.UNSPECIFIED.,.F.,.F.,
 .F.,(4,1,4),(2,2),(0.,0.0560730215312429,0.115096993823831),(0.,0.1),
 .UNSPECIFIED.);
#405=B_SPLINE_SURFACE_WITH_KNOTS('',3,1,((#12140,#12141),(#12142,#12143),
(#12144,#12145),(#12146,#12147),(#12148,#12149)),.UNSPECIFIED.,.F.,.F.,
 .F.,(4,1,4),(2,2),(0.,0.0423225546866357,0.0872647220337285),(0.,0.1),
 .UNSPECIFIED.);
#406=B_SPLINE_SURFACE_WITH_KNOTS('',3,1,((#12163,#12164),(#12165,#12166),
(#12167,#12168),(#12169,#12170),(#12171,#12172)),.UNSPECIFIED.,.F.,.F.,
 .F.,(4,1,4),(2,2),(0.,0.043183437458617,0.0843818320876284),(0.,0.1),
 .UNSPECIFIED.);
#407=B_SPLINE_SURFACE_WITH_KNOTS('',3,1,((#12186,#12187),(#12188,#12189),
(#12190,#12191),(#12192,#12193),(#12194,#12195)),.UNSPECIFIED.,.F.,.F.,
 .F.,(4,1,4),(2,2),(0.,0.0611940512206953,0.123975820139477),(0.,0.1),
 .UNSPECIFIED.);
#408=B_SPLINE_SURFACE_WITH_KNOTS('',3,1,((#12209,#12210),(#12211,#12212),
(#12213,#12214),(#12215,#12216),(#12217,#12218)),.UNSPECIFIED.,.F.,.F.,
 .F.,(4,1,4),(2,2),(0.,0.0830225403647736,0.149426218530276),(0.,0.1),
 .UNSPECIFIED.);
#409=B_SPLINE_SURFACE_WITH_KNOTS('',3,1,((#12300,#12301),(#12302,#12303),
(#12304,#12305),(#12306,#12307),(#12308,#12309)),.UNSPECIFIED.,.F.,.F.,
 .F.,(4,1,4),(2,2),(0.,0.0727821854116369,0.158740408922779),(0.,0.1),
 .UNSPECIFIED.);
#410=B_SPLINE_SURFACE_WITH_KNOTS('',3,1,((#12323,#12324),(#12325,#12326),
(#12327,#12328),(#12329,#12330),(#12331,#12332)),.UNSPECIFIED.,.F.,.F.,
 .F.,(4,1,4),(2,2),(0.,0.0620808351616961,0.126025168449438),(0.,0.1),
 .UNSPECIFIED.);
#411=B_SPLINE_SURFACE_WITH_KNOTS('',3,1,((#12364,#12365),(#12366,#12367),
(#12368,#12369),(#12370,#12371),(#12372,#12373)),.UNSPECIFIED.,.F.,.F.,
 .F.,(4,1,4),(2,2),(0.,0.0224014205257347,0.0448757802500463),(0.,0.1),
 .UNSPECIFIED.);
#412=B_SPLINE_SURFACE_WITH_KNOTS('',3,1,((#12387,#12388),(#12389,#12390),
(#12391,#12392),(#12393,#12394),(#12395,#12396)),.UNSPECIFIED.,.F.,.F.,
 .F.,(4,1,4),(2,2),(0.,0.0258229321322311,0.0489842562337254),(0.,0.1),
 .UNSPECIFIED.);
#413=B_SPLINE_SURFACE_WITH_KNOTS('',3,1,((#12410,#12411),(#12412,#12413),
(#12414,#12415),(#12416,#12417),(#12418,#12419)),.UNSPECIFIED.,.F.,.F.,
 .F.,(4,1,4),(2,2),(0.,0.0657313256771343,0.139189142579229),(0.,0.1),
 .UNSPECIFIED.);
#414=B_SPLINE_SURFACE_WITH_KNOTS('',3,1,((#12433,#12434),(#12435,#12436),
(#12437,#12438),(#12439,#12440),(#12441,#12442)),.UNSPECIFIED.,.F.,.F.,
 .F.,(4,1,4),(2,2),(0.,0.0778736571131922,0.145540631535573),(0.,0.1),
 .UNSPECIFIED.);
#415=B_SPLINE_SURFACE_WITH_KNOTS('',3,1,((#12502,#12503),(#12504,#12505),
(#12506,#12507),(#12508,#12509),(#12510,#12511)),.UNSPECIFIED.,.F.,.F.,
 .F.,(4,1,4),(2,2),(0.,0.0377268383349402,0.0730314444358132),(0.,0.1),
 .UNSPECIFIED.);
#416=B_SPLINE_SURFACE_WITH_KNOTS('',3,1,((#12534,#12535),(#12536,#12537),
(#12538,#12539),(#12540,#12541),(#12542,#12543)),.UNSPECIFIED.,.F.,.F.,
 .F.,(4,1,4),(2,2),(0.,0.041116298081397,0.0828262378900507),(0.,0.1),
 .UNSPECIFIED.);
#417=B_SPLINE_SURFACE_WITH_KNOTS('',3,1,((#12557,#12558),(#12559,#12560),
(#12561,#12562),(#12563,#12564),(#12565,#12566)),.UNSPECIFIED.,.F.,.F.,
 .F.,(4,1,4),(2,2),(0.,0.0416506843009869,0.081855946346235),(0.,0.1),
 .UNSPECIFIED.);
#418=B_SPLINE_SURFACE_WITH_KNOTS('',3,1,((#12580,#12581),(#12582,#12583),
(#12584,#12585),(#12586,#12587),(#12588,#12589)),.UNSPECIFIED.,.F.,.F.,
 .F.,(4,1,4),(2,2),(0.,0.056163952438003,0.111350735353646),(0.,0.1),
 .UNSPECIFIED.);
#419=B_SPLINE_SURFACE_WITH_KNOTS('',3,1,((#12603,#12604),(#12605,#12606),
(#12607,#12608),(#12609,#12610),(#12611,#12612)),.UNSPECIFIED.,.F.,.F.,
 .F.,(4,1,4),(2,2),(0.,0.101351781165736,0.174517263779059),(0.,0.1),
 .UNSPECIFIED.);
#420=B_SPLINE_SURFACE_WITH_KNOTS('',3,1,((#12626,#12627),(#12628,#12629),
(#12630,#12631),(#12632,#12633),(#12634,#12635)),.UNSPECIFIED.,.F.,.F.,
 .F.,(4,1,4),(2,2),(0.,0.0742245554678476,0.173774544215409),(0.,0.1),
 .UNSPECIFIED.);
#421=B_SPLINE_SURFACE_WITH_KNOTS('',3,1,((#12649,#12650),(#12651,#12652),
(#12653,#12654),(#12655,#12656),(#12657,#12658)),.UNSPECIFIED.,.F.,.F.,
 .F.,(4,1,4),(2,2),(0.,0.0598324651168396,0.119715392921644),(0.,0.1),
 .UNSPECIFIED.);
#422=B_SPLINE_SURFACE_WITH_KNOTS('',3,1,((#12672,#12673),(#12674,#12675),
(#12676,#12677),(#12678,#12679),(#12680,#12681)),.UNSPECIFIED.,.F.,.F.,
 .F.,(4,1,4),(2,2),(0.,0.0346159760506446,0.0702624789070387),(0.,0.1),
 .UNSPECIFIED.);
#423=B_SPLINE_SURFACE_WITH_KNOTS('',3,1,((#12692,#12693),(#12694,#12695),
(#12696,#12697),(#12698,#12699),(#12700,#12701)),.UNSPECIFIED.,.F.,.F.,
 .F.,(4,1,4),(2,2),(0.,0.0874011191566191,0.172131632935296),(0.,0.1),
 .UNSPECIFIED.);
#424=B_SPLINE_SURFACE_WITH_KNOTS('',3,1,((#12718,#12719),(#12720,#12721),
(#12722,#12723),(#12724,#12725),(#12726,#12727)),.UNSPECIFIED.,.F.,.F.,
 .F.,(4,1,4),(2,2),(0.,0.0671622025626183,0.138366482396937),(0.,0.1),
 .UNSPECIFIED.);
#425=B_SPLINE_SURFACE_WITH_KNOTS('',3,1,((#12741,#12742),(#12743,#12744),
(#12745,#12746),(#12747,#12748),(#12749,#12750)),.UNSPECIFIED.,.F.,.F.,
 .F.,(4,1,4),(2,2),(0.,0.0741186806630704,0.142894269568719),(0.,0.1),
 .UNSPECIFIED.);
#426=B_SPLINE_SURFACE_WITH_KNOTS('',3,1,((#12764,#12765),(#12766,#12767),
(#12768,#12769),(#12770,#12771),(#12772,#12773)),.UNSPECIFIED.,.F.,.F.,
 .F.,(4,1,4),(2,2),(0.,0.0884133586453072,0.169079173255741),(0.,0.1),
 .UNSPECIFIED.);
#427=B_SPLINE_SURFACE_WITH_KNOTS('',3,1,((#12787,#12788),(#12789,#12790),
(#12791,#12792),(#12793,#12794),(#12795,#12796)),.UNSPECIFIED.,.F.,.F.,
 .F.,(4,1,4),(2,2),(0.,0.0806039319138598,0.171108651885491),(0.,0.1),
 .UNSPECIFIED.);
#428=B_SPLINE_SURFACE_WITH_KNOTS('',3,1,((#12810,#12811),(#12812,#12813),
(#12814,#12815),(#12816,#12817),(#12818,#12819)),.UNSPECIFIED.,.F.,.F.,
 .F.,(4,1,4),(2,2),(0.,0.0655618967591401,0.137250609911261),(0.,0.1),
 .UNSPECIFIED.);
#429=B_SPLINE_SURFACE_WITH_KNOTS('',3,1,((#12833,#12834),(#12835,#12836),
(#12837,#12838),(#12839,#12840),(#12841,#12842)),.UNSPECIFIED.,.F.,.F.,
 .F.,(4,1,4),(2,2),(0.,0.0725763845106719,0.137849078895304),(0.,0.1),
 .UNSPECIFIED.);
#430=B_SPLINE_SURFACE_WITH_KNOTS('',3,1,((#12856,#12857),(#12858,#12859),
(#12860,#12861),(#12862,#12863),(#12864,#12865)),.UNSPECIFIED.,.F.,.F.,
 .F.,(4,1,4),(2,2),(0.,0.0494146247196749,0.101061440909907),(0.,0.1),
 .UNSPECIFIED.);
#431=B_SPLINE_SURFACE_WITH_KNOTS('',3,1,((#12879,#12880),(#12881,#12882),
(#12883,#12884),(#12885,#12886),(#12887,#12888)),.UNSPECIFIED.,.F.,.F.,
 .F.,(4,1,4),(2,2),(0.,0.0516324726916417,0.101215701106679),(0.,0.1),
 .UNSPECIFIED.);
#432=B_SPLINE_SURFACE_WITH_KNOTS('',3,1,((#12930,#12931),(#12932,#12933),
(#12934,#12935),(#12936,#12937),(#12938,#12939)),.UNSPECIFIED.,.F.,.F.,
 .F.,(4,1,4),(2,2),(0.,0.0985004947149857,0.171576638896209),(0.,0.1),
 .UNSPECIFIED.);
#433=B_SPLINE_SURFACE_WITH_KNOTS('',3,1,((#12956,#12957),(#12958,#12959),
(#12960,#12961),(#12962,#12963),(#12964,#12965)),.UNSPECIFIED.,.F.,.F.,
 .F.,(4,1,4),(2,2),(0.,0.0740433300127788,0.174000310870161),(0.,0.1),
 .UNSPECIFIED.);
#434=B_SPLINE_SURFACE_WITH_KNOTS('',3,1,((#12979,#12980),(#12981,#12982),
(#12983,#12984),(#12985,#12986),(#12987,#12988)),.UNSPECIFIED.,.F.,.F.,
 .F.,(4,1,4),(2,2),(0.,0.0627682702784014,0.122249551689081),(0.,0.1),
 .UNSPECIFIED.);
#435=B_SPLINE_SURFACE_WITH_KNOTS('',3,1,((#13002,#13003),(#13004,#13005),
(#13006,#13007),(#13008,#13009),(#13010,#13011)),.UNSPECIFIED.,.F.,.F.,
 .F.,(4,1,4),(2,2),(0.,0.0595071448253168,0.122386102319956),(0.,0.1),
 .UNSPECIFIED.);
#436=B_SPLINE_SURFACE_WITH_KNOTS('',3,1,((#13025,#13026),(#13027,#13028),
(#13029,#13030),(#13031,#13032),(#13033,#13034)),.UNSPECIFIED.,.F.,.F.,
 .F.,(4,1,4),(2,2),(0.,0.0995111640410098,0.173264235203783),(0.,0.1),
 .UNSPECIFIED.);
#437=B_SPLINE_SURFACE_WITH_KNOTS('',3,1,((#13048,#13049),(#13050,#13051),
(#13052,#13053),(#13054,#13055),(#13056,#13057)),.UNSPECIFIED.,.F.,.F.,
 .F.,(4,1,4),(2,2),(0.,0.073502484854732,0.172881917223708),(0.,0.1),
 .UNSPECIFIED.);
#438=B_SPLINE_SURFACE_WITH_KNOTS('',3,1,((#13071,#13072),(#13073,#13074),
(#13075,#13076),(#13077,#13078),(#13079,#13080)),.UNSPECIFIED.,.F.,.F.,
 .F.,(4,1,4),(2,2),(0.,0.0629098550688803,0.122710024221527),(0.,0.1),
 .UNSPECIFIED.);
#439=B_SPLINE_SURFACE_WITH_KNOTS('',3,1,((#13094,#13095),(#13096,#13097),
(#13098,#13099),(#13100,#13101),(#13102,#13103)),.UNSPECIFIED.,.F.,.F.,
 .F.,(4,1,4),(2,2),(0.,0.0594805009455317,0.122248771223933),(0.,0.1),
 .UNSPECIFIED.);
#440=B_SPLINE_SURFACE_WITH_KNOTS('',3,1,((#13114,#13115),(#13116,#13117),
(#13118,#13119),(#13120,#13121),(#13122,#13123)),.UNSPECIFIED.,.F.,.F.,
 .F.,(4,1,4),(2,2),(0.,0.0761839628400766,0.149372559508999),(0.,0.1),
 .UNSPECIFIED.);
#441=B_SPLINE_SURFACE_WITH_KNOTS('',3,1,((#13140,#13141),(#13142,#13143),
(#13144,#13145),(#13146,#13147),(#13148,#13149)),.UNSPECIFIED.,.F.,.F.,
 .F.,(4,1,4),(2,2),(0.,0.0897749118182943,0.171468879748406),(0.,0.1),
 .UNSPECIFIED.);
#442=B_SPLINE_SURFACE_WITH_KNOTS('',3,1,((#13163,#13164),(#13165,#13166),
(#13167,#13168),(#13169,#13170),(#13171,#13172)),.UNSPECIFIED.,.F.,.F.,
 .F.,(4,1,4),(2,2),(0.,0.115451176099259,0.249683684744699),(0.,0.1),
 .UNSPECIFIED.);
#443=B_SPLINE_SURFACE_WITH_KNOTS('',3,1,((#13186,#13187),(#13188,#13189),
(#13190,#13191),(#13192,#13193),(#13194,#13195)),.UNSPECIFIED.,.F.,.F.,
 .F.,(4,1,4),(2,2),(0.,0.120216687415644,0.228651635313697),(0.,0.1),
 .UNSPECIFIED.);
#444=B_SPLINE_SURFACE_WITH_KNOTS('',3,1,((#13209,#13210),(#13211,#13212),
(#13213,#13214),(#13215,#13216),(#13217,#13218)),.UNSPECIFIED.,.F.,.F.,
 .F.,(4,1,4),(2,2),(0.,0.0745617342487818,0.157054474400589),(0.,0.1),
 .UNSPECIFIED.);
#445=B_SPLINE_SURFACE_WITH_KNOTS('',3,1,((#13232,#13233),(#13234,#13235),
(#13236,#13237),(#13238,#13239),(#13240,#13241)),.UNSPECIFIED.,.F.,.F.,
 .F.,(4,1,4),(2,2),(0.,0.0755866768683259,0.148570610333113),(0.,0.1),
 .UNSPECIFIED.);
#446=B_SPLINE_SURFACE_WITH_KNOTS('',3,1,((#13255,#13256),(#13257,#13258),
(#13259,#13260),(#13261,#13262),(#13263,#13264)),.UNSPECIFIED.,.F.,.F.,
 .F.,(4,1,4),(2,2),(0.,0.0915201350132191,0.173895972538844),(0.,0.1),
 .UNSPECIFIED.);
#447=B_SPLINE_SURFACE_WITH_KNOTS('',3,1,((#13278,#13279),(#13280,#13281),
(#13282,#13283),(#13284,#13285),(#13286,#13287)),.UNSPECIFIED.,.F.,.F.,
 .F.,(4,1,4),(2,2),(0.,0.115122150162364,0.247755178409084),(0.,0.1),
 .UNSPECIFIED.);
#448=B_SPLINE_SURFACE_WITH_KNOTS('',3,1,((#13301,#13302),(#13303,#13304),
(#13305,#13306),(#13307,#13308),(#13309,#13310)),.UNSPECIFIED.,.F.,.F.,
 .F.,(4,1,4),(2,2),(0.,0.120554191179972,0.229279609431602),(0.,0.1),
 .UNSPECIFIED.);
#449=B_SPLINE_SURFACE_WITH_KNOTS('',3,1,((#13324,#13325),(#13326,#13327),
(#13328,#13329),(#13330,#13331),(#13332,#13333)),.UNSPECIFIED.,.F.,.F.,
 .F.,(4,1,4),(2,2),(0.,0.0753122663056945,0.157984482020873),(0.,0.1),
 .UNSPECIFIED.);
#450=B_SPLINE_SURFACE_WITH_KNOTS('',3,1,((#13412,#13413),(#13414,#13415),
(#13416,#13417),(#13418,#13419),(#13420,#13421)),.UNSPECIFIED.,.F.,.F.,
 .F.,(4,1,4),(2,2),(0.,0.0287815207533683,0.0562735372180642),(0.,0.1),
 .UNSPECIFIED.);
#451=B_SPLINE_SURFACE_WITH_KNOTS('',3,1,((#13438,#13439),(#13440,#13441),
(#13442,#13443),(#13444,#13445),(#13446,#13447)),.UNSPECIFIED.,.F.,.F.,
 .F.,(4,1,4),(2,2),(0.,0.0322380208282126,0.0621395662215124),(0.,0.1),
 .UNSPECIFIED.);
#452=B_SPLINE_SURFACE_WITH_KNOTS('',3,1,((#13461,#13462),(#13463,#13464),
(#13465,#13466),(#13467,#13468),(#13469,#13470)),.UNSPECIFIED.,.F.,.F.,
 .F.,(4,1,4),(2,2),(0.,0.0372906156186224,0.0860596151473794),(0.,0.1),
 .UNSPECIFIED.);
#453=B_SPLINE_SURFACE_WITH_KNOTS('',3,1,((#13484,#13485),(#13486,#13487),
(#13488,#13489),(#13490,#13491),(#13492,#13493)),.UNSPECIFIED.,.F.,.F.,
 .F.,(4,1,4),(2,2),(0.,0.0434716181825381,0.0790888472133789),(0.,0.1),
 .UNSPECIFIED.);
#454=B_SPLINE_SURFACE_WITH_KNOTS('',3,1,((#13573,#13574),(#13575,#13576),
(#13577,#13578),(#13579,#13580),(#13581,#13582)),.UNSPECIFIED.,.F.,.F.,
 .F.,(4,1,4),(2,2),(0.,0.0764638248727506,0.159354463395844),(0.,0.1),
 .UNSPECIFIED.);
#455=B_SPLINE_SURFACE_WITH_KNOTS('',3,1,((#13596,#13597),(#13598,#13599),
(#13600,#13601),(#13602,#13603),(#13604,#13605)),.UNSPECIFIED.,.F.,.F.,
 .F.,(4,1,4),(2,2),(0.,0.0949169437915955,0.174825512109607),(0.,0.1),
 .UNSPECIFIED.);
#456=B_SPLINE_SURFACE_WITH_KNOTS('',3,1,((#13619,#13620),(#13621,#13622),
(#13623,#13624),(#13625,#13626),(#13627,#13628)),.UNSPECIFIED.,.F.,.F.,
 .F.,(4,1,4),(2,2),(0.,0.0490019872591958,0.0991131652880654),(0.,0.1),
 .UNSPECIFIED.);
#457=B_SPLINE_SURFACE_WITH_KNOTS('',3,1,((#13642,#13643),(#13644,#13645),
(#13646,#13647),(#13648,#13649),(#13650,#13651)),.UNSPECIFIED.,.F.,.F.,
 .F.,(4,1,4),(2,2),(0.,0.0417482407572902,0.0879976509521248),(0.,0.1),
 .UNSPECIFIED.);
#458=B_SPLINE_SURFACE_WITH_KNOTS('',3,1,((#13669,#13670),(#13671,#13672),
(#13673,#13674),(#13675,#13676),(#13677,#13678)),.UNSPECIFIED.,.F.,.F.,
 .F.,(4,1,4),(2,2),(0.,0.0324330075939629,0.0640288931110159),(0.,0.1),
 .UNSPECIFIED.);
#459=B_SPLINE_SURFACE_WITH_KNOTS('',3,1,((#13695,#13696),(#13697,#13698),
(#13699,#13700),(#13701,#13702),(#13703,#13704)),.UNSPECIFIED.,.F.,.F.,
 .F.,(4,1,4),(2,2),(0.,0.0319557812705654,0.06453124613747),(0.,0.1),
 .UNSPECIFIED.);
#460=B_SPLINE_SURFACE_WITH_KNOTS('',3,1,((#13718,#13719),(#13720,#13721),
(#13722,#13723),(#13724,#13725),(#13726,#13727)),.UNSPECIFIED.,.F.,.F.,
 .F.,(4,1,4),(2,2),(0.,0.0342869798910896,0.0667255907339593),(0.,0.1),
 .UNSPECIFIED.);
#461=B_SPLINE_SURFACE_WITH_KNOTS('',3,1,((#13741,#13742),(#13743,#13744),
(#13745,#13746),(#13747,#13748),(#13749,#13750)),.UNSPECIFIED.,.F.,.F.,
 .F.,(4,1,4),(2,2),(0.,0.0323176004085776,0.0673181612747198),(0.,0.1),
 .UNSPECIFIED.);
#462=B_SPLINE_SURFACE_WITH_KNOTS('',3,1,((#13764,#13765),(#13766,#13767),
(#13768,#13769),(#13770,#13771),(#13772,#13773)),.UNSPECIFIED.,.F.,.F.,
 .F.,(4,1,4),(2,2),(0.,0.0325755518468843,0.0645313331174497),(0.,0.1),
 .UNSPECIFIED.);
#463=B_SPLINE_SURFACE_WITH_KNOTS('',3,1,((#13787,#13788),(#13789,#13790),
(#13791,#13792),(#13793,#13794),(#13795,#13796)),.UNSPECIFIED.,.F.,.F.,
 .F.,(4,1,4),(2,2),(0.,0.0315958363047918,0.0640289898564518),(0.,0.1),
 .UNSPECIFIED.);
#464=B_SPLINE_SURFACE_WITH_KNOTS('',3,1,((#13810,#13811),(#13812,#13813),
(#13814,#13815),(#13816,#13817),(#13818,#13819)),.UNSPECIFIED.,.F.,.F.,
 .F.,(4,1,4),(2,2),(0.,0.0349762531149886,0.0670560627068933),(0.,0.1),
 .UNSPECIFIED.);
#465=B_SPLINE_SURFACE_WITH_KNOTS('',3,1,((#13833,#13834),(#13835,#13836),
(#13837,#13838),(#13839,#13840),(#13841,#13842)),.UNSPECIFIED.,.F.,.F.,
 .F.,(4,1,4),(2,2),(0.,0.0322012801252157,0.0664639260564926),(0.,0.1),
 .UNSPECIFIED.);
#466=B_SPLINE_SURFACE_WITH_KNOTS('',3,1,((#13854,#13855),(#13856,#13857),
(#13858,#13859),(#13860,#13861),(#13862,#13863)),.UNSPECIFIED.,.F.,.F.,
 .F.,(4,1,4),(2,2),(0.,0.0465396813300363,0.0950867419278656),(0.,0.1),
 .UNSPECIFIED.);
#467=B_SPLINE_SURFACE_WITH_KNOTS('',3,1,((#13880,#13881),(#13882,#13883),
(#13884,#13885),(#13886,#13887),(#13888,#13889)),.UNSPECIFIED.,.F.,.F.,
 .F.,(4,1,4),(2,2),(0.,0.0789254737562911,0.136226609416642),(0.,0.1),
 .UNSPECIFIED.);
#468=B_SPLINE_SURFACE_WITH_KNOTS('',3,1,((#13915,#13916),(#13917,#13918),
(#13919,#13920),(#13921,#13922),(#13923,#13924)),.UNSPECIFIED.,.F.,.F.,
 .F.,(4,1,4),(2,2),(0.,0.0422914358774902,0.0851827935187206),(0.,0.1),
 .UNSPECIFIED.);
#469=B_SPLINE_SURFACE_WITH_KNOTS('',3,1,((#13938,#13939),(#13940,#13941),
(#13942,#13943),(#13944,#13945),(#13946,#13947)),.UNSPECIFIED.,.F.,.F.,
 .F.,(4,1,4),(2,2),(0.,0.0393328299263843,0.0805373781636207),(0.,0.1),
 .UNSPECIFIED.);
#470=B_SPLINE_SURFACE_WITH_KNOTS('',3,1,((#13961,#13962),(#13963,#13964),
(#13965,#13966),(#13967,#13968),(#13969,#13970)),.UNSPECIFIED.,.F.,.F.,
 .F.,(4,1,4),(2,2),(0.,0.0796127259464433,0.161791776003154),(0.,0.1),
 .UNSPECIFIED.);
#471=B_SPLINE_SURFACE_WITH_KNOTS('',3,1,((#13981,#13982),(#13983,#13984),
(#13985,#13986),(#13987,#13988),(#13989,#13990)),.UNSPECIFIED.,.F.,.F.,
 .F.,(4,1,4),(2,2),(0.,0.079370845093339,0.166506967445681),(0.,0.1),
 .UNSPECIFIED.);
#472=B_SPLINE_SURFACE_WITH_KNOTS('',3,1,((#14007,#14008),(#14009,#14010),
(#14011,#14012),(#14013,#14014),(#14015,#14016)),.UNSPECIFIED.,.F.,.F.,
 .F.,(4,1,4),(2,2),(0.,0.108108198974558,0.194349182854001),(0.,0.1),
 .UNSPECIFIED.);
#473=B_SPLINE_SURFACE_WITH_KNOTS('',3,1,((#14030,#14031),(#14032,#14033),
(#14034,#14035),(#14036,#14037),(#14038,#14039)),.UNSPECIFIED.,.F.,.F.,
 .F.,(4,1,4),(2,2),(0.,0.0536175758301105,0.102672474537487),(0.,0.1),
 .UNSPECIFIED.);
#474=B_SPLINE_SURFACE_WITH_KNOTS('',3,1,((#14053,#14054),(#14055,#14056),
(#14057,#14058),(#14059,#14060),(#14061,#14062)),.UNSPECIFIED.,.F.,.F.,
 .F.,(4,1,4),(2,2),(0.,0.0597637661065678,0.116858585172246),(0.,0.1),
 .UNSPECIFIED.);
#475=B_SPLINE_SURFACE_WITH_KNOTS('',3,1,((#14082,#14083),(#14084,#14085),
(#14086,#14087),(#14088,#14089),(#14090,#14091)),.UNSPECIFIED.,.F.,.F.,
 .F.,(4,1,4),(2,2),(0.,0.04497386086592,0.0930186401190489),(0.,0.1),
 .UNSPECIFIED.);
#476=B_SPLINE_SURFACE_WITH_KNOTS('',3,1,((#14105,#14106),(#14107,#14108),
(#14109,#14110),(#14111,#14112),(#14113,#14114)),.UNSPECIFIED.,.F.,.F.,
 .F.,(4,1,4),(2,2),(0.,0.0333949936055407,0.0735688659610393),(0.,0.1),
 .UNSPECIFIED.);
#477=B_SPLINE_SURFACE_WITH_KNOTS('',3,1,((#14128,#14129),(#14130,#14131),
(#14132,#14133),(#14134,#14135),(#14136,#14137)),.UNSPECIFIED.,.F.,.F.,
 .F.,(4,1,4),(2,2),(0.,0.0472816596332758,0.104898158544371),(0.,0.1),
 .UNSPECIFIED.);
#478=B_SPLINE_SURFACE_WITH_KNOTS('',3,1,((#14151,#14152),(#14153,#14154),
(#14155,#14156),(#14157,#14158),(#14159,#14160)),.UNSPECIFIED.,.F.,.F.,
 .F.,(4,1,4),(2,2),(0.,0.0519426039910579,0.0953775387781534),(0.,0.1),
 .UNSPECIFIED.);
#479=B_SPLINE_SURFACE_WITH_KNOTS('',3,1,((#14186,#14187),(#14188,#14189),
(#14190,#14191),(#14192,#14193),(#14194,#14195)),.UNSPECIFIED.,.F.,.F.,
 .F.,(4,1,4),(2,2),(0.,0.0996026759395141,0.224344263750417),(0.,0.1),
 .UNSPECIFIED.);
#480=B_SPLINE_SURFACE_WITH_KNOTS('',3,1,((#14209,#14210),(#14211,#14212),
(#14213,#14214),(#14215,#14216),(#14217,#14218)),.UNSPECIFIED.,.F.,.F.,
 .F.,(4,1,4),(2,2),(0.,0.0876998931121708,0.172587040535622),(0.,0.1),
 .UNSPECIFIED.);
#481=B_SPLINE_SURFACE_WITH_KNOTS('',3,1,((#14232,#14233),(#14234,#14235),
(#14236,#14237),(#14238,#14239),(#14240,#14241)),.UNSPECIFIED.,.F.,.F.,
 .F.,(4,1,4),(2,2),(0.,0.073075859052961,0.151346429215529),(0.,0.1),
 .UNSPECIFIED.);
#482=B_SPLINE_SURFACE_WITH_KNOTS('',3,1,((#14255,#14256),(#14257,#14258),
(#14259,#14260),(#14261,#14262),(#14263,#14264)),.UNSPECIFIED.,.F.,.F.,
 .F.,(4,1,4),(2,2),(0.,0.0844910967273448,0.15930799866289),(0.,0.1),
 .UNSPECIFIED.);
#483=B_SPLINE_SURFACE_WITH_KNOTS('',3,1,((#14278,#14279),(#14280,#14281),
(#14282,#14283),(#14284,#14285),(#14286,#14287)),.UNSPECIFIED.,.F.,.F.,
 .F.,(4,1,4),(2,2),(0.,0.0555826389174257,0.11263328501471),(0.,0.1),
 .UNSPECIFIED.);
#484=B_SPLINE_SURFACE_WITH_KNOTS('',3,1,((#14301,#14302),(#14303,#14304),
(#14305,#14306),(#14307,#14308),(#14309,#14310)),.UNSPECIFIED.,.F.,.F.,
 .F.,(4,1,4),(2,2),(0.,0.0534957000413821,0.107693605545617),(0.,0.1),
 .UNSPECIFIED.);
#485=B_SPLINE_SURFACE_WITH_KNOTS('',3,1,((#14324,#14325),(#14326,#14327),
(#14328,#14329),(#14330,#14331),(#14332,#14333)),.UNSPECIFIED.,.F.,.F.,
 .F.,(4,1,4),(2,2),(0.,0.0376969760025348,0.0780901602266955),(0.,0.1),
 .UNSPECIFIED.);
#486=B_SPLINE_SURFACE_WITH_KNOTS('',3,1,((#14347,#14348),(#14349,#14350),
(#14351,#14352),(#14353,#14354),(#14355,#14356)),.UNSPECIFIED.,.F.,.F.,
 .F.,(4,1,4),(2,2),(0.,0.0430905128722245,0.082600762823504),(0.,0.1),
 .UNSPECIFIED.);
#487=B_SPLINE_SURFACE_WITH_KNOTS('',3,1,((#14376,#14377),(#14378,#14379),
(#14380,#14381),(#14382,#14383),(#14384,#14385)),.UNSPECIFIED.,.F.,.F.,
 .F.,(4,1,4),(2,2),(0.,0.0201886845115065,0.0435237907129444),(0.,0.1),
 .UNSPECIFIED.);
#488=B_SPLINE_SURFACE_WITH_KNOTS('',3,1,((#14399,#14400),(#14401,#14402),
(#14403,#14404),(#14405,#14406),(#14407,#14408)),.UNSPECIFIED.,.F.,.F.,
 .F.,(4,1,4),(2,2),(0.,0.0315695288924814,0.0544193811178025),(0.,0.1),
 .UNSPECIFIED.);
#489=B_SPLINE_SURFACE_WITH_KNOTS('',3,1,((#14426,#14427),(#14428,#14429),
(#14430,#14431),(#14432,#14433),(#14434,#14435)),.UNSPECIFIED.,.F.,.F.,
 .F.,(4,1,4),(2,2),(0.,0.0467920283502326,0.102254084285712),(0.,0.1),
 .UNSPECIFIED.);
#490=B_SPLINE_SURFACE_WITH_KNOTS('',3,1,((#14452,#14453),(#14454,#14455),
(#14456,#14457),(#14458,#14459),(#14460,#14461)),.UNSPECIFIED.,.F.,.F.,
 .F.,(4,1,4),(2,2),(0.,0.0512735051831539,0.0960139170616135),(0.,0.1),
 .UNSPECIFIED.);
#491=B_SPLINE_SURFACE_WITH_KNOTS('',3,1,((#14475,#14476),(#14477,#14478),
(#14479,#14480),(#14481,#14482),(#14483,#14484)),.UNSPECIFIED.,.F.,.F.,
 .F.,(4,1,4),(2,2),(0.,0.0473911784111046,0.103002826868759),(0.,0.1),
 .UNSPECIFIED.);
#492=B_SPLINE_SURFACE_WITH_KNOTS('',3,1,((#14498,#14499),(#14500,#14501),
(#14502,#14503),(#14504,#14505),(#14506,#14507)),.UNSPECIFIED.,.F.,.F.,
 .F.,(4,1,4),(2,2),(0.,0.0529225258230939,0.100399172632055),(0.,0.1),
 .UNSPECIFIED.);
#493=B_SPLINE_SURFACE_WITH_KNOTS('',3,1,((#14521,#14522),(#14523,#14524),
(#14525,#14526),(#14527,#14528),(#14529,#14530)),.UNSPECIFIED.,.F.,.F.,
 .F.,(4,1,4),(2,2),(0.,0.046506384208717,0.0979743367527576),(0.,0.1),
 .UNSPECIFIED.);
#494=B_SPLINE_SURFACE_WITH_KNOTS('',3,1,((#14544,#14545),(#14546,#14547),
(#14548,#14549),(#14550,#14551),(#14552,#14553)),.UNSPECIFIED.,.F.,.F.,
 .F.,(4,1,4),(2,2),(0.,0.0550622274862252,0.10221377198009),(0.,0.1),
 .UNSPECIFIED.);
#495=B_SPLINE_SURFACE_WITH_KNOTS('',3,1,((#14567,#14568),(#14569,#14570),
(#14571,#14572),(#14573,#14574),(#14575,#14576)),.UNSPECIFIED.,.F.,.F.,
 .F.,(4,1,4),(2,2),(0.,0.0985882455979561,0.193877003960021),(0.,0.1),
 .UNSPECIFIED.);
#496=B_SPLINE_SURFACE_WITH_KNOTS('',3,1,((#14587,#14588),(#14589,#14590),
(#14591,#14592),(#14593,#14594),(#14595,#14596)),.UNSPECIFIED.,.F.,.F.,
 .F.,(4,1,4),(2,2),(0.,0.0470689346518005,0.0886892795504262),(0.,0.1),
 .UNSPECIFIED.);
#497=B_SPLINE_SURFACE_WITH_KNOTS('',3,1,((#14613,#14614),(#14615,#14616),
(#14617,#14618),(#14619,#14620),(#14621,#14622)),.UNSPECIFIED.,.F.,.F.,
 .F.,(4,1,4),(2,2),(0.,0.0675549283550558,0.123235364199188),(0.,0.1),
 .UNSPECIFIED.);
#498=B_SPLINE_SURFACE_WITH_KNOTS('',3,1,((#14636,#14637),(#14638,#14639),
(#14640,#14641),(#14642,#14643),(#14644,#14645)),.UNSPECIFIED.,.F.,.F.,
 .F.,(4,1,4),(2,2),(0.,0.065583849142753,0.136924186739261),(0.,0.1),
 .UNSPECIFIED.);
#499=B_SPLINE_SURFACE_WITH_KNOTS('',3,1,((#14659,#14660),(#14661,#14662),
(#14663,#14664),(#14665,#14666),(#14667,#14668)),.UNSPECIFIED.,.F.,.F.,
 .F.,(4,1,4),(2,2),(0.,0.0580957969945953,0.118763850905382),(0.,0.1),
 .UNSPECIFIED.);
#500=B_SPLINE_SURFACE_WITH_KNOTS('',3,1,((#14682,#14683),(#14684,#14685),
(#14686,#14687),(#14688,#14689),(#14690,#14691)),.UNSPECIFIED.,.F.,.F.,
 .F.,(4,1,4),(2,2),(0.,0.0614081440876985,0.119509486386779),(0.,0.1),
 .UNSPECIFIED.);
#501=B_SPLINE_SURFACE_WITH_KNOTS('',3,1,((#14705,#14706),(#14707,#14708),
(#14709,#14710),(#14711,#14712),(#14713,#14714)),.UNSPECIFIED.,.F.,.F.,
 .F.,(4,1,4),(2,2),(0.,0.0497346882327699,0.104870639021887),(0.,0.1),
 .UNSPECIFIED.);
#502=B_SPLINE_SURFACE_WITH_KNOTS('',3,1,((#14728,#14729),(#14730,#14731),
(#14732,#14733),(#14734,#14735),(#14736,#14737)),.UNSPECIFIED.,.F.,.F.,
 .F.,(4,1,4),(2,2),(0.,0.0574400292000265,0.107790133373593),(0.,0.1),
 .UNSPECIFIED.);
#503=B_SPLINE_SURFACE_WITH_KNOTS('',3,1,((#14751,#14752),(#14753,#14754),
(#14755,#14756),(#14757,#14758),(#14759,#14760)),.UNSPECIFIED.,.F.,.F.,
 .F.,(4,1,4),(2,2),(0.,0.0630868898649521,0.134725779943365),(0.,0.1),
 .UNSPECIFIED.);
#504=B_SPLINE_SURFACE_WITH_KNOTS('',3,1,((#14774,#14775),(#14776,#14777),
(#14778,#14779),(#14780,#14781),(#14782,#14783)),.UNSPECIFIED.,.F.,.F.,
 .F.,(4,1,4),(2,2),(0.,0.0486199094388832,0.09379848969278),(0.,0.1),
 .UNSPECIFIED.);
#505=B_SPLINE_SURFACE_WITH_KNOTS('',3,1,((#14797,#14798),(#14799,#14800),
(#14801,#14802),(#14803,#14804),(#14805,#14806)),.UNSPECIFIED.,.F.,.F.,
 .F.,(4,1,4),(2,2),(0.,0.0758790847576322,0.134407000380618),(0.,0.1),
 .UNSPECIFIED.);
#506=B_SPLINE_SURFACE_WITH_KNOTS('',3,1,((#14826,#14827),(#14828,#14829),
(#14830,#14831),(#14832,#14833),(#14834,#14835)),.UNSPECIFIED.,.F.,.F.,
 .F.,(4,1,4),(2,2),(0.,0.0407472719385187,0.0899799621784242),(0.,0.1),
 .UNSPECIFIED.);
#507=B_SPLINE_SURFACE_WITH_KNOTS('',3,1,((#14849,#14850),(#14851,#14852),
(#14853,#14854),(#14855,#14856),(#14857,#14858)),.UNSPECIFIED.,.F.,.F.,
 .F.,(4,1,4),(2,2),(0.,0.0343072369382486,0.0689458095586121),(0.,0.1),
 .UNSPECIFIED.);
#508=B_SPLINE_SURFACE_WITH_KNOTS('',3,1,((#14872,#14873),(#14874,#14875),
(#14876,#14877),(#14878,#14879),(#14880,#14881)),.UNSPECIFIED.,.F.,.F.,
 .F.,(4,1,4),(2,2),(0.,0.0406999689499936,0.0795082642066198),(0.,0.1),
 .UNSPECIFIED.);
#509=B_SPLINE_SURFACE_WITH_KNOTS('',3,1,((#14895,#14896),(#14897,#14898),
(#14899,#14900),(#14901,#14902),(#14903,#14904)),.UNSPECIFIED.,.F.,.F.,
 .F.,(4,1,4),(2,2),(0.,0.0818103011506901,0.138181354419559),(0.,0.1),
 .UNSPECIFIED.);
#510=B_SPLINE_SURFACE_WITH_KNOTS('',3,1,((#14918,#14919),(#14920,#14921),
(#14922,#14923),(#14924,#14925),(#14926,#14927)),.UNSPECIFIED.,.F.,.F.,
 .F.,(4,1,4),(2,2),(0.,0.042466582372919,0.099338019192837),(0.,0.1),
 .UNSPECIFIED.);
#511=B_SPLINE_SURFACE_WITH_KNOTS('',3,1,((#14941,#14942),(#14943,#14944),
(#14945,#14946),(#14947,#14948),(#14949,#14950)),.UNSPECIFIED.,.F.,.F.,
 .F.,(4,1,4),(2,2),(0.,0.0256198890980142,0.0570961474765129),(0.,0.1),
 .UNSPECIFIED.);
#512=B_SPLINE_SURFACE_WITH_KNOTS('',3,1,((#14964,#14965),(#14966,#14967),
(#14968,#14969),(#14970,#14971),(#14972,#14973)),.UNSPECIFIED.,.F.,.F.,
 .F.,(4,1,4),(2,2),(0.,0.0297214574649885,0.0551828886098246),(0.,0.1),
 .UNSPECIFIED.);
#513=B_SPLINE_SURFACE_WITH_KNOTS('',3,1,((#14993,#14994),(#14995,#14996),
(#14997,#14998),(#14999,#15000),(#15001,#15002)),.UNSPECIFIED.,.F.,.F.,
 .F.,(4,1,4),(2,2),(0.,0.0505173040096821,0.107510017602948),(0.,0.1),
 .UNSPECIFIED.);
#514=B_SPLINE_SURFACE_WITH_KNOTS('',3,1,((#15016,#15017),(#15018,#15019),
(#15020,#15021),(#15022,#15023),(#15024,#15025)),.UNSPECIFIED.,.F.,.F.,
 .F.,(4,1,4),(2,2),(0.,0.0570507490598331,0.106733604560367),(0.,0.1),
 .UNSPECIFIED.);
#515=B_SPLINE_SURFACE_WITH_KNOTS('',3,1,((#15039,#15040),(#15041,#15042),
(#15043,#15044),(#15045,#15046),(#15047,#15048)),.UNSPECIFIED.,.F.,.F.,
 .F.,(4,1,4),(2,2),(0.,0.0942107650498501,0.167165850019119),(0.,0.1),
 .UNSPECIFIED.);
#516=B_SPLINE_SURFACE_WITH_KNOTS('',3,1,((#15062,#15063),(#15064,#15065),
(#15066,#15067),(#15068,#15069),(#15070,#15071)),.UNSPECIFIED.,.F.,.F.,
 .F.,(4,1,4),(2,2),(0.,0.103399210282186,0.235018878750724),(0.,0.1),
 .UNSPECIFIED.);
#517=B_SPLINE_SURFACE_WITH_KNOTS('',3,1,((#15085,#15086),(#15087,#15088),
(#15089,#15090),(#15091,#15092),(#15093,#15094)),.UNSPECIFIED.,.F.,.F.,
 .F.,(4,1,4),(2,2),(0.,0.083659467562458,0.168417280020625),(0.,0.1),
 .UNSPECIFIED.);
#518=B_SPLINE_SURFACE_WITH_KNOTS('',3,1,((#15108,#15109),(#15110,#15111),
(#15112,#15113),(#15114,#15115),(#15116,#15117)),.UNSPECIFIED.,.F.,.F.,
 .F.,(4,1,4),(2,2),(0.,0.0462915617404508,0.0929447743272327),(0.,0.1),
 .UNSPECIFIED.);
#519=B_SPLINE_SURFACE_WITH_KNOTS('',3,1,((#15131,#15132),(#15133,#15134),
(#15135,#15136),(#15137,#15138),(#15139,#15140)),.UNSPECIFIED.,.F.,.F.,
 .F.,(4,1,4),(2,2),(0.,0.0520250013424538,0.100500462160722),(0.,0.1),
 .UNSPECIFIED.);
#520=B_SPLINE_SURFACE_WITH_KNOTS('',3,1,((#15154,#15155),(#15156,#15157),
(#15158,#15159),(#15160,#15161),(#15162,#15163)),.UNSPECIFIED.,.F.,.F.,
 .F.,(4,1,4),(2,2),(0.,0.061853040407372,0.118231355050931),(0.,0.1),
 .UNSPECIFIED.);
#521=B_SPLINE_SURFACE_WITH_KNOTS('',3,1,((#15183,#15184),(#15185,#15186),
(#15187,#15188),(#15189,#15190),(#15191,#15192)),.UNSPECIFIED.,.F.,.F.,
 .F.,(4,1,4),(2,2),(0.,0.0252528222860796,0.0636585672705444),(0.,0.1),
 .UNSPECIFIED.);
#522=B_SPLINE_SURFACE_WITH_KNOTS('',3,1,((#15206,#15207),(#15208,#15209),
(#15210,#15211),(#15212,#15213),(#15214,#15215)),.UNSPECIFIED.,.F.,.F.,
 .F.,(4,1,4),(2,2),(0.,0.01779482309494,0.0366353267878083),(0.,0.1),
 .UNSPECIFIED.);
#523=B_SPLINE_SURFACE_WITH_KNOTS('',3,1,((#15229,#15230),(#15231,#15232),
(#15233,#15234),(#15235,#15236),(#15237,#15238)),.UNSPECIFIED.,.F.,.F.,
 .F.,(4,1,4),(2,2),(0.,0.0297302291032212,0.0593643628088082),(0.,0.1),
 .UNSPECIFIED.);
#524=B_SPLINE_SURFACE_WITH_KNOTS('',3,1,((#15252,#15253),(#15254,#15255),
(#15256,#15257),(#15258,#15259),(#15260,#15261)),.UNSPECIFIED.,.F.,.F.,
 .F.,(4,1,4),(2,2),(0.,0.0192278950692068,0.0384557416180849),(0.,0.1),
 .UNSPECIFIED.);
#525=B_SPLINE_SURFACE_WITH_KNOTS('',3,1,((#15275,#15276),(#15277,#15278),
(#15279,#15280),(#15281,#15282),(#15283,#15284)),.UNSPECIFIED.,.F.,.F.,
 .F.,(4,1,4),(2,2),(0.,0.0249343561099112,0.0464539555008621),(0.,0.1),
 .UNSPECIFIED.);
#526=B_SPLINE_SURFACE_WITH_KNOTS('',3,1,((#15298,#15299),(#15300,#15301),
(#15302,#15303),(#15304,#15305),(#15306,#15307)),.UNSPECIFIED.,.F.,.F.,
 .F.,(4,1,4),(2,2),(0.,0.0624212064545969,0.132305216008457),(0.,0.1),
 .UNSPECIFIED.);
#527=B_SPLINE_SURFACE_WITH_KNOTS('',3,1,((#15321,#15322),(#15323,#15324),
(#15325,#15326),(#15327,#15328),(#15329,#15330)),.UNSPECIFIED.,.F.,.F.,
 .F.,(4,1,4),(2,2),(0.,0.0548157199147759,0.112457006426422),(0.,0.1),
 .UNSPECIFIED.);
#528=B_SPLINE_SURFACE_WITH_KNOTS('',3,1,((#15344,#15345),(#15346,#15347),
(#15348,#15349),(#15350,#15351),(#15352,#15353)),.UNSPECIFIED.,.F.,.F.,
 .F.,(4,1,4),(2,2),(0.,0.0569844061200057,0.111638742307506),(0.,0.1),
 .UNSPECIFIED.);
#529=B_SPLINE_SURFACE_WITH_KNOTS('',3,1,((#15367,#15368),(#15369,#15370),
(#15371,#15372),(#15373,#15374),(#15375,#15376)),.UNSPECIFIED.,.F.,.F.,
 .F.,(4,1,4),(2,2),(0.,0.0469252016187834,0.0981246313883959),(0.,0.1),
 .UNSPECIFIED.);
#530=B_SPLINE_SURFACE_WITH_KNOTS('',3,1,((#15390,#15391),(#15392,#15393),
(#15394,#15395),(#15396,#15397),(#15398,#15399)),.UNSPECIFIED.,.F.,.F.,
 .F.,(4,1,4),(2,2),(0.,0.0557082337684048,0.104795932309661),(0.,0.1),
 .UNSPECIFIED.);
#531=B_SPLINE_SURFACE_WITH_KNOTS('',3,1,((#15413,#15414),(#15415,#15416),
(#15417,#15418),(#15419,#15420),(#15421,#15422)),.UNSPECIFIED.,.F.,.F.,
 .F.,(4,1,4),(2,2),(0.,0.0461874050379846,0.0975017742882815),(0.,0.1),
 .UNSPECIFIED.);
#532=B_SPLINE_SURFACE_WITH_KNOTS('',3,1,((#15436,#15437),(#15438,#15439),
(#15440,#15441),(#15442,#15443),(#15444,#15445)),.UNSPECIFIED.,.F.,.F.,
 .F.,(4,1,4),(2,2),(0.,0.039722971499458,0.0823340867380051),(0.,0.1),
 .UNSPECIFIED.);
#533=B_SPLINE_SURFACE_WITH_KNOTS('',3,1,((#15465,#15466),(#15467,#15468),
(#15469,#15470),(#15471,#15472),(#15473,#15474)),.UNSPECIFIED.,.F.,.F.,
 .F.,(4,1,4),(2,2),(0.,0.04002233674488,0.080480957621627),(0.,0.1),
 .UNSPECIFIED.);
#534=CIRCLE('',#8794,2.);
#535=CIRCLE('',#8795,2.);
#536=CIRCLE('',#8798,2.);
#537=CIRCLE('',#8799,2.);
#538=CIRCLE('',#8802,2.);
#539=CIRCLE('',#8803,2.);
#540=CIRCLE('',#8806,2.);
#541=CIRCLE('',#8807,2.);
#542=CIRCLE('',#8943,5.00000000000001);
#543=CIRCLE('',#8944,5.);
#544=CIRCLE('',#8945,4.99999999999998);
#545=CIRCLE('',#8946,5.00000000000001);
#546=CIRCLE('',#8947,5.00000000000001);
#547=CIRCLE('',#8948,5.00000000000001);
#548=CIRCLE('',#8949,5.);
#549=CIRCLE('',#8950,5.00000000000001);
#550=CIRCLE('',#8951,2.);
#551=CIRCLE('',#8952,2.);
#552=CIRCLE('',#8953,2.);
#553=CIRCLE('',#8954,2.);
#554=CIRCLE('',#8964,5.00000000000001);
#555=CIRCLE('',#8965,5.00000000000001);
#556=CIRCLE('',#8966,5.00000000000001);
#557=CIRCLE('',#8967,4.99999999999998);
#558=CIRCLE('',#8968,5.);
#559=CIRCLE('',#8969,5.);
#560=CIRCLE('',#8976,5.);
#561=CIRCLE('',#8977,5.00000000000001);
#562=CIRCLE('',#8978,5.00000000000001);
#563=CIRCLE('',#8979,5.);
#564=CIRCLE('',#8980,5.);
#565=CIRCLE('',#8981,5.);
#566=CIRCLE('',#8983,2.);
#567=CIRCLE('',#8986,2.);
#568=CIRCLE('',#8989,2.);
#569=CIRCLE('',#8992,2.);
#570=CIRCLE('',#9045,5.);
#571=CIRCLE('',#9047,5.);
#572=CIRCLE('',#9051,5.);
#573=CIRCLE('',#9053,5.);
#574=CYLINDRICAL_SURFACE('',#8793,2.);
#575=CYLINDRICAL_SURFACE('',#8797,2.);
#576=CYLINDRICAL_SURFACE('',#8801,2.);
#577=CYLINDRICAL_SURFACE('',#8805,2.);
#578=CYLINDRICAL_SURFACE('',#8982,2.);
#579=CYLINDRICAL_SURFACE('',#8985,2.);
#580=CYLINDRICAL_SURFACE('',#8988,2.);
#581=CYLINDRICAL_SURFACE('',#8991,2.);
#582=CYLINDRICAL_SURFACE('',#9056,5.);
#583=CYLINDRICAL_SURFACE('',#9057,5.);
#584=CYLINDRICAL_SURFACE('',#9058,5.);
#585=CYLINDRICAL_SURFACE('',#9061,5.);
#586=CYLINDRICAL_SURFACE('',#9099,5.00000000000001);
#587=CYLINDRICAL_SURFACE('',#9101,5.);
#588=CYLINDRICAL_SURFACE('',#9103,5.00000000000001);
#589=CYLINDRICAL_SURFACE('',#9105,5.00000000000001);
#590=CYLINDRICAL_SURFACE('',#9107,5.00000000000001);
#591=CYLINDRICAL_SURFACE('',#9109,4.99999999999998);
#592=CYLINDRICAL_SURFACE('',#9111,5.);
#593=CYLINDRICAL_SURFACE('',#9113,5.00000000000001);
#594=FACE_BOUND('',#1116,.T.);
#595=FACE_BOUND('',#1236,.T.);
#596=FACE_BOUND('',#1290,.T.);
#597=FACE_BOUND('',#1310,.T.);
#598=FACE_BOUND('',#1384,.T.);
#599=FACE_BOUND('',#1435,.T.);
#600=FACE_BOUND('',#1437,.T.);
#601=FACE_BOUND('',#1438,.T.);
#602=FACE_BOUND('',#1439,.T.);
#603=FACE_BOUND('',#1440,.T.);
#604=FACE_BOUND('',#1441,.T.);
#605=FACE_BOUND('',#1442,.T.);
#606=FACE_BOUND('',#1443,.T.);
#607=FACE_BOUND('',#1444,.T.);
#608=FACE_BOUND('',#1445,.T.);
#609=FACE_BOUND('',#1446,.T.);
#610=FACE_BOUND('',#1447,.T.);
#611=FACE_BOUND('',#1448,.T.);
#612=FACE_BOUND('',#1449,.T.);
#613=FACE_BOUND('',#1450,.T.);
#614=FACE_BOUND('',#1451,.T.);
#615=FACE_BOUND('',#1452,.T.);
#616=FACE_BOUND('',#1453,.T.);
#617=FACE_BOUND('',#1454,.T.);
#618=FACE_BOUND('',#1455,.T.);
#619=FACE_BOUND('',#1456,.T.);
#620=FACE_BOUND('',#1457,.T.);
#621=FACE_BOUND('',#1467,.T.);
#622=FACE_BOUND('',#1474,.T.);
#623=FACE_BOUND('',#1564,.T.);
#624=FACE_BOUND('',#1566,.T.);
#625=FACE_BOUND('',#1568,.T.);
#626=FACE_BOUND('',#1570,.T.);
#627=FACE_BOUND('',#1572,.T.);
#628=FACE_BOUND('',#1575,.T.);
#629=FACE_BOUND('',#1577,.T.);
#630=FACE_BOUND('',#1579,.T.);
#631=FACE_BOUND('',#1581,.T.);
#632=FACE_BOUND('',#1583,.T.);
#633=FACE_BOUND('',#1598,.T.);
#634=FACE_BOUND('',#1599,.T.);
#635=FACE_BOUND('',#1608,.T.);
#636=FACE_BOUND('',#1609,.T.);
#637=FACE_OUTER_BOUND('',#1104,.T.);
#638=FACE_OUTER_BOUND('',#1105,.T.);
#639=FACE_OUTER_BOUND('',#1106,.T.);
#640=FACE_OUTER_BOUND('',#1107,.T.);
#641=FACE_OUTER_BOUND('',#1108,.T.);
#642=FACE_OUTER_BOUND('',#1109,.T.);
#643=FACE_OUTER_BOUND('',#1110,.T.);
#644=FACE_OUTER_BOUND('',#1111,.T.);
#645=FACE_OUTER_BOUND('',#1112,.T.);
#646=FACE_OUTER_BOUND('',#1113,.T.);
#647=FACE_OUTER_BOUND('',#1114,.T.);
#648=FACE_OUTER_BOUND('',#1115,.T.);
#649=FACE_OUTER_BOUND('',#1117,.T.);
#650=FACE_OUTER_BOUND('',#1118,.T.);
#651=FACE_OUTER_BOUND('',#1119,.T.);
#652=FACE_OUTER_BOUND('',#1120,.T.);
#653=FACE_OUTER_BOUND('',#1121,.T.);
#654=FACE_OUTER_BOUND('',#1122,.T.);
#655=FACE_OUTER_BOUND('',#1123,.T.);
#656=FACE_OUTER_BOUND('',#1124,.T.);
#657=FACE_OUTER_BOUND('',#1125,.T.);
#658=FACE_OUTER_BOUND('',#1126,.T.);
#659=FACE_OUTER_BOUND('',#1127,.T.);
#660=FACE_OUTER_BOUND('',#1128,.T.);
#661=FACE_OUTER_BOUND('',#1129,.T.);
#662=FACE_OUTER_BOUND('',#1130,.T.);
#663=FACE_OUTER_BOUND('',#1131,.T.);
#664=FACE_OUTER_BOUND('',#1132,.T.);
#665=FACE_OUTER_BOUND('',#1133,.T.);
#666=FACE_OUTER_BOUND('',#1134,.T.);
#667=FACE_OUTER_BOUND('',#1135,.T.);
#668=FACE_OUTER_BOUND('',#1136,.T.);
#669=FACE_OUTER_BOUND('',#1137,.T.);
#670=FACE_OUTER_BOUND('',#1138,.T.);
#671=FACE_OUTER_BOUND('',#1139,.T.);
#672=FACE_OUTER_BOUND('',#1140,.T.);
#673=FACE_OUTER_BOUND('',#1141,.T.);
#674=FACE_OUTER_BOUND('',#1142,.T.);
#675=FACE_OUTER_BOUND('',#1143,.T.);
#676=FACE_OUTER_BOUND('',#1144,.T.);
#677=FACE_OUTER_BOUND('',#1145,.T.);
#678=FACE_OUTER_BOUND('',#1146,.T.);
#679=FACE_OUTER_BOUND('',#1147,.T.);
#680=FACE_OUTER_BOUND('',#1148,.T.);
#681=FACE_OUTER_BOUND('',#1149,.T.);
#682=FACE_OUTER_BOUND('',#1150,.T.);
#683=FACE_OUTER_BOUND('',#1151,.T.);
#684=FACE_OUTER_BOUND('',#1152,.T.);
#685=FACE_OUTER_BOUND('',#1153,.T.);
#686=FACE_OUTER_BOUND('',#1154,.T.);
#687=FACE_OUTER_BOUND('',#1155,.T.);
#688=FACE_OUTER_BOUND('',#1156,.T.);
#689=FACE_OUTER_BOUND('',#1157,.T.);
#690=FACE_OUTER_BOUND('',#1158,.T.);
#691=FACE_OUTER_BOUND('',#1159,.T.);
#692=FACE_OUTER_BOUND('',#1160,.T.);
#693=FACE_OUTER_BOUND('',#1161,.T.);
#694=FACE_OUTER_BOUND('',#1162,.T.);
#695=FACE_OUTER_BOUND('',#1163,.T.);
#696=FACE_OUTER_BOUND('',#1164,.T.);
#697=FACE_OUTER_BOUND('',#1165,.T.);
#698=FACE_OUTER_BOUND('',#1166,.T.);
#699=FACE_OUTER_BOUND('',#1167,.T.);
#700=FACE_OUTER_BOUND('',#1168,.T.);
#701=FACE_OUTER_BOUND('',#1169,.T.);
#702=FACE_OUTER_BOUND('',#1170,.T.);
#703=FACE_OUTER_BOUND('',#1171,.T.);
#704=FACE_OUTER_BOUND('',#1172,.T.);
#705=FACE_OUTER_BOUND('',#1173,.T.);
#706=FACE_OUTER_BOUND('',#1174,.T.);
#707=FACE_OUTER_BOUND('',#1175,.T.);
#708=FACE_OUTER_BOUND('',#1176,.T.);
#709=FACE_OUTER_BOUND('',#1177,.T.);
#710=FACE_OUTER_BOUND('',#1178,.T.);
#711=FACE_OUTER_BOUND('',#1179,.T.);
#712=FACE_OUTER_BOUND('',#1180,.T.);
#713=FACE_OUTER_BOUND('',#1181,.T.);
#714=FACE_OUTER_BOUND('',#1182,.T.);
#715=FACE_OUTER_BOUND('',#1183,.T.);
#716=FACE_OUTER_BOUND('',#1184,.T.);
#717=FACE_OUTER_BOUND('',#1185,.T.);
#718=FACE_OUTER_BOUND('',#1186,.T.);
#719=FACE_OUTER_BOUND('',#1187,.T.);
#720=FACE_OUTER_BOUND('',#1188,.T.);
#721=FACE_OUTER_BOUND('',#1189,.T.);
#722=FACE_OUTER_BOUND('',#1190,.T.);
#723=FACE_OUTER_BOUND('',#1191,.T.);
#724=FACE_OUTER_BOUND('',#1192,.T.);
#725=FACE_OUTER_BOUND('',#1193,.T.);
#726=FACE_OUTER_BOUND('',#1194,.T.);
#727=FACE_OUTER_BOUND('',#1195,.T.);
#728=FACE_OUTER_BOUND('',#1196,.T.);
#729=FACE_OUTER_BOUND('',#1197,.T.);
#730=FACE_OUTER_BOUND('',#1198,.T.);
#731=FACE_OUTER_BOUND('',#1199,.T.);
#732=FACE_OUTER_BOUND('',#1200,.T.);
#733=FACE_OUTER_BOUND('',#1201,.T.);
#734=FACE_OUTER_BOUND('',#1202,.T.);
#735=FACE_OUTER_BOUND('',#1203,.T.);
#736=FACE_OUTER_BOUND('',#1204,.T.);
#737=FACE_OUTER_BOUND('',#1205,.T.);
#738=FACE_OUTER_BOUND('',#1206,.T.);
#739=FACE_OUTER_BOUND('',#1207,.T.);
#740=FACE_OUTER_BOUND('',#1208,.T.);
#741=FACE_OUTER_BOUND('',#1209,.T.);
#742=FACE_OUTER_BOUND('',#1210,.T.);
#743=FACE_OUTER_BOUND('',#1211,.T.);
#744=FACE_OUTER_BOUND('',#1212,.T.);
#745=FACE_OUTER_BOUND('',#1213,.T.);
#746=FACE_OUTER_BOUND('',#1214,.T.);
#747=FACE_OUTER_BOUND('',#1215,.T.);
#748=FACE_OUTER_BOUND('',#1216,.T.);
#749=FACE_OUTER_BOUND('',#1217,.T.);
#750=FACE_OUTER_BOUND('',#1218,.T.);
#751=FACE_OUTER_BOUND('',#1219,.T.);
#752=FACE_OUTER_BOUND('',#1220,.T.);
#753=FACE_OUTER_BOUND('',#1221,.T.);
#754=FACE_OUTER_BOUND('',#1222,.T.);
#755=FACE_OUTER_BOUND('',#1223,.T.);
#756=FACE_OUTER_BOUND('',#1224,.T.);
#757=FACE_OUTER_BOUND('',#1225,.T.);
#758=FACE_OUTER_BOUND('',#1226,.T.);
#759=FACE_OUTER_BOUND('',#1227,.T.);
#760=FACE_OUTER_BOUND('',#1228,.T.);
#761=FACE_OUTER_BOUND('',#1229,.T.);
#762=FACE_OUTER_BOUND('',#1230,.T.);
#763=FACE_OUTER_BOUND('',#1231,.T.);
#764=FACE_OUTER_BOUND('',#1232,.T.);
#765=FACE_OUTER_BOUND('',#1233,.T.);
#766=FACE_OUTER_BOUND('',#1234,.T.);
#767=FACE_OUTER_BOUND('',#1235,.T.);
#768=FACE_OUTER_BOUND('',#1237,.T.);
#769=FACE_OUTER_BOUND('',#1238,.T.);
#770=FACE_OUTER_BOUND('',#1239,.T.);
#771=FACE_OUTER_BOUND('',#1240,.T.);
#772=FACE_OUTER_BOUND('',#1241,.T.);
#773=FACE_OUTER_BOUND('',#1242,.T.);
#774=FACE_OUTER_BOUND('',#1243,.T.);
#775=FACE_OUTER_BOUND('',#1244,.T.);
#776=FACE_OUTER_BOUND('',#1245,.T.);
#777=FACE_OUTER_BOUND('',#1246,.T.);
#778=FACE_OUTER_BOUND('',#1247,.T.);
#779=FACE_OUTER_BOUND('',#1248,.T.);
#780=FACE_OUTER_BOUND('',#1249,.T.);
#781=FACE_OUTER_BOUND('',#1250,.T.);
#782=FACE_OUTER_BOUND('',#1251,.T.);
#783=FACE_OUTER_BOUND('',#1252,.T.);
#784=FACE_OUTER_BOUND('',#1253,.T.);
#785=FACE_OUTER_BOUND('',#1254,.T.);
#786=FACE_OUTER_BOUND('',#1255,.T.);
#787=FACE_OUTER_BOUND('',#1256,.T.);
#788=FACE_OUTER_BOUND('',#1257,.T.);
#789=FACE_OUTER_BOUND('',#1258,.T.);
#790=FACE_OUTER_BOUND('',#1259,.T.);
#791=FACE_OUTER_BOUND('',#1260,.T.);
#792=FACE_OUTER_BOUND('',#1261,.T.);
#793=FACE_OUTER_BOUND('',#1262,.T.);
#794=FACE_OUTER_BOUND('',#1263,.T.);
#795=FACE_OUTER_BOUND('',#1264,.T.);
#796=FACE_OUTER_BOUND('',#1265,.T.);
#797=FACE_OUTER_BOUND('',#1266,.T.);
#798=FACE_OUTER_BOUND('',#1267,.T.);
#799=FACE_OUTER_BOUND('',#1268,.T.);
#800=FACE_OUTER_BOUND('',#1269,.T.);
#801=FACE_OUTER_BOUND('',#1270,.T.);
#802=FACE_OUTER_BOUND('',#1271,.T.);
#803=FACE_OUTER_BOUND('',#1272,.T.);
#804=FACE_OUTER_BOUND('',#1273,.T.);
#805=FACE_OUTER_BOUND('',#1274,.T.);
#806=FACE_OUTER_BOUND('',#1275,.T.);
#807=FACE_OUTER_BOUND('',#1276,.T.);
#808=FACE_OUTER_BOUND('',#1277,.T.);
#809=FACE_OUTER_BOUND('',#1278,.T.);
#810=FACE_OUTER_BOUND('',#1279,.T.);
#811=FACE_OUTER_BOUND('',#1280,.T.);
#812=FACE_OUTER_BOUND('',#1281,.T.);
#813=FACE_OUTER_BOUND('',#1282,.T.);
#814=FACE_OUTER_BOUND('',#1283,.T.);
#815=FACE_OUTER_BOUND('',#1284,.T.);
#816=FACE_OUTER_BOUND('',#1285,.T.);
#817=FACE_OUTER_BOUND('',#1286,.T.);
#818=FACE_OUTER_BOUND('',#1287,.T.);
#819=FACE_OUTER_BOUND('',#1288,.T.);
#820=FACE_OUTER_BOUND('',#1289,.T.);
#821=FACE_OUTER_BOUND('',#1291,.T.);
#822=FACE_OUTER_BOUND('',#1292,.T.);
#823=FACE_OUTER_BOUND('',#1293,.T.);
#824=FACE_OUTER_BOUND('',#1294,.T.);
#825=FACE_OUTER_BOUND('',#1295,.T.);
#826=FACE_OUTER_BOUND('',#1296,.T.);
#827=FACE_OUTER_BOUND('',#1297,.T.);
#828=FACE_OUTER_BOUND('',#1298,.T.);
#829=FACE_OUTER_BOUND('',#1299,.T.);
#830=FACE_OUTER_BOUND('',#1300,.T.);
#831=FACE_OUTER_BOUND('',#1301,.T.);
#832=FACE_OUTER_BOUND('',#1302,.T.);
#833=FACE_OUTER_BOUND('',#1303,.T.);
#834=FACE_OUTER_BOUND('',#1304,.T.);
#835=FACE_OUTER_BOUND('',#1305,.T.);
#836=FACE_OUTER_BOUND('',#1306,.T.);
#837=FACE_OUTER_BOUND('',#1307,.T.);
#838=FACE_OUTER_BOUND('',#1308,.T.);
#839=FACE_OUTER_BOUND('',#1309,.T.);
#840=FACE_OUTER_BOUND('',#1311,.T.);
#841=FACE_OUTER_BOUND('',#1312,.T.);
#842=FACE_OUTER_BOUND('',#1313,.T.);
#843=FACE_OUTER_BOUND('',#1314,.T.);
#844=FACE_OUTER_BOUND('',#1315,.T.);
#845=FACE_OUTER_BOUND('',#1316,.T.);
#846=FACE_OUTER_BOUND('',#1317,.T.);
#847=FACE_OUTER_BOUND('',#1318,.T.);
#848=FACE_OUTER_BOUND('',#1319,.T.);
#849=FACE_OUTER_BOUND('',#1320,.T.);
#850=FACE_OUTER_BOUND('',#1321,.T.);
#851=FACE_OUTER_BOUND('',#1322,.T.);
#852=FACE_OUTER_BOUND('',#1323,.T.);
#853=FACE_OUTER_BOUND('',#1324,.T.);
#854=FACE_OUTER_BOUND('',#1325,.T.);
#855=FACE_OUTER_BOUND('',#1326,.T.);
#856=FACE_OUTER_BOUND('',#1327,.T.);
#857=FACE_OUTER_BOUND('',#1328,.T.);
#858=FACE_OUTER_BOUND('',#1329,.T.);
#859=FACE_OUTER_BOUND('',#1330,.T.);
#860=FACE_OUTER_BOUND('',#1331,.T.);
#861=FACE_OUTER_BOUND('',#1332,.T.);
#862=FACE_OUTER_BOUND('',#1333,.T.);
#863=FACE_OUTER_BOUND('',#1334,.T.);
#864=FACE_OUTER_BOUND('',#1335,.T.);
#865=FACE_OUTER_BOUND('',#1336,.T.);
#866=FACE_OUTER_BOUND('',#1337,.T.);
#867=FACE_OUTER_BOUND('',#1338,.T.);
#868=FACE_OUTER_BOUND('',#1339,.T.);
#869=FACE_OUTER_BOUND('',#1340,.T.);
#870=FACE_OUTER_BOUND('',#1341,.T.);
#871=FACE_OUTER_BOUND('',#1342,.T.);
#872=FACE_OUTER_BOUND('',#1343,.T.);
#873=FACE_OUTER_BOUND('',#1344,.T.);
#874=FACE_OUTER_BOUND('',#1345,.T.);
#875=FACE_OUTER_BOUND('',#1346,.T.);
#876=FACE_OUTER_BOUND('',#1347,.T.);
#877=FACE_OUTER_BOUND('',#1348,.T.);
#878=FACE_OUTER_BOUND('',#1349,.T.);
#879=FACE_OUTER_BOUND('',#1350,.T.);
#880=FACE_OUTER_BOUND('',#1351,.T.);
#881=FACE_OUTER_BOUND('',#1352,.T.);
#882=FACE_OUTER_BOUND('',#1353,.T.);
#883=FACE_OUTER_BOUND('',#1354,.T.);
#884=FACE_OUTER_BOUND('',#1355,.T.);
#885=FACE_OUTER_BOUND('',#1356,.T.);
#886=FACE_OUTER_BOUND('',#1357,.T.);
#887=FACE_OUTER_BOUND('',#1358,.T.);
#888=FACE_OUTER_BOUND('',#1359,.T.);
#889=FACE_OUTER_BOUND('',#1360,.T.);
#890=FACE_OUTER_BOUND('',#1361,.T.);
#891=FACE_OUTER_BOUND('',#1362,.T.);
#892=FACE_OUTER_BOUND('',#1363,.T.);
#893=FACE_OUTER_BOUND('',#1364,.T.);
#894=FACE_OUTER_BOUND('',#1365,.T.);
#895=FACE_OUTER_BOUND('',#1366,.T.);
#896=FACE_OUTER_BOUND('',#1367,.T.);
#897=FACE_OUTER_BOUND('',#1368,.T.);
#898=FACE_OUTER_BOUND('',#1369,.T.);
#899=FACE_OUTER_BOUND('',#1370,.T.);
#900=FACE_OUTER_BOUND('',#1371,.T.);
#901=FACE_OUTER_BOUND('',#1372,.T.);
#902=FACE_OUTER_BOUND('',#1373,.T.);
#903=FACE_OUTER_BOUND('',#1374,.T.);
#904=FACE_OUTER_BOUND('',#1375,.T.);
#905=FACE_OUTER_BOUND('',#1376,.T.);
#906=FACE_OUTER_BOUND('',#1377,.T.);
#907=FACE_OUTER_BOUND('',#1378,.T.);
#908=FACE_OUTER_BOUND('',#1379,.T.);
#909=FACE_OUTER_BOUND('',#1380,.T.);
#910=FACE_OUTER_BOUND('',#1381,.T.);
#911=FACE_OUTER_BOUND('',#1382,.T.);
#912=FACE_OUTER_BOUND('',#1383,.T.);
#913=FACE_OUTER_BOUND('',#1385,.T.);
#914=FACE_OUTER_BOUND('',#1386,.T.);
#915=FACE_OUTER_BOUND('',#1387,.T.);
#916=FACE_OUTER_BOUND('',#1388,.T.);
#917=FACE_OUTER_BOUND('',#1389,.T.);
#918=FACE_OUTER_BOUND('',#1390,.T.);
#919=FACE_OUTER_BOUND('',#1391,.T.);
#920=FACE_OUTER_BOUND('',#1392,.T.);
#921=FACE_OUTER_BOUND('',#1393,.T.);
#922=FACE_OUTER_BOUND('',#1394,.T.);
#923=FACE_OUTER_BOUND('',#1395,.T.);
#924=FACE_OUTER_BOUND('',#1396,.T.);
#925=FACE_OUTER_BOUND('',#1397,.T.);
#926=FACE_OUTER_BOUND('',#1398,.T.);
#927=FACE_OUTER_BOUND('',#1399,.T.);
#928=FACE_OUTER_BOUND('',#1400,.T.);
#929=FACE_OUTER_BOUND('',#1401,.T.);
#930=FACE_OUTER_BOUND('',#1402,.T.);
#931=FACE_OUTER_BOUND('',#1403,.T.);
#932=FACE_OUTER_BOUND('',#1404,.T.);
#933=FACE_OUTER_BOUND('',#1405,.T.);
#934=FACE_OUTER_BOUND('',#1406,.T.);
#935=FACE_OUTER_BOUND('',#1407,.T.);
#936=FACE_OUTER_BOUND('',#1408,.T.);
#937=FACE_OUTER_BOUND('',#1409,.T.);
#938=FACE_OUTER_BOUND('',#1410,.T.);
#939=FACE_OUTER_BOUND('',#1411,.T.);
#940=FACE_OUTER_BOUND('',#1412,.T.);
#941=FACE_OUTER_BOUND('',#1413,.T.);
#942=FACE_OUTER_BOUND('',#1414,.T.);
#943=FACE_OUTER_BOUND('',#1415,.T.);
#944=FACE_OUTER_BOUND('',#1416,.T.);
#945=FACE_OUTER_BOUND('',#1417,.T.);
#946=FACE_OUTER_BOUND('',#1418,.T.);
#947=FACE_OUTER_BOUND('',#1419,.T.);
#948=FACE_OUTER_BOUND('',#1420,.T.);
#949=FACE_OUTER_BOUND('',#1421,.T.);
#950=FACE_OUTER_BOUND('',#1422,.T.);
#951=FACE_OUTER_BOUND('',#1423,.T.);
#952=FACE_OUTER_BOUND('',#1424,.T.);
#953=FACE_OUTER_BOUND('',#1425,.T.);
#954=FACE_OUTER_BOUND('',#1426,.T.);
#955=FACE_OUTER_BOUND('',#1427,.T.);
#956=FACE_OUTER_BOUND('',#1428,.T.);
#957=FACE_OUTER_BOUND('',#1429,.T.);
#958=FACE_OUTER_BOUND('',#1430,.T.);
#959=FACE_OUTER_BOUND('',#1431,.T.);
#960=FACE_OUTER_BOUND('',#1432,.T.);
#961=FACE_OUTER_BOUND('',#1433,.T.);
#962=FACE_OUTER_BOUND('',#1434,.T.);
#963=FACE_OUTER_BOUND('',#1436,.T.);
#964=FACE_OUTER_BOUND('',#1458,.T.);
#965=FACE_OUTER_BOUND('',#1459,.T.);
#966=FACE_OUTER_BOUND('',#1460,.T.);
#967=FACE_OUTER_BOUND('',#1461,.T.);
#968=FACE_OUTER_BOUND('',#1462,.T.);
#969=FACE_OUTER_BOUND('',#1463,.T.);
#970=FACE_OUTER_BOUND('',#1464,.T.);
#971=FACE_OUTER_BOUND('',#1465,.T.);
#972=FACE_OUTER_BOUND('',#1466,.T.);
#973=FACE_OUTER_BOUND('',#1468,.T.);
#974=FACE_OUTER_BOUND('',#1469,.T.);
#975=FACE_OUTER_BOUND('',#1470,.T.);
#976=FACE_OUTER_BOUND('',#1471,.T.);
#977=FACE_OUTER_BOUND('',#1472,.T.);
#978=FACE_OUTER_BOUND('',#1473,.T.);
#979=FACE_OUTER_BOUND('',#1475,.T.);
#980=FACE_OUTER_BOUND('',#1476,.T.);
#981=FACE_OUTER_BOUND('',#1477,.T.);
#982=FACE_OUTER_BOUND('',#1478,.T.);
#983=FACE_OUTER_BOUND('',#1479,.T.);
#984=FACE_OUTER_BOUND('',#1480,.T.);
#985=FACE_OUTER_BOUND('',#1481,.T.);
#986=FACE_OUTER_BOUND('',#1482,.T.);
#987=FACE_OUTER_BOUND('',#1483,.T.);
#988=FACE_OUTER_BOUND('',#1484,.T.);
#989=FACE_OUTER_BOUND('',#1485,.T.);
#990=FACE_OUTER_BOUND('',#1486,.T.);
#991=FACE_OUTER_BOUND('',#1487,.T.);
#992=FACE_OUTER_BOUND('',#1488,.T.);
#993=FACE_OUTER_BOUND('',#1489,.T.);
#994=FACE_OUTER_BOUND('',#1490,.T.);
#995=FACE_OUTER_BOUND('',#1491,.T.);
#996=FACE_OUTER_BOUND('',#1492,.T.);
#997=FACE_OUTER_BOUND('',#1493,.T.);
#998=FACE_OUTER_BOUND('',#1494,.T.);
#999=FACE_OUTER_BOUND('',#1495,.T.);
#1000=FACE_OUTER_BOUND('',#1496,.T.);
#1001=FACE_OUTER_BOUND('',#1497,.T.);
#1002=FACE_OUTER_BOUND('',#1498,.T.);
#1003=FACE_OUTER_BOUND('',#1499,.T.);
#1004=FACE_OUTER_BOUND('',#1500,.T.);
#1005=FACE_OUTER_BOUND('',#1501,.T.);
#1006=FACE_OUTER_BOUND('',#1502,.T.);
#1007=FACE_OUTER_BOUND('',#1503,.T.);
#1008=FACE_OUTER_BOUND('',#1504,.T.);
#1009=FACE_OUTER_BOUND('',#1505,.T.);
#1010=FACE_OUTER_BOUND('',#1506,.T.);
#1011=FACE_OUTER_BOUND('',#1507,.T.);
#1012=FACE_OUTER_BOUND('',#1508,.T.);
#1013=FACE_OUTER_BOUND('',#1509,.T.);
#1014=FACE_OUTER_BOUND('',#1510,.T.);
#1015=FACE_OUTER_BOUND('',#1511,.T.);
#1016=FACE_OUTER_BOUND('',#1512,.T.);
#1017=FACE_OUTER_BOUND('',#1513,.T.);
#1018=FACE_OUTER_BOUND('',#1514,.T.);
#1019=FACE_OUTER_BOUND('',#1515,.T.);
#1020=FACE_OUTER_BOUND('',#1516,.T.);
#1021=FACE_OUTER_BOUND('',#1517,.T.);
#1022=FACE_OUTER_BOUND('',#1518,.T.);
#1023=FACE_OUTER_BOUND('',#1519,.T.);
#1024=FACE_OUTER_BOUND('',#1520,.T.);
#1025=FACE_OUTER_BOUND('',#1521,.T.);
#1026=FACE_OUTER_BOUND('',#1522,.T.);
#1027=FACE_OUTER_BOUND('',#1523,.T.);
#1028=FACE_OUTER_BOUND('',#1524,.T.);
#1029=FACE_OUTER_BOUND('',#1525,.T.);
#1030=FACE_OUTER_BOUND('',#1526,.T.);
#1031=FACE_OUTER_BOUND('',#1527,.T.);
#1032=FACE_OUTER_BOUND('',#1528,.T.);
#1033=FACE_OUTER_BOUND('',#1529,.T.);
#1034=FACE_OUTER_BOUND('',#1530,.T.);
#1035=FACE_OUTER_BOUND('',#1531,.T.);
#1036=FACE_OUTER_BOUND('',#1532,.T.);
#1037=FACE_OUTER_BOUND('',#1533,.T.);
#1038=FACE_OUTER_BOUND('',#1534,.T.);
#1039=FACE_OUTER_BOUND('',#1535,.T.);
#1040=FACE_OUTER_BOUND('',#1536,.T.);
#1041=FACE_OUTER_BOUND('',#1537,.T.);
#1042=FACE_OUTER_BOUND('',#1538,.T.);
#1043=FACE_OUTER_BOUND('',#1539,.T.);
#1044=FACE_OUTER_BOUND('',#1540,.T.);
#1045=FACE_OUTER_BOUND('',#1541,.T.);
#1046=FACE_OUTER_BOUND('',#1542,.T.);
#1047=FACE_OUTER_BOUND('',#1543,.T.);
#1048=FACE_OUTER_BOUND('',#1544,.T.);
#1049=FACE_OUTER_BOUND('',#1545,.T.);
#1050=FACE_OUTER_BOUND('',#1546,.T.);
#1051=FACE_OUTER_BOUND('',#1547,.T.);
#1052=FACE_OUTER_BOUND('',#1548,.T.);
#1053=FACE_OUTER_BOUND('',#1549,.T.);
#1054=FACE_OUTER_BOUND('',#1550,.T.);
#1055=FACE_OUTER_BOUND('',#1551,.T.);
#1056=FACE_OUTER_BOUND('',#1552,.T.);
#1057=FACE_OUTER_BOUND('',#1553,.T.);
#1058=FACE_OUTER_BOUND('',#1554,.T.);
#1059=FACE_OUTER_BOUND('',#1555,.T.);
#1060=FACE_OUTER_BOUND('',#1556,.T.);
#1061=FACE_OUTER_BOUND('',#1557,.T.);
#1062=FACE_OUTER_BOUND('',#1558,.T.);
#1063=FACE_OUTER_BOUND('',#1559,.T.);
#1064=FACE_OUTER_BOUND('',#1560,.T.);
#1065=FACE_OUTER_BOUND('',#1561,.T.);
#1066=FACE_OUTER_BOUND('',#1562,.T.);
#1067=FACE_OUTER_BOUND('',#1563,.T.);
#1068=FACE_OUTER_BOUND('',#1565,.T.);
#1069=FACE_OUTER_BOUND('',#1567,.T.);
#1070=FACE_OUTER_BOUND('',#1569,.T.);
#1071=FACE_OUTER_BOUND('',#1571,.T.);
#1072=FACE_OUTER_BOUND('',#1573,.T.);
#1073=FACE_OUTER_BOUND('',#1574,.T.);
#1074=FACE_OUTER_BOUND('',#1576,.T.);
#1075=FACE_OUTER_BOUND('',#1578,.T.);
#1076=FACE_OUTER_BOUND('',#1580,.T.);
#1077=FACE_OUTER_BOUND('',#1582,.T.);
#1078=FACE_OUTER_BOUND('',#1584,.T.);
#1079=FACE_OUTER_BOUND('',#1585,.T.);
#1080=FACE_OUTER_BOUND('',#1586,.T.);
#1081=FACE_OUTER_BOUND('',#1587,.T.);
#1082=FACE_OUTER_BOUND('',#1588,.T.);
#1083=FACE_OUTER_BOUND('',#1589,.T.);
#1084=FACE_OUTER_BOUND('',#1590,.T.);
#1085=FACE_OUTER_BOUND('',#1591,.T.);
#1086=FACE_OUTER_BOUND('',#1592,.T.);
#1087=FACE_OUTER_BOUND('',#1593,.T.);
#1088=FACE_OUTER_BOUND('',#1594,.T.);
#1089=FACE_OUTER_BOUND('',#1595,.T.);
#1090=FACE_OUTER_BOUND('',#1596,.T.);
#1091=FACE_OUTER_BOUND('',#1597,.T.);
#1092=FACE_OUTER_BOUND('',#1600,.T.);
#1093=FACE_OUTER_BOUND('',#1601,.T.);
#1094=FACE_OUTER_BOUND('',#1602,.T.);
#1095=FACE_OUTER_BOUND('',#1603,.T.);
#1096=FACE_OUTER_BOUND('',#1604,.T.);
#1097=FACE_OUTER_BOUND('',#1605,.T.);
#1098=FACE_OUTER_BOUND('',#1606,.T.);
#1099=FACE_OUTER_BOUND('',#1607,.T.);
#1100=FACE_OUTER_BOUND('',#1610,.T.);
#1101=FACE_OUTER_BOUND('',#1611,.T.);
#1102=FACE_OUTER_BOUND('',#1612,.T.);
#1103=FACE_OUTER_BOUND('',#1613,.T.);
#1104=EDGE_LOOP('',(#5490,#5491,#5492,#5493,#5494,#5495));
#1105=EDGE_LOOP('',(#5496,#5497,#5498,#5499));
#1106=EDGE_LOOP('',(#5500,#5501,#5502,#5503));
#1107=EDGE_LOOP('',(#5504,#5505,#5506,#5507,#5508,#5509));
#1108=EDGE_LOOP('',(#5510,#5511,#5512,#5513));
#1109=EDGE_LOOP('',(#5514,#5515,#5516,#5517));
#1110=EDGE_LOOP('',(#5518,#5519,#5520,#5521));
#1111=EDGE_LOOP('',(#5522,#5523,#5524,#5525));
#1112=EDGE_LOOP('',(#5526,#5527,#5528,#5529));
#1113=EDGE_LOOP('',(#5530,#5531,#5532,#5533));
#1114=EDGE_LOOP('',(#5534,#5535,#5536,#5537,#5538,#5539,#5540,#5541,#5542,
#5543,#5544,#5545));
#1115=EDGE_LOOP('',(#5546,#5547,#5548,#5549,#5550,#5551,#5552,#5553,#5554,
#5555,#5556,#5557));
#1116=EDGE_LOOP('',(#5558,#5559,#5560,#5561));
#1117=EDGE_LOOP('',(#5562,#5563,#5564,#5565));
#1118=EDGE_LOOP('',(#5566));
#1119=EDGE_LOOP('',(#5567,#5568,#5569,#5570));
#1120=EDGE_LOOP('',(#5571));
#1121=EDGE_LOOP('',(#5572,#5573,#5574,#5575));
#1122=EDGE_LOOP('',(#5576));
#1123=EDGE_LOOP('',(#5577,#5578,#5579,#5580));
#1124=EDGE_LOOP('',(#5581));
#1125=EDGE_LOOP('',(#5582,#5583,#5584,#5585));
#1126=EDGE_LOOP('',(#5586,#5587,#5588,#5589));
#1127=EDGE_LOOP('',(#5590,#5591,#5592,#5593));
#1128=EDGE_LOOP('',(#5594,#5595,#5596,#5597));
#1129=EDGE_LOOP('',(#5598,#5599,#5600,#5601));
#1130=EDGE_LOOP('',(#5602,#5603,#5604,#5605));
#1131=EDGE_LOOP('',(#5606,#5607,#5608,#5609));
#1132=EDGE_LOOP('',(#5610,#5611,#5612,#5613));
#1133=EDGE_LOOP('',(#5614,#5615,#5616,#5617));
#1134=EDGE_LOOP('',(#5618,#5619,#5620,#5621));
#1135=EDGE_LOOP('',(#5622,#5623,#5624,#5625));
#1136=EDGE_LOOP('',(#5626,#5627,#5628,#5629));
#1137=EDGE_LOOP('',(#5630,#5631,#5632,#5633));
#1138=EDGE_LOOP('',(#5634,#5635,#5636,#5637));
#1139=EDGE_LOOP('',(#5638,#5639,#5640,#5641));
#1140=EDGE_LOOP('',(#5642,#5643,#5644,#5645));
#1141=EDGE_LOOP('',(#5646,#5647,#5648,#5649));
#1142=EDGE_LOOP('',(#5650,#5651,#5652,#5653));
#1143=EDGE_LOOP('',(#5654,#5655,#5656,#5657));
#1144=EDGE_LOOP('',(#5658,#5659,#5660,#5661));
#1145=EDGE_LOOP('',(#5662,#5663,#5664,#5665,#5666,#5667,#5668,#5669,#5670,
#5671,#5672,#5673,#5674,#5675,#5676,#5677,#5678,#5679,#5680,#5681));
#1146=EDGE_LOOP('',(#5682,#5683,#5684,#5685));
#1147=EDGE_LOOP('',(#5686,#5687,#5688,#5689));
#1148=EDGE_LOOP('',(#5690,#5691,#5692,#5693));
#1149=EDGE_LOOP('',(#5694,#5695,#5696,#5697));
#1150=EDGE_LOOP('',(#5698,#5699,#5700,#5701));
#1151=EDGE_LOOP('',(#5702,#5703,#5704,#5705));
#1152=EDGE_LOOP('',(#5706,#5707,#5708,#5709));
#1153=EDGE_LOOP('',(#5710,#5711,#5712,#5713,#5714,#5715,#5716));
#1154=EDGE_LOOP('',(#5717,#5718,#5719,#5720));
#1155=EDGE_LOOP('',(#5721,#5722,#5723,#5724));
#1156=EDGE_LOOP('',(#5725,#5726,#5727,#5728));
#1157=EDGE_LOOP('',(#5729,#5730,#5731,#5732));
#1158=EDGE_LOOP('',(#5733,#5734,#5735,#5736));
#1159=EDGE_LOOP('',(#5737,#5738,#5739,#5740));
#1160=EDGE_LOOP('',(#5741,#5742,#5743,#5744));
#1161=EDGE_LOOP('',(#5745,#5746,#5747,#5748));
#1162=EDGE_LOOP('',(#5749,#5750,#5751,#5752));
#1163=EDGE_LOOP('',(#5753,#5754,#5755,#5756));
#1164=EDGE_LOOP('',(#5757,#5758,#5759,#5760,#5761,#5762,#5763,#5764,#5765,
#5766));
#1165=EDGE_LOOP('',(#5767,#5768,#5769,#5770));
#1166=EDGE_LOOP('',(#5771,#5772,#5773,#5774));
#1167=EDGE_LOOP('',(#5775,#5776,#5777,#5778));
#1168=EDGE_LOOP('',(#5779,#5780,#5781,#5782));
#1169=EDGE_LOOP('',(#5783,#5784,#5785,#5786));
#1170=EDGE_LOOP('',(#5787,#5788,#5789,#5790));
#1171=EDGE_LOOP('',(#5791,#5792,#5793,#5794));
#1172=EDGE_LOOP('',(#5795,#5796,#5797,#5798));
#1173=EDGE_LOOP('',(#5799,#5800,#5801,#5802));
#1174=EDGE_LOOP('',(#5803,#5804,#5805,#5806));
#1175=EDGE_LOOP('',(#5807,#5808,#5809,#5810));
#1176=EDGE_LOOP('',(#5811,#5812,#5813,#5814));
#1177=EDGE_LOOP('',(#5815,#5816,#5817,#5818));
#1178=EDGE_LOOP('',(#5819,#5820,#5821,#5822));
#1179=EDGE_LOOP('',(#5823,#5824,#5825,#5826,#5827,#5828,#5829,#5830,#5831,
#5832,#5833,#5834,#5835,#5836));
#1180=EDGE_LOOP('',(#5837,#5838,#5839,#5840));
#1181=EDGE_LOOP('',(#5841,#5842,#5843,#5844));
#1182=EDGE_LOOP('',(#5845,#5846,#5847,#5848));
#1183=EDGE_LOOP('',(#5849,#5850,#5851,#5852));
#1184=EDGE_LOOP('',(#5853,#5854,#5855,#5856));
#1185=EDGE_LOOP('',(#5857,#5858,#5859,#5860));
#1186=EDGE_LOOP('',(#5861,#5862,#5863,#5864));
#1187=EDGE_LOOP('',(#5865,#5866,#5867,#5868));
#1188=EDGE_LOOP('',(#5869,#5870,#5871,#5872));
#1189=EDGE_LOOP('',(#5873,#5874,#5875,#5876));
#1190=EDGE_LOOP('',(#5877,#5878,#5879,#5880));
#1191=EDGE_LOOP('',(#5881,#5882,#5883,#5884));
#1192=EDGE_LOOP('',(#5885,#5886,#5887,#5888));
#1193=EDGE_LOOP('',(#5889,#5890,#5891,#5892));
#1194=EDGE_LOOP('',(#5893,#5894,#5895,#5896));
#1195=EDGE_LOOP('',(#5897,#5898,#5899,#5900));
#1196=EDGE_LOOP('',(#5901,#5902,#5903,#5904,#5905,#5906,#5907,#5908,#5909,
#5910,#5911,#5912,#5913,#5914,#5915,#5916));
#1197=EDGE_LOOP('',(#5917,#5918,#5919,#5920));
#1198=EDGE_LOOP('',(#5921,#5922,#5923,#5924));
#1199=EDGE_LOOP('',(#5925,#5926,#5927,#5928));
#1200=EDGE_LOOP('',(#5929,#5930,#5931,#5932));
#1201=EDGE_LOOP('',(#5933,#5934,#5935,#5936));
#1202=EDGE_LOOP('',(#5937,#5938,#5939,#5940));
#1203=EDGE_LOOP('',(#5941,#5942,#5943,#5944));
#1204=EDGE_LOOP('',(#5945,#5946,#5947,#5948));
#1205=EDGE_LOOP('',(#5949,#5950,#5951,#5952));
#1206=EDGE_LOOP('',(#5953,#5954,#5955,#5956));
#1207=EDGE_LOOP('',(#5957,#5958,#5959,#5960));
#1208=EDGE_LOOP('',(#5961,#5962,#5963,#5964));
#1209=EDGE_LOOP('',(#5965,#5966,#5967,#5968));
#1210=EDGE_LOOP('',(#5969,#5970,#5971,#5972));
#1211=EDGE_LOOP('',(#5973,#5974,#5975,#5976,#5977,#5978,#5979,#5980,#5981,
#5982,#5983,#5984,#5985,#5986));
#1212=EDGE_LOOP('',(#5987,#5988,#5989,#5990));
#1213=EDGE_LOOP('',(#5991,#5992,#5993,#5994));
#1214=EDGE_LOOP('',(#5995,#5996,#5997,#5998));
#1215=EDGE_LOOP('',(#5999,#6000,#6001,#6002));
#1216=EDGE_LOOP('',(#6003,#6004,#6005,#6006));
#1217=EDGE_LOOP('',(#6007,#6008,#6009,#6010));
#1218=EDGE_LOOP('',(#6011,#6012,#6013,#6014));
#1219=EDGE_LOOP('',(#6015,#6016,#6017,#6018));
#1220=EDGE_LOOP('',(#6019,#6020,#6021,#6022));
#1221=EDGE_LOOP('',(#6023,#6024,#6025,#6026));
#1222=EDGE_LOOP('',(#6027,#6028,#6029,#6030));
#1223=EDGE_LOOP('',(#6031,#6032,#6033,#6034));
#1224=EDGE_LOOP('',(#6035,#6036,#6037,#6038));
#1225=EDGE_LOOP('',(#6039,#6040,#6041,#6042));
#1226=EDGE_LOOP('',(#6043,#6044,#6045,#6046));
#1227=EDGE_LOOP('',(#6047,#6048,#6049,#6050));
#1228=EDGE_LOOP('',(#6051,#6052,#6053,#6054));
#1229=EDGE_LOOP('',(#6055,#6056,#6057,#6058));
#1230=EDGE_LOOP('',(#6059,#6060,#6061,#6062));
#1231=EDGE_LOOP('',(#6063,#6064,#6065,#6066));
#1232=EDGE_LOOP('',(#6067,#6068,#6069,#6070));
#1233=EDGE_LOOP('',(#6071,#6072,#6073,#6074));
#1234=EDGE_LOOP('',(#6075,#6076,#6077,#6078));
#1235=EDGE_LOOP('',(#6079,#6080,#6081,#6082,#6083,#6084,#6085,#6086,#6087,
#6088,#6089,#6090,#6091,#6092,#6093,#6094,#6095,#6096));
#1236=EDGE_LOOP('',(#6097,#6098,#6099,#6100,#6101));
#1237=EDGE_LOOP('',(#6102,#6103,#6104,#6105));
#1238=EDGE_LOOP('',(#6106,#6107,#6108,#6109));
#1239=EDGE_LOOP('',(#6110,#6111,#6112,#6113));
#1240=EDGE_LOOP('',(#6114,#6115,#6116,#6117));
#1241=EDGE_LOOP('',(#6118,#6119,#6120,#6121));
#1242=EDGE_LOOP('',(#6122,#6123,#6124,#6125));
#1243=EDGE_LOOP('',(#6126,#6127,#6128,#6129));
#1244=EDGE_LOOP('',(#6130,#6131,#6132,#6133,#6134,#6135,#6136));
#1245=EDGE_LOOP('',(#6137,#6138,#6139,#6140));
#1246=EDGE_LOOP('',(#6141,#6142,#6143,#6144));
#1247=EDGE_LOOP('',(#6145,#6146,#6147,#6148));
#1248=EDGE_LOOP('',(#6149,#6150,#6151,#6152));
#1249=EDGE_LOOP('',(#6153,#6154,#6155,#6156));
#1250=EDGE_LOOP('',(#6157,#6158,#6159,#6160));
#1251=EDGE_LOOP('',(#6161,#6162,#6163,#6164));
#1252=EDGE_LOOP('',(#6165,#6166,#6167,#6168));
#1253=EDGE_LOOP('',(#6169,#6170,#6171,#6172));
#1254=EDGE_LOOP('',(#6173,#6174,#6175,#6176));
#1255=EDGE_LOOP('',(#6177,#6178,#6179,#6180));
#1256=EDGE_LOOP('',(#6181,#6182,#6183,#6184));
#1257=EDGE_LOOP('',(#6185,#6186,#6187,#6188));
#1258=EDGE_LOOP('',(#6189,#6190,#6191,#6192));
#1259=EDGE_LOOP('',(#6193,#6194,#6195,#6196));
#1260=EDGE_LOOP('',(#6197,#6198,#6199,#6200));
#1261=EDGE_LOOP('',(#6201,#6202,#6203,#6204));
#1262=EDGE_LOOP('',(#6205,#6206,#6207,#6208));
#1263=EDGE_LOOP('',(#6209,#6210,#6211,#6212));
#1264=EDGE_LOOP('',(#6213,#6214,#6215,#6216));
#1265=EDGE_LOOP('',(#6217,#6218,#6219,#6220,#6221,#6222,#6223,#6224,#6225,
#6226,#6227,#6228,#6229,#6230,#6231,#6232,#6233,#6234,#6235,#6236));
#1266=EDGE_LOOP('',(#6237,#6238,#6239,#6240));
#1267=EDGE_LOOP('',(#6241,#6242,#6243,#6244));
#1268=EDGE_LOOP('',(#6245,#6246,#6247,#6248));
#1269=EDGE_LOOP('',(#6249,#6250,#6251,#6252));
#1270=EDGE_LOOP('',(#6253,#6254,#6255,#6256));
#1271=EDGE_LOOP('',(#6257,#6258,#6259,#6260));
#1272=EDGE_LOOP('',(#6261,#6262,#6263,#6264));
#1273=EDGE_LOOP('',(#6265,#6266,#6267,#6268));
#1274=EDGE_LOOP('',(#6269,#6270,#6271,#6272));
#1275=EDGE_LOOP('',(#6273,#6274,#6275,#6276));
#1276=EDGE_LOOP('',(#6277,#6278,#6279,#6280));
#1277=EDGE_LOOP('',(#6281,#6282,#6283,#6284));
#1278=EDGE_LOOP('',(#6285,#6286,#6287,#6288));
#1279=EDGE_LOOP('',(#6289,#6290,#6291,#6292));
#1280=EDGE_LOOP('',(#6293,#6294,#6295,#6296));
#1281=EDGE_LOOP('',(#6297,#6298,#6299,#6300));
#1282=EDGE_LOOP('',(#6301,#6302,#6303,#6304));
#1283=EDGE_LOOP('',(#6305,#6306,#6307,#6308));
#1284=EDGE_LOOP('',(#6309,#6310,#6311,#6312));
#1285=EDGE_LOOP('',(#6313,#6314,#6315,#6316));
#1286=EDGE_LOOP('',(#6317,#6318,#6319,#6320));
#1287=EDGE_LOOP('',(#6321,#6322,#6323,#6324));
#1288=EDGE_LOOP('',(#6325,#6326,#6327,#6328));
#1289=EDGE_LOOP('',(#6329,#6330,#6331,#6332,#6333,#6334,#6335,#6336,#6337,
#6338,#6339,#6340,#6341,#6342));
#1290=EDGE_LOOP('',(#6343,#6344,#6345,#6346,#6347,#6348,#6349,#6350,#6351));
#1291=EDGE_LOOP('',(#6352,#6353,#6354,#6355));
#1292=EDGE_LOOP('',(#6356,#6357,#6358,#6359));
#1293=EDGE_LOOP('',(#6360,#6361,#6362,#6363));
#1294=EDGE_LOOP('',(#6364,#6365,#6366,#6367));
#1295=EDGE_LOOP('',(#6368,#6369,#6370,#6371));
#1296=EDGE_LOOP('',(#6372,#6373,#6374,#6375));
#1297=EDGE_LOOP('',(#6376,#6377,#6378,#6379));
#1298=EDGE_LOOP('',(#6380,#6381,#6382,#6383));
#1299=EDGE_LOOP('',(#6384,#6385,#6386,#6387));
#1300=EDGE_LOOP('',(#6388,#6389,#6390,#6391));
#1301=EDGE_LOOP('',(#6392,#6393,#6394,#6395));
#1302=EDGE_LOOP('',(#6396,#6397,#6398,#6399));
#1303=EDGE_LOOP('',(#6400,#6401,#6402,#6403));
#1304=EDGE_LOOP('',(#6404,#6405,#6406,#6407));
#1305=EDGE_LOOP('',(#6408,#6409,#6410,#6411));
#1306=EDGE_LOOP('',(#6412,#6413,#6414,#6415));
#1307=EDGE_LOOP('',(#6416,#6417,#6418,#6419));
#1308=EDGE_LOOP('',(#6420,#6421,#6422,#6423));
#1309=EDGE_LOOP('',(#6424,#6425,#6426,#6427,#6428,#6429,#6430,#6431,#6432,
#6433));
#1310=EDGE_LOOP('',(#6434,#6435,#6436,#6437,#6438,#6439,#6440,#6441));
#1311=EDGE_LOOP('',(#6442,#6443,#6444,#6445));
#1312=EDGE_LOOP('',(#6446,#6447,#6448,#6449));
#1313=EDGE_LOOP('',(#6450,#6451,#6452,#6453));
#1314=EDGE_LOOP('',(#6454,#6455,#6456,#6457));
#1315=EDGE_LOOP('',(#6458,#6459,#6460,#6461));
#1316=EDGE_LOOP('',(#6462,#6463,#6464,#6465));
#1317=EDGE_LOOP('',(#6466,#6467,#6468,#6469));
#1318=EDGE_LOOP('',(#6470,#6471,#6472,#6473));
#1319=EDGE_LOOP('',(#6474,#6475,#6476,#6477));
#1320=EDGE_LOOP('',(#6478,#6479,#6480,#6481));
#1321=EDGE_LOOP('',(#6482,#6483,#6484,#6485));
#1322=EDGE_LOOP('',(#6486,#6487,#6488,#6489,#6490,#6491,#6492,#6493,#6494,
#6495,#6496));
#1323=EDGE_LOOP('',(#6497,#6498,#6499,#6500));
#1324=EDGE_LOOP('',(#6501,#6502,#6503,#6504));
#1325=EDGE_LOOP('',(#6505,#6506,#6507,#6508));
#1326=EDGE_LOOP('',(#6509,#6510,#6511,#6512));
#1327=EDGE_LOOP('',(#6513,#6514,#6515,#6516));
#1328=EDGE_LOOP('',(#6517,#6518,#6519,#6520));
#1329=EDGE_LOOP('',(#6521,#6522,#6523,#6524));
#1330=EDGE_LOOP('',(#6525,#6526,#6527,#6528));
#1331=EDGE_LOOP('',(#6529,#6530,#6531,#6532));
#1332=EDGE_LOOP('',(#6533,#6534,#6535,#6536));
#1333=EDGE_LOOP('',(#6537,#6538,#6539,#6540));
#1334=EDGE_LOOP('',(#6541,#6542,#6543,#6544));
#1335=EDGE_LOOP('',(#6545,#6546,#6547,#6548));
#1336=EDGE_LOOP('',(#6549,#6550,#6551,#6552));
#1337=EDGE_LOOP('',(#6553,#6554,#6555,#6556));
#1338=EDGE_LOOP('',(#6557,#6558,#6559,#6560));
#1339=EDGE_LOOP('',(#6561,#6562,#6563,#6564));
#1340=EDGE_LOOP('',(#6565,#6566,#6567,#6568));
#1341=EDGE_LOOP('',(#6569,#6570,#6571,#6572));
#1342=EDGE_LOOP('',(#6573,#6574,#6575,#6576));
#1343=EDGE_LOOP('',(#6577,#6578,#6579,#6580,#6581,#6582,#6583,#6584,#6585,
#6586,#6587,#6588,#6589,#6590,#6591,#6592,#6593,#6594,#6595,#6596));
#1344=EDGE_LOOP('',(#6597,#6598,#6599,#6600));
#1345=EDGE_LOOP('',(#6601,#6602,#6603,#6604));
#1346=EDGE_LOOP('',(#6605,#6606,#6607,#6608));
#1347=EDGE_LOOP('',(#6609,#6610,#6611,#6612));
#1348=EDGE_LOOP('',(#6613,#6614,#6615,#6616));
#1349=EDGE_LOOP('',(#6617,#6618,#6619,#6620));
#1350=EDGE_LOOP('',(#6621,#6622,#6623,#6624));
#1351=EDGE_LOOP('',(#6625,#6626,#6627,#6628));
#1352=EDGE_LOOP('',(#6629,#6630,#6631,#6632,#6633,#6634,#6635,#6636));
#1353=EDGE_LOOP('',(#6637,#6638,#6639,#6640));
#1354=EDGE_LOOP('',(#6641,#6642,#6643,#6644));
#1355=EDGE_LOOP('',(#6645,#6646,#6647,#6648));
#1356=EDGE_LOOP('',(#6649,#6650,#6651,#6652));
#1357=EDGE_LOOP('',(#6653,#6654,#6655,#6656));
#1358=EDGE_LOOP('',(#6657,#6658,#6659,#6660));
#1359=EDGE_LOOP('',(#6661,#6662,#6663,#6664));
#1360=EDGE_LOOP('',(#6665,#6666,#6667,#6668));
#1361=EDGE_LOOP('',(#6669,#6670,#6671,#6672));
#1362=EDGE_LOOP('',(#6673,#6674,#6675,#6676));
#1363=EDGE_LOOP('',(#6677,#6678,#6679,#6680));
#1364=EDGE_LOOP('',(#6681,#6682,#6683,#6684));
#1365=EDGE_LOOP('',(#6685,#6686,#6687,#6688));
#1366=EDGE_LOOP('',(#6689,#6690,#6691,#6692));
#1367=EDGE_LOOP('',(#6693,#6694,#6695,#6696));
#1368=EDGE_LOOP('',(#6697,#6698,#6699,#6700));
#1369=EDGE_LOOP('',(#6701,#6702,#6703,#6704));
#1370=EDGE_LOOP('',(#6705,#6706,#6707,#6708));
#1371=EDGE_LOOP('',(#6709,#6710,#6711,#6712));
#1372=EDGE_LOOP('',(#6713,#6714,#6715,#6716));
#1373=EDGE_LOOP('',(#6717,#6718,#6719,#6720));
#1374=EDGE_LOOP('',(#6721,#6722,#6723,#6724));
#1375=EDGE_LOOP('',(#6725,#6726,#6727,#6728));
#1376=EDGE_LOOP('',(#6729,#6730,#6731,#6732));
#1377=EDGE_LOOP('',(#6733,#6734,#6735,#6736));
#1378=EDGE_LOOP('',(#6737,#6738,#6739,#6740));
#1379=EDGE_LOOP('',(#6741,#6742,#6743,#6744));
#1380=EDGE_LOOP('',(#6745,#6746,#6747,#6748));
#1381=EDGE_LOOP('',(#6749,#6750,#6751,#6752));
#1382=EDGE_LOOP('',(#6753,#6754,#6755,#6756));
#1383=EDGE_LOOP('',(#6757,#6758,#6759,#6760,#6761,#6762,#6763,#6764,#6765,
#6766,#6767,#6768,#6769,#6770,#6771,#6772,#6773,#6774,#6775,#6776,#6777,
#6778,#6779));
#1384=EDGE_LOOP('',(#6780,#6781,#6782,#6783,#6784,#6785,#6786));
#1385=EDGE_LOOP('',(#6787,#6788,#6789,#6790));
#1386=EDGE_LOOP('',(#6791,#6792,#6793,#6794));
#1387=EDGE_LOOP('',(#6795,#6796,#6797,#6798));
#1388=EDGE_LOOP('',(#6799,#6800,#6801,#6802));
#1389=EDGE_LOOP('',(#6803,#6804,#6805,#6806));
#1390=EDGE_LOOP('',(#6807,#6808,#6809,#6810));
#1391=EDGE_LOOP('',(#6811,#6812,#6813,#6814));
#1392=EDGE_LOOP('',(#6815,#6816,#6817,#6818));
#1393=EDGE_LOOP('',(#6819,#6820,#6821,#6822));
#1394=EDGE_LOOP('',(#6823,#6824,#6825,#6826));
#1395=EDGE_LOOP('',(#6827,#6828,#6829,#6830));
#1396=EDGE_LOOP('',(#6831,#6832,#6833,#6834));
#1397=EDGE_LOOP('',(#6835,#6836,#6837,#6838));
#1398=EDGE_LOOP('',(#6839,#6840,#6841,#6842));
#1399=EDGE_LOOP('',(#6843,#6844,#6845,#6846));
#1400=EDGE_LOOP('',(#6847,#6848,#6849,#6850));
#1401=EDGE_LOOP('',(#6851,#6852,#6853,#6854));
#1402=EDGE_LOOP('',(#6855,#6856,#6857,#6858));
#1403=EDGE_LOOP('',(#6859,#6860,#6861,#6862));
#1404=EDGE_LOOP('',(#6863,#6864,#6865,#6866));
#1405=EDGE_LOOP('',(#6867,#6868,#6869,#6870));
#1406=EDGE_LOOP('',(#6871,#6872,#6873,#6874));
#1407=EDGE_LOOP('',(#6875,#6876,#6877,#6878));
#1408=EDGE_LOOP('',(#6879,#6880,#6881,#6882));
#1409=EDGE_LOOP('',(#6883,#6884,#6885,#6886));
#1410=EDGE_LOOP('',(#6887,#6888,#6889,#6890));
#1411=EDGE_LOOP('',(#6891,#6892,#6893,#6894));
#1412=EDGE_LOOP('',(#6895,#6896,#6897,#6898));
#1413=EDGE_LOOP('',(#6899,#6900,#6901,#6902));
#1414=EDGE_LOOP('',(#6903,#6904,#6905,#6906));
#1415=EDGE_LOOP('',(#6907,#6908,#6909,#6910));
#1416=EDGE_LOOP('',(#6911,#6912,#6913,#6914));
#1417=EDGE_LOOP('',(#6915,#6916,#6917,#6918));
#1418=EDGE_LOOP('',(#6919,#6920,#6921,#6922));
#1419=EDGE_LOOP('',(#6923,#6924,#6925,#6926));
#1420=EDGE_LOOP('',(#6927,#6928,#6929,#6930));
#1421=EDGE_LOOP('',(#6931,#6932,#6933,#6934));
#1422=EDGE_LOOP('',(#6935,#6936,#6937,#6938));
#1423=EDGE_LOOP('',(#6939,#6940,#6941,#6942));
#1424=EDGE_LOOP('',(#6943,#6944,#6945,#6946));
#1425=EDGE_LOOP('',(#6947,#6948,#6949,#6950));
#1426=EDGE_LOOP('',(#6951,#6952,#6953,#6954));
#1427=EDGE_LOOP('',(#6955,#6956,#6957,#6958));
#1428=EDGE_LOOP('',(#6959,#6960,#6961,#6962));
#1429=EDGE_LOOP('',(#6963,#6964,#6965,#6966));
#1430=EDGE_LOOP('',(#6967,#6968,#6969,#6970));
#1431=EDGE_LOOP('',(#6971,#6972,#6973,#6974));
#1432=EDGE_LOOP('',(#6975,#6976,#6977,#6978));
#1433=EDGE_LOOP('',(#6979,#6980,#6981,#6982));
#1434=EDGE_LOOP('',(#6983,#6984,#6985,#6986,#6987,#6988,#6989,#6990,#6991,
#6992,#6993,#6994,#6995,#6996,#6997,#6998,#6999,#7000,#7001,#7002,#7003,
#7004,#7005,#7006,#7007,#7008,#7009,#7010,#7011,#7012,#7013,#7014,#7015,
#7016,#7017,#7018,#7019,#7020,#7021,#7022,#7023,#7024));
#1435=EDGE_LOOP('',(#7025,#7026,#7027,#7028,#7029,#7030,#7031));
#1436=EDGE_LOOP('',(#7032,#7033,#7034,#7035,#7036,#7037,#7038,#7039,#7040,
#7041,#7042,#7043,#7044,#7045,#7046,#7047));
#1437=EDGE_LOOP('',(#7048,#7049,#7050,#7051));
#1438=EDGE_LOOP('',(#7052));
#1439=EDGE_LOOP('',(#7053));
#1440=EDGE_LOOP('',(#7054));
#1441=EDGE_LOOP('',(#7055));
#1442=EDGE_LOOP('',(#7056,#7057,#7058,#7059,#7060,#7061,#7062,#7063,#7064,
#7065,#7066,#7067,#7068,#7069,#7070,#7071,#7072,#7073,#7074,#7075,#7076,
#7077,#7078,#7079,#7080,#7081,#7082,#7083,#7084,#7085,#7086,#7087,#7088,
#7089,#7090,#7091,#7092,#7093,#7094,#7095,#7096,#7097));
#1443=EDGE_LOOP('',(#7098,#7099,#7100,#7101,#7102,#7103,#7104,#7105,#7106,
#7107,#7108,#7109,#7110,#7111,#7112,#7113,#7114,#7115,#7116,#7117,#7118,
#7119,#7120));
#1444=EDGE_LOOP('',(#7121,#7122,#7123,#7124,#7125,#7126,#7127,#7128));
#1445=EDGE_LOOP('',(#7129,#7130,#7131,#7132,#7133,#7134,#7135,#7136,#7137,
#7138,#7139,#7140,#7141,#7142,#7143,#7144,#7145,#7146,#7147,#7148));
#1446=EDGE_LOOP('',(#7149,#7150,#7151,#7152,#7153,#7154,#7155,#7156,#7157,
#7158,#7159));
#1447=EDGE_LOOP('',(#7160,#7161,#7162,#7163,#7164,#7165,#7166,#7167,#7168,
#7169));
#1448=EDGE_LOOP('',(#7170,#7171,#7172,#7173,#7174,#7175,#7176,#7177,#7178,
#7179,#7180,#7181,#7182,#7183));
#1449=EDGE_LOOP('',(#7184,#7185,#7186,#7187,#7188,#7189,#7190,#7191,#7192,
#7193,#7194,#7195,#7196,#7197,#7198,#7199,#7200,#7201,#7202,#7203));
#1450=EDGE_LOOP('',(#7204,#7205,#7206,#7207,#7208,#7209,#7210));
#1451=EDGE_LOOP('',(#7211,#7212,#7213,#7214,#7215,#7216,#7217,#7218,#7219,
#7220,#7221,#7222,#7223,#7224,#7225,#7226,#7227,#7228));
#1452=EDGE_LOOP('',(#7229,#7230,#7231,#7232,#7233,#7234,#7235,#7236,#7237,
#7238,#7239,#7240,#7241,#7242));
#1453=EDGE_LOOP('',(#7243,#7244,#7245,#7246,#7247,#7248,#7249,#7250,#7251,
#7252,#7253,#7254,#7255,#7256,#7257,#7258));
#1454=EDGE_LOOP('',(#7259,#7260,#7261,#7262,#7263,#7264,#7265,#7266,#7267,
#7268,#7269,#7270,#7271,#7272));
#1455=EDGE_LOOP('',(#7273,#7274,#7275,#7276,#7277,#7278,#7279,#7280,#7281,
#7282));
#1456=EDGE_LOOP('',(#7283,#7284,#7285,#7286,#7287,#7288,#7289));
#1457=EDGE_LOOP('',(#7290,#7291,#7292,#7293,#7294,#7295,#7296,#7297,#7298,
#7299,#7300,#7301,#7302,#7303,#7304,#7305,#7306,#7307,#7308,#7309));
#1458=EDGE_LOOP('',(#7310,#7311,#7312,#7313,#7314,#7315,#7316));
#1459=EDGE_LOOP('',(#7317,#7318,#7319,#7320,#7321,#7322,#7323));
#1460=EDGE_LOOP('',(#7324,#7325,#7326,#7327,#7328,#7329,#7330,#7331));
#1461=EDGE_LOOP('',(#7332,#7333,#7334,#7335,#7336,#7337,#7338,#7339,#7340));
#1462=EDGE_LOOP('',(#7341,#7342,#7343,#7344));
#1463=EDGE_LOOP('',(#7345,#7346,#7347,#7348));
#1464=EDGE_LOOP('',(#7349,#7350,#7351,#7352));
#1465=EDGE_LOOP('',(#7353,#7354,#7355,#7356,#7357));
#1466=EDGE_LOOP('',(#7358,#7359,#7360,#7361,#7362,#7363,#7364,#7365,#7366,
#7367,#7368,#7369,#7370,#7371));
#1467=EDGE_LOOP('',(#7372,#7373,#7374,#7375));
#1468=EDGE_LOOP('',(#7376,#7377,#7378,#7379));
#1469=EDGE_LOOP('',(#7380,#7381,#7382));
#1470=EDGE_LOOP('',(#7383,#7384,#7385,#7386,#7387,#7388,#7389,#7390,#7391,
#7392,#7393,#7394));
#1471=EDGE_LOOP('',(#7395,#7396,#7397));
#1472=EDGE_LOOP('',(#7398,#7399,#7400,#7401,#7402));
#1473=EDGE_LOOP('',(#7403,#7404,#7405,#7406,#7407,#7408,#7409,#7410,#7411,
#7412,#7413,#7414,#7415,#7416));
#1474=EDGE_LOOP('',(#7417,#7418,#7419,#7420));
#1475=EDGE_LOOP('',(#7421,#7422,#7423,#7424));
#1476=EDGE_LOOP('',(#7425));
#1477=EDGE_LOOP('',(#7426,#7427,#7428,#7429));
#1478=EDGE_LOOP('',(#7430));
#1479=EDGE_LOOP('',(#7431,#7432,#7433,#7434));
#1480=EDGE_LOOP('',(#7435));
#1481=EDGE_LOOP('',(#7436,#7437,#7438,#7439));
#1482=EDGE_LOOP('',(#7440));
#1483=EDGE_LOOP('',(#7441,#7442,#7443,#7444));
#1484=EDGE_LOOP('',(#7445,#7446,#7447,#7448));
#1485=EDGE_LOOP('',(#7449,#7450,#7451,#7452));
#1486=EDGE_LOOP('',(#7453,#7454,#7455,#7456));
#1487=EDGE_LOOP('',(#7457,#7458,#7459,#7460));
#1488=EDGE_LOOP('',(#7461,#7462,#7463,#7464));
#1489=EDGE_LOOP('',(#7465,#7466,#7467,#7468));
#1490=EDGE_LOOP('',(#7469,#7470,#7471,#7472));
#1491=EDGE_LOOP('',(#7473,#7474,#7475,#7476));
#1492=EDGE_LOOP('',(#7477,#7478,#7479,#7480));
#1493=EDGE_LOOP('',(#7481,#7482,#7483,#7484));
#1494=EDGE_LOOP('',(#7485,#7486,#7487,#7488));
#1495=EDGE_LOOP('',(#7489,#7490,#7491,#7492));
#1496=EDGE_LOOP('',(#7493,#7494,#7495,#7496));
#1497=EDGE_LOOP('',(#7497,#7498,#7499,#7500));
#1498=EDGE_LOOP('',(#7501,#7502,#7503,#7504));
#1499=EDGE_LOOP('',(#7505,#7506,#7507,#7508));
#1500=EDGE_LOOP('',(#7509,#7510,#7511,#7512));
#1501=EDGE_LOOP('',(#7513,#7514,#7515,#7516));
#1502=EDGE_LOOP('',(#7517,#7518,#7519,#7520));
#1503=EDGE_LOOP('',(#7521,#7522,#7523,#7524));
#1504=EDGE_LOOP('',(#7525,#7526,#7527,#7528));
#1505=EDGE_LOOP('',(#7529,#7530,#7531,#7532));
#1506=EDGE_LOOP('',(#7533,#7534,#7535,#7536));
#1507=EDGE_LOOP('',(#7537,#7538,#7539,#7540));
#1508=EDGE_LOOP('',(#7541,#7542,#7543,#7544));
#1509=EDGE_LOOP('',(#7545,#7546,#7547,#7548));
#1510=EDGE_LOOP('',(#7549,#7550,#7551,#7552));
#1511=EDGE_LOOP('',(#7553,#7554,#7555,#7556));
#1512=EDGE_LOOP('',(#7557,#7558,#7559,#7560));
#1513=EDGE_LOOP('',(#7561,#7562,#7563,#7564));
#1514=EDGE_LOOP('',(#7565,#7566,#7567,#7568));
#1515=EDGE_LOOP('',(#7569,#7570,#7571,#7572));
#1516=EDGE_LOOP('',(#7573,#7574,#7575,#7576));
#1517=EDGE_LOOP('',(#7577,#7578,#7579,#7580));
#1518=EDGE_LOOP('',(#7581,#7582,#7583,#7584));
#1519=EDGE_LOOP('',(#7585,#7586,#7587,#7588));
#1520=EDGE_LOOP('',(#7589,#7590,#7591,#7592));
#1521=EDGE_LOOP('',(#7593,#7594,#7595,#7596));
#1522=EDGE_LOOP('',(#7597,#7598,#7599,#7600));
#1523=EDGE_LOOP('',(#7601,#7602,#7603,#7604));
#1524=EDGE_LOOP('',(#7605,#7606,#7607,#7608));
#1525=EDGE_LOOP('',(#7609,#7610,#7611,#7612));
#1526=EDGE_LOOP('',(#7613,#7614,#7615,#7616));
#1527=EDGE_LOOP('',(#7617,#7618,#7619,#7620));
#1528=EDGE_LOOP('',(#7621,#7622,#7623,#7624));
#1529=EDGE_LOOP('',(#7625,#7626,#7627,#7628));
#1530=EDGE_LOOP('',(#7629,#7630,#7631,#7632));
#1531=EDGE_LOOP('',(#7633,#7634,#7635,#7636));
#1532=EDGE_LOOP('',(#7637,#7638,#7639,#7640));
#1533=EDGE_LOOP('',(#7641,#7642,#7643,#7644));
#1534=EDGE_LOOP('',(#7645,#7646,#7647,#7648));
#1535=EDGE_LOOP('',(#7649,#7650,#7651,#7652));
#1536=EDGE_LOOP('',(#7653,#7654,#7655,#7656));
#1537=EDGE_LOOP('',(#7657,#7658,#7659,#7660));
#1538=EDGE_LOOP('',(#7661,#7662,#7663,#7664));
#1539=EDGE_LOOP('',(#7665,#7666,#7667,#7668));
#1540=EDGE_LOOP('',(#7669,#7670,#7671,#7672));
#1541=EDGE_LOOP('',(#7673,#7674,#7675,#7676));
#1542=EDGE_LOOP('',(#7677,#7678,#7679,#7680));
#1543=EDGE_LOOP('',(#7681,#7682,#7683,#7684));
#1544=EDGE_LOOP('',(#7685,#7686,#7687,#7688,#7689,#7690,#7691,#7692,#7693,
#7694,#7695,#7696,#7697,#7698,#7699,#7700,#7701,#7702,#7703,#7704));
#1545=EDGE_LOOP('',(#7705,#7706,#7707,#7708,#7709,#7710,#7711,#7712,#7713,
#7714,#7715,#7716,#7717,#7718,#7719,#7720,#7721,#7722,#7723,#7724));
#1546=EDGE_LOOP('',(#7725,#7726,#7727,#7728));
#1547=EDGE_LOOP('',(#7729,#7730,#7731,#7732));
#1548=EDGE_LOOP('',(#7733,#7734,#7735,#7736));
#1549=EDGE_LOOP('',(#7737,#7738,#7739,#7740));
#1550=EDGE_LOOP('',(#7741,#7742,#7743,#7744));
#1551=EDGE_LOOP('',(#7745,#7746,#7747,#7748));
#1552=EDGE_LOOP('',(#7749,#7750,#7751,#7752));
#1553=EDGE_LOOP('',(#7753,#7754,#7755,#7756));
#1554=EDGE_LOOP('',(#7757,#7758,#7759,#7760));
#1555=EDGE_LOOP('',(#7761,#7762,#7763,#7764));
#1556=EDGE_LOOP('',(#7765,#7766,#7767,#7768));
#1557=EDGE_LOOP('',(#7769,#7770,#7771,#7772));
#1558=EDGE_LOOP('',(#7773,#7774,#7775,#7776));
#1559=EDGE_LOOP('',(#7777,#7778,#7779,#7780));
#1560=EDGE_LOOP('',(#7781,#7782,#7783,#7784));
#1561=EDGE_LOOP('',(#7785,#7786,#7787,#7788));
#1562=EDGE_LOOP('',(#7789,#7790,#7791,#7792));
#1563=EDGE_LOOP('',(#7793,#7794,#7795,#7796));
#1564=EDGE_LOOP('',(#7797,#7798,#7799,#7800));
#1565=EDGE_LOOP('',(#7801,#7802,#7803,#7804));
#1566=EDGE_LOOP('',(#7805,#7806,#7807,#7808));
#1567=EDGE_LOOP('',(#7809,#7810,#7811,#7812));
#1568=EDGE_LOOP('',(#7813,#7814,#7815,#7816));
#1569=EDGE_LOOP('',(#7817,#7818,#7819,#7820));
#1570=EDGE_LOOP('',(#7821,#7822,#7823,#7824));
#1571=EDGE_LOOP('',(#7825,#7826,#7827,#7828));
#1572=EDGE_LOOP('',(#7829,#7830,#7831,#7832));
#1573=EDGE_LOOP('',(#7833,#7834,#7835,#7836,#7837,#7838,#7839,#7840,#7841,
#7842,#7843,#7844,#7845,#7846,#7847,#7848,#7849,#7850,#7851,#7852));
#1574=EDGE_LOOP('',(#7853,#7854,#7855,#7856));
#1575=EDGE_LOOP('',(#7857,#7858,#7859,#7860));
#1576=EDGE_LOOP('',(#7861,#7862,#7863,#7864));
#1577=EDGE_LOOP('',(#7865,#7866,#7867,#7868));
#1578=EDGE_LOOP('',(#7869,#7870,#7871,#7872));
#1579=EDGE_LOOP('',(#7873,#7874,#7875,#7876));
#1580=EDGE_LOOP('',(#7877,#7878,#7879,#7880));
#1581=EDGE_LOOP('',(#7881,#7882,#7883,#7884));
#1582=EDGE_LOOP('',(#7885,#7886,#7887,#7888));
#1583=EDGE_LOOP('',(#7889,#7890,#7891,#7892));
#1584=EDGE_LOOP('',(#7893,#7894,#7895,#7896,#7897,#7898,#7899,#7900,#7901,
#7902,#7903,#7904,#7905,#7906,#7907,#7908,#7909,#7910,#7911,#7912));
#1585=EDGE_LOOP('',(#7913,#7914,#7915,#7916));
#1586=EDGE_LOOP('',(#7917,#7918,#7919,#7920));
#1587=EDGE_LOOP('',(#7921,#7922,#7923,#7924));
#1588=EDGE_LOOP('',(#7925,#7926,#7927,#7928));
#1589=EDGE_LOOP('',(#7929,#7930,#7931,#7932));
#1590=EDGE_LOOP('',(#7933,#7934,#7935,#7936));
#1591=EDGE_LOOP('',(#7937,#7938,#7939,#7940));
#1592=EDGE_LOOP('',(#7941,#7942,#7943,#7944));
#1593=EDGE_LOOP('',(#7945,#7946,#7947,#7948));
#1594=EDGE_LOOP('',(#7949,#7950,#7951,#7952));
#1595=EDGE_LOOP('',(#7953,#7954,#7955,#7956));
#1596=EDGE_LOOP('',(#7957,#7958,#7959,#7960));
#1597=EDGE_LOOP('',(#7961,#7962,#7963,#7964,#7965,#7966,#7967,#7968));
#1598=EDGE_LOOP('',(#7969));
#1599=EDGE_LOOP('',(#7970));
#1600=EDGE_LOOP('',(#7971,#7972,#7973,#7974));
#1601=EDGE_LOOP('',(#7975,#7976,#7977,#7978));
#1602=EDGE_LOOP('',(#7979,#7980,#7981,#7982));
#1603=EDGE_LOOP('',(#7983,#7984,#7985,#7986));
#1604=EDGE_LOOP('',(#7987,#7988,#7989,#7990));
#1605=EDGE_LOOP('',(#7991,#7992,#7993,#7994));
#1606=EDGE_LOOP('',(#7995,#7996,#7997,#7998));
#1607=EDGE_LOOP('',(#7999,#8000,#8001,#8002,#8003,#8004,#8005,#8006));
#1608=EDGE_LOOP('',(#8007));
#1609=EDGE_LOOP('',(#8008));
#1610=EDGE_LOOP('',(#8009,#8010,#8011,#8012));
#1611=EDGE_LOOP('',(#8013,#8014,#8015,#8016));
#1612=EDGE_LOOP('',(#8017,#8018,#8019,#8020));
#1613=EDGE_LOOP('',(#8021,#8022,#8023,#8024,#8025));
#1614=LINE('',#10671,#2496);
#1615=LINE('',#10673,#2497);
#1616=LINE('',#10675,#2498);
#1617=LINE('',#10677,#2499);
#1618=LINE('',#10679,#2500);
#1619=LINE('',#10680,#2501);
#1620=LINE('',#10683,#2502);
#1621=LINE('',#10685,#2503);
#1622=LINE('',#10686,#2504);
#1623=LINE('',#10689,#2505);
#1624=LINE('',#10691,#2506);
#1625=LINE('',#10692,#2507);
#1626=LINE('',#10696,#2508);
#1627=LINE('',#10697,#2509);
#1628=LINE('',#10698,#2510);
#1629=LINE('',#10699,#2511);
#1630=LINE('',#10704,#2512);
#1631=LINE('',#10706,#2513);
#1632=LINE('',#10708,#2514);
#1633=LINE('',#10709,#2515);
#1634=LINE('',#10713,#2516);
#1635=LINE('',#10715,#2517);
#1636=LINE('',#10717,#2518);
#1637=LINE('',#10718,#2519);
#1638=LINE('',#10720,#2520);
#1639=LINE('',#10721,#2521);
#1640=LINE('',#10723,#2522);
#1641=LINE('',#10726,#2523);
#1642=LINE('',#10728,#2524);
#1643=LINE('',#10729,#2525);
#1644=LINE('',#10732,#2526);
#1645=LINE('',#10734,#2527);
#1646=LINE('',#10736,#2528);
#1647=LINE('',#10738,#2529);
#1648=LINE('',#10740,#2530);
#1649=LINE('',#10742,#2531);
#1650=LINE('',#10744,#2532);
#1651=LINE('',#10746,#2533);
#1652=LINE('',#10747,#2534);
#1653=LINE('',#10749,#2535);
#1654=LINE('',#10751,#2536);
#1655=LINE('',#10752,#2537);
#1656=LINE('',#10755,#2538);
#1657=LINE('',#10757,#2539);
#1658=LINE('',#10759,#2540);
#1659=LINE('',#10760,#2541);
#1660=LINE('',#10765,#2542);
#1661=LINE('',#10772,#2543);
#1662=LINE('',#10779,#2544);
#1663=LINE('',#10786,#2545);
#1664=LINE('',#10792,#2546);
#1665=LINE('',#10794,#2547);
#1666=LINE('',#10796,#2548);
#1667=LINE('',#10797,#2549);
#1668=LINE('',#10800,#2550);
#1669=LINE('',#10802,#2551);
#1670=LINE('',#10803,#2552);
#1671=LINE('',#10806,#2553);
#1672=LINE('',#10808,#2554);
#1673=LINE('',#10809,#2555);
#1674=LINE('',#10827,#2556);
#1675=LINE('',#10850,#2557);
#1676=LINE('',#10858,#2558);
#1677=LINE('',#10860,#2559);
#1678=LINE('',#10861,#2560);
#1679=LINE('',#10864,#2561);
#1680=LINE('',#10866,#2562);
#1681=LINE('',#10867,#2563);
#1682=LINE('',#10870,#2564);
#1683=LINE('',#10872,#2565);
#1684=LINE('',#10873,#2566);
#1685=LINE('',#10891,#2567);
#1686=LINE('',#10914,#2568);
#1687=LINE('',#10937,#2569);
#1688=LINE('',#10960,#2570);
#1689=LINE('',#10968,#2571);
#1690=LINE('',#10970,#2572);
#1691=LINE('',#10971,#2573);
#1692=LINE('',#10974,#2574);
#1693=LINE('',#10976,#2575);
#1694=LINE('',#10977,#2576);
#1695=LINE('',#10980,#2577);
#1696=LINE('',#10982,#2578);
#1697=LINE('',#10983,#2579);
#1698=LINE('',#10986,#2580);
#1699=LINE('',#10988,#2581);
#1700=LINE('',#10989,#2582);
#1701=LINE('',#10992,#2583);
#1702=LINE('',#10994,#2584);
#1703=LINE('',#10995,#2585);
#1704=LINE('',#10998,#2586);
#1705=LINE('',#11000,#2587);
#1706=LINE('',#11001,#2588);
#1707=LINE('',#11004,#2589);
#1708=LINE('',#11006,#2590);
#1709=LINE('',#11007,#2591);
#1710=LINE('',#11009,#2592);
#1711=LINE('',#11010,#2593);
#1712=LINE('',#11015,#2594);
#1713=LINE('',#11017,#2595);
#1714=LINE('',#11019,#2596);
#1715=LINE('',#11020,#2597);
#1716=LINE('',#11023,#2598);
#1717=LINE('',#11025,#2599);
#1718=LINE('',#11026,#2600);
#1719=LINE('',#11029,#2601);
#1720=LINE('',#11031,#2602);
#1721=LINE('',#11032,#2603);
#1722=LINE('',#11035,#2604);
#1723=LINE('',#11037,#2605);
#1724=LINE('',#11038,#2606);
#1725=LINE('',#11041,#2607);
#1726=LINE('',#11043,#2608);
#1727=LINE('',#11044,#2609);
#1728=LINE('',#11047,#2610);
#1729=LINE('',#11049,#2611);
#1730=LINE('',#11050,#2612);
#1731=LINE('',#11052,#2613);
#1732=LINE('',#11053,#2614);
#1733=LINE('',#11058,#2615);
#1734=LINE('',#11060,#2616);
#1735=LINE('',#11062,#2617);
#1736=LINE('',#11063,#2618);
#1737=LINE('',#11066,#2619);
#1738=LINE('',#11068,#2620);
#1739=LINE('',#11069,#2621);
#1740=LINE('',#11072,#2622);
#1741=LINE('',#11074,#2623);
#1742=LINE('',#11075,#2624);
#1743=LINE('',#11078,#2625);
#1744=LINE('',#11080,#2626);
#1745=LINE('',#11081,#2627);
#1746=LINE('',#11084,#2628);
#1747=LINE('',#11086,#2629);
#1748=LINE('',#11087,#2630);
#1749=LINE('',#11090,#2631);
#1750=LINE('',#11092,#2632);
#1751=LINE('',#11093,#2633);
#1752=LINE('',#11096,#2634);
#1753=LINE('',#11098,#2635);
#1754=LINE('',#11099,#2636);
#1755=LINE('',#11102,#2637);
#1756=LINE('',#11104,#2638);
#1757=LINE('',#11105,#2639);
#1758=LINE('',#11108,#2640);
#1759=LINE('',#11110,#2641);
#1760=LINE('',#11111,#2642);
#1761=LINE('',#11113,#2643);
#1762=LINE('',#11114,#2644);
#1763=LINE('',#11119,#2645);
#1764=LINE('',#11121,#2646);
#1765=LINE('',#11123,#2647);
#1766=LINE('',#11124,#2648);
#1767=LINE('',#11127,#2649);
#1768=LINE('',#11129,#2650);
#1769=LINE('',#11130,#2651);
#1770=LINE('',#11133,#2652);
#1771=LINE('',#11135,#2653);
#1772=LINE('',#11136,#2654);
#1773=LINE('',#11139,#2655);
#1774=LINE('',#11141,#2656);
#1775=LINE('',#11142,#2657);
#1776=LINE('',#11145,#2658);
#1777=LINE('',#11147,#2659);
#1778=LINE('',#11148,#2660);
#1779=LINE('',#11166,#2661);
#1780=LINE('',#11189,#2662);
#1781=LINE('',#11212,#2663);
#1782=LINE('',#11220,#2664);
#1783=LINE('',#11222,#2665);
#1784=LINE('',#11223,#2666);
#1785=LINE('',#11241,#2667);
#1786=LINE('',#11264,#2668);
#1787=LINE('',#11287,#2669);
#1788=LINE('',#11295,#2670);
#1789=LINE('',#11297,#2671);
#1790=LINE('',#11298,#2672);
#1791=LINE('',#11300,#2673);
#1792=LINE('',#11301,#2674);
#1793=LINE('',#11306,#2675);
#1794=LINE('',#11308,#2676);
#1795=LINE('',#11310,#2677);
#1796=LINE('',#11311,#2678);
#1797=LINE('',#11314,#2679);
#1798=LINE('',#11316,#2680);
#1799=LINE('',#11317,#2681);
#1800=LINE('',#11320,#2682);
#1801=LINE('',#11322,#2683);
#1802=LINE('',#11323,#2684);
#1803=LINE('',#11341,#2685);
#1804=LINE('',#11364,#2686);
#1805=LINE('',#11387,#2687);
#1806=LINE('',#11410,#2688);
#1807=LINE('',#11418,#2689);
#1808=LINE('',#11420,#2690);
#1809=LINE('',#11421,#2691);
#1810=LINE('',#11424,#2692);
#1811=LINE('',#11426,#2693);
#1812=LINE('',#11427,#2694);
#1813=LINE('',#11430,#2695);
#1814=LINE('',#11432,#2696);
#1815=LINE('',#11433,#2697);
#1816=LINE('',#11451,#2698);
#1817=LINE('',#11474,#2699);
#1818=LINE('',#11497,#2700);
#1819=LINE('',#11520,#2701);
#1820=LINE('',#11528,#2702);
#1821=LINE('',#11530,#2703);
#1822=LINE('',#11531,#2704);
#1823=LINE('',#11533,#2705);
#1824=LINE('',#11534,#2706);
#1825=LINE('',#11539,#2707);
#1826=LINE('',#11541,#2708);
#1827=LINE('',#11543,#2709);
#1828=LINE('',#11544,#2710);
#1829=LINE('',#11547,#2711);
#1830=LINE('',#11549,#2712);
#1831=LINE('',#11550,#2713);
#1832=LINE('',#11553,#2714);
#1833=LINE('',#11555,#2715);
#1834=LINE('',#11556,#2716);
#1835=LINE('',#11574,#2717);
#1836=LINE('',#11597,#2718);
#1837=LINE('',#11620,#2719);
#1838=LINE('',#11643,#2720);
#1839=LINE('',#11651,#2721);
#1840=LINE('',#11653,#2722);
#1841=LINE('',#11654,#2723);
#1842=LINE('',#11672,#2724);
#1843=LINE('',#11695,#2725);
#1844=LINE('',#11718,#2726);
#1845=LINE('',#11741,#2727);
#1846=LINE('',#11749,#2728);
#1847=LINE('',#11751,#2729);
#1848=LINE('',#11752,#2730);
#1849=LINE('',#11754,#2731);
#1850=LINE('',#11755,#2732);
#1851=LINE('',#11775,#2733);
#1852=LINE('',#11782,#2734);
#1853=LINE('',#11785,#2735);
#1854=LINE('',#11787,#2736);
#1855=LINE('',#11788,#2737);
#1856=LINE('',#11806,#2738);
#1857=LINE('',#11829,#2739);
#1858=LINE('',#11873,#2740);
#1859=LINE('',#11880,#2741);
#1860=LINE('',#11898,#2742);
#1861=LINE('',#11921,#2743);
#1862=LINE('',#11944,#2744);
#1863=LINE('',#11967,#2745);
#1864=LINE('',#11990,#2746);
#1865=LINE('',#12013,#2747);
#1866=LINE('',#12036,#2748);
#1867=LINE('',#12059,#2749);
#1868=LINE('',#12082,#2750);
#1869=LINE('',#12105,#2751);
#1870=LINE('',#12128,#2752);
#1871=LINE('',#12136,#2753);
#1872=LINE('',#12138,#2754);
#1873=LINE('',#12139,#2755);
#1874=LINE('',#12157,#2756);
#1875=LINE('',#12180,#2757);
#1876=LINE('',#12203,#2758);
#1877=LINE('',#12226,#2759);
#1878=LINE('',#12233,#2760);
#1879=LINE('',#12234,#2761);
#1880=LINE('',#12239,#2762);
#1881=LINE('',#12241,#2763);
#1882=LINE('',#12243,#2764);
#1883=LINE('',#12244,#2765);
#1884=LINE('',#12247,#2766);
#1885=LINE('',#12249,#2767);
#1886=LINE('',#12250,#2768);
#1887=LINE('',#12253,#2769);
#1888=LINE('',#12255,#2770);
#1889=LINE('',#12256,#2771);
#1890=LINE('',#12259,#2772);
#1891=LINE('',#12261,#2773);
#1892=LINE('',#12262,#2774);
#1893=LINE('',#12265,#2775);
#1894=LINE('',#12267,#2776);
#1895=LINE('',#12268,#2777);
#1896=LINE('',#12271,#2778);
#1897=LINE('',#12273,#2779);
#1898=LINE('',#12274,#2780);
#1899=LINE('',#12276,#2781);
#1900=LINE('',#12277,#2782);
#1901=LINE('',#12282,#2783);
#1902=LINE('',#12284,#2784);
#1903=LINE('',#12286,#2785);
#1904=LINE('',#12287,#2786);
#1905=LINE('',#12290,#2787);
#1906=LINE('',#12292,#2788);
#1907=LINE('',#12293,#2789);
#1908=LINE('',#12296,#2790);
#1909=LINE('',#12298,#2791);
#1910=LINE('',#12299,#2792);
#1911=LINE('',#12317,#2793);
#1912=LINE('',#12340,#2794);
#1913=LINE('',#12348,#2795);
#1914=LINE('',#12350,#2796);
#1915=LINE('',#12351,#2797);
#1916=LINE('',#12354,#2798);
#1917=LINE('',#12356,#2799);
#1918=LINE('',#12357,#2800);
#1919=LINE('',#12360,#2801);
#1920=LINE('',#12362,#2802);
#1921=LINE('',#12363,#2803);
#1922=LINE('',#12381,#2804);
#1923=LINE('',#12404,#2805);
#1924=LINE('',#12427,#2806);
#1925=LINE('',#12450,#2807);
#1926=LINE('',#12458,#2808);
#1927=LINE('',#12460,#2809);
#1928=LINE('',#12461,#2810);
#1929=LINE('',#12464,#2811);
#1930=LINE('',#12466,#2812);
#1931=LINE('',#12467,#2813);
#1932=LINE('',#12470,#2814);
#1933=LINE('',#12472,#2815);
#1934=LINE('',#12473,#2816);
#1935=LINE('',#12476,#2817);
#1936=LINE('',#12478,#2818);
#1937=LINE('',#12479,#2819);
#1938=LINE('',#12482,#2820);
#1939=LINE('',#12484,#2821);
#1940=LINE('',#12485,#2822);
#1941=LINE('',#12488,#2823);
#1942=LINE('',#12490,#2824);
#1943=LINE('',#12491,#2825);
#1944=LINE('',#12494,#2826);
#1945=LINE('',#12496,#2827);
#1946=LINE('',#12497,#2828);
#1947=LINE('',#12499,#2829);
#1948=LINE('',#12500,#2830);
#1949=LINE('',#12520,#2831);
#1950=LINE('',#12527,#2832);
#1951=LINE('',#12530,#2833);
#1952=LINE('',#12532,#2834);
#1953=LINE('',#12533,#2835);
#1954=LINE('',#12551,#2836);
#1955=LINE('',#12574,#2837);
#1956=LINE('',#12597,#2838);
#1957=LINE('',#12620,#2839);
#1958=LINE('',#12643,#2840);
#1959=LINE('',#12666,#2841);
#1960=LINE('',#12710,#2842);
#1961=LINE('',#12717,#2843);
#1962=LINE('',#12735,#2844);
#1963=LINE('',#12758,#2845);
#1964=LINE('',#12781,#2846);
#1965=LINE('',#12804,#2847);
#1966=LINE('',#12827,#2848);
#1967=LINE('',#12850,#2849);
#1968=LINE('',#12873,#2850);
#1969=LINE('',#12896,#2851);
#1970=LINE('',#12904,#2852);
#1971=LINE('',#12906,#2853);
#1972=LINE('',#12907,#2854);
#1973=LINE('',#12910,#2855);
#1974=LINE('',#12912,#2856);
#1975=LINE('',#12913,#2857);
#1976=LINE('',#12916,#2858);
#1977=LINE('',#12918,#2859);
#1978=LINE('',#12919,#2860);
#1979=LINE('',#12922,#2861);
#1980=LINE('',#12924,#2862);
#1981=LINE('',#12925,#2863);
#1982=LINE('',#12927,#2864);
#1983=LINE('',#12928,#2865);
#1984=LINE('',#12948,#2866);
#1985=LINE('',#12955,#2867);
#1986=LINE('',#12973,#2868);
#1987=LINE('',#12996,#2869);
#1988=LINE('',#13019,#2870);
#1989=LINE('',#13042,#2871);
#1990=LINE('',#13065,#2872);
#1991=LINE('',#13088,#2873);
#1992=LINE('',#13132,#2874);
#1993=LINE('',#13139,#2875);
#1994=LINE('',#13157,#2876);
#1995=LINE('',#13180,#2877);
#1996=LINE('',#13203,#2878);
#1997=LINE('',#13226,#2879);
#1998=LINE('',#13249,#2880);
#1999=LINE('',#13272,#2881);
#2000=LINE('',#13295,#2882);
#2001=LINE('',#13318,#2883);
#2002=LINE('',#13348,#2884);
#2003=LINE('',#13350,#2885);
#2004=LINE('',#13352,#2886);
#2005=LINE('',#13353,#2887);
#2006=LINE('',#13356,#2888);
#2007=LINE('',#13358,#2889);
#2008=LINE('',#13359,#2890);
#2009=LINE('',#13362,#2891);
#2010=LINE('',#13364,#2892);
#2011=LINE('',#13365,#2893);
#2012=LINE('',#13368,#2894);
#2013=LINE('',#13370,#2895);
#2014=LINE('',#13371,#2896);
#2015=LINE('',#13374,#2897);
#2016=LINE('',#13376,#2898);
#2017=LINE('',#13377,#2899);
#2018=LINE('',#13380,#2900);
#2019=LINE('',#13382,#2901);
#2020=LINE('',#13383,#2902);
#2021=LINE('',#13386,#2903);
#2022=LINE('',#13388,#2904);
#2023=LINE('',#13389,#2905);
#2024=LINE('',#13392,#2906);
#2025=LINE('',#13394,#2907);
#2026=LINE('',#13395,#2908);
#2027=LINE('',#13398,#2909);
#2028=LINE('',#13400,#2910);
#2029=LINE('',#13401,#2911);
#2030=LINE('',#13404,#2912);
#2031=LINE('',#13406,#2913);
#2032=LINE('',#13407,#2914);
#2033=LINE('',#13409,#2915);
#2034=LINE('',#13410,#2916);
#2035=LINE('',#13430,#2917);
#2036=LINE('',#13437,#2918);
#2037=LINE('',#13455,#2919);
#2038=LINE('',#13478,#2920);
#2039=LINE('',#13501,#2921);
#2040=LINE('',#13509,#2922);
#2041=LINE('',#13511,#2923);
#2042=LINE('',#13512,#2924);
#2043=LINE('',#13515,#2925);
#2044=LINE('',#13517,#2926);
#2045=LINE('',#13518,#2927);
#2046=LINE('',#13521,#2928);
#2047=LINE('',#13523,#2929);
#2048=LINE('',#13524,#2930);
#2049=LINE('',#13527,#2931);
#2050=LINE('',#13529,#2932);
#2051=LINE('',#13530,#2933);
#2052=LINE('',#13533,#2934);
#2053=LINE('',#13535,#2935);
#2054=LINE('',#13536,#2936);
#2055=LINE('',#13539,#2937);
#2056=LINE('',#13541,#2938);
#2057=LINE('',#13542,#2939);
#2058=LINE('',#13545,#2940);
#2059=LINE('',#13547,#2941);
#2060=LINE('',#13548,#2942);
#2061=LINE('',#13551,#2943);
#2062=LINE('',#13553,#2944);
#2063=LINE('',#13554,#2945);
#2064=LINE('',#13557,#2946);
#2065=LINE('',#13559,#2947);
#2066=LINE('',#13560,#2948);
#2067=LINE('',#13563,#2949);
#2068=LINE('',#13565,#2950);
#2069=LINE('',#13566,#2951);
#2070=LINE('',#13569,#2952);
#2071=LINE('',#13571,#2953);
#2072=LINE('',#13572,#2954);
#2073=LINE('',#13590,#2955);
#2074=LINE('',#13613,#2956);
#2075=LINE('',#13636,#2957);
#2076=LINE('',#13659,#2958);
#2077=LINE('',#13666,#2959);
#2078=LINE('',#13667,#2960);
#2079=LINE('',#13687,#2961);
#2080=LINE('',#13694,#2962);
#2081=LINE('',#13712,#2963);
#2082=LINE('',#13735,#2964);
#2083=LINE('',#13758,#2965);
#2084=LINE('',#13781,#2966);
#2085=LINE('',#13804,#2967);
#2086=LINE('',#13827,#2968);
#2087=LINE('',#13872,#2969);
#2088=LINE('',#13879,#2970);
#2089=LINE('',#13897,#2971);
#2090=LINE('',#13905,#2972);
#2091=LINE('',#13907,#2973);
#2092=LINE('',#13908,#2974);
#2093=LINE('',#13911,#2975);
#2094=LINE('',#13913,#2976);
#2095=LINE('',#13914,#2977);
#2096=LINE('',#13932,#2978);
#2097=LINE('',#13955,#2979);
#2098=LINE('',#13999,#2980);
#2099=LINE('',#14006,#2981);
#2100=LINE('',#14024,#2982);
#2101=LINE('',#14047,#2983);
#2102=LINE('',#14070,#2984);
#2103=LINE('',#14078,#2985);
#2104=LINE('',#14080,#2986);
#2105=LINE('',#14081,#2987);
#2106=LINE('',#14099,#2988);
#2107=LINE('',#14122,#2989);
#2108=LINE('',#14145,#2990);
#2109=LINE('',#14168,#2991);
#2110=LINE('',#14176,#2992);
#2111=LINE('',#14178,#2993);
#2112=LINE('',#14179,#2994);
#2113=LINE('',#14182,#2995);
#2114=LINE('',#14184,#2996);
#2115=LINE('',#14185,#2997);
#2116=LINE('',#14203,#2998);
#2117=LINE('',#14226,#2999);
#2118=LINE('',#14249,#3000);
#2119=LINE('',#14272,#3001);
#2120=LINE('',#14295,#3002);
#2121=LINE('',#14318,#3003);
#2122=LINE('',#14341,#3004);
#2123=LINE('',#14364,#3005);
#2124=LINE('',#14372,#3006);
#2125=LINE('',#14374,#3007);
#2126=LINE('',#14375,#3008);
#2127=LINE('',#14393,#3009);
#2128=LINE('',#14416,#3010);
#2129=LINE('',#14423,#3011);
#2130=LINE('',#14424,#3012);
#2131=LINE('',#14444,#3013);
#2132=LINE('',#14451,#3014);
#2133=LINE('',#14469,#3015);
#2134=LINE('',#14492,#3016);
#2135=LINE('',#14515,#3017);
#2136=LINE('',#14538,#3018);
#2137=LINE('',#14561,#3019);
#2138=LINE('',#14605,#3020);
#2139=LINE('',#14612,#3021);
#2140=LINE('',#14630,#3022);
#2141=LINE('',#14653,#3023);
#2142=LINE('',#14676,#3024);
#2143=LINE('',#14699,#3025);
#2144=LINE('',#14722,#3026);
#2145=LINE('',#14745,#3027);
#2146=LINE('',#14768,#3028);
#2147=LINE('',#14791,#3029);
#2148=LINE('',#14814,#3030);
#2149=LINE('',#14822,#3031);
#2150=LINE('',#14824,#3032);
#2151=LINE('',#14825,#3033);
#2152=LINE('',#14843,#3034);
#2153=LINE('',#14866,#3035);
#2154=LINE('',#14889,#3036);
#2155=LINE('',#14912,#3037);
#2156=LINE('',#14935,#3038);
#2157=LINE('',#14958,#3039);
#2158=LINE('',#14981,#3040);
#2159=LINE('',#14989,#3041);
#2160=LINE('',#14991,#3042);
#2161=LINE('',#14992,#3043);
#2162=LINE('',#15010,#3044);
#2163=LINE('',#15033,#3045);
#2164=LINE('',#15056,#3046);
#2165=LINE('',#15079,#3047);
#2166=LINE('',#15102,#3048);
#2167=LINE('',#15125,#3049);
#2168=LINE('',#15148,#3050);
#2169=LINE('',#15171,#3051);
#2170=LINE('',#15179,#3052);
#2171=LINE('',#15181,#3053);
#2172=LINE('',#15182,#3054);
#2173=LINE('',#15200,#3055);
#2174=LINE('',#15223,#3056);
#2175=LINE('',#15246,#3057);
#2176=LINE('',#15269,#3058);
#2177=LINE('',#15292,#3059);
#2178=LINE('',#15315,#3060);
#2179=LINE('',#15338,#3061);
#2180=LINE('',#15361,#3062);
#2181=LINE('',#15384,#3063);
#2182=LINE('',#15407,#3064);
#2183=LINE('',#15430,#3065);
#2184=LINE('',#15453,#3066);
#2185=LINE('',#15461,#3067);
#2186=LINE('',#15463,#3068);
#2187=LINE('',#15464,#3069);
#2188=LINE('',#15491,#3070);
#2189=LINE('',#15495,#3071);
#2190=LINE('',#15499,#3072);
#2191=LINE('',#15503,#3073);
#2192=LINE('',#15507,#3074);
#2193=LINE('',#15511,#3075);
#2194=LINE('',#15515,#3076);
#2195=LINE('',#15518,#3077);
#2196=LINE('',#15521,#3078);
#2197=LINE('',#15523,#3079);
#2198=LINE('',#15525,#3080);
#2199=LINE('',#15526,#3081);
#2200=LINE('',#15541,#3082);
#2201=LINE('',#15543,#3083);
#2202=LINE('',#15544,#3084);
#2203=LINE('',#15547,#3085);
#2204=LINE('',#15549,#3086);
#2205=LINE('',#15550,#3087);
#2206=LINE('',#15552,#3088);
#2207=LINE('',#15555,#3089);
#2208=LINE('',#15557,#3090);
#2209=LINE('',#15558,#3091);
#2210=LINE('',#15561,#3092);
#2211=LINE('',#15565,#3093);
#2212=LINE('',#15569,#3094);
#2213=LINE('',#15573,#3095);
#2214=LINE('',#15577,#3096);
#2215=LINE('',#15579,#3097);
#2216=LINE('',#15580,#3098);
#2217=LINE('',#15583,#3099);
#2218=LINE('',#15587,#3100);
#2219=LINE('',#15590,#3101);
#2220=LINE('',#15594,#3102);
#2221=LINE('',#15596,#3103);
#2222=LINE('',#15597,#3104);
#2223=LINE('',#15600,#3105);
#2224=LINE('',#15601,#3106);
#2225=LINE('',#15603,#3107);
#2226=LINE('',#15604,#3108);
#2227=LINE('',#15606,#3109);
#2228=LINE('',#15608,#3110);
#2229=LINE('',#15611,#3111);
#2230=LINE('',#15615,#3112);
#2231=LINE('',#15619,#3113);
#2232=LINE('',#15623,#3114);
#2233=LINE('',#15626,#3115);
#2234=LINE('',#15629,#3116);
#2235=LINE('',#15633,#3117);
#2236=LINE('',#15637,#3118);
#2237=LINE('',#15642,#3119);
#2238=LINE('',#15647,#3120);
#2239=LINE('',#15652,#3121);
#2240=LINE('',#15658,#3122);
#2241=LINE('',#15660,#3123);
#2242=LINE('',#15662,#3124);
#2243=LINE('',#15663,#3125);
#2244=LINE('',#15666,#3126);
#2245=LINE('',#15668,#3127);
#2246=LINE('',#15669,#3128);
#2247=LINE('',#15672,#3129);
#2248=LINE('',#15674,#3130);
#2249=LINE('',#15675,#3131);
#2250=LINE('',#15677,#3132);
#2251=LINE('',#15678,#3133);
#2252=LINE('',#15683,#3134);
#2253=LINE('',#15685,#3135);
#2254=LINE('',#15687,#3136);
#2255=LINE('',#15688,#3137);
#2256=LINE('',#15691,#3138);
#2257=LINE('',#15693,#3139);
#2258=LINE('',#15694,#3140);
#2259=LINE('',#15697,#3141);
#2260=LINE('',#15699,#3142);
#2261=LINE('',#15700,#3143);
#2262=LINE('',#15702,#3144);
#2263=LINE('',#15703,#3145);
#2264=LINE('',#15708,#3146);
#2265=LINE('',#15710,#3147);
#2266=LINE('',#15712,#3148);
#2267=LINE('',#15713,#3149);
#2268=LINE('',#15716,#3150);
#2269=LINE('',#15718,#3151);
#2270=LINE('',#15719,#3152);
#2271=LINE('',#15722,#3153);
#2272=LINE('',#15724,#3154);
#2273=LINE('',#15725,#3155);
#2274=LINE('',#15727,#3156);
#2275=LINE('',#15728,#3157);
#2276=LINE('',#15733,#3158);
#2277=LINE('',#15735,#3159);
#2278=LINE('',#15737,#3160);
#2279=LINE('',#15738,#3161);
#2280=LINE('',#15741,#3162);
#2281=LINE('',#15743,#3163);
#2282=LINE('',#15744,#3164);
#2283=LINE('',#15747,#3165);
#2284=LINE('',#15749,#3166);
#2285=LINE('',#15750,#3167);
#2286=LINE('',#15752,#3168);
#2287=LINE('',#15753,#3169);
#2288=LINE('',#15758,#3170);
#2289=LINE('',#15760,#3171);
#2290=LINE('',#15762,#3172);
#2291=LINE('',#15763,#3173);
#2292=LINE('',#15766,#3174);
#2293=LINE('',#15768,#3175);
#2294=LINE('',#15769,#3176);
#2295=LINE('',#15772,#3177);
#2296=LINE('',#15774,#3178);
#2297=LINE('',#15775,#3179);
#2298=LINE('',#15777,#3180);
#2299=LINE('',#15778,#3181);
#2300=LINE('',#15783,#3182);
#2301=LINE('',#15785,#3183);
#2302=LINE('',#15787,#3184);
#2303=LINE('',#15788,#3185);
#2304=LINE('',#15791,#3186);
#2305=LINE('',#15793,#3187);
#2306=LINE('',#15794,#3188);
#2307=LINE('',#15797,#3189);
#2308=LINE('',#15799,#3190);
#2309=LINE('',#15800,#3191);
#2310=LINE('',#15802,#3192);
#2311=LINE('',#15803,#3193);
#2312=LINE('',#15808,#3194);
#2313=LINE('',#15810,#3195);
#2314=LINE('',#15812,#3196);
#2315=LINE('',#15813,#3197);
#2316=LINE('',#15816,#3198);
#2317=LINE('',#15818,#3199);
#2318=LINE('',#15819,#3200);
#2319=LINE('',#15822,#3201);
#2320=LINE('',#15824,#3202);
#2321=LINE('',#15825,#3203);
#2322=LINE('',#15827,#3204);
#2323=LINE('',#15828,#3205);
#2324=LINE('',#15833,#3206);
#2325=LINE('',#15835,#3207);
#2326=LINE('',#15837,#3208);
#2327=LINE('',#15838,#3209);
#2328=LINE('',#15841,#3210);
#2329=LINE('',#15843,#3211);
#2330=LINE('',#15844,#3212);
#2331=LINE('',#15847,#3213);
#2332=LINE('',#15849,#3214);
#2333=LINE('',#15850,#3215);
#2334=LINE('',#15852,#3216);
#2335=LINE('',#15853,#3217);
#2336=LINE('',#15858,#3218);
#2337=LINE('',#15860,#3219);
#2338=LINE('',#15862,#3220);
#2339=LINE('',#15863,#3221);
#2340=LINE('',#15866,#3222);
#2341=LINE('',#15868,#3223);
#2342=LINE('',#15869,#3224);
#2343=LINE('',#15872,#3225);
#2344=LINE('',#15874,#3226);
#2345=LINE('',#15875,#3227);
#2346=LINE('',#15877,#3228);
#2347=LINE('',#15878,#3229);
#2348=LINE('',#15883,#3230);
#2349=LINE('',#15885,#3231);
#2350=LINE('',#15887,#3232);
#2351=LINE('',#15888,#3233);
#2352=LINE('',#15891,#3234);
#2353=LINE('',#15893,#3235);
#2354=LINE('',#15894,#3236);
#2355=LINE('',#15897,#3237);
#2356=LINE('',#15899,#3238);
#2357=LINE('',#15900,#3239);
#2358=LINE('',#15902,#3240);
#2359=LINE('',#15903,#3241);
#2360=LINE('',#15910,#3242);
#2361=LINE('',#15912,#3243);
#2362=LINE('',#15913,#3244);
#2363=LINE('',#15919,#3245);
#2364=LINE('',#15921,#3246);
#2365=LINE('',#15922,#3247);
#2366=LINE('',#15925,#3248);
#2367=LINE('',#15927,#3249);
#2368=LINE('',#15928,#3250);
#2369=LINE('',#15931,#3251);
#2370=LINE('',#15933,#3252);
#2371=LINE('',#15934,#3253);
#2372=LINE('',#15940,#3254);
#2373=LINE('',#15942,#3255);
#2374=LINE('',#15943,#3256);
#2375=LINE('',#15949,#3257);
#2376=LINE('',#15951,#3258);
#2377=LINE('',#15952,#3259);
#2378=LINE('',#15955,#3260);
#2379=LINE('',#15957,#3261);
#2380=LINE('',#15958,#3262);
#2381=LINE('',#15961,#3263);
#2382=LINE('',#15963,#3264);
#2383=LINE('',#15964,#3265);
#2384=LINE('',#15966,#3266);
#2385=LINE('',#15967,#3267);
#2386=LINE('',#15969,#3268);
#2387=LINE('',#15970,#3269);
#2388=LINE('',#15972,#3270);
#2389=LINE('',#15973,#3271);
#2390=LINE('',#15976,#3272);
#2391=LINE('',#15978,#3273);
#2392=LINE('',#15980,#3274);
#2393=LINE('',#15982,#3275);
#2394=LINE('',#15984,#3276);
#2395=LINE('',#15986,#3277);
#2396=LINE('',#15988,#3278);
#2397=LINE('',#15990,#3279);
#2398=LINE('',#15992,#3280);
#2399=LINE('',#15994,#3281);
#2400=LINE('',#15996,#3282);
#2401=LINE('',#15998,#3283);
#2402=LINE('',#15999,#3284);
#2403=LINE('',#16002,#3285);
#2404=LINE('',#16004,#3286);
#2405=LINE('',#16006,#3287);
#2406=LINE('',#16008,#3288);
#2407=LINE('',#16010,#3289);
#2408=LINE('',#16012,#3290);
#2409=LINE('',#16014,#3291);
#2410=LINE('',#16016,#3292);
#2411=LINE('',#16018,#3293);
#2412=LINE('',#16020,#3294);
#2413=LINE('',#16022,#3295);
#2414=LINE('',#16024,#3296);
#2415=LINE('',#16025,#3297);
#2416=LINE('',#16026,#3298);
#2417=LINE('',#16028,#3299);
#2418=LINE('',#16031,#3300);
#2419=LINE('',#16033,#3301);
#2420=LINE('',#16034,#3302);
#2421=LINE('',#16037,#3303);
#2422=LINE('',#16038,#3304);
#2423=LINE('',#16042,#3305);
#2424=LINE('',#16043,#3306);
#2425=LINE('',#16044,#3307);
#2426=LINE('',#16047,#3308);
#2427=LINE('',#16048,#3309);
#2428=LINE('',#16051,#3310);
#2429=LINE('',#16053,#3311);
#2430=LINE('',#16054,#3312);
#2431=LINE('',#16057,#3313);
#2432=LINE('',#16058,#3314);
#2433=LINE('',#16062,#3315);
#2434=LINE('',#16063,#3316);
#2435=LINE('',#16064,#3317);
#2436=LINE('',#16067,#3318);
#2437=LINE('',#16068,#3319);
#2438=LINE('',#16071,#3320);
#2439=LINE('',#16073,#3321);
#2440=LINE('',#16074,#3322);
#2441=LINE('',#16077,#3323);
#2442=LINE('',#16078,#3324);
#2443=LINE('',#16082,#3325);
#2444=LINE('',#16083,#3326);
#2445=LINE('',#16084,#3327);
#2446=LINE('',#16087,#3328);
#2447=LINE('',#16088,#3329);
#2448=LINE('',#16091,#3330);
#2449=LINE('',#16093,#3331);
#2450=LINE('',#16094,#3332);
#2451=LINE('',#16097,#3333);
#2452=LINE('',#16098,#3334);
#2453=LINE('',#16102,#3335);
#2454=LINE('',#16103,#3336);
#2455=LINE('',#16104,#3337);
#2456=LINE('',#16107,#3338);
#2457=LINE('',#16108,#3339);
#2458=LINE('',#16110,#3340);
#2459=LINE('',#16112,#3341);
#2460=LINE('',#16114,#3342);
#2461=LINE('',#16116,#3343);
#2462=LINE('',#16118,#3344);
#2463=LINE('',#16121,#3345);
#2464=LINE('',#16123,#3346);
#2465=LINE('',#16125,#3347);
#2466=LINE('',#16127,#3348);
#2467=LINE('',#16129,#3349);
#2468=LINE('',#16134,#3350);
#2469=LINE('',#16135,#3351);
#2470=LINE('',#16136,#3352);
#2471=LINE('',#16139,#3353);
#2472=LINE('',#16140,#3354);
#2473=LINE('',#16143,#3355);
#2474=LINE('',#16144,#3356);
#2475=LINE('',#16146,#3357);
#2476=LINE('',#16148,#3358);
#2477=LINE('',#16149,#3359);
#2478=LINE('',#16151,#3360);
#2479=LINE('',#16153,#3361);
#2480=LINE('',#16156,#3362);
#2481=LINE('',#16157,#3363);
#2482=LINE('',#16159,#3364);
#2483=LINE('',#16161,#3365);
#2484=LINE('',#16163,#3366);
#2485=LINE('',#16165,#3367);
#2486=LINE('',#16167,#3368);
#2487=LINE('',#16169,#3369);
#2488=LINE('',#16171,#3370);
#2489=LINE('',#16173,#3371);
#2490=LINE('',#16175,#3372);
#2491=LINE('',#16177,#3373);
#2492=LINE('',#16179,#3374);
#2493=LINE('',#16181,#3375);
#2494=LINE('',#16183,#3376);
#2495=LINE('',#16185,#3377);
#2496=VECTOR('',#9119,10.);
#2497=VECTOR('',#9120,10.);
#2498=VECTOR('',#9121,10.);
#2499=VECTOR('',#9122,10.);
#2500=VECTOR('',#9123,10.);
#2501=VECTOR('',#9124,10.);
#2502=VECTOR('',#9127,10.);
#2503=VECTOR('',#9128,10.);
#2504=VECTOR('',#9129,10.);
#2505=VECTOR('',#9132,10.);
#2506=VECTOR('',#9133,10.);
#2507=VECTOR('',#9134,10.);
#2508=VECTOR('',#9137,10.);
#2509=VECTOR('',#9138,10.);
#2510=VECTOR('',#9139,10.);
#2511=VECTOR('',#9140,10.);
#2512=VECTOR('',#9145,10.);
#2513=VECTOR('',#9146,10.);
#2514=VECTOR('',#9147,10.);
#2515=VECTOR('',#9148,10.);
#2516=VECTOR('',#9151,10.);
#2517=VECTOR('',#9152,10.);
#2518=VECTOR('',#9153,10.);
#2519=VECTOR('',#9154,10.);
#2520=VECTOR('',#9157,10.);
#2521=VECTOR('',#9158,10.);
#2522=VECTOR('',#9161,10.);
#2523=VECTOR('',#9164,10.);
#2524=VECTOR('',#9165,10.);
#2525=VECTOR('',#9166,10.);
#2526=VECTOR('',#9169,10.);
#2527=VECTOR('',#9170,10.);
#2528=VECTOR('',#9171,10.);
#2529=VECTOR('',#9172,10.);
#2530=VECTOR('',#9173,10.);
#2531=VECTOR('',#9174,10.);
#2532=VECTOR('',#9175,10.);
#2533=VECTOR('',#9176,10.);
#2534=VECTOR('',#9177,10.);
#2535=VECTOR('',#9180,10.);
#2536=VECTOR('',#9181,10.);
#2537=VECTOR('',#9182,10.);
#2538=VECTOR('',#9183,10.);
#2539=VECTOR('',#9184,10.);
#2540=VECTOR('',#9185,10.);
#2541=VECTOR('',#9186,10.);
#2542=VECTOR('',#9191,2.);
#2543=VECTOR('',#9200,2.);
#2544=VECTOR('',#9209,2.);
#2545=VECTOR('',#9218,2.);
#2546=VECTOR('',#9225,10.);
#2547=VECTOR('',#9226,10.);
#2548=VECTOR('',#9227,10.);
#2549=VECTOR('',#9228,10.);
#2550=VECTOR('',#9231,10.);
#2551=VECTOR('',#9232,10.);
#2552=VECTOR('',#9233,10.);
#2553=VECTOR('',#9236,10.);
#2554=VECTOR('',#9237,10.);
#2555=VECTOR('',#9238,10.);
#2556=VECTOR('',#9239,10.);
#2557=VECTOR('',#9240,10.);
#2558=VECTOR('',#9243,10.);
#2559=VECTOR('',#9244,10.);
#2560=VECTOR('',#9245,10.);
#2561=VECTOR('',#9248,10.);
#2562=VECTOR('',#9249,10.);
#2563=VECTOR('',#9250,10.);
#2564=VECTOR('',#9253,10.);
#2565=VECTOR('',#9254,10.);
#2566=VECTOR('',#9255,10.);
#2567=VECTOR('',#9256,10.);
#2568=VECTOR('',#9257,10.);
#2569=VECTOR('',#9258,10.);
#2570=VECTOR('',#9259,10.);
#2571=VECTOR('',#9262,10.);
#2572=VECTOR('',#9263,10.);
#2573=VECTOR('',#9264,10.);
#2574=VECTOR('',#9267,10.);
#2575=VECTOR('',#9268,10.);
#2576=VECTOR('',#9269,10.);
#2577=VECTOR('',#9272,10.);
#2578=VECTOR('',#9273,10.);
#2579=VECTOR('',#9274,10.);
#2580=VECTOR('',#9277,10.);
#2581=VECTOR('',#9278,10.);
#2582=VECTOR('',#9279,10.);
#2583=VECTOR('',#9282,10.);
#2584=VECTOR('',#9283,10.);
#2585=VECTOR('',#9284,10.);
#2586=VECTOR('',#9287,10.);
#2587=VECTOR('',#9288,10.);
#2588=VECTOR('',#9289,10.);
#2589=VECTOR('',#9292,10.);
#2590=VECTOR('',#9293,10.);
#2591=VECTOR('',#9294,10.);
#2592=VECTOR('',#9297,10.);
#2593=VECTOR('',#9298,10.);
#2594=VECTOR('',#9303,10.);
#2595=VECTOR('',#9304,10.);
#2596=VECTOR('',#9305,10.);
#2597=VECTOR('',#9306,10.);
#2598=VECTOR('',#9309,10.);
#2599=VECTOR('',#9310,10.);
#2600=VECTOR('',#9311,10.);
#2601=VECTOR('',#9314,10.);
#2602=VECTOR('',#9315,10.);
#2603=VECTOR('',#9316,10.);
#2604=VECTOR('',#9319,10.);
#2605=VECTOR('',#9320,10.);
#2606=VECTOR('',#9321,10.);
#2607=VECTOR('',#9324,10.);
#2608=VECTOR('',#9325,10.);
#2609=VECTOR('',#9326,10.);
#2610=VECTOR('',#9329,10.);
#2611=VECTOR('',#9330,10.);
#2612=VECTOR('',#9331,10.);
#2613=VECTOR('',#9334,10.);
#2614=VECTOR('',#9335,10.);
#2615=VECTOR('',#9340,10.);
#2616=VECTOR('',#9341,10.);
#2617=VECTOR('',#9342,10.);
#2618=VECTOR('',#9343,10.);
#2619=VECTOR('',#9346,10.);
#2620=VECTOR('',#9347,10.);
#2621=VECTOR('',#9348,10.);
#2622=VECTOR('',#9351,10.);
#2623=VECTOR('',#9352,10.);
#2624=VECTOR('',#9353,10.);
#2625=VECTOR('',#9356,10.);
#2626=VECTOR('',#9357,10.);
#2627=VECTOR('',#9358,10.);
#2628=VECTOR('',#9361,10.);
#2629=VECTOR('',#9362,10.);
#2630=VECTOR('',#9363,10.);
#2631=VECTOR('',#9366,10.);
#2632=VECTOR('',#9367,10.);
#2633=VECTOR('',#9368,10.);
#2634=VECTOR('',#9371,10.);
#2635=VECTOR('',#9372,10.);
#2636=VECTOR('',#9373,10.);
#2637=VECTOR('',#9376,10.);
#2638=VECTOR('',#9377,10.);
#2639=VECTOR('',#9378,10.);
#2640=VECTOR('',#9381,10.);
#2641=VECTOR('',#9382,10.);
#2642=VECTOR('',#9383,10.);
#2643=VECTOR('',#9386,10.);
#2644=VECTOR('',#9387,10.);
#2645=VECTOR('',#9392,10.);
#2646=VECTOR('',#9393,10.);
#2647=VECTOR('',#9394,10.);
#2648=VECTOR('',#9395,10.);
#2649=VECTOR('',#9398,10.);
#2650=VECTOR('',#9399,10.);
#2651=VECTOR('',#9400,10.);
#2652=VECTOR('',#9403,10.);
#2653=VECTOR('',#9404,10.);
#2654=VECTOR('',#9405,10.);
#2655=VECTOR('',#9408,10.);
#2656=VECTOR('',#9409,10.);
#2657=VECTOR('',#9410,10.);
#2658=VECTOR('',#9413,10.);
#2659=VECTOR('',#9414,10.);
#2660=VECTOR('',#9415,10.);
#2661=VECTOR('',#9416,10.);
#2662=VECTOR('',#9417,10.);
#2663=VECTOR('',#9418,10.);
#2664=VECTOR('',#9421,10.);
#2665=VECTOR('',#9422,10.);
#2666=VECTOR('',#9423,10.);
#2667=VECTOR('',#9424,10.);
#2668=VECTOR('',#9425,10.);
#2669=VECTOR('',#9426,10.);
#2670=VECTOR('',#9429,10.);
#2671=VECTOR('',#9430,10.);
#2672=VECTOR('',#9431,10.);
#2673=VECTOR('',#9434,10.);
#2674=VECTOR('',#9435,10.);
#2675=VECTOR('',#9440,10.);
#2676=VECTOR('',#9441,10.);
#2677=VECTOR('',#9442,10.);
#2678=VECTOR('',#9443,10.);
#2679=VECTOR('',#9446,10.);
#2680=VECTOR('',#9447,10.);
#2681=VECTOR('',#9448,10.);
#2682=VECTOR('',#9451,10.);
#2683=VECTOR('',#9452,10.);
#2684=VECTOR('',#9453,10.);
#2685=VECTOR('',#9454,10.);
#2686=VECTOR('',#9455,10.);
#2687=VECTOR('',#9456,10.);
#2688=VECTOR('',#9457,10.);
#2689=VECTOR('',#9460,10.);
#2690=VECTOR('',#9461,10.);
#2691=VECTOR('',#9462,10.);
#2692=VECTOR('',#9465,10.);
#2693=VECTOR('',#9466,10.);
#2694=VECTOR('',#9467,10.);
#2695=VECTOR('',#9470,10.);
#2696=VECTOR('',#9471,10.);
#2697=VECTOR('',#9472,10.);
#2698=VECTOR('',#9473,10.);
#2699=VECTOR('',#9474,10.);
#2700=VECTOR('',#9475,10.);
#2701=VECTOR('',#9476,10.);
#2702=VECTOR('',#9479,10.);
#2703=VECTOR('',#9480,10.);
#2704=VECTOR('',#9481,10.);
#2705=VECTOR('',#9484,10.);
#2706=VECTOR('',#9485,10.);
#2707=VECTOR('',#9490,10.);
#2708=VECTOR('',#9491,10.);
#2709=VECTOR('',#9492,10.);
#2710=VECTOR('',#9493,10.);
#2711=VECTOR('',#9496,10.);
#2712=VECTOR('',#9497,10.);
#2713=VECTOR('',#9498,10.);
#2714=VECTOR('',#9501,10.);
#2715=VECTOR('',#9502,10.);
#2716=VECTOR('',#9503,10.);
#2717=VECTOR('',#9504,10.);
#2718=VECTOR('',#9505,10.);
#2719=VECTOR('',#9506,10.);
#2720=VECTOR('',#9507,10.);
#2721=VECTOR('',#9510,10.);
#2722=VECTOR('',#9511,10.);
#2723=VECTOR('',#9512,10.);
#2724=VECTOR('',#9513,10.);
#2725=VECTOR('',#9514,10.);
#2726=VECTOR('',#9515,10.);
#2727=VECTOR('',#9516,10.);
#2728=VECTOR('',#9519,10.);
#2729=VECTOR('',#9520,10.);
#2730=VECTOR('',#9521,10.);
#2731=VECTOR('',#9524,10.);
#2732=VECTOR('',#9525,10.);
#2733=VECTOR('',#9528,10.);
#2734=VECTOR('',#9529,10.);
#2735=VECTOR('',#9532,10.);
#2736=VECTOR('',#9533,10.);
#2737=VECTOR('',#9534,10.);
#2738=VECTOR('',#9535,10.);
#2739=VECTOR('',#9536,10.);
#2740=VECTOR('',#9537,10.);
#2741=VECTOR('',#9538,10.);
#2742=VECTOR('',#9539,10.);
#2743=VECTOR('',#9540,10.);
#2744=VECTOR('',#9541,10.);
#2745=VECTOR('',#9542,10.);
#2746=VECTOR('',#9543,10.);
#2747=VECTOR('',#9544,10.);
#2748=VECTOR('',#9545,10.);
#2749=VECTOR('',#9546,10.);
#2750=VECTOR('',#9547,10.);
#2751=VECTOR('',#9548,10.);
#2752=VECTOR('',#9549,10.);
#2753=VECTOR('',#9552,10.);
#2754=VECTOR('',#9553,10.);
#2755=VECTOR('',#9554,10.);
#2756=VECTOR('',#9555,10.);
#2757=VECTOR('',#9556,10.);
#2758=VECTOR('',#9557,10.);
#2759=VECTOR('',#9558,10.);
#2760=VECTOR('',#9561,10.);
#2761=VECTOR('',#9562,10.);
#2762=VECTOR('',#9567,10.);
#2763=VECTOR('',#9568,10.);
#2764=VECTOR('',#9569,10.);
#2765=VECTOR('',#9570,10.);
#2766=VECTOR('',#9573,10.);
#2767=VECTOR('',#9574,10.);
#2768=VECTOR('',#9575,10.);
#2769=VECTOR('',#9578,10.);
#2770=VECTOR('',#9579,10.);
#2771=VECTOR('',#9580,10.);
#2772=VECTOR('',#9583,10.);
#2773=VECTOR('',#9584,10.);
#2774=VECTOR('',#9585,10.);
#2775=VECTOR('',#9588,10.);
#2776=VECTOR('',#9589,10.);
#2777=VECTOR('',#9590,10.);
#2778=VECTOR('',#9593,10.);
#2779=VECTOR('',#9594,10.);
#2780=VECTOR('',#9595,10.);
#2781=VECTOR('',#9598,10.);
#2782=VECTOR('',#9599,10.);
#2783=VECTOR('',#9604,10.);
#2784=VECTOR('',#9605,10.);
#2785=VECTOR('',#9606,10.);
#2786=VECTOR('',#9607,10.);
#2787=VECTOR('',#9610,10.);
#2788=VECTOR('',#9611,10.);
#2789=VECTOR('',#9612,10.);
#2790=VECTOR('',#9615,10.);
#2791=VECTOR('',#9616,10.);
#2792=VECTOR('',#9617,10.);
#2793=VECTOR('',#9618,10.);
#2794=VECTOR('',#9619,10.);
#2795=VECTOR('',#9622,10.);
#2796=VECTOR('',#9623,10.);
#2797=VECTOR('',#9624,10.);
#2798=VECTOR('',#9627,10.);
#2799=VECTOR('',#9628,10.);
#2800=VECTOR('',#9629,10.);
#2801=VECTOR('',#9632,10.);
#2802=VECTOR('',#9633,10.);
#2803=VECTOR('',#9634,10.);
#2804=VECTOR('',#9635,10.);
#2805=VECTOR('',#9636,10.);
#2806=VECTOR('',#9637,10.);
#2807=VECTOR('',#9638,10.);
#2808=VECTOR('',#9641,10.);
#2809=VECTOR('',#9642,10.);
#2810=VECTOR('',#9643,10.);
#2811=VECTOR('',#9646,10.);
#2812=VECTOR('',#9647,10.);
#2813=VECTOR('',#9648,10.);
#2814=VECTOR('',#9651,10.);
#2815=VECTOR('',#9652,10.);
#2816=VECTOR('',#9653,10.);
#2817=VECTOR('',#9656,10.);
#2818=VECTOR('',#9657,10.);
#2819=VECTOR('',#9658,10.);
#2820=VECTOR('',#9661,10.);
#2821=VECTOR('',#9662,10.);
#2822=VECTOR('',#9663,10.);
#2823=VECTOR('',#9666,10.);
#2824=VECTOR('',#9667,10.);
#2825=VECTOR('',#9668,10.);
#2826=VECTOR('',#9671,10.);
#2827=VECTOR('',#9672,10.);
#2828=VECTOR('',#9673,10.);
#2829=VECTOR('',#9676,10.);
#2830=VECTOR('',#9677,10.);
#2831=VECTOR('',#9680,10.);
#2832=VECTOR('',#9681,10.);
#2833=VECTOR('',#9684,10.);
#2834=VECTOR('',#9685,10.);
#2835=VECTOR('',#9686,10.);
#2836=VECTOR('',#9687,10.);
#2837=VECTOR('',#9688,10.);
#2838=VECTOR('',#9689,10.);
#2839=VECTOR('',#9690,10.);
#2840=VECTOR('',#9691,10.);
#2841=VECTOR('',#9692,10.);
#2842=VECTOR('',#9693,10.);
#2843=VECTOR('',#9694,10.);
#2844=VECTOR('',#9695,10.);
#2845=VECTOR('',#9696,10.);
#2846=VECTOR('',#9697,10.);
#2847=VECTOR('',#9698,10.);
#2848=VECTOR('',#9699,10.);
#2849=VECTOR('',#9700,10.);
#2850=VECTOR('',#9701,10.);
#2851=VECTOR('',#9702,10.);
#2852=VECTOR('',#9705,10.);
#2853=VECTOR('',#9706,10.);
#2854=VECTOR('',#9707,10.);
#2855=VECTOR('',#9710,10.);
#2856=VECTOR('',#9711,10.);
#2857=VECTOR('',#9712,10.);
#2858=VECTOR('',#9715,10.);
#2859=VECTOR('',#9716,10.);
#2860=VECTOR('',#9717,10.);
#2861=VECTOR('',#9720,10.);
#2862=VECTOR('',#9721,10.);
#2863=VECTOR('',#9722,10.);
#2864=VECTOR('',#9725,10.);
#2865=VECTOR('',#9726,10.);
#2866=VECTOR('',#9729,10.);
#2867=VECTOR('',#9730,10.);
#2868=VECTOR('',#9731,10.);
#2869=VECTOR('',#9732,10.);
#2870=VECTOR('',#9733,10.);
#2871=VECTOR('',#9734,10.);
#2872=VECTOR('',#9735,10.);
#2873=VECTOR('',#9736,10.);
#2874=VECTOR('',#9737,10.);
#2875=VECTOR('',#9738,10.);
#2876=VECTOR('',#9739,10.);
#2877=VECTOR('',#9740,10.);
#2878=VECTOR('',#9741,10.);
#2879=VECTOR('',#9742,10.);
#2880=VECTOR('',#9743,10.);
#2881=VECTOR('',#9744,10.);
#2882=VECTOR('',#9745,10.);
#2883=VECTOR('',#9746,10.);
#2884=VECTOR('',#9751,10.);
#2885=VECTOR('',#9752,10.);
#2886=VECTOR('',#9753,10.);
#2887=VECTOR('',#9754,10.);
#2888=VECTOR('',#9757,10.);
#2889=VECTOR('',#9758,10.);
#2890=VECTOR('',#9759,10.);
#2891=VECTOR('',#9762,10.);
#2892=VECTOR('',#9763,10.);
#2893=VECTOR('',#9764,10.);
#2894=VECTOR('',#9767,10.);
#2895=VECTOR('',#9768,10.);
#2896=VECTOR('',#9769,10.);
#2897=VECTOR('',#9772,10.);
#2898=VECTOR('',#9773,10.);
#2899=VECTOR('',#9774,10.);
#2900=VECTOR('',#9777,10.);
#2901=VECTOR('',#9778,10.);
#2902=VECTOR('',#9779,10.);
#2903=VECTOR('',#9782,10.);
#2904=VECTOR('',#9783,10.);
#2905=VECTOR('',#9784,10.);
#2906=VECTOR('',#9787,10.);
#2907=VECTOR('',#9788,10.);
#2908=VECTOR('',#9789,10.);
#2909=VECTOR('',#9792,10.);
#2910=VECTOR('',#9793,10.);
#2911=VECTOR('',#9794,10.);
#2912=VECTOR('',#9797,10.);
#2913=VECTOR('',#9798,10.);
#2914=VECTOR('',#9799,10.);
#2915=VECTOR('',#9802,10.);
#2916=VECTOR('',#9803,10.);
#2917=VECTOR('',#9806,10.);
#2918=VECTOR('',#9807,10.);
#2919=VECTOR('',#9808,10.);
#2920=VECTOR('',#9809,10.);
#2921=VECTOR('',#9810,10.);
#2922=VECTOR('',#9813,10.);
#2923=VECTOR('',#9814,10.);
#2924=VECTOR('',#9815,10.);
#2925=VECTOR('',#9818,10.);
#2926=VECTOR('',#9819,10.);
#2927=VECTOR('',#9820,10.);
#2928=VECTOR('',#9823,10.);
#2929=VECTOR('',#9824,10.);
#2930=VECTOR('',#9825,10.);
#2931=VECTOR('',#9828,10.);
#2932=VECTOR('',#9829,10.);
#2933=VECTOR('',#9830,10.);
#2934=VECTOR('',#9833,10.);
#2935=VECTOR('',#9834,10.);
#2936=VECTOR('',#9835,10.);
#2937=VECTOR('',#9838,10.);
#2938=VECTOR('',#9839,10.);
#2939=VECTOR('',#9840,10.);
#2940=VECTOR('',#9843,10.);
#2941=VECTOR('',#9844,10.);
#2942=VECTOR('',#9845,10.);
#2943=VECTOR('',#9848,10.);
#2944=VECTOR('',#9849,10.);
#2945=VECTOR('',#9850,10.);
#2946=VECTOR('',#9853,10.);
#2947=VECTOR('',#9854,10.);
#2948=VECTOR('',#9855,10.);
#2949=VECTOR('',#9858,10.);
#2950=VECTOR('',#9859,10.);
#2951=VECTOR('',#9860,10.);
#2952=VECTOR('',#9863,10.);
#2953=VECTOR('',#9864,10.);
#2954=VECTOR('',#9865,10.);
#2955=VECTOR('',#9866,10.);
#2956=VECTOR('',#9867,10.);
#2957=VECTOR('',#9868,10.);
#2958=VECTOR('',#9869,10.);
#2959=VECTOR('',#9872,10.);
#2960=VECTOR('',#9873,10.);
#2961=VECTOR('',#9876,10.);
#2962=VECTOR('',#9877,10.);
#2963=VECTOR('',#9878,10.);
#2964=VECTOR('',#9879,10.);
#2965=VECTOR('',#9880,10.);
#2966=VECTOR('',#9881,10.);
#2967=VECTOR('',#9882,10.);
#2968=VECTOR('',#9883,10.);
#2969=VECTOR('',#9886,10.);
#2970=VECTOR('',#9887,10.);
#2971=VECTOR('',#9888,10.);
#2972=VECTOR('',#9891,10.);
#2973=VECTOR('',#9892,10.);
#2974=VECTOR('',#9893,10.);
#2975=VECTOR('',#9896,10.);
#2976=VECTOR('',#9897,10.);
#2977=VECTOR('',#9898,10.);
#2978=VECTOR('',#9899,10.);
#2979=VECTOR('',#9900,10.);
#2980=VECTOR('',#9901,10.);
#2981=VECTOR('',#9902,10.);
#2982=VECTOR('',#9903,10.);
#2983=VECTOR('',#9904,10.);
#2984=VECTOR('',#9905,10.);
#2985=VECTOR('',#9908,10.);
#2986=VECTOR('',#9909,10.);
#2987=VECTOR('',#9910,10.);
#2988=VECTOR('',#9911,10.);
#2989=VECTOR('',#9912,10.);
#2990=VECTOR('',#9913,10.);
#2991=VECTOR('',#9914,10.);
#2992=VECTOR('',#9917,10.);
#2993=VECTOR('',#9918,10.);
#2994=VECTOR('',#9919,10.);
#2995=VECTOR('',#9922,10.);
#2996=VECTOR('',#9923,10.);
#2997=VECTOR('',#9924,10.);
#2998=VECTOR('',#9925,10.);
#2999=VECTOR('',#9926,10.);
#3000=VECTOR('',#9927,10.);
#3001=VECTOR('',#9928,10.);
#3002=VECTOR('',#9929,10.);
#3003=VECTOR('',#9930,10.);
#3004=VECTOR('',#9931,10.);
#3005=VECTOR('',#9932,10.);
#3006=VECTOR('',#9935,10.);
#3007=VECTOR('',#9936,10.);
#3008=VECTOR('',#9937,10.);
#3009=VECTOR('',#9938,10.);
#3010=VECTOR('',#9939,10.);
#3011=VECTOR('',#9942,10.);
#3012=VECTOR('',#9943,10.);
#3013=VECTOR('',#9946,10.);
#3014=VECTOR('',#9947,10.);
#3015=VECTOR('',#9948,10.);
#3016=VECTOR('',#9949,10.);
#3017=VECTOR('',#9950,10.);
#3018=VECTOR('',#9951,10.);
#3019=VECTOR('',#9952,10.);
#3020=VECTOR('',#9953,10.);
#3021=VECTOR('',#9954,10.);
#3022=VECTOR('',#9955,10.);
#3023=VECTOR('',#9956,10.);
#3024=VECTOR('',#9957,10.);
#3025=VECTOR('',#9958,10.);
#3026=VECTOR('',#9959,10.);
#3027=VECTOR('',#9960,10.);
#3028=VECTOR('',#9961,10.);
#3029=VECTOR('',#9962,10.);
#3030=VECTOR('',#9963,10.);
#3031=VECTOR('',#9966,10.);
#3032=VECTOR('',#9967,10.);
#3033=VECTOR('',#9968,10.);
#3034=VECTOR('',#9969,10.);
#3035=VECTOR('',#9970,10.);
#3036=VECTOR('',#9971,10.);
#3037=VECTOR('',#9972,10.);
#3038=VECTOR('',#9973,10.);
#3039=VECTOR('',#9974,10.);
#3040=VECTOR('',#9975,10.);
#3041=VECTOR('',#9978,10.);
#3042=VECTOR('',#9979,10.);
#3043=VECTOR('',#9980,10.);
#3044=VECTOR('',#9981,10.);
#3045=VECTOR('',#9982,10.);
#3046=VECTOR('',#9983,10.);
#3047=VECTOR('',#9984,10.);
#3048=VECTOR('',#9985,10.);
#3049=VECTOR('',#9986,10.);
#3050=VECTOR('',#9987,10.);
#3051=VECTOR('',#9988,10.);
#3052=VECTOR('',#9991,10.);
#3053=VECTOR('',#9992,10.);
#3054=VECTOR('',#9993,10.);
#3055=VECTOR('',#9994,10.);
#3056=VECTOR('',#9995,10.);
#3057=VECTOR('',#9996,10.);
#3058=VECTOR('',#9997,10.);
#3059=VECTOR('',#9998,10.);
#3060=VECTOR('',#9999,10.);
#3061=VECTOR('',#10000,10.);
#3062=VECTOR('',#10001,10.);
#3063=VECTOR('',#10002,10.);
#3064=VECTOR('',#10003,10.);
#3065=VECTOR('',#10004,10.);
#3066=VECTOR('',#10005,10.);
#3067=VECTOR('',#10008,10.);
#3068=VECTOR('',#10009,10.);
#3069=VECTOR('',#10010,10.);
#3070=VECTOR('',#10017,10.);
#3071=VECTOR('',#10020,10.);
#3072=VECTOR('',#10023,10.);
#3073=VECTOR('',#10026,10.);
#3074=VECTOR('',#10029,10.);
#3075=VECTOR('',#10032,10.);
#3076=VECTOR('',#10035,10.);
#3077=VECTOR('',#10038,10.);
#3078=VECTOR('',#10039,10.);
#3079=VECTOR('',#10040,10.);
#3080=VECTOR('',#10041,10.);
#3081=VECTOR('',#10042,10.);
#3082=VECTOR('',#10061,10.);
#3083=VECTOR('',#10062,10.);
#3084=VECTOR('',#10063,10.);
#3085=VECTOR('',#10066,10.);
#3086=VECTOR('',#10067,10.);
#3087=VECTOR('',#10068,10.);
#3088=VECTOR('',#10071,10.);
#3089=VECTOR('',#10074,10.);
#3090=VECTOR('',#10075,10.);
#3091=VECTOR('',#10076,10.);
#3092=VECTOR('',#10079,10.);
#3093=VECTOR('',#10082,10.);
#3094=VECTOR('',#10085,10.);
#3095=VECTOR('',#10088,10.);
#3096=VECTOR('',#10091,10.);
#3097=VECTOR('',#10092,10.);
#3098=VECTOR('',#10093,10.);
#3099=VECTOR('',#10094,10.);
#3100=VECTOR('',#10097,10.);
#3101=VECTOR('',#10102,10.);
#3102=VECTOR('',#10105,10.);
#3103=VECTOR('',#10106,10.);
#3104=VECTOR('',#10107,10.);
#3105=VECTOR('',#10110,10.);
#3106=VECTOR('',#10111,10.);
#3107=VECTOR('',#10112,10.);
#3108=VECTOR('',#10113,10.);
#3109=VECTOR('',#10116,10.);
#3110=VECTOR('',#10119,10.);
#3111=VECTOR('',#10122,10.);
#3112=VECTOR('',#10125,10.);
#3113=VECTOR('',#10128,10.);
#3114=VECTOR('',#10131,10.);
#3115=VECTOR('',#10134,10.);
#3116=VECTOR('',#10135,10.);
#3117=VECTOR('',#10138,10.);
#3118=VECTOR('',#10143,2.);
#3119=VECTOR('',#10150,2.);
#3120=VECTOR('',#10157,2.);
#3121=VECTOR('',#10164,2.);
#3122=VECTOR('',#10171,10.);
#3123=VECTOR('',#10172,10.);
#3124=VECTOR('',#10173,10.);
#3125=VECTOR('',#10174,10.);
#3126=VECTOR('',#10177,10.);
#3127=VECTOR('',#10178,10.);
#3128=VECTOR('',#10179,10.);
#3129=VECTOR('',#10182,10.);
#3130=VECTOR('',#10183,10.);
#3131=VECTOR('',#10184,10.);
#3132=VECTOR('',#10187,10.);
#3133=VECTOR('',#10188,10.);
#3134=VECTOR('',#10193,10.);
#3135=VECTOR('',#10194,10.);
#3136=VECTOR('',#10195,10.);
#3137=VECTOR('',#10196,10.);
#3138=VECTOR('',#10199,10.);
#3139=VECTOR('',#10200,10.);
#3140=VECTOR('',#10201,10.);
#3141=VECTOR('',#10204,10.);
#3142=VECTOR('',#10205,10.);
#3143=VECTOR('',#10206,10.);
#3144=VECTOR('',#10209,10.);
#3145=VECTOR('',#10210,10.);
#3146=VECTOR('',#10215,10.);
#3147=VECTOR('',#10216,10.);
#3148=VECTOR('',#10217,10.);
#3149=VECTOR('',#10218,10.);
#3150=VECTOR('',#10221,10.);
#3151=VECTOR('',#10222,10.);
#3152=VECTOR('',#10223,10.);
#3153=VECTOR('',#10226,10.);
#3154=VECTOR('',#10227,10.);
#3155=VECTOR('',#10228,10.);
#3156=VECTOR('',#10231,10.);
#3157=VECTOR('',#10232,10.);
#3158=VECTOR('',#10237,10.);
#3159=VECTOR('',#10238,10.);
#3160=VECTOR('',#10239,10.);
#3161=VECTOR('',#10240,10.);
#3162=VECTOR('',#10243,10.);
#3163=VECTOR('',#10244,10.);
#3164=VECTOR('',#10245,10.);
#3165=VECTOR('',#10248,10.);
#3166=VECTOR('',#10249,10.);
#3167=VECTOR('',#10250,10.);
#3168=VECTOR('',#10253,10.);
#3169=VECTOR('',#10254,10.);
#3170=VECTOR('',#10259,10.);
#3171=VECTOR('',#10260,10.);
#3172=VECTOR('',#10261,10.);
#3173=VECTOR('',#10262,10.);
#3174=VECTOR('',#10265,10.);
#3175=VECTOR('',#10266,10.);
#3176=VECTOR('',#10267,10.);
#3177=VECTOR('',#10270,10.);
#3178=VECTOR('',#10271,10.);
#3179=VECTOR('',#10272,10.);
#3180=VECTOR('',#10275,10.);
#3181=VECTOR('',#10276,10.);
#3182=VECTOR('',#10281,10.);
#3183=VECTOR('',#10282,10.);
#3184=VECTOR('',#10283,10.);
#3185=VECTOR('',#10284,10.);
#3186=VECTOR('',#10287,10.);
#3187=VECTOR('',#10288,10.);
#3188=VECTOR('',#10289,10.);
#3189=VECTOR('',#10292,10.);
#3190=VECTOR('',#10293,10.);
#3191=VECTOR('',#10294,10.);
#3192=VECTOR('',#10297,10.);
#3193=VECTOR('',#10298,10.);
#3194=VECTOR('',#10303,10.);
#3195=VECTOR('',#10304,10.);
#3196=VECTOR('',#10305,10.);
#3197=VECTOR('',#10306,10.);
#3198=VECTOR('',#10309,10.);
#3199=VECTOR('',#10310,10.);
#3200=VECTOR('',#10311,10.);
#3201=VECTOR('',#10314,10.);
#3202=VECTOR('',#10315,10.);
#3203=VECTOR('',#10316,10.);
#3204=VECTOR('',#10319,10.);
#3205=VECTOR('',#10320,10.);
#3206=VECTOR('',#10325,10.);
#3207=VECTOR('',#10326,10.);
#3208=VECTOR('',#10327,10.);
#3209=VECTOR('',#10328,10.);
#3210=VECTOR('',#10331,10.);
#3211=VECTOR('',#10332,10.);
#3212=VECTOR('',#10333,10.);
#3213=VECTOR('',#10336,10.);
#3214=VECTOR('',#10337,10.);
#3215=VECTOR('',#10338,10.);
#3216=VECTOR('',#10341,10.);
#3217=VECTOR('',#10342,10.);
#3218=VECTOR('',#10347,10.);
#3219=VECTOR('',#10348,10.);
#3220=VECTOR('',#10349,10.);
#3221=VECTOR('',#10350,10.);
#3222=VECTOR('',#10353,10.);
#3223=VECTOR('',#10354,10.);
#3224=VECTOR('',#10355,10.);
#3225=VECTOR('',#10358,10.);
#3226=VECTOR('',#10359,10.);
#3227=VECTOR('',#10360,10.);
#3228=VECTOR('',#10363,10.);
#3229=VECTOR('',#10364,10.);
#3230=VECTOR('',#10369,10.);
#3231=VECTOR('',#10370,10.);
#3232=VECTOR('',#10371,10.);
#3233=VECTOR('',#10372,10.);
#3234=VECTOR('',#10375,10.);
#3235=VECTOR('',#10376,10.);
#3236=VECTOR('',#10377,10.);
#3237=VECTOR('',#10380,10.);
#3238=VECTOR('',#10381,10.);
#3239=VECTOR('',#10382,10.);
#3240=VECTOR('',#10385,10.);
#3241=VECTOR('',#10386,10.);
#3242=VECTOR('',#10393,10.);
#3243=VECTOR('',#10394,10.);
#3244=VECTOR('',#10395,10.);
#3245=VECTOR('',#10400,10.);
#3246=VECTOR('',#10401,10.);
#3247=VECTOR('',#10402,10.);
#3248=VECTOR('',#10405,10.);
#3249=VECTOR('',#10406,10.);
#3250=VECTOR('',#10407,10.);
#3251=VECTOR('',#10410,10.);
#3252=VECTOR('',#10411,10.);
#3253=VECTOR('',#10412,10.);
#3254=VECTOR('',#10417,10.);
#3255=VECTOR('',#10418,10.);
#3256=VECTOR('',#10419,10.);
#3257=VECTOR('',#10424,10.);
#3258=VECTOR('',#10425,10.);
#3259=VECTOR('',#10426,10.);
#3260=VECTOR('',#10429,10.);
#3261=VECTOR('',#10430,10.);
#3262=VECTOR('',#10431,10.);
#3263=VECTOR('',#10434,10.);
#3264=VECTOR('',#10435,10.);
#3265=VECTOR('',#10436,10.);
#3266=VECTOR('',#10439,10.);
#3267=VECTOR('',#10440,10.);
#3268=VECTOR('',#10443,10.);
#3269=VECTOR('',#10444,10.);
#3270=VECTOR('',#10447,10.);
#3271=VECTOR('',#10448,10.);
#3272=VECTOR('',#10451,10.);
#3273=VECTOR('',#10452,10.);
#3274=VECTOR('',#10453,10.);
#3275=VECTOR('',#10454,10.);
#3276=VECTOR('',#10455,10.);
#3277=VECTOR('',#10456,10.);
#3278=VECTOR('',#10457,10.);
#3279=VECTOR('',#10458,10.);
#3280=VECTOR('',#10459,10.);
#3281=VECTOR('',#10460,10.);
#3282=VECTOR('',#10461,10.);
#3283=VECTOR('',#10462,10.);
#3284=VECTOR('',#10463,10.);
#3285=VECTOR('',#10466,10.);
#3286=VECTOR('',#10467,10.);
#3287=VECTOR('',#10468,10.);
#3288=VECTOR('',#10469,10.);
#3289=VECTOR('',#10470,10.);
#3290=VECTOR('',#10471,10.);
#3291=VECTOR('',#10472,10.);
#3292=VECTOR('',#10473,10.);
#3293=VECTOR('',#10474,10.);
#3294=VECTOR('',#10475,10.);
#3295=VECTOR('',#10476,10.);
#3296=VECTOR('',#10477,10.);
#3297=VECTOR('',#10478,10.);
#3298=VECTOR('',#10479,10.);
#3299=VECTOR('',#10482,10.);
#3300=VECTOR('',#10485,10.);
#3301=VECTOR('',#10486,10.);
#3302=VECTOR('',#10487,10.);
#3303=VECTOR('',#10490,10.);
#3304=VECTOR('',#10491,10.);
#3305=VECTOR('',#10494,10.);
#3306=VECTOR('',#10495,10.);
#3307=VECTOR('',#10496,10.);
#3308=VECTOR('',#10499,10.);
#3309=VECTOR('',#10500,10.);
#3310=VECTOR('',#10503,10.);
#3311=VECTOR('',#10504,10.);
#3312=VECTOR('',#10505,10.);
#3313=VECTOR('',#10508,10.);
#3314=VECTOR('',#10509,10.);
#3315=VECTOR('',#10512,10.);
#3316=VECTOR('',#10513,10.);
#3317=VECTOR('',#10514,10.);
#3318=VECTOR('',#10517,10.);
#3319=VECTOR('',#10518,10.);
#3320=VECTOR('',#10521,10.);
#3321=VECTOR('',#10522,10.);
#3322=VECTOR('',#10523,10.);
#3323=VECTOR('',#10526,10.);
#3324=VECTOR('',#10527,10.);
#3325=VECTOR('',#10530,10.);
#3326=VECTOR('',#10531,10.);
#3327=VECTOR('',#10532,10.);
#3328=VECTOR('',#10535,10.);
#3329=VECTOR('',#10536,10.);
#3330=VECTOR('',#10539,10.);
#3331=VECTOR('',#10540,10.);
#3332=VECTOR('',#10541,10.);
#3333=VECTOR('',#10544,10.);
#3334=VECTOR('',#10545,10.);
#3335=VECTOR('',#10548,10.);
#3336=VECTOR('',#10549,10.);
#3337=VECTOR('',#10550,10.);
#3338=VECTOR('',#10553,10.);
#3339=VECTOR('',#10554,10.);
#3340=VECTOR('',#10557,10.);
#3341=VECTOR('',#10560,10.);
#3342=VECTOR('',#10563,10.);
#3343=VECTOR('',#10566,10.);
#3344=VECTOR('',#10569,10.);
#3345=VECTOR('',#10574,10.);
#3346=VECTOR('',#10577,10.);
#3347=VECTOR('',#10580,10.);
#3348=VECTOR('',#10583,10.);
#3349=VECTOR('',#10586,10.);
#3350=VECTOR('',#10591,10.);
#3351=VECTOR('',#10592,10.);
#3352=VECTOR('',#10593,10.);
#3353=VECTOR('',#10596,10.);
#3354=VECTOR('',#10597,10.);
#3355=VECTOR('',#10600,10.);
#3356=VECTOR('',#10601,10.);
#3357=VECTOR('',#10604,10.);
#3358=VECTOR('',#10607,10.);
#3359=VECTOR('',#10608,10.);
#3360=VECTOR('',#10611,10.);
#3361=VECTOR('',#10614,10.);
#3362=VECTOR('',#10619,10.);
#3363=VECTOR('',#10620,10.);
#3364=VECTOR('',#10623,10.);
#3365=VECTOR('',#10626,10.);
#3366=VECTOR('',#10629,10.);
#3367=VECTOR('',#10632,10.);
#3368=VECTOR('',#10635,10.);
#3369=VECTOR('',#10638,10.);
#3370=VECTOR('',#10641,10.);
#3371=VECTOR('',#10644,10.);
#3372=VECTOR('',#10647,10.);
#3373=VECTOR('',#10650,10.);
#3374=VECTOR('',#10653,10.);
#3375=VECTOR('',#10656,10.);
#3376=VECTOR('',#10659,10.);
#3377=VECTOR('',#10662,10.);
#3378=VERTEX_POINT('',#10669);
#3379=VERTEX_POINT('',#10670);
#3380=VERTEX_POINT('',#10672);
#3381=VERTEX_POINT('',#10674);
#3382=VERTEX_POINT('',#10676);
#3383=VERTEX_POINT('',#10678);
#3384=VERTEX_POINT('',#10682);
#3385=VERTEX_POINT('',#10684);
#3386=VERTEX_POINT('',#10688);
#3387=VERTEX_POINT('',#10690);
#3388=VERTEX_POINT('',#10694);
#3389=VERTEX_POINT('',#10695);
#3390=VERTEX_POINT('',#10702);
#3391=VERTEX_POINT('',#10703);
#3392=VERTEX_POINT('',#10705);
#3393=VERTEX_POINT('',#10707);
#3394=VERTEX_POINT('',#10711);
#3395=VERTEX_POINT('',#10712);
#3396=VERTEX_POINT('',#10714);
#3397=VERTEX_POINT('',#10716);
#3398=VERTEX_POINT('',#10725);
#3399=VERTEX_POINT('',#10727);
#3400=VERTEX_POINT('',#10731);
#3401=VERTEX_POINT('',#10733);
#3402=VERTEX_POINT('',#10735);
#3403=VERTEX_POINT('',#10737);
#3404=VERTEX_POINT('',#10739);
#3405=VERTEX_POINT('',#10741);
#3406=VERTEX_POINT('',#10743);
#3407=VERTEX_POINT('',#10745);
#3408=VERTEX_POINT('',#10750);
#3409=VERTEX_POINT('',#10753);
#3410=VERTEX_POINT('',#10754);
#3411=VERTEX_POINT('',#10756);
#3412=VERTEX_POINT('',#10758);
#3413=VERTEX_POINT('',#10762);
#3414=VERTEX_POINT('',#10764);
#3415=VERTEX_POINT('',#10769);
#3416=VERTEX_POINT('',#10771);
#3417=VERTEX_POINT('',#10776);
#3418=VERTEX_POINT('',#10778);
#3419=VERTEX_POINT('',#10783);
#3420=VERTEX_POINT('',#10785);
#3421=VERTEX_POINT('',#10790);
#3422=VERTEX_POINT('',#10791);
#3423=VERTEX_POINT('',#10793);
#3424=VERTEX_POINT('',#10795);
#3425=VERTEX_POINT('',#10799);
#3426=VERTEX_POINT('',#10801);
#3427=VERTEX_POINT('',#10805);
#3428=VERTEX_POINT('',#10807);
#3429=VERTEX_POINT('',#10820);
#3430=VERTEX_POINT('',#10826);
#3431=VERTEX_POINT('',#10843);
#3432=VERTEX_POINT('',#10849);
#3433=VERTEX_POINT('',#10857);
#3434=VERTEX_POINT('',#10859);
#3435=VERTEX_POINT('',#10863);
#3436=VERTEX_POINT('',#10865);
#3437=VERTEX_POINT('',#10869);
#3438=VERTEX_POINT('',#10871);
#3439=VERTEX_POINT('',#10884);
#3440=VERTEX_POINT('',#10890);
#3441=VERTEX_POINT('',#10907);
#3442=VERTEX_POINT('',#10913);
#3443=VERTEX_POINT('',#10930);
#3444=VERTEX_POINT('',#10936);
#3445=VERTEX_POINT('',#10953);
#3446=VERTEX_POINT('',#10959);
#3447=VERTEX_POINT('',#10967);
#3448=VERTEX_POINT('',#10969);
#3449=VERTEX_POINT('',#10973);
#3450=VERTEX_POINT('',#10975);
#3451=VERTEX_POINT('',#10979);
#3452=VERTEX_POINT('',#10981);
#3453=VERTEX_POINT('',#10985);
#3454=VERTEX_POINT('',#10987);
#3455=VERTEX_POINT('',#10991);
#3456=VERTEX_POINT('',#10993);
#3457=VERTEX_POINT('',#10997);
#3458=VERTEX_POINT('',#10999);
#3459=VERTEX_POINT('',#11003);
#3460=VERTEX_POINT('',#11005);
#3461=VERTEX_POINT('',#11013);
#3462=VERTEX_POINT('',#11014);
#3463=VERTEX_POINT('',#11016);
#3464=VERTEX_POINT('',#11018);
#3465=VERTEX_POINT('',#11022);
#3466=VERTEX_POINT('',#11024);
#3467=VERTEX_POINT('',#11028);
#3468=VERTEX_POINT('',#11030);
#3469=VERTEX_POINT('',#11034);
#3470=VERTEX_POINT('',#11036);
#3471=VERTEX_POINT('',#11040);
#3472=VERTEX_POINT('',#11042);
#3473=VERTEX_POINT('',#11046);
#3474=VERTEX_POINT('',#11048);
#3475=VERTEX_POINT('',#11056);
#3476=VERTEX_POINT('',#11057);
#3477=VERTEX_POINT('',#11059);
#3478=VERTEX_POINT('',#11061);
#3479=VERTEX_POINT('',#11065);
#3480=VERTEX_POINT('',#11067);
#3481=VERTEX_POINT('',#11071);
#3482=VERTEX_POINT('',#11073);
#3483=VERTEX_POINT('',#11077);
#3484=VERTEX_POINT('',#11079);
#3485=VERTEX_POINT('',#11083);
#3486=VERTEX_POINT('',#11085);
#3487=VERTEX_POINT('',#11089);
#3488=VERTEX_POINT('',#11091);
#3489=VERTEX_POINT('',#11095);
#3490=VERTEX_POINT('',#11097);
#3491=VERTEX_POINT('',#11101);
#3492=VERTEX_POINT('',#11103);
#3493=VERTEX_POINT('',#11107);
#3494=VERTEX_POINT('',#11109);
#3495=VERTEX_POINT('',#11117);
#3496=VERTEX_POINT('',#11118);
#3497=VERTEX_POINT('',#11120);
#3498=VERTEX_POINT('',#11122);
#3499=VERTEX_POINT('',#11126);
#3500=VERTEX_POINT('',#11128);
#3501=VERTEX_POINT('',#11132);
#3502=VERTEX_POINT('',#11134);
#3503=VERTEX_POINT('',#11138);
#3504=VERTEX_POINT('',#11140);
#3505=VERTEX_POINT('',#11144);
#3506=VERTEX_POINT('',#11146);
#3507=VERTEX_POINT('',#11159);
#3508=VERTEX_POINT('',#11165);
#3509=VERTEX_POINT('',#11182);
#3510=VERTEX_POINT('',#11188);
#3511=VERTEX_POINT('',#11205);
#3512=VERTEX_POINT('',#11211);
#3513=VERTEX_POINT('',#11219);
#3514=VERTEX_POINT('',#11221);
#3515=VERTEX_POINT('',#11234);
#3516=VERTEX_POINT('',#11240);
#3517=VERTEX_POINT('',#11257);
#3518=VERTEX_POINT('',#11263);
#3519=VERTEX_POINT('',#11280);
#3520=VERTEX_POINT('',#11286);
#3521=VERTEX_POINT('',#11294);
#3522=VERTEX_POINT('',#11296);
#3523=VERTEX_POINT('',#11304);
#3524=VERTEX_POINT('',#11305);
#3525=VERTEX_POINT('',#11307);
#3526=VERTEX_POINT('',#11309);
#3527=VERTEX_POINT('',#11313);
#3528=VERTEX_POINT('',#11315);
#3529=VERTEX_POINT('',#11319);
#3530=VERTEX_POINT('',#11321);
#3531=VERTEX_POINT('',#11334);
#3532=VERTEX_POINT('',#11340);
#3533=VERTEX_POINT('',#11357);
#3534=VERTEX_POINT('',#11363);
#3535=VERTEX_POINT('',#11380);
#3536=VERTEX_POINT('',#11386);
#3537=VERTEX_POINT('',#11403);
#3538=VERTEX_POINT('',#11409);
#3539=VERTEX_POINT('',#11417);
#3540=VERTEX_POINT('',#11419);
#3541=VERTEX_POINT('',#11423);
#3542=VERTEX_POINT('',#11425);
#3543=VERTEX_POINT('',#11429);
#3544=VERTEX_POINT('',#11431);
#3545=VERTEX_POINT('',#11444);
#3546=VERTEX_POINT('',#11450);
#3547=VERTEX_POINT('',#11467);
#3548=VERTEX_POINT('',#11473);
#3549=VERTEX_POINT('',#11490);
#3550=VERTEX_POINT('',#11496);
#3551=VERTEX_POINT('',#11513);
#3552=VERTEX_POINT('',#11519);
#3553=VERTEX_POINT('',#11527);
#3554=VERTEX_POINT('',#11529);
#3555=VERTEX_POINT('',#11537);
#3556=VERTEX_POINT('',#11538);
#3557=VERTEX_POINT('',#11540);
#3558=VERTEX_POINT('',#11542);
#3559=VERTEX_POINT('',#11546);
#3560=VERTEX_POINT('',#11548);
#3561=VERTEX_POINT('',#11552);
#3562=VERTEX_POINT('',#11554);
#3563=VERTEX_POINT('',#11567);
#3564=VERTEX_POINT('',#11573);
#3565=VERTEX_POINT('',#11590);
#3566=VERTEX_POINT('',#11596);
#3567=VERTEX_POINT('',#11613);
#3568=VERTEX_POINT('',#11619);
#3569=VERTEX_POINT('',#11636);
#3570=VERTEX_POINT('',#11642);
#3571=VERTEX_POINT('',#11650);
#3572=VERTEX_POINT('',#11652);
#3573=VERTEX_POINT('',#11665);
#3574=VERTEX_POINT('',#11671);
#3575=VERTEX_POINT('',#11688);
#3576=VERTEX_POINT('',#11694);
#3577=VERTEX_POINT('',#11711);
#3578=VERTEX_POINT('',#11717);
#3579=VERTEX_POINT('',#11734);
#3580=VERTEX_POINT('',#11740);
#3581=VERTEX_POINT('',#11748);
#3582=VERTEX_POINT('',#11750);
#3583=VERTEX_POINT('',#11767);
#3584=VERTEX_POINT('',#11768);
#3585=VERTEX_POINT('',#11774);
#3586=VERTEX_POINT('',#11776);
#3587=VERTEX_POINT('',#11784);
#3588=VERTEX_POINT('',#11786);
#3589=VERTEX_POINT('',#11799);
#3590=VERTEX_POINT('',#11805);
#3591=VERTEX_POINT('',#11822);
#3592=VERTEX_POINT('',#11828);
#3593=VERTEX_POINT('',#11865);
#3594=VERTEX_POINT('',#11866);
#3595=VERTEX_POINT('',#11872);
#3596=VERTEX_POINT('',#11874);
#3597=VERTEX_POINT('',#11891);
#3598=VERTEX_POINT('',#11897);
#3599=VERTEX_POINT('',#11914);
#3600=VERTEX_POINT('',#11920);
#3601=VERTEX_POINT('',#11937);
#3602=VERTEX_POINT('',#11943);
#3603=VERTEX_POINT('',#11960);
#3604=VERTEX_POINT('',#11966);
#3605=VERTEX_POINT('',#11983);
#3606=VERTEX_POINT('',#11989);
#3607=VERTEX_POINT('',#12006);
#3608=VERTEX_POINT('',#12012);
#3609=VERTEX_POINT('',#12029);
#3610=VERTEX_POINT('',#12035);
#3611=VERTEX_POINT('',#12052);
#3612=VERTEX_POINT('',#12058);
#3613=VERTEX_POINT('',#12075);
#3614=VERTEX_POINT('',#12081);
#3615=VERTEX_POINT('',#12098);
#3616=VERTEX_POINT('',#12104);
#3617=VERTEX_POINT('',#12121);
#3618=VERTEX_POINT('',#12127);
#3619=VERTEX_POINT('',#12135);
#3620=VERTEX_POINT('',#12137);
#3621=VERTEX_POINT('',#12150);
#3622=VERTEX_POINT('',#12156);
#3623=VERTEX_POINT('',#12173);
#3624=VERTEX_POINT('',#12179);
#3625=VERTEX_POINT('',#12196);
#3626=VERTEX_POINT('',#12202);
#3627=VERTEX_POINT('',#12219);
#3628=VERTEX_POINT('',#12225);
#3629=VERTEX_POINT('',#12237);
#3630=VERTEX_POINT('',#12238);
#3631=VERTEX_POINT('',#12240);
#3632=VERTEX_POINT('',#12242);
#3633=VERTEX_POINT('',#12246);
#3634=VERTEX_POINT('',#12248);
#3635=VERTEX_POINT('',#12252);
#3636=VERTEX_POINT('',#12254);
#3637=VERTEX_POINT('',#12258);
#3638=VERTEX_POINT('',#12260);
#3639=VERTEX_POINT('',#12264);
#3640=VERTEX_POINT('',#12266);
#3641=VERTEX_POINT('',#12270);
#3642=VERTEX_POINT('',#12272);
#3643=VERTEX_POINT('',#12280);
#3644=VERTEX_POINT('',#12281);
#3645=VERTEX_POINT('',#12283);
#3646=VERTEX_POINT('',#12285);
#3647=VERTEX_POINT('',#12289);
#3648=VERTEX_POINT('',#12291);
#3649=VERTEX_POINT('',#12295);
#3650=VERTEX_POINT('',#12297);
#3651=VERTEX_POINT('',#12310);
#3652=VERTEX_POINT('',#12316);
#3653=VERTEX_POINT('',#12333);
#3654=VERTEX_POINT('',#12339);
#3655=VERTEX_POINT('',#12347);
#3656=VERTEX_POINT('',#12349);
#3657=VERTEX_POINT('',#12353);
#3658=VERTEX_POINT('',#12355);
#3659=VERTEX_POINT('',#12359);
#3660=VERTEX_POINT('',#12361);
#3661=VERTEX_POINT('',#12374);
#3662=VERTEX_POINT('',#12380);
#3663=VERTEX_POINT('',#12397);
#3664=VERTEX_POINT('',#12403);
#3665=VERTEX_POINT('',#12420);
#3666=VERTEX_POINT('',#12426);
#3667=VERTEX_POINT('',#12443);
#3668=VERTEX_POINT('',#12449);
#3669=VERTEX_POINT('',#12457);
#3670=VERTEX_POINT('',#12459);
#3671=VERTEX_POINT('',#12463);
#3672=VERTEX_POINT('',#12465);
#3673=VERTEX_POINT('',#12469);
#3674=VERTEX_POINT('',#12471);
#3675=VERTEX_POINT('',#12475);
#3676=VERTEX_POINT('',#12477);
#3677=VERTEX_POINT('',#12481);
#3678=VERTEX_POINT('',#12483);
#3679=VERTEX_POINT('',#12487);
#3680=VERTEX_POINT('',#12489);
#3681=VERTEX_POINT('',#12493);
#3682=VERTEX_POINT('',#12495);
#3683=VERTEX_POINT('',#12512);
#3684=VERTEX_POINT('',#12513);
#3685=VERTEX_POINT('',#12519);
#3686=VERTEX_POINT('',#12521);
#3687=VERTEX_POINT('',#12529);
#3688=VERTEX_POINT('',#12531);
#3689=VERTEX_POINT('',#12544);
#3690=VERTEX_POINT('',#12550);
#3691=VERTEX_POINT('',#12567);
#3692=VERTEX_POINT('',#12573);
#3693=VERTEX_POINT('',#12590);
#3694=VERTEX_POINT('',#12596);
#3695=VERTEX_POINT('',#12613);
#3696=VERTEX_POINT('',#12619);
#3697=VERTEX_POINT('',#12636);
#3698=VERTEX_POINT('',#12642);
#3699=VERTEX_POINT('',#12659);
#3700=VERTEX_POINT('',#12665);
#3701=VERTEX_POINT('',#12702);
#3702=VERTEX_POINT('',#12703);
#3703=VERTEX_POINT('',#12709);
#3704=VERTEX_POINT('',#12711);
#3705=VERTEX_POINT('',#12728);
#3706=VERTEX_POINT('',#12734);
#3707=VERTEX_POINT('',#12751);
#3708=VERTEX_POINT('',#12757);
#3709=VERTEX_POINT('',#12774);
#3710=VERTEX_POINT('',#12780);
#3711=VERTEX_POINT('',#12797);
#3712=VERTEX_POINT('',#12803);
#3713=VERTEX_POINT('',#12820);
#3714=VERTEX_POINT('',#12826);
#3715=VERTEX_POINT('',#12843);
#3716=VERTEX_POINT('',#12849);
#3717=VERTEX_POINT('',#12866);
#3718=VERTEX_POINT('',#12872);
#3719=VERTEX_POINT('',#12889);
#3720=VERTEX_POINT('',#12895);
#3721=VERTEX_POINT('',#12903);
#3722=VERTEX_POINT('',#12905);
#3723=VERTEX_POINT('',#12909);
#3724=VERTEX_POINT('',#12911);
#3725=VERTEX_POINT('',#12915);
#3726=VERTEX_POINT('',#12917);
#3727=VERTEX_POINT('',#12921);
#3728=VERTEX_POINT('',#12923);
#3729=VERTEX_POINT('',#12940);
#3730=VERTEX_POINT('',#12941);
#3731=VERTEX_POINT('',#12947);
#3732=VERTEX_POINT('',#12949);
#3733=VERTEX_POINT('',#12966);
#3734=VERTEX_POINT('',#12972);
#3735=VERTEX_POINT('',#12989);
#3736=VERTEX_POINT('',#12995);
#3737=VERTEX_POINT('',#13012);
#3738=VERTEX_POINT('',#13018);
#3739=VERTEX_POINT('',#13035);
#3740=VERTEX_POINT('',#13041);
#3741=VERTEX_POINT('',#13058);
#3742=VERTEX_POINT('',#13064);
#3743=VERTEX_POINT('',#13081);
#3744=VERTEX_POINT('',#13087);
#3745=VERTEX_POINT('',#13124);
#3746=VERTEX_POINT('',#13125);
#3747=VERTEX_POINT('',#13131);
#3748=VERTEX_POINT('',#13133);
#3749=VERTEX_POINT('',#13150);
#3750=VERTEX_POINT('',#13156);
#3751=VERTEX_POINT('',#13173);
#3752=VERTEX_POINT('',#13179);
#3753=VERTEX_POINT('',#13196);
#3754=VERTEX_POINT('',#13202);
#3755=VERTEX_POINT('',#13219);
#3756=VERTEX_POINT('',#13225);
#3757=VERTEX_POINT('',#13242);
#3758=VERTEX_POINT('',#13248);
#3759=VERTEX_POINT('',#13265);
#3760=VERTEX_POINT('',#13271);
#3761=VERTEX_POINT('',#13288);
#3762=VERTEX_POINT('',#13294);
#3763=VERTEX_POINT('',#13311);
#3764=VERTEX_POINT('',#13317);
#3765=VERTEX_POINT('',#13346);
#3766=VERTEX_POINT('',#13347);
#3767=VERTEX_POINT('',#13349);
#3768=VERTEX_POINT('',#13351);
#3769=VERTEX_POINT('',#13355);
#3770=VERTEX_POINT('',#13357);
#3771=VERTEX_POINT('',#13361);
#3772=VERTEX_POINT('',#13363);
#3773=VERTEX_POINT('',#13367);
#3774=VERTEX_POINT('',#13369);
#3775=VERTEX_POINT('',#13373);
#3776=VERTEX_POINT('',#13375);
#3777=VERTEX_POINT('',#13379);
#3778=VERTEX_POINT('',#13381);
#3779=VERTEX_POINT('',#13385);
#3780=VERTEX_POINT('',#13387);
#3781=VERTEX_POINT('',#13391);
#3782=VERTEX_POINT('',#13393);
#3783=VERTEX_POINT('',#13397);
#3784=VERTEX_POINT('',#13399);
#3785=VERTEX_POINT('',#13403);
#3786=VERTEX_POINT('',#13405);
#3787=VERTEX_POINT('',#13422);
#3788=VERTEX_POINT('',#13423);
#3789=VERTEX_POINT('',#13429);
#3790=VERTEX_POINT('',#13431);
#3791=VERTEX_POINT('',#13448);
#3792=VERTEX_POINT('',#13454);
#3793=VERTEX_POINT('',#13471);
#3794=VERTEX_POINT('',#13477);
#3795=VERTEX_POINT('',#13494);
#3796=VERTEX_POINT('',#13500);
#3797=VERTEX_POINT('',#13508);
#3798=VERTEX_POINT('',#13510);
#3799=VERTEX_POINT('',#13514);
#3800=VERTEX_POINT('',#13516);
#3801=VERTEX_POINT('',#13520);
#3802=VERTEX_POINT('',#13522);
#3803=VERTEX_POINT('',#13526);
#3804=VERTEX_POINT('',#13528);
#3805=VERTEX_POINT('',#13532);
#3806=VERTEX_POINT('',#13534);
#3807=VERTEX_POINT('',#13538);
#3808=VERTEX_POINT('',#13540);
#3809=VERTEX_POINT('',#13544);
#3810=VERTEX_POINT('',#13546);
#3811=VERTEX_POINT('',#13550);
#3812=VERTEX_POINT('',#13552);
#3813=VERTEX_POINT('',#13556);
#3814=VERTEX_POINT('',#13558);
#3815=VERTEX_POINT('',#13562);
#3816=VERTEX_POINT('',#13564);
#3817=VERTEX_POINT('',#13568);
#3818=VERTEX_POINT('',#13570);
#3819=VERTEX_POINT('',#13583);
#3820=VERTEX_POINT('',#13589);
#3821=VERTEX_POINT('',#13606);
#3822=VERTEX_POINT('',#13612);
#3823=VERTEX_POINT('',#13629);
#3824=VERTEX_POINT('',#13635);
#3825=VERTEX_POINT('',#13652);
#3826=VERTEX_POINT('',#13658);
#3827=VERTEX_POINT('',#13679);
#3828=VERTEX_POINT('',#13680);
#3829=VERTEX_POINT('',#13686);
#3830=VERTEX_POINT('',#13688);
#3831=VERTEX_POINT('',#13705);
#3832=VERTEX_POINT('',#13711);
#3833=VERTEX_POINT('',#13728);
#3834=VERTEX_POINT('',#13734);
#3835=VERTEX_POINT('',#13751);
#3836=VERTEX_POINT('',#13757);
#3837=VERTEX_POINT('',#13774);
#3838=VERTEX_POINT('',#13780);
#3839=VERTEX_POINT('',#13797);
#3840=VERTEX_POINT('',#13803);
#3841=VERTEX_POINT('',#13820);
#3842=VERTEX_POINT('',#13826);
#3843=VERTEX_POINT('',#13864);
#3844=VERTEX_POINT('',#13865);
#3845=VERTEX_POINT('',#13871);
#3846=VERTEX_POINT('',#13873);
#3847=VERTEX_POINT('',#13890);
#3848=VERTEX_POINT('',#13896);
#3849=VERTEX_POINT('',#13904);
#3850=VERTEX_POINT('',#13906);
#3851=VERTEX_POINT('',#13910);
#3852=VERTEX_POINT('',#13912);
#3853=VERTEX_POINT('',#13925);
#3854=VERTEX_POINT('',#13931);
#3855=VERTEX_POINT('',#13948);
#3856=VERTEX_POINT('',#13954);
#3857=VERTEX_POINT('',#13991);
#3858=VERTEX_POINT('',#13992);
#3859=VERTEX_POINT('',#13998);
#3860=VERTEX_POINT('',#14000);
#3861=VERTEX_POINT('',#14017);
#3862=VERTEX_POINT('',#14023);
#3863=VERTEX_POINT('',#14040);
#3864=VERTEX_POINT('',#14046);
#3865=VERTEX_POINT('',#14063);
#3866=VERTEX_POINT('',#14069);
#3867=VERTEX_POINT('',#14077);
#3868=VERTEX_POINT('',#14079);
#3869=VERTEX_POINT('',#14092);
#3870=VERTEX_POINT('',#14098);
#3871=VERTEX_POINT('',#14115);
#3872=VERTEX_POINT('',#14121);
#3873=VERTEX_POINT('',#14138);
#3874=VERTEX_POINT('',#14144);
#3875=VERTEX_POINT('',#14161);
#3876=VERTEX_POINT('',#14167);
#3877=VERTEX_POINT('',#14175);
#3878=VERTEX_POINT('',#14177);
#3879=VERTEX_POINT('',#14181);
#3880=VERTEX_POINT('',#14183);
#3881=VERTEX_POINT('',#14196);
#3882=VERTEX_POINT('',#14202);
#3883=VERTEX_POINT('',#14219);
#3884=VERTEX_POINT('',#14225);
#3885=VERTEX_POINT('',#14242);
#3886=VERTEX_POINT('',#14248);
#3887=VERTEX_POINT('',#14265);
#3888=VERTEX_POINT('',#14271);
#3889=VERTEX_POINT('',#14288);
#3890=VERTEX_POINT('',#14294);
#3891=VERTEX_POINT('',#14311);
#3892=VERTEX_POINT('',#14317);
#3893=VERTEX_POINT('',#14334);
#3894=VERTEX_POINT('',#14340);
#3895=VERTEX_POINT('',#14357);
#3896=VERTEX_POINT('',#14363);
#3897=VERTEX_POINT('',#14371);
#3898=VERTEX_POINT('',#14373);
#3899=VERTEX_POINT('',#14386);
#3900=VERTEX_POINT('',#14392);
#3901=VERTEX_POINT('',#14409);
#3902=VERTEX_POINT('',#14415);
#3903=VERTEX_POINT('',#14436);
#3904=VERTEX_POINT('',#14437);
#3905=VERTEX_POINT('',#14443);
#3906=VERTEX_POINT('',#14445);
#3907=VERTEX_POINT('',#14462);
#3908=VERTEX_POINT('',#14468);
#3909=VERTEX_POINT('',#14485);
#3910=VERTEX_POINT('',#14491);
#3911=VERTEX_POINT('',#14508);
#3912=VERTEX_POINT('',#14514);
#3913=VERTEX_POINT('',#14531);
#3914=VERTEX_POINT('',#14537);
#3915=VERTEX_POINT('',#14554);
#3916=VERTEX_POINT('',#14560);
#3917=VERTEX_POINT('',#14597);
#3918=VERTEX_POINT('',#14598);
#3919=VERTEX_POINT('',#14604);
#3920=VERTEX_POINT('',#14606);
#3921=VERTEX_POINT('',#14623);
#3922=VERTEX_POINT('',#14629);
#3923=VERTEX_POINT('',#14646);
#3924=VERTEX_POINT('',#14652);
#3925=VERTEX_POINT('',#14669);
#3926=VERTEX_POINT('',#14675);
#3927=VERTEX_POINT('',#14692);
#3928=VERTEX_POINT('',#14698);
#3929=VERTEX_POINT('',#14715);
#3930=VERTEX_POINT('',#14721);
#3931=VERTEX_POINT('',#14738);
#3932=VERTEX_POINT('',#14744);
#3933=VERTEX_POINT('',#14761);
#3934=VERTEX_POINT('',#14767);
#3935=VERTEX_POINT('',#14784);
#3936=VERTEX_POINT('',#14790);
#3937=VERTEX_POINT('',#14807);
#3938=VERTEX_POINT('',#14813);
#3939=VERTEX_POINT('',#14821);
#3940=VERTEX_POINT('',#14823);
#3941=VERTEX_POINT('',#14836);
#3942=VERTEX_POINT('',#14842);
#3943=VERTEX_POINT('',#14859);
#3944=VERTEX_POINT('',#14865);
#3945=VERTEX_POINT('',#14882);
#3946=VERTEX_POINT('',#14888);
#3947=VERTEX_POINT('',#14905);
#3948=VERTEX_POINT('',#14911);
#3949=VERTEX_POINT('',#14928);
#3950=VERTEX_POINT('',#14934);
#3951=VERTEX_POINT('',#14951);
#3952=VERTEX_POINT('',#14957);
#3953=VERTEX_POINT('',#14974);
#3954=VERTEX_POINT('',#14980);
#3955=VERTEX_POINT('',#14988);
#3956=VERTEX_POINT('',#14990);
#3957=VERTEX_POINT('',#15003);
#3958=VERTEX_POINT('',#15009);
#3959=VERTEX_POINT('',#15026);
#3960=VERTEX_POINT('',#15032);
#3961=VERTEX_POINT('',#15049);
#3962=VERTEX_POINT('',#15055);
#3963=VERTEX_POINT('',#15072);
#3964=VERTEX_POINT('',#15078);
#3965=VERTEX_POINT('',#15095);
#3966=VERTEX_POINT('',#15101);
#3967=VERTEX_POINT('',#15118);
#3968=VERTEX_POINT('',#15124);
#3969=VERTEX_POINT('',#15141);
#3970=VERTEX_POINT('',#15147);
#3971=VERTEX_POINT('',#15164);
#3972=VERTEX_POINT('',#15170);
#3973=VERTEX_POINT('',#15178);
#3974=VERTEX_POINT('',#15180);
#3975=VERTEX_POINT('',#15193);
#3976=VERTEX_POINT('',#15199);
#3977=VERTEX_POINT('',#15216);
#3978=VERTEX_POINT('',#15222);
#3979=VERTEX_POINT('',#15239);
#3980=VERTEX_POINT('',#15245);
#3981=VERTEX_POINT('',#15262);
#3982=VERTEX_POINT('',#15268);
#3983=VERTEX_POINT('',#15285);
#3984=VERTEX_POINT('',#15291);
#3985=VERTEX_POINT('',#15308);
#3986=VERTEX_POINT('',#15314);
#3987=VERTEX_POINT('',#15331);
#3988=VERTEX_POINT('',#15337);
#3989=VERTEX_POINT('',#15354);
#3990=VERTEX_POINT('',#15360);
#3991=VERTEX_POINT('',#15377);
#3992=VERTEX_POINT('',#15383);
#3993=VERTEX_POINT('',#15400);
#3994=VERTEX_POINT('',#15406);
#3995=VERTEX_POINT('',#15423);
#3996=VERTEX_POINT('',#15429);
#3997=VERTEX_POINT('',#15446);
#3998=VERTEX_POINT('',#15452);
#3999=VERTEX_POINT('',#15460);
#4000=VERTEX_POINT('',#15462);
#4001=VERTEX_POINT('',#15487);
#4002=VERTEX_POINT('',#15488);
#4003=VERTEX_POINT('',#15490);
#4004=VERTEX_POINT('',#15492);
#4005=VERTEX_POINT('',#15494);
#4006=VERTEX_POINT('',#15496);
#4007=VERTEX_POINT('',#15498);
#4008=VERTEX_POINT('',#15500);
#4009=VERTEX_POINT('',#15502);
#4010=VERTEX_POINT('',#15504);
#4011=VERTEX_POINT('',#15506);
#4012=VERTEX_POINT('',#15508);
#4013=VERTEX_POINT('',#15510);
#4014=VERTEX_POINT('',#15512);
#4015=VERTEX_POINT('',#15514);
#4016=VERTEX_POINT('',#15516);
#4017=VERTEX_POINT('',#15519);
#4018=VERTEX_POINT('',#15520);
#4019=VERTEX_POINT('',#15522);
#4020=VERTEX_POINT('',#15524);
#4021=VERTEX_POINT('',#15527);
#4022=VERTEX_POINT('',#15529);
#4023=VERTEX_POINT('',#15531);
#4024=VERTEX_POINT('',#15533);
#4025=VERTEX_POINT('',#15540);
#4026=VERTEX_POINT('',#15542);
#4027=VERTEX_POINT('',#15546);
#4028=VERTEX_POINT('',#15548);
#4029=VERTEX_POINT('',#15554);
#4030=VERTEX_POINT('',#15556);
#4031=VERTEX_POINT('',#15560);
#4032=VERTEX_POINT('',#15562);
#4033=VERTEX_POINT('',#15564);
#4034=VERTEX_POINT('',#15566);
#4035=VERTEX_POINT('',#15568);
#4036=VERTEX_POINT('',#15570);
#4037=VERTEX_POINT('',#15572);
#4038=VERTEX_POINT('',#15574);
#4039=VERTEX_POINT('',#15576);
#4040=VERTEX_POINT('',#15578);
#4041=VERTEX_POINT('',#15581);
#4042=VERTEX_POINT('',#15582);
#4043=VERTEX_POINT('',#15584);
#4044=VERTEX_POINT('',#15586);
#4045=VERTEX_POINT('',#15592);
#4046=VERTEX_POINT('',#15593);
#4047=VERTEX_POINT('',#15595);
#4048=VERTEX_POINT('',#15599);
#4049=VERTEX_POINT('',#15602);
#4050=VERTEX_POINT('',#15610);
#4051=VERTEX_POINT('',#15612);
#4052=VERTEX_POINT('',#15614);
#4053=VERTEX_POINT('',#15616);
#4054=VERTEX_POINT('',#15618);
#4055=VERTEX_POINT('',#15620);
#4056=VERTEX_POINT('',#15622);
#4057=VERTEX_POINT('',#15624);
#4058=VERTEX_POINT('',#15627);
#4059=VERTEX_POINT('',#15628);
#4060=VERTEX_POINT('',#15630);
#4061=VERTEX_POINT('',#15632);
#4062=VERTEX_POINT('',#15636);
#4063=VERTEX_POINT('',#15641);
#4064=VERTEX_POINT('',#15646);
#4065=VERTEX_POINT('',#15651);
#4066=VERTEX_POINT('',#15656);
#4067=VERTEX_POINT('',#15657);
#4068=VERTEX_POINT('',#15659);
#4069=VERTEX_POINT('',#15661);
#4070=VERTEX_POINT('',#15665);
#4071=VERTEX_POINT('',#15667);
#4072=VERTEX_POINT('',#15671);
#4073=VERTEX_POINT('',#15673);
#4074=VERTEX_POINT('',#15681);
#4075=VERTEX_POINT('',#15682);
#4076=VERTEX_POINT('',#15684);
#4077=VERTEX_POINT('',#15686);
#4078=VERTEX_POINT('',#15690);
#4079=VERTEX_POINT('',#15692);
#4080=VERTEX_POINT('',#15696);
#4081=VERTEX_POINT('',#15698);
#4082=VERTEX_POINT('',#15706);
#4083=VERTEX_POINT('',#15707);
#4084=VERTEX_POINT('',#15709);
#4085=VERTEX_POINT('',#15711);
#4086=VERTEX_POINT('',#15715);
#4087=VERTEX_POINT('',#15717);
#4088=VERTEX_POINT('',#15721);
#4089=VERTEX_POINT('',#15723);
#4090=VERTEX_POINT('',#15731);
#4091=VERTEX_POINT('',#15732);
#4092=VERTEX_POINT('',#15734);
#4093=VERTEX_POINT('',#15736);
#4094=VERTEX_POINT('',#15740);
#4095=VERTEX_POINT('',#15742);
#4096=VERTEX_POINT('',#15746);
#4097=VERTEX_POINT('',#15748);
#4098=VERTEX_POINT('',#15756);
#4099=VERTEX_POINT('',#15757);
#4100=VERTEX_POINT('',#15759);
#4101=VERTEX_POINT('',#15761);
#4102=VERTEX_POINT('',#15765);
#4103=VERTEX_POINT('',#15767);
#4104=VERTEX_POINT('',#15771);
#4105=VERTEX_POINT('',#15773);
#4106=VERTEX_POINT('',#15781);
#4107=VERTEX_POINT('',#15782);
#4108=VERTEX_POINT('',#15784);
#4109=VERTEX_POINT('',#15786);
#4110=VERTEX_POINT('',#15790);
#4111=VERTEX_POINT('',#15792);
#4112=VERTEX_POINT('',#15796);
#4113=VERTEX_POINT('',#15798);
#4114=VERTEX_POINT('',#15806);
#4115=VERTEX_POINT('',#15807);
#4116=VERTEX_POINT('',#15809);
#4117=VERTEX_POINT('',#15811);
#4118=VERTEX_POINT('',#15815);
#4119=VERTEX_POINT('',#15817);
#4120=VERTEX_POINT('',#15821);
#4121=VERTEX_POINT('',#15823);
#4122=VERTEX_POINT('',#15831);
#4123=VERTEX_POINT('',#15832);
#4124=VERTEX_POINT('',#15834);
#4125=VERTEX_POINT('',#15836);
#4126=VERTEX_POINT('',#15840);
#4127=VERTEX_POINT('',#15842);
#4128=VERTEX_POINT('',#15846);
#4129=VERTEX_POINT('',#15848);
#4130=VERTEX_POINT('',#15856);
#4131=VERTEX_POINT('',#15857);
#4132=VERTEX_POINT('',#15859);
#4133=VERTEX_POINT('',#15861);
#4134=VERTEX_POINT('',#15865);
#4135=VERTEX_POINT('',#15867);
#4136=VERTEX_POINT('',#15871);
#4137=VERTEX_POINT('',#15873);
#4138=VERTEX_POINT('',#15881);
#4139=VERTEX_POINT('',#15882);
#4140=VERTEX_POINT('',#15884);
#4141=VERTEX_POINT('',#15886);
#4142=VERTEX_POINT('',#15890);
#4143=VERTEX_POINT('',#15892);
#4144=VERTEX_POINT('',#15896);
#4145=VERTEX_POINT('',#15898);
#4146=VERTEX_POINT('',#15906);
#4147=VERTEX_POINT('',#15907);
#4148=VERTEX_POINT('',#15909);
#4149=VERTEX_POINT('',#15911);
#4150=VERTEX_POINT('',#15915);
#4151=VERTEX_POINT('',#15916);
#4152=VERTEX_POINT('',#15918);
#4153=VERTEX_POINT('',#15920);
#4154=VERTEX_POINT('',#15924);
#4155=VERTEX_POINT('',#15926);
#4156=VERTEX_POINT('',#15930);
#4157=VERTEX_POINT('',#15932);
#4158=VERTEX_POINT('',#15936);
#4159=VERTEX_POINT('',#15937);
#4160=VERTEX_POINT('',#15939);
#4161=VERTEX_POINT('',#15941);
#4162=VERTEX_POINT('',#15945);
#4163=VERTEX_POINT('',#15946);
#4164=VERTEX_POINT('',#15948);
#4165=VERTEX_POINT('',#15950);
#4166=VERTEX_POINT('',#15954);
#4167=VERTEX_POINT('',#15956);
#4168=VERTEX_POINT('',#15960);
#4169=VERTEX_POINT('',#15962);
#4170=VERTEX_POINT('',#15975);
#4171=VERTEX_POINT('',#15977);
#4172=VERTEX_POINT('',#15979);
#4173=VERTEX_POINT('',#15981);
#4174=VERTEX_POINT('',#15983);
#4175=VERTEX_POINT('',#15985);
#4176=VERTEX_POINT('',#15987);
#4177=VERTEX_POINT('',#15989);
#4178=VERTEX_POINT('',#15991);
#4179=VERTEX_POINT('',#15993);
#4180=VERTEX_POINT('',#15995);
#4181=VERTEX_POINT('',#15997);
#4182=VERTEX_POINT('',#16001);
#4183=VERTEX_POINT('',#16003);
#4184=VERTEX_POINT('',#16005);
#4185=VERTEX_POINT('',#16007);
#4186=VERTEX_POINT('',#16009);
#4187=VERTEX_POINT('',#16011);
#4188=VERTEX_POINT('',#16013);
#4189=VERTEX_POINT('',#16015);
#4190=VERTEX_POINT('',#16017);
#4191=VERTEX_POINT('',#16019);
#4192=VERTEX_POINT('',#16021);
#4193=VERTEX_POINT('',#16023);
#4194=VERTEX_POINT('',#16030);
#4195=VERTEX_POINT('',#16032);
#4196=VERTEX_POINT('',#16036);
#4197=VERTEX_POINT('',#16040);
#4198=VERTEX_POINT('',#16041);
#4199=VERTEX_POINT('',#16046);
#4200=VERTEX_POINT('',#16050);
#4201=VERTEX_POINT('',#16052);
#4202=VERTEX_POINT('',#16056);
#4203=VERTEX_POINT('',#16060);
#4204=VERTEX_POINT('',#16061);
#4205=VERTEX_POINT('',#16066);
#4206=VERTEX_POINT('',#16070);
#4207=VERTEX_POINT('',#16072);
#4208=VERTEX_POINT('',#16076);
#4209=VERTEX_POINT('',#16080);
#4210=VERTEX_POINT('',#16081);
#4211=VERTEX_POINT('',#16086);
#4212=VERTEX_POINT('',#16090);
#4213=VERTEX_POINT('',#16092);
#4214=VERTEX_POINT('',#16096);
#4215=VERTEX_POINT('',#16100);
#4216=VERTEX_POINT('',#16101);
#4217=VERTEX_POINT('',#16106);
#4218=VERTEX_POINT('',#16132);
#4219=VERTEX_POINT('',#16133);
#4220=VERTEX_POINT('',#16138);
#4221=VERTEX_POINT('',#16142);
#4222=EDGE_CURVE('',#3378,#3379,#1614,.T.);
#4223=EDGE_CURVE('',#3380,#3378,#1615,.T.);
#4224=EDGE_CURVE('',#3380,#3381,#1616,.T.);
#4225=EDGE_CURVE('',#3381,#3382,#1617,.T.);
#4226=EDGE_CURVE('',#3383,#3382,#1618,.T.);
#4227=EDGE_CURVE('',#3379,#3383,#1619,.T.);
#4228=EDGE_CURVE('',#3383,#3384,#1620,.T.);
#4229=EDGE_CURVE('',#3382,#3385,#1621,.T.);
#4230=EDGE_CURVE('',#3384,#3385,#1622,.T.);
#4231=EDGE_CURVE('',#3386,#3380,#1623,.T.);
#4232=EDGE_CURVE('',#3386,#3387,#1624,.T.);
#4233=EDGE_CURVE('',#3387,#3381,#1625,.T.);
#4234=EDGE_CURVE('',#3388,#3389,#1626,.T.);
#4235=EDGE_CURVE('',#3384,#3388,#1627,.T.);
#4236=EDGE_CURVE('',#3385,#3387,#1628,.T.);
#4237=EDGE_CURVE('',#3389,#3386,#1629,.T.);
#4238=EDGE_CURVE('',#3390,#3391,#1630,.T.);
#4239=EDGE_CURVE('',#3392,#3390,#1631,.T.);
#4240=EDGE_CURVE('',#3392,#3393,#1632,.T.);
#4241=EDGE_CURVE('',#3391,#3393,#1633,.T.);
#4242=EDGE_CURVE('',#3394,#3395,#1634,.T.);
#4243=EDGE_CURVE('',#3394,#3396,#1635,.T.);
#4244=EDGE_CURVE('',#3396,#3397,#1636,.T.);
#4245=EDGE_CURVE('',#3395,#3397,#1637,.T.);
#4246=EDGE_CURVE('',#3391,#3394,#1638,.T.);
#4247=EDGE_CURVE('',#3393,#3396,#1639,.T.);
#4248=EDGE_CURVE('',#3397,#3392,#1640,.T.);
#4249=EDGE_CURVE('',#3398,#3379,#1641,.F.);
#4250=EDGE_CURVE('',#3399,#3398,#1642,.T.);
#4251=EDGE_CURVE('',#3378,#3399,#1643,.T.);
#4252=EDGE_CURVE('',#3400,#3390,#1644,.T.);
#4253=EDGE_CURVE('',#3401,#3400,#1645,.T.);
#4254=EDGE_CURVE('',#3402,#3401,#1646,.T.);
#4255=EDGE_CURVE('',#3402,#3403,#1647,.T.);
#4256=EDGE_CURVE('',#3403,#3404,#1648,.T.);
#4257=EDGE_CURVE('',#3404,#3405,#1649,.T.);
#4258=EDGE_CURVE('',#3406,#3405,#1650,.T.);
#4259=EDGE_CURVE('',#3407,#3406,#1651,.T.);
#4260=EDGE_CURVE('',#3395,#3407,#1652,.T.);
#4261=EDGE_CURVE('',#3399,#3400,#1653,.T.);
#4262=EDGE_CURVE('',#3407,#3408,#1654,.T.);
#4263=EDGE_CURVE('',#3408,#3389,#1655,.T.);
#4264=EDGE_CURVE('',#3409,#3410,#1656,.T.);
#4265=EDGE_CURVE('',#3410,#3411,#1657,.T.);
#4266=EDGE_CURVE('',#3411,#3412,#1658,.T.);
#4267=EDGE_CURVE('',#3412,#3409,#1659,.T.);
#4268=EDGE_CURVE('',#3413,#3413,#534,.T.);
#4269=EDGE_CURVE('',#3413,#3414,#1660,.T.);
#4270=EDGE_CURVE('',#3414,#3414,#535,.T.);
#4271=EDGE_CURVE('',#3415,#3415,#536,.T.);
#4272=EDGE_CURVE('',#3415,#3416,#1661,.T.);
#4273=EDGE_CURVE('',#3416,#3416,#537,.T.);
#4274=EDGE_CURVE('',#3417,#3417,#538,.T.);
#4275=EDGE_CURVE('',#3417,#3418,#1662,.T.);
#4276=EDGE_CURVE('',#3418,#3418,#539,.T.);
#4277=EDGE_CURVE('',#3419,#3419,#540,.T.);
#4278=EDGE_CURVE('',#3419,#3420,#1663,.T.);
#4279=EDGE_CURVE('',#3420,#3420,#541,.T.);
#4280=EDGE_CURVE('',#3421,#3422,#1664,.T.);
#4281=EDGE_CURVE('',#3421,#3423,#1665,.T.);
#4282=EDGE_CURVE('',#3423,#3424,#1666,.T.);
#4283=EDGE_CURVE('',#3422,#3424,#1667,.T.);
#4284=EDGE_CURVE('',#3425,#3421,#1668,.T.);
#4285=EDGE_CURVE('',#3425,#3426,#1669,.T.);
#4286=EDGE_CURVE('',#3426,#3423,#1670,.T.);
#4287=EDGE_CURVE('',#3427,#3425,#1671,.T.);
#4288=EDGE_CURVE('',#3427,#3428,#1672,.T.);
#4289=EDGE_CURVE('',#3428,#3426,#1673,.T.);
#4290=EDGE_CURVE('',#3429,#3427,#15,.T.);
#4291=EDGE_CURVE('',#3429,#3430,#1674,.T.);
#4292=EDGE_CURVE('',#3430,#3428,#16,.T.);
#4293=EDGE_CURVE('',#3431,#3429,#17,.T.);
#4294=EDGE_CURVE('',#3431,#3432,#1675,.T.);
#4295=EDGE_CURVE('',#3432,#3430,#18,.T.);
#4296=EDGE_CURVE('',#3433,#3431,#1676,.T.);
#4297=EDGE_CURVE('',#3433,#3434,#1677,.T.);
#4298=EDGE_CURVE('',#3434,#3432,#1678,.T.);
#4299=EDGE_CURVE('',#3435,#3433,#1679,.T.);
#4300=EDGE_CURVE('',#3435,#3436,#1680,.T.);
#4301=EDGE_CURVE('',#3436,#3434,#1681,.T.);
#4302=EDGE_CURVE('',#3437,#3435,#1682,.T.);
#4303=EDGE_CURVE('',#3437,#3438,#1683,.T.);
#4304=EDGE_CURVE('',#3438,#3436,#1684,.T.);
#4305=EDGE_CURVE('',#3439,#3437,#19,.T.);
#4306=EDGE_CURVE('',#3439,#3440,#1685,.T.);
#4307=EDGE_CURVE('',#3440,#3438,#20,.T.);
#4308=EDGE_CURVE('',#3441,#3439,#21,.T.);
#4309=EDGE_CURVE('',#3441,#3442,#1686,.T.);
#4310=EDGE_CURVE('',#3442,#3440,#22,.T.);
#4311=EDGE_CURVE('',#3443,#3441,#23,.T.);
#4312=EDGE_CURVE('',#3443,#3444,#1687,.T.);
#4313=EDGE_CURVE('',#3444,#3442,#24,.T.);
#4314=EDGE_CURVE('',#3445,#3443,#25,.T.);
#4315=EDGE_CURVE('',#3445,#3446,#1688,.T.);
#4316=EDGE_CURVE('',#3446,#3444,#26,.T.);
#4317=EDGE_CURVE('',#3447,#3445,#1689,.T.);
#4318=EDGE_CURVE('',#3447,#3448,#1690,.T.);
#4319=EDGE_CURVE('',#3448,#3446,#1691,.T.);
#4320=EDGE_CURVE('',#3449,#3447,#1692,.T.);
#4321=EDGE_CURVE('',#3449,#3450,#1693,.T.);
#4322=EDGE_CURVE('',#3450,#3448,#1694,.T.);
#4323=EDGE_CURVE('',#3451,#3449,#1695,.T.);
#4324=EDGE_CURVE('',#3451,#3452,#1696,.T.);
#4325=EDGE_CURVE('',#3452,#3450,#1697,.T.);
#4326=EDGE_CURVE('',#3453,#3451,#1698,.T.);
#4327=EDGE_CURVE('',#3453,#3454,#1699,.T.);
#4328=EDGE_CURVE('',#3454,#3452,#1700,.T.);
#4329=EDGE_CURVE('',#3455,#3453,#1701,.T.);
#4330=EDGE_CURVE('',#3455,#3456,#1702,.T.);
#4331=EDGE_CURVE('',#3456,#3454,#1703,.T.);
#4332=EDGE_CURVE('',#3457,#3455,#1704,.T.);
#4333=EDGE_CURVE('',#3457,#3458,#1705,.T.);
#4334=EDGE_CURVE('',#3458,#3456,#1706,.T.);
#4335=EDGE_CURVE('',#3459,#3457,#1707,.T.);
#4336=EDGE_CURVE('',#3459,#3460,#1708,.T.);
#4337=EDGE_CURVE('',#3460,#3458,#1709,.T.);
#4338=EDGE_CURVE('',#3422,#3459,#1710,.T.);
#4339=EDGE_CURVE('',#3424,#3460,#1711,.T.);
#4340=EDGE_CURVE('',#3461,#3462,#1712,.T.);
#4341=EDGE_CURVE('',#3461,#3463,#1713,.T.);
#4342=EDGE_CURVE('',#3463,#3464,#1714,.T.);
#4343=EDGE_CURVE('',#3462,#3464,#1715,.T.);
#4344=EDGE_CURVE('',#3465,#3461,#1716,.T.);
#4345=EDGE_CURVE('',#3465,#3466,#1717,.T.);
#4346=EDGE_CURVE('',#3466,#3463,#1718,.T.);
#4347=EDGE_CURVE('',#3467,#3465,#1719,.T.);
#4348=EDGE_CURVE('',#3467,#3468,#1720,.T.);
#4349=EDGE_CURVE('',#3468,#3466,#1721,.T.);
#4350=EDGE_CURVE('',#3469,#3467,#1722,.T.);
#4351=EDGE_CURVE('',#3469,#3470,#1723,.T.);
#4352=EDGE_CURVE('',#3470,#3468,#1724,.T.);
#4353=EDGE_CURVE('',#3471,#3469,#1725,.T.);
#4354=EDGE_CURVE('',#3471,#3472,#1726,.T.);
#4355=EDGE_CURVE('',#3472,#3470,#1727,.T.);
#4356=EDGE_CURVE('',#3473,#3471,#1728,.T.);
#4357=EDGE_CURVE('',#3473,#3474,#1729,.T.);
#4358=EDGE_CURVE('',#3474,#3472,#1730,.T.);
#4359=EDGE_CURVE('',#3462,#3473,#1731,.T.);
#4360=EDGE_CURVE('',#3464,#3474,#1732,.T.);
#4361=EDGE_CURVE('',#3475,#3476,#1733,.T.);
#4362=EDGE_CURVE('',#3475,#3477,#1734,.T.);
#4363=EDGE_CURVE('',#3477,#3478,#1735,.T.);
#4364=EDGE_CURVE('',#3476,#3478,#1736,.T.);
#4365=EDGE_CURVE('',#3479,#3475,#1737,.T.);
#4366=EDGE_CURVE('',#3479,#3480,#1738,.T.);
#4367=EDGE_CURVE('',#3480,#3477,#1739,.T.);
#4368=EDGE_CURVE('',#3481,#3479,#1740,.T.);
#4369=EDGE_CURVE('',#3481,#3482,#1741,.T.);
#4370=EDGE_CURVE('',#3482,#3480,#1742,.T.);
#4371=EDGE_CURVE('',#3483,#3481,#1743,.T.);
#4372=EDGE_CURVE('',#3483,#3484,#1744,.T.);
#4373=EDGE_CURVE('',#3484,#3482,#1745,.T.);
#4374=EDGE_CURVE('',#3485,#3483,#1746,.T.);
#4375=EDGE_CURVE('',#3485,#3486,#1747,.T.);
#4376=EDGE_CURVE('',#3486,#3484,#1748,.T.);
#4377=EDGE_CURVE('',#3487,#3485,#1749,.T.);
#4378=EDGE_CURVE('',#3487,#3488,#1750,.T.);
#4379=EDGE_CURVE('',#3488,#3486,#1751,.T.);
#4380=EDGE_CURVE('',#3489,#3487,#1752,.T.);
#4381=EDGE_CURVE('',#3489,#3490,#1753,.T.);
#4382=EDGE_CURVE('',#3490,#3488,#1754,.T.);
#4383=EDGE_CURVE('',#3491,#3489,#1755,.T.);
#4384=EDGE_CURVE('',#3491,#3492,#1756,.T.);
#4385=EDGE_CURVE('',#3492,#3490,#1757,.T.);
#4386=EDGE_CURVE('',#3493,#3491,#1758,.T.);
#4387=EDGE_CURVE('',#3493,#3494,#1759,.T.);
#4388=EDGE_CURVE('',#3494,#3492,#1760,.T.);
#4389=EDGE_CURVE('',#3476,#3493,#1761,.T.);
#4390=EDGE_CURVE('',#3478,#3494,#1762,.T.);
#4391=EDGE_CURVE('',#3495,#3496,#1763,.T.);
#4392=EDGE_CURVE('',#3495,#3497,#1764,.T.);
#4393=EDGE_CURVE('',#3497,#3498,#1765,.T.);
#4394=EDGE_CURVE('',#3496,#3498,#1766,.T.);
#4395=EDGE_CURVE('',#3499,#3495,#1767,.T.);
#4396=EDGE_CURVE('',#3499,#3500,#1768,.T.);
#4397=EDGE_CURVE('',#3500,#3497,#1769,.T.);
#4398=EDGE_CURVE('',#3501,#3499,#1770,.T.);
#4399=EDGE_CURVE('',#3501,#3502,#1771,.T.);
#4400=EDGE_CURVE('',#3502,#3500,#1772,.T.);
#4401=EDGE_CURVE('',#3503,#3501,#1773,.T.);
#4402=EDGE_CURVE('',#3503,#3504,#1774,.T.);
#4403=EDGE_CURVE('',#3504,#3502,#1775,.T.);
#4404=EDGE_CURVE('',#3505,#3503,#1776,.T.);
#4405=EDGE_CURVE('',#3505,#3506,#1777,.T.);
#4406=EDGE_CURVE('',#3506,#3504,#1778,.T.);
#4407=EDGE_CURVE('',#3507,#3505,#27,.T.);
#4408=EDGE_CURVE('',#3507,#3508,#1779,.T.);
#4409=EDGE_CURVE('',#3508,#3506,#28,.T.);
#4410=EDGE_CURVE('',#3509,#3507,#29,.T.);
#4411=EDGE_CURVE('',#3509,#3510,#1780,.T.);
#4412=EDGE_CURVE('',#3510,#3508,#30,.T.);
#4413=EDGE_CURVE('',#3511,#3509,#31,.T.);
#4414=EDGE_CURVE('',#3511,#3512,#1781,.T.);
#4415=EDGE_CURVE('',#3512,#3510,#32,.T.);
#4416=EDGE_CURVE('',#3513,#3511,#1782,.T.);
#4417=EDGE_CURVE('',#3513,#3514,#1783,.T.);
#4418=EDGE_CURVE('',#3514,#3512,#1784,.T.);
#4419=EDGE_CURVE('',#3515,#3513,#33,.T.);
#4420=EDGE_CURVE('',#3515,#3516,#1785,.T.);
#4421=EDGE_CURVE('',#3516,#3514,#34,.T.);
#4422=EDGE_CURVE('',#3517,#3515,#35,.T.);
#4423=EDGE_CURVE('',#3517,#3518,#1786,.T.);
#4424=EDGE_CURVE('',#3518,#3516,#36,.T.);
#4425=EDGE_CURVE('',#3519,#3517,#37,.T.);
#4426=EDGE_CURVE('',#3519,#3520,#1787,.T.);
#4427=EDGE_CURVE('',#3520,#3518,#38,.T.);
#4428=EDGE_CURVE('',#3521,#3519,#1788,.T.);
#4429=EDGE_CURVE('',#3521,#3522,#1789,.T.);
#4430=EDGE_CURVE('',#3522,#3520,#1790,.T.);
#4431=EDGE_CURVE('',#3496,#3521,#1791,.T.);
#4432=EDGE_CURVE('',#3498,#3522,#1792,.T.);
#4433=EDGE_CURVE('',#3523,#3524,#1793,.T.);
#4434=EDGE_CURVE('',#3523,#3525,#1794,.T.);
#4435=EDGE_CURVE('',#3525,#3526,#1795,.T.);
#4436=EDGE_CURVE('',#3524,#3526,#1796,.T.);
#4437=EDGE_CURVE('',#3527,#3523,#1797,.T.);
#4438=EDGE_CURVE('',#3527,#3528,#1798,.T.);
#4439=EDGE_CURVE('',#3528,#3525,#1799,.T.);
#4440=EDGE_CURVE('',#3529,#3527,#1800,.T.);
#4441=EDGE_CURVE('',#3529,#3530,#1801,.T.);
#4442=EDGE_CURVE('',#3530,#3528,#1802,.T.);
#4443=EDGE_CURVE('',#3531,#3529,#39,.T.);
#4444=EDGE_CURVE('',#3531,#3532,#1803,.T.);
#4445=EDGE_CURVE('',#3532,#3530,#40,.T.);
#4446=EDGE_CURVE('',#3533,#3531,#41,.T.);
#4447=EDGE_CURVE('',#3533,#3534,#1804,.T.);
#4448=EDGE_CURVE('',#3534,#3532,#42,.T.);
#4449=EDGE_CURVE('',#3535,#3533,#43,.T.);
#4450=EDGE_CURVE('',#3535,#3536,#1805,.T.);
#4451=EDGE_CURVE('',#3536,#3534,#44,.T.);
#4452=EDGE_CURVE('',#3537,#3535,#45,.T.);
#4453=EDGE_CURVE('',#3537,#3538,#1806,.T.);
#4454=EDGE_CURVE('',#3538,#3536,#46,.T.);
#4455=EDGE_CURVE('',#3539,#3537,#1807,.T.);
#4456=EDGE_CURVE('',#3539,#3540,#1808,.T.);
#4457=EDGE_CURVE('',#3540,#3538,#1809,.T.);
#4458=EDGE_CURVE('',#3541,#3539,#1810,.T.);
#4459=EDGE_CURVE('',#3541,#3542,#1811,.T.);
#4460=EDGE_CURVE('',#3542,#3540,#1812,.T.);
#4461=EDGE_CURVE('',#3543,#3541,#1813,.T.);
#4462=EDGE_CURVE('',#3543,#3544,#1814,.T.);
#4463=EDGE_CURVE('',#3544,#3542,#1815,.T.);
#4464=EDGE_CURVE('',#3545,#3543,#47,.T.);
#4465=EDGE_CURVE('',#3545,#3546,#1816,.T.);
#4466=EDGE_CURVE('',#3546,#3544,#48,.T.);
#4467=EDGE_CURVE('',#3547,#3545,#49,.T.);
#4468=EDGE_CURVE('',#3547,#3548,#1817,.T.);
#4469=EDGE_CURVE('',#3548,#3546,#50,.T.);
#4470=EDGE_CURVE('',#3549,#3547,#51,.T.);
#4471=EDGE_CURVE('',#3549,#3550,#1818,.T.);
#4472=EDGE_CURVE('',#3550,#3548,#52,.T.);
#4473=EDGE_CURVE('',#3551,#3549,#53,.T.);
#4474=EDGE_CURVE('',#3551,#3552,#1819,.T.);
#4475=EDGE_CURVE('',#3552,#3550,#54,.T.);
#4476=EDGE_CURVE('',#3553,#3551,#1820,.T.);
#4477=EDGE_CURVE('',#3553,#3554,#1821,.T.);
#4478=EDGE_CURVE('',#3554,#3552,#1822,.T.);
#4479=EDGE_CURVE('',#3524,#3553,#1823,.T.);
#4480=EDGE_CURVE('',#3526,#3554,#1824,.T.);
#4481=EDGE_CURVE('',#3555,#3556,#1825,.T.);
#4482=EDGE_CURVE('',#3555,#3557,#1826,.T.);
#4483=EDGE_CURVE('',#3557,#3558,#1827,.T.);
#4484=EDGE_CURVE('',#3556,#3558,#1828,.T.);
#4485=EDGE_CURVE('',#3559,#3555,#1829,.T.);
#4486=EDGE_CURVE('',#3559,#3560,#1830,.T.);
#4487=EDGE_CURVE('',#3560,#3557,#1831,.T.);
#4488=EDGE_CURVE('',#3561,#3559,#1832,.T.);
#4489=EDGE_CURVE('',#3561,#3562,#1833,.T.);
#4490=EDGE_CURVE('',#3562,#3560,#1834,.T.);
#4491=EDGE_CURVE('',#3563,#3561,#55,.T.);
#4492=EDGE_CURVE('',#3563,#3564,#1835,.T.);
#4493=EDGE_CURVE('',#3564,#3562,#56,.T.);
#4494=EDGE_CURVE('',#3565,#3563,#57,.T.);
#4495=EDGE_CURVE('',#3565,#3566,#1836,.T.);
#4496=EDGE_CURVE('',#3566,#3564,#58,.T.);
#4497=EDGE_CURVE('',#3567,#3565,#59,.T.);
#4498=EDGE_CURVE('',#3567,#3568,#1837,.T.);
#4499=EDGE_CURVE('',#3568,#3566,#60,.T.);
#4500=EDGE_CURVE('',#3569,#3567,#61,.T.);
#4501=EDGE_CURVE('',#3569,#3570,#1838,.T.);
#4502=EDGE_CURVE('',#3570,#3568,#62,.T.);
#4503=EDGE_CURVE('',#3571,#3569,#1839,.T.);
#4504=EDGE_CURVE('',#3571,#3572,#1840,.T.);
#4505=EDGE_CURVE('',#3572,#3570,#1841,.T.);
#4506=EDGE_CURVE('',#3573,#3571,#63,.T.);
#4507=EDGE_CURVE('',#3573,#3574,#1842,.T.);
#4508=EDGE_CURVE('',#3574,#3572,#64,.T.);
#4509=EDGE_CURVE('',#3575,#3573,#65,.T.);
#4510=EDGE_CURVE('',#3575,#3576,#1843,.T.);
#4511=EDGE_CURVE('',#3576,#3574,#66,.T.);
#4512=EDGE_CURVE('',#3577,#3575,#67,.T.);
#4513=EDGE_CURVE('',#3577,#3578,#1844,.T.);
#4514=EDGE_CURVE('',#3578,#3576,#68,.T.);
#4515=EDGE_CURVE('',#3579,#3577,#69,.T.);
#4516=EDGE_CURVE('',#3579,#3580,#1845,.T.);
#4517=EDGE_CURVE('',#3580,#3578,#70,.T.);
#4518=EDGE_CURVE('',#3581,#3579,#1846,.T.);
#4519=EDGE_CURVE('',#3581,#3582,#1847,.T.);
#4520=EDGE_CURVE('',#3582,#3580,#1848,.T.);
#4521=EDGE_CURVE('',#3556,#3581,#1849,.T.);
#4522=EDGE_CURVE('',#3558,#3582,#1850,.T.);
#4523=EDGE_CURVE('',#3583,#3584,#71,.T.);
#4524=EDGE_CURVE('',#3583,#3585,#1851,.T.);
#4525=EDGE_CURVE('',#3585,#3586,#72,.T.);
#4526=EDGE_CURVE('',#3584,#3586,#1852,.T.);
#4527=EDGE_CURVE('',#3587,#3583,#1853,.T.);
#4528=EDGE_CURVE('',#3587,#3588,#1854,.T.);
#4529=EDGE_CURVE('',#3588,#3585,#1855,.T.);
#4530=EDGE_CURVE('',#3589,#3587,#73,.T.);
#4531=EDGE_CURVE('',#3589,#3590,#1856,.T.);
#4532=EDGE_CURVE('',#3590,#3588,#74,.T.);
#4533=EDGE_CURVE('',#3591,#3589,#75,.T.);
#4534=EDGE_CURVE('',#3591,#3592,#1857,.T.);
#4535=EDGE_CURVE('',#3592,#3590,#76,.T.);
#4536=EDGE_CURVE('',#3584,#3591,#77,.T.);
#4537=EDGE_CURVE('',#3586,#3592,#78,.T.);
#4538=EDGE_CURVE('',#3593,#3594,#79,.T.);
#4539=EDGE_CURVE('',#3593,#3595,#1858,.T.);
#4540=EDGE_CURVE('',#3595,#3596,#80,.T.);
#4541=EDGE_CURVE('',#3594,#3596,#1859,.T.);
#4542=EDGE_CURVE('',#3597,#3593,#81,.T.);
#4543=EDGE_CURVE('',#3597,#3598,#1860,.T.);
#4544=EDGE_CURVE('',#3598,#3595,#82,.T.);
#4545=EDGE_CURVE('',#3599,#3597,#83,.T.);
#4546=EDGE_CURVE('',#3599,#3600,#1861,.T.);
#4547=EDGE_CURVE('',#3600,#3598,#84,.T.);
#4548=EDGE_CURVE('',#3601,#3599,#85,.T.);
#4549=EDGE_CURVE('',#3601,#3602,#1862,.T.);
#4550=EDGE_CURVE('',#3602,#3600,#86,.T.);
#4551=EDGE_CURVE('',#3603,#3601,#87,.T.);
#4552=EDGE_CURVE('',#3603,#3604,#1863,.T.);
#4553=EDGE_CURVE('',#3604,#3602,#88,.T.);
#4554=EDGE_CURVE('',#3605,#3603,#89,.T.);
#4555=EDGE_CURVE('',#3605,#3606,#1864,.T.);
#4556=EDGE_CURVE('',#3606,#3604,#90,.T.);
#4557=EDGE_CURVE('',#3607,#3605,#91,.T.);
#4558=EDGE_CURVE('',#3607,#3608,#1865,.T.);
#4559=EDGE_CURVE('',#3608,#3606,#92,.T.);
#4560=EDGE_CURVE('',#3609,#3607,#93,.T.);
#4561=EDGE_CURVE('',#3609,#3610,#1866,.T.);
#4562=EDGE_CURVE('',#3610,#3608,#94,.T.);
#4563=EDGE_CURVE('',#3611,#3609,#95,.T.);
#4564=EDGE_CURVE('',#3611,#3612,#1867,.T.);
#4565=EDGE_CURVE('',#3612,#3610,#96,.T.);
#4566=EDGE_CURVE('',#3613,#3611,#97,.T.);
#4567=EDGE_CURVE('',#3613,#3614,#1868,.T.);
#4568=EDGE_CURVE('',#3614,#3612,#98,.T.);
#4569=EDGE_CURVE('',#3615,#3613,#99,.T.);
#4570=EDGE_CURVE('',#3615,#3616,#1869,.T.);
#4571=EDGE_CURVE('',#3616,#3614,#100,.T.);
#4572=EDGE_CURVE('',#3617,#3615,#101,.T.);
#4573=EDGE_CURVE('',#3617,#3618,#1870,.T.);
#4574=EDGE_CURVE('',#3618,#3616,#102,.T.);
#4575=EDGE_CURVE('',#3619,#3617,#1871,.T.);
#4576=EDGE_CURVE('',#3619,#3620,#1872,.T.);
#4577=EDGE_CURVE('',#3620,#3618,#1873,.T.);
#4578=EDGE_CURVE('',#3621,#3619,#103,.T.);
#4579=EDGE_CURVE('',#3621,#3622,#1874,.T.);
#4580=EDGE_CURVE('',#3622,#3620,#104,.T.);
#4581=EDGE_CURVE('',#3623,#3621,#105,.T.);
#4582=EDGE_CURVE('',#3623,#3624,#1875,.T.);
#4583=EDGE_CURVE('',#3624,#3622,#106,.T.);
#4584=EDGE_CURVE('',#3625,#3623,#107,.T.);
#4585=EDGE_CURVE('',#3625,#3626,#1876,.T.);
#4586=EDGE_CURVE('',#3626,#3624,#108,.T.);
#4587=EDGE_CURVE('',#3627,#3625,#109,.T.);
#4588=EDGE_CURVE('',#3627,#3628,#1877,.T.);
#4589=EDGE_CURVE('',#3628,#3626,#110,.T.);
#4590=EDGE_CURVE('',#3594,#3627,#1878,.T.);
#4591=EDGE_CURVE('',#3596,#3628,#1879,.T.);
#4592=EDGE_CURVE('',#3629,#3630,#1880,.T.);
#4593=EDGE_CURVE('',#3629,#3631,#1881,.T.);
#4594=EDGE_CURVE('',#3631,#3632,#1882,.T.);
#4595=EDGE_CURVE('',#3630,#3632,#1883,.T.);
#4596=EDGE_CURVE('',#3633,#3629,#1884,.T.);
#4597=EDGE_CURVE('',#3633,#3634,#1885,.T.);
#4598=EDGE_CURVE('',#3634,#3631,#1886,.T.);
#4599=EDGE_CURVE('',#3635,#3633,#1887,.T.);
#4600=EDGE_CURVE('',#3635,#3636,#1888,.T.);
#4601=EDGE_CURVE('',#3636,#3634,#1889,.T.);
#4602=EDGE_CURVE('',#3637,#3635,#1890,.T.);
#4603=EDGE_CURVE('',#3637,#3638,#1891,.T.);
#4604=EDGE_CURVE('',#3638,#3636,#1892,.T.);
#4605=EDGE_CURVE('',#3639,#3637,#1893,.T.);
#4606=EDGE_CURVE('',#3639,#3640,#1894,.T.);
#4607=EDGE_CURVE('',#3640,#3638,#1895,.T.);
#4608=EDGE_CURVE('',#3641,#3639,#1896,.T.);
#4609=EDGE_CURVE('',#3641,#3642,#1897,.T.);
#4610=EDGE_CURVE('',#3642,#3640,#1898,.T.);
#4611=EDGE_CURVE('',#3630,#3641,#1899,.T.);
#4612=EDGE_CURVE('',#3632,#3642,#1900,.T.);
#4613=EDGE_CURVE('',#3643,#3644,#1901,.T.);
#4614=EDGE_CURVE('',#3643,#3645,#1902,.T.);
#4615=EDGE_CURVE('',#3645,#3646,#1903,.T.);
#4616=EDGE_CURVE('',#3644,#3646,#1904,.T.);
#4617=EDGE_CURVE('',#3647,#3643,#1905,.T.);
#4618=EDGE_CURVE('',#3647,#3648,#1906,.T.);
#4619=EDGE_CURVE('',#3648,#3645,#1907,.T.);
#4620=EDGE_CURVE('',#3649,#3647,#1908,.T.);
#4621=EDGE_CURVE('',#3649,#3650,#1909,.T.);
#4622=EDGE_CURVE('',#3650,#3648,#1910,.T.);
#4623=EDGE_CURVE('',#3651,#3649,#111,.T.);
#4624=EDGE_CURVE('',#3651,#3652,#1911,.T.);
#4625=EDGE_CURVE('',#3652,#3650,#112,.T.);
#4626=EDGE_CURVE('',#3653,#3651,#113,.T.);
#4627=EDGE_CURVE('',#3653,#3654,#1912,.T.);
#4628=EDGE_CURVE('',#3654,#3652,#114,.T.);
#4629=EDGE_CURVE('',#3655,#3653,#1913,.T.);
#4630=EDGE_CURVE('',#3655,#3656,#1914,.T.);
#4631=EDGE_CURVE('',#3656,#3654,#1915,.T.);
#4632=EDGE_CURVE('',#3657,#3655,#1916,.T.);
#4633=EDGE_CURVE('',#3657,#3658,#1917,.T.);
#4634=EDGE_CURVE('',#3658,#3656,#1918,.T.);
#4635=EDGE_CURVE('',#3659,#3657,#1919,.T.);
#4636=EDGE_CURVE('',#3659,#3660,#1920,.T.);
#4637=EDGE_CURVE('',#3660,#3658,#1921,.T.);
#4638=EDGE_CURVE('',#3661,#3659,#115,.T.);
#4639=EDGE_CURVE('',#3661,#3662,#1922,.T.);
#4640=EDGE_CURVE('',#3662,#3660,#116,.T.);
#4641=EDGE_CURVE('',#3663,#3661,#117,.T.);
#4642=EDGE_CURVE('',#3663,#3664,#1923,.T.);
#4643=EDGE_CURVE('',#3664,#3662,#118,.T.);
#4644=EDGE_CURVE('',#3665,#3663,#119,.T.);
#4645=EDGE_CURVE('',#3665,#3666,#1924,.T.);
#4646=EDGE_CURVE('',#3666,#3664,#120,.T.);
#4647=EDGE_CURVE('',#3667,#3665,#121,.T.);
#4648=EDGE_CURVE('',#3667,#3668,#1925,.T.);
#4649=EDGE_CURVE('',#3668,#3666,#122,.T.);
#4650=EDGE_CURVE('',#3669,#3667,#1926,.T.);
#4651=EDGE_CURVE('',#3669,#3670,#1927,.T.);
#4652=EDGE_CURVE('',#3670,#3668,#1928,.T.);
#4653=EDGE_CURVE('',#3671,#3669,#1929,.T.);
#4654=EDGE_CURVE('',#3671,#3672,#1930,.T.);
#4655=EDGE_CURVE('',#3672,#3670,#1931,.T.);
#4656=EDGE_CURVE('',#3673,#3671,#1932,.T.);
#4657=EDGE_CURVE('',#3673,#3674,#1933,.T.);
#4658=EDGE_CURVE('',#3674,#3672,#1934,.T.);
#4659=EDGE_CURVE('',#3675,#3673,#1935,.T.);
#4660=EDGE_CURVE('',#3675,#3676,#1936,.T.);
#4661=EDGE_CURVE('',#3676,#3674,#1937,.T.);
#4662=EDGE_CURVE('',#3677,#3675,#1938,.T.);
#4663=EDGE_CURVE('',#3677,#3678,#1939,.T.);
#4664=EDGE_CURVE('',#3678,#3676,#1940,.T.);
#4665=EDGE_CURVE('',#3679,#3677,#1941,.T.);
#4666=EDGE_CURVE('',#3679,#3680,#1942,.T.);
#4667=EDGE_CURVE('',#3680,#3678,#1943,.T.);
#4668=EDGE_CURVE('',#3681,#3679,#1944,.T.);
#4669=EDGE_CURVE('',#3681,#3682,#1945,.T.);
#4670=EDGE_CURVE('',#3682,#3680,#1946,.T.);
#4671=EDGE_CURVE('',#3644,#3681,#1947,.T.);
#4672=EDGE_CURVE('',#3646,#3682,#1948,.T.);
#4673=EDGE_CURVE('',#3683,#3684,#123,.T.);
#4674=EDGE_CURVE('',#3683,#3685,#1949,.T.);
#4675=EDGE_CURVE('',#3685,#3686,#124,.T.);
#4676=EDGE_CURVE('',#3684,#3686,#1950,.T.);
#4677=EDGE_CURVE('',#3687,#3683,#1951,.T.);
#4678=EDGE_CURVE('',#3687,#3688,#1952,.T.);
#4679=EDGE_CURVE('',#3688,#3685,#1953,.T.);
#4680=EDGE_CURVE('',#3689,#3687,#125,.T.);
#4681=EDGE_CURVE('',#3689,#3690,#1954,.T.);
#4682=EDGE_CURVE('',#3690,#3688,#126,.T.);
#4683=EDGE_CURVE('',#3691,#3689,#127,.T.);
#4684=EDGE_CURVE('',#3691,#3692,#1955,.T.);
#4685=EDGE_CURVE('',#3692,#3690,#128,.T.);
#4686=EDGE_CURVE('',#3693,#3691,#129,.T.);
#4687=EDGE_CURVE('',#3693,#3694,#1956,.T.);
#4688=EDGE_CURVE('',#3694,#3692,#130,.T.);
#4689=EDGE_CURVE('',#3695,#3693,#131,.T.);
#4690=EDGE_CURVE('',#3695,#3696,#1957,.T.);
#4691=EDGE_CURVE('',#3696,#3694,#132,.T.);
#4692=EDGE_CURVE('',#3697,#3695,#133,.T.);
#4693=EDGE_CURVE('',#3697,#3698,#1958,.T.);
#4694=EDGE_CURVE('',#3698,#3696,#134,.T.);
#4695=EDGE_CURVE('',#3699,#3697,#135,.T.);
#4696=EDGE_CURVE('',#3699,#3700,#1959,.T.);
#4697=EDGE_CURVE('',#3700,#3698,#136,.T.);
#4698=EDGE_CURVE('',#3684,#3699,#137,.T.);
#4699=EDGE_CURVE('',#3686,#3700,#138,.T.);
#4700=EDGE_CURVE('',#3701,#3702,#139,.T.);
#4701=EDGE_CURVE('',#3701,#3703,#1960,.T.);
#4702=EDGE_CURVE('',#3703,#3704,#140,.T.);
#4703=EDGE_CURVE('',#3702,#3704,#1961,.T.);
#4704=EDGE_CURVE('',#3705,#3701,#141,.T.);
#4705=EDGE_CURVE('',#3705,#3706,#1962,.T.);
#4706=EDGE_CURVE('',#3706,#3703,#142,.T.);
#4707=EDGE_CURVE('',#3707,#3705,#143,.T.);
#4708=EDGE_CURVE('',#3707,#3708,#1963,.T.);
#4709=EDGE_CURVE('',#3708,#3706,#144,.T.);
#4710=EDGE_CURVE('',#3709,#3707,#145,.T.);
#4711=EDGE_CURVE('',#3709,#3710,#1964,.T.);
#4712=EDGE_CURVE('',#3710,#3708,#146,.T.);
#4713=EDGE_CURVE('',#3711,#3709,#147,.T.);
#4714=EDGE_CURVE('',#3711,#3712,#1965,.T.);
#4715=EDGE_CURVE('',#3712,#3710,#148,.T.);
#4716=EDGE_CURVE('',#3713,#3711,#149,.T.);
#4717=EDGE_CURVE('',#3713,#3714,#1966,.T.);
#4718=EDGE_CURVE('',#3714,#3712,#150,.T.);
#4719=EDGE_CURVE('',#3715,#3713,#151,.T.);
#4720=EDGE_CURVE('',#3715,#3716,#1967,.T.);
#4721=EDGE_CURVE('',#3716,#3714,#152,.T.);
#4722=EDGE_CURVE('',#3717,#3715,#153,.T.);
#4723=EDGE_CURVE('',#3717,#3718,#1968,.T.);
#4724=EDGE_CURVE('',#3718,#3716,#154,.T.);
#4725=EDGE_CURVE('',#3719,#3717,#155,.T.);
#4726=EDGE_CURVE('',#3719,#3720,#1969,.T.);
#4727=EDGE_CURVE('',#3720,#3718,#156,.T.);
#4728=EDGE_CURVE('',#3721,#3719,#1970,.T.);
#4729=EDGE_CURVE('',#3721,#3722,#1971,.T.);
#4730=EDGE_CURVE('',#3722,#3720,#1972,.T.);
#4731=EDGE_CURVE('',#3723,#3721,#1973,.T.);
#4732=EDGE_CURVE('',#3723,#3724,#1974,.T.);
#4733=EDGE_CURVE('',#3724,#3722,#1975,.T.);
#4734=EDGE_CURVE('',#3725,#3723,#1976,.T.);
#4735=EDGE_CURVE('',#3725,#3726,#1977,.T.);
#4736=EDGE_CURVE('',#3726,#3724,#1978,.T.);
#4737=EDGE_CURVE('',#3727,#3725,#1979,.T.);
#4738=EDGE_CURVE('',#3727,#3728,#1980,.T.);
#4739=EDGE_CURVE('',#3728,#3726,#1981,.T.);
#4740=EDGE_CURVE('',#3702,#3727,#1982,.T.);
#4741=EDGE_CURVE('',#3704,#3728,#1983,.T.);
#4742=EDGE_CURVE('',#3729,#3730,#157,.T.);
#4743=EDGE_CURVE('',#3729,#3731,#1984,.T.);
#4744=EDGE_CURVE('',#3731,#3732,#158,.T.);
#4745=EDGE_CURVE('',#3730,#3732,#1985,.T.);
#4746=EDGE_CURVE('',#3733,#3729,#159,.T.);
#4747=EDGE_CURVE('',#3733,#3734,#1986,.T.);
#4748=EDGE_CURVE('',#3734,#3731,#160,.T.);
#4749=EDGE_CURVE('',#3735,#3733,#161,.T.);
#4750=EDGE_CURVE('',#3735,#3736,#1987,.T.);
#4751=EDGE_CURVE('',#3736,#3734,#162,.T.);
#4752=EDGE_CURVE('',#3737,#3735,#163,.T.);
#4753=EDGE_CURVE('',#3737,#3738,#1988,.T.);
#4754=EDGE_CURVE('',#3738,#3736,#164,.T.);
#4755=EDGE_CURVE('',#3739,#3737,#165,.T.);
#4756=EDGE_CURVE('',#3739,#3740,#1989,.T.);
#4757=EDGE_CURVE('',#3740,#3738,#166,.T.);
#4758=EDGE_CURVE('',#3741,#3739,#167,.T.);
#4759=EDGE_CURVE('',#3741,#3742,#1990,.T.);
#4760=EDGE_CURVE('',#3742,#3740,#168,.T.);
#4761=EDGE_CURVE('',#3743,#3741,#169,.T.);
#4762=EDGE_CURVE('',#3743,#3744,#1991,.T.);
#4763=EDGE_CURVE('',#3744,#3742,#170,.T.);
#4764=EDGE_CURVE('',#3730,#3743,#171,.T.);
#4765=EDGE_CURVE('',#3732,#3744,#172,.T.);
#4766=EDGE_CURVE('',#3745,#3746,#173,.T.);
#4767=EDGE_CURVE('',#3745,#3747,#1992,.T.);
#4768=EDGE_CURVE('',#3747,#3748,#174,.T.);
#4769=EDGE_CURVE('',#3746,#3748,#1993,.T.);
#4770=EDGE_CURVE('',#3749,#3745,#175,.T.);
#4771=EDGE_CURVE('',#3749,#3750,#1994,.T.);
#4772=EDGE_CURVE('',#3750,#3747,#176,.T.);
#4773=EDGE_CURVE('',#3751,#3749,#177,.T.);
#4774=EDGE_CURVE('',#3751,#3752,#1995,.T.);
#4775=EDGE_CURVE('',#3752,#3750,#178,.T.);
#4776=EDGE_CURVE('',#3753,#3751,#179,.T.);
#4777=EDGE_CURVE('',#3753,#3754,#1996,.T.);
#4778=EDGE_CURVE('',#3754,#3752,#180,.T.);
#4779=EDGE_CURVE('',#3755,#3753,#181,.T.);
#4780=EDGE_CURVE('',#3755,#3756,#1997,.T.);
#4781=EDGE_CURVE('',#3756,#3754,#182,.T.);
#4782=EDGE_CURVE('',#3757,#3755,#183,.T.);
#4783=EDGE_CURVE('',#3757,#3758,#1998,.T.);
#4784=EDGE_CURVE('',#3758,#3756,#184,.T.);
#4785=EDGE_CURVE('',#3759,#3757,#185,.T.);
#4786=EDGE_CURVE('',#3759,#3760,#1999,.T.);
#4787=EDGE_CURVE('',#3760,#3758,#186,.T.);
#4788=EDGE_CURVE('',#3761,#3759,#187,.T.);
#4789=EDGE_CURVE('',#3761,#3762,#2000,.T.);
#4790=EDGE_CURVE('',#3762,#3760,#188,.T.);
#4791=EDGE_CURVE('',#3763,#3761,#189,.T.);
#4792=EDGE_CURVE('',#3763,#3764,#2001,.T.);
#4793=EDGE_CURVE('',#3764,#3762,#190,.T.);
#4794=EDGE_CURVE('',#3746,#3763,#191,.T.);
#4795=EDGE_CURVE('',#3748,#3764,#192,.T.);
#4796=EDGE_CURVE('',#3765,#3766,#2002,.T.);
#4797=EDGE_CURVE('',#3765,#3767,#2003,.T.);
#4798=EDGE_CURVE('',#3767,#3768,#2004,.T.);
#4799=EDGE_CURVE('',#3766,#3768,#2005,.T.);
#4800=EDGE_CURVE('',#3769,#3765,#2006,.T.);
#4801=EDGE_CURVE('',#3769,#3770,#2007,.T.);
#4802=EDGE_CURVE('',#3770,#3767,#2008,.T.);
#4803=EDGE_CURVE('',#3771,#3769,#2009,.T.);
#4804=EDGE_CURVE('',#3771,#3772,#2010,.T.);
#4805=EDGE_CURVE('',#3772,#3770,#2011,.T.);
#4806=EDGE_CURVE('',#3773,#3771,#2012,.T.);
#4807=EDGE_CURVE('',#3773,#3774,#2013,.T.);
#4808=EDGE_CURVE('',#3774,#3772,#2014,.T.);
#4809=EDGE_CURVE('',#3775,#3773,#2015,.T.);
#4810=EDGE_CURVE('',#3775,#3776,#2016,.T.);
#4811=EDGE_CURVE('',#3776,#3774,#2017,.T.);
#4812=EDGE_CURVE('',#3777,#3775,#2018,.T.);
#4813=EDGE_CURVE('',#3777,#3778,#2019,.T.);
#4814=EDGE_CURVE('',#3778,#3776,#2020,.T.);
#4815=EDGE_CURVE('',#3779,#3777,#2021,.T.);
#4816=EDGE_CURVE('',#3779,#3780,#2022,.T.);
#4817=EDGE_CURVE('',#3780,#3778,#2023,.T.);
#4818=EDGE_CURVE('',#3781,#3779,#2024,.T.);
#4819=EDGE_CURVE('',#3781,#3782,#2025,.T.);
#4820=EDGE_CURVE('',#3782,#3780,#2026,.T.);
#4821=EDGE_CURVE('',#3783,#3781,#2027,.T.);
#4822=EDGE_CURVE('',#3783,#3784,#2028,.T.);
#4823=EDGE_CURVE('',#3784,#3782,#2029,.T.);
#4824=EDGE_CURVE('',#3785,#3783,#2030,.T.);
#4825=EDGE_CURVE('',#3785,#3786,#2031,.T.);
#4826=EDGE_CURVE('',#3786,#3784,#2032,.T.);
#4827=EDGE_CURVE('',#3766,#3785,#2033,.T.);
#4828=EDGE_CURVE('',#3768,#3786,#2034,.T.);
#4829=EDGE_CURVE('',#3787,#3788,#193,.T.);
#4830=EDGE_CURVE('',#3787,#3789,#2035,.T.);
#4831=EDGE_CURVE('',#3789,#3790,#194,.T.);
#4832=EDGE_CURVE('',#3788,#3790,#2036,.T.);
#4833=EDGE_CURVE('',#3791,#3787,#195,.T.);
#4834=EDGE_CURVE('',#3791,#3792,#2037,.T.);
#4835=EDGE_CURVE('',#3792,#3789,#196,.T.);
#4836=EDGE_CURVE('',#3793,#3791,#197,.T.);
#4837=EDGE_CURVE('',#3793,#3794,#2038,.T.);
#4838=EDGE_CURVE('',#3794,#3792,#198,.T.);
#4839=EDGE_CURVE('',#3795,#3793,#199,.T.);
#4840=EDGE_CURVE('',#3795,#3796,#2039,.T.);
#4841=EDGE_CURVE('',#3796,#3794,#200,.T.);
#4842=EDGE_CURVE('',#3797,#3795,#2040,.T.);
#4843=EDGE_CURVE('',#3797,#3798,#2041,.T.);
#4844=EDGE_CURVE('',#3798,#3796,#2042,.T.);
#4845=EDGE_CURVE('',#3799,#3797,#2043,.T.);
#4846=EDGE_CURVE('',#3799,#3800,#2044,.T.);
#4847=EDGE_CURVE('',#3800,#3798,#2045,.T.);
#4848=EDGE_CURVE('',#3801,#3799,#2046,.T.);
#4849=EDGE_CURVE('',#3801,#3802,#2047,.T.);
#4850=EDGE_CURVE('',#3802,#3800,#2048,.T.);
#4851=EDGE_CURVE('',#3803,#3801,#2049,.T.);
#4852=EDGE_CURVE('',#3803,#3804,#2050,.T.);
#4853=EDGE_CURVE('',#3804,#3802,#2051,.T.);
#4854=EDGE_CURVE('',#3805,#3803,#2052,.T.);
#4855=EDGE_CURVE('',#3805,#3806,#2053,.T.);
#4856=EDGE_CURVE('',#3806,#3804,#2054,.T.);
#4857=EDGE_CURVE('',#3807,#3805,#2055,.T.);
#4858=EDGE_CURVE('',#3807,#3808,#2056,.T.);
#4859=EDGE_CURVE('',#3808,#3806,#2057,.T.);
#4860=EDGE_CURVE('',#3809,#3807,#2058,.T.);
#4861=EDGE_CURVE('',#3809,#3810,#2059,.T.);
#4862=EDGE_CURVE('',#3810,#3808,#2060,.T.);
#4863=EDGE_CURVE('',#3811,#3809,#2061,.T.);
#4864=EDGE_CURVE('',#3811,#3812,#2062,.T.);
#4865=EDGE_CURVE('',#3812,#3810,#2063,.T.);
#4866=EDGE_CURVE('',#3813,#3811,#2064,.T.);
#4867=EDGE_CURVE('',#3813,#3814,#2065,.T.);
#4868=EDGE_CURVE('',#3814,#3812,#2066,.T.);
#4869=EDGE_CURVE('',#3815,#3813,#2067,.T.);
#4870=EDGE_CURVE('',#3815,#3816,#2068,.T.);
#4871=EDGE_CURVE('',#3816,#3814,#2069,.T.);
#4872=EDGE_CURVE('',#3817,#3815,#2070,.T.);
#4873=EDGE_CURVE('',#3817,#3818,#2071,.T.);
#4874=EDGE_CURVE('',#3818,#3816,#2072,.T.);
#4875=EDGE_CURVE('',#3819,#3817,#201,.T.);
#4876=EDGE_CURVE('',#3819,#3820,#2073,.T.);
#4877=EDGE_CURVE('',#3820,#3818,#202,.T.);
#4878=EDGE_CURVE('',#3821,#3819,#203,.T.);
#4879=EDGE_CURVE('',#3821,#3822,#2074,.T.);
#4880=EDGE_CURVE('',#3822,#3820,#204,.T.);
#4881=EDGE_CURVE('',#3823,#3821,#205,.T.);
#4882=EDGE_CURVE('',#3823,#3824,#2075,.T.);
#4883=EDGE_CURVE('',#3824,#3822,#206,.T.);
#4884=EDGE_CURVE('',#3825,#3823,#207,.T.);
#4885=EDGE_CURVE('',#3825,#3826,#2076,.T.);
#4886=EDGE_CURVE('',#3826,#3824,#208,.T.);
#4887=EDGE_CURVE('',#3788,#3825,#2077,.T.);
#4888=EDGE_CURVE('',#3790,#3826,#2078,.T.);
#4889=EDGE_CURVE('',#3827,#3828,#209,.T.);
#4890=EDGE_CURVE('',#3827,#3829,#2079,.T.);
#4891=EDGE_CURVE('',#3829,#3830,#210,.T.);
#4892=EDGE_CURVE('',#3828,#3830,#2080,.T.);
#4893=EDGE_CURVE('',#3831,#3827,#211,.T.);
#4894=EDGE_CURVE('',#3831,#3832,#2081,.T.);
#4895=EDGE_CURVE('',#3832,#3829,#212,.T.);
#4896=EDGE_CURVE('',#3833,#3831,#213,.T.);
#4897=EDGE_CURVE('',#3833,#3834,#2082,.T.);
#4898=EDGE_CURVE('',#3834,#3832,#214,.T.);
#4899=EDGE_CURVE('',#3835,#3833,#215,.T.);
#4900=EDGE_CURVE('',#3835,#3836,#2083,.T.);
#4901=EDGE_CURVE('',#3836,#3834,#216,.T.);
#4902=EDGE_CURVE('',#3837,#3835,#217,.T.);
#4903=EDGE_CURVE('',#3837,#3838,#2084,.T.);
#4904=EDGE_CURVE('',#3838,#3836,#218,.T.);
#4905=EDGE_CURVE('',#3839,#3837,#219,.T.);
#4906=EDGE_CURVE('',#3839,#3840,#2085,.T.);
#4907=EDGE_CURVE('',#3840,#3838,#220,.T.);
#4908=EDGE_CURVE('',#3841,#3839,#221,.T.);
#4909=EDGE_CURVE('',#3841,#3842,#2086,.T.);
#4910=EDGE_CURVE('',#3842,#3840,#222,.T.);
#4911=EDGE_CURVE('',#3828,#3841,#223,.T.);
#4912=EDGE_CURVE('',#3830,#3842,#224,.T.);
#4913=EDGE_CURVE('',#3843,#3844,#225,.T.);
#4914=EDGE_CURVE('',#3843,#3845,#2087,.T.);
#4915=EDGE_CURVE('',#3845,#3846,#226,.T.);
#4916=EDGE_CURVE('',#3844,#3846,#2088,.T.);
#4917=EDGE_CURVE('',#3847,#3843,#227,.T.);
#4918=EDGE_CURVE('',#3847,#3848,#2089,.T.);
#4919=EDGE_CURVE('',#3848,#3845,#228,.T.);
#4920=EDGE_CURVE('',#3849,#3847,#2090,.T.);
#4921=EDGE_CURVE('',#3849,#3850,#2091,.T.);
#4922=EDGE_CURVE('',#3850,#3848,#2092,.T.);
#4923=EDGE_CURVE('',#3851,#3849,#2093,.T.);
#4924=EDGE_CURVE('',#3851,#3852,#2094,.T.);
#4925=EDGE_CURVE('',#3852,#3850,#2095,.T.);
#4926=EDGE_CURVE('',#3853,#3851,#229,.T.);
#4927=EDGE_CURVE('',#3853,#3854,#2096,.T.);
#4928=EDGE_CURVE('',#3854,#3852,#230,.T.);
#4929=EDGE_CURVE('',#3855,#3853,#231,.T.);
#4930=EDGE_CURVE('',#3855,#3856,#2097,.T.);
#4931=EDGE_CURVE('',#3856,#3854,#232,.T.);
#4932=EDGE_CURVE('',#3844,#3855,#233,.T.);
#4933=EDGE_CURVE('',#3846,#3856,#234,.T.);
#4934=EDGE_CURVE('',#3857,#3858,#235,.T.);
#4935=EDGE_CURVE('',#3857,#3859,#2098,.T.);
#4936=EDGE_CURVE('',#3859,#3860,#236,.T.);
#4937=EDGE_CURVE('',#3858,#3860,#2099,.T.);
#4938=EDGE_CURVE('',#3861,#3857,#237,.T.);
#4939=EDGE_CURVE('',#3861,#3862,#2100,.T.);
#4940=EDGE_CURVE('',#3862,#3859,#238,.T.);
#4941=EDGE_CURVE('',#3863,#3861,#239,.T.);
#4942=EDGE_CURVE('',#3863,#3864,#2101,.T.);
#4943=EDGE_CURVE('',#3864,#3862,#240,.T.);
#4944=EDGE_CURVE('',#3865,#3863,#241,.T.);
#4945=EDGE_CURVE('',#3865,#3866,#2102,.T.);
#4946=EDGE_CURVE('',#3866,#3864,#242,.T.);
#4947=EDGE_CURVE('',#3867,#3865,#2103,.T.);
#4948=EDGE_CURVE('',#3867,#3868,#2104,.T.);
#4949=EDGE_CURVE('',#3868,#3866,#2105,.T.);
#4950=EDGE_CURVE('',#3869,#3867,#243,.T.);
#4951=EDGE_CURVE('',#3869,#3870,#2106,.T.);
#4952=EDGE_CURVE('',#3870,#3868,#244,.T.);
#4953=EDGE_CURVE('',#3871,#3869,#245,.T.);
#4954=EDGE_CURVE('',#3871,#3872,#2107,.T.);
#4955=EDGE_CURVE('',#3872,#3870,#246,.T.);
#4956=EDGE_CURVE('',#3873,#3871,#247,.T.);
#4957=EDGE_CURVE('',#3873,#3874,#2108,.T.);
#4958=EDGE_CURVE('',#3874,#3872,#248,.T.);
#4959=EDGE_CURVE('',#3875,#3873,#249,.T.);
#4960=EDGE_CURVE('',#3875,#3876,#2109,.T.);
#4961=EDGE_CURVE('',#3876,#3874,#250,.T.);
#4962=EDGE_CURVE('',#3877,#3875,#2110,.T.);
#4963=EDGE_CURVE('',#3877,#3878,#2111,.T.);
#4964=EDGE_CURVE('',#3878,#3876,#2112,.T.);
#4965=EDGE_CURVE('',#3879,#3877,#2113,.T.);
#4966=EDGE_CURVE('',#3879,#3880,#2114,.T.);
#4967=EDGE_CURVE('',#3880,#3878,#2115,.T.);
#4968=EDGE_CURVE('',#3881,#3879,#251,.T.);
#4969=EDGE_CURVE('',#3881,#3882,#2116,.T.);
#4970=EDGE_CURVE('',#3882,#3880,#252,.T.);
#4971=EDGE_CURVE('',#3883,#3881,#253,.T.);
#4972=EDGE_CURVE('',#3883,#3884,#2117,.T.);
#4973=EDGE_CURVE('',#3884,#3882,#254,.T.);
#4974=EDGE_CURVE('',#3885,#3883,#255,.T.);
#4975=EDGE_CURVE('',#3885,#3886,#2118,.T.);
#4976=EDGE_CURVE('',#3886,#3884,#256,.T.);
#4977=EDGE_CURVE('',#3887,#3885,#257,.T.);
#4978=EDGE_CURVE('',#3887,#3888,#2119,.T.);
#4979=EDGE_CURVE('',#3888,#3886,#258,.T.);
#4980=EDGE_CURVE('',#3889,#3887,#259,.T.);
#4981=EDGE_CURVE('',#3889,#3890,#2120,.T.);
#4982=EDGE_CURVE('',#3890,#3888,#260,.T.);
#4983=EDGE_CURVE('',#3891,#3889,#261,.T.);
#4984=EDGE_CURVE('',#3891,#3892,#2121,.T.);
#4985=EDGE_CURVE('',#3892,#3890,#262,.T.);
#4986=EDGE_CURVE('',#3893,#3891,#263,.T.);
#4987=EDGE_CURVE('',#3893,#3894,#2122,.T.);
#4988=EDGE_CURVE('',#3894,#3892,#264,.T.);
#4989=EDGE_CURVE('',#3895,#3893,#265,.T.);
#4990=EDGE_CURVE('',#3895,#3896,#2123,.T.);
#4991=EDGE_CURVE('',#3896,#3894,#266,.T.);
#4992=EDGE_CURVE('',#3897,#3895,#2124,.T.);
#4993=EDGE_CURVE('',#3897,#3898,#2125,.T.);
#4994=EDGE_CURVE('',#3898,#3896,#2126,.T.);
#4995=EDGE_CURVE('',#3899,#3897,#267,.T.);
#4996=EDGE_CURVE('',#3899,#3900,#2127,.T.);
#4997=EDGE_CURVE('',#3900,#3898,#268,.T.);
#4998=EDGE_CURVE('',#3901,#3899,#269,.T.);
#4999=EDGE_CURVE('',#3901,#3902,#2128,.T.);
#5000=EDGE_CURVE('',#3902,#3900,#270,.T.);
#5001=EDGE_CURVE('',#3858,#3901,#2129,.T.);
#5002=EDGE_CURVE('',#3860,#3902,#2130,.T.);
#5003=EDGE_CURVE('',#3903,#3904,#271,.T.);
#5004=EDGE_CURVE('',#3903,#3905,#2131,.T.);
#5005=EDGE_CURVE('',#3905,#3906,#272,.T.);
#5006=EDGE_CURVE('',#3904,#3906,#2132,.T.);
#5007=EDGE_CURVE('',#3907,#3903,#273,.T.);
#5008=EDGE_CURVE('',#3907,#3908,#2133,.T.);
#5009=EDGE_CURVE('',#3908,#3905,#274,.T.);
#5010=EDGE_CURVE('',#3909,#3907,#275,.T.);
#5011=EDGE_CURVE('',#3909,#3910,#2134,.T.);
#5012=EDGE_CURVE('',#3910,#3908,#276,.T.);
#5013=EDGE_CURVE('',#3911,#3909,#277,.T.);
#5014=EDGE_CURVE('',#3911,#3912,#2135,.T.);
#5015=EDGE_CURVE('',#3912,#3910,#278,.T.);
#5016=EDGE_CURVE('',#3913,#3911,#279,.T.);
#5017=EDGE_CURVE('',#3913,#3914,#2136,.T.);
#5018=EDGE_CURVE('',#3914,#3912,#280,.T.);
#5019=EDGE_CURVE('',#3915,#3913,#281,.T.);
#5020=EDGE_CURVE('',#3915,#3916,#2137,.T.);
#5021=EDGE_CURVE('',#3916,#3914,#282,.T.);
#5022=EDGE_CURVE('',#3904,#3915,#283,.T.);
#5023=EDGE_CURVE('',#3906,#3916,#284,.T.);
#5024=EDGE_CURVE('',#3917,#3918,#285,.T.);
#5025=EDGE_CURVE('',#3917,#3919,#2138,.T.);
#5026=EDGE_CURVE('',#3919,#3920,#286,.T.);
#5027=EDGE_CURVE('',#3918,#3920,#2139,.T.);
#5028=EDGE_CURVE('',#3921,#3917,#287,.T.);
#5029=EDGE_CURVE('',#3921,#3922,#2140,.T.);
#5030=EDGE_CURVE('',#3922,#3919,#288,.T.);
#5031=EDGE_CURVE('',#3923,#3921,#289,.T.);
#5032=EDGE_CURVE('',#3923,#3924,#2141,.T.);
#5033=EDGE_CURVE('',#3924,#3922,#290,.T.);
#5034=EDGE_CURVE('',#3925,#3923,#291,.T.);
#5035=EDGE_CURVE('',#3925,#3926,#2142,.T.);
#5036=EDGE_CURVE('',#3926,#3924,#292,.T.);
#5037=EDGE_CURVE('',#3927,#3925,#293,.T.);
#5038=EDGE_CURVE('',#3927,#3928,#2143,.T.);
#5039=EDGE_CURVE('',#3928,#3926,#294,.T.);
#5040=EDGE_CURVE('',#3929,#3927,#295,.T.);
#5041=EDGE_CURVE('',#3929,#3930,#2144,.T.);
#5042=EDGE_CURVE('',#3930,#3928,#296,.T.);
#5043=EDGE_CURVE('',#3931,#3929,#297,.T.);
#5044=EDGE_CURVE('',#3931,#3932,#2145,.T.);
#5045=EDGE_CURVE('',#3932,#3930,#298,.T.);
#5046=EDGE_CURVE('',#3933,#3931,#299,.T.);
#5047=EDGE_CURVE('',#3933,#3934,#2146,.T.);
#5048=EDGE_CURVE('',#3934,#3932,#300,.T.);
#5049=EDGE_CURVE('',#3935,#3933,#301,.T.);
#5050=EDGE_CURVE('',#3935,#3936,#2147,.T.);
#5051=EDGE_CURVE('',#3936,#3934,#302,.T.);
#5052=EDGE_CURVE('',#3937,#3935,#303,.T.);
#5053=EDGE_CURVE('',#3937,#3938,#2148,.T.);
#5054=EDGE_CURVE('',#3938,#3936,#304,.T.);
#5055=EDGE_CURVE('',#3939,#3937,#2149,.T.);
#5056=EDGE_CURVE('',#3939,#3940,#2150,.T.);
#5057=EDGE_CURVE('',#3940,#3938,#2151,.T.);
#5058=EDGE_CURVE('',#3941,#3939,#305,.T.);
#5059=EDGE_CURVE('',#3941,#3942,#2152,.T.);
#5060=EDGE_CURVE('',#3942,#3940,#306,.T.);
#5061=EDGE_CURVE('',#3943,#3941,#307,.T.);
#5062=EDGE_CURVE('',#3943,#3944,#2153,.T.);
#5063=EDGE_CURVE('',#3944,#3942,#308,.T.);
#5064=EDGE_CURVE('',#3945,#3943,#309,.T.);
#5065=EDGE_CURVE('',#3945,#3946,#2154,.T.);
#5066=EDGE_CURVE('',#3946,#3944,#310,.T.);
#5067=EDGE_CURVE('',#3947,#3945,#311,.T.);
#5068=EDGE_CURVE('',#3947,#3948,#2155,.T.);
#5069=EDGE_CURVE('',#3948,#3946,#312,.T.);
#5070=EDGE_CURVE('',#3949,#3947,#313,.T.);
#5071=EDGE_CURVE('',#3949,#3950,#2156,.T.);
#5072=EDGE_CURVE('',#3950,#3948,#314,.T.);
#5073=EDGE_CURVE('',#3951,#3949,#315,.T.);
#5074=EDGE_CURVE('',#3951,#3952,#2157,.T.);
#5075=EDGE_CURVE('',#3952,#3950,#316,.T.);
#5076=EDGE_CURVE('',#3953,#3951,#317,.T.);
#5077=EDGE_CURVE('',#3953,#3954,#2158,.T.);
#5078=EDGE_CURVE('',#3954,#3952,#318,.T.);
#5079=EDGE_CURVE('',#3955,#3953,#2159,.T.);
#5080=EDGE_CURVE('',#3955,#3956,#2160,.T.);
#5081=EDGE_CURVE('',#3956,#3954,#2161,.T.);
#5082=EDGE_CURVE('',#3957,#3955,#319,.T.);
#5083=EDGE_CURVE('',#3957,#3958,#2162,.T.);
#5084=EDGE_CURVE('',#3958,#3956,#320,.T.);
#5085=EDGE_CURVE('',#3959,#3957,#321,.T.);
#5086=EDGE_CURVE('',#3959,#3960,#2163,.T.);
#5087=EDGE_CURVE('',#3960,#3958,#322,.T.);
#5088=EDGE_CURVE('',#3961,#3959,#323,.T.);
#5089=EDGE_CURVE('',#3961,#3962,#2164,.T.);
#5090=EDGE_CURVE('',#3962,#3960,#324,.T.);
#5091=EDGE_CURVE('',#3963,#3961,#325,.T.);
#5092=EDGE_CURVE('',#3963,#3964,#2165,.T.);
#5093=EDGE_CURVE('',#3964,#3962,#326,.T.);
#5094=EDGE_CURVE('',#3965,#3963,#327,.T.);
#5095=EDGE_CURVE('',#3965,#3966,#2166,.T.);
#5096=EDGE_CURVE('',#3966,#3964,#328,.T.);
#5097=EDGE_CURVE('',#3967,#3965,#329,.T.);
#5098=EDGE_CURVE('',#3967,#3968,#2167,.T.);
#5099=EDGE_CURVE('',#3968,#3966,#330,.T.);
#5100=EDGE_CURVE('',#3969,#3967,#331,.T.);
#5101=EDGE_CURVE('',#3969,#3970,#2168,.T.);
#5102=EDGE_CURVE('',#3970,#3968,#332,.T.);
#5103=EDGE_CURVE('',#3971,#3969,#333,.T.);
#5104=EDGE_CURVE('',#3971,#3972,#2169,.T.);
#5105=EDGE_CURVE('',#3972,#3970,#334,.T.);
#5106=EDGE_CURVE('',#3973,#3971,#2170,.T.);
#5107=EDGE_CURVE('',#3973,#3974,#2171,.T.);
#5108=EDGE_CURVE('',#3974,#3972,#2172,.T.);
#5109=EDGE_CURVE('',#3975,#3973,#335,.T.);
#5110=EDGE_CURVE('',#3975,#3976,#2173,.T.);
#5111=EDGE_CURVE('',#3976,#3974,#336,.T.);
#5112=EDGE_CURVE('',#3977,#3975,#337,.T.);
#5113=EDGE_CURVE('',#3977,#3978,#2174,.T.);
#5114=EDGE_CURVE('',#3978,#3976,#338,.T.);
#5115=EDGE_CURVE('',#3979,#3977,#339,.T.);
#5116=EDGE_CURVE('',#3979,#3980,#2175,.T.);
#5117=EDGE_CURVE('',#3980,#3978,#340,.T.);
#5118=EDGE_CURVE('',#3981,#3979,#341,.T.);
#5119=EDGE_CURVE('',#3981,#3982,#2176,.T.);
#5120=EDGE_CURVE('',#3982,#3980,#342,.T.);
#5121=EDGE_CURVE('',#3983,#3981,#343,.T.);
#5122=EDGE_CURVE('',#3983,#3984,#2177,.T.);
#5123=EDGE_CURVE('',#3984,#3982,#344,.T.);
#5124=EDGE_CURVE('',#3985,#3983,#345,.T.);
#5125=EDGE_CURVE('',#3985,#3986,#2178,.T.);
#5126=EDGE_CURVE('',#3986,#3984,#346,.T.);
#5127=EDGE_CURVE('',#3987,#3985,#347,.T.);
#5128=EDGE_CURVE('',#3987,#3988,#2179,.T.);
#5129=EDGE_CURVE('',#3988,#3986,#348,.T.);
#5130=EDGE_CURVE('',#3989,#3987,#349,.T.);
#5131=EDGE_CURVE('',#3989,#3990,#2180,.T.);
#5132=EDGE_CURVE('',#3990,#3988,#350,.T.);
#5133=EDGE_CURVE('',#3991,#3989,#351,.T.);
#5134=EDGE_CURVE('',#3991,#3992,#2181,.T.);
#5135=EDGE_CURVE('',#3992,#3990,#352,.T.);
#5136=EDGE_CURVE('',#3993,#3991,#353,.T.);
#5137=EDGE_CURVE('',#3993,#3994,#2182,.T.);
#5138=EDGE_CURVE('',#3994,#3992,#354,.T.);
#5139=EDGE_CURVE('',#3995,#3993,#355,.T.);
#5140=EDGE_CURVE('',#3995,#3996,#2183,.T.);
#5141=EDGE_CURVE('',#3996,#3994,#356,.T.);
#5142=EDGE_CURVE('',#3997,#3995,#357,.T.);
#5143=EDGE_CURVE('',#3997,#3998,#2184,.T.);
#5144=EDGE_CURVE('',#3998,#3996,#358,.T.);
#5145=EDGE_CURVE('',#3999,#3997,#2185,.T.);
#5146=EDGE_CURVE('',#3999,#4000,#2186,.T.);
#5147=EDGE_CURVE('',#4000,#3998,#2187,.T.);
#5148=EDGE_CURVE('',#3918,#3999,#359,.T.);
#5149=EDGE_CURVE('',#3920,#4000,#360,.T.);
#5150=EDGE_CURVE('',#4001,#4002,#542,.T.);
#5151=EDGE_CURVE('',#4002,#4003,#2188,.T.);
#5152=EDGE_CURVE('',#4003,#4004,#543,.T.);
#5153=EDGE_CURVE('',#4004,#4005,#2189,.T.);
#5154=EDGE_CURVE('',#4005,#4006,#544,.T.);
#5155=EDGE_CURVE('',#4006,#4007,#2190,.T.);
#5156=EDGE_CURVE('',#4007,#4008,#545,.T.);
#5157=EDGE_CURVE('',#4008,#4009,#2191,.T.);
#5158=EDGE_CURVE('',#4009,#4010,#546,.T.);
#5159=EDGE_CURVE('',#4010,#4011,#2192,.T.);
#5160=EDGE_CURVE('',#4011,#4012,#547,.T.);
#5161=EDGE_CURVE('',#4012,#4013,#2193,.T.);
#5162=EDGE_CURVE('',#4013,#4014,#548,.T.);
#5163=EDGE_CURVE('',#4014,#4015,#2194,.T.);
#5164=EDGE_CURVE('',#4015,#4016,#549,.T.);
#5165=EDGE_CURVE('',#4016,#4001,#2195,.T.);
#5166=EDGE_CURVE('',#4017,#4018,#2196,.T.);
#5167=EDGE_CURVE('',#4018,#4019,#2197,.T.);
#5168=EDGE_CURVE('',#4019,#4020,#2198,.T.);
#5169=EDGE_CURVE('',#4020,#4017,#2199,.T.);
#5170=EDGE_CURVE('',#4021,#4021,#550,.T.);
#5171=EDGE_CURVE('',#4022,#4022,#551,.T.);
#5172=EDGE_CURVE('',#4023,#4023,#552,.T.);
#5173=EDGE_CURVE('',#4024,#4024,#553,.T.);
#5174=EDGE_CURVE('',#3405,#4025,#2200,.T.);
#5175=EDGE_CURVE('',#4026,#3404,#2201,.T.);
#5176=EDGE_CURVE('',#4025,#4026,#2202,.T.);
#5177=EDGE_CURVE('',#4027,#3402,#2203,.T.);
#5178=EDGE_CURVE('',#4028,#4027,#2204,.T.);
#5179=EDGE_CURVE('',#4028,#3403,#2205,.T.);
#5180=EDGE_CURVE('',#4026,#4028,#2206,.T.);
#5181=EDGE_CURVE('',#4029,#3406,#2207,.T.);
#5182=EDGE_CURVE('',#4029,#4030,#2208,.T.);
#5183=EDGE_CURVE('',#4030,#3408,#2209,.T.);
#5184=EDGE_CURVE('',#4025,#4031,#2210,.T.);
#5185=EDGE_CURVE('',#4032,#4031,#554,.T.);
#5186=EDGE_CURVE('',#4032,#4033,#2211,.T.);
#5187=EDGE_CURVE('',#4034,#4033,#555,.T.);
#5188=EDGE_CURVE('',#4034,#4035,#2212,.T.);
#5189=EDGE_CURVE('',#4036,#4035,#556,.T.);
#5190=EDGE_CURVE('',#4036,#4037,#2213,.T.);
#5191=EDGE_CURVE('',#4038,#4037,#557,.T.);
#5192=EDGE_CURVE('',#4038,#4039,#2214,.T.);
#5193=EDGE_CURVE('',#4039,#4040,#2215,.T.);
#5194=EDGE_CURVE('',#4040,#4029,#2216,.T.);
#5195=EDGE_CURVE('',#4041,#4042,#2217,.T.);
#5196=EDGE_CURVE('',#4042,#4043,#558,.T.);
#5197=EDGE_CURVE('',#4043,#4044,#2218,.T.);
#5198=EDGE_CURVE('',#4044,#4041,#559,.T.);
#5199=EDGE_CURVE('',#3388,#4030,#2219,.F.);
#5200=EDGE_CURVE('',#4045,#4046,#2220,.T.);
#5201=EDGE_CURVE('',#4047,#4045,#2221,.T.);
#5202=EDGE_CURVE('',#4046,#4047,#2222,.T.);
#5203=EDGE_CURVE('',#4048,#4040,#2223,.T.);
#5204=EDGE_CURVE('',#4047,#4048,#2224,.T.);
#5205=EDGE_CURVE('',#4049,#4045,#2225,.T.);
#5206=EDGE_CURVE('',#3398,#4049,#2226,.T.);
#5207=EDGE_CURVE('',#4048,#4039,#2227,.T.);
#5208=EDGE_CURVE('',#3401,#4049,#2228,.T.);
#5209=EDGE_CURVE('',#4046,#4050,#2229,.T.);
#5210=EDGE_CURVE('',#4051,#4050,#560,.T.);
#5211=EDGE_CURVE('',#4051,#4052,#2230,.T.);
#5212=EDGE_CURVE('',#4053,#4052,#561,.T.);
#5213=EDGE_CURVE('',#4053,#4054,#2231,.T.);
#5214=EDGE_CURVE('',#4055,#4054,#562,.T.);
#5215=EDGE_CURVE('',#4055,#4056,#2232,.T.);
#5216=EDGE_CURVE('',#4057,#4056,#563,.T.);
#5217=EDGE_CURVE('',#4057,#4027,#2233,.T.);
#5218=EDGE_CURVE('',#4058,#4059,#2234,.T.);
#5219=EDGE_CURVE('',#4059,#4060,#564,.T.);
#5220=EDGE_CURVE('',#4060,#4061,#2235,.T.);
#5221=EDGE_CURVE('',#4061,#4058,#565,.T.);
#5222=EDGE_CURVE('',#4024,#4062,#2236,.T.);
#5223=EDGE_CURVE('',#4062,#4062,#566,.T.);
#5224=EDGE_CURVE('',#4023,#4063,#2237,.T.);
#5225=EDGE_CURVE('',#4063,#4063,#567,.T.);
#5226=EDGE_CURVE('',#4022,#4064,#2238,.T.);
#5227=EDGE_CURVE('',#4064,#4064,#568,.T.);
#5228=EDGE_CURVE('',#4021,#4065,#2239,.T.);
#5229=EDGE_CURVE('',#4065,#4065,#569,.T.);
#5230=EDGE_CURVE('',#4066,#4067,#2240,.T.);
#5231=EDGE_CURVE('',#4066,#4068,#2241,.T.);
#5232=EDGE_CURVE('',#4068,#4069,#2242,.T.);
#5233=EDGE_CURVE('',#4067,#4069,#2243,.T.);
#5234=EDGE_CURVE('',#4070,#4066,#2244,.T.);
#5235=EDGE_CURVE('',#4070,#4071,#2245,.T.);
#5236=EDGE_CURVE('',#4071,#4068,#2246,.T.);
#5237=EDGE_CURVE('',#4072,#4070,#2247,.T.);
#5238=EDGE_CURVE('',#4072,#4073,#2248,.T.);
#5239=EDGE_CURVE('',#4073,#4071,#2249,.T.);
#5240=EDGE_CURVE('',#4067,#4072,#2250,.T.);
#5241=EDGE_CURVE('',#4069,#4073,#2251,.T.);
#5242=EDGE_CURVE('',#4074,#4075,#2252,.T.);
#5243=EDGE_CURVE('',#4074,#4076,#2253,.T.);
#5244=EDGE_CURVE('',#4076,#4077,#2254,.T.);
#5245=EDGE_CURVE('',#4075,#4077,#2255,.T.);
#5246=EDGE_CURVE('',#4078,#4074,#2256,.T.);
#5247=EDGE_CURVE('',#4078,#4079,#2257,.T.);
#5248=EDGE_CURVE('',#4079,#4076,#2258,.T.);
#5249=EDGE_CURVE('',#4080,#4078,#2259,.T.);
#5250=EDGE_CURVE('',#4080,#4081,#2260,.T.);
#5251=EDGE_CURVE('',#4081,#4079,#2261,.T.);
#5252=EDGE_CURVE('',#4075,#4080,#2262,.T.);
#5253=EDGE_CURVE('',#4077,#4081,#2263,.T.);
#5254=EDGE_CURVE('',#4082,#4083,#2264,.T.);
#5255=EDGE_CURVE('',#4082,#4084,#2265,.T.);
#5256=EDGE_CURVE('',#4084,#4085,#2266,.T.);
#5257=EDGE_CURVE('',#4083,#4085,#2267,.T.);
#5258=EDGE_CURVE('',#4086,#4082,#2268,.T.);
#5259=EDGE_CURVE('',#4086,#4087,#2269,.T.);
#5260=EDGE_CURVE('',#4087,#4084,#2270,.T.);
#5261=EDGE_CURVE('',#4088,#4086,#2271,.T.);
#5262=EDGE_CURVE('',#4088,#4089,#2272,.T.);
#5263=EDGE_CURVE('',#4089,#4087,#2273,.T.);
#5264=EDGE_CURVE('',#4083,#4088,#2274,.T.);
#5265=EDGE_CURVE('',#4085,#4089,#2275,.T.);
#5266=EDGE_CURVE('',#4090,#4091,#2276,.T.);
#5267=EDGE_CURVE('',#4090,#4092,#2277,.T.);
#5268=EDGE_CURVE('',#4092,#4093,#2278,.T.);
#5269=EDGE_CURVE('',#4091,#4093,#2279,.T.);
#5270=EDGE_CURVE('',#4094,#4090,#2280,.T.);
#5271=EDGE_CURVE('',#4094,#4095,#2281,.T.);
#5272=EDGE_CURVE('',#4095,#4092,#2282,.T.);
#5273=EDGE_CURVE('',#4096,#4094,#2283,.T.);
#5274=EDGE_CURVE('',#4096,#4097,#2284,.T.);
#5275=EDGE_CURVE('',#4097,#4095,#2285,.T.);
#5276=EDGE_CURVE('',#4091,#4096,#2286,.T.);
#5277=EDGE_CURVE('',#4093,#4097,#2287,.T.);
#5278=EDGE_CURVE('',#4098,#4099,#2288,.T.);
#5279=EDGE_CURVE('',#4098,#4100,#2289,.T.);
#5280=EDGE_CURVE('',#4100,#4101,#2290,.T.);
#5281=EDGE_CURVE('',#4099,#4101,#2291,.T.);
#5282=EDGE_CURVE('',#4102,#4098,#2292,.T.);
#5283=EDGE_CURVE('',#4102,#4103,#2293,.T.);
#5284=EDGE_CURVE('',#4103,#4100,#2294,.T.);
#5285=EDGE_CURVE('',#4104,#4102,#2295,.T.);
#5286=EDGE_CURVE('',#4104,#4105,#2296,.T.);
#5287=EDGE_CURVE('',#4105,#4103,#2297,.T.);
#5288=EDGE_CURVE('',#4099,#4104,#2298,.T.);
#5289=EDGE_CURVE('',#4101,#4105,#2299,.T.);
#5290=EDGE_CURVE('',#4106,#4107,#2300,.T.);
#5291=EDGE_CURVE('',#4106,#4108,#2301,.T.);
#5292=EDGE_CURVE('',#4108,#4109,#2302,.T.);
#5293=EDGE_CURVE('',#4107,#4109,#2303,.T.);
#5294=EDGE_CURVE('',#4110,#4106,#2304,.T.);
#5295=EDGE_CURVE('',#4110,#4111,#2305,.T.);
#5296=EDGE_CURVE('',#4111,#4108,#2306,.T.);
#5297=EDGE_CURVE('',#4112,#4110,#2307,.T.);
#5298=EDGE_CURVE('',#4112,#4113,#2308,.T.);
#5299=EDGE_CURVE('',#4113,#4111,#2309,.T.);
#5300=EDGE_CURVE('',#4107,#4112,#2310,.T.);
#5301=EDGE_CURVE('',#4109,#4113,#2311,.T.);
#5302=EDGE_CURVE('',#4114,#4115,#2312,.T.);
#5303=EDGE_CURVE('',#4114,#4116,#2313,.T.);
#5304=EDGE_CURVE('',#4116,#4117,#2314,.T.);
#5305=EDGE_CURVE('',#4115,#4117,#2315,.T.);
#5306=EDGE_CURVE('',#4118,#4114,#2316,.T.);
#5307=EDGE_CURVE('',#4118,#4119,#2317,.T.);
#5308=EDGE_CURVE('',#4119,#4116,#2318,.T.);
#5309=EDGE_CURVE('',#4120,#4118,#2319,.T.);
#5310=EDGE_CURVE('',#4120,#4121,#2320,.T.);
#5311=EDGE_CURVE('',#4121,#4119,#2321,.T.);
#5312=EDGE_CURVE('',#4115,#4120,#2322,.T.);
#5313=EDGE_CURVE('',#4117,#4121,#2323,.T.);
#5314=EDGE_CURVE('',#4122,#4123,#2324,.T.);
#5315=EDGE_CURVE('',#4122,#4124,#2325,.T.);
#5316=EDGE_CURVE('',#4124,#4125,#2326,.T.);
#5317=EDGE_CURVE('',#4123,#4125,#2327,.T.);
#5318=EDGE_CURVE('',#4126,#4122,#2328,.T.);
#5319=EDGE_CURVE('',#4126,#4127,#2329,.T.);
#5320=EDGE_CURVE('',#4127,#4124,#2330,.T.);
#5321=EDGE_CURVE('',#4128,#4126,#2331,.T.);
#5322=EDGE_CURVE('',#4128,#4129,#2332,.T.);
#5323=EDGE_CURVE('',#4129,#4127,#2333,.T.);
#5324=EDGE_CURVE('',#4123,#4128,#2334,.T.);
#5325=EDGE_CURVE('',#4125,#4129,#2335,.T.);
#5326=EDGE_CURVE('',#4130,#4131,#2336,.T.);
#5327=EDGE_CURVE('',#4130,#4132,#2337,.T.);
#5328=EDGE_CURVE('',#4132,#4133,#2338,.T.);
#5329=EDGE_CURVE('',#4131,#4133,#2339,.T.);
#5330=EDGE_CURVE('',#4134,#4130,#2340,.T.);
#5331=EDGE_CURVE('',#4134,#4135,#2341,.T.);
#5332=EDGE_CURVE('',#4135,#4132,#2342,.T.);
#5333=EDGE_CURVE('',#4136,#4134,#2343,.T.);
#5334=EDGE_CURVE('',#4136,#4137,#2344,.T.);
#5335=EDGE_CURVE('',#4137,#4135,#2345,.T.);
#5336=EDGE_CURVE('',#4131,#4136,#2346,.T.);
#5337=EDGE_CURVE('',#4133,#4137,#2347,.T.);
#5338=EDGE_CURVE('',#4138,#4139,#2348,.T.);
#5339=EDGE_CURVE('',#4138,#4140,#2349,.T.);
#5340=EDGE_CURVE('',#4140,#4141,#2350,.T.);
#5341=EDGE_CURVE('',#4139,#4141,#2351,.T.);
#5342=EDGE_CURVE('',#4142,#4138,#2352,.T.);
#5343=EDGE_CURVE('',#4142,#4143,#2353,.T.);
#5344=EDGE_CURVE('',#4143,#4140,#2354,.T.);
#5345=EDGE_CURVE('',#4144,#4142,#2355,.T.);
#5346=EDGE_CURVE('',#4144,#4145,#2356,.T.);
#5347=EDGE_CURVE('',#4145,#4143,#2357,.T.);
#5348=EDGE_CURVE('',#4139,#4144,#2358,.T.);
#5349=EDGE_CURVE('',#4141,#4145,#2359,.T.);
#5350=EDGE_CURVE('',#4146,#4147,#570,.T.);
#5351=EDGE_CURVE('',#4148,#4146,#2360,.T.);
#5352=EDGE_CURVE('',#4149,#4148,#2361,.T.);
#5353=EDGE_CURVE('',#4147,#4149,#2362,.T.);
#5354=EDGE_CURVE('',#4150,#4151,#571,.T.);
#5355=EDGE_CURVE('',#4152,#4150,#2363,.T.);
#5356=EDGE_CURVE('',#4153,#4152,#2364,.T.);
#5357=EDGE_CURVE('',#4151,#4153,#2365,.T.);
#5358=EDGE_CURVE('',#4149,#4154,#2366,.T.);
#5359=EDGE_CURVE('',#4155,#4148,#2367,.T.);
#5360=EDGE_CURVE('',#4154,#4155,#2368,.T.);
#5361=EDGE_CURVE('',#4156,#4152,#2369,.T.);
#5362=EDGE_CURVE('',#4157,#4156,#2370,.T.);
#5363=EDGE_CURVE('',#4153,#4157,#2371,.T.);
#5364=EDGE_CURVE('',#4158,#4159,#572,.T.);
#5365=EDGE_CURVE('',#4160,#4158,#2372,.T.);
#5366=EDGE_CURVE('',#4160,#4161,#2373,.T.);
#5367=EDGE_CURVE('',#4159,#4161,#2374,.T.);
#5368=EDGE_CURVE('',#4162,#4163,#573,.T.);
#5369=EDGE_CURVE('',#4164,#4162,#2375,.T.);
#5370=EDGE_CURVE('',#4164,#4165,#2376,.T.);
#5371=EDGE_CURVE('',#4163,#4165,#2377,.T.);
#5372=EDGE_CURVE('',#4166,#4160,#2378,.T.);
#5373=EDGE_CURVE('',#4167,#4166,#2379,.T.);
#5374=EDGE_CURVE('',#4161,#4167,#2380,.T.);
#5375=EDGE_CURVE('',#4165,#4168,#2381,.T.);
#5376=EDGE_CURVE('',#4169,#4164,#2382,.T.);
#5377=EDGE_CURVE('',#4168,#4169,#2383,.T.);
#5378=EDGE_CURVE('',#4041,#4151,#2384,.T.);
#5379=EDGE_CURVE('',#4044,#4150,#2385,.T.);
#5380=EDGE_CURVE('',#4058,#4147,#2386,.T.);
#5381=EDGE_CURVE('',#4061,#4146,#2387,.T.);
#5382=EDGE_CURVE('',#4043,#4163,#2388,.T.);
#5383=EDGE_CURVE('',#4042,#4162,#2389,.T.);
#5384=EDGE_CURVE('',#4170,#4157,#2390,.T.);
#5385=EDGE_CURVE('',#4170,#4171,#2391,.T.);
#5386=EDGE_CURVE('',#4171,#4172,#2392,.T.);
#5387=EDGE_CURVE('',#4173,#4172,#2393,.T.);
#5388=EDGE_CURVE('',#4173,#4174,#2394,.T.);
#5389=EDGE_CURVE('',#4174,#4175,#2395,.T.);
#5390=EDGE_CURVE('',#4176,#4175,#2396,.T.);
#5391=EDGE_CURVE('',#4176,#4177,#2397,.T.);
#5392=EDGE_CURVE('',#4177,#4178,#2398,.T.);
#5393=EDGE_CURVE('',#4179,#4178,#2399,.T.);
#5394=EDGE_CURVE('',#4179,#4180,#2400,.T.);
#5395=EDGE_CURVE('',#4180,#4181,#2401,.T.);
#5396=EDGE_CURVE('',#4169,#4181,#2402,.T.);
#5397=EDGE_CURVE('',#4182,#4154,#2403,.T.);
#5398=EDGE_CURVE('',#4182,#4183,#2404,.T.);
#5399=EDGE_CURVE('',#4183,#4184,#2405,.T.);
#5400=EDGE_CURVE('',#4185,#4184,#2406,.T.);
#5401=EDGE_CURVE('',#4185,#4186,#2407,.T.);
#5402=EDGE_CURVE('',#4186,#4187,#2408,.T.);
#5403=EDGE_CURVE('',#4188,#4187,#2409,.T.);
#5404=EDGE_CURVE('',#4188,#4189,#2410,.T.);
#5405=EDGE_CURVE('',#4189,#4190,#2411,.T.);
#5406=EDGE_CURVE('',#4191,#4190,#2412,.T.);
#5407=EDGE_CURVE('',#4191,#4192,#2413,.T.);
#5408=EDGE_CURVE('',#4192,#4193,#2414,.T.);
#5409=EDGE_CURVE('',#4166,#4193,#2415,.T.);
#5410=EDGE_CURVE('',#4059,#4158,#2416,.T.);
#5411=EDGE_CURVE('',#4060,#4159,#2417,.T.);
#5412=EDGE_CURVE('',#4189,#4194,#2418,.T.);
#5413=EDGE_CURVE('',#4195,#4194,#2419,.T.);
#5414=EDGE_CURVE('',#4190,#4195,#2420,.T.);
#5415=EDGE_CURVE('',#4196,#4188,#2421,.T.);
#5416=EDGE_CURVE('',#4194,#4196,#2422,.T.);
#5417=EDGE_CURVE('',#4197,#4198,#2423,.T.);
#5418=EDGE_CURVE('',#4177,#4197,#2424,.T.);
#5419=EDGE_CURVE('',#4198,#4176,#2425,.T.);
#5420=EDGE_CURVE('',#4199,#4197,#2426,.T.);
#5421=EDGE_CURVE('',#4178,#4199,#2427,.T.);
#5422=EDGE_CURVE('',#4192,#4200,#2428,.T.);
#5423=EDGE_CURVE('',#4201,#4200,#2429,.T.);
#5424=EDGE_CURVE('',#4193,#4201,#2430,.T.);
#5425=EDGE_CURVE('',#4202,#4191,#2431,.T.);
#5426=EDGE_CURVE('',#4200,#4202,#2432,.T.);
#5427=EDGE_CURVE('',#4203,#4204,#2433,.T.);
#5428=EDGE_CURVE('',#4180,#4203,#2434,.T.);
#5429=EDGE_CURVE('',#4204,#4179,#2435,.T.);
#5430=EDGE_CURVE('',#4205,#4203,#2436,.T.);
#5431=EDGE_CURVE('',#4181,#4205,#2437,.T.);
#5432=EDGE_CURVE('',#4186,#4206,#2438,.T.);
#5433=EDGE_CURVE('',#4207,#4206,#2439,.T.);
#5434=EDGE_CURVE('',#4187,#4207,#2440,.T.);
#5435=EDGE_CURVE('',#4208,#4185,#2441,.T.);
#5436=EDGE_CURVE('',#4206,#4208,#2442,.T.);
#5437=EDGE_CURVE('',#4209,#4210,#2443,.T.);
#5438=EDGE_CURVE('',#4174,#4209,#2444,.T.);
#5439=EDGE_CURVE('',#4210,#4173,#2445,.T.);
#5440=EDGE_CURVE('',#4211,#4209,#2446,.T.);
#5441=EDGE_CURVE('',#4175,#4211,#2447,.T.);
#5442=EDGE_CURVE('',#4183,#4212,#2448,.T.);
#5443=EDGE_CURVE('',#4213,#4212,#2449,.T.);
#5444=EDGE_CURVE('',#4184,#4213,#2450,.T.);
#5445=EDGE_CURVE('',#4214,#4182,#2451,.T.);
#5446=EDGE_CURVE('',#4212,#4214,#2452,.T.);
#5447=EDGE_CURVE('',#4215,#4216,#2453,.T.);
#5448=EDGE_CURVE('',#4171,#4215,#2454,.T.);
#5449=EDGE_CURVE('',#4216,#4170,#2455,.T.);
#5450=EDGE_CURVE('',#4217,#4215,#2456,.T.);
#5451=EDGE_CURVE('',#4172,#4217,#2457,.T.);
#5452=EDGE_CURVE('',#4156,#4216,#2458,.T.);
#5453=EDGE_CURVE('',#4217,#4210,#2459,.T.);
#5454=EDGE_CURVE('',#4205,#4168,#2460,.T.);
#5455=EDGE_CURVE('',#4211,#4198,#2461,.T.);
#5456=EDGE_CURVE('',#4199,#4204,#2462,.T.);
#5457=EDGE_CURVE('',#4155,#4214,#2463,.T.);
#5458=EDGE_CURVE('',#4213,#4208,#2464,.T.);
#5459=EDGE_CURVE('',#4201,#4167,#2465,.T.);
#5460=EDGE_CURVE('',#4207,#4196,#2466,.T.);
#5461=EDGE_CURVE('',#4195,#4202,#2467,.T.);
#5462=EDGE_CURVE('',#4218,#4219,#2468,.T.);
#5463=EDGE_CURVE('',#4218,#3409,#2469,.T.);
#5464=EDGE_CURVE('',#4219,#3412,#2470,.T.);
#5465=EDGE_CURVE('',#4219,#4220,#2471,.T.);
#5466=EDGE_CURVE('',#4220,#3411,#2472,.T.);
#5467=EDGE_CURVE('',#4220,#4221,#2473,.T.);
#5468=EDGE_CURVE('',#4221,#3410,#2474,.T.);
#5469=EDGE_CURVE('',#4221,#4218,#2475,.T.);
#5470=EDGE_CURVE('',#4220,#4017,#2476,.T.);
#5471=EDGE_CURVE('',#4221,#4018,#2477,.T.);
#5472=EDGE_CURVE('',#4218,#4019,#2478,.T.);
#5473=EDGE_CURVE('',#4219,#4020,#2479,.T.);
#5474=EDGE_CURVE('',#4053,#4001,#2480,.T.);
#5475=EDGE_CURVE('',#4054,#4016,#2481,.T.);
#5476=EDGE_CURVE('',#4055,#4015,#2482,.T.);
#5477=EDGE_CURVE('',#4056,#4014,#2483,.T.);
#5478=EDGE_CURVE('',#4057,#4013,#2484,.T.);
#5479=EDGE_CURVE('',#4031,#4012,#2485,.T.);
#5480=EDGE_CURVE('',#4032,#4011,#2486,.T.);
#5481=EDGE_CURVE('',#4033,#4010,#2487,.T.);
#5482=EDGE_CURVE('',#4034,#4009,#2488,.T.);
#5483=EDGE_CURVE('',#4035,#4008,#2489,.T.);
#5484=EDGE_CURVE('',#4036,#4007,#2490,.T.);
#5485=EDGE_CURVE('',#4037,#4006,#2491,.T.);
#5486=EDGE_CURVE('',#4038,#4005,#2492,.T.);
#5487=EDGE_CURVE('',#4050,#4004,#2493,.T.);
#5488=EDGE_CURVE('',#4051,#4003,#2494,.T.);
#5489=EDGE_CURVE('',#4052,#4002,#2495,.T.);
#5490=ORIENTED_EDGE('',*,*,#4222,.F.);
#5491=ORIENTED_EDGE('',*,*,#4223,.F.);
#5492=ORIENTED_EDGE('',*,*,#4224,.T.);
#5493=ORIENTED_EDGE('',*,*,#4225,.T.);
#5494=ORIENTED_EDGE('',*,*,#4226,.F.);
#5495=ORIENTED_EDGE('',*,*,#4227,.F.);
#5496=ORIENTED_EDGE('',*,*,#4228,.F.);
#5497=ORIENTED_EDGE('',*,*,#4226,.T.);
#5498=ORIENTED_EDGE('',*,*,#4229,.T.);
#5499=ORIENTED_EDGE('',*,*,#4230,.F.);
#5500=ORIENTED_EDGE('',*,*,#4231,.F.);
#5501=ORIENTED_EDGE('',*,*,#4232,.T.);
#5502=ORIENTED_EDGE('',*,*,#4233,.T.);
#5503=ORIENTED_EDGE('',*,*,#4224,.F.);
#5504=ORIENTED_EDGE('',*,*,#4234,.F.);
#5505=ORIENTED_EDGE('',*,*,#4235,.F.);
#5506=ORIENTED_EDGE('',*,*,#4230,.T.);
#5507=ORIENTED_EDGE('',*,*,#4236,.T.);
#5508=ORIENTED_EDGE('',*,*,#4232,.F.);
#5509=ORIENTED_EDGE('',*,*,#4237,.F.);
#5510=ORIENTED_EDGE('',*,*,#4236,.F.);
#5511=ORIENTED_EDGE('',*,*,#4229,.F.);
#5512=ORIENTED_EDGE('',*,*,#4225,.F.);
#5513=ORIENTED_EDGE('',*,*,#4233,.F.);
#5514=ORIENTED_EDGE('',*,*,#4238,.F.);
#5515=ORIENTED_EDGE('',*,*,#4239,.F.);
#5516=ORIENTED_EDGE('',*,*,#4240,.T.);
#5517=ORIENTED_EDGE('',*,*,#4241,.F.);
#5518=ORIENTED_EDGE('',*,*,#4242,.F.);
#5519=ORIENTED_EDGE('',*,*,#4243,.T.);
#5520=ORIENTED_EDGE('',*,*,#4244,.T.);
#5521=ORIENTED_EDGE('',*,*,#4245,.F.);
#5522=ORIENTED_EDGE('',*,*,#4246,.F.);
#5523=ORIENTED_EDGE('',*,*,#4241,.T.);
#5524=ORIENTED_EDGE('',*,*,#4247,.T.);
#5525=ORIENTED_EDGE('',*,*,#4243,.F.);
#5526=ORIENTED_EDGE('',*,*,#4247,.F.);
#5527=ORIENTED_EDGE('',*,*,#4240,.F.);
#5528=ORIENTED_EDGE('',*,*,#4248,.F.);
#5529=ORIENTED_EDGE('',*,*,#4244,.F.);
#5530=ORIENTED_EDGE('',*,*,#4222,.T.);
#5531=ORIENTED_EDGE('',*,*,#4249,.F.);
#5532=ORIENTED_EDGE('',*,*,#4250,.F.);
#5533=ORIENTED_EDGE('',*,*,#4251,.F.);
#5534=ORIENTED_EDGE('',*,*,#4245,.T.);
#5535=ORIENTED_EDGE('',*,*,#4248,.T.);
#5536=ORIENTED_EDGE('',*,*,#4239,.T.);
#5537=ORIENTED_EDGE('',*,*,#4252,.F.);
#5538=ORIENTED_EDGE('',*,*,#4253,.F.);
#5539=ORIENTED_EDGE('',*,*,#4254,.F.);
#5540=ORIENTED_EDGE('',*,*,#4255,.T.);
#5541=ORIENTED_EDGE('',*,*,#4256,.T.);
#5542=ORIENTED_EDGE('',*,*,#4257,.T.);
#5543=ORIENTED_EDGE('',*,*,#4258,.F.);
#5544=ORIENTED_EDGE('',*,*,#4259,.F.);
#5545=ORIENTED_EDGE('',*,*,#4260,.F.);
#5546=ORIENTED_EDGE('',*,*,#4237,.T.);
#5547=ORIENTED_EDGE('',*,*,#4231,.T.);
#5548=ORIENTED_EDGE('',*,*,#4223,.T.);
#5549=ORIENTED_EDGE('',*,*,#4251,.T.);
#5550=ORIENTED_EDGE('',*,*,#4261,.T.);
#5551=ORIENTED_EDGE('',*,*,#4252,.T.);
#5552=ORIENTED_EDGE('',*,*,#4238,.T.);
#5553=ORIENTED_EDGE('',*,*,#4246,.T.);
#5554=ORIENTED_EDGE('',*,*,#4242,.T.);
#5555=ORIENTED_EDGE('',*,*,#4260,.T.);
#5556=ORIENTED_EDGE('',*,*,#4262,.T.);
#5557=ORIENTED_EDGE('',*,*,#4263,.T.);
#5558=ORIENTED_EDGE('',*,*,#4264,.T.);
#5559=ORIENTED_EDGE('',*,*,#4265,.T.);
#5560=ORIENTED_EDGE('',*,*,#4266,.T.);
#5561=ORIENTED_EDGE('',*,*,#4267,.T.);
#5562=ORIENTED_EDGE('',*,*,#4268,.F.);
#5563=ORIENTED_EDGE('',*,*,#4269,.T.);
#5564=ORIENTED_EDGE('',*,*,#4270,.T.);
#5565=ORIENTED_EDGE('',*,*,#4269,.F.);
#5566=ORIENTED_EDGE('',*,*,#4270,.F.);
#5567=ORIENTED_EDGE('',*,*,#4271,.F.);
#5568=ORIENTED_EDGE('',*,*,#4272,.T.);
#5569=ORIENTED_EDGE('',*,*,#4273,.T.);
#5570=ORIENTED_EDGE('',*,*,#4272,.F.);
#5571=ORIENTED_EDGE('',*,*,#4273,.F.);
#5572=ORIENTED_EDGE('',*,*,#4274,.F.);
#5573=ORIENTED_EDGE('',*,*,#4275,.T.);
#5574=ORIENTED_EDGE('',*,*,#4276,.T.);
#5575=ORIENTED_EDGE('',*,*,#4275,.F.);
#5576=ORIENTED_EDGE('',*,*,#4276,.F.);
#5577=ORIENTED_EDGE('',*,*,#4277,.F.);
#5578=ORIENTED_EDGE('',*,*,#4278,.T.);
#5579=ORIENTED_EDGE('',*,*,#4279,.T.);
#5580=ORIENTED_EDGE('',*,*,#4278,.F.);
#5581=ORIENTED_EDGE('',*,*,#4279,.F.);
#5582=ORIENTED_EDGE('',*,*,#4280,.F.);
#5583=ORIENTED_EDGE('',*,*,#4281,.T.);
#5584=ORIENTED_EDGE('',*,*,#4282,.T.);
#5585=ORIENTED_EDGE('',*,*,#4283,.F.);
#5586=ORIENTED_EDGE('',*,*,#4284,.F.);
#5587=ORIENTED_EDGE('',*,*,#4285,.T.);
#5588=ORIENTED_EDGE('',*,*,#4286,.T.);
#5589=ORIENTED_EDGE('',*,*,#4281,.F.);
#5590=ORIENTED_EDGE('',*,*,#4287,.F.);
#5591=ORIENTED_EDGE('',*,*,#4288,.T.);
#5592=ORIENTED_EDGE('',*,*,#4289,.T.);
#5593=ORIENTED_EDGE('',*,*,#4285,.F.);
#5594=ORIENTED_EDGE('',*,*,#4290,.F.);
#5595=ORIENTED_EDGE('',*,*,#4291,.T.);
#5596=ORIENTED_EDGE('',*,*,#4292,.T.);
#5597=ORIENTED_EDGE('',*,*,#4288,.F.);
#5598=ORIENTED_EDGE('',*,*,#4293,.F.);
#5599=ORIENTED_EDGE('',*,*,#4294,.T.);
#5600=ORIENTED_EDGE('',*,*,#4295,.T.);
#5601=ORIENTED_EDGE('',*,*,#4291,.F.);
#5602=ORIENTED_EDGE('',*,*,#4296,.F.);
#5603=ORIENTED_EDGE('',*,*,#4297,.T.);
#5604=ORIENTED_EDGE('',*,*,#4298,.T.);
#5605=ORIENTED_EDGE('',*,*,#4294,.F.);
#5606=ORIENTED_EDGE('',*,*,#4299,.F.);
#5607=ORIENTED_EDGE('',*,*,#4300,.T.);
#5608=ORIENTED_EDGE('',*,*,#4301,.T.);
#5609=ORIENTED_EDGE('',*,*,#4297,.F.);
#5610=ORIENTED_EDGE('',*,*,#4302,.F.);
#5611=ORIENTED_EDGE('',*,*,#4303,.T.);
#5612=ORIENTED_EDGE('',*,*,#4304,.T.);
#5613=ORIENTED_EDGE('',*,*,#4300,.F.);
#5614=ORIENTED_EDGE('',*,*,#4305,.F.);
#5615=ORIENTED_EDGE('',*,*,#4306,.T.);
#5616=ORIENTED_EDGE('',*,*,#4307,.T.);
#5617=ORIENTED_EDGE('',*,*,#4303,.F.);
#5618=ORIENTED_EDGE('',*,*,#4308,.F.);
#5619=ORIENTED_EDGE('',*,*,#4309,.T.);
#5620=ORIENTED_EDGE('',*,*,#4310,.T.);
#5621=ORIENTED_EDGE('',*,*,#4306,.F.);
#5622=ORIENTED_EDGE('',*,*,#4311,.F.);
#5623=ORIENTED_EDGE('',*,*,#4312,.T.);
#5624=ORIENTED_EDGE('',*,*,#4313,.T.);
#5625=ORIENTED_EDGE('',*,*,#4309,.F.);
#5626=ORIENTED_EDGE('',*,*,#4314,.F.);
#5627=ORIENTED_EDGE('',*,*,#4315,.T.);
#5628=ORIENTED_EDGE('',*,*,#4316,.T.);
#5629=ORIENTED_EDGE('',*,*,#4312,.F.);
#5630=ORIENTED_EDGE('',*,*,#4317,.F.);
#5631=ORIENTED_EDGE('',*,*,#4318,.T.);
#5632=ORIENTED_EDGE('',*,*,#4319,.T.);
#5633=ORIENTED_EDGE('',*,*,#4315,.F.);
#5634=ORIENTED_EDGE('',*,*,#4320,.F.);
#5635=ORIENTED_EDGE('',*,*,#4321,.T.);
#5636=ORIENTED_EDGE('',*,*,#4322,.T.);
#5637=ORIENTED_EDGE('',*,*,#4318,.F.);
#5638=ORIENTED_EDGE('',*,*,#4323,.F.);
#5639=ORIENTED_EDGE('',*,*,#4324,.T.);
#5640=ORIENTED_EDGE('',*,*,#4325,.T.);
#5641=ORIENTED_EDGE('',*,*,#4321,.F.);
#5642=ORIENTED_EDGE('',*,*,#4326,.F.);
#5643=ORIENTED_EDGE('',*,*,#4327,.T.);
#5644=ORIENTED_EDGE('',*,*,#4328,.T.);
#5645=ORIENTED_EDGE('',*,*,#4324,.F.);
#5646=ORIENTED_EDGE('',*,*,#4329,.F.);
#5647=ORIENTED_EDGE('',*,*,#4330,.T.);
#5648=ORIENTED_EDGE('',*,*,#4331,.T.);
#5649=ORIENTED_EDGE('',*,*,#4327,.F.);
#5650=ORIENTED_EDGE('',*,*,#4332,.F.);
#5651=ORIENTED_EDGE('',*,*,#4333,.T.);
#5652=ORIENTED_EDGE('',*,*,#4334,.T.);
#5653=ORIENTED_EDGE('',*,*,#4330,.F.);
#5654=ORIENTED_EDGE('',*,*,#4335,.F.);
#5655=ORIENTED_EDGE('',*,*,#4336,.T.);
#5656=ORIENTED_EDGE('',*,*,#4337,.T.);
#5657=ORIENTED_EDGE('',*,*,#4333,.F.);
#5658=ORIENTED_EDGE('',*,*,#4338,.F.);
#5659=ORIENTED_EDGE('',*,*,#4283,.T.);
#5660=ORIENTED_EDGE('',*,*,#4339,.T.);
#5661=ORIENTED_EDGE('',*,*,#4336,.F.);
#5662=ORIENTED_EDGE('',*,*,#4339,.F.);
#5663=ORIENTED_EDGE('',*,*,#4282,.F.);
#5664=ORIENTED_EDGE('',*,*,#4286,.F.);
#5665=ORIENTED_EDGE('',*,*,#4289,.F.);
#5666=ORIENTED_EDGE('',*,*,#4292,.F.);
#5667=ORIENTED_EDGE('',*,*,#4295,.F.);
#5668=ORIENTED_EDGE('',*,*,#4298,.F.);
#5669=ORIENTED_EDGE('',*,*,#4301,.F.);
#5670=ORIENTED_EDGE('',*,*,#4304,.F.);
#5671=ORIENTED_EDGE('',*,*,#4307,.F.);
#5672=ORIENTED_EDGE('',*,*,#4310,.F.);
#5673=ORIENTED_EDGE('',*,*,#4313,.F.);
#5674=ORIENTED_EDGE('',*,*,#4316,.F.);
#5675=ORIENTED_EDGE('',*,*,#4319,.F.);
#5676=ORIENTED_EDGE('',*,*,#4322,.F.);
#5677=ORIENTED_EDGE('',*,*,#4325,.F.);
#5678=ORIENTED_EDGE('',*,*,#4328,.F.);
#5679=ORIENTED_EDGE('',*,*,#4331,.F.);
#5680=ORIENTED_EDGE('',*,*,#4334,.F.);
#5681=ORIENTED_EDGE('',*,*,#4337,.F.);
#5682=ORIENTED_EDGE('',*,*,#4340,.F.);
#5683=ORIENTED_EDGE('',*,*,#4341,.T.);
#5684=ORIENTED_EDGE('',*,*,#4342,.T.);
#5685=ORIENTED_EDGE('',*,*,#4343,.F.);
#5686=ORIENTED_EDGE('',*,*,#4344,.F.);
#5687=ORIENTED_EDGE('',*,*,#4345,.T.);
#5688=ORIENTED_EDGE('',*,*,#4346,.T.);
#5689=ORIENTED_EDGE('',*,*,#4341,.F.);
#5690=ORIENTED_EDGE('',*,*,#4347,.F.);
#5691=ORIENTED_EDGE('',*,*,#4348,.T.);
#5692=ORIENTED_EDGE('',*,*,#4349,.T.);
#5693=ORIENTED_EDGE('',*,*,#4345,.F.);
#5694=ORIENTED_EDGE('',*,*,#4350,.F.);
#5695=ORIENTED_EDGE('',*,*,#4351,.T.);
#5696=ORIENTED_EDGE('',*,*,#4352,.T.);
#5697=ORIENTED_EDGE('',*,*,#4348,.F.);
#5698=ORIENTED_EDGE('',*,*,#4353,.F.);
#5699=ORIENTED_EDGE('',*,*,#4354,.T.);
#5700=ORIENTED_EDGE('',*,*,#4355,.T.);
#5701=ORIENTED_EDGE('',*,*,#4351,.F.);
#5702=ORIENTED_EDGE('',*,*,#4356,.F.);
#5703=ORIENTED_EDGE('',*,*,#4357,.T.);
#5704=ORIENTED_EDGE('',*,*,#4358,.T.);
#5705=ORIENTED_EDGE('',*,*,#4354,.F.);
#5706=ORIENTED_EDGE('',*,*,#4359,.F.);
#5707=ORIENTED_EDGE('',*,*,#4343,.T.);
#5708=ORIENTED_EDGE('',*,*,#4360,.T.);
#5709=ORIENTED_EDGE('',*,*,#4357,.F.);
#5710=ORIENTED_EDGE('',*,*,#4360,.F.);
#5711=ORIENTED_EDGE('',*,*,#4342,.F.);
#5712=ORIENTED_EDGE('',*,*,#4346,.F.);
#5713=ORIENTED_EDGE('',*,*,#4349,.F.);
#5714=ORIENTED_EDGE('',*,*,#4352,.F.);
#5715=ORIENTED_EDGE('',*,*,#4355,.F.);
#5716=ORIENTED_EDGE('',*,*,#4358,.F.);
#5717=ORIENTED_EDGE('',*,*,#4361,.F.);
#5718=ORIENTED_EDGE('',*,*,#4362,.T.);
#5719=ORIENTED_EDGE('',*,*,#4363,.T.);
#5720=ORIENTED_EDGE('',*,*,#4364,.F.);
#5721=ORIENTED_EDGE('',*,*,#4365,.F.);
#5722=ORIENTED_EDGE('',*,*,#4366,.T.);
#5723=ORIENTED_EDGE('',*,*,#4367,.T.);
#5724=ORIENTED_EDGE('',*,*,#4362,.F.);
#5725=ORIENTED_EDGE('',*,*,#4368,.F.);
#5726=ORIENTED_EDGE('',*,*,#4369,.T.);
#5727=ORIENTED_EDGE('',*,*,#4370,.T.);
#5728=ORIENTED_EDGE('',*,*,#4366,.F.);
#5729=ORIENTED_EDGE('',*,*,#4371,.F.);
#5730=ORIENTED_EDGE('',*,*,#4372,.T.);
#5731=ORIENTED_EDGE('',*,*,#4373,.T.);
#5732=ORIENTED_EDGE('',*,*,#4369,.F.);
#5733=ORIENTED_EDGE('',*,*,#4374,.F.);
#5734=ORIENTED_EDGE('',*,*,#4375,.T.);
#5735=ORIENTED_EDGE('',*,*,#4376,.T.);
#5736=ORIENTED_EDGE('',*,*,#4372,.F.);
#5737=ORIENTED_EDGE('',*,*,#4377,.F.);
#5738=ORIENTED_EDGE('',*,*,#4378,.T.);
#5739=ORIENTED_EDGE('',*,*,#4379,.T.);
#5740=ORIENTED_EDGE('',*,*,#4375,.F.);
#5741=ORIENTED_EDGE('',*,*,#4380,.F.);
#5742=ORIENTED_EDGE('',*,*,#4381,.T.);
#5743=ORIENTED_EDGE('',*,*,#4382,.T.);
#5744=ORIENTED_EDGE('',*,*,#4378,.F.);
#5745=ORIENTED_EDGE('',*,*,#4383,.F.);
#5746=ORIENTED_EDGE('',*,*,#4384,.T.);
#5747=ORIENTED_EDGE('',*,*,#4385,.T.);
#5748=ORIENTED_EDGE('',*,*,#4381,.F.);
#5749=ORIENTED_EDGE('',*,*,#4386,.F.);
#5750=ORIENTED_EDGE('',*,*,#4387,.T.);
#5751=ORIENTED_EDGE('',*,*,#4388,.T.);
#5752=ORIENTED_EDGE('',*,*,#4384,.F.);
#5753=ORIENTED_EDGE('',*,*,#4389,.F.);
#5754=ORIENTED_EDGE('',*,*,#4364,.T.);
#5755=ORIENTED_EDGE('',*,*,#4390,.T.);
#5756=ORIENTED_EDGE('',*,*,#4387,.F.);
#5757=ORIENTED_EDGE('',*,*,#4390,.F.);
#5758=ORIENTED_EDGE('',*,*,#4363,.F.);
#5759=ORIENTED_EDGE('',*,*,#4367,.F.);
#5760=ORIENTED_EDGE('',*,*,#4370,.F.);
#5761=ORIENTED_EDGE('',*,*,#4373,.F.);
#5762=ORIENTED_EDGE('',*,*,#4376,.F.);
#5763=ORIENTED_EDGE('',*,*,#4379,.F.);
#5764=ORIENTED_EDGE('',*,*,#4382,.F.);
#5765=ORIENTED_EDGE('',*,*,#4385,.F.);
#5766=ORIENTED_EDGE('',*,*,#4388,.F.);
#5767=ORIENTED_EDGE('',*,*,#4391,.F.);
#5768=ORIENTED_EDGE('',*,*,#4392,.T.);
#5769=ORIENTED_EDGE('',*,*,#4393,.T.);
#5770=ORIENTED_EDGE('',*,*,#4394,.F.);
#5771=ORIENTED_EDGE('',*,*,#4395,.F.);
#5772=ORIENTED_EDGE('',*,*,#4396,.T.);
#5773=ORIENTED_EDGE('',*,*,#4397,.T.);
#5774=ORIENTED_EDGE('',*,*,#4392,.F.);
#5775=ORIENTED_EDGE('',*,*,#4398,.F.);
#5776=ORIENTED_EDGE('',*,*,#4399,.T.);
#5777=ORIENTED_EDGE('',*,*,#4400,.T.);
#5778=ORIENTED_EDGE('',*,*,#4396,.F.);
#5779=ORIENTED_EDGE('',*,*,#4401,.F.);
#5780=ORIENTED_EDGE('',*,*,#4402,.T.);
#5781=ORIENTED_EDGE('',*,*,#4403,.T.);
#5782=ORIENTED_EDGE('',*,*,#4399,.F.);
#5783=ORIENTED_EDGE('',*,*,#4404,.F.);
#5784=ORIENTED_EDGE('',*,*,#4405,.T.);
#5785=ORIENTED_EDGE('',*,*,#4406,.T.);
#5786=ORIENTED_EDGE('',*,*,#4402,.F.);
#5787=ORIENTED_EDGE('',*,*,#4407,.F.);
#5788=ORIENTED_EDGE('',*,*,#4408,.T.);
#5789=ORIENTED_EDGE('',*,*,#4409,.T.);
#5790=ORIENTED_EDGE('',*,*,#4405,.F.);
#5791=ORIENTED_EDGE('',*,*,#4410,.F.);
#5792=ORIENTED_EDGE('',*,*,#4411,.T.);
#5793=ORIENTED_EDGE('',*,*,#4412,.T.);
#5794=ORIENTED_EDGE('',*,*,#4408,.F.);
#5795=ORIENTED_EDGE('',*,*,#4413,.F.);
#5796=ORIENTED_EDGE('',*,*,#4414,.T.);
#5797=ORIENTED_EDGE('',*,*,#4415,.T.);
#5798=ORIENTED_EDGE('',*,*,#4411,.F.);
#5799=ORIENTED_EDGE('',*,*,#4416,.F.);
#5800=ORIENTED_EDGE('',*,*,#4417,.T.);
#5801=ORIENTED_EDGE('',*,*,#4418,.T.);
#5802=ORIENTED_EDGE('',*,*,#4414,.F.);
#5803=ORIENTED_EDGE('',*,*,#4419,.F.);
#5804=ORIENTED_EDGE('',*,*,#4420,.T.);
#5805=ORIENTED_EDGE('',*,*,#4421,.T.);
#5806=ORIENTED_EDGE('',*,*,#4417,.F.);
#5807=ORIENTED_EDGE('',*,*,#4422,.F.);
#5808=ORIENTED_EDGE('',*,*,#4423,.T.);
#5809=ORIENTED_EDGE('',*,*,#4424,.T.);
#5810=ORIENTED_EDGE('',*,*,#4420,.F.);
#5811=ORIENTED_EDGE('',*,*,#4425,.F.);
#5812=ORIENTED_EDGE('',*,*,#4426,.T.);
#5813=ORIENTED_EDGE('',*,*,#4427,.T.);
#5814=ORIENTED_EDGE('',*,*,#4423,.F.);
#5815=ORIENTED_EDGE('',*,*,#4428,.F.);
#5816=ORIENTED_EDGE('',*,*,#4429,.T.);
#5817=ORIENTED_EDGE('',*,*,#4430,.T.);
#5818=ORIENTED_EDGE('',*,*,#4426,.F.);
#5819=ORIENTED_EDGE('',*,*,#4431,.F.);
#5820=ORIENTED_EDGE('',*,*,#4394,.T.);
#5821=ORIENTED_EDGE('',*,*,#4432,.T.);
#5822=ORIENTED_EDGE('',*,*,#4429,.F.);
#5823=ORIENTED_EDGE('',*,*,#4432,.F.);
#5824=ORIENTED_EDGE('',*,*,#4393,.F.);
#5825=ORIENTED_EDGE('',*,*,#4397,.F.);
#5826=ORIENTED_EDGE('',*,*,#4400,.F.);
#5827=ORIENTED_EDGE('',*,*,#4403,.F.);
#5828=ORIENTED_EDGE('',*,*,#4406,.F.);
#5829=ORIENTED_EDGE('',*,*,#4409,.F.);
#5830=ORIENTED_EDGE('',*,*,#4412,.F.);
#5831=ORIENTED_EDGE('',*,*,#4415,.F.);
#5832=ORIENTED_EDGE('',*,*,#4418,.F.);
#5833=ORIENTED_EDGE('',*,*,#4421,.F.);
#5834=ORIENTED_EDGE('',*,*,#4424,.F.);
#5835=ORIENTED_EDGE('',*,*,#4427,.F.);
#5836=ORIENTED_EDGE('',*,*,#4430,.F.);
#5837=ORIENTED_EDGE('',*,*,#4433,.F.);
#5838=ORIENTED_EDGE('',*,*,#4434,.T.);
#5839=ORIENTED_EDGE('',*,*,#4435,.T.);
#5840=ORIENTED_EDGE('',*,*,#4436,.F.);
#5841=ORIENTED_EDGE('',*,*,#4437,.F.);
#5842=ORIENTED_EDGE('',*,*,#4438,.T.);
#5843=ORIENTED_EDGE('',*,*,#4439,.T.);
#5844=ORIENTED_EDGE('',*,*,#4434,.F.);
#5845=ORIENTED_EDGE('',*,*,#4440,.F.);
#5846=ORIENTED_EDGE('',*,*,#4441,.T.);
#5847=ORIENTED_EDGE('',*,*,#4442,.T.);
#5848=ORIENTED_EDGE('',*,*,#4438,.F.);
#5849=ORIENTED_EDGE('',*,*,#4443,.F.);
#5850=ORIENTED_EDGE('',*,*,#4444,.T.);
#5851=ORIENTED_EDGE('',*,*,#4445,.T.);
#5852=ORIENTED_EDGE('',*,*,#4441,.F.);
#5853=ORIENTED_EDGE('',*,*,#4446,.F.);
#5854=ORIENTED_EDGE('',*,*,#4447,.T.);
#5855=ORIENTED_EDGE('',*,*,#4448,.T.);
#5856=ORIENTED_EDGE('',*,*,#4444,.F.);
#5857=ORIENTED_EDGE('',*,*,#4449,.F.);
#5858=ORIENTED_EDGE('',*,*,#4450,.T.);
#5859=ORIENTED_EDGE('',*,*,#4451,.T.);
#5860=ORIENTED_EDGE('',*,*,#4447,.F.);
#5861=ORIENTED_EDGE('',*,*,#4452,.F.);
#5862=ORIENTED_EDGE('',*,*,#4453,.T.);
#5863=ORIENTED_EDGE('',*,*,#4454,.T.);
#5864=ORIENTED_EDGE('',*,*,#4450,.F.);
#5865=ORIENTED_EDGE('',*,*,#4455,.F.);
#5866=ORIENTED_EDGE('',*,*,#4456,.T.);
#5867=ORIENTED_EDGE('',*,*,#4457,.T.);
#5868=ORIENTED_EDGE('',*,*,#4453,.F.);
#5869=ORIENTED_EDGE('',*,*,#4458,.F.);
#5870=ORIENTED_EDGE('',*,*,#4459,.T.);
#5871=ORIENTED_EDGE('',*,*,#4460,.T.);
#5872=ORIENTED_EDGE('',*,*,#4456,.F.);
#5873=ORIENTED_EDGE('',*,*,#4461,.F.);
#5874=ORIENTED_EDGE('',*,*,#4462,.T.);
#5875=ORIENTED_EDGE('',*,*,#4463,.T.);
#5876=ORIENTED_EDGE('',*,*,#4459,.F.);
#5877=ORIENTED_EDGE('',*,*,#4464,.F.);
#5878=ORIENTED_EDGE('',*,*,#4465,.T.);
#5879=ORIENTED_EDGE('',*,*,#4466,.T.);
#5880=ORIENTED_EDGE('',*,*,#4462,.F.);
#5881=ORIENTED_EDGE('',*,*,#4467,.F.);
#5882=ORIENTED_EDGE('',*,*,#4468,.T.);
#5883=ORIENTED_EDGE('',*,*,#4469,.T.);
#5884=ORIENTED_EDGE('',*,*,#4465,.F.);
#5885=ORIENTED_EDGE('',*,*,#4470,.F.);
#5886=ORIENTED_EDGE('',*,*,#4471,.T.);
#5887=ORIENTED_EDGE('',*,*,#4472,.T.);
#5888=ORIENTED_EDGE('',*,*,#4468,.F.);
#5889=ORIENTED_EDGE('',*,*,#4473,.F.);
#5890=ORIENTED_EDGE('',*,*,#4474,.T.);
#5891=ORIENTED_EDGE('',*,*,#4475,.T.);
#5892=ORIENTED_EDGE('',*,*,#4471,.F.);
#5893=ORIENTED_EDGE('',*,*,#4476,.F.);
#5894=ORIENTED_EDGE('',*,*,#4477,.T.);
#5895=ORIENTED_EDGE('',*,*,#4478,.T.);
#5896=ORIENTED_EDGE('',*,*,#4474,.F.);
#5897=ORIENTED_EDGE('',*,*,#4479,.F.);
#5898=ORIENTED_EDGE('',*,*,#4436,.T.);
#5899=ORIENTED_EDGE('',*,*,#4480,.T.);
#5900=ORIENTED_EDGE('',*,*,#4477,.F.);
#5901=ORIENTED_EDGE('',*,*,#4480,.F.);
#5902=ORIENTED_EDGE('',*,*,#4435,.F.);
#5903=ORIENTED_EDGE('',*,*,#4439,.F.);
#5904=ORIENTED_EDGE('',*,*,#4442,.F.);
#5905=ORIENTED_EDGE('',*,*,#4445,.F.);
#5906=ORIENTED_EDGE('',*,*,#4448,.F.);
#5907=ORIENTED_EDGE('',*,*,#4451,.F.);
#5908=ORIENTED_EDGE('',*,*,#4454,.F.);
#5909=ORIENTED_EDGE('',*,*,#4457,.F.);
#5910=ORIENTED_EDGE('',*,*,#4460,.F.);
#5911=ORIENTED_EDGE('',*,*,#4463,.F.);
#5912=ORIENTED_EDGE('',*,*,#4466,.F.);
#5913=ORIENTED_EDGE('',*,*,#4469,.F.);
#5914=ORIENTED_EDGE('',*,*,#4472,.F.);
#5915=ORIENTED_EDGE('',*,*,#4475,.F.);
#5916=ORIENTED_EDGE('',*,*,#4478,.F.);
#5917=ORIENTED_EDGE('',*,*,#4481,.F.);
#5918=ORIENTED_EDGE('',*,*,#4482,.T.);
#5919=ORIENTED_EDGE('',*,*,#4483,.T.);
#5920=ORIENTED_EDGE('',*,*,#4484,.F.);
#5921=ORIENTED_EDGE('',*,*,#4485,.F.);
#5922=ORIENTED_EDGE('',*,*,#4486,.T.);
#5923=ORIENTED_EDGE('',*,*,#4487,.T.);
#5924=ORIENTED_EDGE('',*,*,#4482,.F.);
#5925=ORIENTED_EDGE('',*,*,#4488,.F.);
#5926=ORIENTED_EDGE('',*,*,#4489,.T.);
#5927=ORIENTED_EDGE('',*,*,#4490,.T.);
#5928=ORIENTED_EDGE('',*,*,#4486,.F.);
#5929=ORIENTED_EDGE('',*,*,#4491,.F.);
#5930=ORIENTED_EDGE('',*,*,#4492,.T.);
#5931=ORIENTED_EDGE('',*,*,#4493,.T.);
#5932=ORIENTED_EDGE('',*,*,#4489,.F.);
#5933=ORIENTED_EDGE('',*,*,#4494,.F.);
#5934=ORIENTED_EDGE('',*,*,#4495,.T.);
#5935=ORIENTED_EDGE('',*,*,#4496,.T.);
#5936=ORIENTED_EDGE('',*,*,#4492,.F.);
#5937=ORIENTED_EDGE('',*,*,#4497,.F.);
#5938=ORIENTED_EDGE('',*,*,#4498,.T.);
#5939=ORIENTED_EDGE('',*,*,#4499,.T.);
#5940=ORIENTED_EDGE('',*,*,#4495,.F.);
#5941=ORIENTED_EDGE('',*,*,#4500,.F.);
#5942=ORIENTED_EDGE('',*,*,#4501,.T.);
#5943=ORIENTED_EDGE('',*,*,#4502,.T.);
#5944=ORIENTED_EDGE('',*,*,#4498,.F.);
#5945=ORIENTED_EDGE('',*,*,#4503,.F.);
#5946=ORIENTED_EDGE('',*,*,#4504,.T.);
#5947=ORIENTED_EDGE('',*,*,#4505,.T.);
#5948=ORIENTED_EDGE('',*,*,#4501,.F.);
#5949=ORIENTED_EDGE('',*,*,#4506,.F.);
#5950=ORIENTED_EDGE('',*,*,#4507,.T.);
#5951=ORIENTED_EDGE('',*,*,#4508,.T.);
#5952=ORIENTED_EDGE('',*,*,#4504,.F.);
#5953=ORIENTED_EDGE('',*,*,#4509,.F.);
#5954=ORIENTED_EDGE('',*,*,#4510,.T.);
#5955=ORIENTED_EDGE('',*,*,#4511,.T.);
#5956=ORIENTED_EDGE('',*,*,#4507,.F.);
#5957=ORIENTED_EDGE('',*,*,#4512,.F.);
#5958=ORIENTED_EDGE('',*,*,#4513,.T.);
#5959=ORIENTED_EDGE('',*,*,#4514,.T.);
#5960=ORIENTED_EDGE('',*,*,#4510,.F.);
#5961=ORIENTED_EDGE('',*,*,#4515,.F.);
#5962=ORIENTED_EDGE('',*,*,#4516,.T.);
#5963=ORIENTED_EDGE('',*,*,#4517,.T.);
#5964=ORIENTED_EDGE('',*,*,#4513,.F.);
#5965=ORIENTED_EDGE('',*,*,#4518,.F.);
#5966=ORIENTED_EDGE('',*,*,#4519,.T.);
#5967=ORIENTED_EDGE('',*,*,#4520,.T.);
#5968=ORIENTED_EDGE('',*,*,#4516,.F.);
#5969=ORIENTED_EDGE('',*,*,#4521,.F.);
#5970=ORIENTED_EDGE('',*,*,#4484,.T.);
#5971=ORIENTED_EDGE('',*,*,#4522,.T.);
#5972=ORIENTED_EDGE('',*,*,#4519,.F.);
#5973=ORIENTED_EDGE('',*,*,#4522,.F.);
#5974=ORIENTED_EDGE('',*,*,#4483,.F.);
#5975=ORIENTED_EDGE('',*,*,#4487,.F.);
#5976=ORIENTED_EDGE('',*,*,#4490,.F.);
#5977=ORIENTED_EDGE('',*,*,#4493,.F.);
#5978=ORIENTED_EDGE('',*,*,#4496,.F.);
#5979=ORIENTED_EDGE('',*,*,#4499,.F.);
#5980=ORIENTED_EDGE('',*,*,#4502,.F.);
#5981=ORIENTED_EDGE('',*,*,#4505,.F.);
#5982=ORIENTED_EDGE('',*,*,#4508,.F.);
#5983=ORIENTED_EDGE('',*,*,#4511,.F.);
#5984=ORIENTED_EDGE('',*,*,#4514,.F.);
#5985=ORIENTED_EDGE('',*,*,#4517,.F.);
#5986=ORIENTED_EDGE('',*,*,#4520,.F.);
#5987=ORIENTED_EDGE('',*,*,#4523,.F.);
#5988=ORIENTED_EDGE('',*,*,#4524,.T.);
#5989=ORIENTED_EDGE('',*,*,#4525,.T.);
#5990=ORIENTED_EDGE('',*,*,#4526,.F.);
#5991=ORIENTED_EDGE('',*,*,#4527,.F.);
#5992=ORIENTED_EDGE('',*,*,#4528,.T.);
#5993=ORIENTED_EDGE('',*,*,#4529,.T.);
#5994=ORIENTED_EDGE('',*,*,#4524,.F.);
#5995=ORIENTED_EDGE('',*,*,#4530,.F.);
#5996=ORIENTED_EDGE('',*,*,#4531,.T.);
#5997=ORIENTED_EDGE('',*,*,#4532,.T.);
#5998=ORIENTED_EDGE('',*,*,#4528,.F.);
#5999=ORIENTED_EDGE('',*,*,#4533,.F.);
#6000=ORIENTED_EDGE('',*,*,#4534,.T.);
#6001=ORIENTED_EDGE('',*,*,#4535,.T.);
#6002=ORIENTED_EDGE('',*,*,#4531,.F.);
#6003=ORIENTED_EDGE('',*,*,#4536,.F.);
#6004=ORIENTED_EDGE('',*,*,#4526,.T.);
#6005=ORIENTED_EDGE('',*,*,#4537,.T.);
#6006=ORIENTED_EDGE('',*,*,#4534,.F.);
#6007=ORIENTED_EDGE('',*,*,#4538,.F.);
#6008=ORIENTED_EDGE('',*,*,#4539,.T.);
#6009=ORIENTED_EDGE('',*,*,#4540,.T.);
#6010=ORIENTED_EDGE('',*,*,#4541,.F.);
#6011=ORIENTED_EDGE('',*,*,#4542,.F.);
#6012=ORIENTED_EDGE('',*,*,#4543,.T.);
#6013=ORIENTED_EDGE('',*,*,#4544,.T.);
#6014=ORIENTED_EDGE('',*,*,#4539,.F.);
#6015=ORIENTED_EDGE('',*,*,#4545,.F.);
#6016=ORIENTED_EDGE('',*,*,#4546,.T.);
#6017=ORIENTED_EDGE('',*,*,#4547,.T.);
#6018=ORIENTED_EDGE('',*,*,#4543,.F.);
#6019=ORIENTED_EDGE('',*,*,#4548,.F.);
#6020=ORIENTED_EDGE('',*,*,#4549,.T.);
#6021=ORIENTED_EDGE('',*,*,#4550,.T.);
#6022=ORIENTED_EDGE('',*,*,#4546,.F.);
#6023=ORIENTED_EDGE('',*,*,#4551,.F.);
#6024=ORIENTED_EDGE('',*,*,#4552,.T.);
#6025=ORIENTED_EDGE('',*,*,#4553,.T.);
#6026=ORIENTED_EDGE('',*,*,#4549,.F.);
#6027=ORIENTED_EDGE('',*,*,#4554,.F.);
#6028=ORIENTED_EDGE('',*,*,#4555,.T.);
#6029=ORIENTED_EDGE('',*,*,#4556,.T.);
#6030=ORIENTED_EDGE('',*,*,#4552,.F.);
#6031=ORIENTED_EDGE('',*,*,#4557,.F.);
#6032=ORIENTED_EDGE('',*,*,#4558,.T.);
#6033=ORIENTED_EDGE('',*,*,#4559,.T.);
#6034=ORIENTED_EDGE('',*,*,#4555,.F.);
#6035=ORIENTED_EDGE('',*,*,#4560,.F.);
#6036=ORIENTED_EDGE('',*,*,#4561,.T.);
#6037=ORIENTED_EDGE('',*,*,#4562,.T.);
#6038=ORIENTED_EDGE('',*,*,#4558,.F.);
#6039=ORIENTED_EDGE('',*,*,#4563,.F.);
#6040=ORIENTED_EDGE('',*,*,#4564,.T.);
#6041=ORIENTED_EDGE('',*,*,#4565,.T.);
#6042=ORIENTED_EDGE('',*,*,#4561,.F.);
#6043=ORIENTED_EDGE('',*,*,#4566,.F.);
#6044=ORIENTED_EDGE('',*,*,#4567,.T.);
#6045=ORIENTED_EDGE('',*,*,#4568,.T.);
#6046=ORIENTED_EDGE('',*,*,#4564,.F.);
#6047=ORIENTED_EDGE('',*,*,#4569,.F.);
#6048=ORIENTED_EDGE('',*,*,#4570,.T.);
#6049=ORIENTED_EDGE('',*,*,#4571,.T.);
#6050=ORIENTED_EDGE('',*,*,#4567,.F.);
#6051=ORIENTED_EDGE('',*,*,#4572,.F.);
#6052=ORIENTED_EDGE('',*,*,#4573,.T.);
#6053=ORIENTED_EDGE('',*,*,#4574,.T.);
#6054=ORIENTED_EDGE('',*,*,#4570,.F.);
#6055=ORIENTED_EDGE('',*,*,#4575,.F.);
#6056=ORIENTED_EDGE('',*,*,#4576,.T.);
#6057=ORIENTED_EDGE('',*,*,#4577,.T.);
#6058=ORIENTED_EDGE('',*,*,#4573,.F.);
#6059=ORIENTED_EDGE('',*,*,#4578,.F.);
#6060=ORIENTED_EDGE('',*,*,#4579,.T.);
#6061=ORIENTED_EDGE('',*,*,#4580,.T.);
#6062=ORIENTED_EDGE('',*,*,#4576,.F.);
#6063=ORIENTED_EDGE('',*,*,#4581,.F.);
#6064=ORIENTED_EDGE('',*,*,#4582,.T.);
#6065=ORIENTED_EDGE('',*,*,#4583,.T.);
#6066=ORIENTED_EDGE('',*,*,#4579,.F.);
#6067=ORIENTED_EDGE('',*,*,#4584,.F.);
#6068=ORIENTED_EDGE('',*,*,#4585,.T.);
#6069=ORIENTED_EDGE('',*,*,#4586,.T.);
#6070=ORIENTED_EDGE('',*,*,#4582,.F.);
#6071=ORIENTED_EDGE('',*,*,#4587,.F.);
#6072=ORIENTED_EDGE('',*,*,#4588,.T.);
#6073=ORIENTED_EDGE('',*,*,#4589,.T.);
#6074=ORIENTED_EDGE('',*,*,#4585,.F.);
#6075=ORIENTED_EDGE('',*,*,#4590,.F.);
#6076=ORIENTED_EDGE('',*,*,#4541,.T.);
#6077=ORIENTED_EDGE('',*,*,#4591,.T.);
#6078=ORIENTED_EDGE('',*,*,#4588,.F.);
#6079=ORIENTED_EDGE('',*,*,#4591,.F.);
#6080=ORIENTED_EDGE('',*,*,#4540,.F.);
#6081=ORIENTED_EDGE('',*,*,#4544,.F.);
#6082=ORIENTED_EDGE('',*,*,#4547,.F.);
#6083=ORIENTED_EDGE('',*,*,#4550,.F.);
#6084=ORIENTED_EDGE('',*,*,#4553,.F.);
#6085=ORIENTED_EDGE('',*,*,#4556,.F.);
#6086=ORIENTED_EDGE('',*,*,#4559,.F.);
#6087=ORIENTED_EDGE('',*,*,#4562,.F.);
#6088=ORIENTED_EDGE('',*,*,#4565,.F.);
#6089=ORIENTED_EDGE('',*,*,#4568,.F.);
#6090=ORIENTED_EDGE('',*,*,#4571,.F.);
#6091=ORIENTED_EDGE('',*,*,#4574,.F.);
#6092=ORIENTED_EDGE('',*,*,#4577,.F.);
#6093=ORIENTED_EDGE('',*,*,#4580,.F.);
#6094=ORIENTED_EDGE('',*,*,#4583,.F.);
#6095=ORIENTED_EDGE('',*,*,#4586,.F.);
#6096=ORIENTED_EDGE('',*,*,#4589,.F.);
#6097=ORIENTED_EDGE('',*,*,#4537,.F.);
#6098=ORIENTED_EDGE('',*,*,#4525,.F.);
#6099=ORIENTED_EDGE('',*,*,#4529,.F.);
#6100=ORIENTED_EDGE('',*,*,#4532,.F.);
#6101=ORIENTED_EDGE('',*,*,#4535,.F.);
#6102=ORIENTED_EDGE('',*,*,#4592,.F.);
#6103=ORIENTED_EDGE('',*,*,#4593,.T.);
#6104=ORIENTED_EDGE('',*,*,#4594,.T.);
#6105=ORIENTED_EDGE('',*,*,#4595,.F.);
#6106=ORIENTED_EDGE('',*,*,#4596,.F.);
#6107=ORIENTED_EDGE('',*,*,#4597,.T.);
#6108=ORIENTED_EDGE('',*,*,#4598,.T.);
#6109=ORIENTED_EDGE('',*,*,#4593,.F.);
#6110=ORIENTED_EDGE('',*,*,#4599,.F.);
#6111=ORIENTED_EDGE('',*,*,#4600,.T.);
#6112=ORIENTED_EDGE('',*,*,#4601,.T.);
#6113=ORIENTED_EDGE('',*,*,#4597,.F.);
#6114=ORIENTED_EDGE('',*,*,#4602,.F.);
#6115=ORIENTED_EDGE('',*,*,#4603,.T.);
#6116=ORIENTED_EDGE('',*,*,#4604,.T.);
#6117=ORIENTED_EDGE('',*,*,#4600,.F.);
#6118=ORIENTED_EDGE('',*,*,#4605,.F.);
#6119=ORIENTED_EDGE('',*,*,#4606,.T.);
#6120=ORIENTED_EDGE('',*,*,#4607,.T.);
#6121=ORIENTED_EDGE('',*,*,#4603,.F.);
#6122=ORIENTED_EDGE('',*,*,#4608,.F.);
#6123=ORIENTED_EDGE('',*,*,#4609,.T.);
#6124=ORIENTED_EDGE('',*,*,#4610,.T.);
#6125=ORIENTED_EDGE('',*,*,#4606,.F.);
#6126=ORIENTED_EDGE('',*,*,#4611,.F.);
#6127=ORIENTED_EDGE('',*,*,#4595,.T.);
#6128=ORIENTED_EDGE('',*,*,#4612,.T.);
#6129=ORIENTED_EDGE('',*,*,#4609,.F.);
#6130=ORIENTED_EDGE('',*,*,#4612,.F.);
#6131=ORIENTED_EDGE('',*,*,#4594,.F.);
#6132=ORIENTED_EDGE('',*,*,#4598,.F.);
#6133=ORIENTED_EDGE('',*,*,#4601,.F.);
#6134=ORIENTED_EDGE('',*,*,#4604,.F.);
#6135=ORIENTED_EDGE('',*,*,#4607,.F.);
#6136=ORIENTED_EDGE('',*,*,#4610,.F.);
#6137=ORIENTED_EDGE('',*,*,#4613,.F.);
#6138=ORIENTED_EDGE('',*,*,#4614,.T.);
#6139=ORIENTED_EDGE('',*,*,#4615,.T.);
#6140=ORIENTED_EDGE('',*,*,#4616,.F.);
#6141=ORIENTED_EDGE('',*,*,#4617,.F.);
#6142=ORIENTED_EDGE('',*,*,#4618,.T.);
#6143=ORIENTED_EDGE('',*,*,#4619,.T.);
#6144=ORIENTED_EDGE('',*,*,#4614,.F.);
#6145=ORIENTED_EDGE('',*,*,#4620,.F.);
#6146=ORIENTED_EDGE('',*,*,#4621,.T.);
#6147=ORIENTED_EDGE('',*,*,#4622,.T.);
#6148=ORIENTED_EDGE('',*,*,#4618,.F.);
#6149=ORIENTED_EDGE('',*,*,#4623,.F.);
#6150=ORIENTED_EDGE('',*,*,#4624,.T.);
#6151=ORIENTED_EDGE('',*,*,#4625,.T.);
#6152=ORIENTED_EDGE('',*,*,#4621,.F.);
#6153=ORIENTED_EDGE('',*,*,#4626,.F.);
#6154=ORIENTED_EDGE('',*,*,#4627,.T.);
#6155=ORIENTED_EDGE('',*,*,#4628,.T.);
#6156=ORIENTED_EDGE('',*,*,#4624,.F.);
#6157=ORIENTED_EDGE('',*,*,#4629,.F.);
#6158=ORIENTED_EDGE('',*,*,#4630,.T.);
#6159=ORIENTED_EDGE('',*,*,#4631,.T.);
#6160=ORIENTED_EDGE('',*,*,#4627,.F.);
#6161=ORIENTED_EDGE('',*,*,#4632,.F.);
#6162=ORIENTED_EDGE('',*,*,#4633,.T.);
#6163=ORIENTED_EDGE('',*,*,#4634,.T.);
#6164=ORIENTED_EDGE('',*,*,#4630,.F.);
#6165=ORIENTED_EDGE('',*,*,#4635,.F.);
#6166=ORIENTED_EDGE('',*,*,#4636,.T.);
#6167=ORIENTED_EDGE('',*,*,#4637,.T.);
#6168=ORIENTED_EDGE('',*,*,#4633,.F.);
#6169=ORIENTED_EDGE('',*,*,#4638,.F.);
#6170=ORIENTED_EDGE('',*,*,#4639,.T.);
#6171=ORIENTED_EDGE('',*,*,#4640,.T.);
#6172=ORIENTED_EDGE('',*,*,#4636,.F.);
#6173=ORIENTED_EDGE('',*,*,#4641,.F.);
#6174=ORIENTED_EDGE('',*,*,#4642,.T.);
#6175=ORIENTED_EDGE('',*,*,#4643,.T.);
#6176=ORIENTED_EDGE('',*,*,#4639,.F.);
#6177=ORIENTED_EDGE('',*,*,#4644,.F.);
#6178=ORIENTED_EDGE('',*,*,#4645,.T.);
#6179=ORIENTED_EDGE('',*,*,#4646,.T.);
#6180=ORIENTED_EDGE('',*,*,#4642,.F.);
#6181=ORIENTED_EDGE('',*,*,#4647,.F.);
#6182=ORIENTED_EDGE('',*,*,#4648,.T.);
#6183=ORIENTED_EDGE('',*,*,#4649,.T.);
#6184=ORIENTED_EDGE('',*,*,#4645,.F.);
#6185=ORIENTED_EDGE('',*,*,#4650,.F.);
#6186=ORIENTED_EDGE('',*,*,#4651,.T.);
#6187=ORIENTED_EDGE('',*,*,#4652,.T.);
#6188=ORIENTED_EDGE('',*,*,#4648,.F.);
#6189=ORIENTED_EDGE('',*,*,#4653,.F.);
#6190=ORIENTED_EDGE('',*,*,#4654,.T.);
#6191=ORIENTED_EDGE('',*,*,#4655,.T.);
#6192=ORIENTED_EDGE('',*,*,#4651,.F.);
#6193=ORIENTED_EDGE('',*,*,#4656,.F.);
#6194=ORIENTED_EDGE('',*,*,#4657,.T.);
#6195=ORIENTED_EDGE('',*,*,#4658,.T.);
#6196=ORIENTED_EDGE('',*,*,#4654,.F.);
#6197=ORIENTED_EDGE('',*,*,#4659,.F.);
#6198=ORIENTED_EDGE('',*,*,#4660,.T.);
#6199=ORIENTED_EDGE('',*,*,#4661,.T.);
#6200=ORIENTED_EDGE('',*,*,#4657,.F.);
#6201=ORIENTED_EDGE('',*,*,#4662,.F.);
#6202=ORIENTED_EDGE('',*,*,#4663,.T.);
#6203=ORIENTED_EDGE('',*,*,#4664,.T.);
#6204=ORIENTED_EDGE('',*,*,#4660,.F.);
#6205=ORIENTED_EDGE('',*,*,#4665,.F.);
#6206=ORIENTED_EDGE('',*,*,#4666,.T.);
#6207=ORIENTED_EDGE('',*,*,#4667,.T.);
#6208=ORIENTED_EDGE('',*,*,#4663,.F.);
#6209=ORIENTED_EDGE('',*,*,#4668,.F.);
#6210=ORIENTED_EDGE('',*,*,#4669,.T.);
#6211=ORIENTED_EDGE('',*,*,#4670,.T.);
#6212=ORIENTED_EDGE('',*,*,#4666,.F.);
#6213=ORIENTED_EDGE('',*,*,#4671,.F.);
#6214=ORIENTED_EDGE('',*,*,#4616,.T.);
#6215=ORIENTED_EDGE('',*,*,#4672,.T.);
#6216=ORIENTED_EDGE('',*,*,#4669,.F.);
#6217=ORIENTED_EDGE('',*,*,#4672,.F.);
#6218=ORIENTED_EDGE('',*,*,#4615,.F.);
#6219=ORIENTED_EDGE('',*,*,#4619,.F.);
#6220=ORIENTED_EDGE('',*,*,#4622,.F.);
#6221=ORIENTED_EDGE('',*,*,#4625,.F.);
#6222=ORIENTED_EDGE('',*,*,#4628,.F.);
#6223=ORIENTED_EDGE('',*,*,#4631,.F.);
#6224=ORIENTED_EDGE('',*,*,#4634,.F.);
#6225=ORIENTED_EDGE('',*,*,#4637,.F.);
#6226=ORIENTED_EDGE('',*,*,#4640,.F.);
#6227=ORIENTED_EDGE('',*,*,#4643,.F.);
#6228=ORIENTED_EDGE('',*,*,#4646,.F.);
#6229=ORIENTED_EDGE('',*,*,#4649,.F.);
#6230=ORIENTED_EDGE('',*,*,#4652,.F.);
#6231=ORIENTED_EDGE('',*,*,#4655,.F.);
#6232=ORIENTED_EDGE('',*,*,#4658,.F.);
#6233=ORIENTED_EDGE('',*,*,#4661,.F.);
#6234=ORIENTED_EDGE('',*,*,#4664,.F.);
#6235=ORIENTED_EDGE('',*,*,#4667,.F.);
#6236=ORIENTED_EDGE('',*,*,#4670,.F.);
#6237=ORIENTED_EDGE('',*,*,#4673,.F.);
#6238=ORIENTED_EDGE('',*,*,#4674,.T.);
#6239=ORIENTED_EDGE('',*,*,#4675,.T.);
#6240=ORIENTED_EDGE('',*,*,#4676,.F.);
#6241=ORIENTED_EDGE('',*,*,#4677,.F.);
#6242=ORIENTED_EDGE('',*,*,#4678,.T.);
#6243=ORIENTED_EDGE('',*,*,#4679,.T.);
#6244=ORIENTED_EDGE('',*,*,#4674,.F.);
#6245=ORIENTED_EDGE('',*,*,#4680,.F.);
#6246=ORIENTED_EDGE('',*,*,#4681,.T.);
#6247=ORIENTED_EDGE('',*,*,#4682,.T.);
#6248=ORIENTED_EDGE('',*,*,#4678,.F.);
#6249=ORIENTED_EDGE('',*,*,#4683,.F.);
#6250=ORIENTED_EDGE('',*,*,#4684,.T.);
#6251=ORIENTED_EDGE('',*,*,#4685,.T.);
#6252=ORIENTED_EDGE('',*,*,#4681,.F.);
#6253=ORIENTED_EDGE('',*,*,#4686,.F.);
#6254=ORIENTED_EDGE('',*,*,#4687,.T.);
#6255=ORIENTED_EDGE('',*,*,#4688,.T.);
#6256=ORIENTED_EDGE('',*,*,#4684,.F.);
#6257=ORIENTED_EDGE('',*,*,#4689,.F.);
#6258=ORIENTED_EDGE('',*,*,#4690,.T.);
#6259=ORIENTED_EDGE('',*,*,#4691,.T.);
#6260=ORIENTED_EDGE('',*,*,#4687,.F.);
#6261=ORIENTED_EDGE('',*,*,#4692,.F.);
#6262=ORIENTED_EDGE('',*,*,#4693,.T.);
#6263=ORIENTED_EDGE('',*,*,#4694,.T.);
#6264=ORIENTED_EDGE('',*,*,#4690,.F.);
#6265=ORIENTED_EDGE('',*,*,#4695,.F.);
#6266=ORIENTED_EDGE('',*,*,#4696,.T.);
#6267=ORIENTED_EDGE('',*,*,#4697,.T.);
#6268=ORIENTED_EDGE('',*,*,#4693,.F.);
#6269=ORIENTED_EDGE('',*,*,#4698,.F.);
#6270=ORIENTED_EDGE('',*,*,#4676,.T.);
#6271=ORIENTED_EDGE('',*,*,#4699,.T.);
#6272=ORIENTED_EDGE('',*,*,#4696,.F.);
#6273=ORIENTED_EDGE('',*,*,#4700,.F.);
#6274=ORIENTED_EDGE('',*,*,#4701,.T.);
#6275=ORIENTED_EDGE('',*,*,#4702,.T.);
#6276=ORIENTED_EDGE('',*,*,#4703,.F.);
#6277=ORIENTED_EDGE('',*,*,#4704,.F.);
#6278=ORIENTED_EDGE('',*,*,#4705,.T.);
#6279=ORIENTED_EDGE('',*,*,#4706,.T.);
#6280=ORIENTED_EDGE('',*,*,#4701,.F.);
#6281=ORIENTED_EDGE('',*,*,#4707,.F.);
#6282=ORIENTED_EDGE('',*,*,#4708,.T.);
#6283=ORIENTED_EDGE('',*,*,#4709,.T.);
#6284=ORIENTED_EDGE('',*,*,#4705,.F.);
#6285=ORIENTED_EDGE('',*,*,#4710,.F.);
#6286=ORIENTED_EDGE('',*,*,#4711,.T.);
#6287=ORIENTED_EDGE('',*,*,#4712,.T.);
#6288=ORIENTED_EDGE('',*,*,#4708,.F.);
#6289=ORIENTED_EDGE('',*,*,#4713,.F.);
#6290=ORIENTED_EDGE('',*,*,#4714,.T.);
#6291=ORIENTED_EDGE('',*,*,#4715,.T.);
#6292=ORIENTED_EDGE('',*,*,#4711,.F.);
#6293=ORIENTED_EDGE('',*,*,#4716,.F.);
#6294=ORIENTED_EDGE('',*,*,#4717,.T.);
#6295=ORIENTED_EDGE('',*,*,#4718,.T.);
#6296=ORIENTED_EDGE('',*,*,#4714,.F.);
#6297=ORIENTED_EDGE('',*,*,#4719,.F.);
#6298=ORIENTED_EDGE('',*,*,#4720,.T.);
#6299=ORIENTED_EDGE('',*,*,#4721,.T.);
#6300=ORIENTED_EDGE('',*,*,#4717,.F.);
#6301=ORIENTED_EDGE('',*,*,#4722,.F.);
#6302=ORIENTED_EDGE('',*,*,#4723,.T.);
#6303=ORIENTED_EDGE('',*,*,#4724,.T.);
#6304=ORIENTED_EDGE('',*,*,#4720,.F.);
#6305=ORIENTED_EDGE('',*,*,#4725,.F.);
#6306=ORIENTED_EDGE('',*,*,#4726,.T.);
#6307=ORIENTED_EDGE('',*,*,#4727,.T.);
#6308=ORIENTED_EDGE('',*,*,#4723,.F.);
#6309=ORIENTED_EDGE('',*,*,#4728,.F.);
#6310=ORIENTED_EDGE('',*,*,#4729,.T.);
#6311=ORIENTED_EDGE('',*,*,#4730,.T.);
#6312=ORIENTED_EDGE('',*,*,#4726,.F.);
#6313=ORIENTED_EDGE('',*,*,#4731,.F.);
#6314=ORIENTED_EDGE('',*,*,#4732,.T.);
#6315=ORIENTED_EDGE('',*,*,#4733,.T.);
#6316=ORIENTED_EDGE('',*,*,#4729,.F.);
#6317=ORIENTED_EDGE('',*,*,#4734,.F.);
#6318=ORIENTED_EDGE('',*,*,#4735,.T.);
#6319=ORIENTED_EDGE('',*,*,#4736,.T.);
#6320=ORIENTED_EDGE('',*,*,#4732,.F.);
#6321=ORIENTED_EDGE('',*,*,#4737,.F.);
#6322=ORIENTED_EDGE('',*,*,#4738,.T.);
#6323=ORIENTED_EDGE('',*,*,#4739,.T.);
#6324=ORIENTED_EDGE('',*,*,#4735,.F.);
#6325=ORIENTED_EDGE('',*,*,#4740,.F.);
#6326=ORIENTED_EDGE('',*,*,#4703,.T.);
#6327=ORIENTED_EDGE('',*,*,#4741,.T.);
#6328=ORIENTED_EDGE('',*,*,#4738,.F.);
#6329=ORIENTED_EDGE('',*,*,#4741,.F.);
#6330=ORIENTED_EDGE('',*,*,#4702,.F.);
#6331=ORIENTED_EDGE('',*,*,#4706,.F.);
#6332=ORIENTED_EDGE('',*,*,#4709,.F.);
#6333=ORIENTED_EDGE('',*,*,#4712,.F.);
#6334=ORIENTED_EDGE('',*,*,#4715,.F.);
#6335=ORIENTED_EDGE('',*,*,#4718,.F.);
#6336=ORIENTED_EDGE('',*,*,#4721,.F.);
#6337=ORIENTED_EDGE('',*,*,#4724,.F.);
#6338=ORIENTED_EDGE('',*,*,#4727,.F.);
#6339=ORIENTED_EDGE('',*,*,#4730,.F.);
#6340=ORIENTED_EDGE('',*,*,#4733,.F.);
#6341=ORIENTED_EDGE('',*,*,#4736,.F.);
#6342=ORIENTED_EDGE('',*,*,#4739,.F.);
#6343=ORIENTED_EDGE('',*,*,#4699,.F.);
#6344=ORIENTED_EDGE('',*,*,#4675,.F.);
#6345=ORIENTED_EDGE('',*,*,#4679,.F.);
#6346=ORIENTED_EDGE('',*,*,#4682,.F.);
#6347=ORIENTED_EDGE('',*,*,#4685,.F.);
#6348=ORIENTED_EDGE('',*,*,#4688,.F.);
#6349=ORIENTED_EDGE('',*,*,#4691,.F.);
#6350=ORIENTED_EDGE('',*,*,#4694,.F.);
#6351=ORIENTED_EDGE('',*,*,#4697,.F.);
#6352=ORIENTED_EDGE('',*,*,#4742,.F.);
#6353=ORIENTED_EDGE('',*,*,#4743,.T.);
#6354=ORIENTED_EDGE('',*,*,#4744,.T.);
#6355=ORIENTED_EDGE('',*,*,#4745,.F.);
#6356=ORIENTED_EDGE('',*,*,#4746,.F.);
#6357=ORIENTED_EDGE('',*,*,#4747,.T.);
#6358=ORIENTED_EDGE('',*,*,#4748,.T.);
#6359=ORIENTED_EDGE('',*,*,#4743,.F.);
#6360=ORIENTED_EDGE('',*,*,#4749,.F.);
#6361=ORIENTED_EDGE('',*,*,#4750,.T.);
#6362=ORIENTED_EDGE('',*,*,#4751,.T.);
#6363=ORIENTED_EDGE('',*,*,#4747,.F.);
#6364=ORIENTED_EDGE('',*,*,#4752,.F.);
#6365=ORIENTED_EDGE('',*,*,#4753,.T.);
#6366=ORIENTED_EDGE('',*,*,#4754,.T.);
#6367=ORIENTED_EDGE('',*,*,#4750,.F.);
#6368=ORIENTED_EDGE('',*,*,#4755,.F.);
#6369=ORIENTED_EDGE('',*,*,#4756,.T.);
#6370=ORIENTED_EDGE('',*,*,#4757,.T.);
#6371=ORIENTED_EDGE('',*,*,#4753,.F.);
#6372=ORIENTED_EDGE('',*,*,#4758,.F.);
#6373=ORIENTED_EDGE('',*,*,#4759,.T.);
#6374=ORIENTED_EDGE('',*,*,#4760,.T.);
#6375=ORIENTED_EDGE('',*,*,#4756,.F.);
#6376=ORIENTED_EDGE('',*,*,#4761,.F.);
#6377=ORIENTED_EDGE('',*,*,#4762,.T.);
#6378=ORIENTED_EDGE('',*,*,#4763,.T.);
#6379=ORIENTED_EDGE('',*,*,#4759,.F.);
#6380=ORIENTED_EDGE('',*,*,#4764,.F.);
#6381=ORIENTED_EDGE('',*,*,#4745,.T.);
#6382=ORIENTED_EDGE('',*,*,#4765,.T.);
#6383=ORIENTED_EDGE('',*,*,#4762,.F.);
#6384=ORIENTED_EDGE('',*,*,#4766,.F.);
#6385=ORIENTED_EDGE('',*,*,#4767,.T.);
#6386=ORIENTED_EDGE('',*,*,#4768,.T.);
#6387=ORIENTED_EDGE('',*,*,#4769,.F.);
#6388=ORIENTED_EDGE('',*,*,#4770,.F.);
#6389=ORIENTED_EDGE('',*,*,#4771,.T.);
#6390=ORIENTED_EDGE('',*,*,#4772,.T.);
#6391=ORIENTED_EDGE('',*,*,#4767,.F.);
#6392=ORIENTED_EDGE('',*,*,#4773,.F.);
#6393=ORIENTED_EDGE('',*,*,#4774,.T.);
#6394=ORIENTED_EDGE('',*,*,#4775,.T.);
#6395=ORIENTED_EDGE('',*,*,#4771,.F.);
#6396=ORIENTED_EDGE('',*,*,#4776,.F.);
#6397=ORIENTED_EDGE('',*,*,#4777,.T.);
#6398=ORIENTED_EDGE('',*,*,#4778,.T.);
#6399=ORIENTED_EDGE('',*,*,#4774,.F.);
#6400=ORIENTED_EDGE('',*,*,#4779,.F.);
#6401=ORIENTED_EDGE('',*,*,#4780,.T.);
#6402=ORIENTED_EDGE('',*,*,#4781,.T.);
#6403=ORIENTED_EDGE('',*,*,#4777,.F.);
#6404=ORIENTED_EDGE('',*,*,#4782,.F.);
#6405=ORIENTED_EDGE('',*,*,#4783,.T.);
#6406=ORIENTED_EDGE('',*,*,#4784,.T.);
#6407=ORIENTED_EDGE('',*,*,#4780,.F.);
#6408=ORIENTED_EDGE('',*,*,#4785,.F.);
#6409=ORIENTED_EDGE('',*,*,#4786,.T.);
#6410=ORIENTED_EDGE('',*,*,#4787,.T.);
#6411=ORIENTED_EDGE('',*,*,#4783,.F.);
#6412=ORIENTED_EDGE('',*,*,#4788,.F.);
#6413=ORIENTED_EDGE('',*,*,#4789,.T.);
#6414=ORIENTED_EDGE('',*,*,#4790,.T.);
#6415=ORIENTED_EDGE('',*,*,#4786,.F.);
#6416=ORIENTED_EDGE('',*,*,#4791,.F.);
#6417=ORIENTED_EDGE('',*,*,#4792,.T.);
#6418=ORIENTED_EDGE('',*,*,#4793,.T.);
#6419=ORIENTED_EDGE('',*,*,#4789,.F.);
#6420=ORIENTED_EDGE('',*,*,#4794,.F.);
#6421=ORIENTED_EDGE('',*,*,#4769,.T.);
#6422=ORIENTED_EDGE('',*,*,#4795,.T.);
#6423=ORIENTED_EDGE('',*,*,#4792,.F.);
#6424=ORIENTED_EDGE('',*,*,#4795,.F.);
#6425=ORIENTED_EDGE('',*,*,#4768,.F.);
#6426=ORIENTED_EDGE('',*,*,#4772,.F.);
#6427=ORIENTED_EDGE('',*,*,#4775,.F.);
#6428=ORIENTED_EDGE('',*,*,#4778,.F.);
#6429=ORIENTED_EDGE('',*,*,#4781,.F.);
#6430=ORIENTED_EDGE('',*,*,#4784,.F.);
#6431=ORIENTED_EDGE('',*,*,#4787,.F.);
#6432=ORIENTED_EDGE('',*,*,#4790,.F.);
#6433=ORIENTED_EDGE('',*,*,#4793,.F.);
#6434=ORIENTED_EDGE('',*,*,#4765,.F.);
#6435=ORIENTED_EDGE('',*,*,#4744,.F.);
#6436=ORIENTED_EDGE('',*,*,#4748,.F.);
#6437=ORIENTED_EDGE('',*,*,#4751,.F.);
#6438=ORIENTED_EDGE('',*,*,#4754,.F.);
#6439=ORIENTED_EDGE('',*,*,#4757,.F.);
#6440=ORIENTED_EDGE('',*,*,#4760,.F.);
#6441=ORIENTED_EDGE('',*,*,#4763,.F.);
#6442=ORIENTED_EDGE('',*,*,#4796,.F.);
#6443=ORIENTED_EDGE('',*,*,#4797,.T.);
#6444=ORIENTED_EDGE('',*,*,#4798,.T.);
#6445=ORIENTED_EDGE('',*,*,#4799,.F.);
#6446=ORIENTED_EDGE('',*,*,#4800,.F.);
#6447=ORIENTED_EDGE('',*,*,#4801,.T.);
#6448=ORIENTED_EDGE('',*,*,#4802,.T.);
#6449=ORIENTED_EDGE('',*,*,#4797,.F.);
#6450=ORIENTED_EDGE('',*,*,#4803,.F.);
#6451=ORIENTED_EDGE('',*,*,#4804,.T.);
#6452=ORIENTED_EDGE('',*,*,#4805,.T.);
#6453=ORIENTED_EDGE('',*,*,#4801,.F.);
#6454=ORIENTED_EDGE('',*,*,#4806,.F.);
#6455=ORIENTED_EDGE('',*,*,#4807,.T.);
#6456=ORIENTED_EDGE('',*,*,#4808,.T.);
#6457=ORIENTED_EDGE('',*,*,#4804,.F.);
#6458=ORIENTED_EDGE('',*,*,#4809,.F.);
#6459=ORIENTED_EDGE('',*,*,#4810,.T.);
#6460=ORIENTED_EDGE('',*,*,#4811,.T.);
#6461=ORIENTED_EDGE('',*,*,#4807,.F.);
#6462=ORIENTED_EDGE('',*,*,#4812,.F.);
#6463=ORIENTED_EDGE('',*,*,#4813,.T.);
#6464=ORIENTED_EDGE('',*,*,#4814,.T.);
#6465=ORIENTED_EDGE('',*,*,#4810,.F.);
#6466=ORIENTED_EDGE('',*,*,#4815,.F.);
#6467=ORIENTED_EDGE('',*,*,#4816,.T.);
#6468=ORIENTED_EDGE('',*,*,#4817,.T.);
#6469=ORIENTED_EDGE('',*,*,#4813,.F.);
#6470=ORIENTED_EDGE('',*,*,#4818,.F.);
#6471=ORIENTED_EDGE('',*,*,#4819,.T.);
#6472=ORIENTED_EDGE('',*,*,#4820,.T.);
#6473=ORIENTED_EDGE('',*,*,#4816,.F.);
#6474=ORIENTED_EDGE('',*,*,#4821,.F.);
#6475=ORIENTED_EDGE('',*,*,#4822,.T.);
#6476=ORIENTED_EDGE('',*,*,#4823,.T.);
#6477=ORIENTED_EDGE('',*,*,#4819,.F.);
#6478=ORIENTED_EDGE('',*,*,#4824,.F.);
#6479=ORIENTED_EDGE('',*,*,#4825,.T.);
#6480=ORIENTED_EDGE('',*,*,#4826,.T.);
#6481=ORIENTED_EDGE('',*,*,#4822,.F.);
#6482=ORIENTED_EDGE('',*,*,#4827,.F.);
#6483=ORIENTED_EDGE('',*,*,#4799,.T.);
#6484=ORIENTED_EDGE('',*,*,#4828,.T.);
#6485=ORIENTED_EDGE('',*,*,#4825,.F.);
#6486=ORIENTED_EDGE('',*,*,#4828,.F.);
#6487=ORIENTED_EDGE('',*,*,#4798,.F.);
#6488=ORIENTED_EDGE('',*,*,#4802,.F.);
#6489=ORIENTED_EDGE('',*,*,#4805,.F.);
#6490=ORIENTED_EDGE('',*,*,#4808,.F.);
#6491=ORIENTED_EDGE('',*,*,#4811,.F.);
#6492=ORIENTED_EDGE('',*,*,#4814,.F.);
#6493=ORIENTED_EDGE('',*,*,#4817,.F.);
#6494=ORIENTED_EDGE('',*,*,#4820,.F.);
#6495=ORIENTED_EDGE('',*,*,#4823,.F.);
#6496=ORIENTED_EDGE('',*,*,#4826,.F.);
#6497=ORIENTED_EDGE('',*,*,#4829,.F.);
#6498=ORIENTED_EDGE('',*,*,#4830,.T.);
#6499=ORIENTED_EDGE('',*,*,#4831,.T.);
#6500=ORIENTED_EDGE('',*,*,#4832,.F.);
#6501=ORIENTED_EDGE('',*,*,#4833,.F.);
#6502=ORIENTED_EDGE('',*,*,#4834,.T.);
#6503=ORIENTED_EDGE('',*,*,#4835,.T.);
#6504=ORIENTED_EDGE('',*,*,#4830,.F.);
#6505=ORIENTED_EDGE('',*,*,#4836,.F.);
#6506=ORIENTED_EDGE('',*,*,#4837,.T.);
#6507=ORIENTED_EDGE('',*,*,#4838,.T.);
#6508=ORIENTED_EDGE('',*,*,#4834,.F.);
#6509=ORIENTED_EDGE('',*,*,#4839,.F.);
#6510=ORIENTED_EDGE('',*,*,#4840,.T.);
#6511=ORIENTED_EDGE('',*,*,#4841,.T.);
#6512=ORIENTED_EDGE('',*,*,#4837,.F.);
#6513=ORIENTED_EDGE('',*,*,#4842,.F.);
#6514=ORIENTED_EDGE('',*,*,#4843,.T.);
#6515=ORIENTED_EDGE('',*,*,#4844,.T.);
#6516=ORIENTED_EDGE('',*,*,#4840,.F.);
#6517=ORIENTED_EDGE('',*,*,#4845,.F.);
#6518=ORIENTED_EDGE('',*,*,#4846,.T.);
#6519=ORIENTED_EDGE('',*,*,#4847,.T.);
#6520=ORIENTED_EDGE('',*,*,#4843,.F.);
#6521=ORIENTED_EDGE('',*,*,#4848,.F.);
#6522=ORIENTED_EDGE('',*,*,#4849,.T.);
#6523=ORIENTED_EDGE('',*,*,#4850,.T.);
#6524=ORIENTED_EDGE('',*,*,#4846,.F.);
#6525=ORIENTED_EDGE('',*,*,#4851,.F.);
#6526=ORIENTED_EDGE('',*,*,#4852,.T.);
#6527=ORIENTED_EDGE('',*,*,#4853,.T.);
#6528=ORIENTED_EDGE('',*,*,#4849,.F.);
#6529=ORIENTED_EDGE('',*,*,#4854,.F.);
#6530=ORIENTED_EDGE('',*,*,#4855,.T.);
#6531=ORIENTED_EDGE('',*,*,#4856,.T.);
#6532=ORIENTED_EDGE('',*,*,#4852,.F.);
#6533=ORIENTED_EDGE('',*,*,#4857,.F.);
#6534=ORIENTED_EDGE('',*,*,#4858,.T.);
#6535=ORIENTED_EDGE('',*,*,#4859,.T.);
#6536=ORIENTED_EDGE('',*,*,#4855,.F.);
#6537=ORIENTED_EDGE('',*,*,#4860,.F.);
#6538=ORIENTED_EDGE('',*,*,#4861,.T.);
#6539=ORIENTED_EDGE('',*,*,#4862,.T.);
#6540=ORIENTED_EDGE('',*,*,#4858,.F.);
#6541=ORIENTED_EDGE('',*,*,#4863,.F.);
#6542=ORIENTED_EDGE('',*,*,#4864,.T.);
#6543=ORIENTED_EDGE('',*,*,#4865,.T.);
#6544=ORIENTED_EDGE('',*,*,#4861,.F.);
#6545=ORIENTED_EDGE('',*,*,#4866,.F.);
#6546=ORIENTED_EDGE('',*,*,#4867,.T.);
#6547=ORIENTED_EDGE('',*,*,#4868,.T.);
#6548=ORIENTED_EDGE('',*,*,#4864,.F.);
#6549=ORIENTED_EDGE('',*,*,#4869,.F.);
#6550=ORIENTED_EDGE('',*,*,#4870,.T.);
#6551=ORIENTED_EDGE('',*,*,#4871,.T.);
#6552=ORIENTED_EDGE('',*,*,#4867,.F.);
#6553=ORIENTED_EDGE('',*,*,#4872,.F.);
#6554=ORIENTED_EDGE('',*,*,#4873,.T.);
#6555=ORIENTED_EDGE('',*,*,#4874,.T.);
#6556=ORIENTED_EDGE('',*,*,#4870,.F.);
#6557=ORIENTED_EDGE('',*,*,#4875,.F.);
#6558=ORIENTED_EDGE('',*,*,#4876,.T.);
#6559=ORIENTED_EDGE('',*,*,#4877,.T.);
#6560=ORIENTED_EDGE('',*,*,#4873,.F.);
#6561=ORIENTED_EDGE('',*,*,#4878,.F.);
#6562=ORIENTED_EDGE('',*,*,#4879,.T.);
#6563=ORIENTED_EDGE('',*,*,#4880,.T.);
#6564=ORIENTED_EDGE('',*,*,#4876,.F.);
#6565=ORIENTED_EDGE('',*,*,#4881,.F.);
#6566=ORIENTED_EDGE('',*,*,#4882,.T.);
#6567=ORIENTED_EDGE('',*,*,#4883,.T.);
#6568=ORIENTED_EDGE('',*,*,#4879,.F.);
#6569=ORIENTED_EDGE('',*,*,#4884,.F.);
#6570=ORIENTED_EDGE('',*,*,#4885,.T.);
#6571=ORIENTED_EDGE('',*,*,#4886,.T.);
#6572=ORIENTED_EDGE('',*,*,#4882,.F.);
#6573=ORIENTED_EDGE('',*,*,#4887,.F.);
#6574=ORIENTED_EDGE('',*,*,#4832,.T.);
#6575=ORIENTED_EDGE('',*,*,#4888,.T.);
#6576=ORIENTED_EDGE('',*,*,#4885,.F.);
#6577=ORIENTED_EDGE('',*,*,#4888,.F.);
#6578=ORIENTED_EDGE('',*,*,#4831,.F.);
#6579=ORIENTED_EDGE('',*,*,#4835,.F.);
#6580=ORIENTED_EDGE('',*,*,#4838,.F.);
#6581=ORIENTED_EDGE('',*,*,#4841,.F.);
#6582=ORIENTED_EDGE('',*,*,#4844,.F.);
#6583=ORIENTED_EDGE('',*,*,#4847,.F.);
#6584=ORIENTED_EDGE('',*,*,#4850,.F.);
#6585=ORIENTED_EDGE('',*,*,#4853,.F.);
#6586=ORIENTED_EDGE('',*,*,#4856,.F.);
#6587=ORIENTED_EDGE('',*,*,#4859,.F.);
#6588=ORIENTED_EDGE('',*,*,#4862,.F.);
#6589=ORIENTED_EDGE('',*,*,#4865,.F.);
#6590=ORIENTED_EDGE('',*,*,#4868,.F.);
#6591=ORIENTED_EDGE('',*,*,#4871,.F.);
#6592=ORIENTED_EDGE('',*,*,#4874,.F.);
#6593=ORIENTED_EDGE('',*,*,#4877,.F.);
#6594=ORIENTED_EDGE('',*,*,#4880,.F.);
#6595=ORIENTED_EDGE('',*,*,#4883,.F.);
#6596=ORIENTED_EDGE('',*,*,#4886,.F.);
#6597=ORIENTED_EDGE('',*,*,#4889,.F.);
#6598=ORIENTED_EDGE('',*,*,#4890,.T.);
#6599=ORIENTED_EDGE('',*,*,#4891,.T.);
#6600=ORIENTED_EDGE('',*,*,#4892,.F.);
#6601=ORIENTED_EDGE('',*,*,#4893,.F.);
#6602=ORIENTED_EDGE('',*,*,#4894,.T.);
#6603=ORIENTED_EDGE('',*,*,#4895,.T.);
#6604=ORIENTED_EDGE('',*,*,#4890,.F.);
#6605=ORIENTED_EDGE('',*,*,#4896,.F.);
#6606=ORIENTED_EDGE('',*,*,#4897,.T.);
#6607=ORIENTED_EDGE('',*,*,#4898,.T.);
#6608=ORIENTED_EDGE('',*,*,#4894,.F.);
#6609=ORIENTED_EDGE('',*,*,#4899,.F.);
#6610=ORIENTED_EDGE('',*,*,#4900,.T.);
#6611=ORIENTED_EDGE('',*,*,#4901,.T.);
#6612=ORIENTED_EDGE('',*,*,#4897,.F.);
#6613=ORIENTED_EDGE('',*,*,#4902,.F.);
#6614=ORIENTED_EDGE('',*,*,#4903,.T.);
#6615=ORIENTED_EDGE('',*,*,#4904,.T.);
#6616=ORIENTED_EDGE('',*,*,#4900,.F.);
#6617=ORIENTED_EDGE('',*,*,#4905,.F.);
#6618=ORIENTED_EDGE('',*,*,#4906,.T.);
#6619=ORIENTED_EDGE('',*,*,#4907,.T.);
#6620=ORIENTED_EDGE('',*,*,#4903,.F.);
#6621=ORIENTED_EDGE('',*,*,#4908,.F.);
#6622=ORIENTED_EDGE('',*,*,#4909,.T.);
#6623=ORIENTED_EDGE('',*,*,#4910,.T.);
#6624=ORIENTED_EDGE('',*,*,#4906,.F.);
#6625=ORIENTED_EDGE('',*,*,#4911,.F.);
#6626=ORIENTED_EDGE('',*,*,#4892,.T.);
#6627=ORIENTED_EDGE('',*,*,#4912,.T.);
#6628=ORIENTED_EDGE('',*,*,#4909,.F.);
#6629=ORIENTED_EDGE('',*,*,#4912,.F.);
#6630=ORIENTED_EDGE('',*,*,#4891,.F.);
#6631=ORIENTED_EDGE('',*,*,#4895,.F.);
#6632=ORIENTED_EDGE('',*,*,#4898,.F.);
#6633=ORIENTED_EDGE('',*,*,#4901,.F.);
#6634=ORIENTED_EDGE('',*,*,#4904,.F.);
#6635=ORIENTED_EDGE('',*,*,#4907,.F.);
#6636=ORIENTED_EDGE('',*,*,#4910,.F.);
#6637=ORIENTED_EDGE('',*,*,#4913,.F.);
#6638=ORIENTED_EDGE('',*,*,#4914,.T.);
#6639=ORIENTED_EDGE('',*,*,#4915,.T.);
#6640=ORIENTED_EDGE('',*,*,#4916,.F.);
#6641=ORIENTED_EDGE('',*,*,#4917,.F.);
#6642=ORIENTED_EDGE('',*,*,#4918,.T.);
#6643=ORIENTED_EDGE('',*,*,#4919,.T.);
#6644=ORIENTED_EDGE('',*,*,#4914,.F.);
#6645=ORIENTED_EDGE('',*,*,#4920,.F.);
#6646=ORIENTED_EDGE('',*,*,#4921,.T.);
#6647=ORIENTED_EDGE('',*,*,#4922,.T.);
#6648=ORIENTED_EDGE('',*,*,#4918,.F.);
#6649=ORIENTED_EDGE('',*,*,#4923,.F.);
#6650=ORIENTED_EDGE('',*,*,#4924,.T.);
#6651=ORIENTED_EDGE('',*,*,#4925,.T.);
#6652=ORIENTED_EDGE('',*,*,#4921,.F.);
#6653=ORIENTED_EDGE('',*,*,#4926,.F.);
#6654=ORIENTED_EDGE('',*,*,#4927,.T.);
#6655=ORIENTED_EDGE('',*,*,#4928,.T.);
#6656=ORIENTED_EDGE('',*,*,#4924,.F.);
#6657=ORIENTED_EDGE('',*,*,#4929,.F.);
#6658=ORIENTED_EDGE('',*,*,#4930,.T.);
#6659=ORIENTED_EDGE('',*,*,#4931,.T.);
#6660=ORIENTED_EDGE('',*,*,#4927,.F.);
#6661=ORIENTED_EDGE('',*,*,#4932,.F.);
#6662=ORIENTED_EDGE('',*,*,#4916,.T.);
#6663=ORIENTED_EDGE('',*,*,#4933,.T.);
#6664=ORIENTED_EDGE('',*,*,#4930,.F.);
#6665=ORIENTED_EDGE('',*,*,#4934,.F.);
#6666=ORIENTED_EDGE('',*,*,#4935,.T.);
#6667=ORIENTED_EDGE('',*,*,#4936,.T.);
#6668=ORIENTED_EDGE('',*,*,#4937,.F.);
#6669=ORIENTED_EDGE('',*,*,#4938,.F.);
#6670=ORIENTED_EDGE('',*,*,#4939,.T.);
#6671=ORIENTED_EDGE('',*,*,#4940,.T.);
#6672=ORIENTED_EDGE('',*,*,#4935,.F.);
#6673=ORIENTED_EDGE('',*,*,#4941,.F.);
#6674=ORIENTED_EDGE('',*,*,#4942,.T.);
#6675=ORIENTED_EDGE('',*,*,#4943,.T.);
#6676=ORIENTED_EDGE('',*,*,#4939,.F.);
#6677=ORIENTED_EDGE('',*,*,#4944,.F.);
#6678=ORIENTED_EDGE('',*,*,#4945,.T.);
#6679=ORIENTED_EDGE('',*,*,#4946,.T.);
#6680=ORIENTED_EDGE('',*,*,#4942,.F.);
#6681=ORIENTED_EDGE('',*,*,#4947,.F.);
#6682=ORIENTED_EDGE('',*,*,#4948,.T.);
#6683=ORIENTED_EDGE('',*,*,#4949,.T.);
#6684=ORIENTED_EDGE('',*,*,#4945,.F.);
#6685=ORIENTED_EDGE('',*,*,#4950,.F.);
#6686=ORIENTED_EDGE('',*,*,#4951,.T.);
#6687=ORIENTED_EDGE('',*,*,#4952,.T.);
#6688=ORIENTED_EDGE('',*,*,#4948,.F.);
#6689=ORIENTED_EDGE('',*,*,#4953,.F.);
#6690=ORIENTED_EDGE('',*,*,#4954,.T.);
#6691=ORIENTED_EDGE('',*,*,#4955,.T.);
#6692=ORIENTED_EDGE('',*,*,#4951,.F.);
#6693=ORIENTED_EDGE('',*,*,#4956,.F.);
#6694=ORIENTED_EDGE('',*,*,#4957,.T.);
#6695=ORIENTED_EDGE('',*,*,#4958,.T.);
#6696=ORIENTED_EDGE('',*,*,#4954,.F.);
#6697=ORIENTED_EDGE('',*,*,#4959,.F.);
#6698=ORIENTED_EDGE('',*,*,#4960,.T.);
#6699=ORIENTED_EDGE('',*,*,#4961,.T.);
#6700=ORIENTED_EDGE('',*,*,#4957,.F.);
#6701=ORIENTED_EDGE('',*,*,#4962,.F.);
#6702=ORIENTED_EDGE('',*,*,#4963,.T.);
#6703=ORIENTED_EDGE('',*,*,#4964,.T.);
#6704=ORIENTED_EDGE('',*,*,#4960,.F.);
#6705=ORIENTED_EDGE('',*,*,#4965,.F.);
#6706=ORIENTED_EDGE('',*,*,#4966,.T.);
#6707=ORIENTED_EDGE('',*,*,#4967,.T.);
#6708=ORIENTED_EDGE('',*,*,#4963,.F.);
#6709=ORIENTED_EDGE('',*,*,#4968,.F.);
#6710=ORIENTED_EDGE('',*,*,#4969,.T.);
#6711=ORIENTED_EDGE('',*,*,#4970,.T.);
#6712=ORIENTED_EDGE('',*,*,#4966,.F.);
#6713=ORIENTED_EDGE('',*,*,#4971,.F.);
#6714=ORIENTED_EDGE('',*,*,#4972,.T.);
#6715=ORIENTED_EDGE('',*,*,#4973,.T.);
#6716=ORIENTED_EDGE('',*,*,#4969,.F.);
#6717=ORIENTED_EDGE('',*,*,#4974,.F.);
#6718=ORIENTED_EDGE('',*,*,#4975,.T.);
#6719=ORIENTED_EDGE('',*,*,#4976,.T.);
#6720=ORIENTED_EDGE('',*,*,#4972,.F.);
#6721=ORIENTED_EDGE('',*,*,#4977,.F.);
#6722=ORIENTED_EDGE('',*,*,#4978,.T.);
#6723=ORIENTED_EDGE('',*,*,#4979,.T.);
#6724=ORIENTED_EDGE('',*,*,#4975,.F.);
#6725=ORIENTED_EDGE('',*,*,#4980,.F.);
#6726=ORIENTED_EDGE('',*,*,#4981,.T.);
#6727=ORIENTED_EDGE('',*,*,#4982,.T.);
#6728=ORIENTED_EDGE('',*,*,#4978,.F.);
#6729=ORIENTED_EDGE('',*,*,#4983,.F.);
#6730=ORIENTED_EDGE('',*,*,#4984,.T.);
#6731=ORIENTED_EDGE('',*,*,#4985,.T.);
#6732=ORIENTED_EDGE('',*,*,#4981,.F.);
#6733=ORIENTED_EDGE('',*,*,#4986,.F.);
#6734=ORIENTED_EDGE('',*,*,#4987,.T.);
#6735=ORIENTED_EDGE('',*,*,#4988,.T.);
#6736=ORIENTED_EDGE('',*,*,#4984,.F.);
#6737=ORIENTED_EDGE('',*,*,#4989,.F.);
#6738=ORIENTED_EDGE('',*,*,#4990,.T.);
#6739=ORIENTED_EDGE('',*,*,#4991,.T.);
#6740=ORIENTED_EDGE('',*,*,#4987,.F.);
#6741=ORIENTED_EDGE('',*,*,#4992,.F.);
#6742=ORIENTED_EDGE('',*,*,#4993,.T.);
#6743=ORIENTED_EDGE('',*,*,#4994,.T.);
#6744=ORIENTED_EDGE('',*,*,#4990,.F.);
#6745=ORIENTED_EDGE('',*,*,#4995,.F.);
#6746=ORIENTED_EDGE('',*,*,#4996,.T.);
#6747=ORIENTED_EDGE('',*,*,#4997,.T.);
#6748=ORIENTED_EDGE('',*,*,#4993,.F.);
#6749=ORIENTED_EDGE('',*,*,#4998,.F.);
#6750=ORIENTED_EDGE('',*,*,#4999,.T.);
#6751=ORIENTED_EDGE('',*,*,#5000,.T.);
#6752=ORIENTED_EDGE('',*,*,#4996,.F.);
#6753=ORIENTED_EDGE('',*,*,#5001,.F.);
#6754=ORIENTED_EDGE('',*,*,#4937,.T.);
#6755=ORIENTED_EDGE('',*,*,#5002,.T.);
#6756=ORIENTED_EDGE('',*,*,#4999,.F.);
#6757=ORIENTED_EDGE('',*,*,#5002,.F.);
#6758=ORIENTED_EDGE('',*,*,#4936,.F.);
#6759=ORIENTED_EDGE('',*,*,#4940,.F.);
#6760=ORIENTED_EDGE('',*,*,#4943,.F.);
#6761=ORIENTED_EDGE('',*,*,#4946,.F.);
#6762=ORIENTED_EDGE('',*,*,#4949,.F.);
#6763=ORIENTED_EDGE('',*,*,#4952,.F.);
#6764=ORIENTED_EDGE('',*,*,#4955,.F.);
#6765=ORIENTED_EDGE('',*,*,#4958,.F.);
#6766=ORIENTED_EDGE('',*,*,#4961,.F.);
#6767=ORIENTED_EDGE('',*,*,#4964,.F.);
#6768=ORIENTED_EDGE('',*,*,#4967,.F.);
#6769=ORIENTED_EDGE('',*,*,#4970,.F.);
#6770=ORIENTED_EDGE('',*,*,#4973,.F.);
#6771=ORIENTED_EDGE('',*,*,#4976,.F.);
#6772=ORIENTED_EDGE('',*,*,#4979,.F.);
#6773=ORIENTED_EDGE('',*,*,#4982,.F.);
#6774=ORIENTED_EDGE('',*,*,#4985,.F.);
#6775=ORIENTED_EDGE('',*,*,#4988,.F.);
#6776=ORIENTED_EDGE('',*,*,#4991,.F.);
#6777=ORIENTED_EDGE('',*,*,#4994,.F.);
#6778=ORIENTED_EDGE('',*,*,#4997,.F.);
#6779=ORIENTED_EDGE('',*,*,#5000,.F.);
#6780=ORIENTED_EDGE('',*,*,#4933,.F.);
#6781=ORIENTED_EDGE('',*,*,#4915,.F.);
#6782=ORIENTED_EDGE('',*,*,#4919,.F.);
#6783=ORIENTED_EDGE('',*,*,#4922,.F.);
#6784=ORIENTED_EDGE('',*,*,#4925,.F.);
#6785=ORIENTED_EDGE('',*,*,#4928,.F.);
#6786=ORIENTED_EDGE('',*,*,#4931,.F.);
#6787=ORIENTED_EDGE('',*,*,#5003,.F.);
#6788=ORIENTED_EDGE('',*,*,#5004,.T.);
#6789=ORIENTED_EDGE('',*,*,#5005,.T.);
#6790=ORIENTED_EDGE('',*,*,#5006,.F.);
#6791=ORIENTED_EDGE('',*,*,#5007,.F.);
#6792=ORIENTED_EDGE('',*,*,#5008,.T.);
#6793=ORIENTED_EDGE('',*,*,#5009,.T.);
#6794=ORIENTED_EDGE('',*,*,#5004,.F.);
#6795=ORIENTED_EDGE('',*,*,#5010,.F.);
#6796=ORIENTED_EDGE('',*,*,#5011,.T.);
#6797=ORIENTED_EDGE('',*,*,#5012,.T.);
#6798=ORIENTED_EDGE('',*,*,#5008,.F.);
#6799=ORIENTED_EDGE('',*,*,#5013,.F.);
#6800=ORIENTED_EDGE('',*,*,#5014,.T.);
#6801=ORIENTED_EDGE('',*,*,#5015,.T.);
#6802=ORIENTED_EDGE('',*,*,#5011,.F.);
#6803=ORIENTED_EDGE('',*,*,#5016,.F.);
#6804=ORIENTED_EDGE('',*,*,#5017,.T.);
#6805=ORIENTED_EDGE('',*,*,#5018,.T.);
#6806=ORIENTED_EDGE('',*,*,#5014,.F.);
#6807=ORIENTED_EDGE('',*,*,#5019,.F.);
#6808=ORIENTED_EDGE('',*,*,#5020,.T.);
#6809=ORIENTED_EDGE('',*,*,#5021,.T.);
#6810=ORIENTED_EDGE('',*,*,#5017,.F.);
#6811=ORIENTED_EDGE('',*,*,#5022,.F.);
#6812=ORIENTED_EDGE('',*,*,#5006,.T.);
#6813=ORIENTED_EDGE('',*,*,#5023,.T.);
#6814=ORIENTED_EDGE('',*,*,#5020,.F.);
#6815=ORIENTED_EDGE('',*,*,#5024,.F.);
#6816=ORIENTED_EDGE('',*,*,#5025,.T.);
#6817=ORIENTED_EDGE('',*,*,#5026,.T.);
#6818=ORIENTED_EDGE('',*,*,#5027,.F.);
#6819=ORIENTED_EDGE('',*,*,#5028,.F.);
#6820=ORIENTED_EDGE('',*,*,#5029,.T.);
#6821=ORIENTED_EDGE('',*,*,#5030,.T.);
#6822=ORIENTED_EDGE('',*,*,#5025,.F.);
#6823=ORIENTED_EDGE('',*,*,#5031,.F.);
#6824=ORIENTED_EDGE('',*,*,#5032,.T.);
#6825=ORIENTED_EDGE('',*,*,#5033,.T.);
#6826=ORIENTED_EDGE('',*,*,#5029,.F.);
#6827=ORIENTED_EDGE('',*,*,#5034,.F.);
#6828=ORIENTED_EDGE('',*,*,#5035,.T.);
#6829=ORIENTED_EDGE('',*,*,#5036,.T.);
#6830=ORIENTED_EDGE('',*,*,#5032,.F.);
#6831=ORIENTED_EDGE('',*,*,#5037,.F.);
#6832=ORIENTED_EDGE('',*,*,#5038,.T.);
#6833=ORIENTED_EDGE('',*,*,#5039,.T.);
#6834=ORIENTED_EDGE('',*,*,#5035,.F.);
#6835=ORIENTED_EDGE('',*,*,#5040,.F.);
#6836=ORIENTED_EDGE('',*,*,#5041,.T.);
#6837=ORIENTED_EDGE('',*,*,#5042,.T.);
#6838=ORIENTED_EDGE('',*,*,#5038,.F.);
#6839=ORIENTED_EDGE('',*,*,#5043,.F.);
#6840=ORIENTED_EDGE('',*,*,#5044,.T.);
#6841=ORIENTED_EDGE('',*,*,#5045,.T.);
#6842=ORIENTED_EDGE('',*,*,#5041,.F.);
#6843=ORIENTED_EDGE('',*,*,#5046,.F.);
#6844=ORIENTED_EDGE('',*,*,#5047,.T.);
#6845=ORIENTED_EDGE('',*,*,#5048,.T.);
#6846=ORIENTED_EDGE('',*,*,#5044,.F.);
#6847=ORIENTED_EDGE('',*,*,#5049,.F.);
#6848=ORIENTED_EDGE('',*,*,#5050,.T.);
#6849=ORIENTED_EDGE('',*,*,#5051,.T.);
#6850=ORIENTED_EDGE('',*,*,#5047,.F.);
#6851=ORIENTED_EDGE('',*,*,#5052,.F.);
#6852=ORIENTED_EDGE('',*,*,#5053,.T.);
#6853=ORIENTED_EDGE('',*,*,#5054,.T.);
#6854=ORIENTED_EDGE('',*,*,#5050,.F.);
#6855=ORIENTED_EDGE('',*,*,#5055,.F.);
#6856=ORIENTED_EDGE('',*,*,#5056,.T.);
#6857=ORIENTED_EDGE('',*,*,#5057,.T.);
#6858=ORIENTED_EDGE('',*,*,#5053,.F.);
#6859=ORIENTED_EDGE('',*,*,#5058,.F.);
#6860=ORIENTED_EDGE('',*,*,#5059,.T.);
#6861=ORIENTED_EDGE('',*,*,#5060,.T.);
#6862=ORIENTED_EDGE('',*,*,#5056,.F.);
#6863=ORIENTED_EDGE('',*,*,#5061,.F.);
#6864=ORIENTED_EDGE('',*,*,#5062,.T.);
#6865=ORIENTED_EDGE('',*,*,#5063,.T.);
#6866=ORIENTED_EDGE('',*,*,#5059,.F.);
#6867=ORIENTED_EDGE('',*,*,#5064,.F.);
#6868=ORIENTED_EDGE('',*,*,#5065,.T.);
#6869=ORIENTED_EDGE('',*,*,#5066,.T.);
#6870=ORIENTED_EDGE('',*,*,#5062,.F.);
#6871=ORIENTED_EDGE('',*,*,#5067,.F.);
#6872=ORIENTED_EDGE('',*,*,#5068,.T.);
#6873=ORIENTED_EDGE('',*,*,#5069,.T.);
#6874=ORIENTED_EDGE('',*,*,#5065,.F.);
#6875=ORIENTED_EDGE('',*,*,#5070,.F.);
#6876=ORIENTED_EDGE('',*,*,#5071,.T.);
#6877=ORIENTED_EDGE('',*,*,#5072,.T.);
#6878=ORIENTED_EDGE('',*,*,#5068,.F.);
#6879=ORIENTED_EDGE('',*,*,#5073,.F.);
#6880=ORIENTED_EDGE('',*,*,#5074,.T.);
#6881=ORIENTED_EDGE('',*,*,#5075,.T.);
#6882=ORIENTED_EDGE('',*,*,#5071,.F.);
#6883=ORIENTED_EDGE('',*,*,#5076,.F.);
#6884=ORIENTED_EDGE('',*,*,#5077,.T.);
#6885=ORIENTED_EDGE('',*,*,#5078,.T.);
#6886=ORIENTED_EDGE('',*,*,#5074,.F.);
#6887=ORIENTED_EDGE('',*,*,#5079,.F.);
#6888=ORIENTED_EDGE('',*,*,#5080,.T.);
#6889=ORIENTED_EDGE('',*,*,#5081,.T.);
#6890=ORIENTED_EDGE('',*,*,#5077,.F.);
#6891=ORIENTED_EDGE('',*,*,#5082,.F.);
#6892=ORIENTED_EDGE('',*,*,#5083,.T.);
#6893=ORIENTED_EDGE('',*,*,#5084,.T.);
#6894=ORIENTED_EDGE('',*,*,#5080,.F.);
#6895=ORIENTED_EDGE('',*,*,#5085,.F.);
#6896=ORIENTED_EDGE('',*,*,#5086,.T.);
#6897=ORIENTED_EDGE('',*,*,#5087,.T.);
#6898=ORIENTED_EDGE('',*,*,#5083,.F.);
#6899=ORIENTED_EDGE('',*,*,#5088,.F.);
#6900=ORIENTED_EDGE('',*,*,#5089,.T.);
#6901=ORIENTED_EDGE('',*,*,#5090,.T.);
#6902=ORIENTED_EDGE('',*,*,#5086,.F.);
#6903=ORIENTED_EDGE('',*,*,#5091,.F.);
#6904=ORIENTED_EDGE('',*,*,#5092,.T.);
#6905=ORIENTED_EDGE('',*,*,#5093,.T.);
#6906=ORIENTED_EDGE('',*,*,#5089,.F.);
#6907=ORIENTED_EDGE('',*,*,#5094,.F.);
#6908=ORIENTED_EDGE('',*,*,#5095,.T.);
#6909=ORIENTED_EDGE('',*,*,#5096,.T.);
#6910=ORIENTED_EDGE('',*,*,#5092,.F.);
#6911=ORIENTED_EDGE('',*,*,#5097,.F.);
#6912=ORIENTED_EDGE('',*,*,#5098,.T.);
#6913=ORIENTED_EDGE('',*,*,#5099,.T.);
#6914=ORIENTED_EDGE('',*,*,#5095,.F.);
#6915=ORIENTED_EDGE('',*,*,#5100,.F.);
#6916=ORIENTED_EDGE('',*,*,#5101,.T.);
#6917=ORIENTED_EDGE('',*,*,#5102,.T.);
#6918=ORIENTED_EDGE('',*,*,#5098,.F.);
#6919=ORIENTED_EDGE('',*,*,#5103,.F.);
#6920=ORIENTED_EDGE('',*,*,#5104,.T.);
#6921=ORIENTED_EDGE('',*,*,#5105,.T.);
#6922=ORIENTED_EDGE('',*,*,#5101,.F.);
#6923=ORIENTED_EDGE('',*,*,#5106,.F.);
#6924=ORIENTED_EDGE('',*,*,#5107,.T.);
#6925=ORIENTED_EDGE('',*,*,#5108,.T.);
#6926=ORIENTED_EDGE('',*,*,#5104,.F.);
#6927=ORIENTED_EDGE('',*,*,#5109,.F.);
#6928=ORIENTED_EDGE('',*,*,#5110,.T.);
#6929=ORIENTED_EDGE('',*,*,#5111,.T.);
#6930=ORIENTED_EDGE('',*,*,#5107,.F.);
#6931=ORIENTED_EDGE('',*,*,#5112,.F.);
#6932=ORIENTED_EDGE('',*,*,#5113,.T.);
#6933=ORIENTED_EDGE('',*,*,#5114,.T.);
#6934=ORIENTED_EDGE('',*,*,#5110,.F.);
#6935=ORIENTED_EDGE('',*,*,#5115,.F.);
#6936=ORIENTED_EDGE('',*,*,#5116,.T.);
#6937=ORIENTED_EDGE('',*,*,#5117,.T.);
#6938=ORIENTED_EDGE('',*,*,#5113,.F.);
#6939=ORIENTED_EDGE('',*,*,#5118,.F.);
#6940=ORIENTED_EDGE('',*,*,#5119,.T.);
#6941=ORIENTED_EDGE('',*,*,#5120,.T.);
#6942=ORIENTED_EDGE('',*,*,#5116,.F.);
#6943=ORIENTED_EDGE('',*,*,#5121,.F.);
#6944=ORIENTED_EDGE('',*,*,#5122,.T.);
#6945=ORIENTED_EDGE('',*,*,#5123,.T.);
#6946=ORIENTED_EDGE('',*,*,#5119,.F.);
#6947=ORIENTED_EDGE('',*,*,#5124,.F.);
#6948=ORIENTED_EDGE('',*,*,#5125,.T.);
#6949=ORIENTED_EDGE('',*,*,#5126,.T.);
#6950=ORIENTED_EDGE('',*,*,#5122,.F.);
#6951=ORIENTED_EDGE('',*,*,#5127,.F.);
#6952=ORIENTED_EDGE('',*,*,#5128,.T.);
#6953=ORIENTED_EDGE('',*,*,#5129,.T.);
#6954=ORIENTED_EDGE('',*,*,#5125,.F.);
#6955=ORIENTED_EDGE('',*,*,#5130,.F.);
#6956=ORIENTED_EDGE('',*,*,#5131,.T.);
#6957=ORIENTED_EDGE('',*,*,#5132,.T.);
#6958=ORIENTED_EDGE('',*,*,#5128,.F.);
#6959=ORIENTED_EDGE('',*,*,#5133,.F.);
#6960=ORIENTED_EDGE('',*,*,#5134,.T.);
#6961=ORIENTED_EDGE('',*,*,#5135,.T.);
#6962=ORIENTED_EDGE('',*,*,#5131,.F.);
#6963=ORIENTED_EDGE('',*,*,#5136,.F.);
#6964=ORIENTED_EDGE('',*,*,#5137,.T.);
#6965=ORIENTED_EDGE('',*,*,#5138,.T.);
#6966=ORIENTED_EDGE('',*,*,#5134,.F.);
#6967=ORIENTED_EDGE('',*,*,#5139,.F.);
#6968=ORIENTED_EDGE('',*,*,#5140,.T.);
#6969=ORIENTED_EDGE('',*,*,#5141,.T.);
#6970=ORIENTED_EDGE('',*,*,#5137,.F.);
#6971=ORIENTED_EDGE('',*,*,#5142,.F.);
#6972=ORIENTED_EDGE('',*,*,#5143,.T.);
#6973=ORIENTED_EDGE('',*,*,#5144,.T.);
#6974=ORIENTED_EDGE('',*,*,#5140,.F.);
#6975=ORIENTED_EDGE('',*,*,#5145,.F.);
#6976=ORIENTED_EDGE('',*,*,#5146,.T.);
#6977=ORIENTED_EDGE('',*,*,#5147,.T.);
#6978=ORIENTED_EDGE('',*,*,#5143,.F.);
#6979=ORIENTED_EDGE('',*,*,#5148,.F.);
#6980=ORIENTED_EDGE('',*,*,#5027,.T.);
#6981=ORIENTED_EDGE('',*,*,#5149,.T.);
#6982=ORIENTED_EDGE('',*,*,#5146,.F.);
#6983=ORIENTED_EDGE('',*,*,#5149,.F.);
#6984=ORIENTED_EDGE('',*,*,#5026,.F.);
#6985=ORIENTED_EDGE('',*,*,#5030,.F.);
#6986=ORIENTED_EDGE('',*,*,#5033,.F.);
#6987=ORIENTED_EDGE('',*,*,#5036,.F.);
#6988=ORIENTED_EDGE('',*,*,#5039,.F.);
#6989=ORIENTED_EDGE('',*,*,#5042,.F.);
#6990=ORIENTED_EDGE('',*,*,#5045,.F.);
#6991=ORIENTED_EDGE('',*,*,#5048,.F.);
#6992=ORIENTED_EDGE('',*,*,#5051,.F.);
#6993=ORIENTED_EDGE('',*,*,#5054,.F.);
#6994=ORIENTED_EDGE('',*,*,#5057,.F.);
#6995=ORIENTED_EDGE('',*,*,#5060,.F.);
#6996=ORIENTED_EDGE('',*,*,#5063,.F.);
#6997=ORIENTED_EDGE('',*,*,#5066,.F.);
#6998=ORIENTED_EDGE('',*,*,#5069,.F.);
#6999=ORIENTED_EDGE('',*,*,#5072,.F.);
#7000=ORIENTED_EDGE('',*,*,#5075,.F.);
#7001=ORIENTED_EDGE('',*,*,#5078,.F.);
#7002=ORIENTED_EDGE('',*,*,#5081,.F.);
#7003=ORIENTED_EDGE('',*,*,#5084,.F.);
#7004=ORIENTED_EDGE('',*,*,#5087,.F.);
#7005=ORIENTED_EDGE('',*,*,#5090,.F.);
#7006=ORIENTED_EDGE('',*,*,#5093,.F.);
#7007=ORIENTED_EDGE('',*,*,#5096,.F.);
#7008=ORIENTED_EDGE('',*,*,#5099,.F.);
#7009=ORIENTED_EDGE('',*,*,#5102,.F.);
#7010=ORIENTED_EDGE('',*,*,#5105,.F.);
#7011=ORIENTED_EDGE('',*,*,#5108,.F.);
#7012=ORIENTED_EDGE('',*,*,#5111,.F.);
#7013=ORIENTED_EDGE('',*,*,#5114,.F.);
#7014=ORIENTED_EDGE('',*,*,#5117,.F.);
#7015=ORIENTED_EDGE('',*,*,#5120,.F.);
#7016=ORIENTED_EDGE('',*,*,#5123,.F.);
#7017=ORIENTED_EDGE('',*,*,#5126,.F.);
#7018=ORIENTED_EDGE('',*,*,#5129,.F.);
#7019=ORIENTED_EDGE('',*,*,#5132,.F.);
#7020=ORIENTED_EDGE('',*,*,#5135,.F.);
#7021=ORIENTED_EDGE('',*,*,#5138,.F.);
#7022=ORIENTED_EDGE('',*,*,#5141,.F.);
#7023=ORIENTED_EDGE('',*,*,#5144,.F.);
#7024=ORIENTED_EDGE('',*,*,#5147,.F.);
#7025=ORIENTED_EDGE('',*,*,#5023,.F.);
#7026=ORIENTED_EDGE('',*,*,#5005,.F.);
#7027=ORIENTED_EDGE('',*,*,#5009,.F.);
#7028=ORIENTED_EDGE('',*,*,#5012,.F.);
#7029=ORIENTED_EDGE('',*,*,#5015,.F.);
#7030=ORIENTED_EDGE('',*,*,#5018,.F.);
#7031=ORIENTED_EDGE('',*,*,#5021,.F.);
#7032=ORIENTED_EDGE('',*,*,#5150,.T.);
#7033=ORIENTED_EDGE('',*,*,#5151,.T.);
#7034=ORIENTED_EDGE('',*,*,#5152,.T.);
#7035=ORIENTED_EDGE('',*,*,#5153,.T.);
#7036=ORIENTED_EDGE('',*,*,#5154,.T.);
#7037=ORIENTED_EDGE('',*,*,#5155,.T.);
#7038=ORIENTED_EDGE('',*,*,#5156,.T.);
#7039=ORIENTED_EDGE('',*,*,#5157,.T.);
#7040=ORIENTED_EDGE('',*,*,#5158,.T.);
#7041=ORIENTED_EDGE('',*,*,#5159,.T.);
#7042=ORIENTED_EDGE('',*,*,#5160,.T.);
#7043=ORIENTED_EDGE('',*,*,#5161,.T.);
#7044=ORIENTED_EDGE('',*,*,#5162,.T.);
#7045=ORIENTED_EDGE('',*,*,#5163,.T.);
#7046=ORIENTED_EDGE('',*,*,#5164,.T.);
#7047=ORIENTED_EDGE('',*,*,#5165,.T.);
#7048=ORIENTED_EDGE('',*,*,#5166,.T.);
#7049=ORIENTED_EDGE('',*,*,#5167,.T.);
#7050=ORIENTED_EDGE('',*,*,#5168,.T.);
#7051=ORIENTED_EDGE('',*,*,#5169,.T.);
#7052=ORIENTED_EDGE('',*,*,#5170,.T.);
#7053=ORIENTED_EDGE('',*,*,#5171,.T.);
#7054=ORIENTED_EDGE('',*,*,#5172,.T.);
#7055=ORIENTED_EDGE('',*,*,#5173,.T.);
#7056=ORIENTED_EDGE('',*,*,#5024,.T.);
#7057=ORIENTED_EDGE('',*,*,#5148,.T.);
#7058=ORIENTED_EDGE('',*,*,#5145,.T.);
#7059=ORIENTED_EDGE('',*,*,#5142,.T.);
#7060=ORIENTED_EDGE('',*,*,#5139,.T.);
#7061=ORIENTED_EDGE('',*,*,#5136,.T.);
#7062=ORIENTED_EDGE('',*,*,#5133,.T.);
#7063=ORIENTED_EDGE('',*,*,#5130,.T.);
#7064=ORIENTED_EDGE('',*,*,#5127,.T.);
#7065=ORIENTED_EDGE('',*,*,#5124,.T.);
#7066=ORIENTED_EDGE('',*,*,#5121,.T.);
#7067=ORIENTED_EDGE('',*,*,#5118,.T.);
#7068=ORIENTED_EDGE('',*,*,#5115,.T.);
#7069=ORIENTED_EDGE('',*,*,#5112,.T.);
#7070=ORIENTED_EDGE('',*,*,#5109,.T.);
#7071=ORIENTED_EDGE('',*,*,#5106,.T.);
#7072=ORIENTED_EDGE('',*,*,#5103,.T.);
#7073=ORIENTED_EDGE('',*,*,#5100,.T.);
#7074=ORIENTED_EDGE('',*,*,#5097,.T.);
#7075=ORIENTED_EDGE('',*,*,#5094,.T.);
#7076=ORIENTED_EDGE('',*,*,#5091,.T.);
#7077=ORIENTED_EDGE('',*,*,#5088,.T.);
#7078=ORIENTED_EDGE('',*,*,#5085,.T.);
#7079=ORIENTED_EDGE('',*,*,#5082,.T.);
#7080=ORIENTED_EDGE('',*,*,#5079,.T.);
#7081=ORIENTED_EDGE('',*,*,#5076,.T.);
#7082=ORIENTED_EDGE('',*,*,#5073,.T.);
#7083=ORIENTED_EDGE('',*,*,#5070,.T.);
#7084=ORIENTED_EDGE('',*,*,#5067,.T.);
#7085=ORIENTED_EDGE('',*,*,#5064,.T.);
#7086=ORIENTED_EDGE('',*,*,#5061,.T.);
#7087=ORIENTED_EDGE('',*,*,#5058,.T.);
#7088=ORIENTED_EDGE('',*,*,#5055,.T.);
#7089=ORIENTED_EDGE('',*,*,#5052,.T.);
#7090=ORIENTED_EDGE('',*,*,#5049,.T.);
#7091=ORIENTED_EDGE('',*,*,#5046,.T.);
#7092=ORIENTED_EDGE('',*,*,#5043,.T.);
#7093=ORIENTED_EDGE('',*,*,#5040,.T.);
#7094=ORIENTED_EDGE('',*,*,#5037,.T.);
#7095=ORIENTED_EDGE('',*,*,#5034,.T.);
#7096=ORIENTED_EDGE('',*,*,#5031,.T.);
#7097=ORIENTED_EDGE('',*,*,#5028,.T.);
#7098=ORIENTED_EDGE('',*,*,#4934,.T.);
#7099=ORIENTED_EDGE('',*,*,#5001,.T.);
#7100=ORIENTED_EDGE('',*,*,#4998,.T.);
#7101=ORIENTED_EDGE('',*,*,#4995,.T.);
#7102=ORIENTED_EDGE('',*,*,#4992,.T.);
#7103=ORIENTED_EDGE('',*,*,#4989,.T.);
#7104=ORIENTED_EDGE('',*,*,#4986,.T.);
#7105=ORIENTED_EDGE('',*,*,#4983,.T.);
#7106=ORIENTED_EDGE('',*,*,#4980,.T.);
#7107=ORIENTED_EDGE('',*,*,#4977,.T.);
#7108=ORIENTED_EDGE('',*,*,#4974,.T.);
#7109=ORIENTED_EDGE('',*,*,#4971,.T.);
#7110=ORIENTED_EDGE('',*,*,#4968,.T.);
#7111=ORIENTED_EDGE('',*,*,#4965,.T.);
#7112=ORIENTED_EDGE('',*,*,#4962,.T.);
#7113=ORIENTED_EDGE('',*,*,#4959,.T.);
#7114=ORIENTED_EDGE('',*,*,#4956,.T.);
#7115=ORIENTED_EDGE('',*,*,#4953,.T.);
#7116=ORIENTED_EDGE('',*,*,#4950,.T.);
#7117=ORIENTED_EDGE('',*,*,#4947,.T.);
#7118=ORIENTED_EDGE('',*,*,#4944,.T.);
#7119=ORIENTED_EDGE('',*,*,#4941,.T.);
#7120=ORIENTED_EDGE('',*,*,#4938,.T.);
#7121=ORIENTED_EDGE('',*,*,#4889,.T.);
#7122=ORIENTED_EDGE('',*,*,#4911,.T.);
#7123=ORIENTED_EDGE('',*,*,#4908,.T.);
#7124=ORIENTED_EDGE('',*,*,#4905,.T.);
#7125=ORIENTED_EDGE('',*,*,#4902,.T.);
#7126=ORIENTED_EDGE('',*,*,#4899,.T.);
#7127=ORIENTED_EDGE('',*,*,#4896,.T.);
#7128=ORIENTED_EDGE('',*,*,#4893,.T.);
#7129=ORIENTED_EDGE('',*,*,#4829,.T.);
#7130=ORIENTED_EDGE('',*,*,#4887,.T.);
#7131=ORIENTED_EDGE('',*,*,#4884,.T.);
#7132=ORIENTED_EDGE('',*,*,#4881,.T.);
#7133=ORIENTED_EDGE('',*,*,#4878,.T.);
#7134=ORIENTED_EDGE('',*,*,#4875,.T.);
#7135=ORIENTED_EDGE('',*,*,#4872,.T.);
#7136=ORIENTED_EDGE('',*,*,#4869,.T.);
#7137=ORIENTED_EDGE('',*,*,#4866,.T.);
#7138=ORIENTED_EDGE('',*,*,#4863,.T.);
#7139=ORIENTED_EDGE('',*,*,#4860,.T.);
#7140=ORIENTED_EDGE('',*,*,#4857,.T.);
#7141=ORIENTED_EDGE('',*,*,#4854,.T.);
#7142=ORIENTED_EDGE('',*,*,#4851,.T.);
#7143=ORIENTED_EDGE('',*,*,#4848,.T.);
#7144=ORIENTED_EDGE('',*,*,#4845,.T.);
#7145=ORIENTED_EDGE('',*,*,#4842,.T.);
#7146=ORIENTED_EDGE('',*,*,#4839,.T.);
#7147=ORIENTED_EDGE('',*,*,#4836,.T.);
#7148=ORIENTED_EDGE('',*,*,#4833,.T.);
#7149=ORIENTED_EDGE('',*,*,#4796,.T.);
#7150=ORIENTED_EDGE('',*,*,#4827,.T.);
#7151=ORIENTED_EDGE('',*,*,#4824,.T.);
#7152=ORIENTED_EDGE('',*,*,#4821,.T.);
#7153=ORIENTED_EDGE('',*,*,#4818,.T.);
#7154=ORIENTED_EDGE('',*,*,#4815,.T.);
#7155=ORIENTED_EDGE('',*,*,#4812,.T.);
#7156=ORIENTED_EDGE('',*,*,#4809,.T.);
#7157=ORIENTED_EDGE('',*,*,#4806,.T.);
#7158=ORIENTED_EDGE('',*,*,#4803,.T.);
#7159=ORIENTED_EDGE('',*,*,#4800,.T.);
#7160=ORIENTED_EDGE('',*,*,#4766,.T.);
#7161=ORIENTED_EDGE('',*,*,#4794,.T.);
#7162=ORIENTED_EDGE('',*,*,#4791,.T.);
#7163=ORIENTED_EDGE('',*,*,#4788,.T.);
#7164=ORIENTED_EDGE('',*,*,#4785,.T.);
#7165=ORIENTED_EDGE('',*,*,#4782,.T.);
#7166=ORIENTED_EDGE('',*,*,#4779,.T.);
#7167=ORIENTED_EDGE('',*,*,#4776,.T.);
#7168=ORIENTED_EDGE('',*,*,#4773,.T.);
#7169=ORIENTED_EDGE('',*,*,#4770,.T.);
#7170=ORIENTED_EDGE('',*,*,#4700,.T.);
#7171=ORIENTED_EDGE('',*,*,#4740,.T.);
#7172=ORIENTED_EDGE('',*,*,#4737,.T.);
#7173=ORIENTED_EDGE('',*,*,#4734,.T.);
#7174=ORIENTED_EDGE('',*,*,#4731,.T.);
#7175=ORIENTED_EDGE('',*,*,#4728,.T.);
#7176=ORIENTED_EDGE('',*,*,#4725,.T.);
#7177=ORIENTED_EDGE('',*,*,#4722,.T.);
#7178=ORIENTED_EDGE('',*,*,#4719,.T.);
#7179=ORIENTED_EDGE('',*,*,#4716,.T.);
#7180=ORIENTED_EDGE('',*,*,#4713,.T.);
#7181=ORIENTED_EDGE('',*,*,#4710,.T.);
#7182=ORIENTED_EDGE('',*,*,#4707,.T.);
#7183=ORIENTED_EDGE('',*,*,#4704,.T.);
#7184=ORIENTED_EDGE('',*,*,#4613,.T.);
#7185=ORIENTED_EDGE('',*,*,#4671,.T.);
#7186=ORIENTED_EDGE('',*,*,#4668,.T.);
#7187=ORIENTED_EDGE('',*,*,#4665,.T.);
#7188=ORIENTED_EDGE('',*,*,#4662,.T.);
#7189=ORIENTED_EDGE('',*,*,#4659,.T.);
#7190=ORIENTED_EDGE('',*,*,#4656,.T.);
#7191=ORIENTED_EDGE('',*,*,#4653,.T.);
#7192=ORIENTED_EDGE('',*,*,#4650,.T.);
#7193=ORIENTED_EDGE('',*,*,#4647,.T.);
#7194=ORIENTED_EDGE('',*,*,#4644,.T.);
#7195=ORIENTED_EDGE('',*,*,#4641,.T.);
#7196=ORIENTED_EDGE('',*,*,#4638,.T.);
#7197=ORIENTED_EDGE('',*,*,#4635,.T.);
#7198=ORIENTED_EDGE('',*,*,#4632,.T.);
#7199=ORIENTED_EDGE('',*,*,#4629,.T.);
#7200=ORIENTED_EDGE('',*,*,#4626,.T.);
#7201=ORIENTED_EDGE('',*,*,#4623,.T.);
#7202=ORIENTED_EDGE('',*,*,#4620,.T.);
#7203=ORIENTED_EDGE('',*,*,#4617,.T.);
#7204=ORIENTED_EDGE('',*,*,#4592,.T.);
#7205=ORIENTED_EDGE('',*,*,#4611,.T.);
#7206=ORIENTED_EDGE('',*,*,#4608,.T.);
#7207=ORIENTED_EDGE('',*,*,#4605,.T.);
#7208=ORIENTED_EDGE('',*,*,#4602,.T.);
#7209=ORIENTED_EDGE('',*,*,#4599,.T.);
#7210=ORIENTED_EDGE('',*,*,#4596,.T.);
#7211=ORIENTED_EDGE('',*,*,#4538,.T.);
#7212=ORIENTED_EDGE('',*,*,#4590,.T.);
#7213=ORIENTED_EDGE('',*,*,#4587,.T.);
#7214=ORIENTED_EDGE('',*,*,#4584,.T.);
#7215=ORIENTED_EDGE('',*,*,#4581,.T.);
#7216=ORIENTED_EDGE('',*,*,#4578,.T.);
#7217=ORIENTED_EDGE('',*,*,#4575,.T.);
#7218=ORIENTED_EDGE('',*,*,#4572,.T.);
#7219=ORIENTED_EDGE('',*,*,#4569,.T.);
#7220=ORIENTED_EDGE('',*,*,#4566,.T.);
#7221=ORIENTED_EDGE('',*,*,#4563,.T.);
#7222=ORIENTED_EDGE('',*,*,#4560,.T.);
#7223=ORIENTED_EDGE('',*,*,#4557,.T.);
#7224=ORIENTED_EDGE('',*,*,#4554,.T.);
#7225=ORIENTED_EDGE('',*,*,#4551,.T.);
#7226=ORIENTED_EDGE('',*,*,#4548,.T.);
#7227=ORIENTED_EDGE('',*,*,#4545,.T.);
#7228=ORIENTED_EDGE('',*,*,#4542,.T.);
#7229=ORIENTED_EDGE('',*,*,#4481,.T.);
#7230=ORIENTED_EDGE('',*,*,#4521,.T.);
#7231=ORIENTED_EDGE('',*,*,#4518,.T.);
#7232=ORIENTED_EDGE('',*,*,#4515,.T.);
#7233=ORIENTED_EDGE('',*,*,#4512,.T.);
#7234=ORIENTED_EDGE('',*,*,#4509,.T.);
#7235=ORIENTED_EDGE('',*,*,#4506,.T.);
#7236=ORIENTED_EDGE('',*,*,#4503,.T.);
#7237=ORIENTED_EDGE('',*,*,#4500,.T.);
#7238=ORIENTED_EDGE('',*,*,#4497,.T.);
#7239=ORIENTED_EDGE('',*,*,#4494,.T.);
#7240=ORIENTED_EDGE('',*,*,#4491,.T.);
#7241=ORIENTED_EDGE('',*,*,#4488,.T.);
#7242=ORIENTED_EDGE('',*,*,#4485,.T.);
#7243=ORIENTED_EDGE('',*,*,#4433,.T.);
#7244=ORIENTED_EDGE('',*,*,#4479,.T.);
#7245=ORIENTED_EDGE('',*,*,#4476,.T.);
#7246=ORIENTED_EDGE('',*,*,#4473,.T.);
#7247=ORIENTED_EDGE('',*,*,#4470,.T.);
#7248=ORIENTED_EDGE('',*,*,#4467,.T.);
#7249=ORIENTED_EDGE('',*,*,#4464,.T.);
#7250=ORIENTED_EDGE('',*,*,#4461,.T.);
#7251=ORIENTED_EDGE('',*,*,#4458,.T.);
#7252=ORIENTED_EDGE('',*,*,#4455,.T.);
#7253=ORIENTED_EDGE('',*,*,#4452,.T.);
#7254=ORIENTED_EDGE('',*,*,#4449,.T.);
#7255=ORIENTED_EDGE('',*,*,#4446,.T.);
#7256=ORIENTED_EDGE('',*,*,#4443,.T.);
#7257=ORIENTED_EDGE('',*,*,#4440,.T.);
#7258=ORIENTED_EDGE('',*,*,#4437,.T.);
#7259=ORIENTED_EDGE('',*,*,#4391,.T.);
#7260=ORIENTED_EDGE('',*,*,#4431,.T.);
#7261=ORIENTED_EDGE('',*,*,#4428,.T.);
#7262=ORIENTED_EDGE('',*,*,#4425,.T.);
#7263=ORIENTED_EDGE('',*,*,#4422,.T.);
#7264=ORIENTED_EDGE('',*,*,#4419,.T.);
#7265=ORIENTED_EDGE('',*,*,#4416,.T.);
#7266=ORIENTED_EDGE('',*,*,#4413,.T.);
#7267=ORIENTED_EDGE('',*,*,#4410,.T.);
#7268=ORIENTED_EDGE('',*,*,#4407,.T.);
#7269=ORIENTED_EDGE('',*,*,#4404,.T.);
#7270=ORIENTED_EDGE('',*,*,#4401,.T.);
#7271=ORIENTED_EDGE('',*,*,#4398,.T.);
#7272=ORIENTED_EDGE('',*,*,#4395,.T.);
#7273=ORIENTED_EDGE('',*,*,#4361,.T.);
#7274=ORIENTED_EDGE('',*,*,#4389,.T.);
#7275=ORIENTED_EDGE('',*,*,#4386,.T.);
#7276=ORIENTED_EDGE('',*,*,#4383,.T.);
#7277=ORIENTED_EDGE('',*,*,#4380,.T.);
#7278=ORIENTED_EDGE('',*,*,#4377,.T.);
#7279=ORIENTED_EDGE('',*,*,#4374,.T.);
#7280=ORIENTED_EDGE('',*,*,#4371,.T.);
#7281=ORIENTED_EDGE('',*,*,#4368,.T.);
#7282=ORIENTED_EDGE('',*,*,#4365,.T.);
#7283=ORIENTED_EDGE('',*,*,#4340,.T.);
#7284=ORIENTED_EDGE('',*,*,#4359,.T.);
#7285=ORIENTED_EDGE('',*,*,#4356,.T.);
#7286=ORIENTED_EDGE('',*,*,#4353,.T.);
#7287=ORIENTED_EDGE('',*,*,#4350,.T.);
#7288=ORIENTED_EDGE('',*,*,#4347,.T.);
#7289=ORIENTED_EDGE('',*,*,#4344,.T.);
#7290=ORIENTED_EDGE('',*,*,#4280,.T.);
#7291=ORIENTED_EDGE('',*,*,#4338,.T.);
#7292=ORIENTED_EDGE('',*,*,#4335,.T.);
#7293=ORIENTED_EDGE('',*,*,#4332,.T.);
#7294=ORIENTED_EDGE('',*,*,#4329,.T.);
#7295=ORIENTED_EDGE('',*,*,#4326,.T.);
#7296=ORIENTED_EDGE('',*,*,#4323,.T.);
#7297=ORIENTED_EDGE('',*,*,#4320,.T.);
#7298=ORIENTED_EDGE('',*,*,#4317,.T.);
#7299=ORIENTED_EDGE('',*,*,#4314,.T.);
#7300=ORIENTED_EDGE('',*,*,#4311,.T.);
#7301=ORIENTED_EDGE('',*,*,#4308,.T.);
#7302=ORIENTED_EDGE('',*,*,#4305,.T.);
#7303=ORIENTED_EDGE('',*,*,#4302,.T.);
#7304=ORIENTED_EDGE('',*,*,#4299,.T.);
#7305=ORIENTED_EDGE('',*,*,#4296,.T.);
#7306=ORIENTED_EDGE('',*,*,#4293,.T.);
#7307=ORIENTED_EDGE('',*,*,#4290,.T.);
#7308=ORIENTED_EDGE('',*,*,#4287,.T.);
#7309=ORIENTED_EDGE('',*,*,#4284,.T.);
#7310=ORIENTED_EDGE('',*,*,#5003,.T.);
#7311=ORIENTED_EDGE('',*,*,#5022,.T.);
#7312=ORIENTED_EDGE('',*,*,#5019,.T.);
#7313=ORIENTED_EDGE('',*,*,#5016,.T.);
#7314=ORIENTED_EDGE('',*,*,#5013,.T.);
#7315=ORIENTED_EDGE('',*,*,#5010,.T.);
#7316=ORIENTED_EDGE('',*,*,#5007,.T.);
#7317=ORIENTED_EDGE('',*,*,#4913,.T.);
#7318=ORIENTED_EDGE('',*,*,#4932,.T.);
#7319=ORIENTED_EDGE('',*,*,#4929,.T.);
#7320=ORIENTED_EDGE('',*,*,#4926,.T.);
#7321=ORIENTED_EDGE('',*,*,#4923,.T.);
#7322=ORIENTED_EDGE('',*,*,#4920,.T.);
#7323=ORIENTED_EDGE('',*,*,#4917,.T.);
#7324=ORIENTED_EDGE('',*,*,#4742,.T.);
#7325=ORIENTED_EDGE('',*,*,#4764,.T.);
#7326=ORIENTED_EDGE('',*,*,#4761,.T.);
#7327=ORIENTED_EDGE('',*,*,#4758,.T.);
#7328=ORIENTED_EDGE('',*,*,#4755,.T.);
#7329=ORIENTED_EDGE('',*,*,#4752,.T.);
#7330=ORIENTED_EDGE('',*,*,#4749,.T.);
#7331=ORIENTED_EDGE('',*,*,#4746,.T.);
#7332=ORIENTED_EDGE('',*,*,#4673,.T.);
#7333=ORIENTED_EDGE('',*,*,#4698,.T.);
#7334=ORIENTED_EDGE('',*,*,#4695,.T.);
#7335=ORIENTED_EDGE('',*,*,#4692,.T.);
#7336=ORIENTED_EDGE('',*,*,#4689,.T.);
#7337=ORIENTED_EDGE('',*,*,#4686,.T.);
#7338=ORIENTED_EDGE('',*,*,#4683,.T.);
#7339=ORIENTED_EDGE('',*,*,#4680,.T.);
#7340=ORIENTED_EDGE('',*,*,#4677,.T.);
#7341=ORIENTED_EDGE('',*,*,#5174,.F.);
#7342=ORIENTED_EDGE('',*,*,#4257,.F.);
#7343=ORIENTED_EDGE('',*,*,#5175,.F.);
#7344=ORIENTED_EDGE('',*,*,#5176,.F.);
#7345=ORIENTED_EDGE('',*,*,#5177,.F.);
#7346=ORIENTED_EDGE('',*,*,#5178,.F.);
#7347=ORIENTED_EDGE('',*,*,#5179,.T.);
#7348=ORIENTED_EDGE('',*,*,#4255,.F.);
#7349=ORIENTED_EDGE('',*,*,#4256,.F.);
#7350=ORIENTED_EDGE('',*,*,#5179,.F.);
#7351=ORIENTED_EDGE('',*,*,#5180,.F.);
#7352=ORIENTED_EDGE('',*,*,#5175,.T.);
#7353=ORIENTED_EDGE('',*,*,#4259,.T.);
#7354=ORIENTED_EDGE('',*,*,#5181,.F.);
#7355=ORIENTED_EDGE('',*,*,#5182,.T.);
#7356=ORIENTED_EDGE('',*,*,#5183,.T.);
#7357=ORIENTED_EDGE('',*,*,#4262,.F.);
#7358=ORIENTED_EDGE('',*,*,#4258,.T.);
#7359=ORIENTED_EDGE('',*,*,#5174,.T.);
#7360=ORIENTED_EDGE('',*,*,#5184,.T.);
#7361=ORIENTED_EDGE('',*,*,#5185,.F.);
#7362=ORIENTED_EDGE('',*,*,#5186,.T.);
#7363=ORIENTED_EDGE('',*,*,#5187,.F.);
#7364=ORIENTED_EDGE('',*,*,#5188,.T.);
#7365=ORIENTED_EDGE('',*,*,#5189,.F.);
#7366=ORIENTED_EDGE('',*,*,#5190,.T.);
#7367=ORIENTED_EDGE('',*,*,#5191,.F.);
#7368=ORIENTED_EDGE('',*,*,#5192,.T.);
#7369=ORIENTED_EDGE('',*,*,#5193,.T.);
#7370=ORIENTED_EDGE('',*,*,#5194,.T.);
#7371=ORIENTED_EDGE('',*,*,#5181,.T.);
#7372=ORIENTED_EDGE('',*,*,#5195,.T.);
#7373=ORIENTED_EDGE('',*,*,#5196,.T.);
#7374=ORIENTED_EDGE('',*,*,#5197,.T.);
#7375=ORIENTED_EDGE('',*,*,#5198,.T.);
#7376=ORIENTED_EDGE('',*,*,#4234,.T.);
#7377=ORIENTED_EDGE('',*,*,#4263,.F.);
#7378=ORIENTED_EDGE('',*,*,#5183,.F.);
#7379=ORIENTED_EDGE('',*,*,#5199,.F.);
#7380=ORIENTED_EDGE('',*,*,#5200,.F.);
#7381=ORIENTED_EDGE('',*,*,#5201,.F.);
#7382=ORIENTED_EDGE('',*,*,#5202,.F.);
#7383=ORIENTED_EDGE('',*,*,#4235,.T.);
#7384=ORIENTED_EDGE('',*,*,#5199,.T.);
#7385=ORIENTED_EDGE('',*,*,#5182,.F.);
#7386=ORIENTED_EDGE('',*,*,#5194,.F.);
#7387=ORIENTED_EDGE('',*,*,#5203,.F.);
#7388=ORIENTED_EDGE('',*,*,#5204,.F.);
#7389=ORIENTED_EDGE('',*,*,#5201,.T.);
#7390=ORIENTED_EDGE('',*,*,#5205,.F.);
#7391=ORIENTED_EDGE('',*,*,#5206,.F.);
#7392=ORIENTED_EDGE('',*,*,#4249,.T.);
#7393=ORIENTED_EDGE('',*,*,#4227,.T.);
#7394=ORIENTED_EDGE('',*,*,#4228,.T.);
#7395=ORIENTED_EDGE('',*,*,#5193,.F.);
#7396=ORIENTED_EDGE('',*,*,#5207,.F.);
#7397=ORIENTED_EDGE('',*,*,#5203,.T.);
#7398=ORIENTED_EDGE('',*,*,#4253,.T.);
#7399=ORIENTED_EDGE('',*,*,#4261,.F.);
#7400=ORIENTED_EDGE('',*,*,#4250,.T.);
#7401=ORIENTED_EDGE('',*,*,#5206,.T.);
#7402=ORIENTED_EDGE('',*,*,#5208,.F.);
#7403=ORIENTED_EDGE('',*,*,#4254,.T.);
#7404=ORIENTED_EDGE('',*,*,#5208,.T.);
#7405=ORIENTED_EDGE('',*,*,#5205,.T.);
#7406=ORIENTED_EDGE('',*,*,#5200,.T.);
#7407=ORIENTED_EDGE('',*,*,#5209,.T.);
#7408=ORIENTED_EDGE('',*,*,#5210,.F.);
#7409=ORIENTED_EDGE('',*,*,#5211,.T.);
#7410=ORIENTED_EDGE('',*,*,#5212,.F.);
#7411=ORIENTED_EDGE('',*,*,#5213,.T.);
#7412=ORIENTED_EDGE('',*,*,#5214,.F.);
#7413=ORIENTED_EDGE('',*,*,#5215,.T.);
#7414=ORIENTED_EDGE('',*,*,#5216,.F.);
#7415=ORIENTED_EDGE('',*,*,#5217,.T.);
#7416=ORIENTED_EDGE('',*,*,#5177,.T.);
#7417=ORIENTED_EDGE('',*,*,#5218,.T.);
#7418=ORIENTED_EDGE('',*,*,#5219,.T.);
#7419=ORIENTED_EDGE('',*,*,#5220,.T.);
#7420=ORIENTED_EDGE('',*,*,#5221,.T.);
#7421=ORIENTED_EDGE('',*,*,#5173,.F.);
#7422=ORIENTED_EDGE('',*,*,#5222,.T.);
#7423=ORIENTED_EDGE('',*,*,#5223,.T.);
#7424=ORIENTED_EDGE('',*,*,#5222,.F.);
#7425=ORIENTED_EDGE('',*,*,#5223,.F.);
#7426=ORIENTED_EDGE('',*,*,#5172,.F.);
#7427=ORIENTED_EDGE('',*,*,#5224,.T.);
#7428=ORIENTED_EDGE('',*,*,#5225,.T.);
#7429=ORIENTED_EDGE('',*,*,#5224,.F.);
#7430=ORIENTED_EDGE('',*,*,#5225,.F.);
#7431=ORIENTED_EDGE('',*,*,#5171,.F.);
#7432=ORIENTED_EDGE('',*,*,#5226,.T.);
#7433=ORIENTED_EDGE('',*,*,#5227,.T.);
#7434=ORIENTED_EDGE('',*,*,#5226,.F.);
#7435=ORIENTED_EDGE('',*,*,#5227,.F.);
#7436=ORIENTED_EDGE('',*,*,#5170,.F.);
#7437=ORIENTED_EDGE('',*,*,#5228,.T.);
#7438=ORIENTED_EDGE('',*,*,#5229,.T.);
#7439=ORIENTED_EDGE('',*,*,#5228,.F.);
#7440=ORIENTED_EDGE('',*,*,#5229,.F.);
#7441=ORIENTED_EDGE('',*,*,#5230,.F.);
#7442=ORIENTED_EDGE('',*,*,#5231,.T.);
#7443=ORIENTED_EDGE('',*,*,#5232,.T.);
#7444=ORIENTED_EDGE('',*,*,#5233,.F.);
#7445=ORIENTED_EDGE('',*,*,#5234,.F.);
#7446=ORIENTED_EDGE('',*,*,#5235,.T.);
#7447=ORIENTED_EDGE('',*,*,#5236,.T.);
#7448=ORIENTED_EDGE('',*,*,#5231,.F.);
#7449=ORIENTED_EDGE('',*,*,#5237,.F.);
#7450=ORIENTED_EDGE('',*,*,#5238,.T.);
#7451=ORIENTED_EDGE('',*,*,#5239,.T.);
#7452=ORIENTED_EDGE('',*,*,#5235,.F.);
#7453=ORIENTED_EDGE('',*,*,#5240,.F.);
#7454=ORIENTED_EDGE('',*,*,#5233,.T.);
#7455=ORIENTED_EDGE('',*,*,#5241,.T.);
#7456=ORIENTED_EDGE('',*,*,#5238,.F.);
#7457=ORIENTED_EDGE('',*,*,#5241,.F.);
#7458=ORIENTED_EDGE('',*,*,#5232,.F.);
#7459=ORIENTED_EDGE('',*,*,#5236,.F.);
#7460=ORIENTED_EDGE('',*,*,#5239,.F.);
#7461=ORIENTED_EDGE('',*,*,#5242,.F.);
#7462=ORIENTED_EDGE('',*,*,#5243,.T.);
#7463=ORIENTED_EDGE('',*,*,#5244,.T.);
#7464=ORIENTED_EDGE('',*,*,#5245,.F.);
#7465=ORIENTED_EDGE('',*,*,#5246,.F.);
#7466=ORIENTED_EDGE('',*,*,#5247,.T.);
#7467=ORIENTED_EDGE('',*,*,#5248,.T.);
#7468=ORIENTED_EDGE('',*,*,#5243,.F.);
#7469=ORIENTED_EDGE('',*,*,#5249,.F.);
#7470=ORIENTED_EDGE('',*,*,#5250,.T.);
#7471=ORIENTED_EDGE('',*,*,#5251,.T.);
#7472=ORIENTED_EDGE('',*,*,#5247,.F.);
#7473=ORIENTED_EDGE('',*,*,#5252,.F.);
#7474=ORIENTED_EDGE('',*,*,#5245,.T.);
#7475=ORIENTED_EDGE('',*,*,#5253,.T.);
#7476=ORIENTED_EDGE('',*,*,#5250,.F.);
#7477=ORIENTED_EDGE('',*,*,#5253,.F.);
#7478=ORIENTED_EDGE('',*,*,#5244,.F.);
#7479=ORIENTED_EDGE('',*,*,#5248,.F.);
#7480=ORIENTED_EDGE('',*,*,#5251,.F.);
#7481=ORIENTED_EDGE('',*,*,#5254,.F.);
#7482=ORIENTED_EDGE('',*,*,#5255,.T.);
#7483=ORIENTED_EDGE('',*,*,#5256,.T.);
#7484=ORIENTED_EDGE('',*,*,#5257,.F.);
#7485=ORIENTED_EDGE('',*,*,#5258,.F.);
#7486=ORIENTED_EDGE('',*,*,#5259,.T.);
#7487=ORIENTED_EDGE('',*,*,#5260,.T.);
#7488=ORIENTED_EDGE('',*,*,#5255,.F.);
#7489=ORIENTED_EDGE('',*,*,#5261,.F.);
#7490=ORIENTED_EDGE('',*,*,#5262,.T.);
#7491=ORIENTED_EDGE('',*,*,#5263,.T.);
#7492=ORIENTED_EDGE('',*,*,#5259,.F.);
#7493=ORIENTED_EDGE('',*,*,#5264,.F.);
#7494=ORIENTED_EDGE('',*,*,#5257,.T.);
#7495=ORIENTED_EDGE('',*,*,#5265,.T.);
#7496=ORIENTED_EDGE('',*,*,#5262,.F.);
#7497=ORIENTED_EDGE('',*,*,#5265,.F.);
#7498=ORIENTED_EDGE('',*,*,#5256,.F.);
#7499=ORIENTED_EDGE('',*,*,#5260,.F.);
#7500=ORIENTED_EDGE('',*,*,#5263,.F.);
#7501=ORIENTED_EDGE('',*,*,#5266,.F.);
#7502=ORIENTED_EDGE('',*,*,#5267,.T.);
#7503=ORIENTED_EDGE('',*,*,#5268,.T.);
#7504=ORIENTED_EDGE('',*,*,#5269,.F.);
#7505=ORIENTED_EDGE('',*,*,#5270,.F.);
#7506=ORIENTED_EDGE('',*,*,#5271,.T.);
#7507=ORIENTED_EDGE('',*,*,#5272,.T.);
#7508=ORIENTED_EDGE('',*,*,#5267,.F.);
#7509=ORIENTED_EDGE('',*,*,#5273,.F.);
#7510=ORIENTED_EDGE('',*,*,#5274,.T.);
#7511=ORIENTED_EDGE('',*,*,#5275,.T.);
#7512=ORIENTED_EDGE('',*,*,#5271,.F.);
#7513=ORIENTED_EDGE('',*,*,#5276,.F.);
#7514=ORIENTED_EDGE('',*,*,#5269,.T.);
#7515=ORIENTED_EDGE('',*,*,#5277,.T.);
#7516=ORIENTED_EDGE('',*,*,#5274,.F.);
#7517=ORIENTED_EDGE('',*,*,#5277,.F.);
#7518=ORIENTED_EDGE('',*,*,#5268,.F.);
#7519=ORIENTED_EDGE('',*,*,#5272,.F.);
#7520=ORIENTED_EDGE('',*,*,#5275,.F.);
#7521=ORIENTED_EDGE('',*,*,#5278,.F.);
#7522=ORIENTED_EDGE('',*,*,#5279,.T.);
#7523=ORIENTED_EDGE('',*,*,#5280,.T.);
#7524=ORIENTED_EDGE('',*,*,#5281,.F.);
#7525=ORIENTED_EDGE('',*,*,#5282,.F.);
#7526=ORIENTED_EDGE('',*,*,#5283,.T.);
#7527=ORIENTED_EDGE('',*,*,#5284,.T.);
#7528=ORIENTED_EDGE('',*,*,#5279,.F.);
#7529=ORIENTED_EDGE('',*,*,#5285,.F.);
#7530=ORIENTED_EDGE('',*,*,#5286,.T.);
#7531=ORIENTED_EDGE('',*,*,#5287,.T.);
#7532=ORIENTED_EDGE('',*,*,#5283,.F.);
#7533=ORIENTED_EDGE('',*,*,#5288,.F.);
#7534=ORIENTED_EDGE('',*,*,#5281,.T.);
#7535=ORIENTED_EDGE('',*,*,#5289,.T.);
#7536=ORIENTED_EDGE('',*,*,#5286,.F.);
#7537=ORIENTED_EDGE('',*,*,#5289,.F.);
#7538=ORIENTED_EDGE('',*,*,#5280,.F.);
#7539=ORIENTED_EDGE('',*,*,#5284,.F.);
#7540=ORIENTED_EDGE('',*,*,#5287,.F.);
#7541=ORIENTED_EDGE('',*,*,#5290,.F.);
#7542=ORIENTED_EDGE('',*,*,#5291,.T.);
#7543=ORIENTED_EDGE('',*,*,#5292,.T.);
#7544=ORIENTED_EDGE('',*,*,#5293,.F.);
#7545=ORIENTED_EDGE('',*,*,#5294,.F.);
#7546=ORIENTED_EDGE('',*,*,#5295,.T.);
#7547=ORIENTED_EDGE('',*,*,#5296,.T.);
#7548=ORIENTED_EDGE('',*,*,#5291,.F.);
#7549=ORIENTED_EDGE('',*,*,#5297,.F.);
#7550=ORIENTED_EDGE('',*,*,#5298,.T.);
#7551=ORIENTED_EDGE('',*,*,#5299,.T.);
#7552=ORIENTED_EDGE('',*,*,#5295,.F.);
#7553=ORIENTED_EDGE('',*,*,#5300,.F.);
#7554=ORIENTED_EDGE('',*,*,#5293,.T.);
#7555=ORIENTED_EDGE('',*,*,#5301,.T.);
#7556=ORIENTED_EDGE('',*,*,#5298,.F.);
#7557=ORIENTED_EDGE('',*,*,#5301,.F.);
#7558=ORIENTED_EDGE('',*,*,#5292,.F.);
#7559=ORIENTED_EDGE('',*,*,#5296,.F.);
#7560=ORIENTED_EDGE('',*,*,#5299,.F.);
#7561=ORIENTED_EDGE('',*,*,#5302,.F.);
#7562=ORIENTED_EDGE('',*,*,#5303,.T.);
#7563=ORIENTED_EDGE('',*,*,#5304,.T.);
#7564=ORIENTED_EDGE('',*,*,#5305,.F.);
#7565=ORIENTED_EDGE('',*,*,#5306,.F.);
#7566=ORIENTED_EDGE('',*,*,#5307,.T.);
#7567=ORIENTED_EDGE('',*,*,#5308,.T.);
#7568=ORIENTED_EDGE('',*,*,#5303,.F.);
#7569=ORIENTED_EDGE('',*,*,#5309,.F.);
#7570=ORIENTED_EDGE('',*,*,#5310,.T.);
#7571=ORIENTED_EDGE('',*,*,#5311,.T.);
#7572=ORIENTED_EDGE('',*,*,#5307,.F.);
#7573=ORIENTED_EDGE('',*,*,#5312,.F.);
#7574=ORIENTED_EDGE('',*,*,#5305,.T.);
#7575=ORIENTED_EDGE('',*,*,#5313,.T.);
#7576=ORIENTED_EDGE('',*,*,#5310,.F.);
#7577=ORIENTED_EDGE('',*,*,#5313,.F.);
#7578=ORIENTED_EDGE('',*,*,#5304,.F.);
#7579=ORIENTED_EDGE('',*,*,#5308,.F.);
#7580=ORIENTED_EDGE('',*,*,#5311,.F.);
#7581=ORIENTED_EDGE('',*,*,#5314,.F.);
#7582=ORIENTED_EDGE('',*,*,#5315,.T.);
#7583=ORIENTED_EDGE('',*,*,#5316,.T.);
#7584=ORIENTED_EDGE('',*,*,#5317,.F.);
#7585=ORIENTED_EDGE('',*,*,#5318,.F.);
#7586=ORIENTED_EDGE('',*,*,#5319,.T.);
#7587=ORIENTED_EDGE('',*,*,#5320,.T.);
#7588=ORIENTED_EDGE('',*,*,#5315,.F.);
#7589=ORIENTED_EDGE('',*,*,#5321,.F.);
#7590=ORIENTED_EDGE('',*,*,#5322,.T.);
#7591=ORIENTED_EDGE('',*,*,#5323,.T.);
#7592=ORIENTED_EDGE('',*,*,#5319,.F.);
#7593=ORIENTED_EDGE('',*,*,#5324,.F.);
#7594=ORIENTED_EDGE('',*,*,#5317,.T.);
#7595=ORIENTED_EDGE('',*,*,#5325,.T.);
#7596=ORIENTED_EDGE('',*,*,#5322,.F.);
#7597=ORIENTED_EDGE('',*,*,#5325,.F.);
#7598=ORIENTED_EDGE('',*,*,#5316,.F.);
#7599=ORIENTED_EDGE('',*,*,#5320,.F.);
#7600=ORIENTED_EDGE('',*,*,#5323,.F.);
#7601=ORIENTED_EDGE('',*,*,#5326,.F.);
#7602=ORIENTED_EDGE('',*,*,#5327,.T.);
#7603=ORIENTED_EDGE('',*,*,#5328,.T.);
#7604=ORIENTED_EDGE('',*,*,#5329,.F.);
#7605=ORIENTED_EDGE('',*,*,#5330,.F.);
#7606=ORIENTED_EDGE('',*,*,#5331,.T.);
#7607=ORIENTED_EDGE('',*,*,#5332,.T.);
#7608=ORIENTED_EDGE('',*,*,#5327,.F.);
#7609=ORIENTED_EDGE('',*,*,#5333,.F.);
#7610=ORIENTED_EDGE('',*,*,#5334,.T.);
#7611=ORIENTED_EDGE('',*,*,#5335,.T.);
#7612=ORIENTED_EDGE('',*,*,#5331,.F.);
#7613=ORIENTED_EDGE('',*,*,#5336,.F.);
#7614=ORIENTED_EDGE('',*,*,#5329,.T.);
#7615=ORIENTED_EDGE('',*,*,#5337,.T.);
#7616=ORIENTED_EDGE('',*,*,#5334,.F.);
#7617=ORIENTED_EDGE('',*,*,#5337,.F.);
#7618=ORIENTED_EDGE('',*,*,#5328,.F.);
#7619=ORIENTED_EDGE('',*,*,#5332,.F.);
#7620=ORIENTED_EDGE('',*,*,#5335,.F.);
#7621=ORIENTED_EDGE('',*,*,#5338,.F.);
#7622=ORIENTED_EDGE('',*,*,#5339,.T.);
#7623=ORIENTED_EDGE('',*,*,#5340,.T.);
#7624=ORIENTED_EDGE('',*,*,#5341,.F.);
#7625=ORIENTED_EDGE('',*,*,#5342,.F.);
#7626=ORIENTED_EDGE('',*,*,#5343,.T.);
#7627=ORIENTED_EDGE('',*,*,#5344,.T.);
#7628=ORIENTED_EDGE('',*,*,#5339,.F.);
#7629=ORIENTED_EDGE('',*,*,#5345,.F.);
#7630=ORIENTED_EDGE('',*,*,#5346,.T.);
#7631=ORIENTED_EDGE('',*,*,#5347,.T.);
#7632=ORIENTED_EDGE('',*,*,#5343,.F.);
#7633=ORIENTED_EDGE('',*,*,#5348,.F.);
#7634=ORIENTED_EDGE('',*,*,#5341,.T.);
#7635=ORIENTED_EDGE('',*,*,#5349,.T.);
#7636=ORIENTED_EDGE('',*,*,#5346,.F.);
#7637=ORIENTED_EDGE('',*,*,#5349,.F.);
#7638=ORIENTED_EDGE('',*,*,#5340,.F.);
#7639=ORIENTED_EDGE('',*,*,#5344,.F.);
#7640=ORIENTED_EDGE('',*,*,#5347,.F.);
#7641=ORIENTED_EDGE('',*,*,#5350,.F.);
#7642=ORIENTED_EDGE('',*,*,#5351,.F.);
#7643=ORIENTED_EDGE('',*,*,#5352,.F.);
#7644=ORIENTED_EDGE('',*,*,#5353,.F.);
#7645=ORIENTED_EDGE('',*,*,#5354,.F.);
#7646=ORIENTED_EDGE('',*,*,#5355,.F.);
#7647=ORIENTED_EDGE('',*,*,#5356,.F.);
#7648=ORIENTED_EDGE('',*,*,#5357,.F.);
#7649=ORIENTED_EDGE('',*,*,#5358,.F.);
#7650=ORIENTED_EDGE('',*,*,#5352,.T.);
#7651=ORIENTED_EDGE('',*,*,#5359,.F.);
#7652=ORIENTED_EDGE('',*,*,#5360,.F.);
#7653=ORIENTED_EDGE('',*,*,#5361,.F.);
#7654=ORIENTED_EDGE('',*,*,#5362,.F.);
#7655=ORIENTED_EDGE('',*,*,#5363,.F.);
#7656=ORIENTED_EDGE('',*,*,#5356,.T.);
#7657=ORIENTED_EDGE('',*,*,#5364,.F.);
#7658=ORIENTED_EDGE('',*,*,#5365,.F.);
#7659=ORIENTED_EDGE('',*,*,#5366,.T.);
#7660=ORIENTED_EDGE('',*,*,#5367,.F.);
#7661=ORIENTED_EDGE('',*,*,#5368,.F.);
#7662=ORIENTED_EDGE('',*,*,#5369,.F.);
#7663=ORIENTED_EDGE('',*,*,#5370,.T.);
#7664=ORIENTED_EDGE('',*,*,#5371,.F.);
#7665=ORIENTED_EDGE('',*,*,#5372,.F.);
#7666=ORIENTED_EDGE('',*,*,#5373,.F.);
#7667=ORIENTED_EDGE('',*,*,#5374,.F.);
#7668=ORIENTED_EDGE('',*,*,#5366,.F.);
#7669=ORIENTED_EDGE('',*,*,#5375,.F.);
#7670=ORIENTED_EDGE('',*,*,#5370,.F.);
#7671=ORIENTED_EDGE('',*,*,#5376,.F.);
#7672=ORIENTED_EDGE('',*,*,#5377,.F.);
#7673=ORIENTED_EDGE('',*,*,#5354,.T.);
#7674=ORIENTED_EDGE('',*,*,#5378,.F.);
#7675=ORIENTED_EDGE('',*,*,#5198,.F.);
#7676=ORIENTED_EDGE('',*,*,#5379,.T.);
#7677=ORIENTED_EDGE('',*,*,#5350,.T.);
#7678=ORIENTED_EDGE('',*,*,#5380,.F.);
#7679=ORIENTED_EDGE('',*,*,#5221,.F.);
#7680=ORIENTED_EDGE('',*,*,#5381,.T.);
#7681=ORIENTED_EDGE('',*,*,#5368,.T.);
#7682=ORIENTED_EDGE('',*,*,#5382,.F.);
#7683=ORIENTED_EDGE('',*,*,#5196,.F.);
#7684=ORIENTED_EDGE('',*,*,#5383,.T.);
#7685=ORIENTED_EDGE('',*,*,#5357,.T.);
#7686=ORIENTED_EDGE('',*,*,#5363,.T.);
#7687=ORIENTED_EDGE('',*,*,#5384,.F.);
#7688=ORIENTED_EDGE('',*,*,#5385,.T.);
#7689=ORIENTED_EDGE('',*,*,#5386,.T.);
#7690=ORIENTED_EDGE('',*,*,#5387,.F.);
#7691=ORIENTED_EDGE('',*,*,#5388,.T.);
#7692=ORIENTED_EDGE('',*,*,#5389,.T.);
#7693=ORIENTED_EDGE('',*,*,#5390,.F.);
#7694=ORIENTED_EDGE('',*,*,#5391,.T.);
#7695=ORIENTED_EDGE('',*,*,#5392,.T.);
#7696=ORIENTED_EDGE('',*,*,#5393,.F.);
#7697=ORIENTED_EDGE('',*,*,#5394,.T.);
#7698=ORIENTED_EDGE('',*,*,#5395,.T.);
#7699=ORIENTED_EDGE('',*,*,#5396,.F.);
#7700=ORIENTED_EDGE('',*,*,#5376,.T.);
#7701=ORIENTED_EDGE('',*,*,#5369,.T.);
#7702=ORIENTED_EDGE('',*,*,#5383,.F.);
#7703=ORIENTED_EDGE('',*,*,#5195,.F.);
#7704=ORIENTED_EDGE('',*,*,#5378,.T.);
#7705=ORIENTED_EDGE('',*,*,#5353,.T.);
#7706=ORIENTED_EDGE('',*,*,#5358,.T.);
#7707=ORIENTED_EDGE('',*,*,#5397,.F.);
#7708=ORIENTED_EDGE('',*,*,#5398,.T.);
#7709=ORIENTED_EDGE('',*,*,#5399,.T.);
#7710=ORIENTED_EDGE('',*,*,#5400,.F.);
#7711=ORIENTED_EDGE('',*,*,#5401,.T.);
#7712=ORIENTED_EDGE('',*,*,#5402,.T.);
#7713=ORIENTED_EDGE('',*,*,#5403,.F.);
#7714=ORIENTED_EDGE('',*,*,#5404,.T.);
#7715=ORIENTED_EDGE('',*,*,#5405,.T.);
#7716=ORIENTED_EDGE('',*,*,#5406,.F.);
#7717=ORIENTED_EDGE('',*,*,#5407,.T.);
#7718=ORIENTED_EDGE('',*,*,#5408,.T.);
#7719=ORIENTED_EDGE('',*,*,#5409,.F.);
#7720=ORIENTED_EDGE('',*,*,#5372,.T.);
#7721=ORIENTED_EDGE('',*,*,#5365,.T.);
#7722=ORIENTED_EDGE('',*,*,#5410,.F.);
#7723=ORIENTED_EDGE('',*,*,#5218,.F.);
#7724=ORIENTED_EDGE('',*,*,#5380,.T.);
#7725=ORIENTED_EDGE('',*,*,#5364,.T.);
#7726=ORIENTED_EDGE('',*,*,#5411,.F.);
#7727=ORIENTED_EDGE('',*,*,#5219,.F.);
#7728=ORIENTED_EDGE('',*,*,#5410,.T.);
#7729=ORIENTED_EDGE('',*,*,#5405,.F.);
#7730=ORIENTED_EDGE('',*,*,#5412,.T.);
#7731=ORIENTED_EDGE('',*,*,#5413,.F.);
#7732=ORIENTED_EDGE('',*,*,#5414,.F.);
#7733=ORIENTED_EDGE('',*,*,#5404,.F.);
#7734=ORIENTED_EDGE('',*,*,#5415,.F.);
#7735=ORIENTED_EDGE('',*,*,#5416,.F.);
#7736=ORIENTED_EDGE('',*,*,#5412,.F.);
#7737=ORIENTED_EDGE('',*,*,#5417,.F.);
#7738=ORIENTED_EDGE('',*,*,#5418,.F.);
#7739=ORIENTED_EDGE('',*,*,#5391,.F.);
#7740=ORIENTED_EDGE('',*,*,#5419,.F.);
#7741=ORIENTED_EDGE('',*,*,#5420,.F.);
#7742=ORIENTED_EDGE('',*,*,#5421,.F.);
#7743=ORIENTED_EDGE('',*,*,#5392,.F.);
#7744=ORIENTED_EDGE('',*,*,#5418,.T.);
#7745=ORIENTED_EDGE('',*,*,#5408,.F.);
#7746=ORIENTED_EDGE('',*,*,#5422,.T.);
#7747=ORIENTED_EDGE('',*,*,#5423,.F.);
#7748=ORIENTED_EDGE('',*,*,#5424,.F.);
#7749=ORIENTED_EDGE('',*,*,#5407,.F.);
#7750=ORIENTED_EDGE('',*,*,#5425,.F.);
#7751=ORIENTED_EDGE('',*,*,#5426,.F.);
#7752=ORIENTED_EDGE('',*,*,#5422,.F.);
#7753=ORIENTED_EDGE('',*,*,#5427,.F.);
#7754=ORIENTED_EDGE('',*,*,#5428,.F.);
#7755=ORIENTED_EDGE('',*,*,#5394,.F.);
#7756=ORIENTED_EDGE('',*,*,#5429,.F.);
#7757=ORIENTED_EDGE('',*,*,#5430,.F.);
#7758=ORIENTED_EDGE('',*,*,#5431,.F.);
#7759=ORIENTED_EDGE('',*,*,#5395,.F.);
#7760=ORIENTED_EDGE('',*,*,#5428,.T.);
#7761=ORIENTED_EDGE('',*,*,#5402,.F.);
#7762=ORIENTED_EDGE('',*,*,#5432,.T.);
#7763=ORIENTED_EDGE('',*,*,#5433,.F.);
#7764=ORIENTED_EDGE('',*,*,#5434,.F.);
#7765=ORIENTED_EDGE('',*,*,#5401,.F.);
#7766=ORIENTED_EDGE('',*,*,#5435,.F.);
#7767=ORIENTED_EDGE('',*,*,#5436,.F.);
#7768=ORIENTED_EDGE('',*,*,#5432,.F.);
#7769=ORIENTED_EDGE('',*,*,#5437,.F.);
#7770=ORIENTED_EDGE('',*,*,#5438,.F.);
#7771=ORIENTED_EDGE('',*,*,#5388,.F.);
#7772=ORIENTED_EDGE('',*,*,#5439,.F.);
#7773=ORIENTED_EDGE('',*,*,#5440,.F.);
#7774=ORIENTED_EDGE('',*,*,#5441,.F.);
#7775=ORIENTED_EDGE('',*,*,#5389,.F.);
#7776=ORIENTED_EDGE('',*,*,#5438,.T.);
#7777=ORIENTED_EDGE('',*,*,#5399,.F.);
#7778=ORIENTED_EDGE('',*,*,#5442,.T.);
#7779=ORIENTED_EDGE('',*,*,#5443,.F.);
#7780=ORIENTED_EDGE('',*,*,#5444,.F.);
#7781=ORIENTED_EDGE('',*,*,#5398,.F.);
#7782=ORIENTED_EDGE('',*,*,#5445,.F.);
#7783=ORIENTED_EDGE('',*,*,#5446,.F.);
#7784=ORIENTED_EDGE('',*,*,#5442,.F.);
#7785=ORIENTED_EDGE('',*,*,#5447,.F.);
#7786=ORIENTED_EDGE('',*,*,#5448,.F.);
#7787=ORIENTED_EDGE('',*,*,#5385,.F.);
#7788=ORIENTED_EDGE('',*,*,#5449,.F.);
#7789=ORIENTED_EDGE('',*,*,#5450,.F.);
#7790=ORIENTED_EDGE('',*,*,#5451,.F.);
#7791=ORIENTED_EDGE('',*,*,#5386,.F.);
#7792=ORIENTED_EDGE('',*,*,#5448,.T.);
#7793=ORIENTED_EDGE('',*,*,#5362,.T.);
#7794=ORIENTED_EDGE('',*,*,#5452,.T.);
#7795=ORIENTED_EDGE('',*,*,#5449,.T.);
#7796=ORIENTED_EDGE('',*,*,#5384,.T.);
#7797=ORIENTED_EDGE('',*,*,#5338,.T.);
#7798=ORIENTED_EDGE('',*,*,#5348,.T.);
#7799=ORIENTED_EDGE('',*,*,#5345,.T.);
#7800=ORIENTED_EDGE('',*,*,#5342,.T.);
#7801=ORIENTED_EDGE('',*,*,#5439,.T.);
#7802=ORIENTED_EDGE('',*,*,#5387,.T.);
#7803=ORIENTED_EDGE('',*,*,#5451,.T.);
#7804=ORIENTED_EDGE('',*,*,#5453,.T.);
#7805=ORIENTED_EDGE('',*,*,#5278,.T.);
#7806=ORIENTED_EDGE('',*,*,#5288,.T.);
#7807=ORIENTED_EDGE('',*,*,#5285,.T.);
#7808=ORIENTED_EDGE('',*,*,#5282,.T.);
#7809=ORIENTED_EDGE('',*,*,#5377,.T.);
#7810=ORIENTED_EDGE('',*,*,#5396,.T.);
#7811=ORIENTED_EDGE('',*,*,#5431,.T.);
#7812=ORIENTED_EDGE('',*,*,#5454,.T.);
#7813=ORIENTED_EDGE('',*,*,#5326,.T.);
#7814=ORIENTED_EDGE('',*,*,#5336,.T.);
#7815=ORIENTED_EDGE('',*,*,#5333,.T.);
#7816=ORIENTED_EDGE('',*,*,#5330,.T.);
#7817=ORIENTED_EDGE('',*,*,#5419,.T.);
#7818=ORIENTED_EDGE('',*,*,#5390,.T.);
#7819=ORIENTED_EDGE('',*,*,#5441,.T.);
#7820=ORIENTED_EDGE('',*,*,#5455,.T.);
#7821=ORIENTED_EDGE('',*,*,#5230,.T.);
#7822=ORIENTED_EDGE('',*,*,#5240,.T.);
#7823=ORIENTED_EDGE('',*,*,#5237,.T.);
#7824=ORIENTED_EDGE('',*,*,#5234,.T.);
#7825=ORIENTED_EDGE('',*,*,#5421,.T.);
#7826=ORIENTED_EDGE('',*,*,#5456,.T.);
#7827=ORIENTED_EDGE('',*,*,#5429,.T.);
#7828=ORIENTED_EDGE('',*,*,#5393,.T.);
#7829=ORIENTED_EDGE('',*,*,#5290,.T.);
#7830=ORIENTED_EDGE('',*,*,#5300,.T.);
#7831=ORIENTED_EDGE('',*,*,#5297,.T.);
#7832=ORIENTED_EDGE('',*,*,#5294,.T.);
#7833=ORIENTED_EDGE('',*,*,#5355,.T.);
#7834=ORIENTED_EDGE('',*,*,#5379,.F.);
#7835=ORIENTED_EDGE('',*,*,#5197,.F.);
#7836=ORIENTED_EDGE('',*,*,#5382,.T.);
#7837=ORIENTED_EDGE('',*,*,#5371,.T.);
#7838=ORIENTED_EDGE('',*,*,#5375,.T.);
#7839=ORIENTED_EDGE('',*,*,#5454,.F.);
#7840=ORIENTED_EDGE('',*,*,#5430,.T.);
#7841=ORIENTED_EDGE('',*,*,#5427,.T.);
#7842=ORIENTED_EDGE('',*,*,#5456,.F.);
#7843=ORIENTED_EDGE('',*,*,#5420,.T.);
#7844=ORIENTED_EDGE('',*,*,#5417,.T.);
#7845=ORIENTED_EDGE('',*,*,#5455,.F.);
#7846=ORIENTED_EDGE('',*,*,#5440,.T.);
#7847=ORIENTED_EDGE('',*,*,#5437,.T.);
#7848=ORIENTED_EDGE('',*,*,#5453,.F.);
#7849=ORIENTED_EDGE('',*,*,#5450,.T.);
#7850=ORIENTED_EDGE('',*,*,#5447,.T.);
#7851=ORIENTED_EDGE('',*,*,#5452,.F.);
#7852=ORIENTED_EDGE('',*,*,#5361,.T.);
#7853=ORIENTED_EDGE('',*,*,#5360,.T.);
#7854=ORIENTED_EDGE('',*,*,#5457,.T.);
#7855=ORIENTED_EDGE('',*,*,#5445,.T.);
#7856=ORIENTED_EDGE('',*,*,#5397,.T.);
#7857=ORIENTED_EDGE('',*,*,#5254,.T.);
#7858=ORIENTED_EDGE('',*,*,#5264,.T.);
#7859=ORIENTED_EDGE('',*,*,#5261,.T.);
#7860=ORIENTED_EDGE('',*,*,#5258,.T.);
#7861=ORIENTED_EDGE('',*,*,#5435,.T.);
#7862=ORIENTED_EDGE('',*,*,#5400,.T.);
#7863=ORIENTED_EDGE('',*,*,#5444,.T.);
#7864=ORIENTED_EDGE('',*,*,#5458,.T.);
#7865=ORIENTED_EDGE('',*,*,#5314,.T.);
#7866=ORIENTED_EDGE('',*,*,#5324,.T.);
#7867=ORIENTED_EDGE('',*,*,#5321,.T.);
#7868=ORIENTED_EDGE('',*,*,#5318,.T.);
#7869=ORIENTED_EDGE('',*,*,#5373,.T.);
#7870=ORIENTED_EDGE('',*,*,#5409,.T.);
#7871=ORIENTED_EDGE('',*,*,#5424,.T.);
#7872=ORIENTED_EDGE('',*,*,#5459,.T.);
#7873=ORIENTED_EDGE('',*,*,#5266,.T.);
#7874=ORIENTED_EDGE('',*,*,#5276,.T.);
#7875=ORIENTED_EDGE('',*,*,#5273,.T.);
#7876=ORIENTED_EDGE('',*,*,#5270,.T.);
#7877=ORIENTED_EDGE('',*,*,#5415,.T.);
#7878=ORIENTED_EDGE('',*,*,#5403,.T.);
#7879=ORIENTED_EDGE('',*,*,#5434,.T.);
#7880=ORIENTED_EDGE('',*,*,#5460,.T.);
#7881=ORIENTED_EDGE('',*,*,#5302,.T.);
#7882=ORIENTED_EDGE('',*,*,#5312,.T.);
#7883=ORIENTED_EDGE('',*,*,#5309,.T.);
#7884=ORIENTED_EDGE('',*,*,#5306,.T.);
#7885=ORIENTED_EDGE('',*,*,#5414,.T.);
#7886=ORIENTED_EDGE('',*,*,#5461,.T.);
#7887=ORIENTED_EDGE('',*,*,#5425,.T.);
#7888=ORIENTED_EDGE('',*,*,#5406,.T.);
#7889=ORIENTED_EDGE('',*,*,#5242,.T.);
#7890=ORIENTED_EDGE('',*,*,#5252,.T.);
#7891=ORIENTED_EDGE('',*,*,#5249,.T.);
#7892=ORIENTED_EDGE('',*,*,#5246,.T.);
#7893=ORIENTED_EDGE('',*,*,#5351,.T.);
#7894=ORIENTED_EDGE('',*,*,#5381,.F.);
#7895=ORIENTED_EDGE('',*,*,#5220,.F.);
#7896=ORIENTED_EDGE('',*,*,#5411,.T.);
#7897=ORIENTED_EDGE('',*,*,#5367,.T.);
#7898=ORIENTED_EDGE('',*,*,#5374,.T.);
#7899=ORIENTED_EDGE('',*,*,#5459,.F.);
#7900=ORIENTED_EDGE('',*,*,#5423,.T.);
#7901=ORIENTED_EDGE('',*,*,#5426,.T.);
#7902=ORIENTED_EDGE('',*,*,#5461,.F.);
#7903=ORIENTED_EDGE('',*,*,#5413,.T.);
#7904=ORIENTED_EDGE('',*,*,#5416,.T.);
#7905=ORIENTED_EDGE('',*,*,#5460,.F.);
#7906=ORIENTED_EDGE('',*,*,#5433,.T.);
#7907=ORIENTED_EDGE('',*,*,#5436,.T.);
#7908=ORIENTED_EDGE('',*,*,#5458,.F.);
#7909=ORIENTED_EDGE('',*,*,#5443,.T.);
#7910=ORIENTED_EDGE('',*,*,#5446,.T.);
#7911=ORIENTED_EDGE('',*,*,#5457,.F.);
#7912=ORIENTED_EDGE('',*,*,#5359,.T.);
#7913=ORIENTED_EDGE('',*,*,#5462,.F.);
#7914=ORIENTED_EDGE('',*,*,#5463,.T.);
#7915=ORIENTED_EDGE('',*,*,#4267,.F.);
#7916=ORIENTED_EDGE('',*,*,#5464,.F.);
#7917=ORIENTED_EDGE('',*,*,#5465,.F.);
#7918=ORIENTED_EDGE('',*,*,#5464,.T.);
#7919=ORIENTED_EDGE('',*,*,#4266,.F.);
#7920=ORIENTED_EDGE('',*,*,#5466,.F.);
#7921=ORIENTED_EDGE('',*,*,#5467,.F.);
#7922=ORIENTED_EDGE('',*,*,#5466,.T.);
#7923=ORIENTED_EDGE('',*,*,#4265,.F.);
#7924=ORIENTED_EDGE('',*,*,#5468,.F.);
#7925=ORIENTED_EDGE('',*,*,#5469,.F.);
#7926=ORIENTED_EDGE('',*,*,#5468,.T.);
#7927=ORIENTED_EDGE('',*,*,#4264,.F.);
#7928=ORIENTED_EDGE('',*,*,#5463,.F.);
#7929=ORIENTED_EDGE('',*,*,#5166,.F.);
#7930=ORIENTED_EDGE('',*,*,#5470,.F.);
#7931=ORIENTED_EDGE('',*,*,#5467,.T.);
#7932=ORIENTED_EDGE('',*,*,#5471,.T.);
#7933=ORIENTED_EDGE('',*,*,#5167,.F.);
#7934=ORIENTED_EDGE('',*,*,#5471,.F.);
#7935=ORIENTED_EDGE('',*,*,#5469,.T.);
#7936=ORIENTED_EDGE('',*,*,#5472,.T.);
#7937=ORIENTED_EDGE('',*,*,#5168,.F.);
#7938=ORIENTED_EDGE('',*,*,#5472,.F.);
#7939=ORIENTED_EDGE('',*,*,#5462,.T.);
#7940=ORIENTED_EDGE('',*,*,#5473,.T.);
#7941=ORIENTED_EDGE('',*,*,#5169,.F.);
#7942=ORIENTED_EDGE('',*,*,#5473,.F.);
#7943=ORIENTED_EDGE('',*,*,#5465,.T.);
#7944=ORIENTED_EDGE('',*,*,#5470,.T.);
#7945=ORIENTED_EDGE('',*,*,#5213,.F.);
#7946=ORIENTED_EDGE('',*,*,#5474,.T.);
#7947=ORIENTED_EDGE('',*,*,#5165,.F.);
#7948=ORIENTED_EDGE('',*,*,#5475,.F.);
#7949=ORIENTED_EDGE('',*,*,#5214,.T.);
#7950=ORIENTED_EDGE('',*,*,#5475,.T.);
#7951=ORIENTED_EDGE('',*,*,#5164,.F.);
#7952=ORIENTED_EDGE('',*,*,#5476,.F.);
#7953=ORIENTED_EDGE('',*,*,#5215,.F.);
#7954=ORIENTED_EDGE('',*,*,#5476,.T.);
#7955=ORIENTED_EDGE('',*,*,#5163,.F.);
#7956=ORIENTED_EDGE('',*,*,#5477,.F.);
#7957=ORIENTED_EDGE('',*,*,#5216,.T.);
#7958=ORIENTED_EDGE('',*,*,#5477,.T.);
#7959=ORIENTED_EDGE('',*,*,#5162,.F.);
#7960=ORIENTED_EDGE('',*,*,#5478,.F.);
#7961=ORIENTED_EDGE('',*,*,#5178,.T.);
#7962=ORIENTED_EDGE('',*,*,#5217,.F.);
#7963=ORIENTED_EDGE('',*,*,#5478,.T.);
#7964=ORIENTED_EDGE('',*,*,#5161,.F.);
#7965=ORIENTED_EDGE('',*,*,#5479,.F.);
#7966=ORIENTED_EDGE('',*,*,#5184,.F.);
#7967=ORIENTED_EDGE('',*,*,#5176,.T.);
#7968=ORIENTED_EDGE('',*,*,#5180,.T.);
#7969=ORIENTED_EDGE('',*,*,#4268,.T.);
#7970=ORIENTED_EDGE('',*,*,#4271,.T.);
#7971=ORIENTED_EDGE('',*,*,#5185,.T.);
#7972=ORIENTED_EDGE('',*,*,#5479,.T.);
#7973=ORIENTED_EDGE('',*,*,#5160,.F.);
#7974=ORIENTED_EDGE('',*,*,#5480,.F.);
#7975=ORIENTED_EDGE('',*,*,#5186,.F.);
#7976=ORIENTED_EDGE('',*,*,#5480,.T.);
#7977=ORIENTED_EDGE('',*,*,#5159,.F.);
#7978=ORIENTED_EDGE('',*,*,#5481,.F.);
#7979=ORIENTED_EDGE('',*,*,#5187,.T.);
#7980=ORIENTED_EDGE('',*,*,#5481,.T.);
#7981=ORIENTED_EDGE('',*,*,#5158,.F.);
#7982=ORIENTED_EDGE('',*,*,#5482,.F.);
#7983=ORIENTED_EDGE('',*,*,#5188,.F.);
#7984=ORIENTED_EDGE('',*,*,#5482,.T.);
#7985=ORIENTED_EDGE('',*,*,#5157,.F.);
#7986=ORIENTED_EDGE('',*,*,#5483,.F.);
#7987=ORIENTED_EDGE('',*,*,#5189,.T.);
#7988=ORIENTED_EDGE('',*,*,#5483,.T.);
#7989=ORIENTED_EDGE('',*,*,#5156,.F.);
#7990=ORIENTED_EDGE('',*,*,#5484,.F.);
#7991=ORIENTED_EDGE('',*,*,#5190,.F.);
#7992=ORIENTED_EDGE('',*,*,#5484,.T.);
#7993=ORIENTED_EDGE('',*,*,#5155,.F.);
#7994=ORIENTED_EDGE('',*,*,#5485,.F.);
#7995=ORIENTED_EDGE('',*,*,#5191,.T.);
#7996=ORIENTED_EDGE('',*,*,#5485,.T.);
#7997=ORIENTED_EDGE('',*,*,#5154,.F.);
#7998=ORIENTED_EDGE('',*,*,#5486,.F.);
#7999=ORIENTED_EDGE('',*,*,#5207,.T.);
#8000=ORIENTED_EDGE('',*,*,#5192,.F.);
#8001=ORIENTED_EDGE('',*,*,#5486,.T.);
#8002=ORIENTED_EDGE('',*,*,#5153,.F.);
#8003=ORIENTED_EDGE('',*,*,#5487,.F.);
#8004=ORIENTED_EDGE('',*,*,#5209,.F.);
#8005=ORIENTED_EDGE('',*,*,#5202,.T.);
#8006=ORIENTED_EDGE('',*,*,#5204,.T.);
#8007=ORIENTED_EDGE('',*,*,#4274,.T.);
#8008=ORIENTED_EDGE('',*,*,#4277,.T.);
#8009=ORIENTED_EDGE('',*,*,#5210,.T.);
#8010=ORIENTED_EDGE('',*,*,#5487,.T.);
#8011=ORIENTED_EDGE('',*,*,#5152,.F.);
#8012=ORIENTED_EDGE('',*,*,#5488,.F.);
#8013=ORIENTED_EDGE('',*,*,#5211,.F.);
#8014=ORIENTED_EDGE('',*,*,#5488,.T.);
#8015=ORIENTED_EDGE('',*,*,#5151,.F.);
#8016=ORIENTED_EDGE('',*,*,#5489,.F.);
#8017=ORIENTED_EDGE('',*,*,#5212,.T.);
#8018=ORIENTED_EDGE('',*,*,#5489,.T.);
#8019=ORIENTED_EDGE('',*,*,#5150,.F.);
#8020=ORIENTED_EDGE('',*,*,#5474,.F.);
#8021=ORIENTED_EDGE('',*,*,#4523,.T.);
#8022=ORIENTED_EDGE('',*,*,#4536,.T.);
#8023=ORIENTED_EDGE('',*,*,#4533,.T.);
#8024=ORIENTED_EDGE('',*,*,#4530,.T.);
#8025=ORIENTED_EDGE('',*,*,#4527,.T.);
#8026=PLANE('',#8781);
#8027=PLANE('',#8782);
#8028=PLANE('',#8783);
#8029=PLANE('',#8784);
#8030=PLANE('',#8785);
#8031=PLANE('',#8786);
#8032=PLANE('',#8787);
#8033=PLANE('',#8788);
#8034=PLANE('',#8789);
#8035=PLANE('',#8790);
#8036=PLANE('',#8791);
#8037=PLANE('',#8792);
#8038=PLANE('',#8796);
#8039=PLANE('',#8800);
#8040=PLANE('',#8804);
#8041=PLANE('',#8808);
#8042=PLANE('',#8809);
#8043=PLANE('',#8810);
#8044=PLANE('',#8811);
#8045=PLANE('',#8812);
#8046=PLANE('',#8813);
#8047=PLANE('',#8814);
#8048=PLANE('',#8815);
#8049=PLANE('',#8816);
#8050=PLANE('',#8817);
#8051=PLANE('',#8818);
#8052=PLANE('',#8819);
#8053=PLANE('',#8820);
#8054=PLANE('',#8821);
#8055=PLANE('',#8822);
#8056=PLANE('',#8823);
#8057=PLANE('',#8824);
#8058=PLANE('',#8825);
#8059=PLANE('',#8826);
#8060=PLANE('',#8827);
#8061=PLANE('',#8828);
#8062=PLANE('',#8829);
#8063=PLANE('',#8830);
#8064=PLANE('',#8831);
#8065=PLANE('',#8832);
#8066=PLANE('',#8833);
#8067=PLANE('',#8834);
#8068=PLANE('',#8835);
#8069=PLANE('',#8836);
#8070=PLANE('',#8837);
#8071=PLANE('',#8838);
#8072=PLANE('',#8839);
#8073=PLANE('',#8840);
#8074=PLANE('',#8841);
#8075=PLANE('',#8842);
#8076=PLANE('',#8843);
#8077=PLANE('',#8844);
#8078=PLANE('',#8845);
#8079=PLANE('',#8846);
#8080=PLANE('',#8847);
#8081=PLANE('',#8848);
#8082=PLANE('',#8849);
#8083=PLANE('',#8850);
#8084=PLANE('',#8851);
#8085=PLANE('',#8852);
#8086=PLANE('',#8853);
#8087=PLANE('',#8854);
#8088=PLANE('',#8855);
#8089=PLANE('',#8856);
#8090=PLANE('',#8857);
#8091=PLANE('',#8858);
#8092=PLANE('',#8859);
#8093=PLANE('',#8860);
#8094=PLANE('',#8861);
#8095=PLANE('',#8862);
#8096=PLANE('',#8863);
#8097=PLANE('',#8864);
#8098=PLANE('',#8865);
#8099=PLANE('',#8866);
#8100=PLANE('',#8867);
#8101=PLANE('',#8868);
#8102=PLANE('',#8869);
#8103=PLANE('',#8870);
#8104=PLANE('',#8871);
#8105=PLANE('',#8872);
#8106=PLANE('',#8873);
#8107=PLANE('',#8874);
#8108=PLANE('',#8875);
#8109=PLANE('',#8876);
#8110=PLANE('',#8877);
#8111=PLANE('',#8878);
#8112=PLANE('',#8879);
#8113=PLANE('',#8880);
#8114=PLANE('',#8881);
#8115=PLANE('',#8882);
#8116=PLANE('',#8883);
#8117=PLANE('',#8884);
#8118=PLANE('',#8885);
#8119=PLANE('',#8886);
#8120=PLANE('',#8887);
#8121=PLANE('',#8888);
#8122=PLANE('',#8889);
#8123=PLANE('',#8890);
#8124=PLANE('',#8891);
#8125=PLANE('',#8892);
#8126=PLANE('',#8893);
#8127=PLANE('',#8894);
#8128=PLANE('',#8895);
#8129=PLANE('',#8896);
#8130=PLANE('',#8897);
#8131=PLANE('',#8898);
#8132=PLANE('',#8899);
#8133=PLANE('',#8900);
#8134=PLANE('',#8901);
#8135=PLANE('',#8902);
#8136=PLANE('',#8903);
#8137=PLANE('',#8904);
#8138=PLANE('',#8905);
#8139=PLANE('',#8906);
#8140=PLANE('',#8907);
#8141=PLANE('',#8908);
#8142=PLANE('',#8909);
#8143=PLANE('',#8910);
#8144=PLANE('',#8911);
#8145=PLANE('',#8912);
#8146=PLANE('',#8913);
#8147=PLANE('',#8914);
#8148=PLANE('',#8915);
#8149=PLANE('',#8916);
#8150=PLANE('',#8917);
#8151=PLANE('',#8918);
#8152=PLANE('',#8919);
#8153=PLANE('',#8920);
#8154=PLANE('',#8921);
#8155=PLANE('',#8922);
#8156=PLANE('',#8923);
#8157=PLANE('',#8924);
#8158=PLANE('',#8925);
#8159=PLANE('',#8926);
#8160=PLANE('',#8927);
#8161=PLANE('',#8928);
#8162=PLANE('',#8929);
#8163=PLANE('',#8930);
#8164=PLANE('',#8931);
#8165=PLANE('',#8932);
#8166=PLANE('',#8933);
#8167=PLANE('',#8934);
#8168=PLANE('',#8935);
#8169=PLANE('',#8936);
#8170=PLANE('',#8937);
#8171=PLANE('',#8938);
#8172=PLANE('',#8939);
#8173=PLANE('',#8940);
#8174=PLANE('',#8941);
#8175=PLANE('',#8942);
#8176=PLANE('',#8955);
#8177=PLANE('',#8956);
#8178=PLANE('',#8957);
#8179=PLANE('',#8958);
#8180=PLANE('',#8959);
#8181=PLANE('',#8960);
#8182=PLANE('',#8961);
#8183=PLANE('',#8962);
#8184=PLANE('',#8963);
#8185=PLANE('',#8970);
#8186=PLANE('',#8971);
#8187=PLANE('',#8972);
#8188=PLANE('',#8973);
#8189=PLANE('',#8974);
#8190=PLANE('',#8975);
#8191=PLANE('',#8984);
#8192=PLANE('',#8987);
#8193=PLANE('',#8990);
#8194=PLANE('',#8993);
#8195=PLANE('',#8994);
#8196=PLANE('',#8995);
#8197=PLANE('',#8996);
#8198=PLANE('',#8997);
#8199=PLANE('',#8998);
#8200=PLANE('',#8999);
#8201=PLANE('',#9000);
#8202=PLANE('',#9001);
#8203=PLANE('',#9002);
#8204=PLANE('',#9003);
#8205=PLANE('',#9004);
#8206=PLANE('',#9005);
#8207=PLANE('',#9006);
#8208=PLANE('',#9007);
#8209=PLANE('',#9008);
#8210=PLANE('',#9009);
#8211=PLANE('',#9010);
#8212=PLANE('',#9011);
#8213=PLANE('',#9012);
#8214=PLANE('',#9013);
#8215=PLANE('',#9014);
#8216=PLANE('',#9015);
#8217=PLANE('',#9016);
#8218=PLANE('',#9017);
#8219=PLANE('',#9018);
#8220=PLANE('',#9019);
#8221=PLANE('',#9020);
#8222=PLANE('',#9021);
#8223=PLANE('',#9022);
#8224=PLANE('',#9023);
#8225=PLANE('',#9024);
#8226=PLANE('',#9025);
#8227=PLANE('',#9026);
#8228=PLANE('',#9027);
#8229=PLANE('',#9028);
#8230=PLANE('',#9029);
#8231=PLANE('',#9030);
#8232=PLANE('',#9031);
#8233=PLANE('',#9032);
#8234=PLANE('',#9033);
#8235=PLANE('',#9034);
#8236=PLANE('',#9035);
#8237=PLANE('',#9036);
#8238=PLANE('',#9037);
#8239=PLANE('',#9038);
#8240=PLANE('',#9039);
#8241=PLANE('',#9040);
#8242=PLANE('',#9041);
#8243=PLANE('',#9042);
#8244=PLANE('',#9043);
#8245=PLANE('',#9044);
#8246=PLANE('',#9046);
#8247=PLANE('',#9048);
#8248=PLANE('',#9049);
#8249=PLANE('',#9050);
#8250=PLANE('',#9052);
#8251=PLANE('',#9054);
#8252=PLANE('',#9055);
#8253=PLANE('',#9059);
#8254=PLANE('',#9060);
#8255=PLANE('',#9062);
#8256=PLANE('',#9063);
#8257=PLANE('',#9064);
#8258=PLANE('',#9065);
#8259=PLANE('',#9066);
#8260=PLANE('',#9067);
#8261=PLANE('',#9068);
#8262=PLANE('',#9069);
#8263=PLANE('',#9070);
#8264=PLANE('',#9071);
#8265=PLANE('',#9072);
#8266=PLANE('',#9073);
#8267=PLANE('',#9074);
#8268=PLANE('',#9075);
#8269=PLANE('',#9076);
#8270=PLANE('',#9077);
#8271=PLANE('',#9078);
#8272=PLANE('',#9079);
#8273=PLANE('',#9080);
#8274=PLANE('',#9081);
#8275=PLANE('',#9082);
#8276=PLANE('',#9083);
#8277=PLANE('',#9084);
#8278=PLANE('',#9085);
#8279=PLANE('',#9086);
#8280=PLANE('',#9087);
#8281=PLANE('',#9088);
#8282=PLANE('',#9089);
#8283=PLANE('',#9090);
#8284=PLANE('',#9091);
#8285=PLANE('',#9092);
#8286=PLANE('',#9093);
#8287=PLANE('',#9094);
#8288=PLANE('',#9095);
#8289=PLANE('',#9096);
#8290=PLANE('',#9097);
#8291=PLANE('',#9098);
#8292=PLANE('',#9100);
#8293=PLANE('',#9102);
#8294=PLANE('',#9104);
#8295=PLANE('',#9106);
#8296=PLANE('',#9108);
#8297=PLANE('',#9110);
#8298=PLANE('',#9112);
#8299=PLANE('',#9114);
#8300=ADVANCED_FACE('',(#637),#8026,.F.);
#8301=ADVANCED_FACE('',(#638),#8027,.F.);
#8302=ADVANCED_FACE('',(#639),#8028,.F.);
#8303=ADVANCED_FACE('',(#640),#8029,.F.);
#8304=ADVANCED_FACE('',(#641),#8030,.F.);
#8305=ADVANCED_FACE('',(#642),#8031,.F.);
#8306=ADVANCED_FACE('',(#643),#8032,.F.);
#8307=ADVANCED_FACE('',(#644),#8033,.F.);
#8308=ADVANCED_FACE('',(#645),#8034,.F.);
#8309=ADVANCED_FACE('',(#646),#8035,.F.);
#8310=ADVANCED_FACE('',(#647),#8036,.T.);
#8311=ADVANCED_FACE('',(#648,#594),#8037,.T.);
#8312=ADVANCED_FACE('',(#649),#574,.F.);
#8313=ADVANCED_FACE('',(#650),#8038,.T.);
#8314=ADVANCED_FACE('',(#651),#575,.F.);
#8315=ADVANCED_FACE('',(#652),#8039,.T.);
#8316=ADVANCED_FACE('',(#653),#576,.F.);
#8317=ADVANCED_FACE('',(#654),#8040,.T.);
#8318=ADVANCED_FACE('',(#655),#577,.F.);
#8319=ADVANCED_FACE('',(#656),#8041,.T.);
#8320=ADVANCED_FACE('',(#657),#8042,.F.);
#8321=ADVANCED_FACE('',(#658),#8043,.F.);
#8322=ADVANCED_FACE('',(#659),#8044,.F.);
#8323=ADVANCED_FACE('',(#660),#361,.F.);
#8324=ADVANCED_FACE('',(#661),#362,.F.);
#8325=ADVANCED_FACE('',(#662),#8045,.F.);
#8326=ADVANCED_FACE('',(#663),#8046,.F.);
#8327=ADVANCED_FACE('',(#664),#8047,.F.);
#8328=ADVANCED_FACE('',(#665),#363,.F.);
#8329=ADVANCED_FACE('',(#666),#364,.F.);
#8330=ADVANCED_FACE('',(#667),#365,.F.);
#8331=ADVANCED_FACE('',(#668),#366,.F.);
#8332=ADVANCED_FACE('',(#669),#8048,.F.);
#8333=ADVANCED_FACE('',(#670),#8049,.F.);
#8334=ADVANCED_FACE('',(#671),#8050,.F.);
#8335=ADVANCED_FACE('',(#672),#8051,.F.);
#8336=ADVANCED_FACE('',(#673),#8052,.F.);
#8337=ADVANCED_FACE('',(#674),#8053,.F.);
#8338=ADVANCED_FACE('',(#675),#8054,.F.);
#8339=ADVANCED_FACE('',(#676),#8055,.F.);
#8340=ADVANCED_FACE('',(#677),#8056,.T.);
#8341=ADVANCED_FACE('',(#678),#8057,.F.);
#8342=ADVANCED_FACE('',(#679),#8058,.F.);
#8343=ADVANCED_FACE('',(#680),#8059,.F.);
#8344=ADVANCED_FACE('',(#681),#8060,.F.);
#8345=ADVANCED_FACE('',(#682),#8061,.F.);
#8346=ADVANCED_FACE('',(#683),#8062,.F.);
#8347=ADVANCED_FACE('',(#684),#8063,.F.);
#8348=ADVANCED_FACE('',(#685),#8064,.F.);
#8349=ADVANCED_FACE('',(#686),#8065,.F.);
#8350=ADVANCED_FACE('',(#687),#8066,.F.);
#8351=ADVANCED_FACE('',(#688),#8067,.F.);
#8352=ADVANCED_FACE('',(#689),#8068,.F.);
#8353=ADVANCED_FACE('',(#690),#8069,.F.);
#8354=ADVANCED_FACE('',(#691),#8070,.F.);
#8355=ADVANCED_FACE('',(#692),#8071,.F.);
#8356=ADVANCED_FACE('',(#693),#8072,.F.);
#8357=ADVANCED_FACE('',(#694),#8073,.F.);
#8358=ADVANCED_FACE('',(#695),#8074,.F.);
#8359=ADVANCED_FACE('',(#696),#8075,.F.);
#8360=ADVANCED_FACE('',(#697),#8076,.F.);
#8361=ADVANCED_FACE('',(#698),#8077,.F.);
#8362=ADVANCED_FACE('',(#699),#8078,.F.);
#8363=ADVANCED_FACE('',(#700),#8079,.F.);
#8364=ADVANCED_FACE('',(#701),#8080,.F.);
#8365=ADVANCED_FACE('',(#702),#367,.F.);
#8366=ADVANCED_FACE('',(#703),#368,.F.);
#8367=ADVANCED_FACE('',(#704),#369,.F.);
#8368=ADVANCED_FACE('',(#705),#8081,.F.);
#8369=ADVANCED_FACE('',(#706),#370,.F.);
#8370=ADVANCED_FACE('',(#707),#371,.F.);
#8371=ADVANCED_FACE('',(#708),#372,.F.);
#8372=ADVANCED_FACE('',(#709),#8082,.F.);
#8373=ADVANCED_FACE('',(#710),#8083,.F.);
#8374=ADVANCED_FACE('',(#711),#8084,.T.);
#8375=ADVANCED_FACE('',(#712),#8085,.F.);
#8376=ADVANCED_FACE('',(#713),#8086,.F.);
#8377=ADVANCED_FACE('',(#714),#8087,.F.);
#8378=ADVANCED_FACE('',(#715),#373,.F.);
#8379=ADVANCED_FACE('',(#716),#374,.F.);
#8380=ADVANCED_FACE('',(#717),#375,.F.);
#8381=ADVANCED_FACE('',(#718),#376,.F.);
#8382=ADVANCED_FACE('',(#719),#8088,.F.);
#8383=ADVANCED_FACE('',(#720),#8089,.F.);
#8384=ADVANCED_FACE('',(#721),#8090,.F.);
#8385=ADVANCED_FACE('',(#722),#377,.F.);
#8386=ADVANCED_FACE('',(#723),#378,.F.);
#8387=ADVANCED_FACE('',(#724),#379,.F.);
#8388=ADVANCED_FACE('',(#725),#380,.F.);
#8389=ADVANCED_FACE('',(#726),#8091,.F.);
#8390=ADVANCED_FACE('',(#727),#8092,.F.);
#8391=ADVANCED_FACE('',(#728),#8093,.T.);
#8392=ADVANCED_FACE('',(#729),#8094,.F.);
#8393=ADVANCED_FACE('',(#730),#8095,.F.);
#8394=ADVANCED_FACE('',(#731),#8096,.F.);
#8395=ADVANCED_FACE('',(#732),#381,.F.);
#8396=ADVANCED_FACE('',(#733),#382,.F.);
#8397=ADVANCED_FACE('',(#734),#383,.F.);
#8398=ADVANCED_FACE('',(#735),#384,.F.);
#8399=ADVANCED_FACE('',(#736),#8097,.F.);
#8400=ADVANCED_FACE('',(#737),#385,.F.);
#8401=ADVANCED_FACE('',(#738),#386,.F.);
#8402=ADVANCED_FACE('',(#739),#387,.F.);
#8403=ADVANCED_FACE('',(#740),#388,.F.);
#8404=ADVANCED_FACE('',(#741),#8098,.F.);
#8405=ADVANCED_FACE('',(#742),#8099,.F.);
#8406=ADVANCED_FACE('',(#743),#8100,.T.);
#8407=ADVANCED_FACE('',(#744),#389,.F.);
#8408=ADVANCED_FACE('',(#745),#8101,.F.);
#8409=ADVANCED_FACE('',(#746),#390,.F.);
#8410=ADVANCED_FACE('',(#747),#391,.F.);
#8411=ADVANCED_FACE('',(#748),#392,.F.);
#8412=ADVANCED_FACE('',(#749),#393,.F.);
#8413=ADVANCED_FACE('',(#750),#394,.F.);
#8414=ADVANCED_FACE('',(#751),#395,.F.);
#8415=ADVANCED_FACE('',(#752),#396,.F.);
#8416=ADVANCED_FACE('',(#753),#397,.F.);
#8417=ADVANCED_FACE('',(#754),#398,.F.);
#8418=ADVANCED_FACE('',(#755),#399,.F.);
#8419=ADVANCED_FACE('',(#756),#400,.F.);
#8420=ADVANCED_FACE('',(#757),#401,.F.);
#8421=ADVANCED_FACE('',(#758),#402,.F.);
#8422=ADVANCED_FACE('',(#759),#403,.F.);
#8423=ADVANCED_FACE('',(#760),#404,.F.);
#8424=ADVANCED_FACE('',(#761),#8102,.F.);
#8425=ADVANCED_FACE('',(#762),#405,.F.);
#8426=ADVANCED_FACE('',(#763),#406,.F.);
#8427=ADVANCED_FACE('',(#764),#407,.F.);
#8428=ADVANCED_FACE('',(#765),#408,.F.);
#8429=ADVANCED_FACE('',(#766),#8103,.F.);
#8430=ADVANCED_FACE('',(#767,#595),#8104,.T.);
#8431=ADVANCED_FACE('',(#768),#8105,.F.);
#8432=ADVANCED_FACE('',(#769),#8106,.F.);
#8433=ADVANCED_FACE('',(#770),#8107,.F.);
#8434=ADVANCED_FACE('',(#771),#8108,.F.);
#8435=ADVANCED_FACE('',(#772),#8109,.F.);
#8436=ADVANCED_FACE('',(#773),#8110,.F.);
#8437=ADVANCED_FACE('',(#774),#8111,.F.);
#8438=ADVANCED_FACE('',(#775),#8112,.F.);
#8439=ADVANCED_FACE('',(#776),#8113,.F.);
#8440=ADVANCED_FACE('',(#777),#8114,.F.);
#8441=ADVANCED_FACE('',(#778),#8115,.F.);
#8442=ADVANCED_FACE('',(#779),#409,.F.);
#8443=ADVANCED_FACE('',(#780),#410,.F.);
#8444=ADVANCED_FACE('',(#781),#8116,.F.);
#8445=ADVANCED_FACE('',(#782),#8117,.F.);
#8446=ADVANCED_FACE('',(#783),#8118,.F.);
#8447=ADVANCED_FACE('',(#784),#411,.F.);
#8448=ADVANCED_FACE('',(#785),#412,.F.);
#8449=ADVANCED_FACE('',(#786),#413,.F.);
#8450=ADVANCED_FACE('',(#787),#414,.F.);
#8451=ADVANCED_FACE('',(#788),#8119,.F.);
#8452=ADVANCED_FACE('',(#789),#8120,.F.);
#8453=ADVANCED_FACE('',(#790),#8121,.F.);
#8454=ADVANCED_FACE('',(#791),#8122,.F.);
#8455=ADVANCED_FACE('',(#792),#8123,.F.);
#8456=ADVANCED_FACE('',(#793),#8124,.F.);
#8457=ADVANCED_FACE('',(#794),#8125,.F.);
#8458=ADVANCED_FACE('',(#795),#8126,.F.);
#8459=ADVANCED_FACE('',(#796),#8127,.T.);
#8460=ADVANCED_FACE('',(#797),#415,.F.);
#8461=ADVANCED_FACE('',(#798),#8128,.F.);
#8462=ADVANCED_FACE('',(#799),#416,.F.);
#8463=ADVANCED_FACE('',(#800),#417,.F.);
#8464=ADVANCED_FACE('',(#801),#418,.F.);
#8465=ADVANCED_FACE('',(#802),#419,.F.);
#8466=ADVANCED_FACE('',(#803),#420,.F.);
#8467=ADVANCED_FACE('',(#804),#421,.F.);
#8468=ADVANCED_FACE('',(#805),#422,.F.);
#8469=ADVANCED_FACE('',(#806),#423,.F.);
#8470=ADVANCED_FACE('',(#807),#424,.F.);
#8471=ADVANCED_FACE('',(#808),#425,.F.);
#8472=ADVANCED_FACE('',(#809),#426,.F.);
#8473=ADVANCED_FACE('',(#810),#427,.F.);
#8474=ADVANCED_FACE('',(#811),#428,.F.);
#8475=ADVANCED_FACE('',(#812),#429,.F.);
#8476=ADVANCED_FACE('',(#813),#430,.F.);
#8477=ADVANCED_FACE('',(#814),#431,.F.);
#8478=ADVANCED_FACE('',(#815),#8129,.F.);
#8479=ADVANCED_FACE('',(#816),#8130,.F.);
#8480=ADVANCED_FACE('',(#817),#8131,.F.);
#8481=ADVANCED_FACE('',(#818),#8132,.F.);
#8482=ADVANCED_FACE('',(#819),#8133,.F.);
#8483=ADVANCED_FACE('',(#820,#596),#8134,.T.);
#8484=ADVANCED_FACE('',(#821),#432,.F.);
#8485=ADVANCED_FACE('',(#822),#433,.F.);
#8486=ADVANCED_FACE('',(#823),#434,.F.);
#8487=ADVANCED_FACE('',(#824),#435,.F.);
#8488=ADVANCED_FACE('',(#825),#436,.F.);
#8489=ADVANCED_FACE('',(#826),#437,.F.);
#8490=ADVANCED_FACE('',(#827),#438,.F.);
#8491=ADVANCED_FACE('',(#828),#439,.F.);
#8492=ADVANCED_FACE('',(#829),#440,.F.);
#8493=ADVANCED_FACE('',(#830),#441,.F.);
#8494=ADVANCED_FACE('',(#831),#442,.F.);
#8495=ADVANCED_FACE('',(#832),#443,.F.);
#8496=ADVANCED_FACE('',(#833),#444,.F.);
#8497=ADVANCED_FACE('',(#834),#445,.F.);
#8498=ADVANCED_FACE('',(#835),#446,.F.);
#8499=ADVANCED_FACE('',(#836),#447,.F.);
#8500=ADVANCED_FACE('',(#837),#448,.F.);
#8501=ADVANCED_FACE('',(#838),#449,.F.);
#8502=ADVANCED_FACE('',(#839,#597),#8135,.T.);
#8503=ADVANCED_FACE('',(#840),#8136,.F.);
#8504=ADVANCED_FACE('',(#841),#8137,.F.);
#8505=ADVANCED_FACE('',(#842),#8138,.F.);
#8506=ADVANCED_FACE('',(#843),#8139,.F.);
#8507=ADVANCED_FACE('',(#844),#8140,.F.);
#8508=ADVANCED_FACE('',(#845),#8141,.F.);
#8509=ADVANCED_FACE('',(#846),#8142,.F.);
#8510=ADVANCED_FACE('',(#847),#8143,.F.);
#8511=ADVANCED_FACE('',(#848),#8144,.F.);
#8512=ADVANCED_FACE('',(#849),#8145,.F.);
#8513=ADVANCED_FACE('',(#850),#8146,.F.);
#8514=ADVANCED_FACE('',(#851),#8147,.F.);
#8515=ADVANCED_FACE('',(#852),#450,.F.);
#8516=ADVANCED_FACE('',(#853),#451,.F.);
#8517=ADVANCED_FACE('',(#854),#452,.F.);
#8518=ADVANCED_FACE('',(#855),#453,.F.);
#8519=ADVANCED_FACE('',(#856),#8148,.F.);
#8520=ADVANCED_FACE('',(#857),#8149,.F.);
#8521=ADVANCED_FACE('',(#858),#8150,.F.);
#8522=ADVANCED_FACE('',(#859),#8151,.F.);
#8523=ADVANCED_FACE('',(#860),#8152,.F.);
#8524=ADVANCED_FACE('',(#861),#8153,.F.);
#8525=ADVANCED_FACE('',(#862),#8154,.F.);
#8526=ADVANCED_FACE('',(#863),#8155,.F.);
#8527=ADVANCED_FACE('',(#864),#8156,.F.);
#8528=ADVANCED_FACE('',(#865),#8157,.F.);
#8529=ADVANCED_FACE('',(#866),#8158,.F.);
#8530=ADVANCED_FACE('',(#867),#454,.F.);
#8531=ADVANCED_FACE('',(#868),#455,.F.);
#8532=ADVANCED_FACE('',(#869),#456,.F.);
#8533=ADVANCED_FACE('',(#870),#457,.F.);
#8534=ADVANCED_FACE('',(#871),#8159,.F.);
#8535=ADVANCED_FACE('',(#872),#8160,.T.);
#8536=ADVANCED_FACE('',(#873),#458,.F.);
#8537=ADVANCED_FACE('',(#874),#459,.F.);
#8538=ADVANCED_FACE('',(#875),#460,.F.);
#8539=ADVANCED_FACE('',(#876),#461,.F.);
#8540=ADVANCED_FACE('',(#877),#462,.F.);
#8541=ADVANCED_FACE('',(#878),#463,.F.);
#8542=ADVANCED_FACE('',(#879),#464,.F.);
#8543=ADVANCED_FACE('',(#880),#465,.F.);
#8544=ADVANCED_FACE('',(#881),#8161,.T.);
#8545=ADVANCED_FACE('',(#882),#466,.F.);
#8546=ADVANCED_FACE('',(#883),#467,.F.);
#8547=ADVANCED_FACE('',(#884),#8162,.F.);
#8548=ADVANCED_FACE('',(#885),#8163,.F.);
#8549=ADVANCED_FACE('',(#886),#468,.F.);
#8550=ADVANCED_FACE('',(#887),#469,.F.);
#8551=ADVANCED_FACE('',(#888),#470,.F.);
#8552=ADVANCED_FACE('',(#889),#471,.F.);
#8553=ADVANCED_FACE('',(#890),#472,.F.);
#8554=ADVANCED_FACE('',(#891),#473,.F.);
#8555=ADVANCED_FACE('',(#892),#474,.F.);
#8556=ADVANCED_FACE('',(#893),#8164,.F.);
#8557=ADVANCED_FACE('',(#894),#475,.F.);
#8558=ADVANCED_FACE('',(#895),#476,.F.);
#8559=ADVANCED_FACE('',(#896),#477,.F.);
#8560=ADVANCED_FACE('',(#897),#478,.F.);
#8561=ADVANCED_FACE('',(#898),#8165,.F.);
#8562=ADVANCED_FACE('',(#899),#8166,.F.);
#8563=ADVANCED_FACE('',(#900),#479,.F.);
#8564=ADVANCED_FACE('',(#901),#480,.F.);
#8565=ADVANCED_FACE('',(#902),#481,.F.);
#8566=ADVANCED_FACE('',(#903),#482,.F.);
#8567=ADVANCED_FACE('',(#904),#483,.F.);
#8568=ADVANCED_FACE('',(#905),#484,.F.);
#8569=ADVANCED_FACE('',(#906),#485,.F.);
#8570=ADVANCED_FACE('',(#907),#486,.F.);
#8571=ADVANCED_FACE('',(#908),#8167,.F.);
#8572=ADVANCED_FACE('',(#909),#487,.F.);
#8573=ADVANCED_FACE('',(#910),#488,.F.);
#8574=ADVANCED_FACE('',(#911),#8168,.F.);
#8575=ADVANCED_FACE('',(#912,#598),#8169,.T.);
#8576=ADVANCED_FACE('',(#913),#489,.F.);
#8577=ADVANCED_FACE('',(#914),#490,.F.);
#8578=ADVANCED_FACE('',(#915),#491,.F.);
#8579=ADVANCED_FACE('',(#916),#492,.F.);
#8580=ADVANCED_FACE('',(#917),#493,.F.);
#8581=ADVANCED_FACE('',(#918),#494,.F.);
#8582=ADVANCED_FACE('',(#919),#495,.F.);
#8583=ADVANCED_FACE('',(#920),#496,.F.);
#8584=ADVANCED_FACE('',(#921),#497,.F.);
#8585=ADVANCED_FACE('',(#922),#498,.F.);
#8586=ADVANCED_FACE('',(#923),#499,.F.);
#8587=ADVANCED_FACE('',(#924),#500,.F.);
#8588=ADVANCED_FACE('',(#925),#501,.F.);
#8589=ADVANCED_FACE('',(#926),#502,.F.);
#8590=ADVANCED_FACE('',(#927),#503,.F.);
#8591=ADVANCED_FACE('',(#928),#504,.F.);
#8592=ADVANCED_FACE('',(#929),#505,.F.);
#8593=ADVANCED_FACE('',(#930),#8170,.F.);
#8594=ADVANCED_FACE('',(#931),#506,.F.);
#8595=ADVANCED_FACE('',(#932),#507,.F.);
#8596=ADVANCED_FACE('',(#933),#508,.F.);
#8597=ADVANCED_FACE('',(#934),#509,.F.);
#8598=ADVANCED_FACE('',(#935),#510,.F.);
#8599=ADVANCED_FACE('',(#936),#511,.F.);
#8600=ADVANCED_FACE('',(#937),#512,.F.);
#8601=ADVANCED_FACE('',(#938),#8171,.F.);
#8602=ADVANCED_FACE('',(#939),#513,.F.);
#8603=ADVANCED_FACE('',(#940),#514,.F.);
#8604=ADVANCED_FACE('',(#941),#515,.F.);
#8605=ADVANCED_FACE('',(#942),#516,.F.);
#8606=ADVANCED_FACE('',(#943),#517,.F.);
#8607=ADVANCED_FACE('',(#944),#518,.F.);
#8608=ADVANCED_FACE('',(#945),#519,.F.);
#8609=ADVANCED_FACE('',(#946),#520,.F.);
#8610=ADVANCED_FACE('',(#947),#8172,.F.);
#8611=ADVANCED_FACE('',(#948),#521,.F.);
#8612=ADVANCED_FACE('',(#949),#522,.F.);
#8613=ADVANCED_FACE('',(#950),#523,.F.);
#8614=ADVANCED_FACE('',(#951),#524,.F.);
#8615=ADVANCED_FACE('',(#952),#525,.F.);
#8616=ADVANCED_FACE('',(#953),#526,.F.);
#8617=ADVANCED_FACE('',(#954),#527,.F.);
#8618=ADVANCED_FACE('',(#955),#528,.F.);
#8619=ADVANCED_FACE('',(#956),#529,.F.);
#8620=ADVANCED_FACE('',(#957),#530,.F.);
#8621=ADVANCED_FACE('',(#958),#531,.F.);
#8622=ADVANCED_FACE('',(#959),#532,.F.);
#8623=ADVANCED_FACE('',(#960),#8173,.F.);
#8624=ADVANCED_FACE('',(#961),#533,.F.);
#8625=ADVANCED_FACE('',(#962,#599),#8174,.T.);
#8626=ADVANCED_FACE('',(#963,#600,#601,#602,#603,#604,#605,#606,#607,#608,
#609,#610,#611,#612,#613,#614,#615,#616,#617,#618,#619,#620),#8175,.T.);
#8627=ADVANCED_FACE('',(#964),#8176,.T.);
#8628=ADVANCED_FACE('',(#965),#8177,.T.);
#8629=ADVANCED_FACE('',(#966),#8178,.T.);
#8630=ADVANCED_FACE('',(#967),#8179,.T.);
#8631=ADVANCED_FACE('',(#968),#8180,.F.);
#8632=ADVANCED_FACE('',(#969),#8181,.F.);
#8633=ADVANCED_FACE('',(#970),#8182,.F.);
#8634=ADVANCED_FACE('',(#971),#8183,.T.);
#8635=ADVANCED_FACE('',(#972,#621),#8184,.F.);
#8636=ADVANCED_FACE('',(#973),#8185,.F.);
#8637=ADVANCED_FACE('',(#974),#8186,.F.);
#8638=ADVANCED_FACE('',(#975),#8187,.F.);
#8639=ADVANCED_FACE('',(#976),#8188,.F.);
#8640=ADVANCED_FACE('',(#977),#8189,.T.);
#8641=ADVANCED_FACE('',(#978,#622),#8190,.F.);
#8642=ADVANCED_FACE('',(#979),#578,.F.);
#8643=ADVANCED_FACE('',(#980),#8191,.T.);
#8644=ADVANCED_FACE('',(#981),#579,.F.);
#8645=ADVANCED_FACE('',(#982),#8192,.T.);
#8646=ADVANCED_FACE('',(#983),#580,.F.);
#8647=ADVANCED_FACE('',(#984),#8193,.T.);
#8648=ADVANCED_FACE('',(#985),#581,.F.);
#8649=ADVANCED_FACE('',(#986),#8194,.T.);
#8650=ADVANCED_FACE('',(#987),#8195,.F.);
#8651=ADVANCED_FACE('',(#988),#8196,.F.);
#8652=ADVANCED_FACE('',(#989),#8197,.F.);
#8653=ADVANCED_FACE('',(#990),#8198,.F.);
#8654=ADVANCED_FACE('',(#991),#8199,.F.);
#8655=ADVANCED_FACE('',(#992),#8200,.F.);
#8656=ADVANCED_FACE('',(#993),#8201,.F.);
#8657=ADVANCED_FACE('',(#994),#8202,.F.);
#8658=ADVANCED_FACE('',(#995),#8203,.F.);
#8659=ADVANCED_FACE('',(#996),#8204,.F.);
#8660=ADVANCED_FACE('',(#997),#8205,.F.);
#8661=ADVANCED_FACE('',(#998),#8206,.F.);
#8662=ADVANCED_FACE('',(#999),#8207,.F.);
#8663=ADVANCED_FACE('',(#1000),#8208,.F.);
#8664=ADVANCED_FACE('',(#1001),#8209,.F.);
#8665=ADVANCED_FACE('',(#1002),#8210,.F.);
#8666=ADVANCED_FACE('',(#1003),#8211,.F.);
#8667=ADVANCED_FACE('',(#1004),#8212,.F.);
#8668=ADVANCED_FACE('',(#1005),#8213,.F.);
#8669=ADVANCED_FACE('',(#1006),#8214,.F.);
#8670=ADVANCED_FACE('',(#1007),#8215,.F.);
#8671=ADVANCED_FACE('',(#1008),#8216,.F.);
#8672=ADVANCED_FACE('',(#1009),#8217,.F.);
#8673=ADVANCED_FACE('',(#1010),#8218,.F.);
#8674=ADVANCED_FACE('',(#1011),#8219,.F.);
#8675=ADVANCED_FACE('',(#1012),#8220,.F.);
#8676=ADVANCED_FACE('',(#1013),#8221,.F.);
#8677=ADVANCED_FACE('',(#1014),#8222,.F.);
#8678=ADVANCED_FACE('',(#1015),#8223,.F.);
#8679=ADVANCED_FACE('',(#1016),#8224,.F.);
#8680=ADVANCED_FACE('',(#1017),#8225,.F.);
#8681=ADVANCED_FACE('',(#1018),#8226,.F.);
#8682=ADVANCED_FACE('',(#1019),#8227,.F.);
#8683=ADVANCED_FACE('',(#1020),#8228,.F.);
#8684=ADVANCED_FACE('',(#1021),#8229,.F.);
#8685=ADVANCED_FACE('',(#1022),#8230,.F.);
#8686=ADVANCED_FACE('',(#1023),#8231,.F.);
#8687=ADVANCED_FACE('',(#1024),#8232,.F.);
#8688=ADVANCED_FACE('',(#1025),#8233,.F.);
#8689=ADVANCED_FACE('',(#1026),#8234,.F.);
#8690=ADVANCED_FACE('',(#1027),#8235,.F.);
#8691=ADVANCED_FACE('',(#1028),#8236,.F.);
#8692=ADVANCED_FACE('',(#1029),#8237,.F.);
#8693=ADVANCED_FACE('',(#1030),#8238,.F.);
#8694=ADVANCED_FACE('',(#1031),#8239,.F.);
#8695=ADVANCED_FACE('',(#1032),#8240,.F.);
#8696=ADVANCED_FACE('',(#1033),#8241,.F.);
#8697=ADVANCED_FACE('',(#1034),#8242,.F.);
#8698=ADVANCED_FACE('',(#1035),#8243,.F.);
#8699=ADVANCED_FACE('',(#1036),#8244,.F.);
#8700=ADVANCED_FACE('',(#1037),#8245,.F.);
#8701=ADVANCED_FACE('',(#1038),#8246,.F.);
#8702=ADVANCED_FACE('',(#1039),#8247,.F.);
#8703=ADVANCED_FACE('',(#1040),#8248,.F.);
#8704=ADVANCED_FACE('',(#1041),#8249,.F.);
#8705=ADVANCED_FACE('',(#1042),#8250,.F.);
#8706=ADVANCED_FACE('',(#1043),#8251,.F.);
#8707=ADVANCED_FACE('',(#1044),#8252,.F.);
#8708=ADVANCED_FACE('',(#1045),#582,.T.);
#8709=ADVANCED_FACE('',(#1046),#583,.T.);
#8710=ADVANCED_FACE('',(#1047),#584,.T.);
#8711=ADVANCED_FACE('',(#1048),#8253,.T.);
#8712=ADVANCED_FACE('',(#1049),#8254,.T.);
#8713=ADVANCED_FACE('',(#1050),#585,.T.);
#8714=ADVANCED_FACE('',(#1051),#8255,.F.);
#8715=ADVANCED_FACE('',(#1052),#8256,.F.);
#8716=ADVANCED_FACE('',(#1053),#8257,.F.);
#8717=ADVANCED_FACE('',(#1054),#8258,.F.);
#8718=ADVANCED_FACE('',(#1055),#8259,.F.);
#8719=ADVANCED_FACE('',(#1056),#8260,.F.);
#8720=ADVANCED_FACE('',(#1057),#8261,.F.);
#8721=ADVANCED_FACE('',(#1058),#8262,.F.);
#8722=ADVANCED_FACE('',(#1059),#8263,.F.);
#8723=ADVANCED_FACE('',(#1060),#8264,.F.);
#8724=ADVANCED_FACE('',(#1061),#8265,.F.);
#8725=ADVANCED_FACE('',(#1062),#8266,.F.);
#8726=ADVANCED_FACE('',(#1063),#8267,.F.);
#8727=ADVANCED_FACE('',(#1064),#8268,.F.);
#8728=ADVANCED_FACE('',(#1065),#8269,.F.);
#8729=ADVANCED_FACE('',(#1066),#8270,.F.);
#8730=ADVANCED_FACE('',(#1067,#623),#8271,.F.);
#8731=ADVANCED_FACE('',(#1068,#624),#8272,.F.);
#8732=ADVANCED_FACE('',(#1069,#625),#8273,.F.);
#8733=ADVANCED_FACE('',(#1070,#626),#8274,.F.);
#8734=ADVANCED_FACE('',(#1071,#627),#8275,.F.);
#8735=ADVANCED_FACE('',(#1072),#8276,.T.);
#8736=ADVANCED_FACE('',(#1073,#628),#8277,.F.);
#8737=ADVANCED_FACE('',(#1074,#629),#8278,.F.);
#8738=ADVANCED_FACE('',(#1075,#630),#8279,.F.);
#8739=ADVANCED_FACE('',(#1076,#631),#8280,.F.);
#8740=ADVANCED_FACE('',(#1077,#632),#8281,.F.);
#8741=ADVANCED_FACE('',(#1078),#8282,.T.);
#8742=ADVANCED_FACE('',(#1079),#8283,.T.);
#8743=ADVANCED_FACE('',(#1080),#8284,.T.);
#8744=ADVANCED_FACE('',(#1081),#8285,.T.);
#8745=ADVANCED_FACE('',(#1082),#8286,.T.);
#8746=ADVANCED_FACE('',(#1083),#8287,.F.);
#8747=ADVANCED_FACE('',(#1084),#8288,.F.);
#8748=ADVANCED_FACE('',(#1085),#8289,.F.);
#8749=ADVANCED_FACE('',(#1086),#8290,.F.);
#8750=ADVANCED_FACE('',(#1087),#8291,.T.);
#8751=ADVANCED_FACE('',(#1088),#586,.T.);
#8752=ADVANCED_FACE('',(#1089),#8292,.T.);
#8753=ADVANCED_FACE('',(#1090),#587,.T.);
#8754=ADVANCED_FACE('',(#1091,#633,#634),#8293,.T.);
#8755=ADVANCED_FACE('',(#1092),#588,.T.);
#8756=ADVANCED_FACE('',(#1093),#8294,.T.);
#8757=ADVANCED_FACE('',(#1094),#589,.T.);
#8758=ADVANCED_FACE('',(#1095),#8295,.T.);
#8759=ADVANCED_FACE('',(#1096),#590,.T.);
#8760=ADVANCED_FACE('',(#1097),#8296,.T.);
#8761=ADVANCED_FACE('',(#1098),#591,.T.);
#8762=ADVANCED_FACE('',(#1099,#635,#636),#8297,.T.);
#8763=ADVANCED_FACE('',(#1100),#592,.T.);
#8764=ADVANCED_FACE('',(#1101),#8298,.T.);
#8765=ADVANCED_FACE('',(#1102),#593,.T.);
#8766=ADVANCED_FACE('',(#1103),#8299,.T.);
#8767=CLOSED_SHELL('',(#8300,#8301,#8302,#8303,#8304,#8305,#8306,#8307,
#8308,#8309,#8310,#8311,#8312,#8313,#8314,#8315,#8316,#8317,#8318,#8319,
#8320,#8321,#8322,#8323,#8324,#8325,#8326,#8327,#8328,#8329,#8330,#8331,
#8332,#8333,#8334,#8335,#8336,#8337,#8338,#8339,#8340,#8341,#8342,#8343,
#8344,#8345,#8346,#8347,#8348,#8349,#8350,#8351,#8352,#8353,#8354,#8355,
#8356,#8357,#8358,#8359,#8360,#8361,#8362,#8363,#8364,#8365,#8366,#8367,
#8368,#8369,#8370,#8371,#8372,#8373,#8374,#8375,#8376,#8377,#8378,#8379,
#8380,#8381,#8382,#8383,#8384,#8385,#8386,#8387,#8388,#8389,#8390,#8391,
#8392,#8393,#8394,#8395,#8396,#8397,#8398,#8399,#8400,#8401,#8402,#8403,
#8404,#8405,#8406,#8407,#8408,#8409,#8410,#8411,#8412,#8413,#8414,#8415,
#8416,#8417,#8418,#8419,#8420,#8421,#8422,#8423,#8424,#8425,#8426,#8427,
#8428,#8429,#8430,#8431,#8432,#8433,#8434,#8435,#8436,#8437,#8438,#8439,
#8440,#8441,#8442,#8443,#8444,#8445,#8446,#8447,#8448,#8449,#8450,#8451,
#8452,#8453,#8454,#8455,#8456,#8457,#8458,#8459,#8460,#8461,#8462,#8463,
#8464,#8465,#8466,#8467,#8468,#8469,#8470,#8471,#8472,#8473,#8474,#8475,
#8476,#8477,#8478,#8479,#8480,#8481,#8482,#8483,#8484,#8485,#8486,#8487,
#8488,#8489,#8490,#8491,#8492,#8493,#8494,#8495,#8496,#8497,#8498,#8499,
#8500,#8501,#8502,#8503,#8504,#8505,#8506,#8507,#8508,#8509,#8510,#8511,
#8512,#8513,#8514,#8515,#8516,#8517,#8518,#8519,#8520,#8521,#8522,#8523,
#8524,#8525,#8526,#8527,#8528,#8529,#8530,#8531,#8532,#8533,#8534,#8535,
#8536,#8537,#8538,#8539,#8540,#8541,#8542,#8543,#8544,#8545,#8546,#8547,
#8548,#8549,#8550,#8551,#8552,#8553,#8554,#8555,#8556,#8557,#8558,#8559,
#8560,#8561,#8562,#8563,#8564,#8565,#8566,#8567,#8568,#8569,#8570,#8571,
#8572,#8573,#8574,#8575,#8576,#8577,#8578,#8579,#8580,#8581,#8582,#8583,
#8584,#8585,#8586,#8587,#8588,#8589,#8590,#8591,#8592,#8593,#8594,#8595,
#8596,#8597,#8598,#8599,#8600,#8601,#8602,#8603,#8604,#8605,#8606,#8607,
#8608,#8609,#8610,#8611,#8612,#8613,#8614,#8615,#8616,#8617,#8618,#8619,
#8620,#8621,#8622,#8623,#8624,#8625,#8626,#8627,#8628,#8629,#8630,#8631,
#8632,#8633,#8634,#8635,#8636,#8637,#8638,#8639,#8640,#8641,#8642,#8643,
#8644,#8645,#8646,#8647,#8648,#8649,#8650,#8651,#8652,#8653,#8654,#8655,
#8656,#8657,#8658,#8659,#8660,#8661,#8662,#8663,#8664,#8665,#8666,#8667,
#8668,#8669,#8670,#8671,#8672,#8673,#8674,#8675,#8676,#8677,#8678,#8679,
#8680,#8681,#8682,#8683,#8684,#8685,#8686,#8687,#8688,#8689,#8690,#8691,
#8692,#8693,#8694,#8695,#8696,#8697,#8698,#8699,#8700,#8701,#8702,#8703,
#8704,#8705,#8706,#8707,#8708,#8709,#8710,#8711,#8712,#8713,#8714,#8715,
#8716,#8717,#8718,#8719,#8720,#8721,#8722,#8723,#8724,#8725,#8726,#8727,
#8728,#8729,#8730,#8731,#8732,#8733,#8734,#8735,#8736,#8737,#8738,#8739,
#8740,#8741,#8742,#8743,#8744,#8745,#8746,#8747,#8748,#8749,#8750,#8751,
#8752,#8753,#8754,#8755,#8756,#8757,#8758,#8759,#8760,#8761,#8762,#8763,
#8764,#8765,#8766));
#8768=DERIVED_UNIT_ELEMENT(#8770,1.);
#8769=DERIVED_UNIT_ELEMENT(#16193,-3.);
#8770=(
MASS_UNIT()
NAMED_UNIT(*)
SI_UNIT(.KILO.,.GRAM.)
);
#8771=DERIVED_UNIT((#8768,#8769));
#8772=MEASURE_REPRESENTATION_ITEM('density measure',
POSITIVE_RATIO_MEASURE(7850.),#8771);
#8773=PROPERTY_DEFINITION_REPRESENTATION(#8778,#8775);
#8774=PROPERTY_DEFINITION_REPRESENTATION(#8779,#8776);
#8775=REPRESENTATION('material name',(#8777),#16190);
#8776=REPRESENTATION('density',(#8772),#16190);
#8777=DESCRIPTIVE_REPRESENTATION_ITEM('Steel','Steel');
#8778=PROPERTY_DEFINITION('material property','material name',#16200);
#8779=PROPERTY_DEFINITION('material property','density of part',#16200);
#8780=AXIS2_PLACEMENT_3D('',#10667,#9115,#9116);
#8781=AXIS2_PLACEMENT_3D('',#10668,#9117,#9118);
#8782=AXIS2_PLACEMENT_3D('',#10681,#9125,#9126);
#8783=AXIS2_PLACEMENT_3D('',#10687,#9130,#9131);
#8784=AXIS2_PLACEMENT_3D('',#10693,#9135,#9136);
#8785=AXIS2_PLACEMENT_3D('',#10700,#9141,#9142);
#8786=AXIS2_PLACEMENT_3D('',#10701,#9143,#9144);
#8787=AXIS2_PLACEMENT_3D('',#10710,#9149,#9150);
#8788=AXIS2_PLACEMENT_3D('',#10719,#9155,#9156);
#8789=AXIS2_PLACEMENT_3D('',#10722,#9159,#9160);
#8790=AXIS2_PLACEMENT_3D('',#10724,#9162,#9163);
#8791=AXIS2_PLACEMENT_3D('',#10730,#9167,#9168);
#8792=AXIS2_PLACEMENT_3D('',#10748,#9178,#9179);
#8793=AXIS2_PLACEMENT_3D('',#10761,#9187,#9188);
#8794=AXIS2_PLACEMENT_3D('',#10763,#9189,#9190);
#8795=AXIS2_PLACEMENT_3D('',#10766,#9192,#9193);
#8796=AXIS2_PLACEMENT_3D('',#10767,#9194,#9195);
#8797=AXIS2_PLACEMENT_3D('',#10768,#9196,#9197);
#8798=AXIS2_PLACEMENT_3D('',#10770,#9198,#9199);
#8799=AXIS2_PLACEMENT_3D('',#10773,#9201,#9202);
#8800=AXIS2_PLACEMENT_3D('',#10774,#9203,#9204);
#8801=AXIS2_PLACEMENT_3D('',#10775,#9205,#9206);
#8802=AXIS2_PLACEMENT_3D('',#10777,#9207,#9208);
#8803=AXIS2_PLACEMENT_3D('',#10780,#9210,#9211);
#8804=AXIS2_PLACEMENT_3D('',#10781,#9212,#9213);
#8805=AXIS2_PLACEMENT_3D('',#10782,#9214,#9215);
#8806=AXIS2_PLACEMENT_3D('',#10784,#9216,#9217);
#8807=AXIS2_PLACEMENT_3D('',#10787,#9219,#9220);
#8808=AXIS2_PLACEMENT_3D('',#10788,#9221,#9222);
#8809=AXIS2_PLACEMENT_3D('',#10789,#9223,#9224);
#8810=AXIS2_PLACEMENT_3D('',#10798,#9229,#9230);
#8811=AXIS2_PLACEMENT_3D('',#10804,#9234,#9235);
#8812=AXIS2_PLACEMENT_3D('',#10856,#9241,#9242);
#8813=AXIS2_PLACEMENT_3D('',#10862,#9246,#9247);
#8814=AXIS2_PLACEMENT_3D('',#10868,#9251,#9252);
#8815=AXIS2_PLACEMENT_3D('',#10966,#9260,#9261);
#8816=AXIS2_PLACEMENT_3D('',#10972,#9265,#9266);
#8817=AXIS2_PLACEMENT_3D('',#10978,#9270,#9271);
#8818=AXIS2_PLACEMENT_3D('',#10984,#9275,#9276);
#8819=AXIS2_PLACEMENT_3D('',#10990,#9280,#9281);
#8820=AXIS2_PLACEMENT_3D('',#10996,#9285,#9286);
#8821=AXIS2_PLACEMENT_3D('',#11002,#9290,#9291);
#8822=AXIS2_PLACEMENT_3D('',#11008,#9295,#9296);
#8823=AXIS2_PLACEMENT_3D('',#11011,#9299,#9300);
#8824=AXIS2_PLACEMENT_3D('',#11012,#9301,#9302);
#8825=AXIS2_PLACEMENT_3D('',#11021,#9307,#9308);
#8826=AXIS2_PLACEMENT_3D('',#11027,#9312,#9313);
#8827=AXIS2_PLACEMENT_3D('',#11033,#9317,#9318);
#8828=AXIS2_PLACEMENT_3D('',#11039,#9322,#9323);
#8829=AXIS2_PLACEMENT_3D('',#11045,#9327,#9328);
#8830=AXIS2_PLACEMENT_3D('',#11051,#9332,#9333);
#8831=AXIS2_PLACEMENT_3D('',#11054,#9336,#9337);
#8832=AXIS2_PLACEMENT_3D('',#11055,#9338,#9339);
#8833=AXIS2_PLACEMENT_3D('',#11064,#9344,#9345);
#8834=AXIS2_PLACEMENT_3D('',#11070,#9349,#9350);
#8835=AXIS2_PLACEMENT_3D('',#11076,#9354,#9355);
#8836=AXIS2_PLACEMENT_3D('',#11082,#9359,#9360);
#8837=AXIS2_PLACEMENT_3D('',#11088,#9364,#9365);
#8838=AXIS2_PLACEMENT_3D('',#11094,#9369,#9370);
#8839=AXIS2_PLACEMENT_3D('',#11100,#9374,#9375);
#8840=AXIS2_PLACEMENT_3D('',#11106,#9379,#9380);
#8841=AXIS2_PLACEMENT_3D('',#11112,#9384,#9385);
#8842=AXIS2_PLACEMENT_3D('',#11115,#9388,#9389);
#8843=AXIS2_PLACEMENT_3D('',#11116,#9390,#9391);
#8844=AXIS2_PLACEMENT_3D('',#11125,#9396,#9397);
#8845=AXIS2_PLACEMENT_3D('',#11131,#9401,#9402);
#8846=AXIS2_PLACEMENT_3D('',#11137,#9406,#9407);
#8847=AXIS2_PLACEMENT_3D('',#11143,#9411,#9412);
#8848=AXIS2_PLACEMENT_3D('',#11218,#9419,#9420);
#8849=AXIS2_PLACEMENT_3D('',#11293,#9427,#9428);
#8850=AXIS2_PLACEMENT_3D('',#11299,#9432,#9433);
#8851=AXIS2_PLACEMENT_3D('',#11302,#9436,#9437);
#8852=AXIS2_PLACEMENT_3D('',#11303,#9438,#9439);
#8853=AXIS2_PLACEMENT_3D('',#11312,#9444,#9445);
#8854=AXIS2_PLACEMENT_3D('',#11318,#9449,#9450);
#8855=AXIS2_PLACEMENT_3D('',#11416,#9458,#9459);
#8856=AXIS2_PLACEMENT_3D('',#11422,#9463,#9464);
#8857=AXIS2_PLACEMENT_3D('',#11428,#9468,#9469);
#8858=AXIS2_PLACEMENT_3D('',#11526,#9477,#9478);
#8859=AXIS2_PLACEMENT_3D('',#11532,#9482,#9483);
#8860=AXIS2_PLACEMENT_3D('',#11535,#9486,#9487);
#8861=AXIS2_PLACEMENT_3D('',#11536,#9488,#9489);
#8862=AXIS2_PLACEMENT_3D('',#11545,#9494,#9495);
#8863=AXIS2_PLACEMENT_3D('',#11551,#9499,#9500);
#8864=AXIS2_PLACEMENT_3D('',#11649,#9508,#9509);
#8865=AXIS2_PLACEMENT_3D('',#11747,#9517,#9518);
#8866=AXIS2_PLACEMENT_3D('',#11753,#9522,#9523);
#8867=AXIS2_PLACEMENT_3D('',#11756,#9526,#9527);
#8868=AXIS2_PLACEMENT_3D('',#11783,#9530,#9531);
#8869=AXIS2_PLACEMENT_3D('',#12134,#9550,#9551);
#8870=AXIS2_PLACEMENT_3D('',#12232,#9559,#9560);
#8871=AXIS2_PLACEMENT_3D('',#12235,#9563,#9564);
#8872=AXIS2_PLACEMENT_3D('',#12236,#9565,#9566);
#8873=AXIS2_PLACEMENT_3D('',#12245,#9571,#9572);
#8874=AXIS2_PLACEMENT_3D('',#12251,#9576,#9577);
#8875=AXIS2_PLACEMENT_3D('',#12257,#9581,#9582);
#8876=AXIS2_PLACEMENT_3D('',#12263,#9586,#9587);
#8877=AXIS2_PLACEMENT_3D('',#12269,#9591,#9592);
#8878=AXIS2_PLACEMENT_3D('',#12275,#9596,#9597);
#8879=AXIS2_PLACEMENT_3D('',#12278,#9600,#9601);
#8880=AXIS2_PLACEMENT_3D('',#12279,#9602,#9603);
#8881=AXIS2_PLACEMENT_3D('',#12288,#9608,#9609);
#8882=AXIS2_PLACEMENT_3D('',#12294,#9613,#9614);
#8883=AXIS2_PLACEMENT_3D('',#12346,#9620,#9621);
#8884=AXIS2_PLACEMENT_3D('',#12352,#9625,#9626);
#8885=AXIS2_PLACEMENT_3D('',#12358,#9630,#9631);
#8886=AXIS2_PLACEMENT_3D('',#12456,#9639,#9640);
#8887=AXIS2_PLACEMENT_3D('',#12462,#9644,#9645);
#8888=AXIS2_PLACEMENT_3D('',#12468,#9649,#9650);
#8889=AXIS2_PLACEMENT_3D('',#12474,#9654,#9655);
#8890=AXIS2_PLACEMENT_3D('',#12480,#9659,#9660);
#8891=AXIS2_PLACEMENT_3D('',#12486,#9664,#9665);
#8892=AXIS2_PLACEMENT_3D('',#12492,#9669,#9670);
#8893=AXIS2_PLACEMENT_3D('',#12498,#9674,#9675);
#8894=AXIS2_PLACEMENT_3D('',#12501,#9678,#9679);
#8895=AXIS2_PLACEMENT_3D('',#12528,#9682,#9683);
#8896=AXIS2_PLACEMENT_3D('',#12902,#9703,#9704);
#8897=AXIS2_PLACEMENT_3D('',#12908,#9708,#9709);
#8898=AXIS2_PLACEMENT_3D('',#12914,#9713,#9714);
#8899=AXIS2_PLACEMENT_3D('',#12920,#9718,#9719);
#8900=AXIS2_PLACEMENT_3D('',#12926,#9723,#9724);
#8901=AXIS2_PLACEMENT_3D('',#12929,#9727,#9728);
#8902=AXIS2_PLACEMENT_3D('',#13344,#9747,#9748);
#8903=AXIS2_PLACEMENT_3D('',#13345,#9749,#9750);
#8904=AXIS2_PLACEMENT_3D('',#13354,#9755,#9756);
#8905=AXIS2_PLACEMENT_3D('',#13360,#9760,#9761);
#8906=AXIS2_PLACEMENT_3D('',#13366,#9765,#9766);
#8907=AXIS2_PLACEMENT_3D('',#13372,#9770,#9771);
#8908=AXIS2_PLACEMENT_3D('',#13378,#9775,#9776);
#8909=AXIS2_PLACEMENT_3D('',#13384,#9780,#9781);
#8910=AXIS2_PLACEMENT_3D('',#13390,#9785,#9786);
#8911=AXIS2_PLACEMENT_3D('',#13396,#9790,#9791);
#8912=AXIS2_PLACEMENT_3D('',#13402,#9795,#9796);
#8913=AXIS2_PLACEMENT_3D('',#13408,#9800,#9801);
#8914=AXIS2_PLACEMENT_3D('',#13411,#9804,#9805);
#8915=AXIS2_PLACEMENT_3D('',#13507,#9811,#9812);
#8916=AXIS2_PLACEMENT_3D('',#13513,#9816,#9817);
#8917=AXIS2_PLACEMENT_3D('',#13519,#9821,#9822);
#8918=AXIS2_PLACEMENT_3D('',#13525,#9826,#9827);
#8919=AXIS2_PLACEMENT_3D('',#13531,#9831,#9832);
#8920=AXIS2_PLACEMENT_3D('',#13537,#9836,#9837);
#8921=AXIS2_PLACEMENT_3D('',#13543,#9841,#9842);
#8922=AXIS2_PLACEMENT_3D('',#13549,#9846,#9847);
#8923=AXIS2_PLACEMENT_3D('',#13555,#9851,#9852);
#8924=AXIS2_PLACEMENT_3D('',#13561,#9856,#9857);
#8925=AXIS2_PLACEMENT_3D('',#13567,#9861,#9862);
#8926=AXIS2_PLACEMENT_3D('',#13665,#9870,#9871);
#8927=AXIS2_PLACEMENT_3D('',#13668,#9874,#9875);
#8928=AXIS2_PLACEMENT_3D('',#13853,#9884,#9885);
#8929=AXIS2_PLACEMENT_3D('',#13903,#9889,#9890);
#8930=AXIS2_PLACEMENT_3D('',#13909,#9894,#9895);
#8931=AXIS2_PLACEMENT_3D('',#14076,#9906,#9907);
#8932=AXIS2_PLACEMENT_3D('',#14174,#9915,#9916);
#8933=AXIS2_PLACEMENT_3D('',#14180,#9920,#9921);
#8934=AXIS2_PLACEMENT_3D('',#14370,#9933,#9934);
#8935=AXIS2_PLACEMENT_3D('',#14422,#9940,#9941);
#8936=AXIS2_PLACEMENT_3D('',#14425,#9944,#9945);
#8937=AXIS2_PLACEMENT_3D('',#14820,#9964,#9965);
#8938=AXIS2_PLACEMENT_3D('',#14987,#9976,#9977);
#8939=AXIS2_PLACEMENT_3D('',#15177,#9989,#9990);
#8940=AXIS2_PLACEMENT_3D('',#15459,#10006,#10007);
#8941=AXIS2_PLACEMENT_3D('',#15485,#10011,#10012);
#8942=AXIS2_PLACEMENT_3D('',#15486,#10013,#10014);
#8943=AXIS2_PLACEMENT_3D('',#15489,#10015,#10016);
#8944=AXIS2_PLACEMENT_3D('',#15493,#10018,#10019);
#8945=AXIS2_PLACEMENT_3D('',#15497,#10021,#10022);
#8946=AXIS2_PLACEMENT_3D('',#15501,#10024,#10025);
#8947=AXIS2_PLACEMENT_3D('',#15505,#10027,#10028);
#8948=AXIS2_PLACEMENT_3D('',#15509,#10030,#10031);
#8949=AXIS2_PLACEMENT_3D('',#15513,#10033,#10034);
#8950=AXIS2_PLACEMENT_3D('',#15517,#10036,#10037);
#8951=AXIS2_PLACEMENT_3D('',#15528,#10043,#10044);
#8952=AXIS2_PLACEMENT_3D('',#15530,#10045,#10046);
#8953=AXIS2_PLACEMENT_3D('',#15532,#10047,#10048);
#8954=AXIS2_PLACEMENT_3D('',#15534,#10049,#10050);
#8955=AXIS2_PLACEMENT_3D('',#15535,#10051,#10052);
#8956=AXIS2_PLACEMENT_3D('',#15536,#10053,#10054);
#8957=AXIS2_PLACEMENT_3D('',#15537,#10055,#10056);
#8958=AXIS2_PLACEMENT_3D('',#15538,#10057,#10058);
#8959=AXIS2_PLACEMENT_3D('',#15539,#10059,#10060);
#8960=AXIS2_PLACEMENT_3D('',#15545,#10064,#10065);
#8961=AXIS2_PLACEMENT_3D('',#15551,#10069,#10070);
#8962=AXIS2_PLACEMENT_3D('',#15553,#10072,#10073);
#8963=AXIS2_PLACEMENT_3D('',#15559,#10077,#10078);
#8964=AXIS2_PLACEMENT_3D('',#15563,#10080,#10081);
#8965=AXIS2_PLACEMENT_3D('',#15567,#10083,#10084);
#8966=AXIS2_PLACEMENT_3D('',#15571,#10086,#10087);
#8967=AXIS2_PLACEMENT_3D('',#15575,#10089,#10090);
#8968=AXIS2_PLACEMENT_3D('',#15585,#10095,#10096);
#8969=AXIS2_PLACEMENT_3D('',#15588,#10098,#10099);
#8970=AXIS2_PLACEMENT_3D('',#15589,#10100,#10101);
#8971=AXIS2_PLACEMENT_3D('',#15591,#10103,#10104);
#8972=AXIS2_PLACEMENT_3D('',#15598,#10108,#10109);
#8973=AXIS2_PLACEMENT_3D('',#15605,#10114,#10115);
#8974=AXIS2_PLACEMENT_3D('',#15607,#10117,#10118);
#8975=AXIS2_PLACEMENT_3D('',#15609,#10120,#10121);
#8976=AXIS2_PLACEMENT_3D('',#15613,#10123,#10124);
#8977=AXIS2_PLACEMENT_3D('',#15617,#10126,#10127);
#8978=AXIS2_PLACEMENT_3D('',#15621,#10129,#10130);
#8979=AXIS2_PLACEMENT_3D('',#15625,#10132,#10133);
#8980=AXIS2_PLACEMENT_3D('',#15631,#10136,#10137);
#8981=AXIS2_PLACEMENT_3D('',#15634,#10139,#10140);
#8982=AXIS2_PLACEMENT_3D('',#15635,#10141,#10142);
#8983=AXIS2_PLACEMENT_3D('',#15638,#10144,#10145);
#8984=AXIS2_PLACEMENT_3D('',#15639,#10146,#10147);
#8985=AXIS2_PLACEMENT_3D('',#15640,#10148,#10149);
#8986=AXIS2_PLACEMENT_3D('',#15643,#10151,#10152);
#8987=AXIS2_PLACEMENT_3D('',#15644,#10153,#10154);
#8988=AXIS2_PLACEMENT_3D('',#15645,#10155,#10156);
#8989=AXIS2_PLACEMENT_3D('',#15648,#10158,#10159);
#8990=AXIS2_PLACEMENT_3D('',#15649,#10160,#10161);
#8991=AXIS2_PLACEMENT_3D('',#15650,#10162,#10163);
#8992=AXIS2_PLACEMENT_3D('',#15653,#10165,#10166);
#8993=AXIS2_PLACEMENT_3D('',#15654,#10167,#10168);
#8994=AXIS2_PLACEMENT_3D('',#15655,#10169,#10170);
#8995=AXIS2_PLACEMENT_3D('',#15664,#10175,#10176);
#8996=AXIS2_PLACEMENT_3D('',#15670,#10180,#10181);
#8997=AXIS2_PLACEMENT_3D('',#15676,#10185,#10186);
#8998=AXIS2_PLACEMENT_3D('',#15679,#10189,#10190);
#8999=AXIS2_PLACEMENT_3D('',#15680,#10191,#10192);
#9000=AXIS2_PLACEMENT_3D('',#15689,#10197,#10198);
#9001=AXIS2_PLACEMENT_3D('',#15695,#10202,#10203);
#9002=AXIS2_PLACEMENT_3D('',#15701,#10207,#10208);
#9003=AXIS2_PLACEMENT_3D('',#15704,#10211,#10212);
#9004=AXIS2_PLACEMENT_3D('',#15705,#10213,#10214);
#9005=AXIS2_PLACEMENT_3D('',#15714,#10219,#10220);
#9006=AXIS2_PLACEMENT_3D('',#15720,#10224,#10225);
#9007=AXIS2_PLACEMENT_3D('',#15726,#10229,#10230);
#9008=AXIS2_PLACEMENT_3D('',#15729,#10233,#10234);
#9009=AXIS2_PLACEMENT_3D('',#15730,#10235,#10236);
#9010=AXIS2_PLACEMENT_3D('',#15739,#10241,#10242);
#9011=AXIS2_PLACEMENT_3D('',#15745,#10246,#10247);
#9012=AXIS2_PLACEMENT_3D('',#15751,#10251,#10252);
#9013=AXIS2_PLACEMENT_3D('',#15754,#10255,#10256);
#9014=AXIS2_PLACEMENT_3D('',#15755,#10257,#10258);
#9015=AXIS2_PLACEMENT_3D('',#15764,#10263,#10264);
#9016=AXIS2_PLACEMENT_3D('',#15770,#10268,#10269);
#9017=AXIS2_PLACEMENT_3D('',#15776,#10273,#10274);
#9018=AXIS2_PLACEMENT_3D('',#15779,#10277,#10278);
#9019=AXIS2_PLACEMENT_3D('',#15780,#10279,#10280);
#9020=AXIS2_PLACEMENT_3D('',#15789,#10285,#10286);
#9021=AXIS2_PLACEMENT_3D('',#15795,#10290,#10291);
#9022=AXIS2_PLACEMENT_3D('',#15801,#10295,#10296);
#9023=AXIS2_PLACEMENT_3D('',#15804,#10299,#10300);
#9024=AXIS2_PLACEMENT_3D('',#15805,#10301,#10302);
#9025=AXIS2_PLACEMENT_3D('',#15814,#10307,#10308);
#9026=AXIS2_PLACEMENT_3D('',#15820,#10312,#10313);
#9027=AXIS2_PLACEMENT_3D('',#15826,#10317,#10318);
#9028=AXIS2_PLACEMENT_3D('',#15829,#10321,#10322);
#9029=AXIS2_PLACEMENT_3D('',#15830,#10323,#10324);
#9030=AXIS2_PLACEMENT_3D('',#15839,#10329,#10330);
#9031=AXIS2_PLACEMENT_3D('',#15845,#10334,#10335);
#9032=AXIS2_PLACEMENT_3D('',#15851,#10339,#10340);
#9033=AXIS2_PLACEMENT_3D('',#15854,#10343,#10344);
#9034=AXIS2_PLACEMENT_3D('',#15855,#10345,#10346);
#9035=AXIS2_PLACEMENT_3D('',#15864,#10351,#10352);
#9036=AXIS2_PLACEMENT_3D('',#15870,#10356,#10357);
#9037=AXIS2_PLACEMENT_3D('',#15876,#10361,#10362);
#9038=AXIS2_PLACEMENT_3D('',#15879,#10365,#10366);
#9039=AXIS2_PLACEMENT_3D('',#15880,#10367,#10368);
#9040=AXIS2_PLACEMENT_3D('',#15889,#10373,#10374);
#9041=AXIS2_PLACEMENT_3D('',#15895,#10378,#10379);
#9042=AXIS2_PLACEMENT_3D('',#15901,#10383,#10384);
#9043=AXIS2_PLACEMENT_3D('',#15904,#10387,#10388);
#9044=AXIS2_PLACEMENT_3D('',#15905,#10389,#10390);
#9045=AXIS2_PLACEMENT_3D('',#15908,#10391,#10392);
#9046=AXIS2_PLACEMENT_3D('',#15914,#10396,#10397);
#9047=AXIS2_PLACEMENT_3D('',#15917,#10398,#10399);
#9048=AXIS2_PLACEMENT_3D('',#15923,#10403,#10404);
#9049=AXIS2_PLACEMENT_3D('',#15929,#10408,#10409);
#9050=AXIS2_PLACEMENT_3D('',#15935,#10413,#10414);
#9051=AXIS2_PLACEMENT_3D('',#15938,#10415,#10416);
#9052=AXIS2_PLACEMENT_3D('',#15944,#10420,#10421);
#9053=AXIS2_PLACEMENT_3D('',#15947,#10422,#10423);
#9054=AXIS2_PLACEMENT_3D('',#15953,#10427,#10428);
#9055=AXIS2_PLACEMENT_3D('',#15959,#10432,#10433);
#9056=AXIS2_PLACEMENT_3D('',#15965,#10437,#10438);
#9057=AXIS2_PLACEMENT_3D('',#15968,#10441,#10442);
#9058=AXIS2_PLACEMENT_3D('',#15971,#10445,#10446);
#9059=AXIS2_PLACEMENT_3D('',#15974,#10449,#10450);
#9060=AXIS2_PLACEMENT_3D('',#16000,#10464,#10465);
#9061=AXIS2_PLACEMENT_3D('',#16027,#10480,#10481);
#9062=AXIS2_PLACEMENT_3D('',#16029,#10483,#10484);
#9063=AXIS2_PLACEMENT_3D('',#16035,#10488,#10489);
#9064=AXIS2_PLACEMENT_3D('',#16039,#10492,#10493);
#9065=AXIS2_PLACEMENT_3D('',#16045,#10497,#10498);
#9066=AXIS2_PLACEMENT_3D('',#16049,#10501,#10502);
#9067=AXIS2_PLACEMENT_3D('',#16055,#10506,#10507);
#9068=AXIS2_PLACEMENT_3D('',#16059,#10510,#10511);
#9069=AXIS2_PLACEMENT_3D('',#16065,#10515,#10516);
#9070=AXIS2_PLACEMENT_3D('',#16069,#10519,#10520);
#9071=AXIS2_PLACEMENT_3D('',#16075,#10524,#10525);
#9072=AXIS2_PLACEMENT_3D('',#16079,#10528,#10529);
#9073=AXIS2_PLACEMENT_3D('',#16085,#10533,#10534);
#9074=AXIS2_PLACEMENT_3D('',#16089,#10537,#10538);
#9075=AXIS2_PLACEMENT_3D('',#16095,#10542,#10543);
#9076=AXIS2_PLACEMENT_3D('',#16099,#10546,#10547);
#9077=AXIS2_PLACEMENT_3D('',#16105,#10551,#10552);
#9078=AXIS2_PLACEMENT_3D('',#16109,#10555,#10556);
#9079=AXIS2_PLACEMENT_3D('',#16111,#10558,#10559);
#9080=AXIS2_PLACEMENT_3D('',#16113,#10561,#10562);
#9081=AXIS2_PLACEMENT_3D('',#16115,#10564,#10565);
#9082=AXIS2_PLACEMENT_3D('',#16117,#10567,#10568);
#9083=AXIS2_PLACEMENT_3D('',#16119,#10570,#10571);
#9084=AXIS2_PLACEMENT_3D('',#16120,#10572,#10573);
#9085=AXIS2_PLACEMENT_3D('',#16122,#10575,#10576);
#9086=AXIS2_PLACEMENT_3D('',#16124,#10578,#10579);
#9087=AXIS2_PLACEMENT_3D('',#16126,#10581,#10582);
#9088=AXIS2_PLACEMENT_3D('',#16128,#10584,#10585);
#9089=AXIS2_PLACEMENT_3D('',#16130,#10587,#10588);
#9090=AXIS2_PLACEMENT_3D('',#16131,#10589,#10590);
#9091=AXIS2_PLACEMENT_3D('',#16137,#10594,#10595);
#9092=AXIS2_PLACEMENT_3D('',#16141,#10598,#10599);
#9093=AXIS2_PLACEMENT_3D('',#16145,#10602,#10603);
#9094=AXIS2_PLACEMENT_3D('',#16147,#10605,#10606);
#9095=AXIS2_PLACEMENT_3D('',#16150,#10609,#10610);
#9096=AXIS2_PLACEMENT_3D('',#16152,#10612,#10613);
#9097=AXIS2_PLACEMENT_3D('',#16154,#10615,#10616);
#9098=AXIS2_PLACEMENT_3D('',#16155,#10617,#10618);
#9099=AXIS2_PLACEMENT_3D('',#16158,#10621,#10622);
#9100=AXIS2_PLACEMENT_3D('',#16160,#10624,#10625);
#9101=AXIS2_PLACEMENT_3D('',#16162,#10627,#10628);
#9102=AXIS2_PLACEMENT_3D('',#16164,#10630,#10631);
#9103=AXIS2_PLACEMENT_3D('',#16166,#10633,#10634);
#9104=AXIS2_PLACEMENT_3D('',#16168,#10636,#10637);
#9105=AXIS2_PLACEMENT_3D('',#16170,#10639,#10640);
#9106=AXIS2_PLACEMENT_3D('',#16172,#10642,#10643);
#9107=AXIS2_PLACEMENT_3D('',#16174,#10645,#10646);
#9108=AXIS2_PLACEMENT_3D('',#16176,#10648,#10649);
#9109=AXIS2_PLACEMENT_3D('',#16178,#10651,#10652);
#9110=AXIS2_PLACEMENT_3D('',#16180,#10654,#10655);
#9111=AXIS2_PLACEMENT_3D('',#16182,#10657,#10658);
#9112=AXIS2_PLACEMENT_3D('',#16184,#10660,#10661);
#9113=AXIS2_PLACEMENT_3D('',#16186,#10663,#10664);
#9114=AXIS2_PLACEMENT_3D('',#16187,#10665,#10666);
#9115=DIRECTION('axis',(0.,0.,1.));
#9116=DIRECTION('refdir',(1.,0.,0.));
#9117=DIRECTION('center_axis',(0.,0.,-1.));
#9118=DIRECTION('ref_axis',(-1.,0.,0.));
#9119=DIRECTION('',(0.939692620785909,0.342020143325669,0.));
#9120=DIRECTION('',(-1.,0.,0.));
#9121=DIRECTION('',(0.,1.,0.));
#9122=DIRECTION('',(-1.,0.,0.));
#9123=DIRECTION('',(0.,1.,0.));
#9124=DIRECTION('',(-0.939692620785909,0.342020143325668,0.));
#9125=DIRECTION('center_axis',(-1.,0.,0.));
#9126=DIRECTION('ref_axis',(0.,0.,1.));
#9127=DIRECTION('',(0.,-5.55111512312578E-17,1.));
#9128=DIRECTION('',(0.,0.,1.));
#9129=DIRECTION('',(0.,1.,0.));
#9130=DIRECTION('center_axis',(1.,0.,0.));
#9131=DIRECTION('ref_axis',(0.,0.,-1.));
#9132=DIRECTION('',(0.,0.,-1.));
#9133=DIRECTION('',(0.,1.,0.));
#9134=DIRECTION('',(0.,0.,-1.));
#9135=DIRECTION('center_axis',(0.,0.,1.));
#9136=DIRECTION('ref_axis',(1.,0.,0.));
#9137=DIRECTION('',(-0.939692620785909,-0.342020143325669,0.));
#9138=DIRECTION('',(0.939692620785909,-0.342020143325668,0.));
#9139=DIRECTION('',(1.,0.,0.));
#9140=DIRECTION('',(1.,0.,0.));
#9141=DIRECTION('center_axis',(0.,1.,0.));
#9142=DIRECTION('ref_axis',(0.,0.,1.));
#9143=DIRECTION('center_axis',(0.,0.,-1.));
#9144=DIRECTION('ref_axis',(-1.,0.,0.));
#9145=DIRECTION('',(-1.,0.,0.));
#9146=DIRECTION('',(0.,-1.,0.));
#9147=DIRECTION('',(-1.,0.,0.));
#9148=DIRECTION('',(0.,1.,0.));
#9149=DIRECTION('center_axis',(0.,0.,1.));
#9150=DIRECTION('ref_axis',(1.,0.,0.));
#9151=DIRECTION('',(1.,0.,0.));
#9152=DIRECTION('',(0.,1.,0.));
#9153=DIRECTION('',(1.,0.,0.));
#9154=DIRECTION('',(0.,1.,0.));
#9155=DIRECTION('center_axis',(-1.,0.,0.));
#9156=DIRECTION('ref_axis',(0.,0.,1.));
#9157=DIRECTION('',(0.,0.,1.));
#9158=DIRECTION('',(0.,0.,1.));
#9159=DIRECTION('center_axis',(0.,1.,0.));
#9160=DIRECTION('ref_axis',(0.,0.,1.));
#9161=DIRECTION('',(0.,0.,-1.));
#9162=DIRECTION('center_axis',(0.342020143325669,-0.939692620785908,0.));
#9163=DIRECTION('ref_axis',(0.,0.,-1.));
#9164=DIRECTION('',(7.62578172679059E-17,2.7755575615629E-17,-1.));
#9165=DIRECTION('',(0.939692620785909,0.342020143325669,0.));
#9166=DIRECTION('',(0.,0.,-1.));
#9167=DIRECTION('center_axis',(1.,0.,0.));
#9168=DIRECTION('ref_axis',(0.,0.,-1.));
#9169=DIRECTION('',(0.,0.,1.));
#9170=DIRECTION('',(0.,-1.,0.));
#9171=DIRECTION('',(0.,0.,1.));
#9172=DIRECTION('',(0.,1.,0.));
#9173=DIRECTION('',(0.,0.,1.));
#9174=DIRECTION('',(0.,-1.,0.));
#9175=DIRECTION('',(0.,0.,1.));
#9176=DIRECTION('',(0.,1.,0.));
#9177=DIRECTION('',(0.,0.,1.));
#9178=DIRECTION('center_axis',(0.,-1.,0.));
#9179=DIRECTION('ref_axis',(0.,0.,-1.));
#9180=DIRECTION('',(1.,0.,0.));
#9181=DIRECTION('',(-1.,0.,0.));
#9182=DIRECTION('',(0.,0.,-1.));
#9183=DIRECTION('',(-1.,0.,0.));
#9184=DIRECTION('',(-1.58603289232165E-16,0.,1.));
#9185=DIRECTION('',(1.,0.,-1.11022302462516E-16));
#9186=DIRECTION('',(1.58603289232165E-16,0.,-1.));
#9187=DIRECTION('center_axis',(-1.,0.,0.));
#9188=DIRECTION('ref_axis',(0.,0.,-1.));
#9189=DIRECTION('center_axis',(-1.,0.,0.));
#9190=DIRECTION('ref_axis',(0.,0.,-1.));
#9191=DIRECTION('',(-1.,0.,0.));
#9192=DIRECTION('center_axis',(-1.,0.,0.));
#9193=DIRECTION('ref_axis',(0.,0.,-1.));
#9194=DIRECTION('center_axis',(1.,0.,0.));
#9195=DIRECTION('ref_axis',(0.,0.,-1.));
#9196=DIRECTION('center_axis',(-1.,0.,0.));
#9197=DIRECTION('ref_axis',(0.,0.,-1.));
#9198=DIRECTION('center_axis',(-1.,0.,0.));
#9199=DIRECTION('ref_axis',(0.,0.,-1.));
#9200=DIRECTION('',(-1.,0.,0.));
#9201=DIRECTION('center_axis',(-1.,0.,0.));
#9202=DIRECTION('ref_axis',(0.,0.,-1.));
#9203=DIRECTION('center_axis',(1.,0.,0.));
#9204=DIRECTION('ref_axis',(0.,0.,-1.));
#9205=DIRECTION('center_axis',(1.,0.,0.));
#9206=DIRECTION('ref_axis',(0.,0.,1.));
#9207=DIRECTION('center_axis',(1.,0.,0.));
#9208=DIRECTION('ref_axis',(0.,0.,1.));
#9209=DIRECTION('',(1.,0.,0.));
#9210=DIRECTION('center_axis',(1.,0.,0.));
#9211=DIRECTION('ref_axis',(0.,0.,1.));
#9212=DIRECTION('center_axis',(-1.,0.,0.));
#9213=DIRECTION('ref_axis',(0.,0.,1.));
#9214=DIRECTION('center_axis',(1.,0.,0.));
#9215=DIRECTION('ref_axis',(0.,0.,1.));
#9216=DIRECTION('center_axis',(1.,0.,0.));
#9217=DIRECTION('ref_axis',(0.,0.,1.));
#9218=DIRECTION('',(1.,0.,0.));
#9219=DIRECTION('center_axis',(1.,0.,0.));
#9220=DIRECTION('ref_axis',(0.,0.,1.));
#9221=DIRECTION('center_axis',(-1.,0.,0.));
#9222=DIRECTION('ref_axis',(0.,0.,1.));
#9223=DIRECTION('center_axis',(1.,0.,0.));
#9224=DIRECTION('ref_axis',(0.,0.,1.));
#9225=DIRECTION('',(0.,0.,1.));
#9226=DIRECTION('',(0.,-1.,0.));
#9227=DIRECTION('',(0.,0.,1.));
#9228=DIRECTION('',(0.,-1.,0.));
#9229=DIRECTION('center_axis',(0.,0.,-1.));
#9230=DIRECTION('ref_axis',(1.,0.,0.));
#9231=DIRECTION('',(1.,0.,0.));
#9232=DIRECTION('',(0.,-1.,0.));
#9233=DIRECTION('',(1.,0.,0.));
#9234=DIRECTION('center_axis',(1.,0.,0.));
#9235=DIRECTION('ref_axis',(0.,0.,1.));
#9236=DIRECTION('',(0.,0.,1.));
#9237=DIRECTION('',(0.,-1.,0.));
#9238=DIRECTION('',(0.,0.,1.));
#9239=DIRECTION('',(0.,-1.,0.));
#9240=DIRECTION('',(0.,-1.,0.));
#9241=DIRECTION('center_axis',(-1.,0.,0.));
#9242=DIRECTION('ref_axis',(0.,0.,-1.));
#9243=DIRECTION('',(0.,0.,-1.));
#9244=DIRECTION('',(0.,-1.,0.));
#9245=DIRECTION('',(0.,0.,-1.));
#9246=DIRECTION('center_axis',(0.,0.,1.));
#9247=DIRECTION('ref_axis',(-1.,0.,0.));
#9248=DIRECTION('',(-1.,0.,0.));
#9249=DIRECTION('',(0.,-1.,0.));
#9250=DIRECTION('',(-1.,0.,0.));
#9251=DIRECTION('center_axis',(0.995262495265004,0.,0.0972243051858842));
#9252=DIRECTION('ref_axis',(-0.0972243051858842,0.,0.995262495265004));
#9253=DIRECTION('',(-0.0972243051858842,0.,0.995262495265004));
#9254=DIRECTION('',(0.,-1.,0.));
#9255=DIRECTION('',(-0.0972243051858842,0.,0.995262495265004));
#9256=DIRECTION('',(0.,-1.,0.));
#9257=DIRECTION('',(0.,-1.,0.));
#9258=DIRECTION('',(0.,-1.,0.));
#9259=DIRECTION('',(0.,-1.,0.));
#9260=DIRECTION('center_axis',(0.986285107702486,0.,-0.16505055687363));
#9261=DIRECTION('ref_axis',(0.16505055687363,0.,0.986285107702486));
#9262=DIRECTION('',(0.16505055687363,0.,0.986285107702486));
#9263=DIRECTION('',(0.,-1.,0.));
#9264=DIRECTION('',(0.16505055687363,0.,0.986285107702486));
#9265=DIRECTION('center_axis',(0.,0.,-1.));
#9266=DIRECTION('ref_axis',(1.,0.,0.));
#9267=DIRECTION('',(1.,0.,0.));
#9268=DIRECTION('',(0.,-1.,0.));
#9269=DIRECTION('',(1.,0.,0.));
#9270=DIRECTION('center_axis',(-1.,0.,0.));
#9271=DIRECTION('ref_axis',(0.,0.,-1.));
#9272=DIRECTION('',(0.,0.,-1.));
#9273=DIRECTION('',(0.,-1.,0.));
#9274=DIRECTION('',(0.,0.,-1.));
#9275=DIRECTION('center_axis',(0.,0.,1.));
#9276=DIRECTION('ref_axis',(-1.,0.,0.));
#9277=DIRECTION('',(-1.,0.,0.));
#9278=DIRECTION('',(0.,-1.,0.));
#9279=DIRECTION('',(-1.,0.,0.));
#9280=DIRECTION('center_axis',(-1.,0.,0.));
#9281=DIRECTION('ref_axis',(0.,0.,-1.));
#9282=DIRECTION('',(0.,0.,-1.));
#9283=DIRECTION('',(0.,-1.,0.));
#9284=DIRECTION('',(0.,0.,-1.));
#9285=DIRECTION('center_axis',(0.,0.,-1.));
#9286=DIRECTION('ref_axis',(1.,0.,0.));
#9287=DIRECTION('',(1.,0.,0.));
#9288=DIRECTION('',(0.,-1.,0.));
#9289=DIRECTION('',(1.,0.,0.));
#9290=DIRECTION('center_axis',(-1.,0.,0.));
#9291=DIRECTION('ref_axis',(0.,0.,-1.));
#9292=DIRECTION('',(0.,0.,-1.));
#9293=DIRECTION('',(0.,-1.,0.));
#9294=DIRECTION('',(0.,0.,-1.));
#9295=DIRECTION('center_axis',(0.,0.,1.));
#9296=DIRECTION('ref_axis',(-1.,0.,0.));
#9297=DIRECTION('',(-1.,0.,0.));
#9298=DIRECTION('',(-1.,0.,0.));
#9299=DIRECTION('center_axis',(0.,1.,0.));
#9300=DIRECTION('ref_axis',(1.,0.,0.));
#9301=DIRECTION('center_axis',(-0.955374521683981,0.,-0.295397229704519));
#9302=DIRECTION('ref_axis',(0.295397229704519,0.,-0.955374521683981));
#9303=DIRECTION('',(0.295397229704519,0.,-0.955374521683981));
#9304=DIRECTION('',(0.,-1.,0.));
#9305=DIRECTION('',(0.295397229704519,0.,-0.955374521683981));
#9306=DIRECTION('',(0.,-1.,0.));
#9307=DIRECTION('center_axis',(0.955684071128953,0.,-0.294394219016595));
#9308=DIRECTION('ref_axis',(0.294394219016595,0.,0.955684071128953));
#9309=DIRECTION('',(0.294394219016595,0.,0.955684071128953));
#9310=DIRECTION('',(0.,-1.,0.));
#9311=DIRECTION('',(0.294394219016595,0.,0.955684071128953));
#9312=DIRECTION('center_axis',(0.,0.,-1.));
#9313=DIRECTION('ref_axis',(1.,0.,0.));
#9314=DIRECTION('',(1.,0.,0.));
#9315=DIRECTION('',(0.,-1.,0.));
#9316=DIRECTION('',(1.,0.,0.));
#9317=DIRECTION('center_axis',(-0.94318791819223,0.,0.33225976430529));
#9318=DIRECTION('ref_axis',(-0.332259764305289,0.,-0.94318791819223));
#9319=DIRECTION('',(-0.332259764305289,0.,-0.94318791819223));
#9320=DIRECTION('',(0.,-1.,0.));
#9321=DIRECTION('',(-0.332259764305289,0.,-0.94318791819223));
#9322=DIRECTION('center_axis',(0.,0.,1.));
#9323=DIRECTION('ref_axis',(-1.,0.,0.));
#9324=DIRECTION('',(-1.,0.,0.));
#9325=DIRECTION('',(0.,-1.,0.));
#9326=DIRECTION('',(-1.,0.,0.));
#9327=DIRECTION('center_axis',(0.943188148426027,0.,0.332259110738414));
#9328=DIRECTION('ref_axis',(-0.332259110738414,0.,0.943188148426027));
#9329=DIRECTION('',(-0.332259110738414,0.,0.943188148426027));
#9330=DIRECTION('',(0.,-1.,0.));
#9331=DIRECTION('',(-0.332259110738414,0.,0.943188148426027));
#9332=DIRECTION('center_axis',(0.,0.,-1.));
#9333=DIRECTION('ref_axis',(1.,0.,0.));
#9334=DIRECTION('',(1.,0.,0.));
#9335=DIRECTION('',(1.,0.,0.));
#9336=DIRECTION('center_axis',(0.,-1.,0.));
#9337=DIRECTION('ref_axis',(0.,0.,-1.));
#9338=DIRECTION('center_axis',(-1.,0.,0.));
#9339=DIRECTION('ref_axis',(0.,0.,-1.));
#9340=DIRECTION('',(0.,0.,-1.));
#9341=DIRECTION('',(0.,-1.,0.));
#9342=DIRECTION('',(0.,0.,-1.));
#9343=DIRECTION('',(0.,-1.,0.));
#9344=DIRECTION('center_axis',(0.,0.,1.));
#9345=DIRECTION('ref_axis',(-1.,0.,0.));
#9346=DIRECTION('',(-1.,0.,0.));
#9347=DIRECTION('',(0.,-1.,0.));
#9348=DIRECTION('',(-1.,0.,0.));
#9349=DIRECTION('center_axis',(-1.,0.,0.));
#9350=DIRECTION('ref_axis',(0.,0.,-1.));
#9351=DIRECTION('',(0.,0.,-1.));
#9352=DIRECTION('',(0.,-1.,0.));
#9353=DIRECTION('',(0.,0.,-1.));
#9354=DIRECTION('center_axis',(0.,0.,-1.));
#9355=DIRECTION('ref_axis',(1.,0.,0.));
#9356=DIRECTION('',(1.,0.,0.));
#9357=DIRECTION('',(0.,-1.,0.));
#9358=DIRECTION('',(1.,0.,0.));
#9359=DIRECTION('center_axis',(-1.,0.,0.));
#9360=DIRECTION('ref_axis',(0.,0.,-1.));
#9361=DIRECTION('',(0.,0.,-1.));
#9362=DIRECTION('',(0.,-1.,0.));
#9363=DIRECTION('',(0.,0.,-1.));
#9364=DIRECTION('center_axis',(0.,0.,1.));
#9365=DIRECTION('ref_axis',(-1.,0.,0.));
#9366=DIRECTION('',(-1.,0.,0.));
#9367=DIRECTION('',(0.,-1.,0.));
#9368=DIRECTION('',(-1.,0.,0.));
#9369=DIRECTION('center_axis',(1.,0.,0.));
#9370=DIRECTION('ref_axis',(0.,0.,1.));
#9371=DIRECTION('',(0.,0.,1.));
#9372=DIRECTION('',(0.,-1.,0.));
#9373=DIRECTION('',(0.,0.,1.));
#9374=DIRECTION('center_axis',(0.,0.,-1.));
#9375=DIRECTION('ref_axis',(1.,0.,0.));
#9376=DIRECTION('',(1.,0.,0.));
#9377=DIRECTION('',(0.,-1.,0.));
#9378=DIRECTION('',(1.,0.,0.));
#9379=DIRECTION('center_axis',(1.,0.,0.));
#9380=DIRECTION('ref_axis',(0.,0.,1.));
#9381=DIRECTION('',(0.,0.,1.));
#9382=DIRECTION('',(0.,-1.,0.));
#9383=DIRECTION('',(0.,0.,1.));
#9384=DIRECTION('center_axis',(0.,0.,-1.));
#9385=DIRECTION('ref_axis',(1.,0.,0.));
#9386=DIRECTION('',(1.,0.,0.));
#9387=DIRECTION('',(1.,0.,0.));
#9388=DIRECTION('center_axis',(0.,-1.,0.));
#9389=DIRECTION('ref_axis',(0.,0.,-1.));
#9390=DIRECTION('center_axis',(-0.957826273174451,0.,-0.287347925722012));
#9391=DIRECTION('ref_axis',(0.287347925722012,0.,-0.957826273174451));
#9392=DIRECTION('',(0.287347925722012,0.,-0.957826273174451));
#9393=DIRECTION('',(0.,-1.,0.));
#9394=DIRECTION('',(0.287347925722012,0.,-0.957826273174451));
#9395=DIRECTION('',(0.,-1.,0.));
#9396=DIRECTION('center_axis',(0.958991378733022,0.,-0.283435240426695));
#9397=DIRECTION('ref_axis',(0.283435240426695,0.,0.958991378733021));
#9398=DIRECTION('',(0.283435240426695,0.,0.958991378733021));
#9399=DIRECTION('',(0.,-1.,0.));
#9400=DIRECTION('',(0.283435240426695,0.,0.958991378733021));
#9401=DIRECTION('center_axis',(0.,0.,-1.));
#9402=DIRECTION('ref_axis',(1.,0.,0.));
#9403=DIRECTION('',(1.,0.,0.));
#9404=DIRECTION('',(0.,-1.,0.));
#9405=DIRECTION('',(1.,0.,0.));
#9406=DIRECTION('center_axis',(-0.947600895617524,0.,0.319456636532827));
#9407=DIRECTION('ref_axis',(-0.319456636532827,0.,-0.947600895617524));
#9408=DIRECTION('',(-0.319456636532827,0.,-0.947600895617524));
#9409=DIRECTION('',(0.,-1.,0.));
#9410=DIRECTION('',(-0.319456636532827,0.,-0.947600895617524));
#9411=DIRECTION('center_axis',(0.,0.,1.));
#9412=DIRECTION('ref_axis',(-1.,0.,0.));
#9413=DIRECTION('',(-1.,0.,0.));
#9414=DIRECTION('',(0.,-1.,0.));
#9415=DIRECTION('',(-1.,0.,0.));
#9416=DIRECTION('',(0.,-1.,0.));
#9417=DIRECTION('',(0.,-1.,0.));
#9418=DIRECTION('',(0.,-1.,0.));
#9419=DIRECTION('center_axis',(-0.985426592179018,0.,0.170101238756359));
#9420=DIRECTION('ref_axis',(-0.170101238756359,0.,-0.985426592179018));
#9421=DIRECTION('',(-0.170101238756359,0.,-0.985426592179018));
#9422=DIRECTION('',(0.,-1.,0.));
#9423=DIRECTION('',(-0.170101238756359,0.,-0.985426592179018));
#9424=DIRECTION('',(0.,-1.,0.));
#9425=DIRECTION('',(0.,-1.,0.));
#9426=DIRECTION('',(0.,-1.,0.));
#9427=DIRECTION('center_axis',(0.945789542059002,0.,0.324780144300452));
#9428=DIRECTION('ref_axis',(-0.324780144300452,0.,0.945789542059002));
#9429=DIRECTION('',(-0.324780144300452,0.,0.945789542059002));
#9430=DIRECTION('',(0.,-1.,0.));
#9431=DIRECTION('',(-0.324780144300452,0.,0.945789542059002));
#9432=DIRECTION('center_axis',(0.,0.,-1.));
#9433=DIRECTION('ref_axis',(1.,0.,0.));
#9434=DIRECTION('',(1.,0.,0.));
#9435=DIRECTION('',(1.,0.,0.));
#9436=DIRECTION('center_axis',(0.,1.,0.));
#9437=DIRECTION('ref_axis',(1.,0.,0.));
#9438=DIRECTION('center_axis',(-1.,0.,0.));
#9439=DIRECTION('ref_axis',(0.,0.,-1.));
#9440=DIRECTION('',(0.,0.,-1.));
#9441=DIRECTION('',(0.,-1.,0.));
#9442=DIRECTION('',(0.,0.,-1.));
#9443=DIRECTION('',(0.,-1.,0.));
#9444=DIRECTION('center_axis',(0.,0.,1.));
#9445=DIRECTION('ref_axis',(-1.,0.,0.));
#9446=DIRECTION('',(-1.,0.,0.));
#9447=DIRECTION('',(0.,-1.,0.));
#9448=DIRECTION('',(-1.,0.,0.));
#9449=DIRECTION('center_axis',(1.,0.,0.));
#9450=DIRECTION('ref_axis',(0.,0.,1.));
#9451=DIRECTION('',(0.,0.,1.));
#9452=DIRECTION('',(0.,-1.,0.));
#9453=DIRECTION('',(0.,0.,1.));
#9454=DIRECTION('',(0.,-1.,0.));
#9455=DIRECTION('',(0.,-1.,0.));
#9456=DIRECTION('',(0.,-1.,0.));
#9457=DIRECTION('',(0.,-1.,0.));
#9458=DIRECTION('center_axis',(-1.,0.,0.));
#9459=DIRECTION('ref_axis',(0.,0.,-1.));
#9460=DIRECTION('',(0.,0.,-1.));
#9461=DIRECTION('',(0.,-1.,0.));
#9462=DIRECTION('',(0.,0.,-1.));
#9463=DIRECTION('center_axis',(0.,0.,1.));
#9464=DIRECTION('ref_axis',(-1.,0.,0.));
#9465=DIRECTION('',(-1.,0.,0.));
#9466=DIRECTION('',(0.,-1.,0.));
#9467=DIRECTION('',(-1.,0.,0.));
#9468=DIRECTION('center_axis',(1.,0.,0.));
#9469=DIRECTION('ref_axis',(0.,0.,1.));
#9470=DIRECTION('',(0.,0.,1.));
#9471=DIRECTION('',(0.,-1.,0.));
#9472=DIRECTION('',(0.,0.,1.));
#9473=DIRECTION('',(0.,-1.,0.));
#9474=DIRECTION('',(0.,-1.,0.));
#9475=DIRECTION('',(0.,-1.,0.));
#9476=DIRECTION('',(0.,-1.,0.));
#9477=DIRECTION('center_axis',(1.,0.,0.));
#9478=DIRECTION('ref_axis',(0.,0.,1.));
#9479=DIRECTION('',(0.,0.,1.));
#9480=DIRECTION('',(0.,-1.,0.));
#9481=DIRECTION('',(0.,0.,1.));
#9482=DIRECTION('center_axis',(-0.106533381473348,0.,-0.994309126294159));
#9483=DIRECTION('ref_axis',(0.994309126294159,0.,-0.106533381473348));
#9484=DIRECTION('',(0.994309126294159,0.,-0.106533381473348));
#9485=DIRECTION('',(0.994309126294159,0.,-0.106533381473348));
#9486=DIRECTION('center_axis',(0.,1.,0.));
#9487=DIRECTION('ref_axis',(1.,0.,0.));
#9488=DIRECTION('center_axis',(-1.,0.,0.));
#9489=DIRECTION('ref_axis',(0.,0.,-1.));
#9490=DIRECTION('',(0.,0.,-1.));
#9491=DIRECTION('',(0.,-1.,0.));
#9492=DIRECTION('',(0.,0.,-1.));
#9493=DIRECTION('',(0.,-1.,0.));
#9494=DIRECTION('center_axis',(0.,0.,1.));
#9495=DIRECTION('ref_axis',(-1.,0.,0.));
#9496=DIRECTION('',(-1.,0.,0.));
#9497=DIRECTION('',(0.,-1.,0.));
#9498=DIRECTION('',(-1.,0.,0.));
#9499=DIRECTION('center_axis',(-1.,0.,0.));
#9500=DIRECTION('ref_axis',(0.,0.,-1.));
#9501=DIRECTION('',(0.,0.,-1.));
#9502=DIRECTION('',(0.,-1.,0.));
#9503=DIRECTION('',(0.,0.,-1.));
#9504=DIRECTION('',(0.,-1.,0.));
#9505=DIRECTION('',(0.,-1.,0.));
#9506=DIRECTION('',(0.,-1.,0.));
#9507=DIRECTION('',(0.,-1.,0.));
#9508=DIRECTION('center_axis',(0.939263649714259,0.,-0.343196439849615));
#9509=DIRECTION('ref_axis',(0.343196439849615,0.,0.939263649714259));
#9510=DIRECTION('',(0.343196439849615,0.,0.939263649714259));
#9511=DIRECTION('',(0.,-1.,0.));
#9512=DIRECTION('',(0.343196439849615,0.,0.939263649714259));
#9513=DIRECTION('',(0.,-1.,0.));
#9514=DIRECTION('',(0.,-1.,0.));
#9515=DIRECTION('',(0.,-1.,0.));
#9516=DIRECTION('',(0.,-1.,0.));
#9517=DIRECTION('center_axis',(1.,0.,0.));
#9518=DIRECTION('ref_axis',(0.,0.,1.));
#9519=DIRECTION('',(0.,0.,1.));
#9520=DIRECTION('',(0.,-1.,0.));
#9521=DIRECTION('',(0.,0.,1.));
#9522=DIRECTION('center_axis',(0.,0.,-1.));
#9523=DIRECTION('ref_axis',(1.,0.,0.));
#9524=DIRECTION('',(1.,0.,0.));
#9525=DIRECTION('',(1.,0.,0.));
#9526=DIRECTION('center_axis',(0.,1.,0.));
#9527=DIRECTION('ref_axis',(1.,0.,0.));
#9528=DIRECTION('',(0.,-1.,0.));
#9529=DIRECTION('',(0.,-1.,0.));
#9530=DIRECTION('center_axis',(0.,0.,-1.));
#9531=DIRECTION('ref_axis',(1.,0.,0.));
#9532=DIRECTION('',(1.,0.,0.));
#9533=DIRECTION('',(0.,-1.,0.));
#9534=DIRECTION('',(1.,0.,0.));
#9535=DIRECTION('',(0.,-1.,0.));
#9536=DIRECTION('',(0.,-1.,0.));
#9537=DIRECTION('',(0.,-1.,0.));
#9538=DIRECTION('',(0.,-1.,0.));
#9539=DIRECTION('',(0.,-1.,0.));
#9540=DIRECTION('',(0.,-1.,0.));
#9541=DIRECTION('',(0.,-1.,0.));
#9542=DIRECTION('',(0.,-1.,0.));
#9543=DIRECTION('',(0.,-1.,0.));
#9544=DIRECTION('',(0.,-1.,0.));
#9545=DIRECTION('',(0.,-1.,0.));
#9546=DIRECTION('',(0.,-1.,0.));
#9547=DIRECTION('',(0.,-1.,0.));
#9548=DIRECTION('',(0.,-1.,0.));
#9549=DIRECTION('',(0.,-1.,0.));
#9550=DIRECTION('center_axis',(0.81004312849162,0.,-0.586370301075616));
#9551=DIRECTION('ref_axis',(0.586370301075616,0.,0.81004312849162));
#9552=DIRECTION('',(0.586370301075616,0.,0.81004312849162));
#9553=DIRECTION('',(0.,-1.,0.));
#9554=DIRECTION('',(0.586370301075616,0.,0.81004312849162));
#9555=DIRECTION('',(0.,-1.,0.));
#9556=DIRECTION('',(0.,-1.,0.));
#9557=DIRECTION('',(0.,-1.,0.));
#9558=DIRECTION('',(0.,-1.,0.));
#9559=DIRECTION('center_axis',(0.,0.,1.));
#9560=DIRECTION('ref_axis',(-1.,0.,0.));
#9561=DIRECTION('',(-1.,0.,0.));
#9562=DIRECTION('',(-1.,0.,0.));
#9563=DIRECTION('center_axis',(0.,1.,0.));
#9564=DIRECTION('ref_axis',(1.,0.,0.));
#9565=DIRECTION('center_axis',(-0.955374521683981,0.,-0.295397229704519));
#9566=DIRECTION('ref_axis',(0.295397229704519,0.,-0.955374521683981));
#9567=DIRECTION('',(0.295397229704519,0.,-0.955374521683981));
#9568=DIRECTION('',(0.,-1.,0.));
#9569=DIRECTION('',(0.295397229704519,0.,-0.955374521683981));
#9570=DIRECTION('',(0.,-1.,0.));
#9571=DIRECTION('center_axis',(0.955684071128953,0.,-0.294394219016595));
#9572=DIRECTION('ref_axis',(0.294394219016595,0.,0.955684071128953));
#9573=DIRECTION('',(0.294394219016595,0.,0.955684071128953));
#9574=DIRECTION('',(0.,-1.,0.));
#9575=DIRECTION('',(0.294394219016595,0.,0.955684071128953));
#9576=DIRECTION('center_axis',(0.,0.,-1.));
#9577=DIRECTION('ref_axis',(1.,0.,0.));
#9578=DIRECTION('',(1.,0.,0.));
#9579=DIRECTION('',(0.,-1.,0.));
#9580=DIRECTION('',(1.,0.,0.));
#9581=DIRECTION('center_axis',(-0.94318791819223,0.,0.33225976430529));
#9582=DIRECTION('ref_axis',(-0.332259764305289,0.,-0.94318791819223));
#9583=DIRECTION('',(-0.332259764305289,0.,-0.94318791819223));
#9584=DIRECTION('',(0.,-1.,0.));
#9585=DIRECTION('',(-0.332259764305289,0.,-0.94318791819223));
#9586=DIRECTION('center_axis',(0.,0.,1.));
#9587=DIRECTION('ref_axis',(-1.,0.,0.));
#9588=DIRECTION('',(-1.,0.,0.));
#9589=DIRECTION('',(0.,-1.,0.));
#9590=DIRECTION('',(-1.,0.,0.));
#9591=DIRECTION('center_axis',(0.94318791819223,0.,0.33225976430529));
#9592=DIRECTION('ref_axis',(-0.332259764305289,0.,0.94318791819223));
#9593=DIRECTION('',(-0.332259764305289,0.,0.94318791819223));
#9594=DIRECTION('',(0.,-1.,0.));
#9595=DIRECTION('',(-0.332259764305289,0.,0.94318791819223));
#9596=DIRECTION('center_axis',(0.,0.,-1.));
#9597=DIRECTION('ref_axis',(1.,0.,0.));
#9598=DIRECTION('',(1.,0.,0.));
#9599=DIRECTION('',(1.,0.,0.));
#9600=DIRECTION('center_axis',(0.,-1.,0.));
#9601=DIRECTION('ref_axis',(0.,0.,-1.));
#9602=DIRECTION('center_axis',(1.,0.,0.));
#9603=DIRECTION('ref_axis',(0.,0.,1.));
#9604=DIRECTION('',(0.,0.,1.));
#9605=DIRECTION('',(0.,-1.,0.));
#9606=DIRECTION('',(0.,0.,1.));
#9607=DIRECTION('',(0.,-1.,0.));
#9608=DIRECTION('center_axis',(0.,0.,-1.));
#9609=DIRECTION('ref_axis',(1.,0.,0.));
#9610=DIRECTION('',(1.,0.,0.));
#9611=DIRECTION('',(0.,-1.,0.));
#9612=DIRECTION('',(1.,0.,0.));
#9613=DIRECTION('center_axis',(1.,0.,0.));
#9614=DIRECTION('ref_axis',(0.,0.,1.));
#9615=DIRECTION('',(0.,0.,1.));
#9616=DIRECTION('',(0.,-1.,0.));
#9617=DIRECTION('',(0.,0.,1.));
#9618=DIRECTION('',(0.,-1.,0.));
#9619=DIRECTION('',(0.,-1.,0.));
#9620=DIRECTION('center_axis',(-1.,0.,0.));
#9621=DIRECTION('ref_axis',(0.,0.,-1.));
#9622=DIRECTION('',(0.,0.,-1.));
#9623=DIRECTION('',(0.,-1.,0.));
#9624=DIRECTION('',(0.,0.,-1.));
#9625=DIRECTION('center_axis',(0.,0.,1.));
#9626=DIRECTION('ref_axis',(-1.,0.,0.));
#9627=DIRECTION('',(-1.,0.,0.));
#9628=DIRECTION('',(0.,-1.,0.));
#9629=DIRECTION('',(-1.,0.,0.));
#9630=DIRECTION('center_axis',(0.995262597083618,0.,0.097223262886883));
#9631=DIRECTION('ref_axis',(-0.0972232628868829,0.,0.995262597083618));
#9632=DIRECTION('',(-0.0972232628868829,0.,0.995262597083618));
#9633=DIRECTION('',(0.,-1.,0.));
#9634=DIRECTION('',(-0.0972232628868829,0.,0.995262597083618));
#9635=DIRECTION('',(0.,-1.,0.));
#9636=DIRECTION('',(0.,-1.,0.));
#9637=DIRECTION('',(0.,-1.,0.));
#9638=DIRECTION('',(0.,-1.,0.));
#9639=DIRECTION('center_axis',(0.986285646729912,0.,-0.165047335799641));
#9640=DIRECTION('ref_axis',(0.165047335799641,0.,0.986285646729912));
#9641=DIRECTION('',(0.165047335799641,0.,0.986285646729912));
#9642=DIRECTION('',(0.,-1.,0.));
#9643=DIRECTION('',(0.165047335799641,0.,0.986285646729912));
#9644=DIRECTION('center_axis',(0.,0.,-1.));
#9645=DIRECTION('ref_axis',(1.,0.,0.));
#9646=DIRECTION('',(1.,0.,0.));
#9647=DIRECTION('',(0.,-1.,0.));
#9648=DIRECTION('',(1.,0.,0.));
#9649=DIRECTION('center_axis',(-1.,0.,0.));
#9650=DIRECTION('ref_axis',(0.,0.,-1.));
#9651=DIRECTION('',(0.,0.,-1.));
#9652=DIRECTION('',(0.,-1.,0.));
#9653=DIRECTION('',(0.,0.,-1.));
#9654=DIRECTION('center_axis',(0.,0.,1.));
#9655=DIRECTION('ref_axis',(-1.,0.,0.));
#9656=DIRECTION('',(-1.,0.,0.));
#9657=DIRECTION('',(0.,-1.,0.));
#9658=DIRECTION('',(-1.,0.,0.));
#9659=DIRECTION('center_axis',(-1.,0.,0.));
#9660=DIRECTION('ref_axis',(0.,0.,-1.));
#9661=DIRECTION('',(0.,0.,-1.));
#9662=DIRECTION('',(0.,-1.,0.));
#9663=DIRECTION('',(0.,0.,-1.));
#9664=DIRECTION('center_axis',(0.,0.,-1.));
#9665=DIRECTION('ref_axis',(1.,0.,0.));
#9666=DIRECTION('',(1.,0.,0.));
#9667=DIRECTION('',(0.,-1.,0.));
#9668=DIRECTION('',(1.,0.,0.));
#9669=DIRECTION('center_axis',(-1.,0.,0.));
#9670=DIRECTION('ref_axis',(0.,0.,-1.));
#9671=DIRECTION('',(0.,0.,-1.));
#9672=DIRECTION('',(0.,-1.,0.));
#9673=DIRECTION('',(0.,0.,-1.));
#9674=DIRECTION('center_axis',(0.,0.,1.));
#9675=DIRECTION('ref_axis',(-1.,0.,0.));
#9676=DIRECTION('',(-1.,0.,0.));
#9677=DIRECTION('',(-1.,0.,0.));
#9678=DIRECTION('center_axis',(0.,1.,0.));
#9679=DIRECTION('ref_axis',(1.,0.,0.));
#9680=DIRECTION('',(0.,-1.,0.));
#9681=DIRECTION('',(0.,-1.,0.));
#9682=DIRECTION('center_axis',(-1.,0.,0.));
#9683=DIRECTION('ref_axis',(0.,0.,-1.));
#9684=DIRECTION('',(0.,0.,-1.));
#9685=DIRECTION('',(0.,-1.,0.));
#9686=DIRECTION('',(0.,0.,-1.));
#9687=DIRECTION('',(0.,-1.,0.));
#9688=DIRECTION('',(0.,-1.,0.));
#9689=DIRECTION('',(0.,-1.,0.));
#9690=DIRECTION('',(0.,-1.,0.));
#9691=DIRECTION('',(0.,-1.,0.));
#9692=DIRECTION('',(0.,-1.,0.));
#9693=DIRECTION('',(0.,-1.,0.));
#9694=DIRECTION('',(0.,-1.,0.));
#9695=DIRECTION('',(0.,-1.,0.));
#9696=DIRECTION('',(0.,-1.,0.));
#9697=DIRECTION('',(0.,-1.,0.));
#9698=DIRECTION('',(0.,-1.,0.));
#9699=DIRECTION('',(0.,-1.,0.));
#9700=DIRECTION('',(0.,-1.,0.));
#9701=DIRECTION('',(0.,-1.,0.));
#9702=DIRECTION('',(0.,-1.,0.));
#9703=DIRECTION('center_axis',(-0.992510893778621,0.,0.122156153061409));
#9704=DIRECTION('ref_axis',(-0.122156153061409,0.,-0.992510893778621));
#9705=DIRECTION('',(-0.122156153061409,0.,-0.992510893778621));
#9706=DIRECTION('',(0.,-1.,0.));
#9707=DIRECTION('',(-0.122156153061409,0.,-0.992510893778621));
#9708=DIRECTION('center_axis',(0.,0.,1.));
#9709=DIRECTION('ref_axis',(-1.,0.,0.));
#9710=DIRECTION('',(-1.,0.,0.));
#9711=DIRECTION('',(0.,-1.,0.));
#9712=DIRECTION('',(-1.,0.,0.));
#9713=DIRECTION('center_axis',(1.,0.,0.));
#9714=DIRECTION('ref_axis',(0.,0.,1.));
#9715=DIRECTION('',(0.,0.,1.));
#9716=DIRECTION('',(0.,-1.,0.));
#9717=DIRECTION('',(0.,0.,1.));
#9718=DIRECTION('center_axis',(0.110918375415695,0.,-0.993829519583285));
#9719=DIRECTION('ref_axis',(0.993829519583285,0.,0.110918375415695));
#9720=DIRECTION('',(0.993829519583285,0.,0.110918375415695));
#9721=DIRECTION('',(0.,-1.,0.));
#9722=DIRECTION('',(0.993829519583285,0.,0.110918375415695));
#9723=DIRECTION('center_axis',(-1.,0.,0.));
#9724=DIRECTION('ref_axis',(0.,0.,-1.));
#9725=DIRECTION('',(0.,0.,-1.));
#9726=DIRECTION('',(0.,0.,-1.));
#9727=DIRECTION('center_axis',(0.,1.,0.));
#9728=DIRECTION('ref_axis',(1.,0.,0.));
#9729=DIRECTION('',(0.,-1.,0.));
#9730=DIRECTION('',(0.,-1.,0.));
#9731=DIRECTION('',(0.,-1.,0.));
#9732=DIRECTION('',(0.,-1.,0.));
#9733=DIRECTION('',(0.,-1.,0.));
#9734=DIRECTION('',(0.,-1.,0.));
#9735=DIRECTION('',(0.,-1.,0.));
#9736=DIRECTION('',(0.,-1.,0.));
#9737=DIRECTION('',(0.,-1.,0.));
#9738=DIRECTION('',(0.,-1.,0.));
#9739=DIRECTION('',(0.,-1.,0.));
#9740=DIRECTION('',(0.,-1.,0.));
#9741=DIRECTION('',(0.,-1.,0.));
#9742=DIRECTION('',(0.,-1.,0.));
#9743=DIRECTION('',(0.,-1.,0.));
#9744=DIRECTION('',(0.,-1.,0.));
#9745=DIRECTION('',(0.,-1.,0.));
#9746=DIRECTION('',(0.,-1.,0.));
#9747=DIRECTION('center_axis',(0.,1.,0.));
#9748=DIRECTION('ref_axis',(1.,0.,0.));
#9749=DIRECTION('center_axis',(1.,0.,0.));
#9750=DIRECTION('ref_axis',(0.,0.,1.));
#9751=DIRECTION('',(0.,0.,1.));
#9752=DIRECTION('',(0.,-1.,0.));
#9753=DIRECTION('',(0.,0.,1.));
#9754=DIRECTION('',(0.,-1.,0.));
#9755=DIRECTION('center_axis',(0.,0.,-1.));
#9756=DIRECTION('ref_axis',(1.,0.,0.));
#9757=DIRECTION('',(1.,0.,0.));
#9758=DIRECTION('',(0.,-1.,0.));
#9759=DIRECTION('',(1.,0.,0.));
#9760=DIRECTION('center_axis',(-0.522750575322814,0.,-0.852485680817964));
#9761=DIRECTION('ref_axis',(0.852485680817964,0.,-0.522750575322814));
#9762=DIRECTION('',(0.852485680817964,0.,-0.522750575322814));
#9763=DIRECTION('',(0.,-1.,0.));
#9764=DIRECTION('',(0.852485680817964,0.,-0.522750575322814));
#9765=DIRECTION('center_axis',(-0.853145655657762,0.,0.521672780804488));
#9766=DIRECTION('ref_axis',(-0.521672780804488,0.,-0.853145655657762));
#9767=DIRECTION('',(-0.521672780804488,0.,-0.853145655657762));
#9768=DIRECTION('',(0.,-1.,0.));
#9769=DIRECTION('',(-0.521672780804488,0.,-0.853145655657762));
#9770=DIRECTION('center_axis',(0.523942070875207,0.,0.851753900118455));
#9771=DIRECTION('ref_axis',(-0.851753900118455,0.,0.523942070875207));
#9772=DIRECTION('',(-0.851753900118455,0.,0.523942070875207));
#9773=DIRECTION('',(0.,-1.,0.));
#9774=DIRECTION('',(-0.851753900118455,0.,0.523942070875207));
#9775=DIRECTION('center_axis',(-1.,0.,0.));
#9776=DIRECTION('ref_axis',(0.,0.,-1.));
#9777=DIRECTION('',(0.,0.,-1.));
#9778=DIRECTION('',(0.,-1.,0.));
#9779=DIRECTION('',(0.,0.,-1.));
#9780=DIRECTION('center_axis',(0.,0.,-1.));
#9781=DIRECTION('ref_axis',(1.,0.,0.));
#9782=DIRECTION('',(1.,0.,0.));
#9783=DIRECTION('',(0.,-1.,0.));
#9784=DIRECTION('',(1.,0.,0.));
#9785=DIRECTION('center_axis',(-1.,0.,0.));
#9786=DIRECTION('ref_axis',(0.,0.,-1.));
#9787=DIRECTION('',(0.,0.,-1.));
#9788=DIRECTION('',(0.,-1.,0.));
#9789=DIRECTION('',(0.,0.,-1.));
#9790=DIRECTION('center_axis',(0.,0.,1.));
#9791=DIRECTION('ref_axis',(-1.,0.,0.));
#9792=DIRECTION('',(-1.,0.,0.));
#9793=DIRECTION('',(0.,-1.,0.));
#9794=DIRECTION('',(-1.,0.,0.));
#9795=DIRECTION('center_axis',(1.,0.,0.));
#9796=DIRECTION('ref_axis',(0.,0.,1.));
#9797=DIRECTION('',(0.,0.,1.));
#9798=DIRECTION('',(0.,-1.,0.));
#9799=DIRECTION('',(0.,0.,1.));
#9800=DIRECTION('center_axis',(0.,0.,-1.));
#9801=DIRECTION('ref_axis',(1.,0.,0.));
#9802=DIRECTION('',(1.,0.,0.));
#9803=DIRECTION('',(1.,0.,0.));
#9804=DIRECTION('center_axis',(0.,-1.,0.));
#9805=DIRECTION('ref_axis',(0.,0.,-1.));
#9806=DIRECTION('',(0.,-1.,0.));
#9807=DIRECTION('',(0.,-1.,0.));
#9808=DIRECTION('',(0.,-1.,0.));
#9809=DIRECTION('',(0.,-1.,0.));
#9810=DIRECTION('',(0.,-1.,0.));
#9811=DIRECTION('center_axis',(1.,0.,0.));
#9812=DIRECTION('ref_axis',(0.,0.,1.));
#9813=DIRECTION('',(0.,0.,1.));
#9814=DIRECTION('',(0.,-1.,0.));
#9815=DIRECTION('',(0.,0.,1.));
#9816=DIRECTION('center_axis',(0.,0.,1.));
#9817=DIRECTION('ref_axis',(-1.,0.,0.));
#9818=DIRECTION('',(-1.,0.,0.));
#9819=DIRECTION('',(0.,-1.,0.));
#9820=DIRECTION('',(-1.,0.,0.));
#9821=DIRECTION('center_axis',(0.988441367180813,0.,0.151603639948799));
#9822=DIRECTION('ref_axis',(-0.151603639948799,0.,0.988441367180813));
#9823=DIRECTION('',(-0.151603639948799,0.,0.988441367180813));
#9824=DIRECTION('',(0.,-1.,0.));
#9825=DIRECTION('',(-0.151603639948799,0.,0.988441367180813));
#9826=DIRECTION('center_axis',(0.,0.,-1.));
#9827=DIRECTION('ref_axis',(1.,0.,0.));
#9828=DIRECTION('',(1.,0.,0.));
#9829=DIRECTION('',(0.,-1.,0.));
#9830=DIRECTION('',(1.,0.,0.));
#9831=DIRECTION('center_axis',(1.,0.,0.));
#9832=DIRECTION('ref_axis',(0.,0.,1.));
#9833=DIRECTION('',(0.,0.,1.));
#9834=DIRECTION('',(0.,-1.,0.));
#9835=DIRECTION('',(0.,0.,1.));
#9836=DIRECTION('center_axis',(-0.119669486320085,0.,-0.992813786187464));
#9837=DIRECTION('ref_axis',(0.992813786187464,0.,-0.119669486320085));
#9838=DIRECTION('',(0.992813786187464,0.,-0.119669486320085));
#9839=DIRECTION('',(0.,-1.,0.));
#9840=DIRECTION('',(0.992813786187464,0.,-0.119669486320085));
#9841=DIRECTION('center_axis',(-1.,0.,0.));
#9842=DIRECTION('ref_axis',(0.,0.,-1.));
#9843=DIRECTION('',(0.,0.,-1.));
#9844=DIRECTION('',(0.,-1.,0.));
#9845=DIRECTION('',(0.,0.,-1.));
#9846=DIRECTION('center_axis',(0.,0.,-1.));
#9847=DIRECTION('ref_axis',(1.,0.,0.));
#9848=DIRECTION('',(1.,0.,0.));
#9849=DIRECTION('',(0.,-1.,0.));
#9850=DIRECTION('',(1.,0.,0.));
#9851=DIRECTION('center_axis',(-1.,0.,0.));
#9852=DIRECTION('ref_axis',(0.,0.,-1.));
#9853=DIRECTION('',(0.,0.,-1.));
#9854=DIRECTION('',(0.,-1.,0.));
#9855=DIRECTION('',(0.,0.,-1.));
#9856=DIRECTION('center_axis',(0.,0.,1.));
#9857=DIRECTION('ref_axis',(-1.,0.,0.));
#9858=DIRECTION('',(-1.,0.,0.));
#9859=DIRECTION('',(0.,-1.,0.));
#9860=DIRECTION('',(-1.,0.,0.));
#9861=DIRECTION('center_axis',(-1.,0.,0.));
#9862=DIRECTION('ref_axis',(0.,0.,-1.));
#9863=DIRECTION('',(0.,0.,-1.));
#9864=DIRECTION('',(0.,-1.,0.));
#9865=DIRECTION('',(0.,0.,-1.));
#9866=DIRECTION('',(0.,-1.,0.));
#9867=DIRECTION('',(0.,-1.,0.));
#9868=DIRECTION('',(0.,-1.,0.));
#9869=DIRECTION('',(0.,-1.,0.));
#9870=DIRECTION('center_axis',(0.877214999767127,0.,-0.480097744405824));
#9871=DIRECTION('ref_axis',(0.480097744405824,0.,0.877214999767127));
#9872=DIRECTION('',(0.480097744405824,0.,0.877214999767127));
#9873=DIRECTION('',(0.480097744405824,0.,0.877214999767127));
#9874=DIRECTION('center_axis',(0.,1.,0.));
#9875=DIRECTION('ref_axis',(1.,0.,0.));
#9876=DIRECTION('',(0.,-1.,0.));
#9877=DIRECTION('',(0.,-1.,0.));
#9878=DIRECTION('',(0.,-1.,0.));
#9879=DIRECTION('',(0.,-1.,0.));
#9880=DIRECTION('',(0.,-1.,0.));
#9881=DIRECTION('',(0.,-1.,0.));
#9882=DIRECTION('',(0.,-1.,0.));
#9883=DIRECTION('',(0.,-1.,0.));
#9884=DIRECTION('center_axis',(0.,1.,0.));
#9885=DIRECTION('ref_axis',(1.,0.,0.));
#9886=DIRECTION('',(0.,-1.,0.));
#9887=DIRECTION('',(0.,-1.,0.));
#9888=DIRECTION('',(0.,-1.,0.));
#9889=DIRECTION('center_axis',(0.,0.,1.));
#9890=DIRECTION('ref_axis',(-1.,0.,0.));
#9891=DIRECTION('',(-1.,0.,0.));
#9892=DIRECTION('',(0.,-1.,0.));
#9893=DIRECTION('',(-1.,0.,0.));
#9894=DIRECTION('center_axis',(-1.,0.,0.));
#9895=DIRECTION('ref_axis',(0.,0.,-1.));
#9896=DIRECTION('',(0.,0.,-1.));
#9897=DIRECTION('',(0.,-1.,0.));
#9898=DIRECTION('',(0.,0.,-1.));
#9899=DIRECTION('',(0.,-1.,0.));
#9900=DIRECTION('',(0.,-1.,0.));
#9901=DIRECTION('',(0.,-1.,0.));
#9902=DIRECTION('',(0.,-1.,0.));
#9903=DIRECTION('',(0.,-1.,0.));
#9904=DIRECTION('',(0.,-1.,0.));
#9905=DIRECTION('',(0.,-1.,0.));
#9906=DIRECTION('center_axis',(-0.944415714467337,0.,0.328753643732126));
#9907=DIRECTION('ref_axis',(-0.328753643732126,0.,-0.944415714467337));
#9908=DIRECTION('',(-0.328753643732126,0.,-0.944415714467337));
#9909=DIRECTION('',(0.,-1.,0.));
#9910=DIRECTION('',(-0.328753643732126,0.,-0.944415714467337));
#9911=DIRECTION('',(0.,-1.,0.));
#9912=DIRECTION('',(0.,-1.,0.));
#9913=DIRECTION('',(0.,-1.,0.));
#9914=DIRECTION('',(0.,-1.,0.));
#9915=DIRECTION('center_axis',(-1.,0.,0.));
#9916=DIRECTION('ref_axis',(0.,0.,-1.));
#9917=DIRECTION('',(0.,0.,-1.));
#9918=DIRECTION('',(0.,-1.,0.));
#9919=DIRECTION('',(0.,0.,-1.));
#9920=DIRECTION('center_axis',(0.,0.,-1.));
#9921=DIRECTION('ref_axis',(1.,0.,0.));
#9922=DIRECTION('',(1.,0.,0.));
#9923=DIRECTION('',(0.,-1.,0.));
#9924=DIRECTION('',(1.,0.,0.));
#9925=DIRECTION('',(0.,-1.,0.));
#9926=DIRECTION('',(0.,-1.,0.));
#9927=DIRECTION('',(0.,-1.,0.));
#9928=DIRECTION('',(0.,-1.,0.));
#9929=DIRECTION('',(0.,-1.,0.));
#9930=DIRECTION('',(0.,-1.,0.));
#9931=DIRECTION('',(0.,-1.,0.));
#9932=DIRECTION('',(0.,-1.,0.));
#9933=DIRECTION('center_axis',(0.949925799984847,0.,0.312475558281201));
#9934=DIRECTION('ref_axis',(-0.312475558281201,0.,0.949925799984847));
#9935=DIRECTION('',(-0.312475558281201,0.,0.949925799984847));
#9936=DIRECTION('',(0.,-1.,0.));
#9937=DIRECTION('',(-0.312475558281201,0.,0.949925799984847));
#9938=DIRECTION('',(0.,-1.,0.));
#9939=DIRECTION('',(0.,-1.,0.));
#9940=DIRECTION('center_axis',(1.,0.,0.));
#9941=DIRECTION('ref_axis',(0.,0.,1.));
#9942=DIRECTION('',(0.,0.,1.));
#9943=DIRECTION('',(0.,0.,1.));
#9944=DIRECTION('center_axis',(0.,1.,0.));
#9945=DIRECTION('ref_axis',(1.,0.,0.));
#9946=DIRECTION('',(0.,-1.,0.));
#9947=DIRECTION('',(0.,-1.,0.));
#9948=DIRECTION('',(0.,-1.,0.));
#9949=DIRECTION('',(0.,-1.,0.));
#9950=DIRECTION('',(0.,-1.,0.));
#9951=DIRECTION('',(0.,-1.,0.));
#9952=DIRECTION('',(0.,-1.,0.));
#9953=DIRECTION('',(0.,-1.,0.));
#9954=DIRECTION('',(0.,-1.,0.));
#9955=DIRECTION('',(0.,-1.,0.));
#9956=DIRECTION('',(0.,-1.,0.));
#9957=DIRECTION('',(0.,-1.,0.));
#9958=DIRECTION('',(0.,-1.,0.));
#9959=DIRECTION('',(0.,-1.,0.));
#9960=DIRECTION('',(0.,-1.,0.));
#9961=DIRECTION('',(0.,-1.,0.));
#9962=DIRECTION('',(0.,-1.,0.));
#9963=DIRECTION('',(0.,-1.,0.));
#9964=DIRECTION('center_axis',(0.,0.,1.));
#9965=DIRECTION('ref_axis',(-1.,0.,0.));
#9966=DIRECTION('',(-1.,0.,0.));
#9967=DIRECTION('',(0.,-1.,0.));
#9968=DIRECTION('',(-1.,0.,0.));
#9969=DIRECTION('',(0.,-1.,0.));
#9970=DIRECTION('',(0.,-1.,0.));
#9971=DIRECTION('',(0.,-1.,0.));
#9972=DIRECTION('',(0.,-1.,0.));
#9973=DIRECTION('',(0.,-1.,0.));
#9974=DIRECTION('',(0.,-1.,0.));
#9975=DIRECTION('',(0.,-1.,0.));
#9976=DIRECTION('center_axis',(0.,0.,-1.));
#9977=DIRECTION('ref_axis',(1.,0.,0.));
#9978=DIRECTION('',(1.,0.,0.));
#9979=DIRECTION('',(0.,-1.,0.));
#9980=DIRECTION('',(1.,0.,0.));
#9981=DIRECTION('',(0.,-1.,0.));
#9982=DIRECTION('',(0.,-1.,0.));
#9983=DIRECTION('',(0.,-1.,0.));
#9984=DIRECTION('',(0.,-1.,0.));
#9985=DIRECTION('',(0.,-1.,0.));
#9986=DIRECTION('',(0.,-1.,0.));
#9987=DIRECTION('',(0.,-1.,0.));
#9988=DIRECTION('',(0.,-1.,0.));
#9989=DIRECTION('center_axis',(0.,0.,-1.));
#9990=DIRECTION('ref_axis',(1.,0.,0.));
#9991=DIRECTION('',(1.,0.,0.));
#9992=DIRECTION('',(0.,-1.,0.));
#9993=DIRECTION('',(1.,0.,0.));
#9994=DIRECTION('',(0.,-1.,0.));
#9995=DIRECTION('',(0.,-1.,0.));
#9996=DIRECTION('',(0.,-1.,0.));
#9997=DIRECTION('',(0.,-1.,0.));
#9998=DIRECTION('',(0.,-1.,0.));
#9999=DIRECTION('',(0.,-1.,0.));
#10000=DIRECTION('',(0.,-1.,0.));
#10001=DIRECTION('',(0.,-1.,0.));
#10002=DIRECTION('',(0.,-1.,0.));
#10003=DIRECTION('',(0.,-1.,0.));
#10004=DIRECTION('',(0.,-1.,0.));
#10005=DIRECTION('',(0.,-1.,0.));
#10006=DIRECTION('center_axis',(0.951708439256507,0.,-0.307003333284745));
#10007=DIRECTION('ref_axis',(0.307003333284745,0.,0.951708439256506));
#10008=DIRECTION('',(0.307003333284745,0.,0.951708439256506));
#10009=DIRECTION('',(0.,-1.,0.));
#10010=DIRECTION('',(0.307003333284745,0.,0.951708439256506));
#10011=DIRECTION('center_axis',(0.,1.,0.));
#10012=DIRECTION('ref_axis',(1.,0.,0.));
#10013=DIRECTION('center_axis',(0.,1.,0.));
#10014=DIRECTION('ref_axis',(-1.,0.,0.));
#10015=DIRECTION('center_axis',(0.,1.,0.));
#10016=DIRECTION('ref_axis',(-1.77635683940025E-15,0.,-1.));
#10017=DIRECTION('',(0.,0.,1.));
#10018=DIRECTION('center_axis',(0.,1.,0.));
#10019=DIRECTION('ref_axis',(-1.,0.,0.));
#10020=DIRECTION('',(0.,0.,1.));
#10021=DIRECTION('center_axis',(0.,1.,0.));
#10022=DIRECTION('ref_axis',(-1.,0.,0.));
#10023=DIRECTION('',(0.,0.,1.));
#10024=DIRECTION('center_axis',(0.,1.,0.));
#10025=DIRECTION('ref_axis',(-1.,0.,1.77635683940025E-15));
#10026=DIRECTION('',(1.,0.,0.));
#10027=DIRECTION('center_axis',(0.,1.,0.));
#10028=DIRECTION('ref_axis',(1.77635683940025E-15,0.,1.));
#10029=DIRECTION('',(0.,0.,-1.));
#10030=DIRECTION('center_axis',(0.,1.,0.));
#10031=DIRECTION('ref_axis',(-1.,0.,0.));
#10032=DIRECTION('',(0.,0.,-1.));
#10033=DIRECTION('center_axis',(0.,1.,0.));
#10034=DIRECTION('ref_axis',(-1.,0.,0.));
#10035=DIRECTION('',(0.,0.,-1.));
#10036=DIRECTION('center_axis',(0.,1.,0.));
#10037=DIRECTION('ref_axis',(1.,0.,-1.77635683940025E-15));
#10038=DIRECTION('',(-1.,0.,0.));
#10039=DIRECTION('',(0.,0.,-1.));
#10040=DIRECTION('',(1.,0.,0.));
#10041=DIRECTION('',(0.,0.,1.));
#10042=DIRECTION('',(-1.,0.,1.11022302462516E-16));
#10043=DIRECTION('center_axis',(0.,-1.,0.));
#10044=DIRECTION('ref_axis',(-1.,0.,0.));
#10045=DIRECTION('center_axis',(0.,-1.,0.));
#10046=DIRECTION('ref_axis',(-1.,0.,0.));
#10047=DIRECTION('center_axis',(0.,-1.,0.));
#10048=DIRECTION('ref_axis',(-1.,0.,0.));
#10049=DIRECTION('center_axis',(0.,-1.,0.));
#10050=DIRECTION('ref_axis',(-1.,0.,0.));
#10051=DIRECTION('center_axis',(0.,1.,0.));
#10052=DIRECTION('ref_axis',(-1.,0.,0.));
#10053=DIRECTION('center_axis',(0.,1.,0.));
#10054=DIRECTION('ref_axis',(-1.,0.,0.));
#10055=DIRECTION('center_axis',(0.,1.,0.));
#10056=DIRECTION('ref_axis',(-1.,0.,0.));
#10057=DIRECTION('center_axis',(0.,1.,0.));
#10058=DIRECTION('ref_axis',(-1.,0.,0.));
#10059=DIRECTION('center_axis',(-0.190808995376545,0.,0.981627183447664));
#10060=DIRECTION('ref_axis',(0.,1.,0.));
#10061=DIRECTION('',(0.981627183447664,0.,0.190808995376545));
#10062=DIRECTION('',(-0.964231206459825,-0.187427559991896,-0.187427559991896));
#10063=DIRECTION('',(0.,1.,0.));
#10064=DIRECTION('center_axis',(-0.190808995376545,0.,-0.981627183447664));
#10065=DIRECTION('ref_axis',(0.,-1.,0.));
#10066=DIRECTION('',(-0.981627183447664,0.,0.190808995376545));
#10067=DIRECTION('',(0.,-1.,0.));
#10068=DIRECTION('',(-0.964231206459824,-0.187427559991896,0.187427559991896));
#10069=DIRECTION('center_axis',(-0.190808995376545,0.981627183447664,0.));
#10070=DIRECTION('ref_axis',(0.,0.,-1.));
#10071=DIRECTION('',(0.,0.,-1.));
#10072=DIRECTION('center_axis',(0.,0.,1.));
#10073=DIRECTION('ref_axis',(-1.,0.,0.));
#10074=DIRECTION('',(1.,0.,0.));
#10075=DIRECTION('',(0.939692620785909,-0.342020143325668,0.));
#10076=DIRECTION('',(-0.939692620785909,-0.342020143325669,0.));
#10077=DIRECTION('center_axis',(0.,1.,0.));
#10078=DIRECTION('ref_axis',(-1.,0.,0.));
#10079=DIRECTION('',(0.,0.,1.));
#10080=DIRECTION('center_axis',(0.,1.,0.));
#10081=DIRECTION('ref_axis',(-1.,0.,0.));
#10082=DIRECTION('',(0.,0.,1.));
#10083=DIRECTION('center_axis',(0.,1.,0.));
#10084=DIRECTION('ref_axis',(1.77635683940025E-15,0.,1.));
#10085=DIRECTION('',(-1.,0.,0.));
#10086=DIRECTION('center_axis',(0.,1.,0.));
#10087=DIRECTION('ref_axis',(-1.,0.,1.77635683940025E-15));
#10088=DIRECTION('',(0.,0.,-1.));
#10089=DIRECTION('center_axis',(0.,1.,0.));
#10090=DIRECTION('ref_axis',(-1.,0.,0.));
#10091=DIRECTION('',(0.,0.,-1.));
#10092=DIRECTION('',(0.939692620785908,0.,-0.342020143325669));
#10093=DIRECTION('',(1.52515634535812E-16,0.,-1.));
#10094=DIRECTION('',(1.,0.,0.));
#10095=DIRECTION('center_axis',(0.,1.,0.));
#10096=DIRECTION('ref_axis',(0.,0.,1.));
#10097=DIRECTION('',(-1.,0.,0.));
#10098=DIRECTION('center_axis',(0.,1.,0.));
#10099=DIRECTION('ref_axis',(0.,0.,-1.));
#10100=DIRECTION('center_axis',(0.342020143325669,-0.939692620785908,0.));
#10101=DIRECTION('ref_axis',(0.,0.,-1.));
#10102=DIRECTION('',(7.62578172679059E-17,2.7755575615629E-17,-1.));
#10103=DIRECTION('center_axis',(0.342020143325669,0.,-0.939692620785908));
#10104=DIRECTION('ref_axis',(0.,1.,0.));
#10105=DIRECTION('',(-0.939692620785908,0.,-0.342020143325669));
#10106=DIRECTION('',(0.889126490715989,-0.323615577118184,0.323615577118185));
#10107=DIRECTION('',(0.,1.,0.));
#10108=DIRECTION('center_axis',(0.342020143325668,0.939692620785909,5.21634191833436E-17));
#10109=DIRECTION('ref_axis',(0.,-5.55111512312578E-17,1.));
#10110=DIRECTION('',(0.889126490715989,-0.323615577118184,-0.323615577118185));
#10111=DIRECTION('',(0.,-5.55111512312578E-17,1.));
#10112=DIRECTION('',(1.52515634535812E-16,0.,-1.));
#10113=DIRECTION('',(-0.939692620785909,0.342020143325668,0.));
#10114=DIRECTION('center_axis',(0.342020143325669,0.,0.939692620785908));
#10115=DIRECTION('ref_axis',(0.,-1.,0.));
#10116=DIRECTION('',(0.,-1.,0.));
#10117=DIRECTION('center_axis',(0.,0.,-1.));
#10118=DIRECTION('ref_axis',(1.,0.,0.));
#10119=DIRECTION('',(-1.,0.,0.));
#10120=DIRECTION('center_axis',(0.,1.,0.));
#10121=DIRECTION('ref_axis',(-1.,0.,0.));
#10122=DIRECTION('',(0.,0.,-1.));
#10123=DIRECTION('center_axis',(0.,1.,0.));
#10124=DIRECTION('ref_axis',(-1.,0.,0.));
#10125=DIRECTION('',(0.,0.,-1.));
#10126=DIRECTION('center_axis',(0.,1.,0.));
#10127=DIRECTION('ref_axis',(-1.77635683940025E-15,0.,-1.));
#10128=DIRECTION('',(1.,0.,0.));
#10129=DIRECTION('center_axis',(0.,1.,0.));
#10130=DIRECTION('ref_axis',(1.,0.,-1.77635683940025E-15));
#10131=DIRECTION('',(0.,0.,1.));
#10132=DIRECTION('center_axis',(0.,1.,0.));
#10133=DIRECTION('ref_axis',(-1.,0.,0.));
#10134=DIRECTION('',(0.,0.,1.));
#10135=DIRECTION('',(1.,0.,0.));
#10136=DIRECTION('center_axis',(0.,1.,0.));
#10137=DIRECTION('ref_axis',(0.,0.,1.));
#10138=DIRECTION('',(-1.,0.,0.));
#10139=DIRECTION('center_axis',(0.,1.,0.));
#10140=DIRECTION('ref_axis',(0.,0.,-1.));
#10141=DIRECTION('center_axis',(0.,-1.,0.));
#10142=DIRECTION('ref_axis',(-1.,0.,0.));
#10143=DIRECTION('',(0.,-1.,0.));
#10144=DIRECTION('center_axis',(0.,-1.,0.));
#10145=DIRECTION('ref_axis',(-1.,0.,0.));
#10146=DIRECTION('center_axis',(0.,1.,0.));
#10147=DIRECTION('ref_axis',(-1.,0.,0.));
#10148=DIRECTION('center_axis',(0.,-1.,0.));
#10149=DIRECTION('ref_axis',(-1.,0.,0.));
#10150=DIRECTION('',(0.,-1.,0.));
#10151=DIRECTION('center_axis',(0.,-1.,0.));
#10152=DIRECTION('ref_axis',(-1.,0.,0.));
#10153=DIRECTION('center_axis',(0.,1.,0.));
#10154=DIRECTION('ref_axis',(-1.,0.,0.));
#10155=DIRECTION('center_axis',(0.,-1.,0.));
#10156=DIRECTION('ref_axis',(-1.,0.,0.));
#10157=DIRECTION('',(0.,-1.,0.));
#10158=DIRECTION('center_axis',(0.,-1.,0.));
#10159=DIRECTION('ref_axis',(-1.,0.,0.));
#10160=DIRECTION('center_axis',(0.,1.,0.));
#10161=DIRECTION('ref_axis',(-1.,0.,0.));
#10162=DIRECTION('center_axis',(0.,-1.,0.));
#10163=DIRECTION('ref_axis',(-1.,0.,0.));
#10164=DIRECTION('',(0.,-1.,0.));
#10165=DIRECTION('center_axis',(0.,-1.,0.));
#10166=DIRECTION('ref_axis',(-1.,0.,0.));
#10167=DIRECTION('center_axis',(0.,1.,0.));
#10168=DIRECTION('ref_axis',(-1.,0.,0.));
#10169=DIRECTION('center_axis',(0.,0.,1.));
#10170=DIRECTION('ref_axis',(1.,0.,0.));
#10171=DIRECTION('',(1.,0.,0.));
#10172=DIRECTION('',(0.,1.,0.));
#10173=DIRECTION('',(1.,0.,0.));
#10174=DIRECTION('',(0.,1.,0.));
#10175=DIRECTION('center_axis',(-1.,0.,0.));
#10176=DIRECTION('ref_axis',(0.,0.,1.));
#10177=DIRECTION('',(0.,0.,1.));
#10178=DIRECTION('',(0.,1.,0.));
#10179=DIRECTION('',(0.,0.,1.));
#10180=DIRECTION('center_axis',(0.,0.,-1.));
#10181=DIRECTION('ref_axis',(-1.,0.,0.));
#10182=DIRECTION('',(-1.,0.,0.));
#10183=DIRECTION('',(0.,1.,0.));
#10184=DIRECTION('',(-1.,0.,0.));
#10185=DIRECTION('center_axis',(1.,0.,0.));
#10186=DIRECTION('ref_axis',(0.,0.,-1.));
#10187=DIRECTION('',(0.,0.,-1.));
#10188=DIRECTION('',(0.,0.,-1.));
#10189=DIRECTION('center_axis',(0.,1.,0.));
#10190=DIRECTION('ref_axis',(0.,0.,1.));
#10191=DIRECTION('center_axis',(1.,0.,0.));
#10192=DIRECTION('ref_axis',(0.,0.,-1.));
#10193=DIRECTION('',(0.,0.,-1.));
#10194=DIRECTION('',(0.,1.,0.));
#10195=DIRECTION('',(0.,0.,-1.));
#10196=DIRECTION('',(0.,1.,0.));
#10197=DIRECTION('center_axis',(0.,0.,1.));
#10198=DIRECTION('ref_axis',(1.,0.,0.));
#10199=DIRECTION('',(1.,0.,0.));
#10200=DIRECTION('',(0.,1.,0.));
#10201=DIRECTION('',(1.,0.,0.));
#10202=DIRECTION('center_axis',(-1.,0.,0.));
#10203=DIRECTION('ref_axis',(0.,0.,1.));
#10204=DIRECTION('',(0.,0.,1.));
#10205=DIRECTION('',(0.,1.,0.));
#10206=DIRECTION('',(0.,0.,1.));
#10207=DIRECTION('center_axis',(0.,0.,-1.));
#10208=DIRECTION('ref_axis',(-1.,0.,0.));
#10209=DIRECTION('',(-1.,0.,0.));
#10210=DIRECTION('',(-1.,0.,0.));
#10211=DIRECTION('center_axis',(0.,1.,0.));
#10212=DIRECTION('ref_axis',(0.,0.,1.));
#10213=DIRECTION('center_axis',(-1.,0.,0.));
#10214=DIRECTION('ref_axis',(0.,0.,1.));
#10215=DIRECTION('',(0.,0.,1.));
#10216=DIRECTION('',(0.,1.,0.));
#10217=DIRECTION('',(0.,0.,1.));
#10218=DIRECTION('',(0.,1.,0.));
#10219=DIRECTION('center_axis',(0.,0.,-1.));
#10220=DIRECTION('ref_axis',(-1.,0.,0.));
#10221=DIRECTION('',(-1.,0.,0.));
#10222=DIRECTION('',(0.,1.,0.));
#10223=DIRECTION('',(-1.,0.,0.));
#10224=DIRECTION('center_axis',(1.,0.,0.));
#10225=DIRECTION('ref_axis',(0.,0.,-1.));
#10226=DIRECTION('',(0.,0.,-1.));
#10227=DIRECTION('',(0.,1.,0.));
#10228=DIRECTION('',(0.,0.,-1.));
#10229=DIRECTION('center_axis',(0.,0.,1.));
#10230=DIRECTION('ref_axis',(1.,0.,0.));
#10231=DIRECTION('',(1.,0.,0.));
#10232=DIRECTION('',(1.,0.,0.));
#10233=DIRECTION('center_axis',(0.,1.,0.));
#10234=DIRECTION('ref_axis',(0.,0.,1.));
#10235=DIRECTION('center_axis',(1.,0.,0.));
#10236=DIRECTION('ref_axis',(0.,0.,-1.));
#10237=DIRECTION('',(0.,0.,-1.));
#10238=DIRECTION('',(0.,1.,0.));
#10239=DIRECTION('',(0.,0.,-1.));
#10240=DIRECTION('',(0.,1.,0.));
#10241=DIRECTION('center_axis',(0.,0.,1.));
#10242=DIRECTION('ref_axis',(1.,0.,0.));
#10243=DIRECTION('',(1.,0.,0.));
#10244=DIRECTION('',(0.,1.,0.));
#10245=DIRECTION('',(1.,0.,0.));
#10246=DIRECTION('center_axis',(-1.,0.,0.));
#10247=DIRECTION('ref_axis',(0.,0.,1.));
#10248=DIRECTION('',(0.,0.,1.));
#10249=DIRECTION('',(0.,1.,0.));
#10250=DIRECTION('',(0.,0.,1.));
#10251=DIRECTION('center_axis',(0.,0.,-1.));
#10252=DIRECTION('ref_axis',(-1.,0.,0.));
#10253=DIRECTION('',(-1.,0.,0.));
#10254=DIRECTION('',(-1.,0.,0.));
#10255=DIRECTION('center_axis',(0.,1.,0.));
#10256=DIRECTION('ref_axis',(0.,0.,1.));
#10257=DIRECTION('center_axis',(0.,0.,1.));
#10258=DIRECTION('ref_axis',(1.,0.,0.));
#10259=DIRECTION('',(1.,0.,0.));
#10260=DIRECTION('',(0.,1.,0.));
#10261=DIRECTION('',(1.,0.,0.));
#10262=DIRECTION('',(0.,1.,0.));
#10263=DIRECTION('center_axis',(-1.,0.,0.));
#10264=DIRECTION('ref_axis',(0.,0.,1.));
#10265=DIRECTION('',(0.,0.,1.));
#10266=DIRECTION('',(0.,1.,0.));
#10267=DIRECTION('',(0.,0.,1.));
#10268=DIRECTION('center_axis',(0.,0.,-1.));
#10269=DIRECTION('ref_axis',(-1.,0.,0.));
#10270=DIRECTION('',(-1.,0.,0.));
#10271=DIRECTION('',(0.,1.,0.));
#10272=DIRECTION('',(-1.,0.,0.));
#10273=DIRECTION('center_axis',(1.,0.,0.));
#10274=DIRECTION('ref_axis',(0.,0.,-1.));
#10275=DIRECTION('',(0.,0.,-1.));
#10276=DIRECTION('',(0.,0.,-1.));
#10277=DIRECTION('center_axis',(0.,1.,0.));
#10278=DIRECTION('ref_axis',(0.,0.,1.));
#10279=DIRECTION('center_axis',(1.,0.,0.));
#10280=DIRECTION('ref_axis',(0.,0.,-1.));
#10281=DIRECTION('',(0.,0.,-1.));
#10282=DIRECTION('',(0.,1.,0.));
#10283=DIRECTION('',(0.,0.,-1.));
#10284=DIRECTION('',(0.,1.,0.));
#10285=DIRECTION('center_axis',(0.,0.,1.));
#10286=DIRECTION('ref_axis',(1.,0.,0.));
#10287=DIRECTION('',(1.,0.,0.));
#10288=DIRECTION('',(0.,1.,0.));
#10289=DIRECTION('',(1.,0.,0.));
#10290=DIRECTION('center_axis',(-1.,0.,0.));
#10291=DIRECTION('ref_axis',(0.,0.,1.));
#10292=DIRECTION('',(0.,0.,1.));
#10293=DIRECTION('',(0.,1.,0.));
#10294=DIRECTION('',(0.,0.,1.));
#10295=DIRECTION('center_axis',(0.,0.,-1.));
#10296=DIRECTION('ref_axis',(-1.,0.,0.));
#10297=DIRECTION('',(-1.,0.,0.));
#10298=DIRECTION('',(-1.,0.,0.));
#10299=DIRECTION('center_axis',(0.,1.,0.));
#10300=DIRECTION('ref_axis',(0.,0.,1.));
#10301=DIRECTION('center_axis',(1.,0.,0.));
#10302=DIRECTION('ref_axis',(0.,0.,-1.));
#10303=DIRECTION('',(0.,0.,-1.));
#10304=DIRECTION('',(0.,1.,0.));
#10305=DIRECTION('',(0.,0.,-1.));
#10306=DIRECTION('',(0.,1.,0.));
#10307=DIRECTION('center_axis',(0.,0.,1.));
#10308=DIRECTION('ref_axis',(1.,0.,0.));
#10309=DIRECTION('',(1.,0.,0.));
#10310=DIRECTION('',(0.,1.,0.));
#10311=DIRECTION('',(1.,0.,0.));
#10312=DIRECTION('center_axis',(-1.,0.,0.));
#10313=DIRECTION('ref_axis',(0.,0.,1.));
#10314=DIRECTION('',(0.,0.,1.));
#10315=DIRECTION('',(0.,1.,0.));
#10316=DIRECTION('',(0.,0.,1.));
#10317=DIRECTION('center_axis',(0.,0.,-1.));
#10318=DIRECTION('ref_axis',(-1.,0.,0.));
#10319=DIRECTION('',(-1.,0.,0.));
#10320=DIRECTION('',(-1.,0.,0.));
#10321=DIRECTION('center_axis',(0.,1.,0.));
#10322=DIRECTION('ref_axis',(0.,0.,1.));
#10323=DIRECTION('center_axis',(1.,0.,0.));
#10324=DIRECTION('ref_axis',(0.,0.,-1.));
#10325=DIRECTION('',(0.,0.,-1.));
#10326=DIRECTION('',(0.,1.,0.));
#10327=DIRECTION('',(0.,0.,-1.));
#10328=DIRECTION('',(0.,1.,0.));
#10329=DIRECTION('center_axis',(0.,0.,1.));
#10330=DIRECTION('ref_axis',(1.,0.,0.));
#10331=DIRECTION('',(1.,0.,0.));
#10332=DIRECTION('',(0.,1.,0.));
#10333=DIRECTION('',(1.,0.,0.));
#10334=DIRECTION('center_axis',(-1.,0.,0.));
#10335=DIRECTION('ref_axis',(0.,0.,1.));
#10336=DIRECTION('',(0.,0.,1.));
#10337=DIRECTION('',(0.,1.,0.));
#10338=DIRECTION('',(0.,0.,1.));
#10339=DIRECTION('center_axis',(0.,0.,-1.));
#10340=DIRECTION('ref_axis',(-1.,0.,0.));
#10341=DIRECTION('',(-1.,0.,0.));
#10342=DIRECTION('',(-1.,0.,0.));
#10343=DIRECTION('center_axis',(0.,1.,0.));
#10344=DIRECTION('ref_axis',(0.,0.,1.));
#10345=DIRECTION('center_axis',(-1.,0.,0.));
#10346=DIRECTION('ref_axis',(0.,0.,1.));
#10347=DIRECTION('',(0.,0.,1.));
#10348=DIRECTION('',(0.,1.,0.));
#10349=DIRECTION('',(0.,0.,1.));
#10350=DIRECTION('',(0.,1.,0.));
#10351=DIRECTION('center_axis',(0.,0.,-1.));
#10352=DIRECTION('ref_axis',(-1.,0.,0.));
#10353=DIRECTION('',(-1.,0.,0.));
#10354=DIRECTION('',(0.,1.,0.));
#10355=DIRECTION('',(-1.,0.,0.));
#10356=DIRECTION('center_axis',(1.,0.,0.));
#10357=DIRECTION('ref_axis',(0.,0.,-1.));
#10358=DIRECTION('',(0.,0.,-1.));
#10359=DIRECTION('',(0.,1.,0.));
#10360=DIRECTION('',(0.,0.,-1.));
#10361=DIRECTION('center_axis',(0.,0.,1.));
#10362=DIRECTION('ref_axis',(1.,0.,0.));
#10363=DIRECTION('',(1.,0.,0.));
#10364=DIRECTION('',(1.,0.,0.));
#10365=DIRECTION('center_axis',(0.,1.,0.));
#10366=DIRECTION('ref_axis',(0.,0.,1.));
#10367=DIRECTION('center_axis',(1.,0.,0.));
#10368=DIRECTION('ref_axis',(0.,0.,-1.));
#10369=DIRECTION('',(0.,0.,-1.));
#10370=DIRECTION('',(0.,1.,0.));
#10371=DIRECTION('',(0.,0.,-1.));
#10372=DIRECTION('',(0.,1.,0.));
#10373=DIRECTION('center_axis',(0.,0.,1.));
#10374=DIRECTION('ref_axis',(1.,0.,0.));
#10375=DIRECTION('',(1.,0.,0.));
#10376=DIRECTION('',(0.,1.,0.));
#10377=DIRECTION('',(1.,0.,0.));
#10378=DIRECTION('center_axis',(-1.,0.,0.));
#10379=DIRECTION('ref_axis',(0.,0.,1.));
#10380=DIRECTION('',(0.,0.,1.));
#10381=DIRECTION('',(0.,1.,0.));
#10382=DIRECTION('',(0.,0.,1.));
#10383=DIRECTION('center_axis',(0.,0.,-1.));
#10384=DIRECTION('ref_axis',(-1.,0.,0.));
#10385=DIRECTION('',(-1.,0.,0.));
#10386=DIRECTION('',(-1.,0.,0.));
#10387=DIRECTION('center_axis',(0.,1.,0.));
#10388=DIRECTION('ref_axis',(0.,0.,1.));
#10389=DIRECTION('center_axis',(0.,1.,0.));
#10390=DIRECTION('ref_axis',(1.,0.,0.));
#10391=DIRECTION('center_axis',(0.,1.,0.));
#10392=DIRECTION('ref_axis',(0.,0.,-1.));
#10393=DIRECTION('',(-1.,0.,0.));
#10394=DIRECTION('',(0.,0.,-1.));
#10395=DIRECTION('',(1.,0.,0.));
#10396=DIRECTION('center_axis',(0.,1.,0.));
#10397=DIRECTION('ref_axis',(1.,0.,0.));
#10398=DIRECTION('center_axis',(0.,1.,0.));
#10399=DIRECTION('ref_axis',(0.,0.,-1.));
#10400=DIRECTION('',(-1.,0.,0.));
#10401=DIRECTION('',(0.,0.,-1.));
#10402=DIRECTION('',(1.,0.,0.));
#10403=DIRECTION('center_axis',(1.,0.,0.));
#10404=DIRECTION('ref_axis',(0.,-1.,0.));
#10405=DIRECTION('',(0.,-1.,0.));
#10406=DIRECTION('',(0.,1.,0.));
#10407=DIRECTION('',(0.,0.,-1.));
#10408=DIRECTION('center_axis',(1.,0.,0.));
#10409=DIRECTION('ref_axis',(0.,-1.,0.));
#10410=DIRECTION('',(0.,1.,0.));
#10411=DIRECTION('',(0.,0.,-1.));
#10412=DIRECTION('',(0.,-1.,0.));
#10413=DIRECTION('center_axis',(0.,1.,0.));
#10414=DIRECTION('ref_axis',(1.,0.,0.));
#10415=DIRECTION('center_axis',(0.,1.,0.));
#10416=DIRECTION('ref_axis',(0.,0.,1.));
#10417=DIRECTION('',(1.,0.,0.));
#10418=DIRECTION('',(0.,0.,-1.));
#10419=DIRECTION('',(-1.,0.,0.));
#10420=DIRECTION('center_axis',(0.,1.,0.));
#10421=DIRECTION('ref_axis',(1.,0.,0.));
#10422=DIRECTION('center_axis',(0.,1.,0.));
#10423=DIRECTION('ref_axis',(0.,0.,1.));
#10424=DIRECTION('',(1.,0.,0.));
#10425=DIRECTION('',(0.,0.,-1.));
#10426=DIRECTION('',(-1.,0.,0.));
#10427=DIRECTION('center_axis',(-1.,0.,0.));
#10428=DIRECTION('ref_axis',(0.,1.,0.));
#10429=DIRECTION('',(0.,1.,0.));
#10430=DIRECTION('',(0.,0.,1.));
#10431=DIRECTION('',(0.,-1.,0.));
#10432=DIRECTION('center_axis',(-1.,0.,0.));
#10433=DIRECTION('ref_axis',(0.,1.,0.));
#10434=DIRECTION('',(0.,-1.,0.));
#10435=DIRECTION('',(0.,1.,0.));
#10436=DIRECTION('',(0.,0.,1.));
#10437=DIRECTION('center_axis',(0.,-1.,0.));
#10438=DIRECTION('ref_axis',(0.,0.,-1.));
#10439=DIRECTION('',(0.,-1.,0.));
#10440=DIRECTION('',(0.,-1.,0.));
#10441=DIRECTION('center_axis',(0.,-1.,0.));
#10442=DIRECTION('ref_axis',(0.,0.,-1.));
#10443=DIRECTION('',(0.,-1.,0.));
#10444=DIRECTION('',(0.,-1.,0.));
#10445=DIRECTION('center_axis',(0.,-1.,0.));
#10446=DIRECTION('ref_axis',(0.,0.,1.));
#10447=DIRECTION('',(0.,-1.,0.));
#10448=DIRECTION('',(0.,-1.,0.));
#10449=DIRECTION('center_axis',(0.,0.,1.));
#10450=DIRECTION('ref_axis',(-1.,0.,0.));
#10451=DIRECTION('',(-1.,0.,0.));
#10452=DIRECTION('',(0.,1.,0.));
#10453=DIRECTION('',(0.98058067569092,-0.196116135138184,0.));
#10454=DIRECTION('',(-1.,0.,0.));
#10455=DIRECTION('',(0.,1.,0.));
#10456=DIRECTION('',(0.98058067569092,-0.196116135138184,0.));
#10457=DIRECTION('',(-1.,0.,0.));
#10458=DIRECTION('',(0.,1.,0.));
#10459=DIRECTION('',(0.98058067569092,-0.196116135138184,0.));
#10460=DIRECTION('',(-1.,0.,0.));
#10461=DIRECTION('',(0.,1.,0.));
#10462=DIRECTION('',(0.98058067569092,-0.196116135138184,0.));
#10463=DIRECTION('',(-1.,0.,0.));
#10464=DIRECTION('center_axis',(0.,0.,1.));
#10465=DIRECTION('ref_axis',(-1.,0.,0.));
#10466=DIRECTION('',(-1.,0.,0.));
#10467=DIRECTION('',(0.,1.,0.));
#10468=DIRECTION('',(0.98058067569092,-0.196116135138184,0.));
#10469=DIRECTION('',(-1.,0.,0.));
#10470=DIRECTION('',(0.,1.,0.));
#10471=DIRECTION('',(0.98058067569092,-0.196116135138184,0.));
#10472=DIRECTION('',(-1.,0.,0.));
#10473=DIRECTION('',(0.,1.,0.));
#10474=DIRECTION('',(0.98058067569092,-0.196116135138184,0.));
#10475=DIRECTION('',(-1.,0.,0.));
#10476=DIRECTION('',(0.,1.,0.));
#10477=DIRECTION('',(0.98058067569092,-0.196116135138184,0.));
#10478=DIRECTION('',(-1.,0.,0.));
#10479=DIRECTION('',(0.,-1.,0.));
#10480=DIRECTION('center_axis',(0.,-1.,0.));
#10481=DIRECTION('ref_axis',(0.,0.,1.));
#10482=DIRECTION('',(0.,-1.,0.));
#10483=DIRECTION('center_axis',(0.196116135138184,0.98058067569092,0.));
#10484=DIRECTION('ref_axis',(0.98058067569092,-0.196116135138184,0.));
#10485=DIRECTION('',(0.,0.,-1.));
#10486=DIRECTION('',(-0.98058067569092,0.196116135138184,0.));
#10487=DIRECTION('',(0.,0.,-1.));
#10488=DIRECTION('center_axis',(-1.,0.,0.));
#10489=DIRECTION('ref_axis',(0.,1.,0.));
#10490=DIRECTION('',(0.,0.,1.));
#10491=DIRECTION('',(0.,-1.,0.));
#10492=DIRECTION('center_axis',(-1.,0.,0.));
#10493=DIRECTION('ref_axis',(0.,1.,0.));
#10494=DIRECTION('',(0.,-1.,0.));
#10495=DIRECTION('',(0.,0.,-1.));
#10496=DIRECTION('',(0.,0.,1.));
#10497=DIRECTION('center_axis',(0.196116135138184,0.98058067569092,0.));
#10498=DIRECTION('ref_axis',(0.98058067569092,-0.196116135138184,0.));
#10499=DIRECTION('',(-0.98058067569092,0.196116135138184,0.));
#10500=DIRECTION('',(0.,0.,-1.));
#10501=DIRECTION('center_axis',(0.196116135138184,0.98058067569092,0.));
#10502=DIRECTION('ref_axis',(0.98058067569092,-0.196116135138184,0.));
#10503=DIRECTION('',(0.,0.,-1.));
#10504=DIRECTION('',(-0.98058067569092,0.196116135138184,0.));
#10505=DIRECTION('',(0.,0.,-1.));
#10506=DIRECTION('center_axis',(-1.,0.,0.));
#10507=DIRECTION('ref_axis',(0.,1.,0.));
#10508=DIRECTION('',(0.,0.,1.));
#10509=DIRECTION('',(0.,-1.,0.));
#10510=DIRECTION('center_axis',(-1.,0.,0.));
#10511=DIRECTION('ref_axis',(0.,1.,0.));
#10512=DIRECTION('',(0.,-1.,0.));
#10513=DIRECTION('',(0.,0.,-1.));
#10514=DIRECTION('',(0.,0.,1.));
#10515=DIRECTION('center_axis',(0.196116135138184,0.98058067569092,0.));
#10516=DIRECTION('ref_axis',(0.98058067569092,-0.196116135138184,0.));
#10517=DIRECTION('',(-0.98058067569092,0.196116135138184,0.));
#10518=DIRECTION('',(0.,0.,-1.));
#10519=DIRECTION('center_axis',(0.196116135138184,0.98058067569092,0.));
#10520=DIRECTION('ref_axis',(0.98058067569092,-0.196116135138184,0.));
#10521=DIRECTION('',(0.,0.,-1.));
#10522=DIRECTION('',(-0.98058067569092,0.196116135138184,0.));
#10523=DIRECTION('',(0.,0.,-1.));
#10524=DIRECTION('center_axis',(-1.,0.,0.));
#10525=DIRECTION('ref_axis',(0.,1.,0.));
#10526=DIRECTION('',(0.,0.,1.));
#10527=DIRECTION('',(0.,-1.,0.));
#10528=DIRECTION('center_axis',(-1.,0.,0.));
#10529=DIRECTION('ref_axis',(0.,1.,0.));
#10530=DIRECTION('',(0.,-1.,0.));
#10531=DIRECTION('',(0.,0.,-1.));
#10532=DIRECTION('',(0.,0.,1.));
#10533=DIRECTION('center_axis',(0.196116135138184,0.98058067569092,0.));
#10534=DIRECTION('ref_axis',(0.98058067569092,-0.196116135138184,0.));
#10535=DIRECTION('',(-0.98058067569092,0.196116135138184,0.));
#10536=DIRECTION('',(0.,0.,-1.));
#10537=DIRECTION('center_axis',(0.196116135138184,0.98058067569092,0.));
#10538=DIRECTION('ref_axis',(0.98058067569092,-0.196116135138184,0.));
#10539=DIRECTION('',(0.,0.,-1.));
#10540=DIRECTION('',(-0.98058067569092,0.196116135138184,0.));
#10541=DIRECTION('',(0.,0.,-1.));
#10542=DIRECTION('center_axis',(-1.,0.,0.));
#10543=DIRECTION('ref_axis',(0.,1.,0.));
#10544=DIRECTION('',(0.,0.,1.));
#10545=DIRECTION('',(0.,-1.,0.));
#10546=DIRECTION('center_axis',(-1.,0.,0.));
#10547=DIRECTION('ref_axis',(0.,1.,0.));
#10548=DIRECTION('',(0.,-1.,0.));
#10549=DIRECTION('',(0.,0.,-1.));
#10550=DIRECTION('',(0.,0.,1.));
#10551=DIRECTION('center_axis',(0.196116135138184,0.98058067569092,0.));
#10552=DIRECTION('ref_axis',(0.98058067569092,-0.196116135138184,0.));
#10553=DIRECTION('',(-0.98058067569092,0.196116135138184,0.));
#10554=DIRECTION('',(0.,0.,-1.));
#10555=DIRECTION('center_axis',(0.,1.,0.));
#10556=DIRECTION('ref_axis',(-1.,0.,0.));
#10557=DIRECTION('',(1.,0.,0.));
#10558=DIRECTION('center_axis',(0.,1.,0.));
#10559=DIRECTION('ref_axis',(-1.,0.,0.));
#10560=DIRECTION('',(1.,0.,0.));
#10561=DIRECTION('center_axis',(0.,1.,0.));
#10562=DIRECTION('ref_axis',(-1.,0.,0.));
#10563=DIRECTION('',(1.,0.,0.));
#10564=DIRECTION('center_axis',(0.,1.,0.));
#10565=DIRECTION('ref_axis',(-1.,0.,0.));
#10566=DIRECTION('',(1.,0.,0.));
#10567=DIRECTION('center_axis',(0.,1.,0.));
#10568=DIRECTION('ref_axis',(-1.,0.,0.));
#10569=DIRECTION('',(1.,0.,0.));
#10570=DIRECTION('center_axis',(0.,0.,-1.));
#10571=DIRECTION('ref_axis',(1.,0.,0.));
#10572=DIRECTION('center_axis',(0.,1.,0.));
#10573=DIRECTION('ref_axis',(-1.,0.,0.));
#10574=DIRECTION('',(1.,0.,0.));
#10575=DIRECTION('center_axis',(0.,1.,0.));
#10576=DIRECTION('ref_axis',(-1.,0.,0.));
#10577=DIRECTION('',(1.,0.,0.));
#10578=DIRECTION('center_axis',(0.,1.,0.));
#10579=DIRECTION('ref_axis',(-1.,0.,0.));
#10580=DIRECTION('',(1.,0.,0.));
#10581=DIRECTION('center_axis',(0.,1.,0.));
#10582=DIRECTION('ref_axis',(-1.,0.,0.));
#10583=DIRECTION('',(1.,0.,0.));
#10584=DIRECTION('center_axis',(0.,1.,0.));
#10585=DIRECTION('ref_axis',(-1.,0.,0.));
#10586=DIRECTION('',(1.,0.,0.));
#10587=DIRECTION('center_axis',(0.,0.,-1.));
#10588=DIRECTION('ref_axis',(1.,0.,0.));
#10589=DIRECTION('center_axis',(-1.,0.,-1.58603289232165E-16));
#10590=DIRECTION('ref_axis',(1.58603289232165E-16,0.,-1.));
#10591=DIRECTION('',(0.,0.,1.));
#10592=DIRECTION('',(0.,-1.,0.));
#10593=DIRECTION('',(0.,-1.,0.));
#10594=DIRECTION('center_axis',(-1.11022302462516E-16,0.,-1.));
#10595=DIRECTION('ref_axis',(1.,0.,-1.11022302462516E-16));
#10596=DIRECTION('',(-1.,0.,1.11022302462516E-16));
#10597=DIRECTION('',(0.,-1.,0.));
#10598=DIRECTION('center_axis',(1.,0.,1.58603289232165E-16));
#10599=DIRECTION('ref_axis',(-1.58603289232165E-16,0.,1.));
#10600=DIRECTION('',(0.,0.,-1.));
#10601=DIRECTION('',(0.,-1.,0.));
#10602=DIRECTION('center_axis',(0.,0.,1.));
#10603=DIRECTION('ref_axis',(-1.,0.,0.));
#10604=DIRECTION('',(1.,0.,0.));
#10605=DIRECTION('center_axis',(-0.642787609686539,-0.766044443118978,0.));
#10606=DIRECTION('ref_axis',(0.,0.,1.));
#10607=DIRECTION('',(-0.608120402411343,0.510273605374737,0.608120402411343));
#10608=DIRECTION('',(-0.608120402411343,0.510273605374737,-0.608120402411343));
#10609=DIRECTION('center_axis',(0.,-0.766044443118978,-0.642787609686539));
#10610=DIRECTION('ref_axis',(-1.,0.,0.));
#10611=DIRECTION('',(0.608120402411343,0.510273605374737,-0.608120402411343));
#10612=DIRECTION('center_axis',(0.642787609686539,-0.766044443118978,0.));
#10613=DIRECTION('ref_axis',(0.,0.,-1.));
#10614=DIRECTION('',(0.608120402411343,0.510273605374737,0.608120402411343));
#10615=DIRECTION('center_axis',(7.13637604217764E-17,-0.766044443118978,
0.642787609686539));
#10616=DIRECTION('ref_axis',(1.,0.,-1.11022302462516E-16));
#10617=DIRECTION('center_axis',(0.,0.,-1.));
#10618=DIRECTION('ref_axis',(-1.,0.,0.));
#10619=DIRECTION('',(0.,1.,0.));
#10620=DIRECTION('',(0.,1.,0.));
#10621=DIRECTION('center_axis',(0.,1.,0.));
#10622=DIRECTION('ref_axis',(1.,0.,-1.77635683940025E-15));
#10623=DIRECTION('',(0.,1.,0.));
#10624=DIRECTION('center_axis',(1.,0.,0.));
#10625=DIRECTION('ref_axis',(0.,0.,-1.));
#10626=DIRECTION('',(0.,1.,0.));
#10627=DIRECTION('center_axis',(0.,1.,0.));
#10628=DIRECTION('ref_axis',(1.,0.,1.22464679914735E-16));
#10629=DIRECTION('',(0.,1.,0.));
#10630=DIRECTION('center_axis',(1.,0.,0.));
#10631=DIRECTION('ref_axis',(0.,0.,-1.));
#10632=DIRECTION('',(0.,1.,0.));
#10633=DIRECTION('center_axis',(0.,1.,0.));
#10634=DIRECTION('ref_axis',(1.,0.,1.22464679914735E-16));
#10635=DIRECTION('',(0.,1.,0.));
#10636=DIRECTION('center_axis',(1.,0.,0.));
#10637=DIRECTION('ref_axis',(0.,0.,-1.));
#10638=DIRECTION('',(0.,1.,0.));
#10639=DIRECTION('center_axis',(0.,1.,0.));
#10640=DIRECTION('ref_axis',(1.77635683940025E-15,0.,1.));
#10641=DIRECTION('',(0.,1.,0.));
#10642=DIRECTION('center_axis',(0.,0.,1.));
#10643=DIRECTION('ref_axis',(1.,0.,0.));
#10644=DIRECTION('',(0.,1.,0.));
#10645=DIRECTION('center_axis',(0.,1.,0.));
#10646=DIRECTION('ref_axis',(-1.,0.,1.77635683940025E-15));
#10647=DIRECTION('',(0.,1.,0.));
#10648=DIRECTION('center_axis',(-1.,0.,0.));
#10649=DIRECTION('ref_axis',(0.,0.,1.));
#10650=DIRECTION('',(0.,1.,0.));
#10651=DIRECTION('center_axis',(0.,1.,0.));
#10652=DIRECTION('ref_axis',(-1.,0.,0.));
#10653=DIRECTION('',(0.,1.,0.));
#10654=DIRECTION('center_axis',(-1.,0.,0.));
#10655=DIRECTION('ref_axis',(0.,0.,1.));
#10656=DIRECTION('',(0.,1.,0.));
#10657=DIRECTION('center_axis',(0.,1.,0.));
#10658=DIRECTION('ref_axis',(-1.,0.,0.));
#10659=DIRECTION('',(0.,1.,0.));
#10660=DIRECTION('center_axis',(-1.,0.,0.));
#10661=DIRECTION('ref_axis',(0.,0.,1.));
#10662=DIRECTION('',(0.,1.,0.));
#10663=DIRECTION('center_axis',(0.,1.,0.));
#10664=DIRECTION('ref_axis',(-1.77635683940025E-15,0.,-1.));
#10665=DIRECTION('center_axis',(0.,1.,0.));
#10666=DIRECTION('ref_axis',(-1.,0.,0.));
#10667=CARTESIAN_POINT('',(0.,0.,0.));
#10668=CARTESIAN_POINT('Origin',(-24.0000003576279,9.,-14.0000002086163));
#10669=CARTESIAN_POINT('',(-78.1313068198289,9.,-14.0000002086163));
#10670=CARTESIAN_POINT('',(-77.4444370964998,9.25000013411046,-14.0000002086163));
#10671=CARTESIAN_POINT('',(-57.6660801658293,16.4487333395672,-14.0000002086163));
#10672=CARTESIAN_POINT('',(-24.0000003576279,9.,-14.0000002086163));
#10673=CARTESIAN_POINT('',(-12.0000001788139,9.,-14.0000002086163));
#10674=CARTESIAN_POINT('',(-24.0000003576279,10.,-14.0000002086163));
#10675=CARTESIAN_POINT('',(-24.0000003576279,9.,-14.0000002086163));
#10676=CARTESIAN_POINT('',(-78.1313068198289,10.,-14.0000002086163));
#10677=CARTESIAN_POINT('',(-24.0000003576279,10.,-14.0000002086163));
#10678=CARTESIAN_POINT('',(-78.1313068198289,9.50000026822091,-14.0000002086163));
#10679=CARTESIAN_POINT('',(-78.1313068198289,9.,-14.0000002086163));
#10680=CARTESIAN_POINT('',(-57.5857316715162,2.02202246835571,-14.0000002086163));
#10681=CARTESIAN_POINT('Origin',(-78.1313068198289,9.,-14.0000002086163));
#10682=CARTESIAN_POINT('',(-78.1313068198289,9.50000026822091,13.9999997913837));
#10683=CARTESIAN_POINT('',(-78.1313068198289,9.50000026822091,2.99999989569188));
#10684=CARTESIAN_POINT('',(-78.1313068198289,10.,13.9999997913837));
#10685=CARTESIAN_POINT('',(-78.1313068198289,10.,-14.0000002086163));
#10686=CARTESIAN_POINT('',(-78.1313068198289,9.,13.9999997913837));
#10687=CARTESIAN_POINT('Origin',(-24.0000003576279,9.,13.9999997913837));
#10688=CARTESIAN_POINT('',(-24.0000003576279,9.,13.9999997913837));
#10689=CARTESIAN_POINT('',(-24.0000003576279,9.,6.99999989569187));
#10690=CARTESIAN_POINT('',(-24.0000003576279,10.,13.9999997913837));
#10691=CARTESIAN_POINT('',(-24.0000003576279,9.,13.9999997913837));
#10692=CARTESIAN_POINT('',(-24.0000003576279,10.,13.9999997913837));
#10693=CARTESIAN_POINT('Origin',(-78.1313068198289,9.,13.9999997913837));
#10694=CARTESIAN_POINT('',(-77.4444370964998,9.25000013411046,13.9999997913837));
#10695=CARTESIAN_POINT('',(-78.1313068198289,9.,13.9999997913837));
#10696=CARTESIAN_POINT('',(-81.5656534099144,7.75000006705523,13.9999997913837));
#10697=CARTESIAN_POINT('',(-81.4853049156014,10.7207557408676,13.9999997913837));
#10698=CARTESIAN_POINT('',(-78.1313068198289,10.,13.9999997913837));
#10699=CARTESIAN_POINT('',(-39.0656534099144,9.,13.9999997913837));
#10700=CARTESIAN_POINT('Origin',(-51.0656535887284,10.,-2.086162553816E-7));
#10701=CARTESIAN_POINT('Origin',(80.0000011920929,9.,-14.0000002086163));
#10702=CARTESIAN_POINT('',(80.0000011920929,9.,-14.0000002086163));
#10703=CARTESIAN_POINT('',(24.0000003576279,9.,-14.0000002086163));
#10704=CARTESIAN_POINT('',(40.0000005960464,9.,-14.0000002086163));
#10705=CARTESIAN_POINT('',(80.0000011920929,10.,-14.0000002086163));
#10706=CARTESIAN_POINT('',(80.,9.47500002980232,-14.0000002086163));
#10707=CARTESIAN_POINT('',(24.0000003576279,10.,-14.0000002086163));
#10708=CARTESIAN_POINT('',(24.0000003576279,10.,-14.0000002086163));
#10709=CARTESIAN_POINT('',(24.0000003576279,9.,-14.0000002086163));
#10710=CARTESIAN_POINT('Origin',(24.0000003576279,9.,14.0000002086163));
#10711=CARTESIAN_POINT('',(24.0000003576279,9.,14.0000002086163));
#10712=CARTESIAN_POINT('',(80.0000011920929,9.,14.0000002086163));
#10713=CARTESIAN_POINT('',(12.0000001788139,9.,14.0000002086163));
#10714=CARTESIAN_POINT('',(24.0000003576279,10.,14.0000002086163));
#10715=CARTESIAN_POINT('',(24.0000003576279,9.,14.0000002086163));
#10716=CARTESIAN_POINT('',(80.0000011920929,10.,14.0000002086163));
#10717=CARTESIAN_POINT('',(80.0000011920929,10.,14.0000002086163));
#10718=CARTESIAN_POINT('',(80.,9.47500002980232,14.0000002086163));
#10719=CARTESIAN_POINT('Origin',(24.0000003576279,9.,-14.0000002086163));
#10720=CARTESIAN_POINT('',(24.0000003576279,9.,-7.00000010430813));
#10721=CARTESIAN_POINT('',(24.0000003576279,10.,14.0000002086163));
#10722=CARTESIAN_POINT('Origin',(52.0000007748604,10.,0.));
#10723=CARTESIAN_POINT('',(80.,10.,7.0780517003044E-8));
#10724=CARTESIAN_POINT('Origin',(-85.,6.50000013411045,-20.));
#10725=CARTESIAN_POINT('',(-77.4444370964998,9.25000013411046,-17.));
#10726=CARTESIAN_POINT('',(-77.4444370964998,9.25000013411046,1.83397391292538E-14));
#10727=CARTESIAN_POINT('',(-78.1313068198289,9.,-17.));
#10728=CARTESIAN_POINT('',(-84.4375608630754,6.70471123853737,-17.));
#10729=CARTESIAN_POINT('',(-78.1313068198289,9.,-9.99999999999999));
#10730=CARTESIAN_POINT('Origin',(80.,9.95000005960465,1.41561034006088E-7));
#10731=CARTESIAN_POINT('',(80.,9.,-17.));
#10732=CARTESIAN_POINT('',(80.,9.,7.07805147825979E-8));
#10733=CARTESIAN_POINT('',(80.,10.,-17.));
#10734=CARTESIAN_POINT('',(80.,9.97500002980232,-17.));
#10735=CARTESIAN_POINT('',(80.,10.,-18.0280984543114));
#10736=CARTESIAN_POINT('',(80.,10.,7.0780517003044E-8));
#10737=CARTESIAN_POINT('',(80.,10.9280984543114,-18.0280984543114));
#10738=CARTESIAN_POINT('',(80.,11.9,-18.0280984543114));
#10739=CARTESIAN_POINT('',(80.,10.9280984543114,18.0280984543114));
#10740=CARTESIAN_POINT('',(80.,10.9280984543114,19.));
#10741=CARTESIAN_POINT('',(80.,10.,18.0280984543114));
#10742=CARTESIAN_POINT('',(80.,5.9,18.0280984543114));
#10743=CARTESIAN_POINT('',(80.,10.,17.));
#10744=CARTESIAN_POINT('',(80.,10.,7.0780517003044E-8));
#10745=CARTESIAN_POINT('',(80.,9.,17.));
#10746=CARTESIAN_POINT('',(80.,9.97500002980232,17.));
#10747=CARTESIAN_POINT('',(80.,9.,7.07805147825979E-8));
#10748=CARTESIAN_POINT('Origin',(0.,9.,-4.44089209850063E-15));
#10749=CARTESIAN_POINT('',(85.,9.,-17.));
#10750=CARTESIAN_POINT('',(-78.1313068198289,9.,17.));
#10751=CARTESIAN_POINT('',(-85.,9.,17.));
#10752=CARTESIAN_POINT('',(-78.1313068198289,9.,-9.99999999999999));
#10753=CARTESIAN_POINT('',(20.,9.,-14.));
#10754=CARTESIAN_POINT('',(-20.,9.,-14.));
#10755=CARTESIAN_POINT('',(20.,9.,-14.));
#10756=CARTESIAN_POINT('',(-20.,9.,14.));
#10757=CARTESIAN_POINT('',(-20.,9.,-14.));
#10758=CARTESIAN_POINT('',(20.,9.,14.));
#10759=CARTESIAN_POINT('',(-20.,9.,14.));
#10760=CARTESIAN_POINT('',(20.,9.,14.));
#10761=CARTESIAN_POINT('Origin',(85.,15.0000002235174,-30.0000004470348));
#10762=CARTESIAN_POINT('',(85.,15.0000002235174,-28.0000004470348));
#10763=CARTESIAN_POINT('Origin',(85.,15.0000002235174,-30.0000004470348));
#10764=CARTESIAN_POINT('',(78.3,15.0000002235174,-28.0000004470348));
#10765=CARTESIAN_POINT('',(85.,15.0000002235174,-28.0000004470348));
#10766=CARTESIAN_POINT('Origin',(78.3,15.0000002235174,-30.0000004470348));
#10767=CARTESIAN_POINT('Origin',(78.3,15.0000002235174,-30.0000004470348));
#10768=CARTESIAN_POINT('Origin',(85.,15.0000002235174,30.0000004470348));
#10769=CARTESIAN_POINT('',(85.,15.0000002235174,32.0000004470348));
#10770=CARTESIAN_POINT('Origin',(85.,15.0000002235174,30.0000004470348));
#10771=CARTESIAN_POINT('',(78.3,15.0000002235174,32.0000004470348));
#10772=CARTESIAN_POINT('',(85.,15.0000002235174,32.0000004470348));
#10773=CARTESIAN_POINT('Origin',(78.3,15.0000002235174,30.0000004470348));
#10774=CARTESIAN_POINT('Origin',(78.3,15.0000002235174,30.0000004470348));
#10775=CARTESIAN_POINT('Origin',(-85.,15.0000002235174,-30.0000004470348));
#10776=CARTESIAN_POINT('',(-85.,15.0000002235174,-32.0000004470348));
#10777=CARTESIAN_POINT('Origin',(-85.,15.0000002235174,-30.0000004470348));
#10778=CARTESIAN_POINT('',(-78.3,15.0000002235174,-32.0000004470348));
#10779=CARTESIAN_POINT('',(-85.,15.0000002235174,-32.0000004470348));
#10780=CARTESIAN_POINT('Origin',(-78.3,15.0000002235174,-30.0000004470348));
#10781=CARTESIAN_POINT('Origin',(-78.3,15.0000002235174,-30.0000004470348));
#10782=CARTESIAN_POINT('Origin',(-85.,15.0000002235174,30.0000004470348));
#10783=CARTESIAN_POINT('',(-85.,15.0000002235174,28.0000004470348));
#10784=CARTESIAN_POINT('Origin',(-85.,15.0000002235174,30.0000004470348));
#10785=CARTESIAN_POINT('',(-78.3,15.0000002235174,28.0000004470348));
#10786=CARTESIAN_POINT('',(-85.,15.0000002235174,28.0000004470348));
#10787=CARTESIAN_POINT('Origin',(-78.3,15.0000002235174,30.0000004470348));
#10788=CARTESIAN_POINT('Origin',(-78.3,15.0000002235174,30.0000004470348));
#10789=CARTESIAN_POINT('Origin',(-47.5507294386625,20.,43.0724638700485));
#10790=CARTESIAN_POINT('',(-47.5507294386625,20.,43.0724638700485));
#10791=CARTESIAN_POINT('',(-47.5507294386625,20.,44.0000003576279));
#10792=CARTESIAN_POINT('',(-47.5507294386625,20.,21.5362319350243));
#10793=CARTESIAN_POINT('',(-47.5507294386625,19.,43.0724638700485));
#10794=CARTESIAN_POINT('',(-47.5507294386625,20.,43.0724638700485));
#10795=CARTESIAN_POINT('',(-47.5507294386625,19.,44.0000003576279));
#10796=CARTESIAN_POINT('',(-47.5507294386625,19.,43.0724638700485));
#10797=CARTESIAN_POINT('',(-47.5507294386625,20.,44.0000003576279));
#10798=CARTESIAN_POINT('Origin',(-48.7855135649443,20.,43.0724638700485));
#10799=CARTESIAN_POINT('',(-48.7855135649443,20.,43.0724638700485));
#10800=CARTESIAN_POINT('',(-24.3927567824721,20.,43.0724638700485));
#10801=CARTESIAN_POINT('',(-48.7855135649443,19.,43.0724638700485));
#10802=CARTESIAN_POINT('',(-48.7855135649443,20.,43.0724638700485));
#10803=CARTESIAN_POINT('',(-48.7855135649443,19.,43.0724638700485));
#10804=CARTESIAN_POINT('Origin',(-48.7855135649443,20.,40.799999833107));
#10805=CARTESIAN_POINT('',(-48.7855135649443,20.,40.799999833107));
#10806=CARTESIAN_POINT('',(-48.7855135649443,20.,20.3999999165535));
#10807=CARTESIAN_POINT('',(-48.7855135649443,19.,40.799999833107));
#10808=CARTESIAN_POINT('',(-48.7855135649443,20.,40.799999833107));
#10809=CARTESIAN_POINT('',(-48.7855135649443,19.,40.799999833107));
#10810=CARTESIAN_POINT('Ctrl Pts',(-48.0434834212065,20.,39.408695101738));
#10811=CARTESIAN_POINT('Ctrl Pts',(-48.0434834212065,19.,39.408695101738));
#10812=CARTESIAN_POINT('Ctrl Pts',(-48.1948792479529,20.,39.600595433964));
#10813=CARTESIAN_POINT('Ctrl Pts',(-48.1948792479529,19.,39.600595433964));
#10814=CARTESIAN_POINT('Ctrl Pts',(-48.5250800874515,20.,40.0191383499931));
#10815=CARTESIAN_POINT('Ctrl Pts',(-48.5250800874515,19.,40.0191383499931));
#10816=CARTESIAN_POINT('Ctrl Pts',(-48.6940277577413,20.,40.5256966068701));
#10817=CARTESIAN_POINT('Ctrl Pts',(-48.6940277577413,19.,40.5256966068701));
#10818=CARTESIAN_POINT('Ctrl Pts',(-48.7855135649443,20.,40.799999833107));
#10819=CARTESIAN_POINT('Ctrl Pts',(-48.7855135649443,19.,40.799999833107));
#10820=CARTESIAN_POINT('',(-48.0434834212065,20.,39.408695101738));
#10821=CARTESIAN_POINT('Ctrl Pts',(-48.0434834212065,20.,39.408695101738));
#10822=CARTESIAN_POINT('Ctrl Pts',(-48.1948792479529,20.,39.600595433964));
#10823=CARTESIAN_POINT('Ctrl Pts',(-48.5250800874515,20.,40.0191383499931));
#10824=CARTESIAN_POINT('Ctrl Pts',(-48.6940277577413,20.,40.5256966068701));
#10825=CARTESIAN_POINT('Ctrl Pts',(-48.7855135649443,20.,40.799999833107));
#10826=CARTESIAN_POINT('',(-48.0434834212065,19.,39.408695101738));
#10827=CARTESIAN_POINT('',(-48.0434834212065,20.,39.408695101738));
#10828=CARTESIAN_POINT('Ctrl Pts',(-48.0434834212065,19.,39.408695101738));
#10829=CARTESIAN_POINT('Ctrl Pts',(-48.1948792479529,19.,39.600595433964));
#10830=CARTESIAN_POINT('Ctrl Pts',(-48.5250800874515,19.,40.0191383499931));
#10831=CARTESIAN_POINT('Ctrl Pts',(-48.6940277577413,19.,40.5256966068701));
#10832=CARTESIAN_POINT('Ctrl Pts',(-48.7855135649443,19.,40.799999833107));
#10833=CARTESIAN_POINT('Ctrl Pts',(-46.9246422499418,20.,38.8869565725327));
#10834=CARTESIAN_POINT('Ctrl Pts',(-46.9246422499418,19.,38.8869565725327));
#10835=CARTESIAN_POINT('Ctrl Pts',(-47.1346993536527,20.,38.9156933771008));
#10836=CARTESIAN_POINT('Ctrl Pts',(-47.1346993536527,19.,38.9156933771008));
#10837=CARTESIAN_POINT('Ctrl Pts',(-47.5611159891059,20.,38.9740291881785));
#10838=CARTESIAN_POINT('Ctrl Pts',(-47.5611159891059,19.,38.9740291881785));
#10839=CARTESIAN_POINT('Ctrl Pts',(-47.8811177376865,20.,39.2623858290523));
#10840=CARTESIAN_POINT('Ctrl Pts',(-47.8811177376865,19.,39.2623858290523));
#10841=CARTESIAN_POINT('Ctrl Pts',(-48.0434834212065,20.,39.408695101738));
#10842=CARTESIAN_POINT('Ctrl Pts',(-48.0434834212065,19.,39.408695101738));
#10843=CARTESIAN_POINT('',(-46.9246422499418,20.,38.8869565725327));
#10844=CARTESIAN_POINT('Ctrl Pts',(-46.9246422499418,20.,38.8869565725327));
#10845=CARTESIAN_POINT('Ctrl Pts',(-47.1346993536527,20.,38.9156933771008));
#10846=CARTESIAN_POINT('Ctrl Pts',(-47.5611159891059,20.,38.9740291881785));
#10847=CARTESIAN_POINT('Ctrl Pts',(-47.8811177376865,20.,39.2623858290523));
#10848=CARTESIAN_POINT('Ctrl Pts',(-48.0434834212065,20.,39.408695101738));
#10849=CARTESIAN_POINT('',(-46.9246422499418,19.,38.8869565725327));
#10850=CARTESIAN_POINT('',(-46.9246422499418,20.,38.8869565725327));
#10851=CARTESIAN_POINT('Ctrl Pts',(-46.9246422499418,19.,38.8869565725327));
#10852=CARTESIAN_POINT('Ctrl Pts',(-47.1346993536527,19.,38.9156933771008));
#10853=CARTESIAN_POINT('Ctrl Pts',(-47.5611159891059,19.,38.9740291881785));
#10854=CARTESIAN_POINT('Ctrl Pts',(-47.8811177376865,19.,39.2623858290523));
#10855=CARTESIAN_POINT('Ctrl Pts',(-48.0434834212065,19.,39.408695101738));
#10856=CARTESIAN_POINT('Origin',(-46.9246422499418,20.,40.1333338022232));
#10857=CARTESIAN_POINT('',(-46.9246422499418,20.,40.1333338022232));
#10858=CARTESIAN_POINT('',(-46.9246422499418,20.,20.0666669011116));
#10859=CARTESIAN_POINT('',(-46.9246422499418,19.,40.1333338022232));
#10860=CARTESIAN_POINT('',(-46.9246422499418,20.,40.1333338022232));
#10861=CARTESIAN_POINT('',(-46.9246422499418,19.,40.1333338022232));
#10862=CARTESIAN_POINT('Origin',(-45.9971081465483,20.,40.1333338022232));
#10863=CARTESIAN_POINT('',(-45.9971081465483,20.,40.1333338022232));
#10864=CARTESIAN_POINT('',(-22.9985540732741,20.,40.1333338022232));
#10865=CARTESIAN_POINT('',(-45.9971081465483,19.,40.1333338022232));
#10866=CARTESIAN_POINT('',(-45.9971081465483,20.,40.1333338022232));
#10867=CARTESIAN_POINT('',(-45.9971081465483,19.,40.1333338022232));
#10868=CARTESIAN_POINT('Origin',(-45.7768165320158,20.,37.8782600164414));
#10869=CARTESIAN_POINT('',(-45.7768165320158,20.,37.8782600164414));
#10870=CARTESIAN_POINT('',(-43.7278419721464,20.,16.9033861997422));
#10871=CARTESIAN_POINT('',(-45.7768165320158,19.,37.8782600164414));
#10872=CARTESIAN_POINT('',(-45.7768165320158,20.,37.8782600164414));
#10873=CARTESIAN_POINT('',(-45.7768165320158,19.,37.8782600164414));
#10874=CARTESIAN_POINT('Ctrl Pts',(-46.2115990370512,20.,37.768115401268));
#10875=CARTESIAN_POINT('Ctrl Pts',(-46.2115990370512,19.,37.768115401268));
#10876=CARTESIAN_POINT('Ctrl Pts',(-46.1383515312114,20.,37.7828693896251));
#10877=CARTESIAN_POINT('Ctrl Pts',(-46.1383515312114,19.,37.7828693896251));
#10878=CARTESIAN_POINT('Ctrl Pts',(-45.9916112234535,20.,37.8124267754684));
#10879=CARTESIAN_POINT('Ctrl Pts',(-45.9916112234535,19.,37.8124267754684));
#10880=CARTESIAN_POINT('Ctrl Pts',(-45.8484945087474,20.,37.8562911610519));
#10881=CARTESIAN_POINT('Ctrl Pts',(-45.8484945087474,19.,37.8562911610519));
#10882=CARTESIAN_POINT('Ctrl Pts',(-45.7768165320158,20.,37.8782600164414));
#10883=CARTESIAN_POINT('Ctrl Pts',(-45.7768165320158,19.,37.8782600164414));
#10884=CARTESIAN_POINT('',(-46.2115990370512,20.,37.768115401268));
#10885=CARTESIAN_POINT('Ctrl Pts',(-46.2115990370512,20.,37.768115401268));
#10886=CARTESIAN_POINT('Ctrl Pts',(-46.1383515312114,20.,37.7828693896251));
#10887=CARTESIAN_POINT('Ctrl Pts',(-45.9916112234535,20.,37.8124267754684));
#10888=CARTESIAN_POINT('Ctrl Pts',(-45.8484945087474,20.,37.8562911610519));
#10889=CARTESIAN_POINT('Ctrl Pts',(-45.7768165320158,20.,37.8782600164414));
#10890=CARTESIAN_POINT('',(-46.2115990370512,19.,37.768115401268));
#10891=CARTESIAN_POINT('',(-46.2115990370512,20.,37.768115401268));
#10892=CARTESIAN_POINT('Ctrl Pts',(-46.2115990370512,19.,37.768115401268));
#10893=CARTESIAN_POINT('Ctrl Pts',(-46.1383515312114,19.,37.7828693896251));
#10894=CARTESIAN_POINT('Ctrl Pts',(-45.9916112234535,19.,37.8124267754684));
#10895=CARTESIAN_POINT('Ctrl Pts',(-45.8484945087474,19.,37.8562911610519));
#10896=CARTESIAN_POINT('Ctrl Pts',(-45.7768165320158,19.,37.8782600164414));
#10897=CARTESIAN_POINT('Ctrl Pts',(-46.6985546797514,20.,37.7217394113541));
#10898=CARTESIAN_POINT('Ctrl Pts',(-46.6985546797514,19.,37.7217394113541));
#10899=CARTESIAN_POINT('Ctrl Pts',(-46.6123298347597,20.,37.7232156331815));
#10900=CARTESIAN_POINT('Ctrl Pts',(-46.6123298347597,19.,37.7232156331815));
#10901=CARTESIAN_POINT('Ctrl Pts',(-46.4487689682038,20.,37.726015894769));
#10902=CARTESIAN_POINT('Ctrl Pts',(-46.4487689682038,19.,37.726015894769));
#10903=CARTESIAN_POINT('Ctrl Pts',(-46.2877385797955,20.,37.7546000405348));
#10904=CARTESIAN_POINT('Ctrl Pts',(-46.2877385797955,19.,37.7546000405348));
#10905=CARTESIAN_POINT('Ctrl Pts',(-46.2115990370512,20.,37.768115401268));
#10906=CARTESIAN_POINT('Ctrl Pts',(-46.2115990370512,19.,37.768115401268));
#10907=CARTESIAN_POINT('',(-46.6985546797514,20.,37.7217394113541));
#10908=CARTESIAN_POINT('Ctrl Pts',(-46.6985546797514,20.,37.7217394113541));
#10909=CARTESIAN_POINT('Ctrl Pts',(-46.6123298347597,20.,37.7232156331815));
#10910=CARTESIAN_POINT('Ctrl Pts',(-46.4487689682038,20.,37.726015894769));
#10911=CARTESIAN_POINT('Ctrl Pts',(-46.2877385797955,20.,37.7546000405348));
#10912=CARTESIAN_POINT('Ctrl Pts',(-46.2115990370512,20.,37.768115401268));
#10913=CARTESIAN_POINT('',(-46.6985546797514,19.,37.7217394113541));
#10914=CARTESIAN_POINT('',(-46.6985546797514,20.,37.7217394113541));
#10915=CARTESIAN_POINT('Ctrl Pts',(-46.6985546797514,19.,37.7217394113541));
#10916=CARTESIAN_POINT('Ctrl Pts',(-46.6123298347597,19.,37.7232156331815));
#10917=CARTESIAN_POINT('Ctrl Pts',(-46.4487689682038,19.,37.726015894769));
#10918=CARTESIAN_POINT('Ctrl Pts',(-46.2877385797955,19.,37.7546000405348));
#10919=CARTESIAN_POINT('Ctrl Pts',(-46.2115990370512,19.,37.768115401268));
#10920=CARTESIAN_POINT('Ctrl Pts',(-48.0087005347013,20.,38.1275361776352));
#10921=CARTESIAN_POINT('Ctrl Pts',(-48.0087005347013,19.,38.1275361776352));
#10922=CARTESIAN_POINT('Ctrl Pts',(-47.8198814929099,20.,38.0092776487647));
#10923=CARTESIAN_POINT('Ctrl Pts',(-47.8198814929099,19.,38.0092776487647));
#10924=CARTESIAN_POINT('Ctrl Pts',(-47.4200490587963,20.,37.7588601325843));
#10925=CARTESIAN_POINT('Ctrl Pts',(-47.4200490587963,19.,37.7588601325843));
#10926=CARTESIAN_POINT('Ctrl Pts',(-46.9477910170969,20.,37.7345625640601));
#10927=CARTESIAN_POINT('Ctrl Pts',(-46.9477910170969,19.,37.7345625640601));
#10928=CARTESIAN_POINT('Ctrl Pts',(-46.6985546797514,20.,37.7217394113541));
#10929=CARTESIAN_POINT('Ctrl Pts',(-46.6985546797514,19.,37.7217394113541));
#10930=CARTESIAN_POINT('',(-48.0087005347013,20.,38.1275361776352));
#10931=CARTESIAN_POINT('Ctrl Pts',(-48.0087005347013,20.,38.1275361776352));
#10932=CARTESIAN_POINT('Ctrl Pts',(-47.8198814929099,20.,38.0092776487647));
#10933=CARTESIAN_POINT('Ctrl Pts',(-47.4200490587963,20.,37.7588601325843));
#10934=CARTESIAN_POINT('Ctrl Pts',(-46.9477910170969,20.,37.7345625640601));
#10935=CARTESIAN_POINT('Ctrl Pts',(-46.6985546797514,20.,37.7217394113541));
#10936=CARTESIAN_POINT('',(-48.0087005347013,19.,38.1275361776352));
#10937=CARTESIAN_POINT('',(-48.0087005347013,20.,38.1275361776352));
#10938=CARTESIAN_POINT('Ctrl Pts',(-48.0087005347013,19.,38.1275361776352));
#10939=CARTESIAN_POINT('Ctrl Pts',(-47.8198814929099,19.,38.0092776487647));
#10940=CARTESIAN_POINT('Ctrl Pts',(-47.4200490587963,19.,37.7588601325843));
#10941=CARTESIAN_POINT('Ctrl Pts',(-46.9477910170969,19.,37.7345625640601));
#10942=CARTESIAN_POINT('Ctrl Pts',(-46.6985546797514,19.,37.7217394113541));
#10943=CARTESIAN_POINT('Ctrl Pts',(-48.8550793379545,20.,39.2985504865647));
#10944=CARTESIAN_POINT('Ctrl Pts',(-48.8550793379545,19.,39.2985504865647));
#10945=CARTESIAN_POINT('Ctrl Pts',(-48.741018260726,20.,39.0625484178011));
#10946=CARTESIAN_POINT('Ctrl Pts',(-48.741018260726,19.,39.0625484178011));
#10947=CARTESIAN_POINT('Ctrl Pts',(-48.5278447568362,20.,38.6214743095603));
#10948=CARTESIAN_POINT('Ctrl Pts',(-48.5278447568362,19.,38.6214743095603));
#10949=CARTESIAN_POINT('Ctrl Pts',(-48.1734650617236,20.,38.2843008669353));
#10950=CARTESIAN_POINT('Ctrl Pts',(-48.1734650617236,19.,38.2843008669353));
#10951=CARTESIAN_POINT('Ctrl Pts',(-48.0087005347013,20.,38.1275361776352));
#10952=CARTESIAN_POINT('Ctrl Pts',(-48.0087005347013,19.,38.1275361776352));
#10953=CARTESIAN_POINT('',(-48.8550793379545,20.,39.2985504865647));
#10954=CARTESIAN_POINT('Ctrl Pts',(-48.8550793379545,20.,39.2985504865647));
#10955=CARTESIAN_POINT('Ctrl Pts',(-48.741018260726,20.,39.0625484178011));
#10956=CARTESIAN_POINT('Ctrl Pts',(-48.5278447568362,20.,38.6214743095603));
#10957=CARTESIAN_POINT('Ctrl Pts',(-48.1734650617236,20.,38.2843008669353));
#10958=CARTESIAN_POINT('Ctrl Pts',(-48.0087005347013,20.,38.1275361776352));
#10959=CARTESIAN_POINT('',(-48.8550793379545,19.,39.2985504865647));
#10960=CARTESIAN_POINT('',(-48.8550793379545,20.,39.2985504865647));
#10961=CARTESIAN_POINT('Ctrl Pts',(-48.8550793379545,19.,39.2985504865647));
#10962=CARTESIAN_POINT('Ctrl Pts',(-48.741018260726,19.,39.0625484178011));
#10963=CARTESIAN_POINT('Ctrl Pts',(-48.5278447568362,19.,38.6214743095603));
#10964=CARTESIAN_POINT('Ctrl Pts',(-48.1734650617236,19.,38.2843008669353));
#10965=CARTESIAN_POINT('Ctrl Pts',(-48.0087005347013,19.,38.1275361776352));
#10966=CARTESIAN_POINT('Origin',(-49.0927588194609,20.,37.8782600164414));
#10967=CARTESIAN_POINT('',(-49.0927588194609,20.,37.8782600164414));
#10968=CARTESIAN_POINT('',(-51.5071164325247,20.,23.4508930112143));
#10969=CARTESIAN_POINT('',(-49.0927588194609,19.,37.8782600164414));
#10970=CARTESIAN_POINT('',(-49.0927588194609,20.,37.8782600164414));
#10971=CARTESIAN_POINT('',(-49.0927588194609,19.,37.8782600164414));
#10972=CARTESIAN_POINT('Origin',(-50.9826146811247,20.,37.8782600164414));
#10973=CARTESIAN_POINT('',(-50.9826146811247,20.,37.8782600164414));
#10974=CARTESIAN_POINT('',(-25.4913073405624,20.,37.8782600164414));
#10975=CARTESIAN_POINT('',(-50.9826146811247,19.,37.8782600164414));
#10976=CARTESIAN_POINT('',(-50.9826146811247,20.,37.8782600164414));
#10977=CARTESIAN_POINT('',(-50.9826146811247,19.,37.8782600164414));
#10978=CARTESIAN_POINT('Origin',(-50.9826146811247,20.,38.8000005483627));
#10979=CARTESIAN_POINT('',(-50.9826146811247,20.,38.8000005483627));
#10980=CARTESIAN_POINT('',(-50.9826146811247,20.,19.4000002741814));
#10981=CARTESIAN_POINT('',(-50.9826146811247,19.,38.8000005483627));
#10982=CARTESIAN_POINT('',(-50.9826146811247,20.,38.8000005483627));
#10983=CARTESIAN_POINT('',(-50.9826146811247,19.,38.8000005483627));
#10984=CARTESIAN_POINT('Origin',(-50.0840627402067,20.,38.8000005483627));
#10985=CARTESIAN_POINT('',(-50.0840627402067,20.,38.8000005483627));
#10986=CARTESIAN_POINT('',(-25.0420313701034,20.,38.8000005483627));
#10987=CARTESIAN_POINT('',(-50.0840627402067,19.,38.8000005483627));
#10988=CARTESIAN_POINT('',(-50.0840627402067,20.,38.8000005483627));
#10989=CARTESIAN_POINT('',(-50.0840627402067,19.,38.8000005483627));
#10990=CARTESIAN_POINT('Origin',(-50.0840627402067,20.,43.0724638700485));
#10991=CARTESIAN_POINT('',(-50.0840627402067,20.,43.0724638700485));
#10992=CARTESIAN_POINT('',(-50.0840627402067,20.,21.5362319350243));
#10993=CARTESIAN_POINT('',(-50.0840627402067,19.,43.0724638700485));
#10994=CARTESIAN_POINT('',(-50.0840627402067,20.,43.0724638700485));
#10995=CARTESIAN_POINT('',(-50.0840627402067,19.,43.0724638700485));
#10996=CARTESIAN_POINT('Origin',(-50.9826146811247,20.,43.0724638700485));
#10997=CARTESIAN_POINT('',(-50.9826146811247,20.,43.0724638700485));
#10998=CARTESIAN_POINT('',(-25.4913073405624,20.,43.0724638700485));
#10999=CARTESIAN_POINT('',(-50.9826146811247,19.,43.0724638700485));
#11000=CARTESIAN_POINT('',(-50.9826146811247,20.,43.0724638700485));
#11001=CARTESIAN_POINT('',(-50.9826146811247,19.,43.0724638700485));
#11002=CARTESIAN_POINT('Origin',(-50.9826146811247,20.,44.0000003576279));
#11003=CARTESIAN_POINT('',(-50.9826146811247,20.,44.0000003576279));
#11004=CARTESIAN_POINT('',(-50.9826146811247,20.,22.0000001788139));
#11005=CARTESIAN_POINT('',(-50.9826146811247,19.,44.0000003576279));
#11006=CARTESIAN_POINT('',(-50.9826146811247,20.,44.0000003576279));
#11007=CARTESIAN_POINT('',(-50.9826146811247,19.,44.0000003576279));
#11008=CARTESIAN_POINT('Origin',(-47.5507294386625,20.,44.0000003576279));
#11009=CARTESIAN_POINT('',(-23.7753647193313,20.,44.0000003576279));
#11010=CARTESIAN_POINT('',(-47.5507294386625,19.,44.0000003576279));
#11011=CARTESIAN_POINT('Origin',(-1.71363353729248E-6,19.,40.6927534937859));
#11012=CARTESIAN_POINT('Origin',(-34.6521794050932,20.,42.9217392206192));
#11013=CARTESIAN_POINT('',(-34.6521794050932,20.,42.9217392206192));
#11014=CARTESIAN_POINT('',(-33.0927597731352,20.,37.8782600164414));
#11015=CARTESIAN_POINT('',(-27.0837340378506,20.,18.4438526816917));
#11016=CARTESIAN_POINT('',(-34.6521794050932,19.,42.9217392206192));
#11017=CARTESIAN_POINT('',(-34.6521794050932,20.,42.9217392206192));
#11018=CARTESIAN_POINT('',(-33.0927597731352,19.,37.8782600164414));
#11019=CARTESIAN_POINT('',(-34.6521794050932,19.,42.9217392206192));
#11020=CARTESIAN_POINT('',(-33.0927597731352,20.,37.8782600164414));
#11021=CARTESIAN_POINT('Origin',(-36.2058006972075,20.,37.8782600164414));
#11022=CARTESIAN_POINT('',(-36.2058006972075,20.,37.8782600164414));
#11023=CARTESIAN_POINT('',(-39.9653431297861,20.,25.6737580749604));
#11024=CARTESIAN_POINT('',(-36.2058006972075,19.,37.8782600164414));
#11025=CARTESIAN_POINT('',(-36.2058006972075,20.,37.8782600164414));
#11026=CARTESIAN_POINT('',(-36.2058006972075,19.,37.8782600164414));
#11027=CARTESIAN_POINT('Origin',(-37.5971066206694,20.,37.8782600164414));
#11028=CARTESIAN_POINT('',(-37.5971066206694,20.,37.8782600164414));
#11029=CARTESIAN_POINT('',(-18.7985533103347,20.,37.8782600164414));
#11030=CARTESIAN_POINT('',(-37.5971066206694,19.,37.8782600164414));
#11031=CARTESIAN_POINT('',(-37.5971066206694,20.,37.8782600164414));
#11032=CARTESIAN_POINT('',(-37.5971066206694,19.,37.8782600164414));
#11033=CARTESIAN_POINT('Origin',(-35.4405819624662,20.,44.0000003576279));
#11034=CARTESIAN_POINT('',(-35.4405819624662,20.,44.0000003576279));
#11035=CARTESIAN_POINT('',(-40.3787577105519,20.,29.981969275102));
#11036=CARTESIAN_POINT('',(-35.4405819624662,19.,44.0000003576279));
#11037=CARTESIAN_POINT('',(-35.4405819624662,20.,44.0000003576279));
#11038=CARTESIAN_POINT('',(-35.4405819624662,19.,44.0000003576279));
#11039=CARTESIAN_POINT('Origin',(-33.9217411726713,20.,44.0000003576279));
#11040=CARTESIAN_POINT('',(-33.9217411726713,20.,44.0000003576279));
#11041=CARTESIAN_POINT('',(-16.9608705863357,20.,44.0000003576279));
#11042=CARTESIAN_POINT('',(-33.9217411726713,19.,44.0000003576279));
#11043=CARTESIAN_POINT('',(-33.9217411726713,20.,44.0000003576279));
#11044=CARTESIAN_POINT('',(-33.9217411726713,19.,44.0000003576279));
#11045=CARTESIAN_POINT('Origin',(-31.7652212828398,20.,37.8782600164414));
#11046=CARTESIAN_POINT('',(-31.7652212828398,20.,37.8782600164414));
#11047=CARTESIAN_POINT('',(-24.0766441036558,20.,16.0525985393227));
#11048=CARTESIAN_POINT('',(-31.7652212828398,19.,37.8782600164414));
#11049=CARTESIAN_POINT('',(-31.7652212828398,20.,37.8782600164414));
#11050=CARTESIAN_POINT('',(-31.7652212828398,19.,37.8782600164414));
#11051=CARTESIAN_POINT('Origin',(-33.0927597731352,20.,37.8782600164414));
#11052=CARTESIAN_POINT('',(-16.5463798865676,20.,37.8782600164414));
#11053=CARTESIAN_POINT('',(-33.0927597731352,19.,37.8782600164414));
#11054=CARTESIAN_POINT('Origin',(-1.71363353729248E-6,19.,40.6927534937859));
#11055=CARTESIAN_POINT('Origin',(-29.8985563963652,20.,38.8289850950241));
#11056=CARTESIAN_POINT('',(-29.8985563963652,20.,38.8289850950241));
#11057=CARTESIAN_POINT('',(-29.8985563963652,20.,37.8782600164414));
#11058=CARTESIAN_POINT('',(-29.8985563963652,20.,19.4144925475121));
#11059=CARTESIAN_POINT('',(-29.8985563963652,19.,38.8289850950241));
#11060=CARTESIAN_POINT('',(-29.8985563963652,20.,38.8289850950241));
#11061=CARTESIAN_POINT('',(-29.8985563963652,19.,37.8782600164414));
#11062=CARTESIAN_POINT('',(-29.8985563963652,19.,38.8289850950241));
#11063=CARTESIAN_POINT('',(-29.8985563963652,20.,37.8782600164414));
#11064=CARTESIAN_POINT('Origin',(-28.1246411055326,20.,38.8289850950241));
#11065=CARTESIAN_POINT('',(-28.1246411055326,20.,38.8289850950241));
#11066=CARTESIAN_POINT('',(-14.0623205527663,20.,38.8289850950241));
#11067=CARTESIAN_POINT('',(-28.1246411055326,19.,38.8289850950241));
#11068=CARTESIAN_POINT('',(-28.1246411055326,20.,38.8289850950241));
#11069=CARTESIAN_POINT('',(-28.1246411055326,19.,38.8289850950241));
#11070=CARTESIAN_POINT('Origin',(-28.1246411055326,20.,43.0492752790451));
#11071=CARTESIAN_POINT('',(-28.1246411055326,20.,43.0492752790451));
#11072=CARTESIAN_POINT('',(-28.1246411055326,20.,21.5246376395226));
#11073=CARTESIAN_POINT('',(-28.1246411055326,19.,43.0492752790451));
#11074=CARTESIAN_POINT('',(-28.1246411055326,20.,43.0492752790451));
#11075=CARTESIAN_POINT('',(-28.1246411055326,19.,43.0492752790451));
#11076=CARTESIAN_POINT('Origin',(-29.9565254896879,20.,43.0492752790451));
#11077=CARTESIAN_POINT('',(-29.9565254896879,20.,43.0492752790451));
#11078=CARTESIAN_POINT('',(-14.978262744844,20.,43.0492752790451));
#11079=CARTESIAN_POINT('',(-29.9565254896879,19.,43.0492752790451));
#11080=CARTESIAN_POINT('',(-29.9565254896879,20.,43.0492752790451));
#11081=CARTESIAN_POINT('',(-29.9565254896879,19.,43.0492752790451));
#11082=CARTESIAN_POINT('Origin',(-29.9565254896879,20.,44.0000003576279));
#11083=CARTESIAN_POINT('',(-29.9565254896879,20.,44.0000003576279));
#11084=CARTESIAN_POINT('',(-29.9565254896879,20.,22.0000001788139));
#11085=CARTESIAN_POINT('',(-29.9565254896879,19.,44.0000003576279));
#11086=CARTESIAN_POINT('',(-29.9565254896879,20.,44.0000003576279));
#11087=CARTESIAN_POINT('',(-29.9565254896879,19.,44.0000003576279));
#11088=CARTESIAN_POINT('Origin',(-25.1623236387968,20.,44.0000003576279));
#11089=CARTESIAN_POINT('',(-25.1623236387968,20.,44.0000003576279));
#11090=CARTESIAN_POINT('',(-12.5811618193984,20.,44.0000003576279));
#11091=CARTESIAN_POINT('',(-25.1623236387968,19.,44.0000003576279));
#11092=CARTESIAN_POINT('',(-25.1623236387968,20.,44.0000003576279));
#11093=CARTESIAN_POINT('',(-25.1623236387968,19.,44.0000003576279));
#11094=CARTESIAN_POINT('Origin',(-25.1623236387968,20.,43.0492752790451));
#11095=CARTESIAN_POINT('',(-25.1623236387968,20.,43.0492752790451));
#11096=CARTESIAN_POINT('',(-25.1623236387968,20.,21.5246376395226));
#11097=CARTESIAN_POINT('',(-25.1623236387968,19.,43.0492752790451));
#11098=CARTESIAN_POINT('',(-25.1623236387968,20.,43.0492752790451));
#11099=CARTESIAN_POINT('',(-25.1623236387968,19.,43.0492752790451));
#11100=CARTESIAN_POINT('Origin',(-26.8260895460844,20.,43.0492752790451));
#11101=CARTESIAN_POINT('',(-26.8260895460844,20.,43.0492752790451));
#11102=CARTESIAN_POINT('',(-13.4130447730422,20.,43.0492752790451));
#11103=CARTESIAN_POINT('',(-26.8260895460844,19.,43.0492752790451));
#11104=CARTESIAN_POINT('',(-26.8260895460844,20.,43.0492752790451));
#11105=CARTESIAN_POINT('',(-26.8260895460844,19.,43.0492752790451));
#11106=CARTESIAN_POINT('Origin',(-26.8260895460844,20.,37.8782600164414));
#11107=CARTESIAN_POINT('',(-26.8260895460844,20.,37.8782600164414));
#11108=CARTESIAN_POINT('',(-26.8260895460844,20.,18.9391300082207));
#11109=CARTESIAN_POINT('',(-26.8260895460844,19.,37.8782600164414));
#11110=CARTESIAN_POINT('',(-26.8260895460844,20.,37.8782600164414));
#11111=CARTESIAN_POINT('',(-26.8260895460844,19.,37.8782600164414));
#11112=CARTESIAN_POINT('Origin',(-29.8985563963652,20.,37.8782600164414));
#11113=CARTESIAN_POINT('',(-14.9492781981826,20.,37.8782600164414));
#11114=CARTESIAN_POINT('',(-29.8985563963652,19.,37.8782600164414));
#11115=CARTESIAN_POINT('Origin',(-1.71363353729248E-6,19.,40.6927534937859));
#11116=CARTESIAN_POINT('Origin',(-13.7999998778105,20.,43.0956524610519));
#11117=CARTESIAN_POINT('',(-13.7999998778105,20.,43.0956524610519));
#11118=CARTESIAN_POINT('',(-12.2347819060087,20.,37.8782600164414));
#11119=CARTESIAN_POINT('',(-7.29967982341941,20.,21.4279222469076));
#11120=CARTESIAN_POINT('',(-13.7999998778105,19.,43.0956524610519));
#11121=CARTESIAN_POINT('',(-13.7999998778105,20.,43.0956524610519));
#11122=CARTESIAN_POINT('',(-12.2347819060087,19.,37.8782600164414));
#11123=CARTESIAN_POINT('',(-13.7999998778105,19.,43.0956524610519));
#11124=CARTESIAN_POINT('',(-12.2347819060087,20.,37.8782600164414));
#11125=CARTESIAN_POINT('Origin',(-15.3420292586088,20.,37.8782600164414));
#11126=CARTESIAN_POINT('',(-15.3420292586088,20.,37.8782600164414));
#11127=CARTESIAN_POINT('',(-19.873656087099,20.,22.5456886198322));
#11128=CARTESIAN_POINT('',(-15.3420292586088,19.,37.8782600164414));
#11129=CARTESIAN_POINT('',(-15.3420292586088,20.,37.8782600164414));
#11130=CARTESIAN_POINT('',(-15.3420292586088,19.,37.8782600164414));
#11131=CARTESIAN_POINT('Origin',(-16.7217385023832,20.,37.8782600164414));
#11132=CARTESIAN_POINT('',(-16.7217385023832,20.,37.8782600164414));
#11133=CARTESIAN_POINT('',(-8.36086925119162,20.,37.8782600164414));
#11134=CARTESIAN_POINT('',(-16.7217385023832,19.,37.8782600164414));
#11135=CARTESIAN_POINT('',(-16.7217385023832,20.,37.8782600164414));
#11136=CARTESIAN_POINT('',(-16.7217385023832,19.,37.8782600164414));
#11137=CARTESIAN_POINT('Origin',(-14.6579682081938,20.,44.0000003576279));
#11138=CARTESIAN_POINT('',(-14.6579682081938,20.,44.0000003576279));
#11139=CARTESIAN_POINT('',(-20.5698094872119,20.,26.463767109988));
#11140=CARTESIAN_POINT('',(-14.6579682081938,19.,44.0000003576279));
#11141=CARTESIAN_POINT('',(-14.6579682081938,20.,44.0000003576279));
#11142=CARTESIAN_POINT('',(-14.6579682081938,19.,44.0000003576279));
#11143=CARTESIAN_POINT('Origin',(-14.2173897475004,20.,44.0000003576279));
#11144=CARTESIAN_POINT('',(-14.2173897475004,20.,44.0000003576279));
#11145=CARTESIAN_POINT('',(-7.10869487375022,20.,44.0000003576279));
#11146=CARTESIAN_POINT('',(-14.2173897475004,19.,44.0000003576279));
#11147=CARTESIAN_POINT('',(-14.2173897475004,20.,44.0000003576279));
#11148=CARTESIAN_POINT('',(-14.2173897475004,19.,44.0000003576279));
#11149=CARTESIAN_POINT('Ctrl Pts',(-14.6057974547148,20.,44.7478264570236));
#11150=CARTESIAN_POINT('Ctrl Pts',(-14.6057974547148,19.,44.7478264570236));
#11151=CARTESIAN_POINT('Ctrl Pts',(-14.5330272854645,20.,44.6372006613568));
#11152=CARTESIAN_POINT('Ctrl Pts',(-14.5330272854645,19.,44.6372006613568));
#11153=CARTESIAN_POINT('Ctrl Pts',(-14.3779061461422,20.,44.4013842596766));
#11154=CARTESIAN_POINT('Ctrl Pts',(-14.3779061461422,19.,44.4013842596766));
#11155=CARTESIAN_POINT('Ctrl Pts',(-14.273053889173,20.,44.1391929297126));
#11156=CARTESIAN_POINT('Ctrl Pts',(-14.273053889173,19.,44.1391929297126));
#11157=CARTESIAN_POINT('Ctrl Pts',(-14.2173897475004,20.,44.0000003576279));
#11158=CARTESIAN_POINT('Ctrl Pts',(-14.2173897475004,19.,44.0000003576279));
#11159=CARTESIAN_POINT('',(-14.6057974547148,20.,44.7478264570236));
#11160=CARTESIAN_POINT('Ctrl Pts',(-14.6057974547148,20.,44.7478264570236));
#11161=CARTESIAN_POINT('Ctrl Pts',(-14.5330272854645,20.,44.6372006613568));
#11162=CARTESIAN_POINT('Ctrl Pts',(-14.3779061461422,20.,44.4013842596766));
#11163=CARTESIAN_POINT('Ctrl Pts',(-14.273053889173,20.,44.1391929297126));
#11164=CARTESIAN_POINT('Ctrl Pts',(-14.2173897475004,20.,44.0000003576279));
#11165=CARTESIAN_POINT('',(-14.6057974547148,19.,44.7478264570236));
#11166=CARTESIAN_POINT('',(-14.6057974547148,20.,44.7478264570236));
#11167=CARTESIAN_POINT('Ctrl Pts',(-14.6057974547148,19.,44.7478264570236));
#11168=CARTESIAN_POINT('Ctrl Pts',(-14.5330272854645,19.,44.6372006613568));
#11169=CARTESIAN_POINT('Ctrl Pts',(-14.3779061461422,19.,44.4013842596766));
#11170=CARTESIAN_POINT('Ctrl Pts',(-14.273053889173,19.,44.1391929297126));
#11171=CARTESIAN_POINT('Ctrl Pts',(-14.2173897475004,19.,44.0000003576279));
#11172=CARTESIAN_POINT('Ctrl Pts',(-15.1913058012724,20.,45.2405804395676));
#11173=CARTESIAN_POINT('Ctrl Pts',(-15.1913058012724,19.,45.2405804395676));
#11174=CARTESIAN_POINT('Ctrl Pts',(-15.0751667820932,20.,45.1751015594011));
#11175=CARTESIAN_POINT('Ctrl Pts',(-15.0751667820932,19.,45.1751015594011));
#11176=CARTESIAN_POINT('Ctrl Pts',(-14.8489093066591,20.,45.0475381769527));
#11177=CARTESIAN_POINT('Ctrl Pts',(-14.8489093066591,19.,45.0475381769527));
#11178=CARTESIAN_POINT('Ctrl Pts',(-14.6853843077306,20.,44.8459422519153));
#11179=CARTESIAN_POINT('Ctrl Pts',(-14.6853843077306,19.,44.8459422519153));
#11180=CARTESIAN_POINT('Ctrl Pts',(-14.6057974547148,20.,44.7478264570236));
#11181=CARTESIAN_POINT('Ctrl Pts',(-14.6057974547148,19.,44.7478264570236));
#11182=CARTESIAN_POINT('',(-15.1913058012724,20.,45.2405804395676));
#11183=CARTESIAN_POINT('Ctrl Pts',(-15.1913058012724,20.,45.2405804395676));
#11184=CARTESIAN_POINT('Ctrl Pts',(-15.0751667820932,20.,45.1751015594011));
#11185=CARTESIAN_POINT('Ctrl Pts',(-14.8489093066591,20.,45.0475381769527));
#11186=CARTESIAN_POINT('Ctrl Pts',(-14.6853843077306,20.,44.8459422519153));
#11187=CARTESIAN_POINT('Ctrl Pts',(-14.6057974547148,20.,44.7478264570236));
#11188=CARTESIAN_POINT('',(-15.1913058012724,19.,45.2405804395676));
#11189=CARTESIAN_POINT('',(-15.1913058012724,20.,45.2405804395676));
#11190=CARTESIAN_POINT('Ctrl Pts',(-15.1913058012724,19.,45.2405804395676));
#11191=CARTESIAN_POINT('Ctrl Pts',(-15.0751667820932,19.,45.1751015594011));
#11192=CARTESIAN_POINT('Ctrl Pts',(-14.8489093066591,19.,45.0475381769527));
#11193=CARTESIAN_POINT('Ctrl Pts',(-14.6853843077306,19.,44.8459422519153));
#11194=CARTESIAN_POINT('Ctrl Pts',(-14.6057974547148,19.,44.7478264570236));
#11195=CARTESIAN_POINT('Ctrl Pts',(-16.1768089979887,20.,45.5304354429245));
#11196=CARTESIAN_POINT('Ctrl Pts',(-16.1768089979887,19.,45.5304354429245));
#11197=CARTESIAN_POINT('Ctrl Pts',(-15.9888953972824,20.,45.4977915735225));
#11198=CARTESIAN_POINT('Ctrl Pts',(-15.9888953972824,19.,45.4977915735225));
#11199=CARTESIAN_POINT('Ctrl Pts',(-15.6490006923952,20.,45.4387459359793));
#11200=CARTESIAN_POINT('Ctrl Pts',(-15.6490006923952,19.,45.4387459359793));
#11201=CARTESIAN_POINT('Ctrl Pts',(-15.3327255939281,20.,45.3018101451151));
#11202=CARTESIAN_POINT('Ctrl Pts',(-15.3327255939281,19.,45.3018101451151));
#11203=CARTESIAN_POINT('Ctrl Pts',(-15.1913058012724,20.,45.2405804395676));
#11204=CARTESIAN_POINT('Ctrl Pts',(-15.1913058012724,19.,45.2405804395676));
#11205=CARTESIAN_POINT('',(-16.1768089979887,20.,45.5304354429245));
#11206=CARTESIAN_POINT('Ctrl Pts',(-16.1768089979887,20.,45.5304354429245));
#11207=CARTESIAN_POINT('Ctrl Pts',(-15.9888953972824,20.,45.4977915735225));
#11208=CARTESIAN_POINT('Ctrl Pts',(-15.6490006923952,20.,45.4387459359793));
#11209=CARTESIAN_POINT('Ctrl Pts',(-15.3327255939281,20.,45.3018101451151));
#11210=CARTESIAN_POINT('Ctrl Pts',(-15.1913058012724,20.,45.2405804395676));
#11211=CARTESIAN_POINT('',(-16.1768089979887,19.,45.5304354429245));
#11212=CARTESIAN_POINT('',(-16.1768089979887,20.,45.5304354429245));
#11213=CARTESIAN_POINT('Ctrl Pts',(-16.1768089979887,19.,45.5304354429245));
#11214=CARTESIAN_POINT('Ctrl Pts',(-15.9888953972824,19.,45.4977915735225));
#11215=CARTESIAN_POINT('Ctrl Pts',(-15.6490006923952,19.,45.4387459359793));
#11216=CARTESIAN_POINT('Ctrl Pts',(-15.3327255939281,19.,45.3018101451151));
#11217=CARTESIAN_POINT('Ctrl Pts',(-15.1913058012724,19.,45.2405804395676));
#11218=CARTESIAN_POINT('Origin',(-16.0086952894926,20.,46.5043479204178));
#11219=CARTESIAN_POINT('',(-16.0086952894926,20.,46.5043479204178));
#11220=CARTESIAN_POINT('',(-19.6746765493976,20.,25.2666694275838));
#11221=CARTESIAN_POINT('',(-16.0086952894926,19.,46.5043479204178));
#11222=CARTESIAN_POINT('',(-16.0086952894926,20.,46.5043479204178));
#11223=CARTESIAN_POINT('',(-16.0086952894926,19.,46.5043479204178));
#11224=CARTESIAN_POINT('Ctrl Pts',(-14.5710121840239,20.,46.1043483018875));
#11225=CARTESIAN_POINT('Ctrl Pts',(-14.5710121840239,19.,46.1043483018875));
#11226=CARTESIAN_POINT('Ctrl Pts',(-14.7842853128528,20.,46.2028206712396));
#11227=CARTESIAN_POINT('Ctrl Pts',(-14.7842853128528,19.,46.2028206712396));
#11228=CARTESIAN_POINT('Ctrl Pts',(-15.2413073326498,20.,46.4138366645933));
#11229=CARTESIAN_POINT('Ctrl Pts',(-15.2413073326498,19.,46.4138366645933));
#11230=CARTESIAN_POINT('Ctrl Pts',(-15.741775015621,20.,46.4728654232302));
#11231=CARTESIAN_POINT('Ctrl Pts',(-15.741775015621,19.,46.4728654232302));
#11232=CARTESIAN_POINT('Ctrl Pts',(-16.0086952894926,20.,46.5043479204178));
#11233=CARTESIAN_POINT('Ctrl Pts',(-16.0086952894926,19.,46.5043479204178));
#11234=CARTESIAN_POINT('',(-14.5710121840239,20.,46.1043483018875));
#11235=CARTESIAN_POINT('Ctrl Pts',(-14.5710121840239,20.,46.1043483018875));
#11236=CARTESIAN_POINT('Ctrl Pts',(-14.7842853128528,20.,46.2028206712396));
#11237=CARTESIAN_POINT('Ctrl Pts',(-15.2413073326498,20.,46.4138366645933));
#11238=CARTESIAN_POINT('Ctrl Pts',(-15.741775015621,20.,46.4728654232302));
#11239=CARTESIAN_POINT('Ctrl Pts',(-16.0086952894926,20.,46.5043479204178));
#11240=CARTESIAN_POINT('',(-14.5710121840239,19.,46.1043483018875));
#11241=CARTESIAN_POINT('',(-14.5710121840239,20.,46.1043483018875));
#11242=CARTESIAN_POINT('Ctrl Pts',(-14.5710121840239,19.,46.1043483018875));
#11243=CARTESIAN_POINT('Ctrl Pts',(-14.7842853128528,19.,46.2028206712396));
#11244=CARTESIAN_POINT('Ctrl Pts',(-15.2413073326498,19.,46.4138366645933));
#11245=CARTESIAN_POINT('Ctrl Pts',(-15.741775015621,19.,46.4728654232302));
#11246=CARTESIAN_POINT('Ctrl Pts',(-16.0086952894926,19.,46.5043479204178));
#11247=CARTESIAN_POINT('Ctrl Pts',(-13.6202894896269,20.,45.2521747350693));
#11248=CARTESIAN_POINT('Ctrl Pts',(-13.6202894896269,19.,45.2521747350693));
#11249=CARTESIAN_POINT('Ctrl Pts',(-13.7531095401279,20.,45.421263772934));
#11250=CARTESIAN_POINT('Ctrl Pts',(-13.7531095401279,19.,45.421263772934));
#11251=CARTESIAN_POINT('Ctrl Pts',(-14.0200113834678,20.,45.7610481332354));
#11252=CARTESIAN_POINT('Ctrl Pts',(-14.0200113834678,19.,45.7610481332354));
#11253=CARTESIAN_POINT('Ctrl Pts',(-14.3867673208213,20.,45.9895548341704));
#11254=CARTESIAN_POINT('Ctrl Pts',(-14.3867673208213,19.,45.9895548341704));
#11255=CARTESIAN_POINT('Ctrl Pts',(-14.5710121840239,20.,46.1043483018875));
#11256=CARTESIAN_POINT('Ctrl Pts',(-14.5710121840239,19.,46.1043483018875));
#11257=CARTESIAN_POINT('',(-13.6202894896269,20.,45.2521747350693));
#11258=CARTESIAN_POINT('Ctrl Pts',(-13.6202894896269,20.,45.2521747350693));
#11259=CARTESIAN_POINT('Ctrl Pts',(-13.7531095401279,20.,45.421263772934));
#11260=CARTESIAN_POINT('Ctrl Pts',(-14.0200113834678,20.,45.7610481332354));
#11261=CARTESIAN_POINT('Ctrl Pts',(-14.3867673208213,20.,45.9895548341704));
#11262=CARTESIAN_POINT('Ctrl Pts',(-14.5710121840239,20.,46.1043483018875));
#11263=CARTESIAN_POINT('',(-13.6202894896269,19.,45.2521747350693));
#11264=CARTESIAN_POINT('',(-13.6202894896269,20.,45.2521747350693));
#11265=CARTESIAN_POINT('Ctrl Pts',(-13.6202894896269,19.,45.2521747350693));
#11266=CARTESIAN_POINT('Ctrl Pts',(-13.7531095401279,19.,45.421263772934));
#11267=CARTESIAN_POINT('Ctrl Pts',(-14.0200113834678,19.,45.7610481332354));
#11268=CARTESIAN_POINT('Ctrl Pts',(-14.3867673208213,19.,45.9895548341704));
#11269=CARTESIAN_POINT('Ctrl Pts',(-14.5710121840239,19.,46.1043483018875));
#11270=CARTESIAN_POINT('Ctrl Pts',(-13.0115925520658,20.,44.0231889486313));
#11271=CARTESIAN_POINT('Ctrl Pts',(-13.0115925520658,19.,44.0231889486313));
#11272=CARTESIAN_POINT('Ctrl Pts',(-13.0943260239055,20.,44.245333528252));
#11273=CARTESIAN_POINT('Ctrl Pts',(-13.0943260239055,19.,44.245333528252));
#11274=CARTESIAN_POINT('Ctrl Pts',(-13.2547708871059,20.,44.6761380852884));
#11275=CARTESIAN_POINT('Ctrl Pts',(-13.2547708871059,19.,44.6761380852884));
#11276=CARTESIAN_POINT('Ctrl Pts',(-13.501019226402,20.,45.0642115442148));
#11277=CARTESIAN_POINT('Ctrl Pts',(-13.501019226402,19.,45.0642115442148));
#11278=CARTESIAN_POINT('Ctrl Pts',(-13.6202894896269,20.,45.2521747350693));
#11279=CARTESIAN_POINT('Ctrl Pts',(-13.6202894896269,19.,45.2521747350693));
#11280=CARTESIAN_POINT('',(-13.0115925520658,20.,44.0231889486313));
#11281=CARTESIAN_POINT('Ctrl Pts',(-13.0115925520658,20.,44.0231889486313));
#11282=CARTESIAN_POINT('Ctrl Pts',(-13.0943260239055,20.,44.245333528252));
#11283=CARTESIAN_POINT('Ctrl Pts',(-13.2547708871059,20.,44.6761380852884));
#11284=CARTESIAN_POINT('Ctrl Pts',(-13.501019226402,20.,45.0642115442148));
#11285=CARTESIAN_POINT('Ctrl Pts',(-13.6202894896269,20.,45.2521747350693));
#11286=CARTESIAN_POINT('',(-13.0115925520658,19.,44.0231889486313));
#11287=CARTESIAN_POINT('',(-13.0115925520658,20.,44.0231889486313));
#11288=CARTESIAN_POINT('Ctrl Pts',(-13.0115925520658,19.,44.0231889486313));
#11289=CARTESIAN_POINT('Ctrl Pts',(-13.0943260239055,19.,44.245333528252));
#11290=CARTESIAN_POINT('Ctrl Pts',(-13.2547708871059,19.,44.6761380852884));
#11291=CARTESIAN_POINT('Ctrl Pts',(-13.501019226402,19.,45.0642115442148));
#11292=CARTESIAN_POINT('Ctrl Pts',(-13.6202894896269,19.,45.2521747350693));
#11293=CARTESIAN_POINT('Origin',(-10.9014498442411,20.,37.8782600164414));
#11294=CARTESIAN_POINT('',(-10.9014498442411,20.,37.8782600164414));
#11295=CARTESIAN_POINT('',(-4.50889374667603,20.,19.2625508661016));
#11296=CARTESIAN_POINT('',(-10.9014498442411,19.,37.8782600164414));
#11297=CARTESIAN_POINT('',(-10.9014498442411,20.,37.8782600164414));
#11298=CARTESIAN_POINT('',(-10.9014498442411,19.,37.8782600164414));
#11299=CARTESIAN_POINT('Origin',(-12.2347819060087,20.,37.8782600164414));
#11300=CARTESIAN_POINT('',(-6.11739095300437,20.,37.8782600164414));
#11301=CARTESIAN_POINT('',(-12.2347819060087,19.,37.8782600164414));
#11302=CARTESIAN_POINT('Origin',(-1.71363353729248E-6,19.,40.6927534937859));
#11303=CARTESIAN_POINT('Origin',(-2.34493128955364,20.,44.0000003576279));
#11304=CARTESIAN_POINT('',(-2.34493128955364,20.,44.0000003576279));
#11305=CARTESIAN_POINT('',(-2.34493128955364,20.,35.43188393116));
#11306=CARTESIAN_POINT('',(-2.34493128955364,20.,22.0000001788139));
#11307=CARTESIAN_POINT('',(-2.34493128955364,19.,44.0000003576279));
#11308=CARTESIAN_POINT('',(-2.34493128955364,20.,44.0000003576279));
#11309=CARTESIAN_POINT('',(-2.34493128955364,19.,35.43188393116));
#11310=CARTESIAN_POINT('',(-2.34493128955364,19.,44.0000003576279));
#11311=CARTESIAN_POINT('',(-2.34493128955364,20.,35.43188393116));
#11312=CARTESIAN_POINT('Origin',(-1.04638449847698,20.,44.0000003576279));
#11313=CARTESIAN_POINT('',(-1.04638449847698,20.,44.0000003576279));
#11314=CARTESIAN_POINT('',(-0.5231922492385,20.,44.0000003576279));
#11315=CARTESIAN_POINT('',(-1.04638449847698,19.,44.0000003576279));
#11316=CARTESIAN_POINT('',(-1.04638449847698,20.,44.0000003576279));
#11317=CARTESIAN_POINT('',(-1.04638449847698,19.,44.0000003576279));
#11318=CARTESIAN_POINT('Origin',(-1.04638449847698,20.,39.6231883764267));
#11319=CARTESIAN_POINT('',(-1.04638449847698,20.,39.6231883764267));
#11320=CARTESIAN_POINT('',(-1.04638449847698,20.,19.8115941882134));
#11321=CARTESIAN_POINT('',(-1.04638449847698,19.,39.6231883764267));
#11322=CARTESIAN_POINT('',(-1.04638449847698,20.,39.6231883764267));
#11323=CARTESIAN_POINT('',(-1.04638449847698,19.,39.6231883764267));
#11324=CARTESIAN_POINT('Ctrl Pts',(-0.426090881228447,20.,38.991305232048));
#11325=CARTESIAN_POINT('Ctrl Pts',(-0.426090881228447,19.,38.991305232048));
#11326=CARTESIAN_POINT('Ctrl Pts',(-0.543926151862131,20.,39.0861212574885));
#11327=CARTESIAN_POINT('Ctrl Pts',(-0.543926151862131,19.,39.0861212574885));
#11328=CARTESIAN_POINT('Ctrl Pts',(-0.775503159102939,20.,39.2724594505599));
#11329=CARTESIAN_POINT('Ctrl Pts',(-0.775503159102939,19.,39.2724594505599));
#11330=CARTESIAN_POINT('Ctrl Pts',(-0.957161094002776,20.,39.507664623902));
#11331=CARTESIAN_POINT('Ctrl Pts',(-0.957161094002776,19.,39.507664623902));
#11332=CARTESIAN_POINT('Ctrl Pts',(-1.04638449847698,20.,39.6231883764267));
#11333=CARTESIAN_POINT('Ctrl Pts',(-1.04638449847698,19.,39.6231883764267));
#11334=CARTESIAN_POINT('',(-0.426090881228447,20.,38.991305232048));
#11335=CARTESIAN_POINT('Ctrl Pts',(-0.426090881228447,20.,38.991305232048));
#11336=CARTESIAN_POINT('Ctrl Pts',(-0.543926151862131,20.,39.0861212574885));
#11337=CARTESIAN_POINT('Ctrl Pts',(-0.775503159102939,20.,39.2724594505599));
#11338=CARTESIAN_POINT('Ctrl Pts',(-0.957161094002776,20.,39.507664623902));
#11339=CARTESIAN_POINT('Ctrl Pts',(-1.04638449847698,20.,39.6231883764267));
#11340=CARTESIAN_POINT('',(-0.426090881228447,19.,38.991305232048));
#11341=CARTESIAN_POINT('',(-0.426090881228447,20.,38.991305232048));
#11342=CARTESIAN_POINT('Ctrl Pts',(-0.426090881228447,19.,38.991305232048));
#11343=CARTESIAN_POINT('Ctrl Pts',(-0.543926151862131,19.,39.0861212574885));
#11344=CARTESIAN_POINT('Ctrl Pts',(-0.775503159102939,19.,39.2724594505599));
#11345=CARTESIAN_POINT('Ctrl Pts',(-0.957161094002776,19.,39.507664623902));
#11346=CARTESIAN_POINT('Ctrl Pts',(-1.04638449847698,19.,39.6231883764267));
#11347=CARTESIAN_POINT('Ctrl Pts',(0.379701927304268,20.,38.7072461843491));
#11348=CARTESIAN_POINT('Ctrl Pts',(0.379701927304268,19.,38.7072461843491));
#11349=CARTESIAN_POINT('Ctrl Pts',(0.23627505810019,20.,38.7199799347122));
#11350=CARTESIAN_POINT('Ctrl Pts',(0.23627505810019,19.,38.7199799347122));
#11351=CARTESIAN_POINT('Ctrl Pts',(-0.0562899718674448,20.,38.7459544963636));
#11352=CARTESIAN_POINT('Ctrl Pts',(-0.0562899718674448,19.,38.7459544963636));
#11353=CARTESIAN_POINT('Ctrl Pts',(-0.3012300501815,20.,38.9084641789839));
#11354=CARTESIAN_POINT('Ctrl Pts',(-0.3012300501815,19.,38.9084641789839));
#11355=CARTESIAN_POINT('Ctrl Pts',(-0.426090881228447,20.,38.991305232048));
#11356=CARTESIAN_POINT('Ctrl Pts',(-0.426090881228447,19.,38.991305232048));
#11357=CARTESIAN_POINT('',(0.379701927304268,20.,38.7072461843491));
#11358=CARTESIAN_POINT('Ctrl Pts',(0.379701927304268,20.,38.7072461843491));
#11359=CARTESIAN_POINT('Ctrl Pts',(0.23627505810019,20.,38.7199799347122));
#11360=CARTESIAN_POINT('Ctrl Pts',(-0.0562899718674448,20.,38.7459544963636));
#11361=CARTESIAN_POINT('Ctrl Pts',(-0.3012300501815,20.,38.9084641789839));
#11362=CARTESIAN_POINT('Ctrl Pts',(-0.426090881228447,20.,38.991305232048));
#11363=CARTESIAN_POINT('',(0.379701927304268,19.,38.7072461843491));
#11364=CARTESIAN_POINT('',(0.379701927304268,20.,38.7072461843491));
#11365=CARTESIAN_POINT('Ctrl Pts',(0.379701927304268,19.,38.7072461843491));
#11366=CARTESIAN_POINT('Ctrl Pts',(0.23627505810019,19.,38.7199799347122));
#11367=CARTESIAN_POINT('Ctrl Pts',(-0.0562899718674448,19.,38.7459544963636));
#11368=CARTESIAN_POINT('Ctrl Pts',(-0.3012300501815,19.,38.9084641789839));
#11369=CARTESIAN_POINT('Ctrl Pts',(-0.426090881228447,19.,38.991305232048));
#11370=CARTESIAN_POINT('Ctrl Pts',(1.05216629803181,20.,38.9507240056992));
#11371=CARTESIAN_POINT('Ctrl Pts',(1.05216629803181,19.,38.9507240056992));
#11372=CARTESIAN_POINT('Ctrl Pts',(0.965210036862132,20.,38.8799104935479));
#11373=CARTESIAN_POINT('Ctrl Pts',(0.965210036862132,19.,38.8799104935479));
#11374=CARTESIAN_POINT('Ctrl Pts',(0.770988288413328,20.,38.7217444919419));
#11375=CARTESIAN_POINT('Ctrl Pts',(0.770988288413328,19.,38.7217444919419));
#11376=CARTESIAN_POINT('Ctrl Pts',(0.518916849915163,20.,38.7124045056455));
#11377=CARTESIAN_POINT('Ctrl Pts',(0.518916849915163,19.,38.7124045056455));
#11378=CARTESIAN_POINT('Ctrl Pts',(0.379701927304268,20.,38.7072461843491));
#11379=CARTESIAN_POINT('Ctrl Pts',(0.379701927304268,19.,38.7072461843491));
#11380=CARTESIAN_POINT('',(1.05216629803181,20.,38.9507240056992));
#11381=CARTESIAN_POINT('Ctrl Pts',(1.05216629803181,20.,38.9507240056992));
#11382=CARTESIAN_POINT('Ctrl Pts',(0.965210036862132,20.,38.8799104935479));
#11383=CARTESIAN_POINT('Ctrl Pts',(0.770988288413328,20.,38.7217444919419));
#11384=CARTESIAN_POINT('Ctrl Pts',(0.518916849915163,20.,38.7124045056455));
#11385=CARTESIAN_POINT('Ctrl Pts',(0.379701927304268,20.,38.7072461843491));
#11386=CARTESIAN_POINT('',(1.05216629803181,19.,38.9507240056992));
#11387=CARTESIAN_POINT('',(1.05216629803181,20.,38.9507240056992));
#11388=CARTESIAN_POINT('Ctrl Pts',(1.05216629803181,19.,38.9507240056992));
#11389=CARTESIAN_POINT('Ctrl Pts',(0.965210036862132,19.,38.8799104935479));
#11390=CARTESIAN_POINT('Ctrl Pts',(0.770988288413328,19.,38.7217444919419));
#11391=CARTESIAN_POINT('Ctrl Pts',(0.518916849915163,19.,38.7124045056455));
#11392=CARTESIAN_POINT('Ctrl Pts',(0.379701927304268,19.,38.7072461843491));
#11393=CARTESIAN_POINT('Ctrl Pts',(1.26086361706257,20.,39.7391301393509));
#11394=CARTESIAN_POINT('Ctrl Pts',(1.26086361706257,19.,39.7391301393509));
#11395=CARTESIAN_POINT('Ctrl Pts',(1.25867052562502,20.,39.5771898362831));
#11396=CARTESIAN_POINT('Ctrl Pts',(1.25867052562502,19.,39.5771898362831));
#11397=CARTESIAN_POINT('Ctrl Pts',(1.25485066853425,20.,39.2951273539065));
#11398=CARTESIAN_POINT('Ctrl Pts',(1.25485066853425,19.,39.2951273539065));
#11399=CARTESIAN_POINT('Ctrl Pts',(1.112702888847,20.,39.0535883978283));
#11400=CARTESIAN_POINT('Ctrl Pts',(1.112702888847,19.,39.0535883978283));
#11401=CARTESIAN_POINT('Ctrl Pts',(1.05216629803181,20.,38.9507240056992));
#11402=CARTESIAN_POINT('Ctrl Pts',(1.05216629803181,19.,38.9507240056992));
#11403=CARTESIAN_POINT('',(1.26086361706257,20.,39.7391301393509));
#11404=CARTESIAN_POINT('Ctrl Pts',(1.26086361706257,20.,39.7391301393509));
#11405=CARTESIAN_POINT('Ctrl Pts',(1.25867052562502,20.,39.5771898362831));
#11406=CARTESIAN_POINT('Ctrl Pts',(1.25485066853425,20.,39.2951273539065));
#11407=CARTESIAN_POINT('Ctrl Pts',(1.112702888847,20.,39.0535883978283));
#11408=CARTESIAN_POINT('Ctrl Pts',(1.05216629803181,20.,38.9507240056992));
#11409=CARTESIAN_POINT('',(1.26086361706257,19.,39.7391301393509));
#11410=CARTESIAN_POINT('',(1.26086361706257,20.,39.7391301393509));
#11411=CARTESIAN_POINT('Ctrl Pts',(1.26086361706257,19.,39.7391301393509));
#11412=CARTESIAN_POINT('Ctrl Pts',(1.25867052562502,19.,39.5771898362831));
#11413=CARTESIAN_POINT('Ctrl Pts',(1.25485066853425,19.,39.2951273539065));
#11414=CARTESIAN_POINT('Ctrl Pts',(1.112702888847,19.,39.0535883978283));
#11415=CARTESIAN_POINT('Ctrl Pts',(1.05216629803181,19.,38.9507240056992));
#11416=CARTESIAN_POINT('Origin',(1.26086361706257,20.,44.0000003576279));
#11417=CARTESIAN_POINT('',(1.26086361706257,20.,44.0000003576279));
#11418=CARTESIAN_POINT('',(1.26086361706257,20.,22.0000001788139));
#11419=CARTESIAN_POINT('',(1.26086361706257,19.,44.0000003576279));
#11420=CARTESIAN_POINT('',(1.26086361706257,20.,44.0000003576279));
#11421=CARTESIAN_POINT('',(1.26086361706257,19.,44.0000003576279));
#11422=CARTESIAN_POINT('Origin',(2.55941517651081,20.,44.0000003576279));
#11423=CARTESIAN_POINT('',(2.55941517651081,20.,44.0000003576279));
#11424=CARTESIAN_POINT('',(1.2797075882554,20.,44.0000003576279));
#11425=CARTESIAN_POINT('',(2.55941517651081,19.,44.0000003576279));
#11426=CARTESIAN_POINT('',(2.55941517651081,20.,44.0000003576279));
#11427=CARTESIAN_POINT('',(2.55941517651081,19.,44.0000003576279));
#11428=CARTESIAN_POINT('Origin',(2.55941517651081,20.,39.5362323522568));
#11429=CARTESIAN_POINT('',(2.55941517651081,20.,39.5362323522568));
#11430=CARTESIAN_POINT('',(2.55941517651081,20.,19.7681161761284));
#11431=CARTESIAN_POINT('',(2.55941517651081,19.,39.5362323522568));
#11432=CARTESIAN_POINT('',(2.55941517651081,20.,39.5362323522568));
#11433=CARTESIAN_POINT('',(2.55941517651081,19.,39.5362323522568));
#11434=CARTESIAN_POINT('Ctrl Pts',(2.13622696697712,20.,38.1971019506455));
#11435=CARTESIAN_POINT('Ctrl Pts',(2.13622696697712,19.,38.1971019506455));
#11436=CARTESIAN_POINT('Ctrl Pts',(2.2594494733876,20.,38.3830980930404));
#11437=CARTESIAN_POINT('Ctrl Pts',(2.2594494733876,19.,38.3830980930404));
#11438=CARTESIAN_POINT('Ctrl Pts',(2.52726498931231,20.,38.7873477247558));
#11439=CARTESIAN_POINT('Ctrl Pts',(2.52726498931231,19.,38.7873477247558));
#11440=CARTESIAN_POINT('Ctrl Pts',(2.54814311971098,20.,39.2736687159836));
#11441=CARTESIAN_POINT('Ctrl Pts',(2.54814311971098,19.,39.2736687159836));
#11442=CARTESIAN_POINT('Ctrl Pts',(2.55941517651081,20.,39.5362323522568));
#11443=CARTESIAN_POINT('Ctrl Pts',(2.55941517651081,19.,39.5362323522568));
#11444=CARTESIAN_POINT('',(2.13622696697712,20.,38.1971019506455));
#11445=CARTESIAN_POINT('Ctrl Pts',(2.13622696697712,20.,38.1971019506455));
#11446=CARTESIAN_POINT('Ctrl Pts',(2.2594494733876,20.,38.3830980930404));
#11447=CARTESIAN_POINT('Ctrl Pts',(2.52726498931231,20.,38.7873477247558));
#11448=CARTESIAN_POINT('Ctrl Pts',(2.54814311971098,20.,39.2736687159836));
#11449=CARTESIAN_POINT('Ctrl Pts',(2.55941517651081,20.,39.5362323522568));
#11450=CARTESIAN_POINT('',(2.13622696697712,19.,38.1971019506455));
#11451=CARTESIAN_POINT('',(2.13622696697712,20.,38.1971019506455));
#11452=CARTESIAN_POINT('Ctrl Pts',(2.13622696697712,19.,38.1971019506455));
#11453=CARTESIAN_POINT('Ctrl Pts',(2.2594494733876,19.,38.3830980930404));
#11454=CARTESIAN_POINT('Ctrl Pts',(2.52726498931231,19.,38.7873477247558));
#11455=CARTESIAN_POINT('Ctrl Pts',(2.54814311971098,19.,39.2736687159836));
#11456=CARTESIAN_POINT('Ctrl Pts',(2.55941517651081,19.,39.5362323522568));
#11457=CARTESIAN_POINT('Ctrl Pts',(0.849267318844795,20.,37.7159422636032));
#11458=CARTESIAN_POINT('Ctrl Pts',(0.849267318844795,19.,37.7159422636032));
#11459=CARTESIAN_POINT('Ctrl Pts',(1.11146417996105,20.,37.7282525784625));
#11460=CARTESIAN_POINT('Ctrl Pts',(1.11146417996105,19.,37.7282525784625));
#11461=CARTESIAN_POINT('Ctrl Pts',(1.59489931543741,20.,37.7509501756284));
#11462=CARTESIAN_POINT('Ctrl Pts',(1.59489931543741,19.,37.7509501756284));
#11463=CARTESIAN_POINT('Ctrl Pts',(1.9662724975473,20.,38.0570287657776));
#11464=CARTESIAN_POINT('Ctrl Pts',(1.9662724975473,19.,38.0570287657776));
#11465=CARTESIAN_POINT('Ctrl Pts',(2.13622696697712,20.,38.1971019506455));
#11466=CARTESIAN_POINT('Ctrl Pts',(2.13622696697712,19.,38.1971019506455));
#11467=CARTESIAN_POINT('',(0.849267318844795,20.,37.7159422636032));
#11468=CARTESIAN_POINT('Ctrl Pts',(0.849267318844795,20.,37.7159422636032));
#11469=CARTESIAN_POINT('Ctrl Pts',(1.11146417996105,20.,37.7282525784625));
#11470=CARTESIAN_POINT('Ctrl Pts',(1.59489931543741,20.,37.7509501756284));
#11471=CARTESIAN_POINT('Ctrl Pts',(1.9662724975473,20.,38.0570287657776));
#11472=CARTESIAN_POINT('Ctrl Pts',(2.13622696697712,20.,38.1971019506455));
#11473=CARTESIAN_POINT('',(0.849267318844795,19.,37.7159422636032));
#11474=CARTESIAN_POINT('',(0.849267318844795,20.,37.7159422636032));
#11475=CARTESIAN_POINT('Ctrl Pts',(0.849267318844795,19.,37.7159422636032));
#11476=CARTESIAN_POINT('Ctrl Pts',(1.11146417996105,19.,37.7282525784625));
#11477=CARTESIAN_POINT('Ctrl Pts',(1.59489931543741,19.,37.7509501756284));
#11478=CARTESIAN_POINT('Ctrl Pts',(1.9662724975473,19.,38.0570287657776));
#11479=CARTESIAN_POINT('Ctrl Pts',(2.13622696697712,19.,38.1971019506455));
#11480=CARTESIAN_POINT('Ctrl Pts',(-0.182613059878349,20.,37.9478257894516));
#11481=CARTESIAN_POINT('Ctrl Pts',(-0.182613059878349,19.,37.9478257894516));
#11482=CARTESIAN_POINT('Ctrl Pts',(-0.0156934148357735,20.,37.8801946083807));
#11483=CARTESIAN_POINT('Ctrl Pts',(-0.0156934148357735,19.,37.8801946083807));
#11484=CARTESIAN_POINT('Ctrl Pts',(0.31553052187494,20.,37.7459919144259));
#11485=CARTESIAN_POINT('Ctrl Pts',(0.31553052187494,19.,37.7459919144259));
#11486=CARTESIAN_POINT('Ctrl Pts',(0.672294058107967,20.,37.725905947427));
#11487=CARTESIAN_POINT('Ctrl Pts',(0.672294058107967,19.,37.725905947427));
#11488=CARTESIAN_POINT('Ctrl Pts',(0.849267318844795,20.,37.7159422636032));
#11489=CARTESIAN_POINT('Ctrl Pts',(0.849267318844795,19.,37.7159422636032));
#11490=CARTESIAN_POINT('',(-0.182613059878349,20.,37.9478257894516));
#11491=CARTESIAN_POINT('Ctrl Pts',(-0.182613059878349,20.,37.9478257894516));
#11492=CARTESIAN_POINT('Ctrl Pts',(-0.0156934148357735,20.,37.8801946083807));
#11493=CARTESIAN_POINT('Ctrl Pts',(0.31553052187494,20.,37.7459919144259));
#11494=CARTESIAN_POINT('Ctrl Pts',(0.672294058107967,20.,37.725905947427));
#11495=CARTESIAN_POINT('Ctrl Pts',(0.849267318844795,20.,37.7159422636032));
#11496=CARTESIAN_POINT('',(-0.182613059878349,19.,37.9478257894516));
#11497=CARTESIAN_POINT('',(-0.182613059878349,20.,37.9478257894516));
#11498=CARTESIAN_POINT('Ctrl Pts',(-0.182613059878349,19.,37.9478257894516));
#11499=CARTESIAN_POINT('Ctrl Pts',(-0.0156934148357735,19.,37.8801946083807));
#11500=CARTESIAN_POINT('Ctrl Pts',(0.31553052187494,19.,37.7459919144259));
#11501=CARTESIAN_POINT('Ctrl Pts',(0.672294058107967,19.,37.725905947427));
#11502=CARTESIAN_POINT('Ctrl Pts',(0.849267318844795,19.,37.7159422636032));
#11503=CARTESIAN_POINT('Ctrl Pts',(-1.04638449847698,20.,38.62608730793));
#11504=CARTESIAN_POINT('Ctrl Pts',(-1.04638449847698,19.,38.62608730793));
#11505=CARTESIAN_POINT('Ctrl Pts',(-0.919319069114373,20.,38.4855635047019));
#11506=CARTESIAN_POINT('Ctrl Pts',(-0.919319069114373,19.,38.4855635047019));
#11507=CARTESIAN_POINT('Ctrl Pts',(-0.670102664688859,20.,38.209950876213));
#11508=CARTESIAN_POINT('Ctrl Pts',(-0.670102664688859,19.,38.209950876213));
#11509=CARTESIAN_POINT('Ctrl Pts',(-0.342959212635927,20.,38.0340445493773));
#11510=CARTESIAN_POINT('Ctrl Pts',(-0.342959212635927,19.,38.0340445493773));
#11511=CARTESIAN_POINT('Ctrl Pts',(-0.182613059878349,20.,37.9478257894516));
#11512=CARTESIAN_POINT('Ctrl Pts',(-0.182613059878349,19.,37.9478257894516));
#11513=CARTESIAN_POINT('',(-1.04638449847698,20.,38.62608730793));
#11514=CARTESIAN_POINT('Ctrl Pts',(-1.04638449847698,20.,38.62608730793));
#11515=CARTESIAN_POINT('Ctrl Pts',(-0.919319069114373,20.,38.4855635047019));
#11516=CARTESIAN_POINT('Ctrl Pts',(-0.670102664688859,20.,38.209950876213));
#11517=CARTESIAN_POINT('Ctrl Pts',(-0.342959212635927,20.,38.0340445493773));
#11518=CARTESIAN_POINT('Ctrl Pts',(-0.182613059878349,20.,37.9478257894516));
#11519=CARTESIAN_POINT('',(-1.04638449847698,19.,38.62608730793));
#11520=CARTESIAN_POINT('',(-1.04638449847698,20.,38.62608730793));
#11521=CARTESIAN_POINT('Ctrl Pts',(-1.04638449847698,19.,38.62608730793));
#11522=CARTESIAN_POINT('Ctrl Pts',(-0.919319069114373,19.,38.4855635047019));
#11523=CARTESIAN_POINT('Ctrl Pts',(-0.670102664688859,19.,38.209950876213));
#11524=CARTESIAN_POINT('Ctrl Pts',(-0.342959212635927,19.,38.0340445493773));
#11525=CARTESIAN_POINT('Ctrl Pts',(-0.182613059878349,19.,37.9478257894516));
#11526=CARTESIAN_POINT('Origin',(-1.04638449847698,20.,35.2927535772324));
#11527=CARTESIAN_POINT('',(-1.04638449847698,20.,35.2927535772324));
#11528=CARTESIAN_POINT('',(-1.04638449847698,20.,17.6463767886162));
#11529=CARTESIAN_POINT('',(-1.04638449847698,19.,35.2927535772324));
#11530=CARTESIAN_POINT('',(-1.04638449847698,20.,35.2927535772324));
#11531=CARTESIAN_POINT('',(-1.04638449847698,19.,35.2927535772324));
#11532=CARTESIAN_POINT('Origin',(-2.34493128955364,20.,35.43188393116));
#11533=CARTESIAN_POINT('',(0.690826213460034,20.,35.1066234024404));
#11534=CARTESIAN_POINT('',(-2.34493128955364,19.,35.43188393116));
#11535=CARTESIAN_POINT('Origin',(-1.71363353729248E-6,19.,40.6927534937859));
#11536=CARTESIAN_POINT('Origin',(11.1101496964693,20.,36.3768112659454));
#11537=CARTESIAN_POINT('',(11.1101496964693,20.,36.3768112659454));
#11538=CARTESIAN_POINT('',(11.1101496964693,20.,35.4202896356583));
#11539=CARTESIAN_POINT('',(11.1101496964693,20.,18.1884056329727));
#11540=CARTESIAN_POINT('',(11.1101496964693,19.,36.3768112659454));
#11541=CARTESIAN_POINT('',(11.1101496964693,20.,36.3768112659454));
#11542=CARTESIAN_POINT('',(11.1101496964693,19.,35.4202896356583));
#11543=CARTESIAN_POINT('',(11.1101496964693,19.,36.3768112659454));
#11544=CARTESIAN_POINT('',(11.1101496964693,20.,35.4202896356583));
#11545=CARTESIAN_POINT('Origin',(12.9594195634127,20.,36.3768112659454));
#11546=CARTESIAN_POINT('',(12.9594195634127,20.,36.3768112659454));
#11547=CARTESIAN_POINT('',(6.47970978170632,20.,36.3768112659454));
#11548=CARTESIAN_POINT('',(12.9594195634127,19.,36.3768112659454));
#11549=CARTESIAN_POINT('',(12.9594195634127,20.,36.3768112659454));
#11550=CARTESIAN_POINT('',(12.9594195634127,19.,36.3768112659454));
#11551=CARTESIAN_POINT('Origin',(12.9594195634127,20.,42.2144931554794));
#11552=CARTESIAN_POINT('',(12.9594195634127,20.,42.2144931554794));
#11553=CARTESIAN_POINT('',(12.9594195634127,20.,21.1072465777397));
#11554=CARTESIAN_POINT('',(12.9594195634127,19.,42.2144931554794));
#11555=CARTESIAN_POINT('',(12.9594195634127,20.,42.2144931554794));
#11556=CARTESIAN_POINT('',(12.9594195634127,19.,42.2144931554794));
#11557=CARTESIAN_POINT('Ctrl Pts',(13.4695590287447,20.,43.6347824335098));
#11558=CARTESIAN_POINT('Ctrl Pts',(13.4695590287447,19.,43.6347824335098));
#11559=CARTESIAN_POINT('Ctrl Pts',(13.3209035361588,20.,43.437335316415));
#11560=CARTESIAN_POINT('Ctrl Pts',(13.3209035361588,19.,43.437335316415));
#11561=CARTESIAN_POINT('Ctrl Pts',(13.0052856317377,20.,43.0181254759483));
#11562=CARTESIAN_POINT('Ctrl Pts',(13.0052856317377,19.,43.0181254759483));
#11563=CARTESIAN_POINT('Ctrl Pts',(12.9752882367319,20.,42.4925326567485));
#11564=CARTESIAN_POINT('Ctrl Pts',(12.9752882367319,19.,42.4925326567485));
#11565=CARTESIAN_POINT('Ctrl Pts',(12.9594195634127,20.,42.2144931554794));
#11566=CARTESIAN_POINT('Ctrl Pts',(12.9594195634127,19.,42.2144931554794));
#11567=CARTESIAN_POINT('',(13.4695590287447,20.,43.6347824335098));
#11568=CARTESIAN_POINT('Ctrl Pts',(13.4695590287447,20.,43.6347824335098));
#11569=CARTESIAN_POINT('Ctrl Pts',(13.3209035361588,20.,43.437335316415));
#11570=CARTESIAN_POINT('Ctrl Pts',(13.0052856317377,20.,43.0181254759483));
#11571=CARTESIAN_POINT('Ctrl Pts',(12.9752882367319,20.,42.4925326567485));
#11572=CARTESIAN_POINT('Ctrl Pts',(12.9594195634127,20.,42.2144931554794));
#11573=CARTESIAN_POINT('',(13.4695590287447,19.,43.6347824335098));
#11574=CARTESIAN_POINT('',(13.4695590287447,20.,43.6347824335098));
#11575=CARTESIAN_POINT('Ctrl Pts',(13.4695590287447,19.,43.6347824335098));
#11576=CARTESIAN_POINT('Ctrl Pts',(13.3209035361588,19.,43.437335316415));
#11577=CARTESIAN_POINT('Ctrl Pts',(13.0052856317377,19.,43.0181254759483));
#11578=CARTESIAN_POINT('Ctrl Pts',(12.9752882367319,19.,42.4925326567485));
#11579=CARTESIAN_POINT('Ctrl Pts',(12.9594195634127,19.,42.2144931554794));
#11580=CARTESIAN_POINT('Ctrl Pts',(14.9072421342134,20.,44.1565221548081));
#11581=CARTESIAN_POINT('Ctrl Pts',(14.9072421342134,19.,44.1565221548081));
#11582=CARTESIAN_POINT('Ctrl Pts',(14.623284814279,20.,44.1408992148494));
#11583=CARTESIAN_POINT('Ctrl Pts',(14.623284814279,19.,44.1408992148494));
#11584=CARTESIAN_POINT('Ctrl Pts',(14.0894369142163,20.,44.1115276399533));
#11585=CARTESIAN_POINT('Ctrl Pts',(14.0894369142163,19.,44.1115276399533));
#11586=CARTESIAN_POINT('Ctrl Pts',(13.6672035853466,20.,43.7867899452279));
#11587=CARTESIAN_POINT('Ctrl Pts',(13.6672035853466,19.,43.7867899452279));
#11588=CARTESIAN_POINT('Ctrl Pts',(13.4695590287447,20.,43.6347824335098));
#11589=CARTESIAN_POINT('Ctrl Pts',(13.4695590287447,19.,43.6347824335098));
#11590=CARTESIAN_POINT('',(14.9072421342134,20.,44.1565221548081));
#11591=CARTESIAN_POINT('Ctrl Pts',(14.9072421342134,20.,44.1565221548081));
#11592=CARTESIAN_POINT('Ctrl Pts',(14.623284814279,20.,44.1408992148494));
#11593=CARTESIAN_POINT('Ctrl Pts',(14.0894369142163,20.,44.1115276399533));
#11594=CARTESIAN_POINT('Ctrl Pts',(13.6672035853466,20.,43.7867899452279));
#11595=CARTESIAN_POINT('Ctrl Pts',(13.4695590287447,20.,43.6347824335098));
#11596=CARTESIAN_POINT('',(14.9072421342134,19.,44.1565221548081));
#11597=CARTESIAN_POINT('',(14.9072421342134,20.,44.1565221548081));
#11598=CARTESIAN_POINT('Ctrl Pts',(14.9072421342134,19.,44.1565221548081));
#11599=CARTESIAN_POINT('Ctrl Pts',(14.623284814279,19.,44.1408992148494));
#11600=CARTESIAN_POINT('Ctrl Pts',(14.0894369142163,19.,44.1115276399533));
#11601=CARTESIAN_POINT('Ctrl Pts',(13.6672035853466,19.,43.7867899452279));
#11602=CARTESIAN_POINT('Ctrl Pts',(13.4695590287447,19.,43.6347824335098));
#11603=CARTESIAN_POINT('Ctrl Pts',(15.8115924149752,20.,44.0521746873856));
#11604=CARTESIAN_POINT('Ctrl Pts',(15.8115924149752,19.,44.0521746873856));
#11605=CARTESIAN_POINT('Ctrl Pts',(15.6710458546044,20.,44.0825832615805));
#11606=CARTESIAN_POINT('Ctrl Pts',(15.6710458546044,19.,44.0825832615805));
#11607=CARTESIAN_POINT('Ctrl Pts',(15.373129202351,20.,44.1470403397193));
#11608=CARTESIAN_POINT('Ctrl Pts',(15.373129202351,19.,44.1470403397193));
#11609=CARTESIAN_POINT('Ctrl Pts',(15.0682762334136,20.,44.1532447606582));
#11610=CARTESIAN_POINT('Ctrl Pts',(15.0682762334136,19.,44.1532447606582));
#11611=CARTESIAN_POINT('Ctrl Pts',(14.9072421342134,20.,44.1565221548081));
#11612=CARTESIAN_POINT('Ctrl Pts',(14.9072421342134,19.,44.1565221548081));
#11613=CARTESIAN_POINT('',(15.8115924149752,20.,44.0521746873856));
#11614=CARTESIAN_POINT('Ctrl Pts',(15.8115924149752,20.,44.0521746873856));
#11615=CARTESIAN_POINT('Ctrl Pts',(15.6710458546044,20.,44.0825832615805));
#11616=CARTESIAN_POINT('Ctrl Pts',(15.373129202351,20.,44.1470403397193));
#11617=CARTESIAN_POINT('Ctrl Pts',(15.0682762334136,20.,44.1532447606582));
#11618=CARTESIAN_POINT('Ctrl Pts',(14.9072421342134,20.,44.1565221548081));
#11619=CARTESIAN_POINT('',(15.8115924149752,19.,44.0521746873856));
#11620=CARTESIAN_POINT('',(15.8115924149752,20.,44.0521746873856));
#11621=CARTESIAN_POINT('Ctrl Pts',(15.8115924149752,19.,44.0521746873856));
#11622=CARTESIAN_POINT('Ctrl Pts',(15.6710458546044,19.,44.0825832615805));
#11623=CARTESIAN_POINT('Ctrl Pts',(15.373129202351,19.,44.1470403397193));
#11624=CARTESIAN_POINT('Ctrl Pts',(15.0682762334136,19.,44.1532447606582));
#11625=CARTESIAN_POINT('Ctrl Pts',(14.9072421342134,19.,44.1565221548081));
#11626=CARTESIAN_POINT('Ctrl Pts',(16.4840567857027,20.,43.8086956739426));
#11627=CARTESIAN_POINT('Ctrl Pts',(16.4840567857027,19.,43.8086956739426));
#11628=CARTESIAN_POINT('Ctrl Pts',(16.3835469647769,20.,43.8547348467087));
#11629=CARTESIAN_POINT('Ctrl Pts',(16.3835469647769,19.,43.8547348467087));
#11630=CARTESIAN_POINT('Ctrl Pts',(16.1661464070428,20.,43.9543165765811));
#11631=CARTESIAN_POINT('Ctrl Pts',(16.1661464070428,19.,43.9543165765811));
#11632=CARTESIAN_POINT('Ctrl Pts',(15.9355683546652,20.,44.0179569052855));
#11633=CARTESIAN_POINT('Ctrl Pts',(15.9355683546652,19.,44.0179569052855));
#11634=CARTESIAN_POINT('Ctrl Pts',(15.8115924149752,20.,44.0521746873856));
#11635=CARTESIAN_POINT('Ctrl Pts',(15.8115924149752,19.,44.0521746873856));
#11636=CARTESIAN_POINT('',(16.4840567857027,20.,43.8086956739426));
#11637=CARTESIAN_POINT('Ctrl Pts',(16.4840567857027,20.,43.8086956739426));
#11638=CARTESIAN_POINT('Ctrl Pts',(16.3835469647769,20.,43.8547348467087));
#11639=CARTESIAN_POINT('Ctrl Pts',(16.1661464070428,20.,43.9543165765811));
#11640=CARTESIAN_POINT('Ctrl Pts',(15.9355683546652,20.,44.0179569052855));
#11641=CARTESIAN_POINT('Ctrl Pts',(15.8115924149752,20.,44.0521746873856));
#11642=CARTESIAN_POINT('',(16.4840567857027,19.,43.8086956739426));
#11643=CARTESIAN_POINT('',(16.4840567857027,20.,43.8086956739426));
#11644=CARTESIAN_POINT('Ctrl Pts',(16.4840567857027,19.,43.8086956739426));
#11645=CARTESIAN_POINT('Ctrl Pts',(16.3835469647769,19.,43.8547348467087));
#11646=CARTESIAN_POINT('Ctrl Pts',(16.1661464070428,19.,43.9543165765811));
#11647=CARTESIAN_POINT('Ctrl Pts',(15.9355683546652,19.,44.0179569052855));
#11648=CARTESIAN_POINT('Ctrl Pts',(15.8115924149752,19.,44.0521746873856));
#11649=CARTESIAN_POINT('Origin',(16.1536181718111,20.,42.9043477773666));
#11650=CARTESIAN_POINT('',(16.1536181718111,20.,42.9043477773666));
#11651=CARTESIAN_POINT('',(8.28715105103958,20.,21.3753172855273));
#11652=CARTESIAN_POINT('',(16.1536181718111,19.,42.9043477773666));
#11653=CARTESIAN_POINT('',(16.1536181718111,20.,42.9043477773666));
#11654=CARTESIAN_POINT('',(16.1536181718111,19.,42.9043477773666));
#11655=CARTESIAN_POINT('Ctrl Pts',(15.6840575486422,20.,43.055072426796));
#11656=CARTESIAN_POINT('Ctrl Pts',(15.6840575486422,19.,43.055072426796));
#11657=CARTESIAN_POINT('Ctrl Pts',(15.7642646523693,20.,43.0343936522581));
#11658=CARTESIAN_POINT('Ctrl Pts',(15.7642646523693,19.,43.0343936522581));
#11659=CARTESIAN_POINT('Ctrl Pts',(15.9237183929808,20.,42.9932837280979));
#11660=CARTESIAN_POINT('Ctrl Pts',(15.9237183929808,19.,42.9932837280979));
#11661=CARTESIAN_POINT('Ctrl Pts',(16.077293264059,20.,42.9338738094052));
#11662=CARTESIAN_POINT('Ctrl Pts',(16.077293264059,19.,42.9338738094052));
#11663=CARTESIAN_POINT('Ctrl Pts',(16.1536181718111,20.,42.9043477773666));
#11664=CARTESIAN_POINT('Ctrl Pts',(16.1536181718111,19.,42.9043477773666));
#11665=CARTESIAN_POINT('',(15.6840575486422,20.,43.055072426796));
#11666=CARTESIAN_POINT('Ctrl Pts',(15.6840575486422,20.,43.055072426796));
#11667=CARTESIAN_POINT('Ctrl Pts',(15.7642646523693,20.,43.0343936522581));
#11668=CARTESIAN_POINT('Ctrl Pts',(15.9237183929808,20.,42.9932837280979));
#11669=CARTESIAN_POINT('Ctrl Pts',(16.077293264059,20.,42.9338738094052));
#11670=CARTESIAN_POINT('Ctrl Pts',(16.1536181718111,20.,42.9043477773666));
#11671=CARTESIAN_POINT('',(15.6840575486422,19.,43.055072426796));
#11672=CARTESIAN_POINT('',(15.6840575486422,20.,43.055072426796));
#11673=CARTESIAN_POINT('Ctrl Pts',(15.6840575486422,19.,43.055072426796));
#11674=CARTESIAN_POINT('Ctrl Pts',(15.7642646523693,19.,43.0343936522581));
#11675=CARTESIAN_POINT('Ctrl Pts',(15.9237183929808,19.,42.9932837280979));
#11676=CARTESIAN_POINT('Ctrl Pts',(16.077293264059,19.,42.9338738094052));
#11677=CARTESIAN_POINT('Ctrl Pts',(16.1536181718111,19.,42.9043477773666));
#11678=CARTESIAN_POINT('Ctrl Pts',(15.1855052262545,20.,43.1072467565537));
#11679=CARTESIAN_POINT('Ctrl Pts',(15.1855052262545,19.,43.1072467565537));
#11680=CARTESIAN_POINT('Ctrl Pts',(15.270774579054,20.,43.1052291163699));
#11681=CARTESIAN_POINT('Ctrl Pts',(15.270774579054,19.,43.1052291163699));
#11682=CARTESIAN_POINT('Ctrl Pts',(15.4383765895838,20.,43.1012633239694));
#11683=CARTESIAN_POINT('Ctrl Pts',(15.4383765895838,19.,43.1012633239694));
#11684=CARTESIAN_POINT('Ctrl Pts',(15.6031261338296,20.,43.0702884804699));
#11685=CARTESIAN_POINT('Ctrl Pts',(15.6031261338296,19.,43.0702884804699));
#11686=CARTESIAN_POINT('Ctrl Pts',(15.6840575486422,20.,43.055072426796));
#11687=CARTESIAN_POINT('Ctrl Pts',(15.6840575486422,19.,43.055072426796));
#11688=CARTESIAN_POINT('',(15.1855052262545,20.,43.1072467565537));
#11689=CARTESIAN_POINT('Ctrl Pts',(15.1855052262545,20.,43.1072467565537));
#11690=CARTESIAN_POINT('Ctrl Pts',(15.270774579054,20.,43.1052291163699));
#11691=CARTESIAN_POINT('Ctrl Pts',(15.4383765895838,20.,43.1012633239694));
#11692=CARTESIAN_POINT('Ctrl Pts',(15.6031261338296,20.,43.0702884804699));
#11693=CARTESIAN_POINT('Ctrl Pts',(15.6840575486422,20.,43.055072426796));
#11694=CARTESIAN_POINT('',(15.1855052262545,19.,43.1072467565537));
#11695=CARTESIAN_POINT('',(15.1855052262545,20.,43.1072467565537));
#11696=CARTESIAN_POINT('Ctrl Pts',(15.1855052262545,19.,43.1072467565537));
#11697=CARTESIAN_POINT('Ctrl Pts',(15.270774579054,19.,43.1052291163699));
#11698=CARTESIAN_POINT('Ctrl Pts',(15.4383765895838,19.,43.1012633239694));
#11699=CARTESIAN_POINT('Ctrl Pts',(15.6031261338296,19.,43.0702884804699));
#11700=CARTESIAN_POINT('Ctrl Pts',(15.6840575486422,19.,43.055072426796));
#11701=CARTESIAN_POINT('Ctrl Pts',(14.5130408555269,20.,42.9333335161209));
#11702=CARTESIAN_POINT('Ctrl Pts',(14.5130408555269,19.,42.9333335161209));
#11703=CARTESIAN_POINT('Ctrl Pts',(14.6106182908455,20.,42.9839880615351));
#11704=CARTESIAN_POINT('Ctrl Pts',(14.6106182908455,19.,42.9839880615351));
#11705=CARTESIAN_POINT('Ctrl Pts',(14.8209394786004,20.,43.0931703137834));
#11706=CARTESIAN_POINT('Ctrl Pts',(14.8209394786004,19.,43.0931703137834));
#11707=CARTESIAN_POINT('Ctrl Pts',(15.0582784514272,20.,43.1023343356084));
#11708=CARTESIAN_POINT('Ctrl Pts',(15.0582784514272,19.,43.1023343356084));
#11709=CARTESIAN_POINT('Ctrl Pts',(15.1855052262545,20.,43.1072467565537));
#11710=CARTESIAN_POINT('Ctrl Pts',(15.1855052262545,19.,43.1072467565537));
#11711=CARTESIAN_POINT('',(14.5130408555269,20.,42.9333335161209));
#11712=CARTESIAN_POINT('Ctrl Pts',(14.5130408555269,20.,42.9333335161209));
#11713=CARTESIAN_POINT('Ctrl Pts',(14.6106182908455,20.,42.9839880615351));
#11714=CARTESIAN_POINT('Ctrl Pts',(14.8209394786004,20.,43.0931703137834));
#11715=CARTESIAN_POINT('Ctrl Pts',(15.0582784514272,20.,43.1023343356084));
#11716=CARTESIAN_POINT('Ctrl Pts',(15.1855052262545,20.,43.1072467565537));
#11717=CARTESIAN_POINT('',(14.5130408555269,19.,42.9333335161209));
#11718=CARTESIAN_POINT('',(14.5130408555269,20.,42.9333335161209));
#11719=CARTESIAN_POINT('Ctrl Pts',(14.5130408555269,19.,42.9333335161209));
#11720=CARTESIAN_POINT('Ctrl Pts',(14.6106182908455,19.,42.9839880615351));
#11721=CARTESIAN_POINT('Ctrl Pts',(14.8209394786004,19.,43.0931703137834));
#11722=CARTESIAN_POINT('Ctrl Pts',(15.0582784514272,19.,43.1023343356084));
#11723=CARTESIAN_POINT('Ctrl Pts',(15.1855052262545,19.,43.1072467565537));
#11724=CARTESIAN_POINT('Ctrl Pts',(14.2579711228609,20.,42.3304349184036));
#11725=CARTESIAN_POINT('Ctrl Pts',(14.2579711228609,19.,42.3304349184036));
#11726=CARTESIAN_POINT('Ctrl Pts',(14.2642241125309,20.,42.4579610560997));
#11727=CARTESIAN_POINT('Ctrl Pts',(14.2642241125309,19.,42.4579610560997));
#11728=CARTESIAN_POINT('Ctrl Pts',(14.2757015080342,20.,42.6920359541242));
#11729=CARTESIAN_POINT('Ctrl Pts',(14.2757015080342,19.,42.6920359541242));
#11730=CARTESIAN_POINT('Ctrl Pts',(14.4387999370459,20.,42.8578544486206));
#11731=CARTESIAN_POINT('Ctrl Pts',(14.4387999370459,19.,42.8578544486206));
#11732=CARTESIAN_POINT('Ctrl Pts',(14.5130408555269,20.,42.9333335161209));
#11733=CARTESIAN_POINT('Ctrl Pts',(14.5130408555269,19.,42.9333335161209));
#11734=CARTESIAN_POINT('',(14.2579711228609,20.,42.3304349184036));
#11735=CARTESIAN_POINT('Ctrl Pts',(14.2579711228609,20.,42.3304349184036));
#11736=CARTESIAN_POINT('Ctrl Pts',(14.2642241125309,20.,42.4579610560997));
#11737=CARTESIAN_POINT('Ctrl Pts',(14.2757015080342,20.,42.6920359541242));
#11738=CARTESIAN_POINT('Ctrl Pts',(14.4387999370459,20.,42.8578544486206));
#11739=CARTESIAN_POINT('Ctrl Pts',(14.5130408555269,20.,42.9333335161209));
#11740=CARTESIAN_POINT('',(14.2579711228609,19.,42.3304349184036));
#11741=CARTESIAN_POINT('',(14.2579711228609,20.,42.3304349184036));
#11742=CARTESIAN_POINT('Ctrl Pts',(14.2579711228609,19.,42.3304349184036));
#11743=CARTESIAN_POINT('Ctrl Pts',(14.2642241125309,19.,42.4579610560997));
#11744=CARTESIAN_POINT('Ctrl Pts',(14.2757015080342,19.,42.6920359541242));
#11745=CARTESIAN_POINT('Ctrl Pts',(14.4387999370459,19.,42.8578544486206));
#11746=CARTESIAN_POINT('Ctrl Pts',(14.5130408555269,19.,42.9333335161209));
#11747=CARTESIAN_POINT('Origin',(14.2579711228609,20.,35.4202896356583));
#11748=CARTESIAN_POINT('',(14.2579711228609,20.,35.4202896356583));
#11749=CARTESIAN_POINT('',(14.2579711228609,20.,17.7101448178291));
#11750=CARTESIAN_POINT('',(14.2579711228609,19.,35.4202896356583));
#11751=CARTESIAN_POINT('',(14.2579711228609,20.,35.4202896356583));
#11752=CARTESIAN_POINT('',(14.2579711228609,19.,35.4202896356583));
#11753=CARTESIAN_POINT('Origin',(11.1101496964693,20.,35.4202896356583));
#11754=CARTESIAN_POINT('',(5.55507484823464,20.,35.4202896356583));
#11755=CARTESIAN_POINT('',(11.1101496964693,19.,35.4202896356583));
#11756=CARTESIAN_POINT('Origin',(-1.71363353729248E-6,19.,40.6927534937859));
#11757=CARTESIAN_POINT('Ctrl Pts',(29.388414695859,20.,40.4695647954941));
#11758=CARTESIAN_POINT('Ctrl Pts',(29.388414695859,19.,40.4695647954941));
#11759=CARTESIAN_POINT('Ctrl Pts',(29.3758475722658,20.,40.2086564483916));
#11760=CARTESIAN_POINT('Ctrl Pts',(29.3758475722658,19.,40.2086564483916));
#11761=CARTESIAN_POINT('Ctrl Pts',(29.3530877988933,20.,39.7361366385053));
#11762=CARTESIAN_POINT('Ctrl Pts',(29.3530877988933,19.,39.7361366385053));
#11763=CARTESIAN_POINT('Ctrl Pts',(29.1212310697859,20.,39.325794667037));
#11764=CARTESIAN_POINT('Ctrl Pts',(29.1212310697859,19.,39.325794667037));
#11765=CARTESIAN_POINT('Ctrl Pts',(29.0173972398043,20.,39.1420286893845));
#11766=CARTESIAN_POINT('Ctrl Pts',(29.0173972398043,19.,39.1420286893845));
#11767=CARTESIAN_POINT('',(29.388414695859,20.,40.4695647954941));
#11768=CARTESIAN_POINT('',(29.0173972398043,20.,39.1420286893845));
#11769=CARTESIAN_POINT('Ctrl Pts',(29.388414695859,20.,40.4695647954941));
#11770=CARTESIAN_POINT('Ctrl Pts',(29.3758475722658,20.,40.2086564483916));
#11771=CARTESIAN_POINT('Ctrl Pts',(29.3530877988933,20.,39.7361366385053));
#11772=CARTESIAN_POINT('Ctrl Pts',(29.1212310697859,20.,39.325794667037));
#11773=CARTESIAN_POINT('Ctrl Pts',(29.0173972398043,20.,39.1420286893845));
#11774=CARTESIAN_POINT('',(29.388414695859,19.,40.4695647954941));
#11775=CARTESIAN_POINT('',(29.388414695859,20.,40.4695647954941));
#11776=CARTESIAN_POINT('',(29.0173972398043,19.,39.1420286893845));
#11777=CARTESIAN_POINT('Ctrl Pts',(29.388414695859,19.,40.4695647954941));
#11778=CARTESIAN_POINT('Ctrl Pts',(29.3758475722658,19.,40.2086564483916));
#11779=CARTESIAN_POINT('Ctrl Pts',(29.3530877988933,19.,39.7361366385053));
#11780=CARTESIAN_POINT('Ctrl Pts',(29.1212310697859,19.,39.325794667037));
#11781=CARTESIAN_POINT('Ctrl Pts',(29.0173972398043,19.,39.1420286893845));
#11782=CARTESIAN_POINT('',(29.0173972398043,20.,39.1420286893845));
#11783=CARTESIAN_POINT('Origin',(26.5536273270845,20.,40.4695647954941));
#11784=CARTESIAN_POINT('',(26.5536273270845,20.,40.4695647954941));
#11785=CARTESIAN_POINT('',(13.2768136635423,20.,40.4695647954941));
#11786=CARTESIAN_POINT('',(26.5536273270845,19.,40.4695647954941));
#11787=CARTESIAN_POINT('',(26.5536273270845,20.,40.4695647954941));
#11788=CARTESIAN_POINT('',(26.5536273270845,19.,40.4695647954941));
#11789=CARTESIAN_POINT('Ctrl Pts',(27.0116008073092,20.,39.1130441427231));
#11790=CARTESIAN_POINT('Ctrl Pts',(27.0116008073092,19.,39.1130441427231));
#11791=CARTESIAN_POINT('Ctrl Pts',(26.8919741025996,20.,39.2932188402755));
#11792=CARTESIAN_POINT('Ctrl Pts',(26.8919741025996,19.,39.2932188402755));
#11793=CARTESIAN_POINT('Ctrl Pts',(26.6202465201812,20.,39.702478922276));
#11794=CARTESIAN_POINT('Ctrl Pts',(26.6202465201812,19.,39.702478922276));
#11795=CARTESIAN_POINT('Ctrl Pts',(26.5775352018394,20.,40.1942778679491));
#11796=CARTESIAN_POINT('Ctrl Pts',(26.5775352018394,19.,40.1942778679491));
#11797=CARTESIAN_POINT('Ctrl Pts',(26.5536273270845,20.,40.4695647954941));
#11798=CARTESIAN_POINT('Ctrl Pts',(26.5536273270845,19.,40.4695647954941));
#11799=CARTESIAN_POINT('',(27.0116008073092,20.,39.1130441427231));
#11800=CARTESIAN_POINT('Ctrl Pts',(27.0116008073092,20.,39.1130441427231));
#11801=CARTESIAN_POINT('Ctrl Pts',(26.8919741025996,20.,39.2932188402755));
#11802=CARTESIAN_POINT('Ctrl Pts',(26.6202465201812,20.,39.702478922276));
#11803=CARTESIAN_POINT('Ctrl Pts',(26.5775352018394,20.,40.1942778679491));
#11804=CARTESIAN_POINT('Ctrl Pts',(26.5536273270845,20.,40.4695647954941));
#11805=CARTESIAN_POINT('',(27.0116008073092,19.,39.1130441427231));
#11806=CARTESIAN_POINT('',(27.0116008073092,20.,39.1130441427231));
#11807=CARTESIAN_POINT('Ctrl Pts',(27.0116008073092,19.,39.1130441427231));
#11808=CARTESIAN_POINT('Ctrl Pts',(26.8919741025996,19.,39.2932188402755));
#11809=CARTESIAN_POINT('Ctrl Pts',(26.6202465201812,19.,39.702478922276));
#11810=CARTESIAN_POINT('Ctrl Pts',(26.5775352018394,19.,40.1942778679491));
#11811=CARTESIAN_POINT('Ctrl Pts',(26.5536273270845,19.,40.4695647954941));
#11812=CARTESIAN_POINT('Ctrl Pts',(28.0202925950289,20.,38.6782616376877));
#11813=CARTESIAN_POINT('Ctrl Pts',(28.0202925950289,19.,38.6782616376877));
#11814=CARTESIAN_POINT('Ctrl Pts',(27.8266685527959,20.,38.6957545118543));
#11815=CARTESIAN_POINT('Ctrl Pts',(27.8266685527959,19.,38.6957545118543));
#11816=CARTESIAN_POINT('Ctrl Pts',(27.442678706686,20.,38.7304458961564));
#11817=CARTESIAN_POINT('Ctrl Pts',(27.442678706686,19.,38.7304458961564));
#11818=CARTESIAN_POINT('Ctrl Pts',(27.1544782924533,20.,38.9862348691114));
#11819=CARTESIAN_POINT('Ctrl Pts',(27.1544782924533,19.,38.9862348691114));
#11820=CARTESIAN_POINT('Ctrl Pts',(27.0116008073092,20.,39.1130441427231));
#11821=CARTESIAN_POINT('Ctrl Pts',(27.0116008073092,19.,39.1130441427231));
#11822=CARTESIAN_POINT('',(28.0202925950289,20.,38.6782616376877));
#11823=CARTESIAN_POINT('Ctrl Pts',(28.0202925950289,20.,38.6782616376877));
#11824=CARTESIAN_POINT('Ctrl Pts',(27.8266685527959,20.,38.6957545118543));
#11825=CARTESIAN_POINT('Ctrl Pts',(27.442678706686,20.,38.7304458961564));
#11826=CARTESIAN_POINT('Ctrl Pts',(27.1544782924533,20.,38.9862348691114));
#11827=CARTESIAN_POINT('Ctrl Pts',(27.0116008073092,20.,39.1130441427231));
#11828=CARTESIAN_POINT('',(28.0202925950289,19.,38.6782616376877));
#11829=CARTESIAN_POINT('',(28.0202925950289,20.,38.6782616376877));
#11830=CARTESIAN_POINT('Ctrl Pts',(28.0202925950289,19.,38.6782616376877));
#11831=CARTESIAN_POINT('Ctrl Pts',(27.8266685527959,19.,38.6957545118543));
#11832=CARTESIAN_POINT('Ctrl Pts',(27.442678706686,19.,38.7304458961564));
#11833=CARTESIAN_POINT('Ctrl Pts',(27.1544782924533,19.,38.9862348691114));
#11834=CARTESIAN_POINT('Ctrl Pts',(27.0116008073092,19.,39.1130441427231));
#11835=CARTESIAN_POINT('Ctrl Pts',(29.0173972398043,20.,39.1420286893845));
#11836=CARTESIAN_POINT('Ctrl Pts',(29.0173972398043,19.,39.1420286893845));
#11837=CARTESIAN_POINT('Ctrl Pts',(28.8854999129628,20.,39.0068047585079));
#11838=CARTESIAN_POINT('Ctrl Pts',(28.8854999129628,19.,39.0068047585079));
#11839=CARTESIAN_POINT('Ctrl Pts',(28.6126200585619,20.,38.7270425567049));
#11840=CARTESIAN_POINT('Ctrl Pts',(28.6126200585619,19.,38.7270425567049));
#11841=CARTESIAN_POINT('Ctrl Pts',(28.2220693850724,20.,38.6948788939533));
#11842=CARTESIAN_POINT('Ctrl Pts',(28.2220693850724,19.,38.6948788939533));
#11843=CARTESIAN_POINT('Ctrl Pts',(28.0202925950289,20.,38.6782616376877));
#11844=CARTESIAN_POINT('Ctrl Pts',(28.0202925950289,19.,38.6782616376877));
#11845=CARTESIAN_POINT('Ctrl Pts',(29.0173972398043,20.,39.1420286893845));
#11846=CARTESIAN_POINT('Ctrl Pts',(28.8854999129628,20.,39.0068047585079));
#11847=CARTESIAN_POINT('Ctrl Pts',(28.6126200585619,20.,38.7270425567049));
#11848=CARTESIAN_POINT('Ctrl Pts',(28.2220693850724,20.,38.6948788939533));
#11849=CARTESIAN_POINT('Ctrl Pts',(28.0202925950289,20.,38.6782616376877));
#11850=CARTESIAN_POINT('Ctrl Pts',(29.0173972398043,19.,39.1420286893845));
#11851=CARTESIAN_POINT('Ctrl Pts',(28.8854999129628,19.,39.0068047585079));
#11852=CARTESIAN_POINT('Ctrl Pts',(28.6126200585619,19.,38.7270425567049));
#11853=CARTESIAN_POINT('Ctrl Pts',(28.2220693850724,19.,38.6948788939533));
#11854=CARTESIAN_POINT('Ctrl Pts',(28.0202925950289,19.,38.6782616376877));
#11855=CARTESIAN_POINT('Ctrl Pts',(30.6347907334566,20.,41.0898548364639));
#11856=CARTESIAN_POINT('Ctrl Pts',(30.6347907334566,19.,41.0898548364639));
#11857=CARTESIAN_POINT('Ctrl Pts',(30.6327553873545,20.,41.1372232112152));
#11858=CARTESIAN_POINT('Ctrl Pts',(30.6327553873545,19.,41.1372232112152));
#11859=CARTESIAN_POINT('Ctrl Pts',(30.6289303416645,20.,41.2262430577623));
#11860=CARTESIAN_POINT('Ctrl Pts',(30.6289303416645,19.,41.2262430577623));
#11861=CARTESIAN_POINT('Ctrl Pts',(30.6210723755528,20.,41.3149958984251));
#11862=CARTESIAN_POINT('Ctrl Pts',(30.6210723755528,19.,41.3149958984251));
#11863=CARTESIAN_POINT('Ctrl Pts',(30.6173957139254,20.,41.3565224409103));
#11864=CARTESIAN_POINT('Ctrl Pts',(30.6173957139254,19.,41.3565224409103));
#11865=CARTESIAN_POINT('',(30.6347907334566,20.,41.0898548364639));
#11866=CARTESIAN_POINT('',(30.6173957139254,20.,41.3565224409103));
#11867=CARTESIAN_POINT('Ctrl Pts',(30.6347907334566,20.,41.0898548364639));
#11868=CARTESIAN_POINT('Ctrl Pts',(30.6327553873545,20.,41.1372232112152));
#11869=CARTESIAN_POINT('Ctrl Pts',(30.6289303416645,20.,41.2262430577623));
#11870=CARTESIAN_POINT('Ctrl Pts',(30.6210723755528,20.,41.3149958984251));
#11871=CARTESIAN_POINT('Ctrl Pts',(30.6173957139254,20.,41.3565224409103));
#11872=CARTESIAN_POINT('',(30.6347907334566,19.,41.0898548364639));
#11873=CARTESIAN_POINT('',(30.6347907334566,20.,41.0898548364639));
#11874=CARTESIAN_POINT('',(30.6173957139254,19.,41.3565224409103));
#11875=CARTESIAN_POINT('Ctrl Pts',(30.6347907334566,19.,41.0898548364639));
#11876=CARTESIAN_POINT('Ctrl Pts',(30.6327553873545,19.,41.1372232112152));
#11877=CARTESIAN_POINT('Ctrl Pts',(30.6289303416645,19.,41.2262430577623));
#11878=CARTESIAN_POINT('Ctrl Pts',(30.6210723755528,19.,41.3149958984251));
#11879=CARTESIAN_POINT('Ctrl Pts',(30.6173957139254,19.,41.3565224409103));
#11880=CARTESIAN_POINT('',(30.6173957139254,20.,41.3565224409103));
#11881=CARTESIAN_POINT('Ctrl Pts',(30.6463778764009,20.,40.7768124341965));
#11882=CARTESIAN_POINT('Ctrl Pts',(30.6463778764009,19.,40.7768124341965));
#11883=CARTESIAN_POINT('Ctrl Pts',(30.6458925763065,20.,40.8290041678998));
#11884=CARTESIAN_POINT('Ctrl Pts',(30.6458925763065,19.,40.8290041678998));
#11885=CARTESIAN_POINT('Ctrl Pts',(30.6449213161407,20.,40.9334586127078));
#11886=CARTESIAN_POINT('Ctrl Pts',(30.6449213161407,19.,40.9334586127078));
#11887=CARTESIAN_POINT('Ctrl Pts',(30.6381691237359,20.,41.0376991511949));
#11888=CARTESIAN_POINT('Ctrl Pts',(30.6381691237359,19.,41.0376991511949));
#11889=CARTESIAN_POINT('Ctrl Pts',(30.6347907334566,20.,41.0898548364639));
#11890=CARTESIAN_POINT('Ctrl Pts',(30.6347907334566,19.,41.0898548364639));
#11891=CARTESIAN_POINT('',(30.6463778764009,20.,40.7768124341965));
#11892=CARTESIAN_POINT('Ctrl Pts',(30.6463778764009,20.,40.7768124341965));
#11893=CARTESIAN_POINT('Ctrl Pts',(30.6458925763065,20.,40.8290041678998));
#11894=CARTESIAN_POINT('Ctrl Pts',(30.6449213161407,20.,40.9334586127078));
#11895=CARTESIAN_POINT('Ctrl Pts',(30.6381691237359,20.,41.0376991511949));
#11896=CARTESIAN_POINT('Ctrl Pts',(30.6347907334566,20.,41.0898548364639));
#11897=CARTESIAN_POINT('',(30.6463778764009,19.,40.7768124341965));
#11898=CARTESIAN_POINT('',(30.6463778764009,20.,40.7768124341965));
#11899=CARTESIAN_POINT('Ctrl Pts',(30.6463778764009,19.,40.7768124341965));
#11900=CARTESIAN_POINT('Ctrl Pts',(30.6458925763065,19.,40.8290041678998));
#11901=CARTESIAN_POINT('Ctrl Pts',(30.6449213161407,19.,40.9334586127078));
#11902=CARTESIAN_POINT('Ctrl Pts',(30.6381691237359,19.,41.0376991511949));
#11903=CARTESIAN_POINT('Ctrl Pts',(30.6347907334566,19.,41.0898548364639));
#11904=CARTESIAN_POINT('Ctrl Pts',(29.9333346635103,20.,38.5333341360092));
#11905=CARTESIAN_POINT('Ctrl Pts',(29.9333346635103,19.,38.5333341360092));
#11906=CARTESIAN_POINT('Ctrl Pts',(30.1409962342348,20.,38.8467291234995));
#11907=CARTESIAN_POINT('Ctrl Pts',(30.1409962342348,19.,38.8467291234995));
#11908=CARTESIAN_POINT('Ctrl Pts',(30.5898998908466,20.,39.524197541741));
#11909=CARTESIAN_POINT('Ctrl Pts',(30.5898998908466,19.,39.524197541741));
#11910=CARTESIAN_POINT('Ctrl Pts',(30.6266358622106,20.,40.3389579190396));
#11911=CARTESIAN_POINT('Ctrl Pts',(30.6266358622106,19.,40.3389579190396));
#11912=CARTESIAN_POINT('Ctrl Pts',(30.6463778764009,20.,40.7768124341965));
#11913=CARTESIAN_POINT('Ctrl Pts',(30.6463778764009,19.,40.7768124341965));
#11914=CARTESIAN_POINT('',(29.9333346635103,20.,38.5333341360092));
#11915=CARTESIAN_POINT('Ctrl Pts',(29.9333346635103,20.,38.5333341360092));
#11916=CARTESIAN_POINT('Ctrl Pts',(30.1409962342348,20.,38.8467291234995));
#11917=CARTESIAN_POINT('Ctrl Pts',(30.5898998908466,20.,39.524197541741));
#11918=CARTESIAN_POINT('Ctrl Pts',(30.6266358622106,20.,40.3389579190396));
#11919=CARTESIAN_POINT('Ctrl Pts',(30.6463778764009,20.,40.7768124341965));
#11920=CARTESIAN_POINT('',(29.9333346635103,19.,38.5333341360092));
#11921=CARTESIAN_POINT('',(29.9333346635103,20.,38.5333341360092));
#11922=CARTESIAN_POINT('Ctrl Pts',(29.9333346635103,19.,38.5333341360092));
#11923=CARTESIAN_POINT('Ctrl Pts',(30.1409962342348,19.,38.8467291234995));
#11924=CARTESIAN_POINT('Ctrl Pts',(30.5898998908466,19.,39.524197541741));
#11925=CARTESIAN_POINT('Ctrl Pts',(30.6266358622106,19.,40.3389579190396));
#11926=CARTESIAN_POINT('Ctrl Pts',(30.6463778764009,19.,40.7768124341965));
#11927=CARTESIAN_POINT('Ctrl Pts',(28.0087054520845,20.,37.7159422636032));
#11928=CARTESIAN_POINT('Ctrl Pts',(28.0087054520845,19.,37.7159422636032));
#11929=CARTESIAN_POINT('Ctrl Pts',(28.3888892475452,20.,37.7451083038559));
#11930=CARTESIAN_POINT('Ctrl Pts',(28.3888892475452,19.,37.7451083038559));
#11931=CARTESIAN_POINT('Ctrl Pts',(29.1241798135242,20.,37.8015165845369));
#11932=CARTESIAN_POINT('Ctrl Pts',(29.1241798135242,19.,37.8015165845369));
#11933=CARTESIAN_POINT('Ctrl Pts',(29.669819377834,20.,38.2950050805231));
#11934=CARTESIAN_POINT('Ctrl Pts',(29.669819377834,19.,38.2950050805231));
#11935=CARTESIAN_POINT('Ctrl Pts',(29.9333346635103,20.,38.5333341360092));
#11936=CARTESIAN_POINT('Ctrl Pts',(29.9333346635103,19.,38.5333341360092));
#11937=CARTESIAN_POINT('',(28.0087054520845,20.,37.7159422636032));
#11938=CARTESIAN_POINT('Ctrl Pts',(28.0087054520845,20.,37.7159422636032));
#11939=CARTESIAN_POINT('Ctrl Pts',(28.3888892475452,20.,37.7451083038559));
#11940=CARTESIAN_POINT('Ctrl Pts',(29.1241798135242,20.,37.8015165845369));
#11941=CARTESIAN_POINT('Ctrl Pts',(29.669819377834,20.,38.2950050805231));
#11942=CARTESIAN_POINT('Ctrl Pts',(29.9333346635103,20.,38.5333341360092));
#11943=CARTESIAN_POINT('',(28.0087054520845,19.,37.7159422636032));
#11944=CARTESIAN_POINT('',(28.0087054520845,20.,37.7159422636032));
#11945=CARTESIAN_POINT('Ctrl Pts',(28.0087054520845,19.,37.7159422636032));
#11946=CARTESIAN_POINT('Ctrl Pts',(28.3888892475452,19.,37.7451083038559));
#11947=CARTESIAN_POINT('Ctrl Pts',(29.1241798135242,19.,37.8015165845369));
#11948=CARTESIAN_POINT('Ctrl Pts',(29.669819377834,19.,38.2950050805231));
#11949=CARTESIAN_POINT('Ctrl Pts',(29.9333346635103,19.,38.5333341360092));
#11950=CARTESIAN_POINT('Ctrl Pts',(26.5130484849215,20.,38.1449276208878));
#11951=CARTESIAN_POINT('Ctrl Pts',(26.5130484849215,19.,38.1449276208878));
#11952=CARTESIAN_POINT('Ctrl Pts',(26.7368131527206,20.,38.0198519991395));
#11953=CARTESIAN_POINT('Ctrl Pts',(26.7368131527206,19.,38.0198519991395));
#11954=CARTESIAN_POINT('Ctrl Pts',(27.2012170019577,20.,37.7602685682211));
#11955=CARTESIAN_POINT('Ctrl Pts',(27.2012170019577,19.,37.7602685682211));
#11956=CARTESIAN_POINT('Ctrl Pts',(27.7331004872739,20.,37.7310713340221));
#11957=CARTESIAN_POINT('Ctrl Pts',(27.7331004872739,19.,37.7310713340221));
#11958=CARTESIAN_POINT('Ctrl Pts',(28.0087054520845,20.,37.7159422636032));
#11959=CARTESIAN_POINT('Ctrl Pts',(28.0087054520845,19.,37.7159422636032));
#11960=CARTESIAN_POINT('',(26.5130484849215,20.,38.1449276208878));
#11961=CARTESIAN_POINT('Ctrl Pts',(26.5130484849215,20.,38.1449276208878));
#11962=CARTESIAN_POINT('Ctrl Pts',(26.7368131527206,20.,38.0198519991395));
#11963=CARTESIAN_POINT('Ctrl Pts',(27.2012170019577,20.,37.7602685682211));
#11964=CARTESIAN_POINT('Ctrl Pts',(27.7331004872739,20.,37.7310713340221));
#11965=CARTESIAN_POINT('Ctrl Pts',(28.0087054520845,20.,37.7159422636032));
#11966=CARTESIAN_POINT('',(26.5130484849215,19.,38.1449276208878));
#11967=CARTESIAN_POINT('',(26.5130484849215,20.,38.1449276208878));
#11968=CARTESIAN_POINT('Ctrl Pts',(26.5130484849215,19.,38.1449276208878));
#11969=CARTESIAN_POINT('Ctrl Pts',(26.7368131527206,19.,38.0198519991395));
#11970=CARTESIAN_POINT('Ctrl Pts',(27.2012170019577,19.,37.7602685682211));
#11971=CARTESIAN_POINT('Ctrl Pts',(27.7331004872739,19.,37.7310713340221));
#11972=CARTESIAN_POINT('Ctrl Pts',(28.0087054520845,19.,37.7159422636032));
#11973=CARTESIAN_POINT('Ctrl Pts',(25.5507338792086,20.,39.2985504865646));
#11974=CARTESIAN_POINT('Ctrl Pts',(25.5507338792086,19.,39.2985504865646));
#11975=CARTESIAN_POINT('Ctrl Pts',(25.6731224148875,20.,39.0690767425621));
#11976=CARTESIAN_POINT('Ctrl Pts',(25.6731224148875,19.,39.0690767425621));
#11977=CARTESIAN_POINT('Ctrl Pts',(25.9139486654394,20.,38.6175368898979));
#11978=CARTESIAN_POINT('Ctrl Pts',(25.9139486654394,19.,38.6175368898979));
#11979=CARTESIAN_POINT('Ctrl Pts',(26.3155446425409,20.,38.3007316180494));
#11980=CARTESIAN_POINT('Ctrl Pts',(26.3155446425409,19.,38.3007316180494));
#11981=CARTESIAN_POINT('Ctrl Pts',(26.5130484849215,20.,38.1449276208878));
#11982=CARTESIAN_POINT('Ctrl Pts',(26.5130484849215,19.,38.1449276208878));
#11983=CARTESIAN_POINT('',(25.5507338792086,20.,39.2985504865646));
#11984=CARTESIAN_POINT('Ctrl Pts',(25.5507338792086,20.,39.2985504865646));
#11985=CARTESIAN_POINT('Ctrl Pts',(25.6731224148875,20.,39.0690767425621));
#11986=CARTESIAN_POINT('Ctrl Pts',(25.9139486654394,20.,38.6175368898979));
#11987=CARTESIAN_POINT('Ctrl Pts',(26.3155446425409,20.,38.3007316180494));
#11988=CARTESIAN_POINT('Ctrl Pts',(26.5130484849215,20.,38.1449276208878));
#11989=CARTESIAN_POINT('',(25.5507338792086,19.,39.2985504865646));
#11990=CARTESIAN_POINT('',(25.5507338792086,20.,39.2985504865646));
#11991=CARTESIAN_POINT('Ctrl Pts',(25.5507338792086,19.,39.2985504865646));
#11992=CARTESIAN_POINT('Ctrl Pts',(25.6731224148875,19.,39.0690767425621));
#11993=CARTESIAN_POINT('Ctrl Pts',(25.9139486654394,19.,38.6175368898979));
#11994=CARTESIAN_POINT('Ctrl Pts',(26.3155446425409,19.,38.3007316180494));
#11995=CARTESIAN_POINT('Ctrl Pts',(26.5130484849215,19.,38.1449276208878));
#11996=CARTESIAN_POINT('Ctrl Pts',(25.2144969254732,20.,40.9449273347855));
#11997=CARTESIAN_POINT('Ctrl Pts',(25.2144969254732,19.,40.9449273347855));
#11998=CARTESIAN_POINT('Ctrl Pts',(25.226312930447,20.,40.6507285447681));
#11999=CARTESIAN_POINT('Ctrl Pts',(25.226312930447,19.,40.6507285447681));
#12000=CARTESIAN_POINT('Ctrl Pts',(25.2491018642157,20.,40.0833221535694));
#12001=CARTESIAN_POINT('Ctrl Pts',(25.2491018642157,19.,40.0833221535694));
#12002=CARTESIAN_POINT('Ctrl Pts',(25.4527005844946,20.,39.5536087969913));
#12003=CARTESIAN_POINT('Ctrl Pts',(25.4527005844946,19.,39.5536087969913));
#12004=CARTESIAN_POINT('Ctrl Pts',(25.5507338792086,20.,39.2985504865646));
#12005=CARTESIAN_POINT('Ctrl Pts',(25.5507338792086,19.,39.2985504865646));
#12006=CARTESIAN_POINT('',(25.2144969254732,20.,40.9449273347855));
#12007=CARTESIAN_POINT('Ctrl Pts',(25.2144969254732,20.,40.9449273347855));
#12008=CARTESIAN_POINT('Ctrl Pts',(25.226312930447,20.,40.6507285447681));
#12009=CARTESIAN_POINT('Ctrl Pts',(25.2491018642157,20.,40.0833221535694));
#12010=CARTESIAN_POINT('Ctrl Pts',(25.4527005844946,20.,39.5536087969913));
#12011=CARTESIAN_POINT('Ctrl Pts',(25.5507338792086,20.,39.2985504865646));
#12012=CARTESIAN_POINT('',(25.2144969254732,19.,40.9449273347855));
#12013=CARTESIAN_POINT('',(25.2144969254732,20.,40.9449273347855));
#12014=CARTESIAN_POINT('Ctrl Pts',(25.2144969254732,19.,40.9449273347855));
#12015=CARTESIAN_POINT('Ctrl Pts',(25.226312930447,19.,40.6507285447681));
#12016=CARTESIAN_POINT('Ctrl Pts',(25.2491018642157,19.,40.0833221535694));
#12017=CARTESIAN_POINT('Ctrl Pts',(25.4527005844946,19.,39.5536087969913));
#12018=CARTESIAN_POINT('Ctrl Pts',(25.5507338792086,19.,39.2985504865646));
#12019=CARTESIAN_POINT('Ctrl Pts',(25.5507338792086,20.,42.6202899217606));
#12020=CARTESIAN_POINT('Ctrl Pts',(25.5507338792086,19.,42.6202899217606));
#12021=CARTESIAN_POINT('Ctrl Pts',(25.4527178158786,20.,42.3627760439049));
#12022=CARTESIAN_POINT('Ctrl Pts',(25.4527178158786,19.,42.3627760439049));
#12023=CARTESIAN_POINT('Ctrl Pts',(25.2474568201891,20.,41.8235016313573));
#12024=CARTESIAN_POINT('Ctrl Pts',(25.2474568201891,19.,41.8235016313573));
#12025=CARTESIAN_POINT('Ctrl Pts',(25.2258080122787,20.,41.2464340665037));
#12026=CARTESIAN_POINT('Ctrl Pts',(25.2258080122787,19.,41.2464340665037));
#12027=CARTESIAN_POINT('Ctrl Pts',(25.2144969254732,20.,40.9449273347855));
#12028=CARTESIAN_POINT('Ctrl Pts',(25.2144969254732,19.,40.9449273347855));
#12029=CARTESIAN_POINT('',(25.5507338792086,20.,42.6202899217606));
#12030=CARTESIAN_POINT('Ctrl Pts',(25.5507338792086,20.,42.6202899217606));
#12031=CARTESIAN_POINT('Ctrl Pts',(25.4527178158786,20.,42.3627760439049));
#12032=CARTESIAN_POINT('Ctrl Pts',(25.2474568201891,20.,41.8235016313573));
#12033=CARTESIAN_POINT('Ctrl Pts',(25.2258080122787,20.,41.2464340665037));
#12034=CARTESIAN_POINT('Ctrl Pts',(25.2144969254732,20.,40.9449273347855));
#12035=CARTESIAN_POINT('',(25.5507338792086,19.,42.6202899217606));
#12036=CARTESIAN_POINT('',(25.5507338792086,20.,42.6202899217606));
#12037=CARTESIAN_POINT('Ctrl Pts',(25.5507338792086,19.,42.6202899217606));
#12038=CARTESIAN_POINT('Ctrl Pts',(25.4527178158786,19.,42.3627760439049));
#12039=CARTESIAN_POINT('Ctrl Pts',(25.2474568201891,19.,41.8235016313573));
#12040=CARTESIAN_POINT('Ctrl Pts',(25.2258080122787,19.,41.2464340665037));
#12041=CARTESIAN_POINT('Ctrl Pts',(25.2144969254732,19.,40.9449273347855));
#12042=CARTESIAN_POINT('Ctrl Pts',(26.5478289872408,20.,43.7507253885269));
#12043=CARTESIAN_POINT('Ctrl Pts',(26.5478289872408,19.,43.7507253885269));
#12044=CARTESIAN_POINT('Ctrl Pts',(26.3419370565131,20.,43.6009418381981));
#12045=CARTESIAN_POINT('Ctrl Pts',(26.3419370565131,19.,43.6009418381981));
#12046=CARTESIAN_POINT('Ctrl Pts',(25.9258261672836,20.,43.2982268842948));
#12047=CARTESIAN_POINT('Ctrl Pts',(25.9258261672836,19.,43.2982268842948));
#12048=CARTESIAN_POINT('Ctrl Pts',(25.676628422518,20.,42.8478300952172));
#12049=CARTESIAN_POINT('Ctrl Pts',(25.676628422518,19.,42.8478300952172));
#12050=CARTESIAN_POINT('Ctrl Pts',(25.5507338792086,20.,42.6202899217606));
#12051=CARTESIAN_POINT('Ctrl Pts',(25.5507338792086,19.,42.6202899217606));
#12052=CARTESIAN_POINT('',(26.5478289872408,20.,43.7507253885269));
#12053=CARTESIAN_POINT('Ctrl Pts',(26.5478289872408,20.,43.7507253885269));
#12054=CARTESIAN_POINT('Ctrl Pts',(26.3419370565131,20.,43.6009418381981));
#12055=CARTESIAN_POINT('Ctrl Pts',(25.9258261672836,20.,43.2982268842948));
#12056=CARTESIAN_POINT('Ctrl Pts',(25.676628422518,20.,42.8478300952172));
#12057=CARTESIAN_POINT('Ctrl Pts',(25.5507338792086,20.,42.6202899217606));
#12058=CARTESIAN_POINT('',(26.5478289872408,19.,43.7507253885269));
#12059=CARTESIAN_POINT('',(26.5478289872408,20.,43.7507253885269));
#12060=CARTESIAN_POINT('Ctrl Pts',(26.5478289872408,19.,43.7507253885269));
#12061=CARTESIAN_POINT('Ctrl Pts',(26.3419370565131,19.,43.6009418381981));
#12062=CARTESIAN_POINT('Ctrl Pts',(25.9258261672836,19.,43.2982268842948));
#12063=CARTESIAN_POINT('Ctrl Pts',(25.676628422518,19.,42.8478300952172));
#12064=CARTESIAN_POINT('Ctrl Pts',(25.5507338792086,19.,42.6202899217606));
#12065=CARTESIAN_POINT('Ctrl Pts',(28.1652224808931,20.,44.156522154808));
#12066=CARTESIAN_POINT('Ctrl Pts',(28.1652224808931,19.,44.156522154808));
#12067=CARTESIAN_POINT('Ctrl Pts',(27.8655846060234,20.,44.1436815197496));
#12068=CARTESIAN_POINT('Ctrl Pts',(27.8655846060234,19.,44.1436815197496));
#12069=CARTESIAN_POINT('Ctrl Pts',(27.2977069676643,20.,44.1193457794325));
#12070=CARTESIAN_POINT('Ctrl Pts',(27.2977069676643,19.,44.1193457794325));
#12071=CARTESIAN_POINT('Ctrl Pts',(26.7884017724382,20.,43.8689846739518));
#12072=CARTESIAN_POINT('Ctrl Pts',(26.7884017724382,19.,43.8689846739518));
#12073=CARTESIAN_POINT('Ctrl Pts',(26.5478289872408,20.,43.7507253885269));
#12074=CARTESIAN_POINT('Ctrl Pts',(26.5478289872408,19.,43.7507253885269));
#12075=CARTESIAN_POINT('',(28.1652224808931,20.,44.156522154808));
#12076=CARTESIAN_POINT('Ctrl Pts',(28.1652224808931,20.,44.156522154808));
#12077=CARTESIAN_POINT('Ctrl Pts',(27.8655846060234,20.,44.1436815197496));
#12078=CARTESIAN_POINT('Ctrl Pts',(27.2977069676643,20.,44.1193457794325));
#12079=CARTESIAN_POINT('Ctrl Pts',(26.7884017724382,20.,43.8689846739518));
#12080=CARTESIAN_POINT('Ctrl Pts',(26.5478289872408,20.,43.7507253885269));
#12081=CARTESIAN_POINT('',(28.1652224808931,19.,44.156522154808));
#12082=CARTESIAN_POINT('',(28.1652224808931,20.,44.156522154808));
#12083=CARTESIAN_POINT('Ctrl Pts',(28.1652224808931,19.,44.156522154808));
#12084=CARTESIAN_POINT('Ctrl Pts',(27.8655846060234,19.,44.1436815197496));
#12085=CARTESIAN_POINT('Ctrl Pts',(27.2977069676643,19.,44.1193457794325));
#12086=CARTESIAN_POINT('Ctrl Pts',(26.7884017724382,19.,43.8689846739518));
#12087=CARTESIAN_POINT('Ctrl Pts',(26.5478289872408,19.,43.7507253885269));
#12088=CARTESIAN_POINT('Ctrl Pts',(29.3942130357027,20.,43.9478260278702));
#12089=CARTESIAN_POINT('Ctrl Pts',(29.3942130357027,19.,43.9478260278702));
#12090=CARTESIAN_POINT('Ctrl Pts',(29.1976342151355,20.,44.0086900856488));
#12091=CARTESIAN_POINT('Ctrl Pts',(29.1976342151355,19.,44.0086900856488));
#12092=CARTESIAN_POINT('Ctrl Pts',(28.7972944766185,20.,44.132641897476));
#12093=CARTESIAN_POINT('Ctrl Pts',(28.7972944766185,19.,44.132641897476));
#12094=CARTESIAN_POINT('Ctrl Pts',(28.3784180281594,20.,44.1484674322999));
#12095=CARTESIAN_POINT('Ctrl Pts',(28.3784180281594,19.,44.1484674322999));
#12096=CARTESIAN_POINT('Ctrl Pts',(28.1652224808931,20.,44.156522154808));
#12097=CARTESIAN_POINT('Ctrl Pts',(28.1652224808931,19.,44.156522154808));
#12098=CARTESIAN_POINT('',(29.3942130357027,20.,43.9478260278702));
#12099=CARTESIAN_POINT('Ctrl Pts',(29.3942130357027,20.,43.9478260278702));
#12100=CARTESIAN_POINT('Ctrl Pts',(29.1976342151355,20.,44.0086900856488));
#12101=CARTESIAN_POINT('Ctrl Pts',(28.7972944766185,20.,44.132641897476));
#12102=CARTESIAN_POINT('Ctrl Pts',(28.3784180281594,20.,44.1484674322999));
#12103=CARTESIAN_POINT('Ctrl Pts',(28.1652224808931,20.,44.156522154808));
#12104=CARTESIAN_POINT('',(29.3942130357027,19.,43.9478260278702));
#12105=CARTESIAN_POINT('',(29.3942130357027,20.,43.9478260278702));
#12106=CARTESIAN_POINT('Ctrl Pts',(29.3942130357027,19.,43.9478260278702));
#12107=CARTESIAN_POINT('Ctrl Pts',(29.1976342151355,19.,44.0086900856488));
#12108=CARTESIAN_POINT('Ctrl Pts',(28.7972944766185,19.,44.132641897476));
#12109=CARTESIAN_POINT('Ctrl Pts',(28.3784180281594,19.,44.1484674322999));
#12110=CARTESIAN_POINT('Ctrl Pts',(28.1652224808931,19.,44.156522154808));
#12111=CARTESIAN_POINT('Ctrl Pts',(30.3971064835787,20.,43.3913046121597));
#12112=CARTESIAN_POINT('Ctrl Pts',(30.3971064835787,19.,43.3913046121597));
#12113=CARTESIAN_POINT('Ctrl Pts',(30.2457374500318,20.,43.5022893902458));
#12114=CARTESIAN_POINT('Ctrl Pts',(30.2457374500318,19.,43.5022893902458));
#12115=CARTESIAN_POINT('Ctrl Pts',(29.935033295993,20.,43.7300997341345));
#12116=CARTESIAN_POINT('Ctrl Pts',(29.935033295993,19.,43.7300997341345));
#12117=CARTESIAN_POINT('Ctrl Pts',(29.5775416765357,20.,43.8740206096288));
#12118=CARTESIAN_POINT('Ctrl Pts',(29.5775416765357,19.,43.8740206096288));
#12119=CARTESIAN_POINT('Ctrl Pts',(29.3942130357027,20.,43.9478260278702));
#12120=CARTESIAN_POINT('Ctrl Pts',(29.3942130357027,19.,43.9478260278702));
#12121=CARTESIAN_POINT('',(30.3971064835787,20.,43.3913046121597));
#12122=CARTESIAN_POINT('Ctrl Pts',(30.3971064835787,20.,43.3913046121597));
#12123=CARTESIAN_POINT('Ctrl Pts',(30.2457374500318,20.,43.5022893902458));
#12124=CARTESIAN_POINT('Ctrl Pts',(29.935033295993,20.,43.7300997341345));
#12125=CARTESIAN_POINT('Ctrl Pts',(29.5775416765357,20.,43.8740206096288));
#12126=CARTESIAN_POINT('Ctrl Pts',(29.3942130357027,20.,43.9478260278702));
#12127=CARTESIAN_POINT('',(30.3971064835787,19.,43.3913046121597));
#12128=CARTESIAN_POINT('',(30.3971064835787,20.,43.3913046121597));
#12129=CARTESIAN_POINT('Ctrl Pts',(30.3971064835787,19.,43.3913046121597));
#12130=CARTESIAN_POINT('Ctrl Pts',(30.2457374500318,19.,43.5022893902458));
#12131=CARTESIAN_POINT('Ctrl Pts',(29.935033295993,19.,43.7300997341345));
#12132=CARTESIAN_POINT('Ctrl Pts',(29.5775416765357,19.,43.8740206096288));
#12133=CARTESIAN_POINT('Ctrl Pts',(29.3942130357027,19.,43.9478260278702));
#12134=CARTESIAN_POINT('Origin',(29.8347914963961,20.,42.6144927740097));
#12135=CARTESIAN_POINT('',(29.8347914963961,20.,42.6144927740097));
#12136=CARTESIAN_POINT('',(14.5851139846203,20.,21.5477769845717));
#12137=CARTESIAN_POINT('',(29.8347914963961,19.,42.6144927740097));
#12138=CARTESIAN_POINT('',(29.8347914963961,20.,42.6144927740097));
#12139=CARTESIAN_POINT('',(29.8347914963961,19.,42.6144927740097));
#12140=CARTESIAN_POINT('Ctrl Pts',(29.0579760819674,20.,43.008696436882));
#12141=CARTESIAN_POINT('Ctrl Pts',(29.0579760819674,19.,43.008696436882));
#12142=CARTESIAN_POINT('Ctrl Pts',(29.1892729871426,20.,42.9562784487983));
#12143=CARTESIAN_POINT('Ctrl Pts',(29.1892729871426,19.,42.9562784487983));
#12144=CARTESIAN_POINT('Ctrl Pts',(29.4599935998003,20.,42.8481979892522));
#12145=CARTESIAN_POINT('Ctrl Pts',(29.4599935998003,19.,42.8481979892522));
#12146=CARTESIAN_POINT('Ctrl Pts',(29.7073833872647,20.,42.6939380959782));
#12147=CARTESIAN_POINT('Ctrl Pts',(29.7073833872647,19.,42.6939380959782));
#12148=CARTESIAN_POINT('Ctrl Pts',(29.8347914963961,20.,42.6144927740097));
#12149=CARTESIAN_POINT('Ctrl Pts',(29.8347914963961,19.,42.6144927740097));
#12150=CARTESIAN_POINT('',(29.0579760819674,20.,43.008696436882));
#12151=CARTESIAN_POINT('Ctrl Pts',(29.0579760819674,20.,43.008696436882));
#12152=CARTESIAN_POINT('Ctrl Pts',(29.1892729871426,20.,42.9562784487983));
#12153=CARTESIAN_POINT('Ctrl Pts',(29.4599935998003,20.,42.8481979892522));
#12154=CARTESIAN_POINT('Ctrl Pts',(29.7073833872647,20.,42.6939380959782));
#12155=CARTESIAN_POINT('Ctrl Pts',(29.8347914963961,20.,42.6144927740097));
#12156=CARTESIAN_POINT('',(29.0579760819674,19.,43.008696436882));
#12157=CARTESIAN_POINT('',(29.0579760819674,20.,43.008696436882));
#12158=CARTESIAN_POINT('Ctrl Pts',(29.0579760819674,19.,43.008696436882));
#12159=CARTESIAN_POINT('Ctrl Pts',(29.1892729871426,19.,42.9562784487983));
#12160=CARTESIAN_POINT('Ctrl Pts',(29.4599935998003,19.,42.8481979892522));
#12161=CARTESIAN_POINT('Ctrl Pts',(29.7073833872647,19.,42.6939380959782));
#12162=CARTESIAN_POINT('Ctrl Pts',(29.8347914963961,19.,42.6144927740097));
#12163=CARTESIAN_POINT('Ctrl Pts',(28.2289946824312,20.,43.1478267908096));
#12164=CARTESIAN_POINT('Ctrl Pts',(28.2289946824312,19.,43.1478267908096));
#12165=CARTESIAN_POINT('Ctrl Pts',(28.3735531737776,20.,43.1425953554768));
#12166=CARTESIAN_POINT('Ctrl Pts',(28.3735531737776,19.,43.1425953554768));
#12167=CARTESIAN_POINT('Ctrl Pts',(28.6560251366758,20.,43.1323729618043));
#12168=CARTESIAN_POINT('Ctrl Pts',(28.6560251366758,19.,43.1323729618043));
#12169=CARTESIAN_POINT('Ctrl Pts',(28.9261103089983,20.,43.0492702948317));
#12170=CARTESIAN_POINT('Ctrl Pts',(28.9261103089983,19.,43.0492702948317));
#12171=CARTESIAN_POINT('Ctrl Pts',(29.0579760819674,20.,43.008696436882));
#12172=CARTESIAN_POINT('Ctrl Pts',(29.0579760819674,19.,43.008696436882));
#12173=CARTESIAN_POINT('',(28.2289946824312,20.,43.1478267908096));
#12174=CARTESIAN_POINT('Ctrl Pts',(28.2289946824312,20.,43.1478267908096));
#12175=CARTESIAN_POINT('Ctrl Pts',(28.3735531737776,20.,43.1425953554768));
#12176=CARTESIAN_POINT('Ctrl Pts',(28.6560251366758,20.,43.1323729618043));
#12177=CARTESIAN_POINT('Ctrl Pts',(28.9261103089983,20.,43.0492702948317));
#12178=CARTESIAN_POINT('Ctrl Pts',(29.0579760819674,20.,43.008696436882));
#12179=CARTESIAN_POINT('',(28.2289946824312,19.,43.1478267908096));
#12180=CARTESIAN_POINT('',(28.2289946824312,20.,43.1478267908096));
#12181=CARTESIAN_POINT('Ctrl Pts',(28.2289946824312,19.,43.1478267908096));
#12182=CARTESIAN_POINT('Ctrl Pts',(28.3735531737776,19.,43.1425953554768));
#12183=CARTESIAN_POINT('Ctrl Pts',(28.6560251366758,19.,43.1323729618043));
#12184=CARTESIAN_POINT('Ctrl Pts',(28.9261103089983,19.,43.0492702948317));
#12185=CARTESIAN_POINT('Ctrl Pts',(29.0579760819674,19.,43.008696436882));
#12186=CARTESIAN_POINT('Ctrl Pts',(27.0869601517916,20.,42.7246373891831));
#12187=CARTESIAN_POINT('Ctrl Pts',(27.0869601517916,19.,42.7246373891831));
#12188=CARTESIAN_POINT('Ctrl Pts',(27.2547777886636,20.,42.8480620682451));
#12189=CARTESIAN_POINT('Ctrl Pts',(27.2547777886636,19.,42.8480620682451));
#12190=CARTESIAN_POINT('Ctrl Pts',(27.5947671953142,20.,43.0981137563902));
#12191=CARTESIAN_POINT('Ctrl Pts',(27.5947671953142,19.,43.0981137563902));
#12192=CARTESIAN_POINT('Ctrl Pts',(28.015788227267,20.,43.131114901055));
#12193=CARTESIAN_POINT('Ctrl Pts',(28.015788227267,19.,43.131114901055));
#12194=CARTESIAN_POINT('Ctrl Pts',(28.2289946824312,20.,43.1478267908096));
#12195=CARTESIAN_POINT('Ctrl Pts',(28.2289946824312,19.,43.1478267908096));
#12196=CARTESIAN_POINT('',(27.0869601517916,20.,42.7246373891831));
#12197=CARTESIAN_POINT('Ctrl Pts',(27.0869601517916,20.,42.7246373891831));
#12198=CARTESIAN_POINT('Ctrl Pts',(27.2547777886636,20.,42.8480620682451));
#12199=CARTESIAN_POINT('Ctrl Pts',(27.5947671953142,20.,43.0981137563902));
#12200=CARTESIAN_POINT('Ctrl Pts',(28.015788227267,20.,43.131114901055));
#12201=CARTESIAN_POINT('Ctrl Pts',(28.2289946824312,20.,43.1478267908096));
#12202=CARTESIAN_POINT('',(27.0869601517916,19.,42.7246373891831));
#12203=CARTESIAN_POINT('',(27.0869601517916,20.,42.7246373891831));
#12204=CARTESIAN_POINT('Ctrl Pts',(27.0869601517916,19.,42.7246373891831));
#12205=CARTESIAN_POINT('Ctrl Pts',(27.2547777886636,19.,42.8480620682451));
#12206=CARTESIAN_POINT('Ctrl Pts',(27.5947671953142,19.,43.0981137563902));
#12207=CARTESIAN_POINT('Ctrl Pts',(28.015788227267,19.,43.131114901055));
#12208=CARTESIAN_POINT('Ctrl Pts',(28.2289946824312,19.,43.1478267908096));
#12209=CARTESIAN_POINT('Ctrl Pts',(26.5594256669283,20.,41.3565224409103));
#12210=CARTESIAN_POINT('Ctrl Pts',(26.5594256669283,19.,41.3565224409103));
#12211=CARTESIAN_POINT('Ctrl Pts',(26.5854922472553,20.,41.6393459416273));
#12212=CARTESIAN_POINT('Ctrl Pts',(26.5854922472553,19.,41.6393459416273));
#12213=CARTESIAN_POINT('Ctrl Pts',(26.6324075850801,20.,42.1483793443387));
#12214=CARTESIAN_POINT('Ctrl Pts',(26.6324075850801,19.,42.1483793443387));
#12215=CARTESIAN_POINT('Ctrl Pts',(26.9471094507937,20.,42.5473419619232));
#12216=CARTESIAN_POINT('Ctrl Pts',(26.9471094507937,19.,42.5473419619232));
#12217=CARTESIAN_POINT('Ctrl Pts',(27.0869601517916,20.,42.7246373891831));
#12218=CARTESIAN_POINT('Ctrl Pts',(27.0869601517916,19.,42.7246373891831));
#12219=CARTESIAN_POINT('',(26.5594256669283,20.,41.3565224409103));
#12220=CARTESIAN_POINT('Ctrl Pts',(26.5594256669283,20.,41.3565224409103));
#12221=CARTESIAN_POINT('Ctrl Pts',(26.5854922472553,20.,41.6393459416273));
#12222=CARTESIAN_POINT('Ctrl Pts',(26.6324075850801,20.,42.1483793443387));
#12223=CARTESIAN_POINT('Ctrl Pts',(26.9471094507937,20.,42.5473419619232));
#12224=CARTESIAN_POINT('Ctrl Pts',(27.0869601517916,20.,42.7246373891831));
#12225=CARTESIAN_POINT('',(26.5594256669283,19.,41.3565224409103));
#12226=CARTESIAN_POINT('',(26.5594256669283,20.,41.3565224409103));
#12227=CARTESIAN_POINT('Ctrl Pts',(26.5594256669283,19.,41.3565224409103));
#12228=CARTESIAN_POINT('Ctrl Pts',(26.5854922472553,19.,41.6393459416273));
#12229=CARTESIAN_POINT('Ctrl Pts',(26.6324075850801,19.,42.1483793443387));
#12230=CARTESIAN_POINT('Ctrl Pts',(26.9471094507937,19.,42.5473419619232));
#12231=CARTESIAN_POINT('Ctrl Pts',(27.0869601517916,19.,42.7246373891831));
#12232=CARTESIAN_POINT('Origin',(30.6173957139254,20.,41.3565224409103));
#12233=CARTESIAN_POINT('',(15.3086978569627,20.,41.3565224409103));
#12234=CARTESIAN_POINT('',(30.6173957139254,19.,41.3565224409103));
#12235=CARTESIAN_POINT('Origin',(-1.71363353729248E-6,19.,40.6927534937859));
#12236=CARTESIAN_POINT('Origin',(48.82608063519,20.,42.9217392206192));
#12237=CARTESIAN_POINT('',(48.82608063519,20.,42.9217392206192));
#12238=CARTESIAN_POINT('',(50.385500267148,20.,37.8782600164413));
#12239=CARTESIAN_POINT('',(52.7523894132044,20.,30.2232607192085));
#12240=CARTESIAN_POINT('',(48.82608063519,19.,42.9217392206192));
#12241=CARTESIAN_POINT('',(48.82608063519,20.,42.9217392206192));
#12242=CARTESIAN_POINT('',(50.385500267148,19.,37.8782600164413));
#12243=CARTESIAN_POINT('',(48.82608063519,19.,42.9217392206192));
#12244=CARTESIAN_POINT('',(50.385500267148,20.,37.8782600164413));
#12245=CARTESIAN_POINT('Origin',(47.2724593430758,20.,37.8782600164414));
#12246=CARTESIAN_POINT('',(47.2724593430758,20.,37.8782600164414));
#12247=CARTESIAN_POINT('',(39.8954718184865,20.,13.9305429256734));
#12248=CARTESIAN_POINT('',(47.2724593430758,19.,37.8782600164414));
#12249=CARTESIAN_POINT('',(47.2724593430758,20.,37.8782600164414));
#12250=CARTESIAN_POINT('',(47.2724593430758,19.,37.8782600164413));
#12251=CARTESIAN_POINT('Origin',(45.8811534196138,20.,37.8782600164414));
#12252=CARTESIAN_POINT('',(45.8811534196138,20.,37.8782600164413));
#12253=CARTESIAN_POINT('',(22.9405767098069,20.,37.8782600164414));
#12254=CARTESIAN_POINT('',(45.8811534196138,19.,37.8782600164413));
#12255=CARTESIAN_POINT('',(45.8811534196138,20.,37.8782600164413));
#12256=CARTESIAN_POINT('',(45.8811534196138,19.,37.8782600164414));
#12257=CARTESIAN_POINT('Origin',(48.037678077817,20.,44.0000003576279));
#12258=CARTESIAN_POINT('',(48.037678077817,20.,44.0000003576279));
#12259=CARTESIAN_POINT('',(38.4916463347602,20.,16.9016189885923));
#12260=CARTESIAN_POINT('',(48.037678077817,19.,44.0000003576279));
#12261=CARTESIAN_POINT('',(48.037678077817,20.,44.0000003576279));
#12262=CARTESIAN_POINT('',(48.037678077817,19.,44.0000003576279));
#12263=CARTESIAN_POINT('Origin',(49.5565188676119,20.,44.0000003576279));
#12264=CARTESIAN_POINT('',(49.5565188676119,20.,44.0000003576279));
#12265=CARTESIAN_POINT('',(24.7782594338059,20.,44.0000003576279));
#12266=CARTESIAN_POINT('',(49.5565188676119,19.,44.0000003576279));
#12267=CARTESIAN_POINT('',(49.5565188676119,20.,44.0000003576279));
#12268=CARTESIAN_POINT('',(49.5565188676119,19.,44.0000003576279));
#12269=CARTESIAN_POINT('Origin',(51.713043525815,20.,37.8782600164413));
#12270=CARTESIAN_POINT('',(51.713043525815,20.,37.8782600164413));
#12271=CARTESIAN_POINT('',(54.7937815707362,20.,29.1329492227608));
#12272=CARTESIAN_POINT('',(51.713043525815,19.,37.8782600164413));
#12273=CARTESIAN_POINT('',(51.713043525815,20.,37.8782600164413));
#12274=CARTESIAN_POINT('',(51.713043525815,19.,37.8782600164413));
#12275=CARTESIAN_POINT('Origin',(50.385500267148,20.,37.8782600164413));
#12276=CARTESIAN_POINT('',(25.192750133574,20.,37.8782600164413));
#12277=CARTESIAN_POINT('',(50.385500267148,19.,37.8782600164413));
#12278=CARTESIAN_POINT('Origin',(-1.71363353729248E-6,19.,40.6927534937859));
#12279=CARTESIAN_POINT('Origin',(35.9275401383638,20.,43.0724638700485));
#12280=CARTESIAN_POINT('',(35.9275401383638,20.,43.0724638700485));
#12281=CARTESIAN_POINT('',(35.9275401383638,20.,44.0000003576279));
#12282=CARTESIAN_POINT('',(35.9275401383638,20.,21.5362319350243));
#12283=CARTESIAN_POINT('',(35.9275401383638,19.,43.0724638700485));
#12284=CARTESIAN_POINT('',(35.9275401383638,20.,43.0724638700485));
#12285=CARTESIAN_POINT('',(35.9275401383638,19.,44.0000003576279));
#12286=CARTESIAN_POINT('',(35.9275401383638,19.,43.0724638700485));
#12287=CARTESIAN_POINT('',(35.9275401383638,20.,44.0000003576279));
#12288=CARTESIAN_POINT('Origin',(34.6927607804537,20.,43.0724638700485));
#12289=CARTESIAN_POINT('',(34.6927607804537,20.,43.0724638700485));
#12290=CARTESIAN_POINT('',(17.3463803902268,20.,43.0724638700485));
#12291=CARTESIAN_POINT('',(34.6927607804537,19.,43.0724638700485));
#12292=CARTESIAN_POINT('',(34.6927607804537,20.,43.0724638700485));
#12293=CARTESIAN_POINT('',(34.6927607804537,19.,43.0724638700485));
#12294=CARTESIAN_POINT('Origin',(34.6927607804537,20.,40.799999833107));
#12295=CARTESIAN_POINT('',(34.6927607804537,20.,40.799999833107));
#12296=CARTESIAN_POINT('',(34.6927607804537,20.,20.3999999165535));
#12297=CARTESIAN_POINT('',(34.6927607804537,19.,40.799999833107));
#12298=CARTESIAN_POINT('',(34.6927607804537,20.,40.799999833107));
#12299=CARTESIAN_POINT('',(34.6927607804537,19.,40.799999833107));
#12300=CARTESIAN_POINT('Ctrl Pts',(35.4347861558199,20.,39.408695101738));
#12301=CARTESIAN_POINT('Ctrl Pts',(35.4347861558199,19.,39.408695101738));
#12302=CARTESIAN_POINT('Ctrl Pts',(35.2833878748282,20.,39.6005949981671));
#12303=CARTESIAN_POINT('Ctrl Pts',(35.2833878748282,19.,39.6005949981671));
#12304=CARTESIAN_POINT('Ctrl Pts',(34.9531831015186,20.,40.0191351650927));
#12305=CARTESIAN_POINT('Ctrl Pts',(34.9531831015186,19.,40.0191351650927));
#12306=CARTESIAN_POINT('Ctrl Pts',(34.7842424526589,20.,40.5256961355444));
#12307=CARTESIAN_POINT('Ctrl Pts',(34.7842424526589,19.,40.5256961355444));
#12308=CARTESIAN_POINT('Ctrl Pts',(34.6927607804537,20.,40.799999833107));
#12309=CARTESIAN_POINT('Ctrl Pts',(34.6927607804537,19.,40.799999833107));
#12310=CARTESIAN_POINT('',(35.4347861558199,20.,39.408695101738));
#12311=CARTESIAN_POINT('Ctrl Pts',(35.4347861558199,20.,39.408695101738));
#12312=CARTESIAN_POINT('Ctrl Pts',(35.2833878748282,20.,39.6005949981671));
#12313=CARTESIAN_POINT('Ctrl Pts',(34.9531831015186,20.,40.0191351650927));
#12314=CARTESIAN_POINT('Ctrl Pts',(34.7842424526589,20.,40.5256961355444));
#12315=CARTESIAN_POINT('Ctrl Pts',(34.6927607804537,20.,40.799999833107));
#12316=CARTESIAN_POINT('',(35.4347861558199,19.,39.408695101738));
#12317=CARTESIAN_POINT('',(35.4347861558199,20.,39.408695101738));
#12318=CARTESIAN_POINT('Ctrl Pts',(35.4347861558199,19.,39.408695101738));
#12319=CARTESIAN_POINT('Ctrl Pts',(35.2833878748282,19.,39.6005949981671));
#12320=CARTESIAN_POINT('Ctrl Pts',(34.9531831015186,19.,40.0191351650927));
#12321=CARTESIAN_POINT('Ctrl Pts',(34.7842424526589,19.,40.5256961355444));
#12322=CARTESIAN_POINT('Ctrl Pts',(34.6927607804537,19.,40.799999833107));
#12323=CARTESIAN_POINT('Ctrl Pts',(36.5536273270845,20.,38.8869565725327));
#12324=CARTESIAN_POINT('Ctrl Pts',(36.5536273270845,19.,38.8869565725327));
#12325=CARTESIAN_POINT('Ctrl Pts',(36.3435720905657,20.,38.9156939122355));
#12326=CARTESIAN_POINT('Ctrl Pts',(36.3435720905657,19.,38.9156939122355));
#12327=CARTESIAN_POINT('Ctrl Pts',(35.9171563296143,20.,38.974031208559));
#12328=CARTESIAN_POINT('Ctrl Pts',(35.9171563296143,19.,38.974031208559));
#12329=CARTESIAN_POINT('Ctrl Pts',(35.5971534773063,20.,39.262385864732));
#12330=CARTESIAN_POINT('Ctrl Pts',(35.5971534773063,19.,39.262385864732));
#12331=CARTESIAN_POINT('Ctrl Pts',(35.4347861558199,20.,39.408695101738));
#12332=CARTESIAN_POINT('Ctrl Pts',(35.4347861558199,19.,39.408695101738));
#12333=CARTESIAN_POINT('',(36.5536273270845,20.,38.8869565725327));
#12334=CARTESIAN_POINT('Ctrl Pts',(36.5536273270845,20.,38.8869565725327));
#12335=CARTESIAN_POINT('Ctrl Pts',(36.3435720905657,20.,38.9156939122355));
#12336=CARTESIAN_POINT('Ctrl Pts',(35.9171563296143,20.,38.974031208559));
#12337=CARTESIAN_POINT('Ctrl Pts',(35.5971534773063,20.,39.262385864732));
#12338=CARTESIAN_POINT('Ctrl Pts',(35.4347861558199,20.,39.408695101738));
#12339=CARTESIAN_POINT('',(36.5536273270845,19.,38.8869565725327));
#12340=CARTESIAN_POINT('',(36.5536273270845,20.,38.8869565725327));
#12341=CARTESIAN_POINT('Ctrl Pts',(36.5536273270845,19.,38.8869565725327));
#12342=CARTESIAN_POINT('Ctrl Pts',(36.3435720905657,19.,38.9156939122355));
#12343=CARTESIAN_POINT('Ctrl Pts',(35.9171563296143,19.,38.974031208559));
#12344=CARTESIAN_POINT('Ctrl Pts',(35.5971534773063,19.,39.262385864732));
#12345=CARTESIAN_POINT('Ctrl Pts',(35.4347861558199,19.,39.408695101738));
#12346=CARTESIAN_POINT('Origin',(36.5536273270845,20.,40.1333338022232));
#12347=CARTESIAN_POINT('',(36.5536273270845,20.,40.1333338022232));
#12348=CARTESIAN_POINT('',(36.5536273270845,20.,20.0666669011116));
#12349=CARTESIAN_POINT('',(36.5536273270845,19.,40.1333338022232));
#12350=CARTESIAN_POINT('',(36.5536273270845,20.,40.1333338022232));
#12351=CARTESIAN_POINT('',(36.5536273270845,19.,40.1333338022232));
#12352=CARTESIAN_POINT('Origin',(37.4811614304781,20.,40.1333338022232));
#12353=CARTESIAN_POINT('',(37.4811614304781,20.,40.1333338022232));
#12354=CARTESIAN_POINT('',(18.740580715239,20.,40.1333338022232));
#12355=CARTESIAN_POINT('',(37.4811614304781,19.,40.1333338022232));
#12356=CARTESIAN_POINT('',(37.4811614304781,20.,40.1333338022232));
#12357=CARTESIAN_POINT('',(37.4811614304781,19.,40.1333338022232));
#12358=CARTESIAN_POINT('Origin',(37.7014506608248,20.,37.8782600164414));
#12359=CARTESIAN_POINT('',(37.7014506608248,20.,37.8782600164414));
#12360=CARTESIAN_POINT('',(39.3558676869608,20.,20.9421961856349));
#12361=CARTESIAN_POINT('',(37.7014506608248,19.,37.8782600164414));
#12362=CARTESIAN_POINT('',(37.7014506608248,20.,37.8782600164414));
#12363=CARTESIAN_POINT('',(37.7014506608248,19.,37.8782600164414));
#12364=CARTESIAN_POINT('Ctrl Pts',(37.2666705399752,20.,37.768115401268));
#12365=CARTESIAN_POINT('Ctrl Pts',(37.2666705399752,19.,37.768115401268));
#12366=CARTESIAN_POINT('Ctrl Pts',(37.3399213633689,20.,37.7828688562655));
#12367=CARTESIAN_POINT('Ctrl Pts',(37.3399213633689,19.,37.7828688562655));
#12368=CARTESIAN_POINT('Ctrl Pts',(37.4866615154041,20.,37.8124238036242));
#12369=CARTESIAN_POINT('Ctrl Pts',(37.4866615154041,19.,37.8124238036242));
#12370=CARTESIAN_POINT('Ctrl Pts',(37.6297767412026,20.,37.856290845623));
#12371=CARTESIAN_POINT('Ctrl Pts',(37.6297767412026,19.,37.856290845623));
#12372=CARTESIAN_POINT('Ctrl Pts',(37.7014506608248,20.,37.8782600164414));
#12373=CARTESIAN_POINT('Ctrl Pts',(37.7014506608248,19.,37.8782600164414));
#12374=CARTESIAN_POINT('',(37.2666705399752,20.,37.768115401268));
#12375=CARTESIAN_POINT('Ctrl Pts',(37.2666705399752,20.,37.768115401268));
#12376=CARTESIAN_POINT('Ctrl Pts',(37.3399213633689,20.,37.7828688562655));
#12377=CARTESIAN_POINT('Ctrl Pts',(37.4866615154041,20.,37.8124238036242));
#12378=CARTESIAN_POINT('Ctrl Pts',(37.6297767412026,20.,37.856290845623));
#12379=CARTESIAN_POINT('Ctrl Pts',(37.7014506608248,20.,37.8782600164414));
#12380=CARTESIAN_POINT('',(37.2666705399752,19.,37.768115401268));
#12381=CARTESIAN_POINT('',(37.2666705399752,20.,37.768115401268));
#12382=CARTESIAN_POINT('Ctrl Pts',(37.2666705399752,19.,37.768115401268));
#12383=CARTESIAN_POINT('Ctrl Pts',(37.3399213633689,19.,37.7828688562655));
#12384=CARTESIAN_POINT('Ctrl Pts',(37.4866615154041,19.,37.8124238036242));
#12385=CARTESIAN_POINT('Ctrl Pts',(37.6297767412026,19.,37.856290845623));
#12386=CARTESIAN_POINT('Ctrl Pts',(37.7014506608248,19.,37.8782600164414));
#12387=CARTESIAN_POINT('Ctrl Pts',(36.779714897275,20.,37.7217394113541));
#12388=CARTESIAN_POINT('Ctrl Pts',(36.779714897275,19.,37.7217394113541));
#12389=CARTESIAN_POINT('Ctrl Pts',(36.8659389375364,20.,37.7232157211933));
#12390=CARTESIAN_POINT('Ctrl Pts',(36.8659389375364,19.,37.7232157211933));
#12391=CARTESIAN_POINT('Ctrl Pts',(37.0294997779571,20.,37.7260161754203));
#12392=CARTESIAN_POINT('Ctrl Pts',(37.0294997779571,19.,37.7260161754203));
#12393=CARTESIAN_POINT('Ctrl Pts',(37.1905302017732,20.,37.754600036782));
#12394=CARTESIAN_POINT('Ctrl Pts',(37.1905302017732,19.,37.754600036782));
#12395=CARTESIAN_POINT('Ctrl Pts',(37.2666705399752,20.,37.768115401268));
#12396=CARTESIAN_POINT('Ctrl Pts',(37.2666705399752,19.,37.768115401268));
#12397=CARTESIAN_POINT('',(36.779714897275,20.,37.7217394113541));
#12398=CARTESIAN_POINT('Ctrl Pts',(36.779714897275,20.,37.7217394113541));
#12399=CARTESIAN_POINT('Ctrl Pts',(36.8659389375364,20.,37.7232157211933));
#12400=CARTESIAN_POINT('Ctrl Pts',(37.0294997779571,20.,37.7260161754203));
#12401=CARTESIAN_POINT('Ctrl Pts',(37.1905302017732,20.,37.754600036782));
#12402=CARTESIAN_POINT('Ctrl Pts',(37.2666705399752,20.,37.768115401268));
#12403=CARTESIAN_POINT('',(36.779714897275,19.,37.7217394113541));
#12404=CARTESIAN_POINT('',(36.779714897275,20.,37.7217394113541));
#12405=CARTESIAN_POINT('Ctrl Pts',(36.779714897275,19.,37.7217394113541));
#12406=CARTESIAN_POINT('Ctrl Pts',(36.8659389375364,19.,37.7232157211933));
#12407=CARTESIAN_POINT('Ctrl Pts',(37.0294997779571,19.,37.7260161754203));
#12408=CARTESIAN_POINT('Ctrl Pts',(37.1905302017732,19.,37.754600036782));
#12409=CARTESIAN_POINT('Ctrl Pts',(37.2666705399752,19.,37.768115401268));
#12410=CARTESIAN_POINT('Ctrl Pts',(35.4695666581392,20.,38.1275361776352));
#12411=CARTESIAN_POINT('Ctrl Pts',(35.4695666581392,19.,38.1275361776352));
#12412=CARTESIAN_POINT('Ctrl Pts',(35.6583857058619,20.,38.0092776543139));
#12413=CARTESIAN_POINT('Ctrl Pts',(35.6583857058619,19.,38.0092776543139));
#12414=CARTESIAN_POINT('Ctrl Pts',(36.0582188308509,20.,37.758859725051));
#12415=CARTESIAN_POINT('Ctrl Pts',(36.0582188308509,19.,37.758859725051));
#12416=CARTESIAN_POINT('Ctrl Pts',(36.5304777293783,20.,37.7345624360216));
#12417=CARTESIAN_POINT('Ctrl Pts',(36.5304777293783,19.,37.7345624360216));
#12418=CARTESIAN_POINT('Ctrl Pts',(36.779714897275,20.,37.7217394113541));
#12419=CARTESIAN_POINT('Ctrl Pts',(36.779714897275,19.,37.7217394113541));
#12420=CARTESIAN_POINT('',(35.4695666581392,20.,38.1275361776352));
#12421=CARTESIAN_POINT('Ctrl Pts',(35.4695666581392,20.,38.1275361776352));
#12422=CARTESIAN_POINT('Ctrl Pts',(35.6583857058619,20.,38.0092776543139));
#12423=CARTESIAN_POINT('Ctrl Pts',(36.0582188308509,20.,37.758859725051));
#12424=CARTESIAN_POINT('Ctrl Pts',(36.5304777293783,20.,37.7345624360216));
#12425=CARTESIAN_POINT('Ctrl Pts',(36.779714897275,20.,37.7217394113541));
#12426=CARTESIAN_POINT('',(35.4695666581392,19.,38.1275361776352));
#12427=CARTESIAN_POINT('',(35.4695666581392,20.,38.1275361776352));
#12428=CARTESIAN_POINT('Ctrl Pts',(35.4695666581392,19.,38.1275361776352));
#12429=CARTESIAN_POINT('Ctrl Pts',(35.6583857058619,19.,38.0092776543139));
#12430=CARTESIAN_POINT('Ctrl Pts',(36.0582188308509,19.,37.758859725051));
#12431=CARTESIAN_POINT('Ctrl Pts',(36.5304777293783,19.,37.7345624360216));
#12432=CARTESIAN_POINT('Ctrl Pts',(36.779714897275,19.,37.7217394113541));
#12433=CARTESIAN_POINT('Ctrl Pts',(34.6231902390718,20.,39.2985504865646));
#12434=CARTESIAN_POINT('Ctrl Pts',(34.6231902390718,19.,39.2985504865646));
#12435=CARTESIAN_POINT('Ctrl Pts',(34.7372535128144,20.,39.0625488890294));
#12436=CARTESIAN_POINT('Ctrl Pts',(34.7372535128144,19.,39.0625488890294));
#12437=CARTESIAN_POINT('Ctrl Pts',(34.9504301056561,20.,38.6214777640564));
#12438=CARTESIAN_POINT('Ctrl Pts',(34.9504301056561,19.,38.6214777640564));
#12439=CARTESIAN_POINT('Ctrl Pts',(35.3048051822962,20.,38.2843013762515));
#12440=CARTESIAN_POINT('Ctrl Pts',(35.3048051822962,19.,38.2843013762515));
#12441=CARTESIAN_POINT('Ctrl Pts',(35.4695666581392,20.,38.1275361776352));
#12442=CARTESIAN_POINT('Ctrl Pts',(35.4695666581392,19.,38.1275361776352));
#12443=CARTESIAN_POINT('',(34.6231902390718,20.,39.2985504865646));
#12444=CARTESIAN_POINT('Ctrl Pts',(34.6231902390718,20.,39.2985504865646));
#12445=CARTESIAN_POINT('Ctrl Pts',(34.7372535128144,20.,39.0625488890294));
#12446=CARTESIAN_POINT('Ctrl Pts',(34.9504301056561,20.,38.6214777640564));
#12447=CARTESIAN_POINT('Ctrl Pts',(35.3048051822962,20.,38.2843013762515));
#12448=CARTESIAN_POINT('Ctrl Pts',(35.4695666581392,20.,38.1275361776352));
#12449=CARTESIAN_POINT('',(34.6231902390718,19.,39.2985504865646));
#12450=CARTESIAN_POINT('',(34.6231902390718,20.,39.2985504865646));
#12451=CARTESIAN_POINT('Ctrl Pts',(34.6231902390718,19.,39.2985504865646));
#12452=CARTESIAN_POINT('Ctrl Pts',(34.7372535128144,19.,39.0625488890294));
#12453=CARTESIAN_POINT('Ctrl Pts',(34.9504301056561,19.,38.6214777640564));
#12454=CARTESIAN_POINT('Ctrl Pts',(35.3048051822962,19.,38.2843013762515));
#12455=CARTESIAN_POINT('Ctrl Pts',(35.4695666581392,19.,38.1275361776352));
#12456=CARTESIAN_POINT('Origin',(34.3855155259371,20.,37.8782600164414));
#12457=CARTESIAN_POINT('',(34.3855155259371,20.,37.8782600164414));
#12458=CARTESIAN_POINT('',(30.8341901938575,20.,16.6563409534737));
#12459=CARTESIAN_POINT('',(34.3855155259371,19.,37.8782600164414));
#12460=CARTESIAN_POINT('',(34.3855155259371,20.,37.8782600164414));
#12461=CARTESIAN_POINT('',(34.3855155259371,19.,37.8782600164414));
#12462=CARTESIAN_POINT('Origin',(32.4956572800875,20.,37.8782600164414));
#12463=CARTESIAN_POINT('',(32.4956572800875,20.,37.8782600164414));
#12464=CARTESIAN_POINT('',(16.2478286400437,20.,37.8782600164414));
#12465=CARTESIAN_POINT('',(32.4956572800875,19.,37.8782600164414));
#12466=CARTESIAN_POINT('',(32.4956572800875,20.,37.8782600164414));
#12467=CARTESIAN_POINT('',(32.4956572800875,19.,37.8782600164414));
#12468=CARTESIAN_POINT('Origin',(32.4956572800875,20.,38.8000005483627));
#12469=CARTESIAN_POINT('',(32.4956572800875,20.,38.8000005483627));
#12470=CARTESIAN_POINT('',(32.4956572800875,20.,19.4000002741814));
#12471=CARTESIAN_POINT('',(32.4956572800875,19.,38.8000005483627));
#12472=CARTESIAN_POINT('',(32.4956572800875,20.,38.8000005483627));
#12473=CARTESIAN_POINT('',(32.4956572800875,19.,38.8000005483627));
#12474=CARTESIAN_POINT('Origin',(33.3942092210054,20.,38.8000005483627));
#12475=CARTESIAN_POINT('',(33.3942092210054,20.,38.8000005483627));
#12476=CARTESIAN_POINT('',(16.6971046105027,20.,38.8000005483627));
#12477=CARTESIAN_POINT('',(33.3942092210054,19.,38.8000005483627));
#12478=CARTESIAN_POINT('',(33.3942092210054,20.,38.8000005483627));
#12479=CARTESIAN_POINT('',(33.3942092210054,19.,38.8000005483627));
#12480=CARTESIAN_POINT('Origin',(33.3942092210054,20.,43.0724638700485));
#12481=CARTESIAN_POINT('',(33.3942092210054,20.,43.0724638700485));
#12482=CARTESIAN_POINT('',(33.3942092210054,20.,21.5362319350243));
#12483=CARTESIAN_POINT('',(33.3942092210054,19.,43.0724638700485));
#12484=CARTESIAN_POINT('',(33.3942092210054,20.,43.0724638700485));
#12485=CARTESIAN_POINT('',(33.3942092210054,19.,43.0724638700485));
#12486=CARTESIAN_POINT('Origin',(32.4956572800875,20.,43.0724638700485));
#12487=CARTESIAN_POINT('',(32.4956572800875,20.,43.0724638700485));
#12488=CARTESIAN_POINT('',(16.2478286400437,20.,43.0724638700485));
#12489=CARTESIAN_POINT('',(32.4956572800875,19.,43.0724638700485));
#12490=CARTESIAN_POINT('',(32.4956572800875,20.,43.0724638700485));
#12491=CARTESIAN_POINT('',(32.4956572800875,19.,43.0724638700485));
#12492=CARTESIAN_POINT('Origin',(32.4956572800875,20.,44.0000003576279));
#12493=CARTESIAN_POINT('',(32.4956572800875,20.,44.0000003576279));
#12494=CARTESIAN_POINT('',(32.4956572800875,20.,22.0000001788139));
#12495=CARTESIAN_POINT('',(32.4956572800875,19.,44.0000003576279));
#12496=CARTESIAN_POINT('',(32.4956572800875,20.,44.0000003576279));
#12497=CARTESIAN_POINT('',(32.4956572800875,19.,44.0000003576279));
#12498=CARTESIAN_POINT('Origin',(35.9275401383638,20.,44.0000003576279));
#12499=CARTESIAN_POINT('',(17.9637700691819,20.,44.0000003576279));
#12500=CARTESIAN_POINT('',(35.9275401383638,19.,44.0000003576279));
#12501=CARTESIAN_POINT('Origin',(-1.71363353729248E-6,19.,40.6927534937859));
#12502=CARTESIAN_POINT('Ctrl Pts',(22.118841484189,20.,39.3913048505783));
#12503=CARTESIAN_POINT('Ctrl Pts',(22.118841484189,19.,39.3913048505783));
#12504=CARTESIAN_POINT('Ctrl Pts',(22.042114956018,20.,39.2904138743344));
#12505=CARTESIAN_POINT('Ctrl Pts',(22.042114956018,19.,39.2904138743344));
#12506=CARTESIAN_POINT('Ctrl Pts',(21.8935880869196,20.,39.0951095750392));
#12507=CARTESIAN_POINT('Ctrl Pts',(21.8935880869196,19.,39.0951095750392));
#12508=CARTESIAN_POINT('Ctrl Pts',(21.6898145106886,20.,38.9586975470057));
#12509=CARTESIAN_POINT('Ctrl Pts',(21.6898145106886,19.,38.9586975470057));
#12510=CARTESIAN_POINT('Ctrl Pts',(21.5913069993258,20.,38.8927537202835));
#12511=CARTESIAN_POINT('Ctrl Pts',(21.5913069993258,19.,38.8927537202835));
#12512=CARTESIAN_POINT('',(22.118841484189,20.,39.3913048505783));
#12513=CARTESIAN_POINT('',(21.5913069993258,20.,38.8927537202835));
#12514=CARTESIAN_POINT('Ctrl Pts',(22.118841484189,20.,39.3913048505783));
#12515=CARTESIAN_POINT('Ctrl Pts',(22.042114956018,20.,39.2904138743344));
#12516=CARTESIAN_POINT('Ctrl Pts',(21.8935880869196,20.,39.0951095750392));
#12517=CARTESIAN_POINT('Ctrl Pts',(21.6898145106886,20.,38.9586975470057));
#12518=CARTESIAN_POINT('Ctrl Pts',(21.5913069993258,20.,38.8927537202835));
#12519=CARTESIAN_POINT('',(22.118841484189,19.,39.3913048505783));
#12520=CARTESIAN_POINT('',(22.118841484189,20.,39.3913048505783));
#12521=CARTESIAN_POINT('',(21.5913069993258,19.,38.8927537202835));
#12522=CARTESIAN_POINT('Ctrl Pts',(22.118841484189,19.,39.3913048505783));
#12523=CARTESIAN_POINT('Ctrl Pts',(22.042114956018,19.,39.2904138743344));
#12524=CARTESIAN_POINT('Ctrl Pts',(21.8935880869196,19.,39.0951095750392));
#12525=CARTESIAN_POINT('Ctrl Pts',(21.6898145106886,19.,38.9586975470057));
#12526=CARTESIAN_POINT('Ctrl Pts',(21.5913069993258,19.,38.8927537202835));
#12527=CARTESIAN_POINT('',(21.5913069993258,20.,38.8927537202835));
#12528=CARTESIAN_POINT('Origin',(22.118841484189,20.,42.2898548841477));
#12529=CARTESIAN_POINT('',(22.118841484189,20.,42.2898548841477));
#12530=CARTESIAN_POINT('',(22.118841484189,20.,21.1449274420738));
#12531=CARTESIAN_POINT('',(22.118841484189,19.,42.2898548841477));
#12532=CARTESIAN_POINT('',(22.118841484189,20.,42.2898548841477));
#12533=CARTESIAN_POINT('',(22.118841484189,19.,42.2898548841477));
#12534=CARTESIAN_POINT('Ctrl Pts',(21.5681136399508,20.,42.9043477773666));
#12535=CARTESIAN_POINT('Ctrl Pts',(21.5681136399508,19.,42.9043477773666));
#12536=CARTESIAN_POINT('Ctrl Pts',(21.6724888855733,20.,42.8145519012224));
#12537=CARTESIAN_POINT('Ctrl Pts',(21.6724888855733,19.,42.8145519012224));
#12538=CARTESIAN_POINT('Ctrl Pts',(21.8827463583314,20.,42.633663665994));
#12539=CARTESIAN_POINT('Ctrl Pts',(21.8827463583314,19.,42.633663665994));
#12540=CARTESIAN_POINT('Ctrl Pts',(22.0397679677972,20.,42.4050041031256));
#12541=CARTESIAN_POINT('Ctrl Pts',(22.0397679677972,19.,42.4050041031256));
#12542=CARTESIAN_POINT('Ctrl Pts',(22.118841484189,20.,42.2898548841477));
#12543=CARTESIAN_POINT('Ctrl Pts',(22.118841484189,19.,42.2898548841477));
#12544=CARTESIAN_POINT('',(21.5681136399508,20.,42.9043477773666));
#12545=CARTESIAN_POINT('Ctrl Pts',(21.5681136399508,20.,42.9043477773666));
#12546=CARTESIAN_POINT('Ctrl Pts',(21.6724888855733,20.,42.8145519012224));
#12547=CARTESIAN_POINT('Ctrl Pts',(21.8827463583314,20.,42.633663665994));
#12548=CARTESIAN_POINT('Ctrl Pts',(22.0397679677972,20.,42.4050041031256));
#12549=CARTESIAN_POINT('Ctrl Pts',(22.118841484189,20.,42.2898548841477));
#12550=CARTESIAN_POINT('',(21.5681136399508,19.,42.9043477773666));
#12551=CARTESIAN_POINT('',(21.5681136399508,20.,42.9043477773666));
#12552=CARTESIAN_POINT('Ctrl Pts',(21.5681136399508,19.,42.9043477773666));
#12553=CARTESIAN_POINT('Ctrl Pts',(21.6724888855733,19.,42.8145519012224));
#12554=CARTESIAN_POINT('Ctrl Pts',(21.8827463583314,19.,42.633663665994));
#12555=CARTESIAN_POINT('Ctrl Pts',(22.0397679677972,19.,42.4050041031256));
#12556=CARTESIAN_POINT('Ctrl Pts',(22.118841484189,19.,42.2898548841477));
#12557=CARTESIAN_POINT('Ctrl Pts',(20.8028949052095,20.,43.1594210863113));
#12558=CARTESIAN_POINT('Ctrl Pts',(20.8028949052095,19.,43.1594210863113));
#12559=CARTESIAN_POINT('Ctrl Pts',(20.9439320026226,20.,43.1495638078656));
#12560=CARTESIAN_POINT('Ctrl Pts',(20.9439320026226,19.,43.1495638078656));
#12561=CARTESIAN_POINT('Ctrl Pts',(21.2211117242147,20.,43.1301913325));
#12562=CARTESIAN_POINT('Ctrl Pts',(21.2211117242147,19.,43.1301913325));
#12563=CARTESIAN_POINT('Ctrl Pts',(21.4538160417521,20.,42.9787374990073));
#12564=CARTESIAN_POINT('Ctrl Pts',(21.4538160417521,19.,42.9787374990073));
#12565=CARTESIAN_POINT('Ctrl Pts',(21.5681136399508,20.,42.9043477773666));
#12566=CARTESIAN_POINT('Ctrl Pts',(21.5681136399508,19.,42.9043477773666));
#12567=CARTESIAN_POINT('',(20.8028949052095,20.,43.1594210863113));
#12568=CARTESIAN_POINT('Ctrl Pts',(20.8028949052095,20.,43.1594210863113));
#12569=CARTESIAN_POINT('Ctrl Pts',(20.9439320026226,20.,43.1495638078656));
#12570=CARTESIAN_POINT('Ctrl Pts',(21.2211117242147,20.,43.1301913325));
#12571=CARTESIAN_POINT('Ctrl Pts',(21.4538160417521,20.,42.9787374990073));
#12572=CARTESIAN_POINT('Ctrl Pts',(21.5681136399508,20.,42.9043477773666));
#12573=CARTESIAN_POINT('',(20.8028949052095,19.,43.1594210863113));
#12574=CARTESIAN_POINT('',(20.8028949052095,20.,43.1594210863113));
#12575=CARTESIAN_POINT('Ctrl Pts',(20.8028949052095,19.,43.1594210863113));
#12576=CARTESIAN_POINT('Ctrl Pts',(20.9439320026226,19.,43.1495638078656));
#12577=CARTESIAN_POINT('Ctrl Pts',(21.2211117242147,19.,43.1301913325));
#12578=CARTESIAN_POINT('Ctrl Pts',(21.4538160417521,19.,42.9787374990073));
#12579=CARTESIAN_POINT('Ctrl Pts',(21.5681136399508,19.,42.9043477773666));
#12580=CARTESIAN_POINT('Ctrl Pts',(19.8637736588717,20.,42.6376813650131));
#12581=CARTESIAN_POINT('Ctrl Pts',(19.8637736588717,19.,42.6376813650131));
#12582=CARTESIAN_POINT('Ctrl Pts',(19.986062487243,20.,42.7898519225421));
#12583=CARTESIAN_POINT('Ctrl Pts',(19.986062487243,19.,42.7898519225421));
#12584=CARTESIAN_POINT('Ctrl Pts',(20.2285124996368,20.,43.0915454954567));
#12585=CARTESIAN_POINT('Ctrl Pts',(20.2285124996368,19.,43.0915454954567));
#12586=CARTESIAN_POINT('Ctrl Pts',(20.6125575118322,20.,43.1369286441476));
#12587=CARTESIAN_POINT('Ctrl Pts',(20.6125575118322,19.,43.1369286441476));
#12588=CARTESIAN_POINT('Ctrl Pts',(20.8028949052095,20.,43.1594210863113));
#12589=CARTESIAN_POINT('Ctrl Pts',(20.8028949052095,19.,43.1594210863113));
#12590=CARTESIAN_POINT('',(19.8637736588717,20.,42.6376813650131));
#12591=CARTESIAN_POINT('Ctrl Pts',(19.8637736588717,20.,42.6376813650131));
#12592=CARTESIAN_POINT('Ctrl Pts',(19.986062487243,20.,42.7898519225421));
#12593=CARTESIAN_POINT('Ctrl Pts',(20.2285124996368,20.,43.0915454954567));
#12594=CARTESIAN_POINT('Ctrl Pts',(20.6125575118322,20.,43.1369286441476));
#12595=CARTESIAN_POINT('Ctrl Pts',(20.8028949052095,20.,43.1594210863113));
#12596=CARTESIAN_POINT('',(19.8637736588717,19.,42.6376813650131));
#12597=CARTESIAN_POINT('',(19.8637736588717,20.,42.6376813650131));
#12598=CARTESIAN_POINT('Ctrl Pts',(19.8637736588717,19.,42.6376813650131));
#12599=CARTESIAN_POINT('Ctrl Pts',(19.986062487243,19.,42.7898519225421));
#12600=CARTESIAN_POINT('Ctrl Pts',(20.2285124996368,19.,43.0915454954567));
#12601=CARTESIAN_POINT('Ctrl Pts',(20.6125575118322,19.,43.1369286441476));
#12602=CARTESIAN_POINT('Ctrl Pts',(20.8028949052095,19.,43.1594210863113));
#12603=CARTESIAN_POINT('Ctrl Pts',(19.53333504498,20.,40.9391301870346));
#12604=CARTESIAN_POINT('Ctrl Pts',(19.53333504498,19.,40.9391301870346));
#12605=CARTESIAN_POINT('Ctrl Pts',(19.535642499592,20.,41.2813175125713));
#12606=CARTESIAN_POINT('Ctrl Pts',(19.535642499592,19.,41.2813175125713));
#12607=CARTESIAN_POINT('Ctrl Pts',(19.5396156973053,20.,41.870528625249));
#12608=CARTESIAN_POINT('Ctrl Pts',(19.5396156973053,19.,41.870528625249));
#12609=CARTESIAN_POINT('Ctrl Pts',(19.7680173979031,20.,42.4110644477651));
#12610=CARTESIAN_POINT('Ctrl Pts',(19.7680173979031,19.,42.4110644477651));
#12611=CARTESIAN_POINT('Ctrl Pts',(19.8637736588717,20.,42.6376813650131));
#12612=CARTESIAN_POINT('Ctrl Pts',(19.8637736588717,19.,42.6376813650131));
#12613=CARTESIAN_POINT('',(19.53333504498,20.,40.9391301870346));
#12614=CARTESIAN_POINT('Ctrl Pts',(19.53333504498,20.,40.9391301870346));
#12615=CARTESIAN_POINT('Ctrl Pts',(19.535642499592,20.,41.2813175125713));
#12616=CARTESIAN_POINT('Ctrl Pts',(19.5396156973053,20.,41.870528625249));
#12617=CARTESIAN_POINT('Ctrl Pts',(19.7680173979031,20.,42.4110644477651));
#12618=CARTESIAN_POINT('Ctrl Pts',(19.8637736588717,20.,42.6376813650131));
#12619=CARTESIAN_POINT('',(19.53333504498,19.,40.9391301870346));
#12620=CARTESIAN_POINT('',(19.53333504498,20.,40.9391301870346));
#12621=CARTESIAN_POINT('Ctrl Pts',(19.53333504498,19.,40.9391301870346));
#12622=CARTESIAN_POINT('Ctrl Pts',(19.535642499592,19.,41.2813175125713));
#12623=CARTESIAN_POINT('Ctrl Pts',(19.5396156973053,19.,41.870528625249));
#12624=CARTESIAN_POINT('Ctrl Pts',(19.7680173979031,19.,42.4110644477651));
#12625=CARTESIAN_POINT('Ctrl Pts',(19.8637736588717,19.,42.6376813650131));
#12626=CARTESIAN_POINT('Ctrl Pts',(19.898554161191,20.,39.2579716444016));
#12627=CARTESIAN_POINT('Ctrl Pts',(19.898554161191,19.,39.2579716444016));
#12628=CARTESIAN_POINT('Ctrl Pts',(19.7925961132113,20.,39.484416264632));
#12629=CARTESIAN_POINT('Ctrl Pts',(19.7925961132113,19.,39.484416264632));
#12630=CARTESIAN_POINT('Ctrl Pts',(19.5445271099337,20.,40.0145684551375));
#12631=CARTESIAN_POINT('Ctrl Pts',(19.5445271099337,19.,40.0145684551375));
#12632=CARTESIAN_POINT('Ctrl Pts',(19.5374114077131,20.,40.602387235317));
#12633=CARTESIAN_POINT('Ctrl Pts',(19.5374114077131,19.,40.602387235317));
#12634=CARTESIAN_POINT('Ctrl Pts',(19.53333504498,20.,40.9391301870346));
#12635=CARTESIAN_POINT('Ctrl Pts',(19.53333504498,19.,40.9391301870346));
#12636=CARTESIAN_POINT('',(19.898554161191,20.,39.2579716444016));
#12637=CARTESIAN_POINT('Ctrl Pts',(19.898554161191,20.,39.2579716444016));
#12638=CARTESIAN_POINT('Ctrl Pts',(19.7925961132113,20.,39.484416264632));
#12639=CARTESIAN_POINT('Ctrl Pts',(19.5445271099337,20.,40.0145684551375));
#12640=CARTESIAN_POINT('Ctrl Pts',(19.5374114077131,20.,40.602387235317));
#12641=CARTESIAN_POINT('Ctrl Pts',(19.53333504498,20.,40.9391301870346));
#12642=CARTESIAN_POINT('',(19.898554161191,19.,39.2579716444016));
#12643=CARTESIAN_POINT('',(19.898554161191,20.,39.2579716444016));
#12644=CARTESIAN_POINT('Ctrl Pts',(19.898554161191,19.,39.2579716444016));
#12645=CARTESIAN_POINT('Ctrl Pts',(19.7925961132113,19.,39.484416264632));
#12646=CARTESIAN_POINT('Ctrl Pts',(19.5445271099337,19.,40.0145684551375));
#12647=CARTESIAN_POINT('Ctrl Pts',(19.5374114077131,19.,40.602387235317));
#12648=CARTESIAN_POINT('Ctrl Pts',(19.53333504498,19.,40.9391301870346));
#12649=CARTESIAN_POINT('Ctrl Pts',(20.9188426285982,20.,38.7130433320999));
#12650=CARTESIAN_POINT('Ctrl Pts',(20.9188426285982,19.,38.7130433320999));
#12651=CARTESIAN_POINT('Ctrl Pts',(20.7125364474872,20.,38.7357864905651));
#12652=CARTESIAN_POINT('Ctrl Pts',(20.7125364474872,19.,38.7357864905651));
#12653=CARTESIAN_POINT('Ctrl Pts',(20.2997500866772,20.,38.7812919890705));
#12654=CARTESIAN_POINT('Ctrl Pts',(20.2997500866772,19.,38.7812919890705));
#12655=CARTESIAN_POINT('Ctrl Pts',(20.0323237117319,20.,39.0990337808918));
#12656=CARTESIAN_POINT('Ctrl Pts',(20.0323237117319,19.,39.0990337808918));
#12657=CARTESIAN_POINT('Ctrl Pts',(19.898554161191,20.,39.2579716444016));
#12658=CARTESIAN_POINT('Ctrl Pts',(19.898554161191,19.,39.2579716444016));
#12659=CARTESIAN_POINT('',(20.9188426285982,20.,38.7130433320999));
#12660=CARTESIAN_POINT('Ctrl Pts',(20.9188426285982,20.,38.7130433320999));
#12661=CARTESIAN_POINT('Ctrl Pts',(20.7125364474872,20.,38.7357864905651));
#12662=CARTESIAN_POINT('Ctrl Pts',(20.2997500866772,20.,38.7812919890705));
#12663=CARTESIAN_POINT('Ctrl Pts',(20.0323237117319,20.,39.0990337808918));
#12664=CARTESIAN_POINT('Ctrl Pts',(19.898554161191,20.,39.2579716444016));
#12665=CARTESIAN_POINT('',(20.9188426285982,19.,38.7130433320999));
#12666=CARTESIAN_POINT('',(20.9188426285982,20.,38.7130433320999));
#12667=CARTESIAN_POINT('Ctrl Pts',(20.9188426285982,19.,38.7130433320999));
#12668=CARTESIAN_POINT('Ctrl Pts',(20.7125364474872,19.,38.7357864905651));
#12669=CARTESIAN_POINT('Ctrl Pts',(20.2997500866772,19.,38.7812919890705));
#12670=CARTESIAN_POINT('Ctrl Pts',(20.0323237117319,19.,39.0990337808918));
#12671=CARTESIAN_POINT('Ctrl Pts',(19.898554161191,19.,39.2579716444016));
#12672=CARTESIAN_POINT('Ctrl Pts',(21.5913069993258,20.,38.8927537202835));
#12673=CARTESIAN_POINT('Ctrl Pts',(21.5913069993258,19.,38.8927537202835));
#12674=CARTESIAN_POINT('Ctrl Pts',(21.4870427907143,20.,38.8403413653703));
#12675=CARTESIAN_POINT('Ctrl Pts',(21.4870427907143,19.,38.8403413653703));
#12676=CARTESIAN_POINT('Ctrl Pts',(21.2754104002941,20.,38.7339563258103));
#12677=CARTESIAN_POINT('Ctrl Pts',(21.2754104002941,19.,38.7339563258103));
#12678=CARTESIAN_POINT('Ctrl Pts',(21.0388550570119,20.,38.7200821599464));
#12679=CARTESIAN_POINT('Ctrl Pts',(21.0388550570119,19.,38.7200821599464));
#12680=CARTESIAN_POINT('Ctrl Pts',(20.9188426285982,20.,38.7130433320999));
#12681=CARTESIAN_POINT('Ctrl Pts',(20.9188426285982,19.,38.7130433320999));
#12682=CARTESIAN_POINT('Ctrl Pts',(21.5913069993258,20.,38.8927537202835));
#12683=CARTESIAN_POINT('Ctrl Pts',(21.4870427907143,20.,38.8403413653703));
#12684=CARTESIAN_POINT('Ctrl Pts',(21.2754104002941,20.,38.7339563258103));
#12685=CARTESIAN_POINT('Ctrl Pts',(21.0388550570119,20.,38.7200821599464));
#12686=CARTESIAN_POINT('Ctrl Pts',(20.9188426285982,20.,38.7130433320999));
#12687=CARTESIAN_POINT('Ctrl Pts',(21.5913069993258,19.,38.8927537202835));
#12688=CARTESIAN_POINT('Ctrl Pts',(21.4870427907143,19.,38.8403413653703));
#12689=CARTESIAN_POINT('Ctrl Pts',(21.2754104002941,19.,38.7339563258103));
#12690=CARTESIAN_POINT('Ctrl Pts',(21.0388550570119,19.,38.7200821599464));
#12691=CARTESIAN_POINT('Ctrl Pts',(20.9188426285982,19.,38.7130433320999));
#12692=CARTESIAN_POINT('Ctrl Pts',(20.5768168717623,20.,37.7159422636032));
#12693=CARTESIAN_POINT('Ctrl Pts',(20.5768168717623,19.,37.7159422636032));
#12694=CARTESIAN_POINT('Ctrl Pts',(20.8757016513004,20.,37.7419553876545));
#12695=CARTESIAN_POINT('Ctrl Pts',(20.8757016513004,19.,37.7419553876545));
#12696=CARTESIAN_POINT('Ctrl Pts',(21.4643385664548,20.,37.7931867856491));
#12697=CARTESIAN_POINT('Ctrl Pts',(21.4643385664548,19.,37.7931867856491));
#12698=CARTESIAN_POINT('Ctrl Pts',(21.9029421420761,20.,38.188177204056));
#12699=CARTESIAN_POINT('Ctrl Pts',(21.9029421420761,19.,38.188177204056));
#12700=CARTESIAN_POINT('Ctrl Pts',(22.118841484189,20.,38.382608294487));
#12701=CARTESIAN_POINT('Ctrl Pts',(22.118841484189,19.,38.382608294487));
#12702=CARTESIAN_POINT('',(20.5768168717623,20.,37.7159422636032));
#12703=CARTESIAN_POINT('',(22.118841484189,20.,38.382608294487));
#12704=CARTESIAN_POINT('Ctrl Pts',(20.5768168717623,20.,37.7159422636032));
#12705=CARTESIAN_POINT('Ctrl Pts',(20.8757016513004,20.,37.7419553876545));
#12706=CARTESIAN_POINT('Ctrl Pts',(21.4643385664548,20.,37.7931867856491));
#12707=CARTESIAN_POINT('Ctrl Pts',(21.9029421420761,20.,38.188177204056));
#12708=CARTESIAN_POINT('Ctrl Pts',(22.118841484189,20.,38.382608294487));
#12709=CARTESIAN_POINT('',(20.5768168717623,19.,37.7159422636032));
#12710=CARTESIAN_POINT('',(20.5768168717623,20.,37.7159422636032));
#12711=CARTESIAN_POINT('',(22.118841484189,19.,38.382608294487));
#12712=CARTESIAN_POINT('Ctrl Pts',(20.5768168717623,19.,37.7159422636032));
#12713=CARTESIAN_POINT('Ctrl Pts',(20.8757016513004,19.,37.7419553876545));
#12714=CARTESIAN_POINT('Ctrl Pts',(21.4643385664548,19.,37.7931867856491));
#12715=CARTESIAN_POINT('Ctrl Pts',(21.9029421420761,19.,38.188177204056));
#12716=CARTESIAN_POINT('Ctrl Pts',(22.118841484189,19.,38.382608294487));
#12717=CARTESIAN_POINT('',(22.118841484189,20.,38.382608294487));
#12718=CARTESIAN_POINT('Ctrl Pts',(19.2782557755709,20.,38.1333333253861));
#12719=CARTESIAN_POINT('Ctrl Pts',(19.2782557755709,19.,38.1333333253861));
#12720=CARTESIAN_POINT('Ctrl Pts',(19.4706481198397,20.,38.0116235448644));
#12721=CARTESIAN_POINT('Ctrl Pts',(19.4706481198397,19.,38.0116235448644));
#12722=CARTESIAN_POINT('Ctrl Pts',(19.8670117127662,20.,37.7608790254542));
#12723=CARTESIAN_POINT('Ctrl Pts',(19.8670117127662,19.,37.7608790254542));
#12724=CARTESIAN_POINT('Ctrl Pts',(20.3356517176592,20.,37.7312100888076));
#12725=CARTESIAN_POINT('Ctrl Pts',(20.3356517176592,19.,37.7312100888076));
#12726=CARTESIAN_POINT('Ctrl Pts',(20.5768168717623,20.,37.7159422636032));
#12727=CARTESIAN_POINT('Ctrl Pts',(20.5768168717623,19.,37.7159422636032));
#12728=CARTESIAN_POINT('',(19.2782557755709,20.,38.1333333253861));
#12729=CARTESIAN_POINT('Ctrl Pts',(19.2782557755709,20.,38.1333333253861));
#12730=CARTESIAN_POINT('Ctrl Pts',(19.4706481198397,20.,38.0116235448644));
#12731=CARTESIAN_POINT('Ctrl Pts',(19.8670117127662,20.,37.7608790254542));
#12732=CARTESIAN_POINT('Ctrl Pts',(20.3356517176592,20.,37.7312100888076));
#12733=CARTESIAN_POINT('Ctrl Pts',(20.5768168717623,20.,37.7159422636032));
#12734=CARTESIAN_POINT('',(19.2782557755709,19.,38.1333333253861));
#12735=CARTESIAN_POINT('',(19.2782557755709,20.,38.1333333253861));
#12736=CARTESIAN_POINT('Ctrl Pts',(19.2782557755709,19.,38.1333333253861));
#12737=CARTESIAN_POINT('Ctrl Pts',(19.4706481198397,19.,38.0116235448644));
#12738=CARTESIAN_POINT('Ctrl Pts',(19.8670117127662,19.,37.7608790254542));
#12739=CARTESIAN_POINT('Ctrl Pts',(20.3356517176592,19.,37.7312100888076));
#12740=CARTESIAN_POINT('Ctrl Pts',(20.5768168717623,19.,37.7159422636032));
#12741=CARTESIAN_POINT('Ctrl Pts',(18.4492839127779,20.,39.281160235405));
#12742=CARTESIAN_POINT('Ctrl Pts',(18.4492839127779,19.,39.281160235405));
#12743=CARTESIAN_POINT('Ctrl Pts',(18.5526987653428,20.,39.0535661478532));
#12744=CARTESIAN_POINT('Ctrl Pts',(18.5526987653428,19.,39.0535661478532));
#12745=CARTESIAN_POINT('Ctrl Pts',(18.7520734666679,20.,38.6147848499681));
#12746=CARTESIAN_POINT('Ctrl Pts',(18.7520734666679,19.,38.6147848499681));
#12747=CARTESIAN_POINT('Ctrl Pts',(19.1072890709708,20.,38.2897661419019));
#12748=CARTESIAN_POINT('Ctrl Pts',(19.1072890709708,19.,38.2897661419019));
#12749=CARTESIAN_POINT('Ctrl Pts',(19.2782557755709,20.,38.1333333253861));
#12750=CARTESIAN_POINT('Ctrl Pts',(19.2782557755709,19.,38.1333333253861));
#12751=CARTESIAN_POINT('',(18.4492839127779,20.,39.281160235405));
#12752=CARTESIAN_POINT('Ctrl Pts',(18.4492839127779,20.,39.281160235405));
#12753=CARTESIAN_POINT('Ctrl Pts',(18.5526987653428,20.,39.0535661478532));
#12754=CARTESIAN_POINT('Ctrl Pts',(18.7520734666679,20.,38.6147848499681));
#12755=CARTESIAN_POINT('Ctrl Pts',(19.1072890709708,20.,38.2897661419019));
#12756=CARTESIAN_POINT('Ctrl Pts',(19.2782557755709,20.,38.1333333253861));
#12757=CARTESIAN_POINT('',(18.4492839127779,19.,39.281160235405));
#12758=CARTESIAN_POINT('',(18.4492839127779,20.,39.281160235405));
#12759=CARTESIAN_POINT('Ctrl Pts',(18.4492839127779,19.,39.281160235405));
#12760=CARTESIAN_POINT('Ctrl Pts',(18.5526987653428,19.,39.0535661478532));
#12761=CARTESIAN_POINT('Ctrl Pts',(18.7520734666679,19.,38.6147848499681));
#12762=CARTESIAN_POINT('Ctrl Pts',(19.1072890709708,19.,38.2897661419019));
#12763=CARTESIAN_POINT('Ctrl Pts',(19.2782557755709,19.,38.1333333253861));
#12764=CARTESIAN_POINT('Ctrl Pts',(18.1594241410494,20.,40.9391301870346));
#12765=CARTESIAN_POINT('Ctrl Pts',(18.1594241410494,19.,40.9391301870346));
#12766=CARTESIAN_POINT('Ctrl Pts',(18.1691260544306,20.,40.6428185299182));
#12767=CARTESIAN_POINT('Ctrl Pts',(18.1691260544306,19.,40.6428185299182));
#12768=CARTESIAN_POINT('Ctrl Pts',(18.1876797155361,20.,40.0761606087745));
#12769=CARTESIAN_POINT('Ctrl Pts',(18.1876797155361,19.,40.0761606087745));
#12770=CARTESIAN_POINT('Ctrl Pts',(18.3647876597947,20.,39.5379395737267));
#12771=CARTESIAN_POINT('Ctrl Pts',(18.3647876597947,19.,39.5379395737267));
#12772=CARTESIAN_POINT('Ctrl Pts',(18.4492839127779,20.,39.281160235405));
#12773=CARTESIAN_POINT('Ctrl Pts',(18.4492839127779,19.,39.281160235405));
#12774=CARTESIAN_POINT('',(18.1594241410494,20.,40.9391301870346));
#12775=CARTESIAN_POINT('Ctrl Pts',(18.1594241410494,20.,40.9391301870346));
#12776=CARTESIAN_POINT('Ctrl Pts',(18.1691260544306,20.,40.6428185299182));
#12777=CARTESIAN_POINT('Ctrl Pts',(18.1876797155361,20.,40.0761606087745));
#12778=CARTESIAN_POINT('Ctrl Pts',(18.3647876597947,20.,39.5379395737267));
#12779=CARTESIAN_POINT('Ctrl Pts',(18.4492839127779,20.,39.281160235405));
#12780=CARTESIAN_POINT('',(18.1594241410494,19.,40.9391301870346));
#12781=CARTESIAN_POINT('',(18.1594241410494,20.,40.9391301870346));
#12782=CARTESIAN_POINT('Ctrl Pts',(18.1594241410494,19.,40.9391301870346));
#12783=CARTESIAN_POINT('Ctrl Pts',(18.1691260544306,19.,40.6428185299182));
#12784=CARTESIAN_POINT('Ctrl Pts',(18.1876797155361,19.,40.0761606087745));
#12785=CARTESIAN_POINT('Ctrl Pts',(18.3647876597947,19.,39.5379395737267));
#12786=CARTESIAN_POINT('Ctrl Pts',(18.4492839127779,19.,39.281160235405));
#12787=CARTESIAN_POINT('Ctrl Pts',(18.4086955338717,20.,42.6260870695114));
#12788=CARTESIAN_POINT('Ctrl Pts',(18.4086955338717,19.,42.6260870695114));
#12789=CARTESIAN_POINT('Ctrl Pts',(18.3360548245981,20.,42.3663102713305));
#12790=CARTESIAN_POINT('Ctrl Pts',(18.3360548245981,19.,42.3663102713305));
#12791=CARTESIAN_POINT('Ctrl Pts',(18.1818507610905,20.,41.8148476233872));
#12792=CARTESIAN_POINT('Ctrl Pts',(18.1818507610905,19.,41.8148476233872));
#12793=CARTESIAN_POINT('Ctrl Pts',(18.1671825937321,20.,41.2420832080853));
#12794=CARTESIAN_POINT('Ctrl Pts',(18.1671825937321,19.,41.2420832080853));
#12795=CARTESIAN_POINT('Ctrl Pts',(18.1594241410494,20.,40.9391301870346));
#12796=CARTESIAN_POINT('Ctrl Pts',(18.1594241410494,19.,40.9391301870346));
#12797=CARTESIAN_POINT('',(18.4086955338717,20.,42.6260870695114));
#12798=CARTESIAN_POINT('Ctrl Pts',(18.4086955338717,20.,42.6260870695114));
#12799=CARTESIAN_POINT('Ctrl Pts',(18.3360548245981,20.,42.3663102713305));
#12800=CARTESIAN_POINT('Ctrl Pts',(18.1818507610905,20.,41.8148476233872));
#12801=CARTESIAN_POINT('Ctrl Pts',(18.1671825937321,20.,41.2420832080853));
#12802=CARTESIAN_POINT('Ctrl Pts',(18.1594241410494,20.,40.9391301870346));
#12803=CARTESIAN_POINT('',(18.4086955338717,19.,42.6260870695114));
#12804=CARTESIAN_POINT('',(18.4086955338717,20.,42.6260870695114));
#12805=CARTESIAN_POINT('Ctrl Pts',(18.4086955338717,19.,42.6260870695114));
#12806=CARTESIAN_POINT('Ctrl Pts',(18.3360548245981,19.,42.3663102713305));
#12807=CARTESIAN_POINT('Ctrl Pts',(18.1818507610905,19.,41.8148476233872));
#12808=CARTESIAN_POINT('Ctrl Pts',(18.1671825937321,19.,41.2420832080853));
#12809=CARTESIAN_POINT('Ctrl Pts',(18.1594241410494,19.,40.9391301870346));
#12810=CARTESIAN_POINT('Ctrl Pts',(19.1623271256685,20.,43.7565225362778));
#12811=CARTESIAN_POINT('Ctrl Pts',(19.1623271256685,19.,43.7565225362778));
#12812=CARTESIAN_POINT('Ctrl Pts',(19.0031802440154,20.,43.6029900970732));
#12813=CARTESIAN_POINT('Ctrl Pts',(19.0031802440154,19.,43.6029900970732));
#12814=CARTESIAN_POINT('Ctrl Pts',(18.6700140659134,20.,43.2815774784084));
#12815=CARTESIAN_POINT('Ctrl Pts',(18.6700140659134,19.,43.2815774784084));
#12816=CARTESIAN_POINT('Ctrl Pts',(18.4983559626038,20.,42.8509909469071));
#12817=CARTESIAN_POINT('Ctrl Pts',(18.4983559626038,19.,42.8509909469071));
#12818=CARTESIAN_POINT('Ctrl Pts',(18.4086955338717,20.,42.6260870695114));
#12819=CARTESIAN_POINT('Ctrl Pts',(18.4086955338717,19.,42.6260870695114));
#12820=CARTESIAN_POINT('',(19.1623271256685,20.,43.7565225362778));
#12821=CARTESIAN_POINT('Ctrl Pts',(19.1623271256685,20.,43.7565225362778));
#12822=CARTESIAN_POINT('Ctrl Pts',(19.0031802440154,20.,43.6029900970732));
#12823=CARTESIAN_POINT('Ctrl Pts',(18.6700140659134,20.,43.2815774784084));
#12824=CARTESIAN_POINT('Ctrl Pts',(18.4983559626038,20.,42.8509909469071));
#12825=CARTESIAN_POINT('Ctrl Pts',(18.4086955338717,20.,42.6260870695114));
#12826=CARTESIAN_POINT('',(19.1623271256685,19.,43.7565225362778));
#12827=CARTESIAN_POINT('',(19.1623271256685,20.,43.7565225362778));
#12828=CARTESIAN_POINT('Ctrl Pts',(19.1623271256685,19.,43.7565225362778));
#12829=CARTESIAN_POINT('Ctrl Pts',(19.0031802440154,19.,43.6029900970732));
#12830=CARTESIAN_POINT('Ctrl Pts',(18.6700140659134,19.,43.2815774784084));
#12831=CARTESIAN_POINT('Ctrl Pts',(18.4983559626038,19.,42.8509909469071));
#12832=CARTESIAN_POINT('Ctrl Pts',(18.4086955338717,19.,42.6260870695114));
#12833=CARTESIAN_POINT('Ctrl Pts',(20.4608691483736,20.,44.1565221548081));
#12834=CARTESIAN_POINT('Ctrl Pts',(20.4608691483736,19.,44.1565221548081));
#12835=CARTESIAN_POINT('Ctrl Pts',(20.2147377277722,20.,44.1436841440779));
#12836=CARTESIAN_POINT('Ctrl Pts',(20.2147377277722,19.,44.1436841440779));
#12837=CARTESIAN_POINT('Ctrl Pts',(19.7472442056596,20.,44.1193000697548));
#12838=CARTESIAN_POINT('Ctrl Pts',(19.7472442056596,19.,44.1193000697548));
#12839=CARTESIAN_POINT('Ctrl Pts',(19.3502888256188,20.,43.8731002260542));
#12840=CARTESIAN_POINT('Ctrl Pts',(19.3502888256188,19.,43.8731002260542));
#12841=CARTESIAN_POINT('Ctrl Pts',(19.1623271256685,20.,43.7565225362778));
#12842=CARTESIAN_POINT('Ctrl Pts',(19.1623271256685,19.,43.7565225362778));
#12843=CARTESIAN_POINT('',(20.4608691483736,20.,44.1565221548081));
#12844=CARTESIAN_POINT('Ctrl Pts',(20.4608691483736,20.,44.1565221548081));
#12845=CARTESIAN_POINT('Ctrl Pts',(20.2147377277722,20.,44.1436841440779));
#12846=CARTESIAN_POINT('Ctrl Pts',(19.7472442056596,20.,44.1193000697548));
#12847=CARTESIAN_POINT('Ctrl Pts',(19.3502888256188,20.,43.8731002260542));
#12848=CARTESIAN_POINT('Ctrl Pts',(19.1623271256685,20.,43.7565225362778));
#12849=CARTESIAN_POINT('',(20.4608691483736,19.,44.1565221548081));
#12850=CARTESIAN_POINT('',(20.4608691483736,20.,44.1565221548081));
#12851=CARTESIAN_POINT('Ctrl Pts',(20.4608691483736,19.,44.1565221548081));
#12852=CARTESIAN_POINT('Ctrl Pts',(20.2147377277722,19.,44.1436841440779));
#12853=CARTESIAN_POINT('Ctrl Pts',(19.7472442056596,19.,44.1193000697548));
#12854=CARTESIAN_POINT('Ctrl Pts',(19.3502888256188,19.,43.8731002260542));
#12855=CARTESIAN_POINT('Ctrl Pts',(19.1623271256685,19.,43.7565225362778));
#12856=CARTESIAN_POINT('Ctrl Pts',(21.434780433774,20.,43.9188414812088));
#12857=CARTESIAN_POINT('Ctrl Pts',(21.434780433774,19.,43.9188414812088));
#12858=CARTESIAN_POINT('Ctrl Pts',(21.2836003705338,20.,43.9881557038543));
#12859=CARTESIAN_POINT('Ctrl Pts',(21.2836003705338,19.,43.9881557038543));
#12860=CARTESIAN_POINT('Ctrl Pts',(20.9744110340857,20.,44.1299152589626));
#12861=CARTESIAN_POINT('Ctrl Pts',(20.9744110340857,19.,44.1299152589626));
#12862=CARTESIAN_POINT('Ctrl Pts',(20.6345519857068,20.,44.1475235486736));
#12863=CARTESIAN_POINT('Ctrl Pts',(20.6345519857068,19.,44.1475235486736));
#12864=CARTESIAN_POINT('Ctrl Pts',(20.4608691483736,20.,44.1565221548081));
#12865=CARTESIAN_POINT('Ctrl Pts',(20.4608691483736,19.,44.1565221548081));
#12866=CARTESIAN_POINT('',(21.434780433774,20.,43.9188414812088));
#12867=CARTESIAN_POINT('Ctrl Pts',(21.434780433774,20.,43.9188414812088));
#12868=CARTESIAN_POINT('Ctrl Pts',(21.2836003705338,20.,43.9881557038543));
#12869=CARTESIAN_POINT('Ctrl Pts',(20.9744110340857,20.,44.1299152589626));
#12870=CARTESIAN_POINT('Ctrl Pts',(20.6345519857068,20.,44.1475235486736));
#12871=CARTESIAN_POINT('Ctrl Pts',(20.4608691483736,20.,44.1565221548081));
#12872=CARTESIAN_POINT('',(21.434780433774,19.,43.9188414812088));
#12873=CARTESIAN_POINT('',(21.434780433774,20.,43.9188414812088));
#12874=CARTESIAN_POINT('Ctrl Pts',(21.434780433774,19.,43.9188414812088));
#12875=CARTESIAN_POINT('Ctrl Pts',(21.2836003705338,19.,43.9881557038543));
#12876=CARTESIAN_POINT('Ctrl Pts',(20.9744110340857,19.,44.1299152589626));
#12877=CARTESIAN_POINT('Ctrl Pts',(20.6345519857068,19.,44.1475235486736));
#12878=CARTESIAN_POINT('Ctrl Pts',(20.4608691483736,19.,44.1565221548081));
#12879=CARTESIAN_POINT('Ctrl Pts',(22.1826136857271,20.,43.2463771104813));
#12880=CARTESIAN_POINT('Ctrl Pts',(22.1826136857271,19.,43.2463771104813));
#12881=CARTESIAN_POINT('Ctrl Pts',(22.0747190244941,20.,43.3822500360878));
#12882=CARTESIAN_POINT('Ctrl Pts',(22.0747190244941,19.,43.3822500360878));
#12883=CARTESIAN_POINT('Ctrl Pts',(21.8632119396486,20.,43.648603218683));
#12884=CARTESIAN_POINT('Ctrl Pts',(21.8632119396486,19.,43.648603218683));
#12885=CARTESIAN_POINT('Ctrl Pts',(21.5756502481908,20.,43.8299861720909));
#12886=CARTESIAN_POINT('Ctrl Pts',(21.5756502481908,19.,43.8299861720909));
#12887=CARTESIAN_POINT('Ctrl Pts',(21.434780433774,20.,43.9188414812088));
#12888=CARTESIAN_POINT('Ctrl Pts',(21.434780433774,19.,43.9188414812088));
#12889=CARTESIAN_POINT('',(22.1826136857271,20.,43.2463771104813));
#12890=CARTESIAN_POINT('Ctrl Pts',(22.1826136857271,20.,43.2463771104813));
#12891=CARTESIAN_POINT('Ctrl Pts',(22.0747190244941,20.,43.3822500360878));
#12892=CARTESIAN_POINT('Ctrl Pts',(21.8632119396486,20.,43.648603218683));
#12893=CARTESIAN_POINT('Ctrl Pts',(21.5756502481908,20.,43.8299861720909));
#12894=CARTESIAN_POINT('Ctrl Pts',(21.434780433774,20.,43.9188414812088));
#12895=CARTESIAN_POINT('',(22.1826136857271,19.,43.2463771104813));
#12896=CARTESIAN_POINT('',(22.1826136857271,20.,43.2463771104813));
#12897=CARTESIAN_POINT('Ctrl Pts',(22.1826136857271,19.,43.2463771104813));
#12898=CARTESIAN_POINT('Ctrl Pts',(22.0747190244941,19.,43.3822500360878));
#12899=CARTESIAN_POINT('Ctrl Pts',(21.8632119396486,19.,43.648603218683));
#12900=CARTESIAN_POINT('Ctrl Pts',(21.5756502481908,19.,43.8299861720909));
#12901=CARTESIAN_POINT('Ctrl Pts',(21.434780433774,19.,43.9188414812088));
#12902=CARTESIAN_POINT('Origin',(22.2753680497408,20.,44.0000003576279));
#12903=CARTESIAN_POINT('',(22.2753680497408,20.,44.0000003576279));
#12904=CARTESIAN_POINT('',(19.4418612282707,20.,20.9779395164411));
#12905=CARTESIAN_POINT('',(22.2753680497408,19.,44.0000003576279));
#12906=CARTESIAN_POINT('',(22.2753680497408,20.,44.0000003576279));
#12907=CARTESIAN_POINT('',(22.2753680497408,19.,44.0000003576279));
#12908=CARTESIAN_POINT('Origin',(23.4173930436373,20.,44.0000003576279));
#12909=CARTESIAN_POINT('',(23.4173930436373,20.,44.0000003576279));
#12910=CARTESIAN_POINT('',(11.7086965218186,20.,44.0000003576279));
#12911=CARTESIAN_POINT('',(23.4173930436373,19.,44.0000003576279));
#12912=CARTESIAN_POINT('',(23.4173930436373,20.,44.0000003576279));
#12913=CARTESIAN_POINT('',(23.4173930436373,19.,44.0000003576279));
#12914=CARTESIAN_POINT('Origin',(23.4173930436373,20.,35.4202896356583));
#12915=CARTESIAN_POINT('',(23.4173930436373,20.,35.4202896356583));
#12916=CARTESIAN_POINT('',(23.4173930436373,20.,17.7101448178291));
#12917=CARTESIAN_POINT('',(23.4173930436373,19.,35.4202896356583));
#12918=CARTESIAN_POINT('',(23.4173930436373,20.,35.4202896356583));
#12919=CARTESIAN_POINT('',(23.4173930436373,19.,35.4202896356583));
#12920=CARTESIAN_POINT('Origin',(22.118841484189,20.,35.2753621339798));
#12921=CARTESIAN_POINT('',(22.118841484189,20.,35.2753621339798));
#12922=CARTESIAN_POINT('',(9.25121218045182,20.,33.8392440576921));
#12923=CARTESIAN_POINT('',(22.118841484189,19.,35.2753621339798));
#12924=CARTESIAN_POINT('',(22.118841484189,20.,35.2753621339798));
#12925=CARTESIAN_POINT('',(22.118841484189,19.,35.2753621339798));
#12926=CARTESIAN_POINT('Origin',(22.118841484189,20.,38.382608294487));
#12927=CARTESIAN_POINT('',(22.118841484189,20.,19.1913041472435));
#12928=CARTESIAN_POINT('',(22.118841484189,19.,38.382608294487));
#12929=CARTESIAN_POINT('Origin',(-1.71363353729248E-6,19.,40.6927534937859));
#12930=CARTESIAN_POINT('Ctrl Pts',(8.46087105572224,20.,40.9275358915329));
#12931=CARTESIAN_POINT('Ctrl Pts',(8.46087105572224,19.,40.9275358915329));
#12932=CARTESIAN_POINT('Ctrl Pts',(8.45721123667582,20.,40.5946405340448));
#12933=CARTESIAN_POINT('Ctrl Pts',(8.45721123667582,19.,40.5946405340448));
#12934=CARTESIAN_POINT('Ctrl Pts',(8.45083624888751,20.,40.0147747505559));
#12935=CARTESIAN_POINT('Ctrl Pts',(8.45083624888751,19.,40.0147747505559));
#12936=CARTESIAN_POINT('Ctrl Pts',(8.21393566447547,20.,39.4880883951082));
#12937=CARTESIAN_POINT('Ctrl Pts',(8.21393566447547,19.,39.4880883951082));
#12938=CARTESIAN_POINT('Ctrl Pts',(8.11303742229939,20.,39.2637676000595));
#12939=CARTESIAN_POINT('Ctrl Pts',(8.11303742229939,19.,39.2637676000595));
#12940=CARTESIAN_POINT('',(8.46087105572224,20.,40.9275358915329));
#12941=CARTESIAN_POINT('',(8.11303742229939,20.,39.2637676000595));
#12942=CARTESIAN_POINT('Ctrl Pts',(8.46087105572224,20.,40.9275358915329));
#12943=CARTESIAN_POINT('Ctrl Pts',(8.45721123667582,20.,40.5946405340448));
#12944=CARTESIAN_POINT('Ctrl Pts',(8.45083624888751,20.,40.0147747505559));
#12945=CARTESIAN_POINT('Ctrl Pts',(8.21393566447547,20.,39.4880883951082));
#12946=CARTESIAN_POINT('Ctrl Pts',(8.11303742229939,20.,39.2637676000595));
#12947=CARTESIAN_POINT('',(8.46087105572224,19.,40.9275358915329));
#12948=CARTESIAN_POINT('',(8.46087105572224,20.,40.9275358915329));
#12949=CARTESIAN_POINT('',(8.11303742229939,19.,39.2637676000595));
#12950=CARTESIAN_POINT('Ctrl Pts',(8.46087105572224,19.,40.9275358915329));
#12951=CARTESIAN_POINT('Ctrl Pts',(8.45721123667582,19.,40.5946405340448));
#12952=CARTESIAN_POINT('Ctrl Pts',(8.45083624888751,19.,40.0147747505559));
#12953=CARTESIAN_POINT('Ctrl Pts',(8.21393566447547,19.,39.4880883951082));
#12954=CARTESIAN_POINT('Ctrl Pts',(8.11303742229939,19.,39.2637676000595));
#12955=CARTESIAN_POINT('',(8.11303742229939,20.,39.2637676000595));
#12956=CARTESIAN_POINT('Ctrl Pts',(8.1072486191988,20.,42.6144927740097));
#12957=CARTESIAN_POINT('Ctrl Pts',(8.1072486191988,19.,42.6144927740097));
#12958=CARTESIAN_POINT('Ctrl Pts',(8.2098196139555,20.,42.3873366108588));
#12959=CARTESIAN_POINT('Ctrl Pts',(8.2098196139555,19.,42.3873366108588));
#12960=CARTESIAN_POINT('Ctrl Pts',(8.45085935340061,20.,41.8535242742513));
#12961=CARTESIAN_POINT('Ctrl Pts',(8.45085935340061,19.,41.8535242742513));
#12962=CARTESIAN_POINT('Ctrl Pts',(8.45721815226783,20.,41.2653951339786));
#12963=CARTESIAN_POINT('Ctrl Pts',(8.45721815226783,19.,41.2653951339786));
#12964=CARTESIAN_POINT('Ctrl Pts',(8.46087105572224,20.,40.9275358915329));
#12965=CARTESIAN_POINT('Ctrl Pts',(8.46087105572224,19.,40.9275358915329));
#12966=CARTESIAN_POINT('',(8.1072486191988,20.,42.6144927740097));
#12967=CARTESIAN_POINT('Ctrl Pts',(8.1072486191988,20.,42.6144927740097));
#12968=CARTESIAN_POINT('Ctrl Pts',(8.2098196139555,20.,42.3873366108588));
#12969=CARTESIAN_POINT('Ctrl Pts',(8.45085935340061,20.,41.8535242742513));
#12970=CARTESIAN_POINT('Ctrl Pts',(8.45721815226783,20.,41.2653951339786));
#12971=CARTESIAN_POINT('Ctrl Pts',(8.46087105572224,20.,40.9275358915329));
#12972=CARTESIAN_POINT('',(8.1072486191988,19.,42.6144927740097));
#12973=CARTESIAN_POINT('',(8.1072486191988,20.,42.6144927740097));
#12974=CARTESIAN_POINT('Ctrl Pts',(8.1072486191988,19.,42.6144927740097));
#12975=CARTESIAN_POINT('Ctrl Pts',(8.2098196139555,19.,42.3873366108588));
#12976=CARTESIAN_POINT('Ctrl Pts',(8.45085935340061,19.,41.8535242742513));
#12977=CARTESIAN_POINT('Ctrl Pts',(8.45721815226783,19.,41.2653951339786));
#12978=CARTESIAN_POINT('Ctrl Pts',(8.46087105572224,19.,40.9275358915329));
#12979=CARTESIAN_POINT('Ctrl Pts',(7.05796845257282,20.,43.1536239385605));
#12980=CARTESIAN_POINT('Ctrl Pts',(7.05796845257282,19.,43.1536239385605));
#12981=CARTESIAN_POINT('Ctrl Pts',(7.27538211846902,20.,43.1336762566433));
#12982=CARTESIAN_POINT('Ctrl Pts',(7.27538211846902,19.,43.1336762566433));
#12983=CARTESIAN_POINT('Ctrl Pts',(7.69882413891981,20.,43.0948254939761));
#12984=CARTESIAN_POINT('Ctrl Pts',(7.69882413891981,19.,43.0948254939761));
#12985=CARTESIAN_POINT('Ctrl Pts',(7.97356953441108,20.,42.7717077341777));
#12986=CARTESIAN_POINT('Ctrl Pts',(7.97356953441108,19.,42.7717077341777));
#12987=CARTESIAN_POINT('Ctrl Pts',(8.1072486191988,20.,42.6144927740097));
#12988=CARTESIAN_POINT('Ctrl Pts',(8.1072486191988,19.,42.6144927740097));
#12989=CARTESIAN_POINT('',(7.05796845257282,20.,43.1536239385605));
#12990=CARTESIAN_POINT('Ctrl Pts',(7.05796845257282,20.,43.1536239385605));
#12991=CARTESIAN_POINT('Ctrl Pts',(7.27538211846902,20.,43.1336762566433));
#12992=CARTESIAN_POINT('Ctrl Pts',(7.69882413891981,20.,43.0948254939761));
#12993=CARTESIAN_POINT('Ctrl Pts',(7.97356953441108,20.,42.7717077341777));
#12994=CARTESIAN_POINT('Ctrl Pts',(8.1072486191988,20.,42.6144927740097));
#12995=CARTESIAN_POINT('',(7.05796845257282,19.,43.1536239385605));
#12996=CARTESIAN_POINT('',(7.05796845257282,20.,43.1536239385605));
#12997=CARTESIAN_POINT('Ctrl Pts',(7.05796845257282,19.,43.1536239385605));
#12998=CARTESIAN_POINT('Ctrl Pts',(7.27538211846902,19.,43.1336762566433));
#12999=CARTESIAN_POINT('Ctrl Pts',(7.69882413891981,19.,43.0948254939761));
#13000=CARTESIAN_POINT('Ctrl Pts',(7.97356953441108,19.,42.7717077341777));
#13001=CARTESIAN_POINT('Ctrl Pts',(8.1072486191988,19.,42.6144927740097));
#13002=CARTESIAN_POINT('Ctrl Pts',(6.00289948284626,20.,42.6202899217606));
#13003=CARTESIAN_POINT('Ctrl Pts',(6.00289948284626,19.,42.6202899217606));
#13004=CARTESIAN_POINT('Ctrl Pts',(6.13833587485157,20.,42.7758129925097));
#13005=CARTESIAN_POINT('Ctrl Pts',(6.13833587485157,19.,42.7758129925097));
#13006=CARTESIAN_POINT('Ctrl Pts',(6.41688279856071,20.,43.0956714314534));
#13007=CARTESIAN_POINT('Ctrl Pts',(6.41688279856071,19.,43.0956714314534));
#13008=CARTESIAN_POINT('Ctrl Pts',(6.84038399477281,20.,43.133954858839));
#13009=CARTESIAN_POINT('Ctrl Pts',(6.84038399477281,19.,43.133954858839));
#13010=CARTESIAN_POINT('Ctrl Pts',(7.05796845257282,20.,43.1536239385605));
#13011=CARTESIAN_POINT('Ctrl Pts',(7.05796845257282,19.,43.1536239385605));
#13012=CARTESIAN_POINT('',(6.00289948284626,20.,42.6202899217606));
#13013=CARTESIAN_POINT('Ctrl Pts',(6.00289948284626,20.,42.6202899217606));
#13014=CARTESIAN_POINT('Ctrl Pts',(6.13833587485157,20.,42.7758129925097));
#13015=CARTESIAN_POINT('Ctrl Pts',(6.41688279856071,20.,43.0956714314534));
#13016=CARTESIAN_POINT('Ctrl Pts',(6.84038399477281,20.,43.133954858839));
#13017=CARTESIAN_POINT('Ctrl Pts',(7.05796845257282,20.,43.1536239385605));
#13018=CARTESIAN_POINT('',(6.00289948284626,19.,42.6202899217606));
#13019=CARTESIAN_POINT('',(6.00289948284626,20.,42.6202899217606));
#13020=CARTESIAN_POINT('Ctrl Pts',(6.00289948284626,19.,42.6202899217606));
#13021=CARTESIAN_POINT('Ctrl Pts',(6.13833587485157,19.,42.7758129925097));
#13022=CARTESIAN_POINT('Ctrl Pts',(6.41688279856071,19.,43.0956714314534));
#13023=CARTESIAN_POINT('Ctrl Pts',(6.84038399477281,19.,43.133954858839));
#13024=CARTESIAN_POINT('Ctrl Pts',(7.05796845257282,19.,43.1536239385605));
#13025=CARTESIAN_POINT('Ctrl Pts',(5.65507538616657,20.,40.9391301870346));
#13026=CARTESIAN_POINT('Ctrl Pts',(5.65507538616657,19.,40.9391301870346));
#13027=CARTESIAN_POINT('Ctrl Pts',(5.65869252624498,20.,41.275358349737));
#13028=CARTESIAN_POINT('Ctrl Pts',(5.65869252624498,19.,41.275358349737));
#13029=CARTESIAN_POINT('Ctrl Pts',(5.66499052321202,20.,41.8607832719155));
#13030=CARTESIAN_POINT('Ctrl Pts',(5.66499052321202,19.,41.8607832719155));
#13031=CARTESIAN_POINT('Ctrl Pts',(5.90200848086337,20.,42.3935205960863));
#13032=CARTESIAN_POINT('Ctrl Pts',(5.90200848086337,19.,42.3935205960863));
#13033=CARTESIAN_POINT('Ctrl Pts',(6.00289948284626,20.,42.6202899217606));
#13034=CARTESIAN_POINT('Ctrl Pts',(6.00289948284626,19.,42.6202899217606));
#13035=CARTESIAN_POINT('',(5.65507538616657,20.,40.9391301870346));
#13036=CARTESIAN_POINT('Ctrl Pts',(5.65507538616657,20.,40.9391301870346));
#13037=CARTESIAN_POINT('Ctrl Pts',(5.65869252624498,20.,41.275358349737));
#13038=CARTESIAN_POINT('Ctrl Pts',(5.66499052321202,20.,41.8607832719155));
#13039=CARTESIAN_POINT('Ctrl Pts',(5.90200848086337,20.,42.3935205960863));
#13040=CARTESIAN_POINT('Ctrl Pts',(6.00289948284626,20.,42.6202899217606));
#13041=CARTESIAN_POINT('',(5.65507538616657,19.,40.9391301870346));
#13042=CARTESIAN_POINT('',(5.65507538616657,20.,40.9391301870346));
#13043=CARTESIAN_POINT('Ctrl Pts',(5.65507538616657,19.,40.9391301870346));
#13044=CARTESIAN_POINT('Ctrl Pts',(5.65869252624498,19.,41.275358349737));
#13045=CARTESIAN_POINT('Ctrl Pts',(5.66499052321202,19.,41.8607832719155));
#13046=CARTESIAN_POINT('Ctrl Pts',(5.90200848086337,19.,42.3935205960863));
#13047=CARTESIAN_POINT('Ctrl Pts',(6.00289948284626,19.,42.6202899217606));
#13048=CARTESIAN_POINT('Ctrl Pts',(6.00869782269001,20.,39.2637676000595));
#13049=CARTESIAN_POINT('Ctrl Pts',(6.00869782269001,19.,39.2637676000595));
#13050=CARTESIAN_POINT('Ctrl Pts',(5.90613220538629,20.,39.4889680951654));
#13051=CARTESIAN_POINT('Ctrl Pts',(5.90613220538629,19.,39.4889680951654));
#13052=CARTESIAN_POINT('Ctrl Pts',(5.66489219022564,20.,40.0186521382367));
#13053=CARTESIAN_POINT('Ctrl Pts',(5.66489219022564,19.,40.0186521382367));
#13054=CARTESIAN_POINT('Ctrl Pts',(5.65865866530821,20.,40.6031420413265));
#13055=CARTESIAN_POINT('Ctrl Pts',(5.65865866530821,19.,40.6031420413265));
#13056=CARTESIAN_POINT('Ctrl Pts',(5.65507538616657,20.,40.9391301870346));
#13057=CARTESIAN_POINT('Ctrl Pts',(5.65507538616657,19.,40.9391301870346));
#13058=CARTESIAN_POINT('',(6.00869782269001,20.,39.2637676000595));
#13059=CARTESIAN_POINT('Ctrl Pts',(6.00869782269001,20.,39.2637676000595));
#13060=CARTESIAN_POINT('Ctrl Pts',(5.90613220538629,20.,39.4889680951654));
#13061=CARTESIAN_POINT('Ctrl Pts',(5.66489219022564,20.,40.0186521382367));
#13062=CARTESIAN_POINT('Ctrl Pts',(5.65865866530821,20.,40.6031420413265));
#13063=CARTESIAN_POINT('Ctrl Pts',(5.65507538616657,20.,40.9391301870346));
#13064=CARTESIAN_POINT('',(6.00869782269001,19.,39.2637676000595));
#13065=CARTESIAN_POINT('',(6.00869782269001,20.,39.2637676000595));
#13066=CARTESIAN_POINT('Ctrl Pts',(6.00869782269001,19.,39.2637676000595));
#13067=CARTESIAN_POINT('Ctrl Pts',(5.90613220538629,19.,39.4889680951654));
#13068=CARTESIAN_POINT('Ctrl Pts',(5.66489219022564,19.,40.0186521382367));
#13069=CARTESIAN_POINT('Ctrl Pts',(5.65865866530821,19.,40.6031420413265));
#13070=CARTESIAN_POINT('Ctrl Pts',(5.65507538616657,19.,40.9391301870346));
#13071=CARTESIAN_POINT('Ctrl Pts',(7.06376679241657,20.,38.7246376276016));
#13072=CARTESIAN_POINT('Ctrl Pts',(7.06376679241657,19.,38.7246376276016));
#13073=CARTESIAN_POINT('Ctrl Pts',(6.84603428616393,20.,38.744735637425));
#13074=CARTESIAN_POINT('Ctrl Pts',(6.84603428616393,19.,38.744735637425));
#13075=CARTESIAN_POINT('Ctrl Pts',(6.42133197065515,20.,38.7839381959038));
#13076=CARTESIAN_POINT('Ctrl Pts',(6.42133197065515,19.,38.7839381959038));
#13077=CARTESIAN_POINT('Ctrl Pts',(6.14389899359605,20.,39.106549644161));
#13078=CARTESIAN_POINT('Ctrl Pts',(6.14389899359605,19.,39.106549644161));
#13079=CARTESIAN_POINT('Ctrl Pts',(6.00869782269001,20.,39.2637676000595));
#13080=CARTESIAN_POINT('Ctrl Pts',(6.00869782269001,19.,39.2637676000595));
#13081=CARTESIAN_POINT('',(7.06376679241657,20.,38.7246376276016));
#13082=CARTESIAN_POINT('Ctrl Pts',(7.06376679241657,20.,38.7246376276016));
#13083=CARTESIAN_POINT('Ctrl Pts',(6.84603428616393,20.,38.744735637425));
#13084=CARTESIAN_POINT('Ctrl Pts',(6.42133197065515,20.,38.7839381959038));
#13085=CARTESIAN_POINT('Ctrl Pts',(6.14389899359605,20.,39.106549644161));
#13086=CARTESIAN_POINT('Ctrl Pts',(6.00869782269001,20.,39.2637676000595));
#13087=CARTESIAN_POINT('',(7.06376679241657,19.,38.7246376276016));
#13088=CARTESIAN_POINT('',(7.06376679241657,20.,38.7246376276016));
#13089=CARTESIAN_POINT('Ctrl Pts',(7.06376679241657,19.,38.7246376276016));
#13090=CARTESIAN_POINT('Ctrl Pts',(6.84603428616393,19.,38.744735637425));
#13091=CARTESIAN_POINT('Ctrl Pts',(6.42133197065515,19.,38.7839381959038));
#13092=CARTESIAN_POINT('Ctrl Pts',(6.14389899359605,19.,39.106549644161));
#13093=CARTESIAN_POINT('Ctrl Pts',(6.00869782269001,19.,39.2637676000595));
#13094=CARTESIAN_POINT('Ctrl Pts',(8.11303742229939,20.,39.2637676000595));
#13095=CARTESIAN_POINT('Ctrl Pts',(8.11303742229939,19.,39.2637676000595));
#13096=CARTESIAN_POINT('Ctrl Pts',(7.97936159259615,20.,39.1065531491493));
#13097=CARTESIAN_POINT('Ctrl Pts',(7.97936159259615,19.,39.1065531491493));
#13098=CARTESIAN_POINT('Ctrl Pts',(7.70462103621576,20.,38.7834342591449));
#13099=CARTESIAN_POINT('Ctrl Pts',(7.70462103621576,19.,38.7834342591449));
#13100=CARTESIAN_POINT('Ctrl Pts',(7.28118088604395,20.,38.7445847785787));
#13101=CARTESIAN_POINT('Ctrl Pts',(7.28118088604395,19.,38.7445847785787));
#13102=CARTESIAN_POINT('Ctrl Pts',(7.06376679241657,20.,38.7246376276016));
#13103=CARTESIAN_POINT('Ctrl Pts',(7.06376679241657,19.,38.7246376276016));
#13104=CARTESIAN_POINT('Ctrl Pts',(8.11303742229939,20.,39.2637676000595));
#13105=CARTESIAN_POINT('Ctrl Pts',(7.97936159259615,20.,39.1065531491493));
#13106=CARTESIAN_POINT('Ctrl Pts',(7.70462103621576,20.,38.7834342591449));
#13107=CARTESIAN_POINT('Ctrl Pts',(7.28118088604395,20.,38.7445847785787));
#13108=CARTESIAN_POINT('Ctrl Pts',(7.06376679241657,20.,38.7246376276016));
#13109=CARTESIAN_POINT('Ctrl Pts',(8.11303742229939,19.,39.2637676000595));
#13110=CARTESIAN_POINT('Ctrl Pts',(7.97936159259615,19.,39.1065531491493));
#13111=CARTESIAN_POINT('Ctrl Pts',(7.70462103621576,19.,38.7834342591449));
#13112=CARTESIAN_POINT('Ctrl Pts',(7.28118088604395,19.,38.7445847785787));
#13113=CARTESIAN_POINT('Ctrl Pts',(7.06376679241657,19.,38.7246376276016));
#13114=CARTESIAN_POINT('Ctrl Pts',(4.61159355938435,20.,39.2637676000595));
#13115=CARTESIAN_POINT('Ctrl Pts',(4.61159355938435,19.,39.2637676000595));
#13116=CARTESIAN_POINT('Ctrl Pts',(4.72997662340855,20.,39.0352391094812));
#13117=CARTESIAN_POINT('Ctrl Pts',(4.72997662340855,19.,39.0352391094812));
#13118=CARTESIAN_POINT('Ctrl Pts',(4.96208822034577,20.,38.5871673068885));
#13119=CARTESIAN_POINT('Ctrl Pts',(4.96208822034577,19.,38.5871673068885));
#13120=CARTESIAN_POINT('Ctrl Pts',(5.36104461762852,20.,38.278684553718));
#13121=CARTESIAN_POINT('Ctrl Pts',(5.36104461762852,19.,38.278684553718));
#13122=CARTESIAN_POINT('Ctrl Pts',(5.55652268230915,20.,38.1275361776352));
#13123=CARTESIAN_POINT('Ctrl Pts',(5.55652268230915,19.,38.1275361776352));
#13124=CARTESIAN_POINT('',(4.61159355938435,20.,39.2637676000595));
#13125=CARTESIAN_POINT('',(5.55652268230915,20.,38.1275361776352));
#13126=CARTESIAN_POINT('Ctrl Pts',(4.61159355938435,20.,39.2637676000595));
#13127=CARTESIAN_POINT('Ctrl Pts',(4.72997662340855,20.,39.0352391094812));
#13128=CARTESIAN_POINT('Ctrl Pts',(4.96208822034577,20.,38.5871673068885));
#13129=CARTESIAN_POINT('Ctrl Pts',(5.36104461762852,20.,38.278684553718));
#13130=CARTESIAN_POINT('Ctrl Pts',(5.55652268230915,20.,38.1275361776352));
#13131=CARTESIAN_POINT('',(4.61159355938435,19.,39.2637676000595));
#13132=CARTESIAN_POINT('',(4.61159355938435,20.,39.2637676000595));
#13133=CARTESIAN_POINT('',(5.55652268230915,19.,38.1275361776352));
#13134=CARTESIAN_POINT('Ctrl Pts',(4.61159355938435,19.,39.2637676000595));
#13135=CARTESIAN_POINT('Ctrl Pts',(4.72997662340855,19.,39.0352391094812));
#13136=CARTESIAN_POINT('Ctrl Pts',(4.96208822034577,19.,38.5871673068885));
#13137=CARTESIAN_POINT('Ctrl Pts',(5.36104461762852,19.,38.278684553718));
#13138=CARTESIAN_POINT('Ctrl Pts',(5.55652268230915,19.,38.1275361776352));
#13139=CARTESIAN_POINT('',(5.55652268230915,20.,38.1275361776352));
#13140=CARTESIAN_POINT('Ctrl Pts',(4.29275639355183,20.,40.9391301870346));
#13141=CARTESIAN_POINT('Ctrl Pts',(4.29275639355183,19.,40.9391301870346));
#13142=CARTESIAN_POINT('Ctrl Pts',(4.3033529834028,20.,40.6379408279694));
#13143=CARTESIAN_POINT('Ctrl Pts',(4.3033529834028,19.,40.6379408279694));
#13144=CARTESIAN_POINT('Ctrl Pts',(4.32359232816067,20.,40.062673184203));
#13145=CARTESIAN_POINT('Ctrl Pts',(4.32359232816067,19.,40.062673184203));
#13146=CARTESIAN_POINT('Ctrl Pts',(4.5186574766883,20.,39.5215691209726));
#13147=CARTESIAN_POINT('Ctrl Pts',(4.5186574766883,19.,39.5215691209726));
#13148=CARTESIAN_POINT('Ctrl Pts',(4.61159355938435,20.,39.2637676000595));
#13149=CARTESIAN_POINT('Ctrl Pts',(4.61159355938435,19.,39.2637676000595));
#13150=CARTESIAN_POINT('',(4.29275639355183,20.,40.9391301870346));
#13151=CARTESIAN_POINT('Ctrl Pts',(4.29275639355183,20.,40.9391301870346));
#13152=CARTESIAN_POINT('Ctrl Pts',(4.3033529834028,20.,40.6379408279694));
#13153=CARTESIAN_POINT('Ctrl Pts',(4.32359232816067,20.,40.062673184203));
#13154=CARTESIAN_POINT('Ctrl Pts',(4.5186574766883,20.,39.5215691209726));
#13155=CARTESIAN_POINT('Ctrl Pts',(4.61159355938435,20.,39.2637676000595));
#13156=CARTESIAN_POINT('',(4.29275639355183,19.,40.9391301870346));
#13157=CARTESIAN_POINT('',(4.29275639355183,20.,40.9391301870346));
#13158=CARTESIAN_POINT('Ctrl Pts',(4.29275639355183,19.,40.9391301870346));
#13159=CARTESIAN_POINT('Ctrl Pts',(4.3033529834028,19.,40.6379408279694));
#13160=CARTESIAN_POINT('Ctrl Pts',(4.32359232816067,19.,40.062673184203));
#13161=CARTESIAN_POINT('Ctrl Pts',(4.5186574766883,19.,39.5215691209726));
#13162=CARTESIAN_POINT('Ctrl Pts',(4.61159355938435,19.,39.2637676000595));
#13163=CARTESIAN_POINT('Ctrl Pts',(5.00579483807087,20.,43.2927542924881));
#13164=CARTESIAN_POINT('Ctrl Pts',(5.00579483807087,19.,43.2927542924881));
#13165=CARTESIAN_POINT('Ctrl Pts',(4.79814081769526,20.,42.9610236615187));
#13166=CARTESIAN_POINT('Ctrl Pts',(4.79814081769526,19.,42.9610236615187));
#13167=CARTESIAN_POINT('Ctrl Pts',(4.34905209715365,20.,42.2435972213418));
#13168=CARTESIAN_POINT('Ctrl Pts',(4.34905209715365,19.,42.2435972213418));
#13169=CARTESIAN_POINT('Ctrl Pts',(4.31243963080655,20.,41.3952242134785));
#13170=CARTESIAN_POINT('Ctrl Pts',(4.31243963080655,19.,41.3952242134785));
#13171=CARTESIAN_POINT('Ctrl Pts',(4.29275639355183,20.,40.9391301870346));
#13172=CARTESIAN_POINT('Ctrl Pts',(4.29275639355183,19.,40.9391301870346));
#13173=CARTESIAN_POINT('',(5.00579483807087,20.,43.2927542924881));
#13174=CARTESIAN_POINT('Ctrl Pts',(5.00579483807087,20.,43.2927542924881));
#13175=CARTESIAN_POINT('Ctrl Pts',(4.79814081769526,20.,42.9610236615187));
#13176=CARTESIAN_POINT('Ctrl Pts',(4.34905209715365,20.,42.2435972213418));
#13177=CARTESIAN_POINT('Ctrl Pts',(4.31243963080655,20.,41.3952242134785));
#13178=CARTESIAN_POINT('Ctrl Pts',(4.29275639355183,20.,40.9391301870346));
#13179=CARTESIAN_POINT('',(5.00579483807087,19.,43.2927542924881));
#13180=CARTESIAN_POINT('',(5.00579483807087,20.,43.2927542924881));
#13181=CARTESIAN_POINT('Ctrl Pts',(5.00579483807087,19.,43.2927542924881));
#13182=CARTESIAN_POINT('Ctrl Pts',(4.79814081769526,19.,42.9610236615187));
#13183=CARTESIAN_POINT('Ctrl Pts',(4.34905209715365,19.,42.2435972213418));
#13184=CARTESIAN_POINT('Ctrl Pts',(4.31243963080655,19.,41.3952242134785));
#13185=CARTESIAN_POINT('Ctrl Pts',(4.29275639355183,19.,40.9391301870346));
#13186=CARTESIAN_POINT('Ctrl Pts',(7.05796845257282,20.,44.1565221548081));
#13187=CARTESIAN_POINT('Ctrl Pts',(7.05796845257282,19.,44.1565221548081));
#13188=CARTESIAN_POINT('Ctrl Pts',(6.64461103073034,20.,44.1285543607892));
#13189=CARTESIAN_POINT('Ctrl Pts',(6.64461103073034,19.,44.1285543607892));
#13190=CARTESIAN_POINT('Ctrl Pts',(5.85840694787652,20.,44.0753597338533));
#13191=CARTESIAN_POINT('Ctrl Pts',(5.85840694787652,19.,44.0753597338533));
#13192=CARTESIAN_POINT('Ctrl Pts',(5.28006546855142,20.,43.5445049835142));
#13193=CARTESIAN_POINT('Ctrl Pts',(5.28006546855142,19.,43.5445049835142));
#13194=CARTESIAN_POINT('Ctrl Pts',(5.00579483807087,20.,43.2927542924881));
#13195=CARTESIAN_POINT('Ctrl Pts',(5.00579483807087,19.,43.2927542924881));
#13196=CARTESIAN_POINT('',(7.05796845257282,20.,44.1565221548081));
#13197=CARTESIAN_POINT('Ctrl Pts',(7.05796845257282,20.,44.1565221548081));
#13198=CARTESIAN_POINT('Ctrl Pts',(6.64461103073034,20.,44.1285543607892));
#13199=CARTESIAN_POINT('Ctrl Pts',(5.85840694787652,20.,44.0753597338533));
#13200=CARTESIAN_POINT('Ctrl Pts',(5.28006546855142,20.,43.5445049835142));
#13201=CARTESIAN_POINT('Ctrl Pts',(5.00579483807087,20.,43.2927542924881));
#13202=CARTESIAN_POINT('',(7.05796845257282,19.,44.1565221548081));
#13203=CARTESIAN_POINT('',(7.05796845257282,20.,44.1565221548081));
#13204=CARTESIAN_POINT('Ctrl Pts',(7.05796845257282,19.,44.1565221548081));
#13205=CARTESIAN_POINT('Ctrl Pts',(6.64461103073034,19.,44.1285543607892));
#13206=CARTESIAN_POINT('Ctrl Pts',(5.85840694787652,19.,44.0753597338533));
#13207=CARTESIAN_POINT('Ctrl Pts',(5.28006546855142,19.,43.5445049835142));
#13208=CARTESIAN_POINT('Ctrl Pts',(5.00579483807087,19.,43.2927542924881));
#13209=CARTESIAN_POINT('Ctrl Pts',(8.55941422283649,20.,43.7565225362778));
#13210=CARTESIAN_POINT('Ctrl Pts',(8.55941422283649,19.,43.7565225362778));
#13211=CARTESIAN_POINT('Ctrl Pts',(8.336431266021,20.,43.8731081748566));
#13212=CARTESIAN_POINT('Ctrl Pts',(8.336431266021,19.,43.8731081748566));
#13213=CARTESIAN_POINT('Ctrl Pts',(7.86674703139607,20.,44.1186804697359));
#13214=CARTESIAN_POINT('Ctrl Pts',(7.86674703139607,19.,44.1186804697359));
#13215=CARTESIAN_POINT('Ctrl Pts',(7.33648707892327,20.,44.1434906349075));
#13216=CARTESIAN_POINT('Ctrl Pts',(7.33648707892327,19.,44.1434906349075));
#13217=CARTESIAN_POINT('Ctrl Pts',(7.05796845257282,20.,44.1565221548081));
#13218=CARTESIAN_POINT('Ctrl Pts',(7.05796845257282,19.,44.1565221548081));
#13219=CARTESIAN_POINT('',(8.55941422283649,20.,43.7565225362778));
#13220=CARTESIAN_POINT('Ctrl Pts',(8.55941422283649,20.,43.7565225362778));
#13221=CARTESIAN_POINT('Ctrl Pts',(8.336431266021,20.,43.8731081748566));
#13222=CARTESIAN_POINT('Ctrl Pts',(7.86674703139607,20.,44.1186804697359));
#13223=CARTESIAN_POINT('Ctrl Pts',(7.33648707892327,20.,44.1434906349075));
#13224=CARTESIAN_POINT('Ctrl Pts',(7.05796845257282,20.,44.1565221548081));
#13225=CARTESIAN_POINT('',(8.55941422283649,19.,43.7565225362778));
#13226=CARTESIAN_POINT('',(8.55941422283649,20.,43.7565225362778));
#13227=CARTESIAN_POINT('Ctrl Pts',(8.55941422283649,19.,43.7565225362778));
#13228=CARTESIAN_POINT('Ctrl Pts',(8.336431266021,19.,43.8731081748566));
#13229=CARTESIAN_POINT('Ctrl Pts',(7.86674703139607,19.,44.1186804697359));
#13230=CARTESIAN_POINT('Ctrl Pts',(7.33648707892327,19.,44.1434906349075));
#13231=CARTESIAN_POINT('Ctrl Pts',(7.05796845257282,19.,44.1565221548081));
#13232=CARTESIAN_POINT('Ctrl Pts',(9.49855454266071,20.,42.6260870695114));
#13233=CARTESIAN_POINT('Ctrl Pts',(9.49855454266071,19.,42.6260870695114));
#13234=CARTESIAN_POINT('Ctrl Pts',(9.38157866330684,20.,42.8531128401253));
#13235=CARTESIAN_POINT('Ctrl Pts',(9.38157866330684,19.,42.8531128401253));
#13236=CARTESIAN_POINT('Ctrl Pts',(9.15165483929576,20.,43.2993470006798));
#13237=CARTESIAN_POINT('Ctrl Pts',(9.15165483929576,19.,43.2993470006798));
#13238=CARTESIAN_POINT('Ctrl Pts',(8.75450861813013,20.,43.605920935878));
#13239=CARTESIAN_POINT('Ctrl Pts',(8.75450861813013,19.,43.605920935878));
#13240=CARTESIAN_POINT('Ctrl Pts',(8.55941422283649,20.,43.7565225362778));
#13241=CARTESIAN_POINT('Ctrl Pts',(8.55941422283649,19.,43.7565225362778));
#13242=CARTESIAN_POINT('',(9.49855454266071,20.,42.6260870695114));
#13243=CARTESIAN_POINT('Ctrl Pts',(9.49855454266071,20.,42.6260870695114));
#13244=CARTESIAN_POINT('Ctrl Pts',(9.38157866330684,20.,42.8531128401253));
#13245=CARTESIAN_POINT('Ctrl Pts',(9.15165483929576,20.,43.2993470006798));
#13246=CARTESIAN_POINT('Ctrl Pts',(8.75450861813013,20.,43.605920935878));
#13247=CARTESIAN_POINT('Ctrl Pts',(8.55941422283649,20.,43.7565225362778));
#13248=CARTESIAN_POINT('',(9.49855454266071,19.,42.6260870695114));
#13249=CARTESIAN_POINT('',(9.49855454266071,20.,42.6260870695114));
#13250=CARTESIAN_POINT('Ctrl Pts',(9.49855454266071,19.,42.6260870695114));
#13251=CARTESIAN_POINT('Ctrl Pts',(9.38157866330684,19.,42.8531128401253));
#13252=CARTESIAN_POINT('Ctrl Pts',(9.15165483929576,19.,43.2993470006798));
#13253=CARTESIAN_POINT('Ctrl Pts',(8.75450861813013,19.,43.605920935878));
#13254=CARTESIAN_POINT('Ctrl Pts',(8.55941422283649,19.,43.7565225362778));
#13255=CARTESIAN_POINT('Ctrl Pts',(9.8231852799654,20.,40.9275358915329));
#13256=CARTESIAN_POINT('Ctrl Pts',(9.8231852799654,19.,40.9275358915329));
#13257=CARTESIAN_POINT('Ctrl Pts',(9.81274098071527,20.,41.2346714486243));
#13258=CARTESIAN_POINT('Ctrl Pts',(9.81274098071527,19.,41.2346714486243));
#13259=CARTESIAN_POINT('Ctrl Pts',(9.79289593158672,20.,41.8182549015329));
#13260=CARTESIAN_POINT('Ctrl Pts',(9.79289593158672,19.,41.8182549015329));
#13261=CARTESIAN_POINT('Ctrl Pts',(9.5931674399011,20.,42.3664180430952));
#13262=CARTESIAN_POINT('Ctrl Pts',(9.5931674399011,19.,42.3664180430952));
#13263=CARTESIAN_POINT('Ctrl Pts',(9.49855454266071,20.,42.6260870695114));
#13264=CARTESIAN_POINT('Ctrl Pts',(9.49855454266071,19.,42.6260870695114));
#13265=CARTESIAN_POINT('',(9.8231852799654,20.,40.9275358915329));
#13266=CARTESIAN_POINT('Ctrl Pts',(9.8231852799654,20.,40.9275358915329));
#13267=CARTESIAN_POINT('Ctrl Pts',(9.81274098071527,20.,41.2346714486243));
#13268=CARTESIAN_POINT('Ctrl Pts',(9.79289593158672,20.,41.8182549015329));
#13269=CARTESIAN_POINT('Ctrl Pts',(9.5931674399011,20.,42.3664180430952));
#13270=CARTESIAN_POINT('Ctrl Pts',(9.49855454266071,20.,42.6260870695114));
#13271=CARTESIAN_POINT('',(9.8231852799654,19.,40.9275358915329));
#13272=CARTESIAN_POINT('',(9.8231852799654,20.,40.9275358915329));
#13273=CARTESIAN_POINT('Ctrl Pts',(9.8231852799654,19.,40.9275358915329));
#13274=CARTESIAN_POINT('Ctrl Pts',(9.81274098071527,19.,41.2346714486243));
#13275=CARTESIAN_POINT('Ctrl Pts',(9.79289593158672,19.,41.8182549015329));
#13276=CARTESIAN_POINT('Ctrl Pts',(9.5931674399011,19.,42.3664180430952));
#13277=CARTESIAN_POINT('Ctrl Pts',(9.49855454266071,19.,42.6260870695114));
#13278=CARTESIAN_POINT('Ctrl Pts',(9.11594040691853,20.,38.5913044214249));
#13279=CARTESIAN_POINT('Ctrl Pts',(9.11594040691853,19.,38.5913044214249));
#13280=CARTESIAN_POINT('Ctrl Pts',(9.32194518226558,20.,38.9226523544863));
#13281=CARTESIAN_POINT('Ctrl Pts',(9.32194518226558,19.,38.9226523544863));
#13282=CARTESIAN_POINT('Ctrl Pts',(9.76528948913655,20.,39.6357485410614));
#13283=CARTESIAN_POINT('Ctrl Pts',(9.76528948913655,19.,39.6357485410614));
#13284=CARTESIAN_POINT('Ctrl Pts',(9.80299828697769,20.,40.4771179628328));
#13285=CARTESIAN_POINT('Ctrl Pts',(9.80299828697769,19.,40.4771179628328));
#13286=CARTESIAN_POINT('Ctrl Pts',(9.8231852799654,20.,40.9275358915329));
#13287=CARTESIAN_POINT('Ctrl Pts',(9.8231852799654,19.,40.9275358915329));
#13288=CARTESIAN_POINT('',(9.11594040691853,20.,38.5913044214249));
#13289=CARTESIAN_POINT('Ctrl Pts',(9.11594040691853,20.,38.5913044214249));
#13290=CARTESIAN_POINT('Ctrl Pts',(9.32194518226558,20.,38.9226523544863));
#13291=CARTESIAN_POINT('Ctrl Pts',(9.76528948913655,20.,39.6357485410614));
#13292=CARTESIAN_POINT('Ctrl Pts',(9.80299828697769,20.,40.4771179628328));
#13293=CARTESIAN_POINT('Ctrl Pts',(9.8231852799654,20.,40.9275358915329));
#13294=CARTESIAN_POINT('',(9.11594040691853,19.,38.5913044214249));
#13295=CARTESIAN_POINT('',(9.11594040691853,20.,38.5913044214249));
#13296=CARTESIAN_POINT('Ctrl Pts',(9.11594040691853,19.,38.5913044214249));
#13297=CARTESIAN_POINT('Ctrl Pts',(9.32194518226558,19.,38.9226523544863));
#13298=CARTESIAN_POINT('Ctrl Pts',(9.76528948913655,19.,39.6357485410614));
#13299=CARTESIAN_POINT('Ctrl Pts',(9.80299828697769,19.,40.4771179628328));
#13300=CARTESIAN_POINT('Ctrl Pts',(9.8231852799654,19.,40.9275358915329));
#13301=CARTESIAN_POINT('Ctrl Pts',(7.06376679241657,20.,37.7159422636032));
#13302=CARTESIAN_POINT('Ctrl Pts',(7.06376679241657,19.,37.7159422636032));
#13303=CARTESIAN_POINT('Ctrl Pts',(7.47861668973572,20.,37.7442748755164));
#13304=CARTESIAN_POINT('Ctrl Pts',(7.47861668973572,19.,37.7442748755164));
#13305=CARTESIAN_POINT('Ctrl Pts',(8.26761142728138,20.,37.7981601044748));
#13306=CARTESIAN_POINT('Ctrl Pts',(8.26761142728138,19.,37.7981601044748));
#13307=CARTESIAN_POINT('Ctrl Pts',(8.84306007801269,20.,38.3361752353729));
#13308=CARTESIAN_POINT('Ctrl Pts',(8.84306007801269,19.,38.3361752353729));
#13309=CARTESIAN_POINT('Ctrl Pts',(9.11594040691853,20.,38.5913044214249));
#13310=CARTESIAN_POINT('Ctrl Pts',(9.11594040691853,19.,38.5913044214249));
#13311=CARTESIAN_POINT('',(7.06376679241657,20.,37.7159422636032));
#13312=CARTESIAN_POINT('Ctrl Pts',(7.06376679241657,20.,37.7159422636032));
#13313=CARTESIAN_POINT('Ctrl Pts',(7.47861668973572,20.,37.7442748755164));
#13314=CARTESIAN_POINT('Ctrl Pts',(8.26761142728138,20.,37.7981601044748));
#13315=CARTESIAN_POINT('Ctrl Pts',(8.84306007801269,20.,38.3361752353729));
#13316=CARTESIAN_POINT('Ctrl Pts',(9.11594040691853,20.,38.5913044214249));
#13317=CARTESIAN_POINT('',(7.06376679241657,19.,37.7159422636032));
#13318=CARTESIAN_POINT('',(7.06376679241657,20.,37.7159422636032));
#13319=CARTESIAN_POINT('Ctrl Pts',(7.06376679241657,19.,37.7159422636032));
#13320=CARTESIAN_POINT('Ctrl Pts',(7.47861668973572,19.,37.7442748755164));
#13321=CARTESIAN_POINT('Ctrl Pts',(8.26761142728138,19.,37.7981601044748));
#13322=CARTESIAN_POINT('Ctrl Pts',(8.84306007801269,19.,38.3361752353729));
#13323=CARTESIAN_POINT('Ctrl Pts',(9.11594040691853,19.,38.5913044214249));
#13324=CARTESIAN_POINT('Ctrl Pts',(5.55652268230915,20.,38.1275361776352));
#13325=CARTESIAN_POINT('Ctrl Pts',(5.55652268230915,19.,38.1275361776352));
#13326=CARTESIAN_POINT('Ctrl Pts',(5.78071410371559,20.,38.0075593687021));
#13327=CARTESIAN_POINT('Ctrl Pts',(5.78071410371559,19.,38.0075593687021));
#13328=CARTESIAN_POINT('Ctrl Pts',(6.25100622639122,20.,37.7558809244912));
#13329=CARTESIAN_POINT('Ctrl Pts',(6.25100622639122,19.,37.7558809244912));
#13330=CARTESIAN_POINT('Ctrl Pts',(6.78456111282673,20.,37.7296622955797));
#13331=CARTESIAN_POINT('Ctrl Pts',(6.78456111282673,19.,37.7296622955797));
#13332=CARTESIAN_POINT('Ctrl Pts',(7.06376679241657,20.,37.7159422636032));
#13333=CARTESIAN_POINT('Ctrl Pts',(7.06376679241657,19.,37.7159422636032));
#13334=CARTESIAN_POINT('Ctrl Pts',(5.55652268230915,20.,38.1275361776352));
#13335=CARTESIAN_POINT('Ctrl Pts',(5.78071410371559,20.,38.0075593687021));
#13336=CARTESIAN_POINT('Ctrl Pts',(6.25100622639122,20.,37.7558809244912));
#13337=CARTESIAN_POINT('Ctrl Pts',(6.78456111282673,20.,37.7296622955797));
#13338=CARTESIAN_POINT('Ctrl Pts',(7.06376679241657,20.,37.7159422636032));
#13339=CARTESIAN_POINT('Ctrl Pts',(5.55652268230915,19.,38.1275361776352));
#13340=CARTESIAN_POINT('Ctrl Pts',(5.78071410371559,19.,38.0075593687021));
#13341=CARTESIAN_POINT('Ctrl Pts',(6.25100622639122,19.,37.7558809244912));
#13342=CARTESIAN_POINT('Ctrl Pts',(6.78456111282673,19.,37.7296622955797));
#13343=CARTESIAN_POINT('Ctrl Pts',(7.06376679241657,19.,37.7159422636032));
#13344=CARTESIAN_POINT('Origin',(-1.71363353729248E-6,19.,40.6927534937859));
#13345=CARTESIAN_POINT('Origin',(56.8202937394381,20.,35.9999996423721));
#13346=CARTESIAN_POINT('',(56.8202937394381,20.,35.9999996423721));
#13347=CARTESIAN_POINT('',(56.8202937394381,20.,42.9797106981277));
#13348=CARTESIAN_POINT('',(56.8202937394381,20.,17.9999998211861));
#13349=CARTESIAN_POINT('',(56.8202937394381,19.,35.9999996423721));
#13350=CARTESIAN_POINT('',(56.8202937394381,20.,35.9999996423721));
#13351=CARTESIAN_POINT('',(56.8202937394381,19.,42.9797106981277));
#13352=CARTESIAN_POINT('',(56.8202937394381,19.,35.9999996423721));
#13353=CARTESIAN_POINT('',(56.8202937394381,20.,42.9797106981277));
#13354=CARTESIAN_POINT('Origin',(55.6724608689547,20.,35.9999996423721));
#13355=CARTESIAN_POINT('',(55.6724608689547,20.,35.9999996423721));
#13356=CARTESIAN_POINT('',(27.8362304344773,20.,35.9999996423721));
#13357=CARTESIAN_POINT('',(55.6724608689547,19.,35.9999996423721));
#13358=CARTESIAN_POINT('',(55.6724608689547,20.,35.9999996423721));
#13359=CARTESIAN_POINT('',(55.6724608689547,19.,35.9999996423721));
#13360=CARTESIAN_POINT('Origin',(53.2144892960787,20.,37.5072461366653));
#13361=CARTESIAN_POINT('',(53.2144892960787,20.,37.5072461366653));
#13362=CARTESIAN_POINT('',(42.2354729937099,20.,44.2396607891144));
#13363=CARTESIAN_POINT('',(53.2144892960787,19.,37.5072461366653));
#13364=CARTESIAN_POINT('',(53.2144892960787,20.,37.5072461366653));
#13365=CARTESIAN_POINT('',(53.2144892960787,19.,37.5072461366653));
#13366=CARTESIAN_POINT('Origin',(53.7710154801607,20.,38.4173911809921));
#13367=CARTESIAN_POINT('',(53.7710154801607,20.,38.4173911809921));
#13368=CARTESIAN_POINT('',(37.9052493291122,20.,12.4704566973202));
#13369=CARTESIAN_POINT('',(53.7710154801607,19.,38.4173911809921));
#13370=CARTESIAN_POINT('',(53.7710154801607,20.,38.4173911809921));
#13371=CARTESIAN_POINT('',(53.7710154801607,19.,38.4173911809921));
#13372=CARTESIAN_POINT('Origin',(55.5333293229342,20.,37.3333334922791));
#13373=CARTESIAN_POINT('',(55.5333293229342,20.,37.3333334922791));
#13374=CARTESIAN_POINT('',(43.7194065760282,20.,44.6004691617638));
#13375=CARTESIAN_POINT('',(55.5333293229342,19.,37.3333334922791));
#13376=CARTESIAN_POINT('',(55.5333293229342,20.,37.3333334922791));
#13377=CARTESIAN_POINT('',(55.5333293229342,19.,37.3333334922791));
#13378=CARTESIAN_POINT('Origin',(55.5333293229342,20.,42.9797106981277));
#13379=CARTESIAN_POINT('',(55.5333293229342,20.,42.9797106981277));
#13380=CARTESIAN_POINT('',(55.5333293229342,20.,21.4898553490639));
#13381=CARTESIAN_POINT('',(55.5333293229342,19.,42.9797106981277));
#13382=CARTESIAN_POINT('',(55.5333293229342,20.,42.9797106981277));
#13383=CARTESIAN_POINT('',(55.5333293229342,19.,42.9797106981277));
#13384=CARTESIAN_POINT('Origin',(53.5797084122896,20.,42.9797106981277));
#13385=CARTESIAN_POINT('',(53.5797084122896,20.,42.9797106981277));
#13386=CARTESIAN_POINT('',(26.7898542061448,20.,42.9797106981277));
#13387=CARTESIAN_POINT('',(53.5797084122896,19.,42.9797106981277));
#13388=CARTESIAN_POINT('',(53.5797084122896,20.,42.9797106981277));
#13389=CARTESIAN_POINT('',(53.5797084122896,19.,42.9797106981277));
#13390=CARTESIAN_POINT('Origin',(53.5797084122896,20.,44.0000003576279));
#13391=CARTESIAN_POINT('',(53.5797084122896,20.,44.0000003576279));
#13392=CARTESIAN_POINT('',(53.5797084122896,20.,22.0000001788139));
#13393=CARTESIAN_POINT('',(53.5797084122896,19.,44.0000003576279));
#13394=CARTESIAN_POINT('',(53.5797084122896,20.,44.0000003576279));
#13395=CARTESIAN_POINT('',(53.5797084122896,19.,44.0000003576279));
#13396=CARTESIAN_POINT('Origin',(58.4202922135592,20.,44.0000003576279));
#13397=CARTESIAN_POINT('',(58.4202922135592,20.,44.0000003576279));
#13398=CARTESIAN_POINT('',(29.2101461067796,20.,44.0000003576279));
#13399=CARTESIAN_POINT('',(58.4202922135592,19.,44.0000003576279));
#13400=CARTESIAN_POINT('',(58.4202922135592,20.,44.0000003576279));
#13401=CARTESIAN_POINT('',(58.4202922135592,19.,44.0000003576279));
#13402=CARTESIAN_POINT('Origin',(58.4202922135592,20.,42.9797106981277));
#13403=CARTESIAN_POINT('',(58.4202922135592,20.,42.9797106981277));
#13404=CARTESIAN_POINT('',(58.4202922135592,20.,21.4898553490639));
#13405=CARTESIAN_POINT('',(58.4202922135592,19.,42.9797106981277));
#13406=CARTESIAN_POINT('',(58.4202922135592,20.,42.9797106981277));
#13407=CARTESIAN_POINT('',(58.4202922135592,19.,42.9797106981277));
#13408=CARTESIAN_POINT('Origin',(56.8202937394381,20.,42.9797106981277));
#13409=CARTESIAN_POINT('',(28.410146869719,20.,42.9797106981277));
#13410=CARTESIAN_POINT('',(56.8202937394381,19.,42.9797106981277));
#13411=CARTESIAN_POINT('Origin',(-1.71363353729248E-6,19.,40.6927534937859));
#13412=CARTESIAN_POINT('Ctrl Pts',(-19.0927540510893,20.,43.0260866880417));
#13413=CARTESIAN_POINT('Ctrl Pts',(-19.0927540510893,19.,43.0260866880417));
#13414=CARTESIAN_POINT('Ctrl Pts',(-19.0009544787401,20.,42.9976091960479));
#13415=CARTESIAN_POINT('Ctrl Pts',(-19.0009544787401,19.,42.9976091960479));
#13416=CARTESIAN_POINT('Ctrl Pts',(-18.8214682488267,20.,42.941930094887));
#13417=CARTESIAN_POINT('Ctrl Pts',(-18.8214682488267,19.,42.941930094887));
#13418=CARTESIAN_POINT('Ctrl Pts',(-18.6532161921665,20.,42.8582654774152));
#13419=CARTESIAN_POINT('Ctrl Pts',(-18.6532161921665,19.,42.8582654774152));
#13420=CARTESIAN_POINT('Ctrl Pts',(-18.5710179060698,20.,42.8173917531967));
#13421=CARTESIAN_POINT('Ctrl Pts',(-18.5710179060698,19.,42.8173917531967));
#13422=CARTESIAN_POINT('',(-19.0927540510893,20.,43.0260866880417));
#13423=CARTESIAN_POINT('',(-18.5710179060698,20.,42.8173917531967));
#13424=CARTESIAN_POINT('Ctrl Pts',(-19.0927540510893,20.,43.0260866880417));
#13425=CARTESIAN_POINT('Ctrl Pts',(-19.0009544787401,20.,42.9976091960479));
#13426=CARTESIAN_POINT('Ctrl Pts',(-18.8214682488267,20.,42.941930094887));
#13427=CARTESIAN_POINT('Ctrl Pts',(-18.6532161921665,20.,42.8582654774152));
#13428=CARTESIAN_POINT('Ctrl Pts',(-18.5710179060698,20.,42.8173917531967));
#13429=CARTESIAN_POINT('',(-19.0927540510893,19.,43.0260866880417));
#13430=CARTESIAN_POINT('',(-19.0927540510893,20.,43.0260866880417));
#13431=CARTESIAN_POINT('',(-18.5710179060698,19.,42.8173917531967));
#13432=CARTESIAN_POINT('Ctrl Pts',(-19.0927540510893,19.,43.0260866880417));
#13433=CARTESIAN_POINT('Ctrl Pts',(-19.0009544787401,19.,42.9976091960479));
#13434=CARTESIAN_POINT('Ctrl Pts',(-18.8214682488267,19.,42.941930094887));
#13435=CARTESIAN_POINT('Ctrl Pts',(-18.6532161921665,19.,42.8582654774152));
#13436=CARTESIAN_POINT('Ctrl Pts',(-18.5710179060698,19.,42.8173917531967));
#13437=CARTESIAN_POINT('',(-18.5710179060698,20.,42.8173917531967));
#13438=CARTESIAN_POINT('Ctrl Pts',(-19.7072493284941,20.,43.1072467565537));
#13439=CARTESIAN_POINT('Ctrl Pts',(-19.7072493284941,19.,43.1072467565537));
#13440=CARTESIAN_POINT('Ctrl Pts',(-19.5994738588878,20.,43.1044038085924));
#13441=CARTESIAN_POINT('Ctrl Pts',(-19.5994738588878,19.,43.1044038085924));
#13442=CARTESIAN_POINT('Ctrl Pts',(-19.3917340299963,20.,43.0989239575169));
#13443=CARTESIAN_POINT('Ctrl Pts',(-19.3917340299963,19.,43.0989239575169));
#13444=CARTESIAN_POINT('Ctrl Pts',(-19.1898841623421,20.,43.0497494500545));
#13445=CARTESIAN_POINT('Ctrl Pts',(-19.1898841623421,19.,43.0497494500545));
#13446=CARTESIAN_POINT('Ctrl Pts',(-19.0927540510893,20.,43.0260866880417));
#13447=CARTESIAN_POINT('Ctrl Pts',(-19.0927540510893,19.,43.0260866880417));
#13448=CARTESIAN_POINT('',(-19.7072493284941,20.,43.1072467565537));
#13449=CARTESIAN_POINT('Ctrl Pts',(-19.7072493284941,20.,43.1072467565537));
#13450=CARTESIAN_POINT('Ctrl Pts',(-19.5994738588878,20.,43.1044038085924));
#13451=CARTESIAN_POINT('Ctrl Pts',(-19.3917340299963,20.,43.0989239575169));
#13452=CARTESIAN_POINT('Ctrl Pts',(-19.1898841623421,20.,43.0497494500545));
#13453=CARTESIAN_POINT('Ctrl Pts',(-19.0927540510893,20.,43.0260866880417));
#13454=CARTESIAN_POINT('',(-19.7072493284941,19.,43.1072467565537));
#13455=CARTESIAN_POINT('',(-19.7072493284941,20.,43.1072467565537));
#13456=CARTESIAN_POINT('Ctrl Pts',(-19.7072493284941,19.,43.1072467565537));
#13457=CARTESIAN_POINT('Ctrl Pts',(-19.5994738588878,19.,43.1044038085924));
#13458=CARTESIAN_POINT('Ctrl Pts',(-19.3917340299963,19.,43.0989239575169));
#13459=CARTESIAN_POINT('Ctrl Pts',(-19.1898841623421,19.,43.0497494500545));
#13460=CARTESIAN_POINT('Ctrl Pts',(-19.0927540510893,19.,43.0260866880417));
#13461=CARTESIAN_POINT('Ctrl Pts',(-20.5188452452421,20.,42.8695648908615));
#13462=CARTESIAN_POINT('Ctrl Pts',(-20.5188452452421,19.,42.8695648908615));
#13463=CARTESIAN_POINT('Ctrl Pts',(-20.4127411029009,20.,42.9385776063618));
#13464=CARTESIAN_POINT('Ctrl Pts',(-20.4127411029009,19.,42.9385776063618));
#13465=CARTESIAN_POINT('Ctrl Pts',(-20.1678730173533,20.,43.097845766399));
#13466=CARTESIAN_POINT('Ctrl Pts',(-20.1678730173533,19.,43.097845766399));
#13467=CARTESIAN_POINT('Ctrl Pts',(-19.8738620057723,20.,43.1038463145516));
#13468=CARTESIAN_POINT('Ctrl Pts',(-19.8738620057723,19.,43.1038463145516));
#13469=CARTESIAN_POINT('Ctrl Pts',(-19.7072493284941,20.,43.1072467565537));
#13470=CARTESIAN_POINT('Ctrl Pts',(-19.7072493284941,19.,43.1072467565537));
#13471=CARTESIAN_POINT('',(-20.5188452452421,20.,42.8695648908615));
#13472=CARTESIAN_POINT('Ctrl Pts',(-20.5188452452421,20.,42.8695648908615));
#13473=CARTESIAN_POINT('Ctrl Pts',(-20.4127411029009,20.,42.9385776063618));
#13474=CARTESIAN_POINT('Ctrl Pts',(-20.1678730173533,20.,43.097845766399));
#13475=CARTESIAN_POINT('Ctrl Pts',(-19.8738620057723,20.,43.1038463145516));
#13476=CARTESIAN_POINT('Ctrl Pts',(-19.7072493284941,20.,43.1072467565537));
#13477=CARTESIAN_POINT('',(-20.5188452452421,19.,42.8695648908615));
#13478=CARTESIAN_POINT('',(-20.5188452452421,20.,42.8695648908615));
#13479=CARTESIAN_POINT('Ctrl Pts',(-20.5188452452421,19.,42.8695648908615));
#13480=CARTESIAN_POINT('Ctrl Pts',(-20.4127411029009,19.,42.9385776063618));
#13481=CARTESIAN_POINT('Ctrl Pts',(-20.1678730173533,19.,43.097845766399));
#13482=CARTESIAN_POINT('Ctrl Pts',(-19.8738620057723,19.,43.1038463145516));
#13483=CARTESIAN_POINT('Ctrl Pts',(-19.7072493284941,19.,43.1072467565537));
#13484=CARTESIAN_POINT('Ctrl Pts',(-20.7623230665922,20.,42.1333330869675));
#13485=CARTESIAN_POINT('Ctrl Pts',(-20.7623230665922,19.,42.1333330869675));
#13486=CARTESIAN_POINT('Ctrl Pts',(-20.7568753285605,20.,42.2820510930361));
#13487=CARTESIAN_POINT('Ctrl Pts',(-20.7568753285605,19.,42.2820510930361));
#13488=CARTESIAN_POINT('Ctrl Pts',(-20.746964141932,20.,42.5526169507516));
#13489=CARTESIAN_POINT('Ctrl Pts',(-20.746964141932,19.,42.5526169507516));
#13490=CARTESIAN_POINT('Ctrl Pts',(-20.58967813619,20.,42.7711498134447));
#13491=CARTESIAN_POINT('Ctrl Pts',(-20.58967813619,19.,42.7711498134447));
#13492=CARTESIAN_POINT('Ctrl Pts',(-20.5188452452421,20.,42.8695648908615));
#13493=CARTESIAN_POINT('Ctrl Pts',(-20.5188452452421,19.,42.8695648908615));
#13494=CARTESIAN_POINT('',(-20.7623230665922,20.,42.1333330869675));
#13495=CARTESIAN_POINT('Ctrl Pts',(-20.7623230665922,20.,42.1333330869675));
#13496=CARTESIAN_POINT('Ctrl Pts',(-20.7568753285605,20.,42.2820510930361));
#13497=CARTESIAN_POINT('Ctrl Pts',(-20.746964141932,20.,42.5526169507516));
#13498=CARTESIAN_POINT('Ctrl Pts',(-20.58967813619,20.,42.7711498134447));
#13499=CARTESIAN_POINT('Ctrl Pts',(-20.5188452452421,20.,42.8695648908615));
#13500=CARTESIAN_POINT('',(-20.7623230665922,19.,42.1333330869675));
#13501=CARTESIAN_POINT('',(-20.7623230665922,20.,42.1333330869675));
#13502=CARTESIAN_POINT('Ctrl Pts',(-20.7623230665922,19.,42.1333330869675));
#13503=CARTESIAN_POINT('Ctrl Pts',(-20.7568753285605,19.,42.2820510930361));
#13504=CARTESIAN_POINT('Ctrl Pts',(-20.746964141932,19.,42.5526169507516));
#13505=CARTESIAN_POINT('Ctrl Pts',(-20.58967813619,19.,42.7711498134447));
#13506=CARTESIAN_POINT('Ctrl Pts',(-20.5188452452421,19.,42.8695648908615));
#13507=CARTESIAN_POINT('Origin',(-20.7623230665922,20.,38.8231891393662));
#13508=CARTESIAN_POINT('',(-20.7623230665922,20.,38.8231891393662));
#13509=CARTESIAN_POINT('',(-20.7623230665922,20.,19.4115945696831));
#13510=CARTESIAN_POINT('',(-20.7623230665922,19.,38.8231891393662));
#13511=CARTESIAN_POINT('',(-20.7623230665922,20.,38.8231891393662));
#13512=CARTESIAN_POINT('',(-20.7623230665922,19.,38.8231891393662));
#13513=CARTESIAN_POINT('Origin',(-18.843482658267,20.,38.8231891393662));
#13514=CARTESIAN_POINT('',(-18.843482658267,20.,38.8231891393662));
#13515=CARTESIAN_POINT('',(-9.42174132913352,20.,38.8231891393662));
#13516=CARTESIAN_POINT('',(-18.843482658267,19.,38.8231891393662));
#13517=CARTESIAN_POINT('',(-18.843482658267,20.,38.8231891393662));
#13518=CARTESIAN_POINT('',(-18.843482658267,19.,38.8231891393662));
#13519=CARTESIAN_POINT('Origin',(-18.6985527724028,20.,37.8782600164414));
#13520=CARTESIAN_POINT('',(-18.6985527724028,20.,37.8782600164414));
#13521=CARTESIAN_POINT('',(-15.6456187228959,20.,17.9734192960829));
#13522=CARTESIAN_POINT('',(-18.6985527724028,19.,37.8782600164414));
#13523=CARTESIAN_POINT('',(-18.6985527724028,20.,37.8782600164414));
#13524=CARTESIAN_POINT('',(-18.6985527724028,19.,37.8782600164414));
#13525=CARTESIAN_POINT('Origin',(-20.7623230665922,20.,37.8782600164414));
#13526=CARTESIAN_POINT('',(-20.7623230665922,20.,37.8782600164414));
#13527=CARTESIAN_POINT('',(-10.3811615332961,20.,37.8782600164414));
#13528=CARTESIAN_POINT('',(-20.7623230665922,19.,37.8782600164414));
#13529=CARTESIAN_POINT('',(-20.7623230665922,20.,37.8782600164414));
#13530=CARTESIAN_POINT('',(-20.7623230665922,19.,37.8782600164414));
#13531=CARTESIAN_POINT('Origin',(-20.7623230665922,20.,36.3536232709885));
#13532=CARTESIAN_POINT('',(-20.7623230665922,20.,36.3536232709885));
#13533=CARTESIAN_POINT('',(-20.7623230665922,20.,18.1768116354942));
#13534=CARTESIAN_POINT('',(-20.7623230665922,19.,36.3536232709885));
#13535=CARTESIAN_POINT('',(-20.7623230665922,20.,36.3536232709885));
#13536=CARTESIAN_POINT('',(-20.7623230665922,19.,36.3536232709885));
#13537=CARTESIAN_POINT('Origin',(-22.0608746260405,20.,36.5101450681686));
#13538=CARTESIAN_POINT('',(-22.0608746260405,20.,36.5101450681686));
#13539=CARTESIAN_POINT('',(-9.01952551603078,20.,34.9381971655223));
#13540=CARTESIAN_POINT('',(-22.0608746260405,19.,36.5101450681686));
#13541=CARTESIAN_POINT('',(-22.0608746260405,20.,36.5101450681686));
#13542=CARTESIAN_POINT('',(-22.0608746260405,19.,36.5101450681686));
#13543=CARTESIAN_POINT('Origin',(-22.0608746260405,20.,37.8782600164414));
#13544=CARTESIAN_POINT('',(-22.0608746260405,20.,37.8782600164414));
#13545=CARTESIAN_POINT('',(-22.0608746260405,20.,18.9391300082207));
#13546=CARTESIAN_POINT('',(-22.0608746260405,19.,37.8782600164414));
#13547=CARTESIAN_POINT('',(-22.0608746260405,20.,37.8782600164414));
#13548=CARTESIAN_POINT('',(-22.0608746260405,19.,37.8782600164414));
#13549=CARTESIAN_POINT('Origin',(-23.4231936186552,20.,37.8782600164414));
#13550=CARTESIAN_POINT('',(-23.4231936186552,20.,37.8782600164414));
#13551=CARTESIAN_POINT('',(-11.7115968093276,20.,37.8782600164414));
#13552=CARTESIAN_POINT('',(-23.4231936186552,19.,37.8782600164414));
#13553=CARTESIAN_POINT('',(-23.4231936186552,20.,37.8782600164414));
#13554=CARTESIAN_POINT('',(-23.4231936186552,19.,37.8782600164414));
#13555=CARTESIAN_POINT('Origin',(-23.4231936186552,20.,38.8231891393662));
#13556=CARTESIAN_POINT('',(-23.4231936186552,20.,38.8231891393662));
#13557=CARTESIAN_POINT('',(-23.4231936186552,20.,19.4115945696831));
#13558=CARTESIAN_POINT('',(-23.4231936186552,19.,38.8231891393662));
#13559=CARTESIAN_POINT('',(-23.4231936186552,20.,38.8231891393662));
#13560=CARTESIAN_POINT('',(-23.4231936186552,19.,38.8231891393662));
#13561=CARTESIAN_POINT('Origin',(-22.0608746260405,20.,38.8231891393662));
#13562=CARTESIAN_POINT('',(-22.0608746260405,20.,38.8231891393662));
#13563=CARTESIAN_POINT('',(-11.0304373130202,20.,38.8231891393662));
#13564=CARTESIAN_POINT('',(-22.0608746260405,19.,38.8231891393662));
#13565=CARTESIAN_POINT('',(-22.0608746260405,20.,38.8231891393662));
#13566=CARTESIAN_POINT('',(-22.0608746260405,19.,38.8231891393662));
#13567=CARTESIAN_POINT('Origin',(-22.0608746260405,20.,42.1449273824692));
#13568=CARTESIAN_POINT('',(-22.0608746260405,20.,42.1449273824692));
#13569=CARTESIAN_POINT('',(-22.0608746260405,20.,21.0724636912346));
#13570=CARTESIAN_POINT('',(-22.0608746260405,19.,42.1449273824692));
#13571=CARTESIAN_POINT('',(-22.0608746260405,20.,42.1449273824692));
#13572=CARTESIAN_POINT('',(-22.0608746260405,19.,42.1449273824692));
#13573=CARTESIAN_POINT('Ctrl Pts',(-21.5101467818022,20.,43.6057978868485));
#13574=CARTESIAN_POINT('Ctrl Pts',(-21.5101467818022,19.,43.6057978868485));
#13575=CARTESIAN_POINT('Ctrl Pts',(-21.6707039821446,20.,43.4001449962397));
#13576=CARTESIAN_POINT('Ctrl Pts',(-21.6707039821446,19.,43.4001449962397));
#13577=CARTESIAN_POINT('Ctrl Pts',(-22.0053132767685,20.,42.9715540111129));
#13578=CARTESIAN_POINT('Ctrl Pts',(-22.0053132767685,19.,42.9715540111129));
#13579=CARTESIAN_POINT('Ctrl Pts',(-22.0418628248446,20.,42.4277797849562));
#13580=CARTESIAN_POINT('Ctrl Pts',(-22.0418628248446,19.,42.4277797849562));
#13581=CARTESIAN_POINT('Ctrl Pts',(-22.0608746260405,20.,42.1449273824692));
#13582=CARTESIAN_POINT('Ctrl Pts',(-22.0608746260405,19.,42.1449273824692));
#13583=CARTESIAN_POINT('',(-21.5101467818022,20.,43.6057978868485));
#13584=CARTESIAN_POINT('Ctrl Pts',(-21.5101467818022,20.,43.6057978868485));
#13585=CARTESIAN_POINT('Ctrl Pts',(-21.6707039821446,20.,43.4001449962397));
#13586=CARTESIAN_POINT('Ctrl Pts',(-22.0053132767685,20.,42.9715540111129));
#13587=CARTESIAN_POINT('Ctrl Pts',(-22.0418628248446,20.,42.4277797849562));
#13588=CARTESIAN_POINT('Ctrl Pts',(-22.0608746260405,20.,42.1449273824692));
#13589=CARTESIAN_POINT('',(-21.5101467818022,19.,43.6057978868485));
#13590=CARTESIAN_POINT('',(-21.5101467818022,20.,43.6057978868485));
#13591=CARTESIAN_POINT('Ctrl Pts',(-21.5101467818022,19.,43.6057978868485));
#13592=CARTESIAN_POINT('Ctrl Pts',(-21.6707039821446,19.,43.4001449962397));
#13593=CARTESIAN_POINT('Ctrl Pts',(-22.0053132767685,19.,42.9715540111129));
#13594=CARTESIAN_POINT('Ctrl Pts',(-22.0418628248446,19.,42.4277797849562));
#13595=CARTESIAN_POINT('Ctrl Pts',(-22.0608746260405,19.,42.1449273824692));
#13596=CARTESIAN_POINT('Ctrl Pts',(-19.8869597166777,20.,44.1565221548081));
#13597=CARTESIAN_POINT('Ctrl Pts',(-19.8869597166777,19.,44.1565221548081));
#13598=CARTESIAN_POINT('Ctrl Pts',(-20.2114585969646,20.,44.1425651834258));
#13599=CARTESIAN_POINT('Ctrl Pts',(-20.2114585969646,19.,44.1425651834258));
#13600=CARTESIAN_POINT('Ctrl Pts',(-20.8091462242623,20.,44.1168581329043));
#13601=CARTESIAN_POINT('Ctrl Pts',(-20.8091462242623,19.,44.1168581329043));
#13602=CARTESIAN_POINT('Ctrl Pts',(-21.2902470697216,20.,43.7661144511575));
#13603=CARTESIAN_POINT('Ctrl Pts',(-21.2902470697216,19.,43.7661144511575));
#13604=CARTESIAN_POINT('Ctrl Pts',(-21.5101467818022,20.,43.6057978868485));
#13605=CARTESIAN_POINT('Ctrl Pts',(-21.5101467818022,19.,43.6057978868485));
#13606=CARTESIAN_POINT('',(-19.8869597166777,20.,44.1565221548081));
#13607=CARTESIAN_POINT('Ctrl Pts',(-19.8869597166777,20.,44.1565221548081));
#13608=CARTESIAN_POINT('Ctrl Pts',(-20.2114585969646,20.,44.1425651834258));
#13609=CARTESIAN_POINT('Ctrl Pts',(-20.8091462242623,20.,44.1168581329043));
#13610=CARTESIAN_POINT('Ctrl Pts',(-21.2902470697216,20.,43.7661144511575));
#13611=CARTESIAN_POINT('Ctrl Pts',(-21.5101467818022,20.,43.6057978868485));
#13612=CARTESIAN_POINT('',(-19.8869597166777,19.,44.1565221548081));
#13613=CARTESIAN_POINT('',(-19.8869597166777,20.,44.1565221548081));
#13614=CARTESIAN_POINT('Ctrl Pts',(-19.8869597166777,19.,44.1565221548081));
#13615=CARTESIAN_POINT('Ctrl Pts',(-20.2114585969646,19.,44.1425651834258));
#13616=CARTESIAN_POINT('Ctrl Pts',(-20.8091462242623,19.,44.1168581329043));
#13617=CARTESIAN_POINT('Ctrl Pts',(-21.2902470697216,19.,43.7661144511575));
#13618=CARTESIAN_POINT('Ctrl Pts',(-21.5101467818022,19.,43.6057978868485));
#13619=CARTESIAN_POINT('Ctrl Pts',(-18.9072500914335,20.,44.0231889486313));
#13620=CARTESIAN_POINT('Ctrl Pts',(-18.9072500914335,19.,44.0231889486313));
#13621=CARTESIAN_POINT('Ctrl Pts',(-19.0663923649604,20.,44.062076424258));
#13622=CARTESIAN_POINT('Ctrl Pts',(-19.0663923649604,19.,44.062076424258));
#13623=CARTESIAN_POINT('Ctrl Pts',(-19.3882791973648,20.,44.1407316179553));
#13624=CARTESIAN_POINT('Ctrl Pts',(-19.3882791973648,19.,44.1407316179553));
#13625=CARTESIAN_POINT('Ctrl Pts',(-19.7194973058715,20.,44.1512195186174));
#13626=CARTESIAN_POINT('Ctrl Pts',(-19.7194973058715,19.,44.1512195186174));
#13627=CARTESIAN_POINT('Ctrl Pts',(-19.8869597166777,20.,44.1565221548081));
#13628=CARTESIAN_POINT('Ctrl Pts',(-19.8869597166777,19.,44.1565221548081));
#13629=CARTESIAN_POINT('',(-18.9072500914335,20.,44.0231889486313));
#13630=CARTESIAN_POINT('Ctrl Pts',(-18.9072500914335,20.,44.0231889486313));
#13631=CARTESIAN_POINT('Ctrl Pts',(-19.0663923649604,20.,44.062076424258));
#13632=CARTESIAN_POINT('Ctrl Pts',(-19.3882791973648,20.,44.1407316179553));
#13633=CARTESIAN_POINT('Ctrl Pts',(-19.7194973058715,20.,44.1512195186174));
#13634=CARTESIAN_POINT('Ctrl Pts',(-19.8869597166777,20.,44.1565221548081));
#13635=CARTESIAN_POINT('',(-18.9072500914335,19.,44.0231889486313));
#13636=CARTESIAN_POINT('',(-18.9072500914335,20.,44.0231889486313));
#13637=CARTESIAN_POINT('Ctrl Pts',(-18.9072500914335,19.,44.0231889486313));
#13638=CARTESIAN_POINT('Ctrl Pts',(-19.0663923649604,19.,44.062076424258));
#13639=CARTESIAN_POINT('Ctrl Pts',(-19.3882791973648,19.,44.1407316179553));
#13640=CARTESIAN_POINT('Ctrl Pts',(-19.7194973058715,19.,44.1512195186174));
#13641=CARTESIAN_POINT('Ctrl Pts',(-19.8869597166777,19.,44.1565221548081));
#13642=CARTESIAN_POINT('Ctrl Pts',(-18.1014525145292,20.,43.6753624677658));
#13643=CARTESIAN_POINT('Ctrl Pts',(-18.1014525145292,19.,43.6753624677658));
#13644=CARTESIAN_POINT('Ctrl Pts',(-18.2227254884435,20.,43.7444874948138));
#13645=CARTESIAN_POINT('Ctrl Pts',(-18.2227254884435,19.,43.7444874948138));
#13646=CARTESIAN_POINT('Ctrl Pts',(-18.4783467226525,20.,43.8901904008978));
#13647=CARTESIAN_POINT('Ctrl Pts',(-18.4783467226525,19.,43.8901904008978));
#13648=CARTESIAN_POINT('Ctrl Pts',(-18.7594887351161,20.,43.9773696633755));
#13649=CARTESIAN_POINT('Ctrl Pts',(-18.7594887351161,19.,43.9773696633755));
#13650=CARTESIAN_POINT('Ctrl Pts',(-18.9072500914335,20.,44.0231889486313));
#13651=CARTESIAN_POINT('Ctrl Pts',(-18.9072500914335,19.,44.0231889486313));
#13652=CARTESIAN_POINT('',(-18.1014525145292,20.,43.6753624677658));
#13653=CARTESIAN_POINT('Ctrl Pts',(-18.1014525145292,20.,43.6753624677658));
#13654=CARTESIAN_POINT('Ctrl Pts',(-18.2227254884435,20.,43.7444874948138));
#13655=CARTESIAN_POINT('Ctrl Pts',(-18.4783467226525,20.,43.8901904008978));
#13656=CARTESIAN_POINT('Ctrl Pts',(-18.7594887351161,20.,43.9773696633755));
#13657=CARTESIAN_POINT('Ctrl Pts',(-18.9072500914335,20.,44.0231889486313));
#13658=CARTESIAN_POINT('',(-18.1014525145292,19.,43.6753624677658));
#13659=CARTESIAN_POINT('',(-18.1014525145292,20.,43.6753624677658));
#13660=CARTESIAN_POINT('Ctrl Pts',(-18.1014525145292,19.,43.6753624677658));
#13661=CARTESIAN_POINT('Ctrl Pts',(-18.2227254884435,19.,43.7444874948138));
#13662=CARTESIAN_POINT('Ctrl Pts',(-18.4783467226525,19.,43.8901904008978));
#13663=CARTESIAN_POINT('Ctrl Pts',(-18.7594887351161,19.,43.9773696633755));
#13664=CARTESIAN_POINT('Ctrl Pts',(-18.9072500914335,19.,44.0231889486313));
#13665=CARTESIAN_POINT('Origin',(-18.5710179060698,20.,42.8173917531967));
#13666=CARTESIAN_POINT('',(-25.4470148863086,20.,30.2538507665921));
#13667=CARTESIAN_POINT('',(-18.5710179060698,19.,42.8173917531967));
#13668=CARTESIAN_POINT('Origin',(-1.71363353729248E-6,19.,40.6927534937859));
#13669=CARTESIAN_POINT('Ctrl Pts',(-28.5768162459135,20.,35.6927537918091));
#13670=CARTESIAN_POINT('Ctrl Pts',(-28.5768162459135,19.,35.6927537918091));
#13671=CARTESIAN_POINT('Ctrl Pts',(-28.5674417355973,20.,35.5821629794783));
#13672=CARTESIAN_POINT('Ctrl Pts',(-28.5674417355973,19.,35.5821629794783));
#13673=CARTESIAN_POINT('Ctrl Pts',(-28.5489346786349,20.,35.363835792853));
#13674=CARTESIAN_POINT('Ctrl Pts',(-28.5489346786349,19.,35.363835792853));
#13675=CARTESIAN_POINT('Ctrl Pts',(-28.4084571955209,20.,35.1959088909307));
#13676=CARTESIAN_POINT('Ctrl Pts',(-28.4084571955209,19.,35.1959088909307));
#13677=CARTESIAN_POINT('Ctrl Pts',(-28.3391367644072,20.,35.1130431890488));
#13678=CARTESIAN_POINT('Ctrl Pts',(-28.3391367644072,19.,35.1130431890488));
#13679=CARTESIAN_POINT('',(-28.5768162459135,20.,35.6927537918091));
#13680=CARTESIAN_POINT('',(-28.3391367644072,20.,35.1130431890488));
#13681=CARTESIAN_POINT('Ctrl Pts',(-28.5768162459135,20.,35.6927537918091));
#13682=CARTESIAN_POINT('Ctrl Pts',(-28.5674417355973,20.,35.5821629794783));
#13683=CARTESIAN_POINT('Ctrl Pts',(-28.5489346786349,20.,35.363835792853));
#13684=CARTESIAN_POINT('Ctrl Pts',(-28.4084571955209,20.,35.1959088909307));
#13685=CARTESIAN_POINT('Ctrl Pts',(-28.3391367644072,20.,35.1130431890488));
#13686=CARTESIAN_POINT('',(-28.5768162459135,19.,35.6927537918091));
#13687=CARTESIAN_POINT('',(-28.5768162459135,20.,35.6927537918091));
#13688=CARTESIAN_POINT('',(-28.3391367644072,19.,35.1130431890488));
#13689=CARTESIAN_POINT('Ctrl Pts',(-28.5768162459135,19.,35.6927537918091));
#13690=CARTESIAN_POINT('Ctrl Pts',(-28.5674417355973,19.,35.5821629794783));
#13691=CARTESIAN_POINT('Ctrl Pts',(-28.5489346786349,19.,35.363835792853));
#13692=CARTESIAN_POINT('Ctrl Pts',(-28.4084571955209,19.,35.1959088909307));
#13693=CARTESIAN_POINT('Ctrl Pts',(-28.3391367644072,19.,35.1130431890488));
#13694=CARTESIAN_POINT('',(-28.3391367644072,20.,35.1130431890488));
#13695=CARTESIAN_POINT('Ctrl Pts',(-28.3391367644072,20.,36.2782609462738));
#13696=CARTESIAN_POINT('Ctrl Pts',(-28.3391367644072,19.,36.2782609462738));
#13697=CARTESIAN_POINT('Ctrl Pts',(-28.4084587296917,20.,36.193897562538));
#13698=CARTESIAN_POINT('Ctrl Pts',(-28.4084587296917,19.,36.193897562538));
#13699=CARTESIAN_POINT('Ctrl Pts',(-28.5484469454902,20.,36.023534828022));
#13700=CARTESIAN_POINT('Ctrl Pts',(-28.5484469454902,19.,36.023534828022));
#13701=CARTESIAN_POINT('Ctrl Pts',(-28.5672994664893,20.,35.8037177603375));
#13702=CARTESIAN_POINT('Ctrl Pts',(-28.5672994664893,19.,35.8037177603375));
#13703=CARTESIAN_POINT('Ctrl Pts',(-28.5768162459135,20.,35.6927537918091));
#13704=CARTESIAN_POINT('Ctrl Pts',(-28.5768162459135,19.,35.6927537918091));
#13705=CARTESIAN_POINT('',(-28.3391367644072,20.,36.2782609462738));
#13706=CARTESIAN_POINT('Ctrl Pts',(-28.3391367644072,20.,36.2782609462738));
#13707=CARTESIAN_POINT('Ctrl Pts',(-28.4084587296917,20.,36.193897562538));
#13708=CARTESIAN_POINT('Ctrl Pts',(-28.5484469454902,20.,36.023534828022));
#13709=CARTESIAN_POINT('Ctrl Pts',(-28.5672994664893,20.,35.8037177603375));
#13710=CARTESIAN_POINT('Ctrl Pts',(-28.5768162459135,20.,35.6927537918091));
#13711=CARTESIAN_POINT('',(-28.3391367644072,19.,36.2782609462738));
#13712=CARTESIAN_POINT('',(-28.3391367644072,20.,36.2782609462738));
#13713=CARTESIAN_POINT('Ctrl Pts',(-28.3391367644072,19.,36.2782609462738));
#13714=CARTESIAN_POINT('Ctrl Pts',(-28.4084587296917,19.,36.193897562538));
#13715=CARTESIAN_POINT('Ctrl Pts',(-28.5484469454902,19.,36.023534828022));
#13716=CARTESIAN_POINT('Ctrl Pts',(-28.5672994664893,19.,35.8037177603375));
#13717=CARTESIAN_POINT('Ctrl Pts',(-28.5768162459135,19.,35.6927537918091));
#13718=CARTESIAN_POINT('Ctrl Pts',(-27.7304398268461,20.,36.5159422159195));
#13719=CARTESIAN_POINT('Ctrl Pts',(-27.7304398268461,19.,36.5159422159195));
#13720=CARTESIAN_POINT('Ctrl Pts',(-27.8473873316172,20.,36.5071832894314));
#13721=CARTESIAN_POINT('Ctrl Pts',(-27.8473873316172,19.,36.5071832894314));
#13722=CARTESIAN_POINT('Ctrl Pts',(-28.0749778445613,20.,36.4901376194431));
#13723=CARTESIAN_POINT('Ctrl Pts',(-28.0749778445613,19.,36.4901376194431));
#13724=CARTESIAN_POINT('Ctrl Pts',(-28.2527250526675,20.,36.3475700804002));
#13725=CARTESIAN_POINT('Ctrl Pts',(-28.2527250526675,19.,36.3475700804002));
#13726=CARTESIAN_POINT('Ctrl Pts',(-28.3391367644072,20.,36.2782609462738));
#13727=CARTESIAN_POINT('Ctrl Pts',(-28.3391367644072,19.,36.2782609462738));
#13728=CARTESIAN_POINT('',(-27.7304398268461,20.,36.5159422159195));
#13729=CARTESIAN_POINT('Ctrl Pts',(-27.7304398268461,20.,36.5159422159195));
#13730=CARTESIAN_POINT('Ctrl Pts',(-27.8473873316172,20.,36.5071832894314));
#13731=CARTESIAN_POINT('Ctrl Pts',(-28.0749778445613,20.,36.4901376194431));
#13732=CARTESIAN_POINT('Ctrl Pts',(-28.2527250526675,20.,36.3475700804002));
#13733=CARTESIAN_POINT('Ctrl Pts',(-28.3391367644072,20.,36.2782609462738));
#13734=CARTESIAN_POINT('',(-27.7304398268461,19.,36.5159422159195));
#13735=CARTESIAN_POINT('',(-27.7304398268461,20.,36.5159422159195));
#13736=CARTESIAN_POINT('Ctrl Pts',(-27.7304398268461,19.,36.5159422159195));
#13737=CARTESIAN_POINT('Ctrl Pts',(-27.8473873316172,19.,36.5071832894314));
#13738=CARTESIAN_POINT('Ctrl Pts',(-28.0749778445613,19.,36.4901376194431));
#13739=CARTESIAN_POINT('Ctrl Pts',(-28.2527250526675,19.,36.3475700804002));
#13740=CARTESIAN_POINT('Ctrl Pts',(-28.3391367644072,19.,36.2782609462738));
#13741=CARTESIAN_POINT('Ctrl Pts',(-27.1159493178129,20.,36.2782609462738));
#13742=CARTESIAN_POINT('Ctrl Pts',(-27.1159493178129,19.,36.2782609462738));
#13743=CARTESIAN_POINT('Ctrl Pts',(-27.2018903846247,20.,36.3475546121795));
#13744=CARTESIAN_POINT('Ctrl Pts',(-27.2018903846247,19.,36.3475546121795));
#13745=CARTESIAN_POINT('Ctrl Pts',(-27.3809072213519,20.,36.4918946039418));
#13746=CARTESIAN_POINT('Ctrl Pts',(-27.3809072213519,19.,36.4918946039418));
#13747=CARTESIAN_POINT('Ctrl Pts',(-27.6108738571259,20.,36.5077161563177));
#13748=CARTESIAN_POINT('Ctrl Pts',(-27.6108738571259,19.,36.5077161563177));
#13749=CARTESIAN_POINT('Ctrl Pts',(-27.7304398268461,20.,36.5159422159195));
#13750=CARTESIAN_POINT('Ctrl Pts',(-27.7304398268461,19.,36.5159422159195));
#13751=CARTESIAN_POINT('',(-27.1159493178129,20.,36.2782609462738));
#13752=CARTESIAN_POINT('Ctrl Pts',(-27.1159493178129,20.,36.2782609462738));
#13753=CARTESIAN_POINT('Ctrl Pts',(-27.2018903846247,20.,36.3475546121795));
#13754=CARTESIAN_POINT('Ctrl Pts',(-27.3809072213519,20.,36.4918946039418));
#13755=CARTESIAN_POINT('Ctrl Pts',(-27.6108738571259,20.,36.5077161563177));
#13756=CARTESIAN_POINT('Ctrl Pts',(-27.7304398268461,20.,36.5159422159195));
#13757=CARTESIAN_POINT('',(-27.1159493178129,19.,36.2782609462738));
#13758=CARTESIAN_POINT('',(-27.1159493178129,20.,36.2782609462738));
#13759=CARTESIAN_POINT('Ctrl Pts',(-27.1159493178129,19.,36.2782609462738));
#13760=CARTESIAN_POINT('Ctrl Pts',(-27.2018903846247,19.,36.3475546121795));
#13761=CARTESIAN_POINT('Ctrl Pts',(-27.3809072213519,19.,36.4918946039418));
#13762=CARTESIAN_POINT('Ctrl Pts',(-27.6108738571259,19.,36.5077161563177));
#13763=CARTESIAN_POINT('Ctrl Pts',(-27.7304398268461,19.,36.5159422159195));
#13764=CARTESIAN_POINT('Ctrl Pts',(-26.878265067935,20.,35.6927537918091));
#13765=CARTESIAN_POINT('Ctrl Pts',(-26.878265067935,19.,35.6927537918091));
#13766=CARTESIAN_POINT('Ctrl Pts',(-26.8877837835699,20.,35.8037177051565));
#13767=CARTESIAN_POINT('Ctrl Pts',(-26.8877837835699,19.,35.8037177051565));
#13768=CARTESIAN_POINT('Ctrl Pts',(-26.9066401152254,20.,36.02353437288));
#13769=CARTESIAN_POINT('Ctrl Pts',(-26.9066401152254,19.,36.02353437288));
#13770=CARTESIAN_POINT('Ctrl Pts',(-27.0466277390899,20.,36.1938974878493));
#13771=CARTESIAN_POINT('Ctrl Pts',(-27.0466277390899,19.,36.1938974878493));
#13772=CARTESIAN_POINT('Ctrl Pts',(-27.1159493178129,20.,36.2782609462738));
#13773=CARTESIAN_POINT('Ctrl Pts',(-27.1159493178129,19.,36.2782609462738));
#13774=CARTESIAN_POINT('',(-26.878265067935,20.,35.6927537918091));
#13775=CARTESIAN_POINT('Ctrl Pts',(-26.878265067935,20.,35.6927537918091));
#13776=CARTESIAN_POINT('Ctrl Pts',(-26.8877837835699,20.,35.8037177051565));
#13777=CARTESIAN_POINT('Ctrl Pts',(-26.9066401152254,20.,36.02353437288));
#13778=CARTESIAN_POINT('Ctrl Pts',(-27.0466277390899,20.,36.1938974878493));
#13779=CARTESIAN_POINT('Ctrl Pts',(-27.1159493178129,20.,36.2782609462738));
#13780=CARTESIAN_POINT('',(-26.878265067935,19.,35.6927537918091));
#13781=CARTESIAN_POINT('',(-26.878265067935,20.,35.6927537918091));
#13782=CARTESIAN_POINT('Ctrl Pts',(-26.878265067935,19.,35.6927537918091));
#13783=CARTESIAN_POINT('Ctrl Pts',(-26.8877837835699,19.,35.8037177051565));
#13784=CARTESIAN_POINT('Ctrl Pts',(-26.9066401152254,19.,36.02353437288));
#13785=CARTESIAN_POINT('Ctrl Pts',(-27.0466277390899,19.,36.1938974878493));
#13786=CARTESIAN_POINT('Ctrl Pts',(-27.1159493178129,19.,36.2782609462738));
#13787=CARTESIAN_POINT('Ctrl Pts',(-27.1159493178129,20.,35.1130431890488));
#13788=CARTESIAN_POINT('Ctrl Pts',(-27.1159493178129,19.,35.1130431890488));
#13789=CARTESIAN_POINT('Ctrl Pts',(-27.0466292702821,20.,35.1959087627766));
#13790=CARTESIAN_POINT('Ctrl Pts',(-27.0466292702821,19.,35.1959087627766));
#13791=CARTESIAN_POINT('Ctrl Pts',(-26.906152133441,20.,35.363835920282));
#13792=CARTESIAN_POINT('Ctrl Pts',(-26.906152133441,19.,35.363835920282));
#13793=CARTESIAN_POINT('Ctrl Pts',(-26.8876414455035,20.,35.5821628028862));
#13794=CARTESIAN_POINT('Ctrl Pts',(-26.8876414455035,19.,35.5821628028862));
#13795=CARTESIAN_POINT('Ctrl Pts',(-26.878265067935,20.,35.6927537918091));
#13796=CARTESIAN_POINT('Ctrl Pts',(-26.878265067935,19.,35.6927537918091));
#13797=CARTESIAN_POINT('',(-27.1159493178129,20.,35.1130431890488));
#13798=CARTESIAN_POINT('Ctrl Pts',(-27.1159493178129,20.,35.1130431890488));
#13799=CARTESIAN_POINT('Ctrl Pts',(-27.0466292702821,20.,35.1959087627766));
#13800=CARTESIAN_POINT('Ctrl Pts',(-26.906152133441,20.,35.363835920282));
#13801=CARTESIAN_POINT('Ctrl Pts',(-26.8876414455035,20.,35.5821628028862));
#13802=CARTESIAN_POINT('Ctrl Pts',(-26.878265067935,20.,35.6927537918091));
#13803=CARTESIAN_POINT('',(-27.1159493178129,19.,35.1130431890488));
#13804=CARTESIAN_POINT('',(-27.1159493178129,20.,35.1130431890488));
#13805=CARTESIAN_POINT('Ctrl Pts',(-27.1159493178129,19.,35.1130431890488));
#13806=CARTESIAN_POINT('Ctrl Pts',(-27.0466292702821,19.,35.1959087627766));
#13807=CARTESIAN_POINT('Ctrl Pts',(-26.906152133441,19.,35.363835920282));
#13808=CARTESIAN_POINT('Ctrl Pts',(-26.8876414455035,19.,35.5821628028862));
#13809=CARTESIAN_POINT('Ctrl Pts',(-26.878265067935,19.,35.6927537918091));
#13810=CARTESIAN_POINT('Ctrl Pts',(-27.7304398268461,20.,34.8811590671539));
#13811=CARTESIAN_POINT('Ctrl Pts',(-27.7304398268461,19.,34.8811590671539));
#13812=CARTESIAN_POINT('Ctrl Pts',(-27.6110294822468,20.,34.889038438833));
#13813=CARTESIAN_POINT('Ctrl Pts',(-27.6110294822468,19.,34.889038438833));
#13814=CARTESIAN_POINT('Ctrl Pts',(-27.3820973685359,20.,34.9041446779051));
#13815=CARTESIAN_POINT('Ctrl Pts',(-27.3820973685359,19.,34.9041446779051));
#13816=CARTESIAN_POINT('Ctrl Pts',(-27.2020733271394,20.,35.0454448080982));
#13817=CARTESIAN_POINT('Ctrl Pts',(-27.2020733271394,19.,35.0454448080982));
#13818=CARTESIAN_POINT('Ctrl Pts',(-27.1159493178129,20.,35.1130431890488));
#13819=CARTESIAN_POINT('Ctrl Pts',(-27.1159493178129,19.,35.1130431890488));
#13820=CARTESIAN_POINT('',(-27.7304398268461,20.,34.8811590671539));
#13821=CARTESIAN_POINT('Ctrl Pts',(-27.7304398268461,20.,34.8811590671539));
#13822=CARTESIAN_POINT('Ctrl Pts',(-27.6110294822468,20.,34.889038438833));
#13823=CARTESIAN_POINT('Ctrl Pts',(-27.3820973685359,20.,34.9041446779051));
#13824=CARTESIAN_POINT('Ctrl Pts',(-27.2020733271394,20.,35.0454448080982));
#13825=CARTESIAN_POINT('Ctrl Pts',(-27.1159493178129,20.,35.1130431890488));
#13826=CARTESIAN_POINT('',(-27.7304398268461,19.,34.8811590671539));
#13827=CARTESIAN_POINT('',(-27.7304398268461,20.,34.8811590671539));
#13828=CARTESIAN_POINT('Ctrl Pts',(-27.7304398268461,19.,34.8811590671539));
#13829=CARTESIAN_POINT('Ctrl Pts',(-27.6110294822468,19.,34.889038438833));
#13830=CARTESIAN_POINT('Ctrl Pts',(-27.3820973685359,19.,34.9041446779051));
#13831=CARTESIAN_POINT('Ctrl Pts',(-27.2020733271394,19.,35.0454448080982));
#13832=CARTESIAN_POINT('Ctrl Pts',(-27.1159493178129,19.,35.1130431890488));
#13833=CARTESIAN_POINT('Ctrl Pts',(-28.3391367644072,20.,35.1130431890488));
#13834=CARTESIAN_POINT('Ctrl Pts',(-28.3391367644072,19.,35.1130431890488));
#13835=CARTESIAN_POINT('Ctrl Pts',(-28.2525434521813,20.,35.0454285678397));
#13836=CARTESIAN_POINT('Ctrl Pts',(-28.2525434521813,19.,35.0454285678397));
#13837=CARTESIAN_POINT('Ctrl Pts',(-28.0738135545378,20.,34.9058709736414));
#13838=CARTESIAN_POINT('Ctrl Pts',(-28.0738135545378,19.,34.9058709736414));
#13839=CARTESIAN_POINT('Ctrl Pts',(-27.8472401132237,20.,34.8895649454198));
#13840=CARTESIAN_POINT('Ctrl Pts',(-27.8472401132237,19.,34.8895649454198));
#13841=CARTESIAN_POINT('Ctrl Pts',(-27.7304398268461,20.,34.8811590671539));
#13842=CARTESIAN_POINT('Ctrl Pts',(-27.7304398268461,19.,34.8811590671539));
#13843=CARTESIAN_POINT('Ctrl Pts',(-28.3391367644072,20.,35.1130431890488));
#13844=CARTESIAN_POINT('Ctrl Pts',(-28.2525434521813,20.,35.0454285678397));
#13845=CARTESIAN_POINT('Ctrl Pts',(-28.0738135545378,20.,34.9058709736414));
#13846=CARTESIAN_POINT('Ctrl Pts',(-27.8472401132237,20.,34.8895649454198));
#13847=CARTESIAN_POINT('Ctrl Pts',(-27.7304398268461,20.,34.8811590671539));
#13848=CARTESIAN_POINT('Ctrl Pts',(-28.3391367644072,19.,35.1130431890488));
#13849=CARTESIAN_POINT('Ctrl Pts',(-28.2525434521813,19.,35.0454285678397));
#13850=CARTESIAN_POINT('Ctrl Pts',(-28.0738135545378,19.,34.9058709736414));
#13851=CARTESIAN_POINT('Ctrl Pts',(-27.8472401132237,19.,34.8895649454198));
#13852=CARTESIAN_POINT('Ctrl Pts',(-27.7304398268461,19.,34.8811590671539));
#13853=CARTESIAN_POINT('Origin',(-1.71363353729248E-6,19.,40.6927534937859));
#13854=CARTESIAN_POINT('Ctrl Pts',(-42.7101504057646,20.,41.3623183965683));
#13855=CARTESIAN_POINT('Ctrl Pts',(-42.7101504057646,19.,41.3623183965683));
#13856=CARTESIAN_POINT('Ctrl Pts',(-42.8251124301235,20.,41.4742708857944));
#13857=CARTESIAN_POINT('Ctrl Pts',(-42.8251124301235,19.,41.4742708857944));
#13858=CARTESIAN_POINT('Ctrl Pts',(-43.0599950943216,20.,41.7030046705347));
#13859=CARTESIAN_POINT('Ctrl Pts',(-43.0599950943216,19.,41.7030046705347));
#13860=CARTESIAN_POINT('Ctrl Pts',(-43.0893610950034,20.,42.0301009185248));
#13861=CARTESIAN_POINT('Ctrl Pts',(-43.0893610950034,19.,42.0301009185248));
#13862=CARTESIAN_POINT('Ctrl Pts',(-43.1043540686369,20.,42.1971017122269));
#13863=CARTESIAN_POINT('Ctrl Pts',(-43.1043540686369,19.,42.1971017122269));
#13864=CARTESIAN_POINT('',(-42.7101504057646,20.,41.3623183965683));
#13865=CARTESIAN_POINT('',(-43.1043540686369,20.,42.1971017122269));
#13866=CARTESIAN_POINT('Ctrl Pts',(-42.7101504057646,20.,41.3623183965683));
#13867=CARTESIAN_POINT('Ctrl Pts',(-42.8251124301235,20.,41.4742708857944));
#13868=CARTESIAN_POINT('Ctrl Pts',(-43.0599950943216,20.,41.7030046705347));
#13869=CARTESIAN_POINT('Ctrl Pts',(-43.0893610950034,20.,42.0301009185248));
#13870=CARTESIAN_POINT('Ctrl Pts',(-43.1043540686369,20.,42.1971017122269));
#13871=CARTESIAN_POINT('',(-42.7101504057646,19.,41.3623183965683));
#13872=CARTESIAN_POINT('',(-42.7101504057646,20.,41.3623183965683));
#13873=CARTESIAN_POINT('',(-43.1043540686369,19.,42.1971017122269));
#13874=CARTESIAN_POINT('Ctrl Pts',(-42.7101504057646,19.,41.3623183965683));
#13875=CARTESIAN_POINT('Ctrl Pts',(-42.8251124301235,19.,41.4742708857944));
#13876=CARTESIAN_POINT('Ctrl Pts',(-43.0599950943216,19.,41.7030046705347));
#13877=CARTESIAN_POINT('Ctrl Pts',(-43.0893610950034,19.,42.0301009185248));
#13878=CARTESIAN_POINT('Ctrl Pts',(-43.1043540686369,19.,42.1971017122269));
#13879=CARTESIAN_POINT('',(-43.1043540686369,20.,42.1971017122269));
#13880=CARTESIAN_POINT('Ctrl Pts',(-41.4000069350004,20.,41.0550731420517));
#13881=CARTESIAN_POINT('Ctrl Pts',(-41.4000069350004,19.,41.0550731420517));
#13882=CARTESIAN_POINT('Ctrl Pts',(-41.6679153186627,20.,41.0574457682462));
#13883=CARTESIAN_POINT('Ctrl Pts',(-41.6679153186627,19.,41.0574457682462));
#13884=CARTESIAN_POINT('Ctrl Pts',(-42.1303294037943,20.,41.0615409583857));
#13885=CARTESIAN_POINT('Ctrl Pts',(-42.1303294037943,19.,41.0615409583857));
#13886=CARTESIAN_POINT('Ctrl Pts',(-42.5384726864825,20.,41.2732619732528));
#13887=CARTESIAN_POINT('Ctrl Pts',(-42.5384726864825,19.,41.2732619732528));
#13888=CARTESIAN_POINT('Ctrl Pts',(-42.7101504057646,20.,41.3623183965683));
#13889=CARTESIAN_POINT('Ctrl Pts',(-42.7101504057646,19.,41.3623183965683));
#13890=CARTESIAN_POINT('',(-41.4000069350004,20.,41.0550731420517));
#13891=CARTESIAN_POINT('Ctrl Pts',(-41.4000069350004,20.,41.0550731420517));
#13892=CARTESIAN_POINT('Ctrl Pts',(-41.6679153186627,20.,41.0574457682462));
#13893=CARTESIAN_POINT('Ctrl Pts',(-42.1303294037943,20.,41.0615409583857));
#13894=CARTESIAN_POINT('Ctrl Pts',(-42.5384726864825,20.,41.2732619732528));
#13895=CARTESIAN_POINT('Ctrl Pts',(-42.7101504057646,20.,41.3623183965683));
#13896=CARTESIAN_POINT('',(-41.4000069350004,19.,41.0550731420517));
#13897=CARTESIAN_POINT('',(-41.4000069350004,20.,41.0550731420517));
#13898=CARTESIAN_POINT('Ctrl Pts',(-41.4000069350004,19.,41.0550731420517));
#13899=CARTESIAN_POINT('Ctrl Pts',(-41.6679153186627,19.,41.0574457682462));
#13900=CARTESIAN_POINT('Ctrl Pts',(-42.1303294037943,19.,41.0615409583857));
#13901=CARTESIAN_POINT('Ctrl Pts',(-42.5384726864825,19.,41.2732619732528));
#13902=CARTESIAN_POINT('Ctrl Pts',(-42.7101504057646,19.,41.3623183965683));
#13903=CARTESIAN_POINT('Origin',(-40.681165382266,20.,41.0550731420517));
#13904=CARTESIAN_POINT('',(-40.681165382266,20.,41.0550731420517));
#13905=CARTESIAN_POINT('',(-20.340582691133,20.,41.0550731420517));
#13906=CARTESIAN_POINT('',(-40.681165382266,19.,41.0550731420517));
#13907=CARTESIAN_POINT('',(-40.681165382266,20.,41.0550731420517));
#13908=CARTESIAN_POINT('',(-40.681165382266,19.,41.0550731420517));
#13909=CARTESIAN_POINT('Origin',(-40.681165382266,20.,42.4057978391647));
#13910=CARTESIAN_POINT('',(-40.681165382266,20.,42.4057978391647));
#13911=CARTESIAN_POINT('',(-40.681165382266,20.,21.2028989195824));
#13912=CARTESIAN_POINT('',(-40.681165382266,19.,42.4057978391647));
#13913=CARTESIAN_POINT('',(-40.681165382266,20.,42.4057978391647));
#13914=CARTESIAN_POINT('',(-40.681165382266,19.,42.4057978391647));
#13915=CARTESIAN_POINT('Ctrl Pts',(-41.2898623198271,20.,42.9913049936295));
#13916=CARTESIAN_POINT('Ctrl Pts',(-41.2898623198271,19.,42.9913049936295));
#13917=CARTESIAN_POINT('Ctrl Pts',(-41.1700299996813,20.,42.9142981770625));
#13918=CARTESIAN_POINT('Ctrl Pts',(-41.1700299996813,19.,42.9142981770625));
#13919=CARTESIAN_POINT('Ctrl Pts',(-40.9286654876457,20.,42.7591921699229));
#13920=CARTESIAN_POINT('Ctrl Pts',(-40.9286654876457,19.,42.7591921699229));
#13921=CARTESIAN_POINT('Ctrl Pts',(-40.7640518620119,20.,42.5241477364052));
#13922=CARTESIAN_POINT('Ctrl Pts',(-40.7640518620119,19.,42.5241477364052));
#13923=CARTESIAN_POINT('Ctrl Pts',(-40.681165382266,20.,42.4057978391647));
#13924=CARTESIAN_POINT('Ctrl Pts',(-40.681165382266,19.,42.4057978391647));
#13925=CARTESIAN_POINT('',(-41.2898623198271,20.,42.9913049936295));
#13926=CARTESIAN_POINT('Ctrl Pts',(-41.2898623198271,20.,42.9913049936295));
#13927=CARTESIAN_POINT('Ctrl Pts',(-41.1700299996813,20.,42.9142981770625));
#13928=CARTESIAN_POINT('Ctrl Pts',(-40.9286654876457,20.,42.7591921699229));
#13929=CARTESIAN_POINT('Ctrl Pts',(-40.7640518620119,20.,42.5241477364052));
#13930=CARTESIAN_POINT('Ctrl Pts',(-40.681165382266,20.,42.4057978391647));
#13931=CARTESIAN_POINT('',(-41.2898623198271,19.,42.9913049936295));
#13932=CARTESIAN_POINT('',(-41.2898623198271,20.,42.9913049936295));
#13933=CARTESIAN_POINT('Ctrl Pts',(-41.2898623198271,19.,42.9913049936295));
#13934=CARTESIAN_POINT('Ctrl Pts',(-41.1700299996813,19.,42.9142981770625));
#13935=CARTESIAN_POINT('Ctrl Pts',(-40.9286654876457,19.,42.7591921699229));
#13936=CARTESIAN_POINT('Ctrl Pts',(-40.7640518620119,19.,42.5241477364052));
#13937=CARTESIAN_POINT('Ctrl Pts',(-40.681165382266,19.,42.4057978391647));
#13938=CARTESIAN_POINT('Ctrl Pts',(-42.0608746260405,20.,43.1999999284744));
#13939=CARTESIAN_POINT('Ctrl Pts',(-42.0608746260405,19.,43.1999999284744));
#13940=CARTESIAN_POINT('Ctrl Pts',(-41.9288069073194,20.,43.1905231945956));
#13941=CARTESIAN_POINT('Ctrl Pts',(-41.9288069073194,19.,43.1905231945956));
#13942=CARTESIAN_POINT('Ctrl Pts',(-41.6583868072211,20.,43.1711187606512));
#13943=CARTESIAN_POINT('Ctrl Pts',(-41.6583868072211,19.,43.1711187606512));
#13944=CARTESIAN_POINT('Ctrl Pts',(-41.4145924392391,20.,43.0521644301113));
#13945=CARTESIAN_POINT('Ctrl Pts',(-41.4145924392391,19.,43.0521644301113));
#13946=CARTESIAN_POINT('Ctrl Pts',(-41.2898623198271,20.,42.9913049936295));
#13947=CARTESIAN_POINT('Ctrl Pts',(-41.2898623198271,19.,42.9913049936295));
#13948=CARTESIAN_POINT('',(-42.0608746260405,20.,43.1999999284744));
#13949=CARTESIAN_POINT('Ctrl Pts',(-42.0608746260405,20.,43.1999999284744));
#13950=CARTESIAN_POINT('Ctrl Pts',(-41.9288069073194,20.,43.1905231945956));
#13951=CARTESIAN_POINT('Ctrl Pts',(-41.6583868072211,20.,43.1711187606512));
#13952=CARTESIAN_POINT('Ctrl Pts',(-41.4145924392391,20.,43.0521644301113));
#13953=CARTESIAN_POINT('Ctrl Pts',(-41.2898623198271,20.,42.9913049936295));
#13954=CARTESIAN_POINT('',(-42.0608746260405,19.,43.1999999284744));
#13955=CARTESIAN_POINT('',(-42.0608746260405,20.,43.1999999284744));
#13956=CARTESIAN_POINT('Ctrl Pts',(-42.0608746260405,19.,43.1999999284744));
#13957=CARTESIAN_POINT('Ctrl Pts',(-41.9288069073194,19.,43.1905231945956));
#13958=CARTESIAN_POINT('Ctrl Pts',(-41.6583868072211,19.,43.1711187606512));
#13959=CARTESIAN_POINT('Ctrl Pts',(-41.4145924392391,19.,43.0521644301113));
#13960=CARTESIAN_POINT('Ctrl Pts',(-41.2898623198271,19.,42.9913049936295));
#13961=CARTESIAN_POINT('Ctrl Pts',(-43.1043540686369,20.,42.1971017122269));
#13962=CARTESIAN_POINT('Ctrl Pts',(-43.1043540686369,19.,42.1971017122269));
#13963=CARTESIAN_POINT('Ctrl Pts',(-43.0581814800487,20.,42.4895929928846));
#13964=CARTESIAN_POINT('Ctrl Pts',(-43.0581814800487,19.,42.4895929928846));
#13965=CARTESIAN_POINT('Ctrl Pts',(-42.9643479249035,20.,43.0840040396172));
#13966=CARTESIAN_POINT('Ctrl Pts',(-42.9643479249035,19.,43.0840040396172));
#13967=CARTESIAN_POINT('Ctrl Pts',(-42.3652002646885,20.,43.1609279127309));
#13968=CARTESIAN_POINT('Ctrl Pts',(-42.3652002646885,19.,43.1609279127309));
#13969=CARTESIAN_POINT('Ctrl Pts',(-42.0608746260405,20.,43.1999999284744));
#13970=CARTESIAN_POINT('Ctrl Pts',(-42.0608746260405,19.,43.1999999284744));
#13971=CARTESIAN_POINT('Ctrl Pts',(-43.1043540686369,20.,42.1971017122269));
#13972=CARTESIAN_POINT('Ctrl Pts',(-43.0581814800487,20.,42.4895929928846));
#13973=CARTESIAN_POINT('Ctrl Pts',(-42.9643479249035,20.,43.0840040396172));
#13974=CARTESIAN_POINT('Ctrl Pts',(-42.3652002646885,20.,43.1609279127309));
#13975=CARTESIAN_POINT('Ctrl Pts',(-42.0608746260405,20.,43.1999999284744));
#13976=CARTESIAN_POINT('Ctrl Pts',(-43.1043540686369,19.,42.1971017122269));
#13977=CARTESIAN_POINT('Ctrl Pts',(-43.0581814800487,19.,42.4895929928846));
#13978=CARTESIAN_POINT('Ctrl Pts',(-42.9643479249035,19.,43.0840040396172));
#13979=CARTESIAN_POINT('Ctrl Pts',(-42.3652002646885,19.,43.1609279127309));
#13980=CARTESIAN_POINT('Ctrl Pts',(-42.0608746260405,19.,43.1999999284744));
#13981=CARTESIAN_POINT('Ctrl Pts',(-40.0144993513823,20.,38.260869383812));
#13982=CARTESIAN_POINT('Ctrl Pts',(-40.0144993513823,19.,38.260869383812));
#13983=CARTESIAN_POINT('Ctrl Pts',(-39.8370675741547,20.,38.466788935461));
#13984=CARTESIAN_POINT('Ctrl Pts',(-39.8370675741547,19.,38.466788935461));
#13985=CARTESIAN_POINT('Ctrl Pts',(-39.4648449133035,20.,38.8987742575592));
#13986=CARTESIAN_POINT('Ctrl Pts',(-39.4648449133035,19.,38.8987742575592));
#13987=CARTESIAN_POINT('Ctrl Pts',(-39.4260857752287,20.,39.4694637134663));
#13988=CARTESIAN_POINT('Ctrl Pts',(-39.4260857752287,19.,39.4694637134663));
#13989=CARTESIAN_POINT('Ctrl Pts',(-39.4058024138212,20.,39.7681158781052));
#13990=CARTESIAN_POINT('Ctrl Pts',(-39.4058024138212,19.,39.7681158781052));
#13991=CARTESIAN_POINT('',(-40.0144993513823,20.,38.260869383812));
#13992=CARTESIAN_POINT('',(-39.4058024138212,20.,39.7681158781052));
#13993=CARTESIAN_POINT('Ctrl Pts',(-40.0144993513823,20.,38.260869383812));
#13994=CARTESIAN_POINT('Ctrl Pts',(-39.8370675741547,20.,38.466788935461));
#13995=CARTESIAN_POINT('Ctrl Pts',(-39.4648449133035,20.,38.8987742575592));
#13996=CARTESIAN_POINT('Ctrl Pts',(-39.4260857752287,20.,39.4694637134663));
#13997=CARTESIAN_POINT('Ctrl Pts',(-39.4058024138212,20.,39.7681158781052));
#13998=CARTESIAN_POINT('',(-40.0144993513823,19.,38.260869383812));
#13999=CARTESIAN_POINT('',(-40.0144993513823,20.,38.260869383812));
#14000=CARTESIAN_POINT('',(-39.4058024138212,19.,39.7681158781052));
#14001=CARTESIAN_POINT('Ctrl Pts',(-40.0144993513823,19.,38.260869383812));
#14002=CARTESIAN_POINT('Ctrl Pts',(-39.8370675741547,19.,38.466788935461));
#14003=CARTESIAN_POINT('Ctrl Pts',(-39.4648449133035,19.,38.8987742575592));
#14004=CARTESIAN_POINT('Ctrl Pts',(-39.4260857752287,19.,39.4694637134663));
#14005=CARTESIAN_POINT('Ctrl Pts',(-39.4058024138212,19.,39.7681158781052));
#14006=CARTESIAN_POINT('',(-39.4058024138212,20.,39.7681158781052));
#14007=CARTESIAN_POINT('Ctrl Pts',(-41.8463837355375,20.,37.7159422636032));
#14008=CARTESIAN_POINT('Ctrl Pts',(-41.8463837355375,19.,37.7159422636032));
#14009=CARTESIAN_POINT('Ctrl Pts',(-41.4777255880805,20.,37.7264858337746));
#14010=CARTESIAN_POINT('Ctrl Pts',(-41.4777255880805,19.,37.7264858337746));
#14011=CARTESIAN_POINT('Ctrl Pts',(-40.8149783553049,20.,37.7454403096295));
#14012=CARTESIAN_POINT('Ctrl Pts',(-40.8149783553049,19.,37.7454403096295));
#14013=CARTESIAN_POINT('Ctrl Pts',(-40.2605311267534,20.,38.1024493258497));
#14014=CARTESIAN_POINT('Ctrl Pts',(-40.2605311267534,19.,38.1024493258497));
#14015=CARTESIAN_POINT('Ctrl Pts',(-40.0144993513823,20.,38.260869383812));
#14016=CARTESIAN_POINT('Ctrl Pts',(-40.0144993513823,19.,38.260869383812));
#14017=CARTESIAN_POINT('',(-41.8463837355375,20.,37.7159422636032));
#14018=CARTESIAN_POINT('Ctrl Pts',(-41.8463837355375,20.,37.7159422636032));
#14019=CARTESIAN_POINT('Ctrl Pts',(-41.4777255880805,20.,37.7264858337746));
#14020=CARTESIAN_POINT('Ctrl Pts',(-40.8149783553049,20.,37.7454403096295));
#14021=CARTESIAN_POINT('Ctrl Pts',(-40.2605311267534,20.,38.1024493258497));
#14022=CARTESIAN_POINT('Ctrl Pts',(-40.0144993513823,20.,38.260869383812));
#14023=CARTESIAN_POINT('',(-41.8463837355375,19.,37.7159422636032));
#14024=CARTESIAN_POINT('',(-41.8463837355375,20.,37.7159422636032));
#14025=CARTESIAN_POINT('Ctrl Pts',(-41.8463837355375,19.,37.7159422636032));
#14026=CARTESIAN_POINT('Ctrl Pts',(-41.4777255880805,19.,37.7264858337746));
#14027=CARTESIAN_POINT('Ctrl Pts',(-40.8149783553049,19.,37.7454403096295));
#14028=CARTESIAN_POINT('Ctrl Pts',(-40.2605311267534,19.,38.1024493258497));
#14029=CARTESIAN_POINT('Ctrl Pts',(-40.0144993513823,19.,38.260869383812));
#14030=CARTESIAN_POINT('Ctrl Pts',(-42.8666722029448,20.,37.8202897310257));
#14031=CARTESIAN_POINT('Ctrl Pts',(-42.8666722029448,19.,37.8202897310257));
#14032=CARTESIAN_POINT('Ctrl Pts',(-42.6902947196113,20.,37.7898734849837));
#14033=CARTESIAN_POINT('Ctrl Pts',(-42.6902947196113,19.,37.7898734849837));
#14034=CARTESIAN_POINT('Ctrl Pts',(-42.3525488893276,20.,37.7316293141326));
#14035=CARTESIAN_POINT('Ctrl Pts',(-42.3525488893276,19.,37.7316293141326));
#14036=CARTESIAN_POINT('Ctrl Pts',(-42.0100317300777,20.,37.7210140358107));
#14037=CARTESIAN_POINT('Ctrl Pts',(-42.0100317300777,19.,37.7210140358107));
#14038=CARTESIAN_POINT('Ctrl Pts',(-41.8463837355375,20.,37.7159422636032));
#14039=CARTESIAN_POINT('Ctrl Pts',(-41.8463837355375,19.,37.7159422636032));
#14040=CARTESIAN_POINT('',(-42.8666722029448,20.,37.8202897310257));
#14041=CARTESIAN_POINT('Ctrl Pts',(-42.8666722029448,20.,37.8202897310257));
#14042=CARTESIAN_POINT('Ctrl Pts',(-42.6902947196113,20.,37.7898734849837));
#14043=CARTESIAN_POINT('Ctrl Pts',(-42.3525488893276,20.,37.7316293141326));
#14044=CARTESIAN_POINT('Ctrl Pts',(-42.0100317300777,20.,37.7210140358107));
#14045=CARTESIAN_POINT('Ctrl Pts',(-41.8463837355375,20.,37.7159422636032));
#14046=CARTESIAN_POINT('',(-42.8666722029448,19.,37.8202897310257));
#14047=CARTESIAN_POINT('',(-42.8666722029448,20.,37.8202897310257));
#14048=CARTESIAN_POINT('Ctrl Pts',(-42.8666722029448,19.,37.8202897310257));
#14049=CARTESIAN_POINT('Ctrl Pts',(-42.6902947196113,19.,37.7898734849837));
#14050=CARTESIAN_POINT('Ctrl Pts',(-42.3525488893276,19.,37.7316293141326));
#14051=CARTESIAN_POINT('Ctrl Pts',(-42.0100317300777,19.,37.7210140358107));
#14052=CARTESIAN_POINT('Ctrl Pts',(-41.8463837355375,19.,37.7159422636032));
#14053=CARTESIAN_POINT('Ctrl Pts',(-43.9913117140532,20.,38.1333333253861));
#14054=CARTESIAN_POINT('Ctrl Pts',(-43.9913117140532,19.,38.1333333253861));
#14055=CARTESIAN_POINT('Ctrl Pts',(-43.8031679907598,20.,38.0670649563317));
#14056=CARTESIAN_POINT('Ctrl Pts',(-43.8031679907598,19.,38.0670649563317));
#14057=CARTESIAN_POINT('Ctrl Pts',(-43.4352827193749,20.,37.9374876496481));
#14058=CARTESIAN_POINT('Ctrl Pts',(-43.4352827193749,19.,37.9374876496481));
#14059=CARTESIAN_POINT('Ctrl Pts',(-43.0533009998726,20.,37.8587563191786));
#14060=CARTESIAN_POINT('Ctrl Pts',(-43.0533009998726,19.,37.8587563191786));
#14061=CARTESIAN_POINT('Ctrl Pts',(-42.8666722029448,20.,37.8202897310257));
#14062=CARTESIAN_POINT('Ctrl Pts',(-42.8666722029448,19.,37.8202897310257));
#14063=CARTESIAN_POINT('',(-43.9913117140532,20.,38.1333333253861));
#14064=CARTESIAN_POINT('Ctrl Pts',(-43.9913117140532,20.,38.1333333253861));
#14065=CARTESIAN_POINT('Ctrl Pts',(-43.8031679907598,20.,38.0670649563317));
#14066=CARTESIAN_POINT('Ctrl Pts',(-43.4352827193749,20.,37.9374876496481));
#14067=CARTESIAN_POINT('Ctrl Pts',(-43.0533009998726,20.,37.8587563191786));
#14068=CARTESIAN_POINT('Ctrl Pts',(-42.8666722029448,20.,37.8202897310257));
#14069=CARTESIAN_POINT('',(-43.9913117140532,19.,38.1333333253861));
#14070=CARTESIAN_POINT('',(-43.9913117140532,20.,38.1333333253861));
#14071=CARTESIAN_POINT('Ctrl Pts',(-43.9913117140532,19.,38.1333333253861));
#14072=CARTESIAN_POINT('Ctrl Pts',(-43.8031679907598,19.,38.0670649563317));
#14073=CARTESIAN_POINT('Ctrl Pts',(-43.4352827193749,19.,37.9374876496481));
#14074=CARTESIAN_POINT('Ctrl Pts',(-43.0533009998726,19.,37.8587563191786));
#14075=CARTESIAN_POINT('Ctrl Pts',(-42.8666722029448,19.,37.8202897310257));
#14076=CARTESIAN_POINT('Origin',(-43.6724697798491,20.,39.0492755174637));
#14077=CARTESIAN_POINT('',(-43.6724697798491,20.,39.0492755174637));
#14078=CARTESIAN_POINT('',(-47.3744438873604,20.,28.4145568205244));
#14079=CARTESIAN_POINT('',(-43.6724697798491,19.,39.0492755174637));
#14080=CARTESIAN_POINT('',(-43.6724697798491,20.,39.0492755174637));
#14081=CARTESIAN_POINT('',(-43.6724697798491,19.,39.0492755174637));
#14082=CARTESIAN_POINT('Ctrl Pts',(-42.7739178389311,20.,38.8115948438645));
#14083=CARTESIAN_POINT('Ctrl Pts',(-42.7739178389311,19.,38.8115948438645));
#14084=CARTESIAN_POINT('Ctrl Pts',(-42.9210262695882,20.,38.8411821833387));
#14085=CARTESIAN_POINT('Ctrl Pts',(-42.9210262695882,19.,38.8411821833387));
#14086=CARTESIAN_POINT('Ctrl Pts',(-43.2252880320053,20.,38.902377153698));
#14087=CARTESIAN_POINT('Ctrl Pts',(-43.2252880320053,19.,38.902377153698));
#14088=CARTESIAN_POINT('Ctrl Pts',(-43.5201641824319,20.,38.9992434149443));
#14089=CARTESIAN_POINT('Ctrl Pts',(-43.5201641824319,19.,38.9992434149443));
#14090=CARTESIAN_POINT('Ctrl Pts',(-43.6724697798491,20.,39.0492755174637));
#14091=CARTESIAN_POINT('Ctrl Pts',(-43.6724697798491,19.,39.0492755174637));
#14092=CARTESIAN_POINT('',(-42.7739178389311,20.,38.8115948438645));
#14093=CARTESIAN_POINT('Ctrl Pts',(-42.7739178389311,20.,38.8115948438645));
#14094=CARTESIAN_POINT('Ctrl Pts',(-42.9210262695882,20.,38.8411821833387));
#14095=CARTESIAN_POINT('Ctrl Pts',(-43.2252880320053,20.,38.902377153698));
#14096=CARTESIAN_POINT('Ctrl Pts',(-43.5201641824319,20.,38.9992434149443));
#14097=CARTESIAN_POINT('Ctrl Pts',(-43.6724697798491,20.,39.0492755174637));
#14098=CARTESIAN_POINT('',(-42.7739178389311,19.,38.8115948438645));
#14099=CARTESIAN_POINT('',(-42.7739178389311,20.,38.8115948438645));
#14100=CARTESIAN_POINT('Ctrl Pts',(-42.7739178389311,19.,38.8115948438645));
#14101=CARTESIAN_POINT('Ctrl Pts',(-42.9210262695882,19.,38.8411821833387));
#14102=CARTESIAN_POINT('Ctrl Pts',(-43.2252880320053,19.,38.902377153698));
#14103=CARTESIAN_POINT('Ctrl Pts',(-43.5201641824319,19.,38.9992434149443));
#14104=CARTESIAN_POINT('Ctrl Pts',(-43.6724697798491,19.,39.0492755174637));
#14105=CARTESIAN_POINT('Ctrl Pts',(-42.0434843748808,20.,38.7304347753525));
#14106=CARTESIAN_POINT('Ctrl Pts',(-42.0434843748808,19.,38.7304347753525));
#14107=CARTESIAN_POINT('Ctrl Pts',(-42.1548404028928,20.,38.7349048206483));
#14108=CARTESIAN_POINT('Ctrl Pts',(-42.1548404028928,19.,38.7349048206483));
#14109=CARTESIAN_POINT('Ctrl Pts',(-42.4001567157369,20.,38.7447522896161));
#14110=CARTESIAN_POINT('Ctrl Pts',(-42.4001567157369,19.,38.7447522896161));
#14111=CARTESIAN_POINT('Ctrl Pts',(-42.6419056166399,20.,38.7879860906198));
#14112=CARTESIAN_POINT('Ctrl Pts',(-42.6419056166399,19.,38.7879860906198));
#14113=CARTESIAN_POINT('Ctrl Pts',(-42.7739178389311,20.,38.8115948438645));
#14114=CARTESIAN_POINT('Ctrl Pts',(-42.7739178389311,19.,38.8115948438645));
#14115=CARTESIAN_POINT('',(-42.0434843748808,20.,38.7304347753525));
#14116=CARTESIAN_POINT('Ctrl Pts',(-42.0434843748808,20.,38.7304347753525));
#14117=CARTESIAN_POINT('Ctrl Pts',(-42.1548404028928,20.,38.7349048206483));
#14118=CARTESIAN_POINT('Ctrl Pts',(-42.4001567157369,20.,38.7447522896161));
#14119=CARTESIAN_POINT('Ctrl Pts',(-42.6419056166399,20.,38.7879860906198));
#14120=CARTESIAN_POINT('Ctrl Pts',(-42.7739178389311,20.,38.8115948438645));
#14121=CARTESIAN_POINT('',(-42.0434843748808,19.,38.7304347753525));
#14122=CARTESIAN_POINT('',(-42.0434843748808,20.,38.7304347753525));
#14123=CARTESIAN_POINT('Ctrl Pts',(-42.0434843748808,19.,38.7304347753525));
#14124=CARTESIAN_POINT('Ctrl Pts',(-42.1548404028928,19.,38.7349048206483));
#14125=CARTESIAN_POINT('Ctrl Pts',(-42.4001567157369,19.,38.7447522896161));
#14126=CARTESIAN_POINT('Ctrl Pts',(-42.6419056166399,19.,38.7879860906198));
#14127=CARTESIAN_POINT('Ctrl Pts',(-42.7739178389311,19.,38.8115948438645));
#14128=CARTESIAN_POINT('Ctrl Pts',(-41.0405861586332,20.,38.991305232048));
#14129=CARTESIAN_POINT('Ctrl Pts',(-41.0405861586332,19.,38.991305232048));
#14130=CARTESIAN_POINT('Ctrl Pts',(-41.1811093947489,20.,38.9154098260266));
#14131=CARTESIAN_POINT('Ctrl Pts',(-41.1811093947489,19.,38.9154098260266));
#14132=CARTESIAN_POINT('Ctrl Pts',(-41.4928714778813,20.,38.7470297734783));
#14133=CARTESIAN_POINT('Ctrl Pts',(-41.4928714778813,19.,38.7470297734783));
#14134=CARTESIAN_POINT('Ctrl Pts',(-41.8482749834504,20.,38.7363182181534));
#14135=CARTESIAN_POINT('Ctrl Pts',(-41.8482749834504,19.,38.7363182181534));
#14136=CARTESIAN_POINT('Ctrl Pts',(-42.0434843748808,20.,38.7304347753525));
#14137=CARTESIAN_POINT('Ctrl Pts',(-42.0434843748808,19.,38.7304347753525));
#14138=CARTESIAN_POINT('',(-41.0405861586332,20.,38.991305232048));
#14139=CARTESIAN_POINT('Ctrl Pts',(-41.0405861586332,20.,38.991305232048));
#14140=CARTESIAN_POINT('Ctrl Pts',(-41.1811093947489,20.,38.9154098260266));
#14141=CARTESIAN_POINT('Ctrl Pts',(-41.4928714778813,20.,38.7470297734783));
#14142=CARTESIAN_POINT('Ctrl Pts',(-41.8482749834504,20.,38.7363182181534));
#14143=CARTESIAN_POINT('Ctrl Pts',(-42.0434843748808,20.,38.7304347753525));
#14144=CARTESIAN_POINT('',(-41.0405861586332,19.,38.991305232048));
#14145=CARTESIAN_POINT('',(-41.0405861586332,20.,38.991305232048));
#14146=CARTESIAN_POINT('Ctrl Pts',(-41.0405861586332,19.,38.991305232048));
#14147=CARTESIAN_POINT('Ctrl Pts',(-41.1811093947489,19.,38.9154098260266));
#14148=CARTESIAN_POINT('Ctrl Pts',(-41.4928714778813,19.,38.7470297734783));
#14149=CARTESIAN_POINT('Ctrl Pts',(-41.8482749834504,19.,38.7363182181534));
#14150=CARTESIAN_POINT('Ctrl Pts',(-42.0434843748808,19.,38.7304347753525));
#14151=CARTESIAN_POINT('Ctrl Pts',(-40.681165382266,20.,39.8434787988663));
#14152=CARTESIAN_POINT('Ctrl Pts',(-40.681165382266,19.,39.8434787988663));
#14153=CARTESIAN_POINT('Ctrl Pts',(-40.6900129007918,20.,39.6634795491285));
#14154=CARTESIAN_POINT('Ctrl Pts',(-40.6900129007918,19.,39.6634795491285));
#14155=CARTESIAN_POINT('Ctrl Pts',(-40.7062588044709,20.,39.3329630924477));
#14156=CARTESIAN_POINT('Ctrl Pts',(-40.7062588044709,19.,39.3329630924477));
#14157=CARTESIAN_POINT('Ctrl Pts',(-40.9359738968342,20.,39.0982112362767));
#14158=CARTESIAN_POINT('Ctrl Pts',(-40.9359738968342,19.,39.0982112362767));
#14159=CARTESIAN_POINT('Ctrl Pts',(-41.0405861586332,20.,38.991305232048));
#14160=CARTESIAN_POINT('Ctrl Pts',(-41.0405861586332,19.,38.991305232048));
#14161=CARTESIAN_POINT('',(-40.681165382266,20.,39.8434787988663));
#14162=CARTESIAN_POINT('Ctrl Pts',(-40.681165382266,20.,39.8434787988663));
#14163=CARTESIAN_POINT('Ctrl Pts',(-40.6900129007918,20.,39.6634795491285));
#14164=CARTESIAN_POINT('Ctrl Pts',(-40.7062588044709,20.,39.3329630924477));
#14165=CARTESIAN_POINT('Ctrl Pts',(-40.9359738968342,20.,39.0982112362767));
#14166=CARTESIAN_POINT('Ctrl Pts',(-41.0405861586332,20.,38.991305232048));
#14167=CARTESIAN_POINT('',(-40.681165382266,19.,39.8434787988663));
#14168=CARTESIAN_POINT('',(-40.681165382266,20.,39.8434787988663));
#14169=CARTESIAN_POINT('Ctrl Pts',(-40.681165382266,19.,39.8434787988663));
#14170=CARTESIAN_POINT('Ctrl Pts',(-40.6900129007918,19.,39.6634795491285));
#14171=CARTESIAN_POINT('Ctrl Pts',(-40.7062588044709,19.,39.3329630924477));
#14172=CARTESIAN_POINT('Ctrl Pts',(-40.9359738968342,19.,39.0982112362767));
#14173=CARTESIAN_POINT('Ctrl Pts',(-41.0405861586332,19.,38.991305232048));
#14174=CARTESIAN_POINT('Origin',(-40.681165382266,20.,40.2434784173966));
#14175=CARTESIAN_POINT('',(-40.681165382266,20.,40.2434784173966));
#14176=CARTESIAN_POINT('',(-40.681165382266,20.,20.1217392086983));
#14177=CARTESIAN_POINT('',(-40.681165382266,19.,40.2434784173966));
#14178=CARTESIAN_POINT('',(-40.681165382266,20.,40.2434784173966));
#14179=CARTESIAN_POINT('',(-40.681165382266,19.,40.2434784173966));
#14180=CARTESIAN_POINT('Origin',(-41.5565287321806,20.,40.2434784173966));
#14181=CARTESIAN_POINT('',(-41.5565287321806,20.,40.2434784173966));
#14182=CARTESIAN_POINT('',(-20.7782643660903,20.,40.2434784173966));
#14183=CARTESIAN_POINT('',(-41.5565287321806,19.,40.2434784173966));
#14184=CARTESIAN_POINT('',(-41.5565287321806,20.,40.2434784173966));
#14185=CARTESIAN_POINT('',(-41.5565287321806,19.,40.2434784173966));
#14186=CARTESIAN_POINT('Ctrl Pts',(-43.7130486220121,20.,40.7652181386948));
#14187=CARTESIAN_POINT('Ctrl Pts',(-43.7130486220121,19.,40.7652181386948));
#14188=CARTESIAN_POINT('Ctrl Pts',(-43.4132564263979,20.,40.6135351107897));
#14189=CARTESIAN_POINT('Ctrl Pts',(-43.4132564263979,19.,40.6135351107897));
#14190=CARTESIAN_POINT('Ctrl Pts',(-42.7380069035432,20.,40.2718854824257));
#14191=CARTESIAN_POINT('Ctrl Pts',(-42.7380069035432,19.,40.2718854824257));
#14192=CARTESIAN_POINT('Ctrl Pts',(-41.9787156022601,20.,40.253629336951));
#14193=CARTESIAN_POINT('Ctrl Pts',(-41.9787156022601,19.,40.253629336951));
#14194=CARTESIAN_POINT('Ctrl Pts',(-41.5565287321806,20.,40.2434784173966));
#14195=CARTESIAN_POINT('Ctrl Pts',(-41.5565287321806,19.,40.2434784173966));
#14196=CARTESIAN_POINT('',(-43.7130486220121,20.,40.7652181386948));
#14197=CARTESIAN_POINT('Ctrl Pts',(-43.7130486220121,20.,40.7652181386948));
#14198=CARTESIAN_POINT('Ctrl Pts',(-43.4132564263979,20.,40.6135351107897));
#14199=CARTESIAN_POINT('Ctrl Pts',(-42.7380069035432,20.,40.2718854824257));
#14200=CARTESIAN_POINT('Ctrl Pts',(-41.9787156022601,20.,40.253629336951));
#14201=CARTESIAN_POINT('Ctrl Pts',(-41.5565287321806,20.,40.2434784173966));
#14202=CARTESIAN_POINT('',(-43.7130486220121,19.,40.7652181386948));
#14203=CARTESIAN_POINT('',(-43.7130486220121,20.,40.7652181386948));
#14204=CARTESIAN_POINT('Ctrl Pts',(-43.7130486220121,19.,40.7652181386948));
#14205=CARTESIAN_POINT('Ctrl Pts',(-43.4132564263979,19.,40.6135351107897));
#14206=CARTESIAN_POINT('Ctrl Pts',(-42.7380069035432,19.,40.2718854824257));
#14207=CARTESIAN_POINT('Ctrl Pts',(-41.9787156022601,19.,40.253629336951));
#14208=CARTESIAN_POINT('Ctrl Pts',(-41.5565287321806,19.,40.2434784173966));
#14209=CARTESIAN_POINT('Ctrl Pts',(-44.4666730612516,20.,42.2550731897354));
#14210=CARTESIAN_POINT('Ctrl Pts',(-44.4666730612516,19.,42.2550731897354));
#14211=CARTESIAN_POINT('Ctrl Pts',(-44.4373702544053,20.,41.9524407935466));
#14212=CARTESIAN_POINT('Ctrl Pts',(-44.4373702544053,19.,41.9524407935466));
#14213=CARTESIAN_POINT('Ctrl Pts',(-44.3797044519337,20.,41.3568821471794));
#14214=CARTESIAN_POINT('Ctrl Pts',(-44.3797044519337,19.,41.3568821471794));
#14215=CARTESIAN_POINT('Ctrl Pts',(-43.9328396316036,20.,40.9602849541744));
#14216=CARTESIAN_POINT('Ctrl Pts',(-43.9328396316036,19.,40.9602849541744));
#14217=CARTESIAN_POINT('Ctrl Pts',(-43.7130486220121,20.,40.7652181386948));
#14218=CARTESIAN_POINT('Ctrl Pts',(-43.7130486220121,19.,40.7652181386948));
#14219=CARTESIAN_POINT('',(-44.4666730612516,20.,42.2550731897354));
#14220=CARTESIAN_POINT('Ctrl Pts',(-44.4666730612516,20.,42.2550731897354));
#14221=CARTESIAN_POINT('Ctrl Pts',(-44.4373702544053,20.,41.9524407935466));
#14222=CARTESIAN_POINT('Ctrl Pts',(-44.3797044519337,20.,41.3568821471794));
#14223=CARTESIAN_POINT('Ctrl Pts',(-43.9328396316036,20.,40.9602849541744));
#14224=CARTESIAN_POINT('Ctrl Pts',(-43.7130486220121,20.,40.7652181386948));
#14225=CARTESIAN_POINT('',(-44.4666730612516,19.,42.2550731897354));
#14226=CARTESIAN_POINT('',(-44.4666730612516,20.,42.2550731897354));
#14227=CARTESIAN_POINT('Ctrl Pts',(-44.4666730612516,19.,42.2550731897354));
#14228=CARTESIAN_POINT('Ctrl Pts',(-44.4373702544053,19.,41.9524407935466));
#14229=CARTESIAN_POINT('Ctrl Pts',(-44.3797044519337,19.,41.3568821471794));
#14230=CARTESIAN_POINT('Ctrl Pts',(-43.9328396316036,19.,40.9602849541744));
#14231=CARTESIAN_POINT('Ctrl Pts',(-43.7130486220121,19.,40.7652181386948));
#14232=CARTESIAN_POINT('Ctrl Pts',(-43.9275418967009,20.,43.6347824335098));
#14233=CARTESIAN_POINT('Ctrl Pts',(-43.9275418967009,19.,43.6347824335098));
#14234=CARTESIAN_POINT('Ctrl Pts',(-44.0847373140164,20.,43.4408281613823));
#14235=CARTESIAN_POINT('Ctrl Pts',(-44.0847373140164,19.,43.4408281613823));
#14236=CARTESIAN_POINT('Ctrl Pts',(-44.4103026294035,20.,43.0391320759991));
#14237=CARTESIAN_POINT('Ctrl Pts',(-44.4103026294035,19.,43.0391320759991));
#14238=CARTESIAN_POINT('Ctrl Pts',(-44.44745782086,20.,42.5223388374666));
#14239=CARTESIAN_POINT('Ctrl Pts',(-44.44745782086,19.,42.5223388374666));
#14240=CARTESIAN_POINT('Ctrl Pts',(-44.4666730612516,20.,42.2550731897354));
#14241=CARTESIAN_POINT('Ctrl Pts',(-44.4666730612516,19.,42.2550731897354));
#14242=CARTESIAN_POINT('',(-43.9275418967009,20.,43.6347824335098));
#14243=CARTESIAN_POINT('Ctrl Pts',(-43.9275418967009,20.,43.6347824335098));
#14244=CARTESIAN_POINT('Ctrl Pts',(-44.0847373140164,20.,43.4408281613823));
#14245=CARTESIAN_POINT('Ctrl Pts',(-44.4103026294035,20.,43.0391320759991));
#14246=CARTESIAN_POINT('Ctrl Pts',(-44.44745782086,20.,42.5223388374666));
#14247=CARTESIAN_POINT('Ctrl Pts',(-44.4666730612516,20.,42.2550731897354));
#14248=CARTESIAN_POINT('',(-43.9275418967009,19.,43.6347824335098));
#14249=CARTESIAN_POINT('',(-43.9275418967009,20.,43.6347824335098));
#14250=CARTESIAN_POINT('Ctrl Pts',(-43.9275418967009,19.,43.6347824335098));
#14251=CARTESIAN_POINT('Ctrl Pts',(-44.0847373140164,19.,43.4408281613823));
#14252=CARTESIAN_POINT('Ctrl Pts',(-44.4103026294035,19.,43.0391320759991));
#14253=CARTESIAN_POINT('Ctrl Pts',(-44.44745782086,19.,42.5223388374666));
#14254=CARTESIAN_POINT('Ctrl Pts',(-44.4666730612516,19.,42.2550731897354));
#14255=CARTESIAN_POINT('Ctrl Pts',(-42.4550782889128,20.,44.1565221548081));
#14256=CARTESIAN_POINT('Ctrl Pts',(-42.4550782889128,19.,44.1565221548081));
#14257=CARTESIAN_POINT('Ctrl Pts',(-42.7434729355503,20.,44.1405755050559));
#14258=CARTESIAN_POINT('Ctrl Pts',(-42.7434729355503,19.,44.1405755050559));
#14259=CARTESIAN_POINT('Ctrl Pts',(-43.2872411639256,20.,44.1105080901944));
#14260=CARTESIAN_POINT('Ctrl Pts',(-43.2872411639256,19.,44.1105080901944));
#14261=CARTESIAN_POINT('Ctrl Pts',(-43.7229275348331,20.,43.7868052201225));
#14262=CARTESIAN_POINT('Ctrl Pts',(-43.7229275348331,19.,43.7868052201225));
#14263=CARTESIAN_POINT('Ctrl Pts',(-43.9275418967009,20.,43.6347824335098));
#14264=CARTESIAN_POINT('Ctrl Pts',(-43.9275418967009,19.,43.6347824335098));
#14265=CARTESIAN_POINT('',(-42.4550782889128,20.,44.1565221548081));
#14266=CARTESIAN_POINT('Ctrl Pts',(-42.4550782889128,20.,44.1565221548081));
#14267=CARTESIAN_POINT('Ctrl Pts',(-42.7434729355503,20.,44.1405755050559));
#14268=CARTESIAN_POINT('Ctrl Pts',(-43.2872411639256,20.,44.1105080901944));
#14269=CARTESIAN_POINT('Ctrl Pts',(-43.7229275348331,20.,43.7868052201225));
#14270=CARTESIAN_POINT('Ctrl Pts',(-43.9275418967009,20.,43.6347824335098));
#14271=CARTESIAN_POINT('',(-42.4550782889128,19.,44.1565221548081));
#14272=CARTESIAN_POINT('',(-42.4550782889128,20.,44.1565221548081));
#14273=CARTESIAN_POINT('Ctrl Pts',(-42.4550782889128,19.,44.1565221548081));
#14274=CARTESIAN_POINT('Ctrl Pts',(-42.7434729355503,19.,44.1405755050559));
#14275=CARTESIAN_POINT('Ctrl Pts',(-43.2872411639256,19.,44.1105080901944));
#14276=CARTESIAN_POINT('Ctrl Pts',(-43.7229275348331,19.,43.7868052201225));
#14277=CARTESIAN_POINT('Ctrl Pts',(-43.9275418967009,19.,43.6347824335098));
#14278=CARTESIAN_POINT('Ctrl Pts',(-41.3536297529936,20.,43.9478260278702));
#14279=CARTESIAN_POINT('Ctrl Pts',(-41.3536297529936,19.,43.9478260278702));
#14280=CARTESIAN_POINT('Ctrl Pts',(-41.5297489011806,20.,44.008692667527));
#14281=CARTESIAN_POINT('Ctrl Pts',(-41.5297489011806,19.,44.008692667527));
#14282=CARTESIAN_POINT('Ctrl Pts',(-41.8866387250653,20.,44.1320335111046));
#14283=CARTESIAN_POINT('Ctrl Pts',(-41.8866387250653,19.,44.1320335111046));
#14284=CARTESIAN_POINT('Ctrl Pts',(-42.2639591642424,20.,44.1482886530488));
#14285=CARTESIAN_POINT('Ctrl Pts',(-42.2639591642424,19.,44.1482886530488));
#14286=CARTESIAN_POINT('Ctrl Pts',(-42.4550782889128,20.,44.1565221548081));
#14287=CARTESIAN_POINT('Ctrl Pts',(-42.4550782889128,19.,44.1565221548081));
#14288=CARTESIAN_POINT('',(-41.3536297529936,20.,43.9478260278702));
#14289=CARTESIAN_POINT('Ctrl Pts',(-41.3536297529936,20.,43.9478260278702));
#14290=CARTESIAN_POINT('Ctrl Pts',(-41.5297489011806,20.,44.008692667527));
#14291=CARTESIAN_POINT('Ctrl Pts',(-41.8866387250653,20.,44.1320335111046));
#14292=CARTESIAN_POINT('Ctrl Pts',(-42.2639591642424,20.,44.1482886530488));
#14293=CARTESIAN_POINT('Ctrl Pts',(-42.4550782889128,20.,44.1565221548081));
#14294=CARTESIAN_POINT('',(-41.3536297529936,19.,43.9478260278702));
#14295=CARTESIAN_POINT('',(-41.3536297529936,20.,43.9478260278702));
#14296=CARTESIAN_POINT('Ctrl Pts',(-41.3536297529936,19.,43.9478260278702));
#14297=CARTESIAN_POINT('Ctrl Pts',(-41.5297489011806,19.,44.008692667527));
#14298=CARTESIAN_POINT('Ctrl Pts',(-41.8866387250653,19.,44.1320335111046));
#14299=CARTESIAN_POINT('Ctrl Pts',(-42.2639591642424,19.,44.1482886530488));
#14300=CARTESIAN_POINT('Ctrl Pts',(-42.4550782889128,19.,44.1565221548081));
#14301=CARTESIAN_POINT('Ctrl Pts',(-40.5014549940825,20.,43.3043485879898));
#14302=CARTESIAN_POINT('Ctrl Pts',(-40.5014549940825,19.,43.3043485879898));
#14303=CARTESIAN_POINT('Ctrl Pts',(-40.6215743821765,20.,43.4386355112084));
#14304=CARTESIAN_POINT('Ctrl Pts',(-40.6215743821765,19.,43.4386355112084));
#14305=CARTESIAN_POINT('Ctrl Pts',(-40.8633898923908,20.,43.7089720602741));
#14306=CARTESIAN_POINT('Ctrl Pts',(-40.8633898923908,19.,43.7089720602741));
#14307=CARTESIAN_POINT('Ctrl Pts',(-41.1895076599508,20.,43.867862695135));
#14308=CARTESIAN_POINT('Ctrl Pts',(-41.1895076599508,19.,43.867862695135));
#14309=CARTESIAN_POINT('Ctrl Pts',(-41.3536297529936,20.,43.9478260278702));
#14310=CARTESIAN_POINT('Ctrl Pts',(-41.3536297529936,19.,43.9478260278702));
#14311=CARTESIAN_POINT('',(-40.5014549940825,20.,43.3043485879898));
#14312=CARTESIAN_POINT('Ctrl Pts',(-40.5014549940825,20.,43.3043485879898));
#14313=CARTESIAN_POINT('Ctrl Pts',(-40.6215743821765,20.,43.4386355112084));
#14314=CARTESIAN_POINT('Ctrl Pts',(-40.8633898923908,20.,43.7089720602741));
#14315=CARTESIAN_POINT('Ctrl Pts',(-41.1895076599508,20.,43.867862695135));
#14316=CARTESIAN_POINT('Ctrl Pts',(-41.3536297529936,20.,43.9478260278702));
#14317=CARTESIAN_POINT('',(-40.5014549940825,19.,43.3043485879898));
#14318=CARTESIAN_POINT('',(-40.5014549940825,20.,43.3043485879898));
#14319=CARTESIAN_POINT('Ctrl Pts',(-40.5014549940825,19.,43.3043485879898));
#14320=CARTESIAN_POINT('Ctrl Pts',(-40.6215743821765,19.,43.4386355112084));
#14321=CARTESIAN_POINT('Ctrl Pts',(-40.8633898923908,19.,43.7089720602741));
#14322=CARTESIAN_POINT('Ctrl Pts',(-41.1895076599508,19.,43.867862695135));
#14323=CARTESIAN_POINT('Ctrl Pts',(-41.3536297529936,19.,43.9478260278702));
#14324=CARTESIAN_POINT('Ctrl Pts',(-40.0144993513823,20.,43.9014500379563));
#14325=CARTESIAN_POINT('Ctrl Pts',(-40.0144993513823,19.,43.9014500379563));
#14326=CARTESIAN_POINT('Ctrl Pts',(-40.1168041790194,20.,43.8251275774072));
#14327=CARTESIAN_POINT('Ctrl Pts',(-40.1168041790194,19.,43.8251275774072));
#14328=CARTESIAN_POINT('Ctrl Pts',(-40.3287310025825,20.,43.6670238299668));
#14329=CARTESIAN_POINT('Ctrl Pts',(-40.3287310025825,19.,43.6670238299668));
#14330=CARTESIAN_POINT('Ctrl Pts',(-40.4425701605987,20.,43.4279913491781));
#14331=CARTESIAN_POINT('Ctrl Pts',(-40.4425701605987,19.,43.4279913491781));
#14332=CARTESIAN_POINT('Ctrl Pts',(-40.5014549940825,20.,43.3043485879898));
#14333=CARTESIAN_POINT('Ctrl Pts',(-40.5014549940825,19.,43.3043485879898));
#14334=CARTESIAN_POINT('',(-40.0144993513823,20.,43.9014500379563));
#14335=CARTESIAN_POINT('Ctrl Pts',(-40.0144993513823,20.,43.9014500379563));
#14336=CARTESIAN_POINT('Ctrl Pts',(-40.1168041790194,20.,43.8251275774072));
#14337=CARTESIAN_POINT('Ctrl Pts',(-40.3287310025825,20.,43.6670238299668));
#14338=CARTESIAN_POINT('Ctrl Pts',(-40.4425701605987,20.,43.4279913491781));
#14339=CARTESIAN_POINT('Ctrl Pts',(-40.5014549940825,20.,43.3043485879898));
#14340=CARTESIAN_POINT('',(-40.0144993513823,19.,43.9014500379563));
#14341=CARTESIAN_POINT('',(-40.0144993513823,20.,43.9014500379563));
#14342=CARTESIAN_POINT('Ctrl Pts',(-40.0144993513823,19.,43.9014500379563));
#14343=CARTESIAN_POINT('Ctrl Pts',(-40.1168041790194,19.,43.8251275774072));
#14344=CARTESIAN_POINT('Ctrl Pts',(-40.3287310025825,19.,43.6670238299668));
#14345=CARTESIAN_POINT('Ctrl Pts',(-40.4425701605987,19.,43.4279913491781));
#14346=CARTESIAN_POINT('Ctrl Pts',(-40.5014549940825,19.,43.3043485879898));
#14347=CARTESIAN_POINT('Ctrl Pts',(-39.2318903654814,20.,44.1507250070572));
#14348=CARTESIAN_POINT('Ctrl Pts',(-39.2318903654814,19.,44.1507250070572));
#14349=CARTESIAN_POINT('Ctrl Pts',(-39.3749189501462,20.,44.1288236752109));
#14350=CARTESIAN_POINT('Ctrl Pts',(-39.3749189501462,19.,44.1288236752109));
#14351=CARTESIAN_POINT('Ctrl Pts',(-39.6490922985561,20.,44.0868407282286));
#14352=CARTESIAN_POINT('Ctrl Pts',(-39.6490922985561,19.,44.0868407282286));
#14353=CARTESIAN_POINT('Ctrl Pts',(-39.896268213477,20.,43.9614350658817));
#14354=CARTESIAN_POINT('Ctrl Pts',(-39.896268213477,19.,43.9614350658817));
#14355=CARTESIAN_POINT('Ctrl Pts',(-40.0144993513823,20.,43.9014500379563));
#14356=CARTESIAN_POINT('Ctrl Pts',(-40.0144993513823,19.,43.9014500379563));
#14357=CARTESIAN_POINT('',(-39.2318903654814,20.,44.1507250070572));
#14358=CARTESIAN_POINT('Ctrl Pts',(-39.2318903654814,20.,44.1507250070572));
#14359=CARTESIAN_POINT('Ctrl Pts',(-39.3749189501462,20.,44.1288236752109));
#14360=CARTESIAN_POINT('Ctrl Pts',(-39.6490922985561,20.,44.0868407282286));
#14361=CARTESIAN_POINT('Ctrl Pts',(-39.896268213477,20.,43.9614350658817));
#14362=CARTESIAN_POINT('Ctrl Pts',(-40.0144993513823,20.,43.9014500379563));
#14363=CARTESIAN_POINT('',(-39.2318903654814,19.,44.1507250070572));
#14364=CARTESIAN_POINT('',(-39.2318903654814,20.,44.1507250070572));
#14365=CARTESIAN_POINT('Ctrl Pts',(-39.2318903654814,19.,44.1507250070572));
#14366=CARTESIAN_POINT('Ctrl Pts',(-39.3749189501462,19.,44.1288236752109));
#14367=CARTESIAN_POINT('Ctrl Pts',(-39.6490922985561,19.,44.0868407282286));
#14368=CARTESIAN_POINT('Ctrl Pts',(-39.896268213477,19.,43.9614350658817));
#14369=CARTESIAN_POINT('Ctrl Pts',(-40.0144993513823,19.,43.9014500379563));
#14370=CARTESIAN_POINT('Origin',(-38.9420353621244,20.,43.2695657014847));
#14371=CARTESIAN_POINT('',(-38.9420353621244,20.,43.2695657014847));
#14372=CARTESIAN_POINT('',(-30.6190440310822,20.,17.9676693167046));
#14373=CARTESIAN_POINT('',(-38.9420353621244,19.,43.2695657014847));
#14374=CARTESIAN_POINT('',(-38.9420353621244,20.,43.2695657014847));
#14375=CARTESIAN_POINT('',(-38.9420353621244,19.,43.2695657014847));
#14376=CARTESIAN_POINT('Ctrl Pts',(-39.2956577986479,20.,43.0260866880417));
#14377=CARTESIAN_POINT('Ctrl Pts',(-39.2956577986479,19.,43.0260866880417));
#14378=CARTESIAN_POINT('Ctrl Pts',(-39.2507951942511,20.,43.0776245808398));
#14379=CARTESIAN_POINT('Ctrl Pts',(-39.2507951942511,19.,43.0776245808398));
#14380=CARTESIAN_POINT('Ctrl Pts',(-39.1540781147659,20.,43.1887325858538));
#14381=CARTESIAN_POINT('Ctrl Pts',(-39.1540781147659,19.,43.1887325858538));
#14382=CARTESIAN_POINT('Ctrl Pts',(-39.0160425680535,20.,43.2413533105406));
#14383=CARTESIAN_POINT('Ctrl Pts',(-39.0160425680535,19.,43.2413533105406));
#14384=CARTESIAN_POINT('Ctrl Pts',(-38.9420353621244,20.,43.2695657014847));
#14385=CARTESIAN_POINT('Ctrl Pts',(-38.9420353621244,19.,43.2695657014847));
#14386=CARTESIAN_POINT('',(-39.2956577986479,20.,43.0260866880417));
#14387=CARTESIAN_POINT('Ctrl Pts',(-39.2956577986479,20.,43.0260866880417));
#14388=CARTESIAN_POINT('Ctrl Pts',(-39.2507951942511,20.,43.0776245808398));
#14389=CARTESIAN_POINT('Ctrl Pts',(-39.1540781147659,20.,43.1887325858538));
#14390=CARTESIAN_POINT('Ctrl Pts',(-39.0160425680535,20.,43.2413533105406));
#14391=CARTESIAN_POINT('Ctrl Pts',(-38.9420353621244,20.,43.2695657014847));
#14392=CARTESIAN_POINT('',(-39.2956577986479,19.,43.0260866880417));
#14393=CARTESIAN_POINT('',(-39.2956577986479,20.,43.0260866880417));
#14394=CARTESIAN_POINT('Ctrl Pts',(-39.2956577986479,19.,43.0260866880417));
#14395=CARTESIAN_POINT('Ctrl Pts',(-39.2507951942511,19.,43.0776245808398));
#14396=CARTESIAN_POINT('Ctrl Pts',(-39.1540781147659,19.,43.1887325858538));
#14397=CARTESIAN_POINT('Ctrl Pts',(-39.0160425680535,19.,43.2413533105406));
#14398=CARTESIAN_POINT('Ctrl Pts',(-38.9420353621244,19.,43.2695657014847));
#14399=CARTESIAN_POINT('Ctrl Pts',(-39.4058024138212,20.,42.4985510110855));
#14400=CARTESIAN_POINT('Ctrl Pts',(-39.4058024138212,19.,42.4985510110855));
#14401=CARTESIAN_POINT('Ctrl Pts',(-39.4049956694454,20.,42.605329818673));
#14402=CARTESIAN_POINT('Ctrl Pts',(-39.4049956694454,19.,42.605329818673));
#14403=CARTESIAN_POINT('Ctrl Pts',(-39.4036050079058,20.,42.789394542768));
#14404=CARTESIAN_POINT('Ctrl Pts',(-39.4036050079058,19.,42.789394542768));
#14405=CARTESIAN_POINT('Ctrl Pts',(-39.327579660338,20.,42.9560927162058));
#14406=CARTESIAN_POINT('Ctrl Pts',(-39.327579660338,19.,42.9560927162058));
#14407=CARTESIAN_POINT('Ctrl Pts',(-39.2956577986479,20.,43.0260866880417));
#14408=CARTESIAN_POINT('Ctrl Pts',(-39.2956577986479,19.,43.0260866880417));
#14409=CARTESIAN_POINT('',(-39.4058024138212,20.,42.4985510110855));
#14410=CARTESIAN_POINT('Ctrl Pts',(-39.4058024138212,20.,42.4985510110855));
#14411=CARTESIAN_POINT('Ctrl Pts',(-39.4049956694454,20.,42.605329818673));
#14412=CARTESIAN_POINT('Ctrl Pts',(-39.4036050079058,20.,42.789394542768));
#14413=CARTESIAN_POINT('Ctrl Pts',(-39.327579660338,20.,42.9560927162058));
#14414=CARTESIAN_POINT('Ctrl Pts',(-39.2956577986479,20.,43.0260866880417));
#14415=CARTESIAN_POINT('',(-39.4058024138212,19.,42.4985510110855));
#14416=CARTESIAN_POINT('',(-39.4058024138212,20.,42.4985510110855));
#14417=CARTESIAN_POINT('Ctrl Pts',(-39.4058024138212,19.,42.4985510110855));
#14418=CARTESIAN_POINT('Ctrl Pts',(-39.4049956694454,19.,42.605329818673));
#14419=CARTESIAN_POINT('Ctrl Pts',(-39.4036050079058,19.,42.789394542768));
#14420=CARTESIAN_POINT('Ctrl Pts',(-39.327579660338,19.,42.9560927162058));
#14421=CARTESIAN_POINT('Ctrl Pts',(-39.2956577986479,19.,43.0260866880417));
#14422=CARTESIAN_POINT('Origin',(-39.4058024138212,20.,39.7681158781052));
#14423=CARTESIAN_POINT('',(-39.4058024138212,20.,19.8840579390526));
#14424=CARTESIAN_POINT('',(-39.4058024138212,19.,39.7681158781052));
#14425=CARTESIAN_POINT('Origin',(-1.71363353729248E-6,19.,40.6927534937859));
#14426=CARTESIAN_POINT('Ctrl Pts',(-54.7623240202665,20.,40.8231884241104));
#14427=CARTESIAN_POINT('Ctrl Pts',(-54.7623240202665,19.,40.8231884241104));
#14428=CARTESIAN_POINT('Ctrl Pts',(-54.6728805040084,20.,40.6917231897021));
#14429=CARTESIAN_POINT('Ctrl Pts',(-54.6728805040084,19.,40.6917231897021));
#14430=CARTESIAN_POINT('Ctrl Pts',(-54.4774206111009,20.,40.4044337168197));
#14431=CARTESIAN_POINT('Ctrl Pts',(-54.4774206111009,19.,40.4044337168197));
#14432=CARTESIAN_POINT('Ctrl Pts',(-54.4629354421485,20.,40.0557761530396));
#14433=CARTESIAN_POINT('Ctrl Pts',(-54.4629354421485,19.,40.0557761530396));
#14434=CARTESIAN_POINT('Ctrl Pts',(-54.4550787657499,20.,39.8666661977768));
#14435=CARTESIAN_POINT('Ctrl Pts',(-54.4550787657499,19.,39.8666661977768));
#14436=CARTESIAN_POINT('',(-54.7623240202665,20.,40.8231884241104));
#14437=CARTESIAN_POINT('',(-54.4550787657499,20.,39.8666661977768));
#14438=CARTESIAN_POINT('Ctrl Pts',(-54.7623240202665,20.,40.8231884241104));
#14439=CARTESIAN_POINT('Ctrl Pts',(-54.6728805040084,20.,40.6917231897021));
#14440=CARTESIAN_POINT('Ctrl Pts',(-54.4774206111009,20.,40.4044337168197));
#14441=CARTESIAN_POINT('Ctrl Pts',(-54.4629354421485,20.,40.0557761530396));
#14442=CARTESIAN_POINT('Ctrl Pts',(-54.4550787657499,20.,39.8666661977768));
#14443=CARTESIAN_POINT('',(-54.7623240202665,19.,40.8231884241104));
#14444=CARTESIAN_POINT('',(-54.7623240202665,20.,40.8231884241104));
#14445=CARTESIAN_POINT('',(-54.4550787657499,19.,39.8666661977768));
#14446=CARTESIAN_POINT('Ctrl Pts',(-54.7623240202665,19.,40.8231884241104));
#14447=CARTESIAN_POINT('Ctrl Pts',(-54.6728805040084,19.,40.6917231897021));
#14448=CARTESIAN_POINT('Ctrl Pts',(-54.4774206111009,19.,40.4044337168197));
#14449=CARTESIAN_POINT('Ctrl Pts',(-54.4629354421485,19.,40.0557761530396));
#14450=CARTESIAN_POINT('Ctrl Pts',(-54.4550787657499,19.,39.8666661977768));
#14451=CARTESIAN_POINT('',(-54.4550787657499,20.,39.8666661977768));
#14452=CARTESIAN_POINT('Ctrl Pts',(-55.6376873701811,20.,41.1594206094742));
#14453=CARTESIAN_POINT('Ctrl Pts',(-55.6376873701811,19.,41.1594206094742));
#14454=CARTESIAN_POINT('Ctrl Pts',(-55.4617659690125,20.,41.1496415795457));
#14455=CARTESIAN_POINT('Ctrl Pts',(-55.4617659690125,19.,41.1496415795457));
#14456=CARTESIAN_POINT('Ctrl Pts',(-55.1323384652594,20.,41.1313295299764));
#14457=CARTESIAN_POINT('Ctrl Pts',(-55.1323384652594,19.,41.1313295299764));
#14458=CARTESIAN_POINT('Ctrl Pts',(-54.8799374449805,20.,40.9211346833619));
#14459=CARTESIAN_POINT('Ctrl Pts',(-54.8799374449805,19.,40.9211346833619));
#14460=CARTESIAN_POINT('Ctrl Pts',(-54.7623240202665,20.,40.8231884241104));
#14461=CARTESIAN_POINT('Ctrl Pts',(-54.7623240202665,19.,40.8231884241104));
#14462=CARTESIAN_POINT('',(-55.6376873701811,20.,41.1594206094742));
#14463=CARTESIAN_POINT('Ctrl Pts',(-55.6376873701811,20.,41.1594206094742));
#14464=CARTESIAN_POINT('Ctrl Pts',(-55.4617659690125,20.,41.1496415795457));
#14465=CARTESIAN_POINT('Ctrl Pts',(-55.1323384652594,20.,41.1313295299764));
#14466=CARTESIAN_POINT('Ctrl Pts',(-54.8799374449805,20.,40.9211346833619));
#14467=CARTESIAN_POINT('Ctrl Pts',(-54.7623240202665,20.,40.8231884241104));
#14468=CARTESIAN_POINT('',(-55.6376873701811,19.,41.1594206094742));
#14469=CARTESIAN_POINT('',(-55.6376873701811,20.,41.1594206094742));
#14470=CARTESIAN_POINT('Ctrl Pts',(-55.6376873701811,19.,41.1594206094742));
#14471=CARTESIAN_POINT('Ctrl Pts',(-55.4617659690125,19.,41.1496415795457));
#14472=CARTESIAN_POINT('Ctrl Pts',(-55.1323384652594,19.,41.1313295299764));
#14473=CARTESIAN_POINT('Ctrl Pts',(-54.8799374449805,19.,40.9211346833619));
#14474=CARTESIAN_POINT('Ctrl Pts',(-54.7623240202665,19.,40.8231884241104));
#14475=CARTESIAN_POINT('Ctrl Pts',(-56.5826141089201,20.,40.8115941286087));
#14476=CARTESIAN_POINT('Ctrl Pts',(-56.5826141089201,19.,40.8115941286087));
#14477=CARTESIAN_POINT('Ctrl Pts',(-56.4562847258872,20.,40.9128722616332));
#14478=CARTESIAN_POINT('Ctrl Pts',(-56.4562847258872,19.,40.9128722616332));
#14479=CARTESIAN_POINT('Ctrl Pts',(-56.1817128750651,20.,41.1329962246));
#14480=CARTESIAN_POINT('Ctrl Pts',(-56.1817128750651,19.,41.1329962246));
#14481=CARTESIAN_POINT('Ctrl Pts',(-55.8284275599863,20.,41.1501559846705));
#14482=CARTESIAN_POINT('Ctrl Pts',(-55.8284275599863,19.,41.1501559846705));
#14483=CARTESIAN_POINT('Ctrl Pts',(-55.6376873701811,20.,41.1594206094742));
#14484=CARTESIAN_POINT('Ctrl Pts',(-55.6376873701811,19.,41.1594206094742));
#14485=CARTESIAN_POINT('',(-56.5826141089201,20.,40.8115941286087));
#14486=CARTESIAN_POINT('Ctrl Pts',(-56.5826141089201,20.,40.8115941286087));
#14487=CARTESIAN_POINT('Ctrl Pts',(-56.4562847258872,20.,40.9128722616332));
#14488=CARTESIAN_POINT('Ctrl Pts',(-56.1817128750651,20.,41.1329962246));
#14489=CARTESIAN_POINT('Ctrl Pts',(-55.8284275599863,20.,41.1501559846705));
#14490=CARTESIAN_POINT('Ctrl Pts',(-55.6376873701811,20.,41.1594206094742));
#14491=CARTESIAN_POINT('',(-56.5826141089201,19.,40.8115941286087));
#14492=CARTESIAN_POINT('',(-56.5826141089201,20.,40.8115941286087));
#14493=CARTESIAN_POINT('Ctrl Pts',(-56.5826141089201,19.,40.8115941286087));
#14494=CARTESIAN_POINT('Ctrl Pts',(-56.4562847258872,19.,40.9128722616332));
#14495=CARTESIAN_POINT('Ctrl Pts',(-56.1817128750651,19.,41.1329962246));
#14496=CARTESIAN_POINT('Ctrl Pts',(-55.8284275599863,19.,41.1501559846705));
#14497=CARTESIAN_POINT('Ctrl Pts',(-55.6376873701811,19.,41.1594206094742));
#14498=CARTESIAN_POINT('Ctrl Pts',(-56.9014548510313,20.,39.8782604932785));
#14499=CARTESIAN_POINT('Ctrl Pts',(-56.9014548510313,19.,39.8782604932785));
#14500=CARTESIAN_POINT('Ctrl Pts',(-56.8913007011544,20.,40.0584545338565));
#14501=CARTESIAN_POINT('Ctrl Pts',(-56.8913007011544,19.,40.0584545338565));
#14502=CARTESIAN_POINT('Ctrl Pts',(-56.8720372924157,20.,40.4003001337384));
#14503=CARTESIAN_POINT('Ctrl Pts',(-56.8720372924157,19.,40.4003001337384));
#14504=CARTESIAN_POINT('Ctrl Pts',(-56.6755356042199,20.,40.6795450904163));
#14505=CARTESIAN_POINT('Ctrl Pts',(-56.6755356042199,19.,40.6795450904163));
#14506=CARTESIAN_POINT('Ctrl Pts',(-56.5826141089201,20.,40.8115941286087));
#14507=CARTESIAN_POINT('Ctrl Pts',(-56.5826141089201,19.,40.8115941286087));
#14508=CARTESIAN_POINT('',(-56.9014548510313,20.,39.8782604932785));
#14509=CARTESIAN_POINT('Ctrl Pts',(-56.9014548510313,20.,39.8782604932785));
#14510=CARTESIAN_POINT('Ctrl Pts',(-56.8913007011544,20.,40.0584545338565));
#14511=CARTESIAN_POINT('Ctrl Pts',(-56.8720372924157,20.,40.4003001337384));
#14512=CARTESIAN_POINT('Ctrl Pts',(-56.6755356042199,20.,40.6795450904163));
#14513=CARTESIAN_POINT('Ctrl Pts',(-56.5826141089201,20.,40.8115941286087));
#14514=CARTESIAN_POINT('',(-56.9014548510313,19.,39.8782604932785));
#14515=CARTESIAN_POINT('',(-56.9014548510313,20.,39.8782604932785));
#14516=CARTESIAN_POINT('Ctrl Pts',(-56.9014548510313,19.,39.8782604932785));
#14517=CARTESIAN_POINT('Ctrl Pts',(-56.8913007011544,19.,40.0584545338565));
#14518=CARTESIAN_POINT('Ctrl Pts',(-56.8720372924157,19.,40.4003001337384));
#14519=CARTESIAN_POINT('Ctrl Pts',(-56.6755356042199,19.,40.6795450904163));
#14520=CARTESIAN_POINT('Ctrl Pts',(-56.5826141089201,19.,40.8115941286087));
#14521=CARTESIAN_POINT('Ctrl Pts',(-56.588411256671,20.,38.9681166410446));
#14522=CARTESIAN_POINT('Ctrl Pts',(-56.588411256671,19.,38.9681166410446));
#14523=CARTESIAN_POINT('Ctrl Pts',(-56.679651961401,20.,39.0973281226241));
#14524=CARTESIAN_POINT('Ctrl Pts',(-56.679651961401,19.,39.0973281226241));
#14525=CARTESIAN_POINT('Ctrl Pts',(-56.8718674535938,20.,39.3695361092046));
#14526=CARTESIAN_POINT('Ctrl Pts',(-56.8718674535938,19.,39.3695361092046));
#14527=CARTESIAN_POINT('Ctrl Pts',(-56.8912649457884,20.,39.703055719712));
#14528=CARTESIAN_POINT('Ctrl Pts',(-56.8912649457884,19.,39.703055719712));
#14529=CARTESIAN_POINT('Ctrl Pts',(-56.9014548510313,20.,39.8782604932785));
#14530=CARTESIAN_POINT('Ctrl Pts',(-56.9014548510313,19.,39.8782604932785));
#14531=CARTESIAN_POINT('',(-56.588411256671,20.,38.9681166410446));
#14532=CARTESIAN_POINT('Ctrl Pts',(-56.588411256671,20.,38.9681166410446));
#14533=CARTESIAN_POINT('Ctrl Pts',(-56.679651961401,20.,39.0973281226241));
#14534=CARTESIAN_POINT('Ctrl Pts',(-56.8718674535938,20.,39.3695361092046));
#14535=CARTESIAN_POINT('Ctrl Pts',(-56.8912649457884,20.,39.703055719712));
#14536=CARTESIAN_POINT('Ctrl Pts',(-56.9014548510313,20.,39.8782604932785));
#14537=CARTESIAN_POINT('',(-56.588411256671,19.,38.9681166410446));
#14538=CARTESIAN_POINT('',(-56.588411256671,20.,38.9681166410446));
#14539=CARTESIAN_POINT('Ctrl Pts',(-56.588411256671,19.,38.9681166410446));
#14540=CARTESIAN_POINT('Ctrl Pts',(-56.679651961401,19.,39.0973281226241));
#14541=CARTESIAN_POINT('Ctrl Pts',(-56.8718674535938,19.,39.3695361092046));
#14542=CARTESIAN_POINT('Ctrl Pts',(-56.8912649457884,19.,39.703055719712));
#14543=CARTESIAN_POINT('Ctrl Pts',(-56.9014548510313,19.,39.8782604932785));
#14544=CARTESIAN_POINT('Ctrl Pts',(-55.6550776213408,20.,38.6144930124283));
#14545=CARTESIAN_POINT('Ctrl Pts',(-55.6550776213408,19.,38.6144930124283));
#14546=CARTESIAN_POINT('Ctrl Pts',(-55.8441575923432,20.,38.6240924899743));
#14547=CARTESIAN_POINT('Ctrl Pts',(-55.8441575923432,19.,38.6240924899743));
#14548=CARTESIAN_POINT('Ctrl Pts',(-56.1951527831368,20.,38.6419123068218));
#14549=CARTESIAN_POINT('Ctrl Pts',(-56.1951527831368,19.,38.6419123068218));
#14550=CARTESIAN_POINT('Ctrl Pts',(-56.464267681374,20.,38.8651406721765));
#14551=CARTESIAN_POINT('Ctrl Pts',(-56.464267681374,19.,38.8651406721765));
#14552=CARTESIAN_POINT('Ctrl Pts',(-56.588411256671,20.,38.9681166410446));
#14553=CARTESIAN_POINT('Ctrl Pts',(-56.588411256671,19.,38.9681166410446));
#14554=CARTESIAN_POINT('',(-55.6550776213408,20.,38.6144930124283));
#14555=CARTESIAN_POINT('Ctrl Pts',(-55.6550776213408,20.,38.6144930124283));
#14556=CARTESIAN_POINT('Ctrl Pts',(-55.8441575923432,20.,38.6240924899743));
#14557=CARTESIAN_POINT('Ctrl Pts',(-56.1951527831368,20.,38.6419123068218));
#14558=CARTESIAN_POINT('Ctrl Pts',(-56.464267681374,20.,38.8651406721765));
#14559=CARTESIAN_POINT('Ctrl Pts',(-56.588411256671,20.,38.9681166410446));
#14560=CARTESIAN_POINT('',(-55.6550776213408,19.,38.6144930124283));
#14561=CARTESIAN_POINT('',(-55.6550776213408,20.,38.6144930124283));
#14562=CARTESIAN_POINT('Ctrl Pts',(-55.6550776213408,19.,38.6144930124283));
#14563=CARTESIAN_POINT('Ctrl Pts',(-55.8441575923432,19.,38.6240924899743));
#14564=CARTESIAN_POINT('Ctrl Pts',(-56.1951527831368,19.,38.6419123068218));
#14565=CARTESIAN_POINT('Ctrl Pts',(-56.464267681374,19.,38.8651406721765));
#14566=CARTESIAN_POINT('Ctrl Pts',(-56.588411256671,19.,38.9681166410446));
#14567=CARTESIAN_POINT('Ctrl Pts',(-54.4550787657499,20.,39.8666661977768));
#14568=CARTESIAN_POINT('Ctrl Pts',(-54.4550787657499,19.,39.8666661977768));
#14569=CARTESIAN_POINT('Ctrl Pts',(-54.5015866375641,20.,39.501479914703));
#14570=CARTESIAN_POINT('Ctrl Pts',(-54.5015866375641,19.,39.501479914703));
#14571=CARTESIAN_POINT('Ctrl Pts',(-54.5930458860091,20.,38.7833291653899));
#14572=CARTESIAN_POINT('Ctrl Pts',(-54.5930458860091,19.,38.7833291653899));
#14573=CARTESIAN_POINT('Ctrl Pts',(-55.3051064332298,20.,38.6701295693054));
#14574=CARTESIAN_POINT('Ctrl Pts',(-55.3051064332298,19.,38.6701295693054));
#14575=CARTESIAN_POINT('Ctrl Pts',(-55.6550776213408,20.,38.6144930124283));
#14576=CARTESIAN_POINT('Ctrl Pts',(-55.6550776213408,19.,38.6144930124283));
#14577=CARTESIAN_POINT('Ctrl Pts',(-54.4550787657499,20.,39.8666661977768));
#14578=CARTESIAN_POINT('Ctrl Pts',(-54.5015866375641,20.,39.501479914703));
#14579=CARTESIAN_POINT('Ctrl Pts',(-54.5930458860091,20.,38.7833291653899));
#14580=CARTESIAN_POINT('Ctrl Pts',(-55.3051064332298,20.,38.6701295693054));
#14581=CARTESIAN_POINT('Ctrl Pts',(-55.6550776213408,20.,38.6144930124283));
#14582=CARTESIAN_POINT('Ctrl Pts',(-54.4550787657499,19.,39.8666661977768));
#14583=CARTESIAN_POINT('Ctrl Pts',(-54.5015866375641,19.,39.501479914703));
#14584=CARTESIAN_POINT('Ctrl Pts',(-54.5930458860091,19.,38.7833291653899));
#14585=CARTESIAN_POINT('Ctrl Pts',(-55.3051064332298,19.,38.6701295693054));
#14586=CARTESIAN_POINT('Ctrl Pts',(-55.6550776213408,19.,38.6144930124283));
#14587=CARTESIAN_POINT('Ctrl Pts',(-54.4376861304045,20.,37.646376490593));
#14588=CARTESIAN_POINT('Ctrl Pts',(-54.4376861304045,19.,37.646376490593));
#14589=CARTESIAN_POINT('Ctrl Pts',(-54.2830215595511,20.,37.6184997489105));
#14590=CARTESIAN_POINT('Ctrl Pts',(-54.2830215595511,19.,37.6184997489105));
#14591=CARTESIAN_POINT('Ctrl Pts',(-53.9915960267142,20.,37.5659732119424));
#14592=CARTESIAN_POINT('Ctrl Pts',(-53.9915960267142,19.,37.5659732119424));
#14593=CARTESIAN_POINT('Ctrl Pts',(-53.7112683472041,20.,37.4707658380394));
#14594=CARTESIAN_POINT('Ctrl Pts',(-53.7112683472041,19.,37.4707658380394));
#14595=CARTESIAN_POINT('Ctrl Pts',(-53.5797154158354,20.,37.4260866641998));
#14596=CARTESIAN_POINT('Ctrl Pts',(-53.5797154158354,19.,37.4260866641998));
#14597=CARTESIAN_POINT('',(-54.4376861304045,20.,37.646376490593));
#14598=CARTESIAN_POINT('',(-53.5797154158354,20.,37.4260866641998));
#14599=CARTESIAN_POINT('Ctrl Pts',(-54.4376861304045,20.,37.646376490593));
#14600=CARTESIAN_POINT('Ctrl Pts',(-54.2830215595511,20.,37.6184997489105));
#14601=CARTESIAN_POINT('Ctrl Pts',(-53.9915960267142,20.,37.5659732119424));
#14602=CARTESIAN_POINT('Ctrl Pts',(-53.7112683472041,20.,37.4707658380394));
#14603=CARTESIAN_POINT('Ctrl Pts',(-53.5797154158354,20.,37.4260866641998));
#14604=CARTESIAN_POINT('',(-54.4376861304045,19.,37.646376490593));
#14605=CARTESIAN_POINT('',(-54.4376861304045,20.,37.646376490593));
#14606=CARTESIAN_POINT('',(-53.5797154158354,19.,37.4260866641998));
#14607=CARTESIAN_POINT('Ctrl Pts',(-54.4376861304045,19.,37.646376490593));
#14608=CARTESIAN_POINT('Ctrl Pts',(-54.2830215595511,19.,37.6184997489105));
#14609=CARTESIAN_POINT('Ctrl Pts',(-53.9915960267142,19.,37.5659732119424));
#14610=CARTESIAN_POINT('Ctrl Pts',(-53.7112683472041,19.,37.4707658380394));
#14611=CARTESIAN_POINT('Ctrl Pts',(-53.5797154158354,19.,37.4260866641998));
#14612=CARTESIAN_POINT('',(-53.5797154158354,20.,37.4260866641998));
#14613=CARTESIAN_POINT('Ctrl Pts',(-55.6666719168425,20.,37.7217394113541));
#14614=CARTESIAN_POINT('Ctrl Pts',(-55.6666719168425,19.,37.7217394113541));
#14615=CARTESIAN_POINT('Ctrl Pts',(-55.4412162551192,20.,37.7215556225105));
#14616=CARTESIAN_POINT('Ctrl Pts',(-55.4412162551192,19.,37.7215556225105));
#14617=CARTESIAN_POINT('Ctrl Pts',(-55.0299344839772,20.,37.7212203503752));
#14618=CARTESIAN_POINT('Ctrl Pts',(-55.0299344839772,19.,37.7212203503752));
#14619=CARTESIAN_POINT('Ctrl Pts',(-54.621999905079,20.,37.6696686689915));
#14620=CARTESIAN_POINT('Ctrl Pts',(-54.621999905079,19.,37.6696686689915));
#14621=CARTESIAN_POINT('Ctrl Pts',(-54.4376861304045,20.,37.646376490593));
#14622=CARTESIAN_POINT('Ctrl Pts',(-54.4376861304045,19.,37.646376490593));
#14623=CARTESIAN_POINT('',(-55.6666719168425,20.,37.7217394113541));
#14624=CARTESIAN_POINT('Ctrl Pts',(-55.6666719168425,20.,37.7217394113541));
#14625=CARTESIAN_POINT('Ctrl Pts',(-55.4412162551192,20.,37.7215556225105));
#14626=CARTESIAN_POINT('Ctrl Pts',(-55.0299344839772,20.,37.7212203503752));
#14627=CARTESIAN_POINT('Ctrl Pts',(-54.621999905079,20.,37.6696686689915));
#14628=CARTESIAN_POINT('Ctrl Pts',(-54.4376861304045,20.,37.646376490593));
#14629=CARTESIAN_POINT('',(-55.6666719168425,19.,37.7217394113541));
#14630=CARTESIAN_POINT('',(-55.6666719168425,20.,37.7217394113541));
#14631=CARTESIAN_POINT('Ctrl Pts',(-55.6666719168425,19.,37.7217394113541));
#14632=CARTESIAN_POINT('Ctrl Pts',(-55.4412162551192,19.,37.7215556225105));
#14633=CARTESIAN_POINT('Ctrl Pts',(-55.0299344839772,19.,37.7212203503752));
#14634=CARTESIAN_POINT('Ctrl Pts',(-54.621999905079,19.,37.6696686689915));
#14635=CARTESIAN_POINT('Ctrl Pts',(-54.4376861304045,19.,37.646376490593));
#14636=CARTESIAN_POINT('Ctrl Pts',(-57.0000063627958,20.,37.9942029714584));
#14637=CARTESIAN_POINT('Ctrl Pts',(-57.0000063627958,19.,37.9942029714584));
#14638=CARTESIAN_POINT('Ctrl Pts',(-56.7946433243549,20.,37.9147730901921));
#14639=CARTESIAN_POINT('Ctrl Pts',(-56.7946433243549,19.,37.9147730901921));
#14640=CARTESIAN_POINT('Ctrl Pts',(-56.3658919260706,20.,37.7489415320061));
#14641=CARTESIAN_POINT('Ctrl Pts',(-56.3658919260706,19.,37.7489415320061));
#14642=CARTESIAN_POINT('Ctrl Pts',(-55.9061874640614,20.,37.7310574095914));
#14643=CARTESIAN_POINT('Ctrl Pts',(-55.9061874640614,19.,37.7310574095914));
#14644=CARTESIAN_POINT('Ctrl Pts',(-55.6666719168425,20.,37.7217394113541));
#14645=CARTESIAN_POINT('Ctrl Pts',(-55.6666719168425,19.,37.7217394113541));
#14646=CARTESIAN_POINT('',(-57.0000063627958,20.,37.9942029714584));
#14647=CARTESIAN_POINT('Ctrl Pts',(-57.0000063627958,20.,37.9942029714584));
#14648=CARTESIAN_POINT('Ctrl Pts',(-56.7946433243549,20.,37.9147730901921));
#14649=CARTESIAN_POINT('Ctrl Pts',(-56.3658919260706,20.,37.7489415320061));
#14650=CARTESIAN_POINT('Ctrl Pts',(-55.9061874640614,20.,37.7310574095914));
#14651=CARTESIAN_POINT('Ctrl Pts',(-55.6666719168425,20.,37.7217394113541));
#14652=CARTESIAN_POINT('',(-57.0000063627958,19.,37.9942029714584));
#14653=CARTESIAN_POINT('',(-57.0000063627958,20.,37.9942029714584));
#14654=CARTESIAN_POINT('Ctrl Pts',(-57.0000063627958,19.,37.9942029714584));
#14655=CARTESIAN_POINT('Ctrl Pts',(-56.7946433243549,19.,37.9147730901921));
#14656=CARTESIAN_POINT('Ctrl Pts',(-56.3658919260706,19.,37.7489415320061));
#14657=CARTESIAN_POINT('Ctrl Pts',(-55.9061874640614,19.,37.7310574095914));
#14658=CARTESIAN_POINT('Ctrl Pts',(-55.6666719168425,19.,37.7217394113541));
#14659=CARTESIAN_POINT('Ctrl Pts',(-57.898555919528,20.,38.7536233663559));
#14660=CARTESIAN_POINT('Ctrl Pts',(-57.898555919528,19.,38.7536233663559));
#14661=CARTESIAN_POINT('Ctrl Pts',(-57.777963789576,20.,38.5993083134056));
#14662=CARTESIAN_POINT('Ctrl Pts',(-57.777963789576,19.,38.5993083134056));
#14663=CARTESIAN_POINT('Ctrl Pts',(-57.5314401771481,20.,38.2838457345422));
#14664=CARTESIAN_POINT('Ctrl Pts',(-57.5314401771481,19.,38.2838457345422));
#14665=CARTESIAN_POINT('Ctrl Pts',(-57.1796904347682,20.,38.0921346229317));
#14666=CARTESIAN_POINT('Ctrl Pts',(-57.1796904347682,19.,38.0921346229317));
#14667=CARTESIAN_POINT('Ctrl Pts',(-57.0000063627958,20.,37.9942029714584));
#14668=CARTESIAN_POINT('Ctrl Pts',(-57.0000063627958,19.,37.9942029714584));
#14669=CARTESIAN_POINT('',(-57.898555919528,20.,38.7536233663559));
#14670=CARTESIAN_POINT('Ctrl Pts',(-57.898555919528,20.,38.7536233663559));
#14671=CARTESIAN_POINT('Ctrl Pts',(-57.777963789576,20.,38.5993083134056));
#14672=CARTESIAN_POINT('Ctrl Pts',(-57.5314401771481,20.,38.2838457345422));
#14673=CARTESIAN_POINT('Ctrl Pts',(-57.1796904347682,20.,38.0921346229317));
#14674=CARTESIAN_POINT('Ctrl Pts',(-57.0000063627958,20.,37.9942029714584));
#14675=CARTESIAN_POINT('',(-57.898555919528,19.,38.7536233663559));
#14676=CARTESIAN_POINT('',(-57.898555919528,20.,38.7536233663559));
#14677=CARTESIAN_POINT('Ctrl Pts',(-57.898555919528,19.,38.7536233663559));
#14678=CARTESIAN_POINT('Ctrl Pts',(-57.777963789576,19.,38.5993083134056));
#14679=CARTESIAN_POINT('Ctrl Pts',(-57.5314401771481,19.,38.2838457345422));
#14680=CARTESIAN_POINT('Ctrl Pts',(-57.1796904347682,19.,38.0921346229317));
#14681=CARTESIAN_POINT('Ctrl Pts',(-57.0000063627958,19.,37.9942029714584));
#14682=CARTESIAN_POINT('Ctrl Pts',(-58.2231938093901,20.,39.8898547887802));
#14683=CARTESIAN_POINT('Ctrl Pts',(-58.2231938093901,19.,39.8898547887802));
#14684=CARTESIAN_POINT('Ctrl Pts',(-58.2112279423871,20.,39.6825775962101));
#14685=CARTESIAN_POINT('Ctrl Pts',(-58.2112279423871,19.,39.6825775962101));
#14686=CARTESIAN_POINT('Ctrl Pts',(-58.1879405651028,20.,39.2791849975286));
#14687=CARTESIAN_POINT('Ctrl Pts',(-58.1879405651028,19.,39.2791849975286));
#14688=CARTESIAN_POINT('Ctrl Pts',(-57.9932215233825,20.,38.9255488984756));
#14689=CARTESIAN_POINT('Ctrl Pts',(-57.9932215233825,19.,38.9255488984756));
#14690=CARTESIAN_POINT('Ctrl Pts',(-57.898555919528,20.,38.7536233663559));
#14691=CARTESIAN_POINT('Ctrl Pts',(-57.898555919528,19.,38.7536233663559));
#14692=CARTESIAN_POINT('',(-58.2231938093901,20.,39.8898547887802));
#14693=CARTESIAN_POINT('Ctrl Pts',(-58.2231938093901,20.,39.8898547887802));
#14694=CARTESIAN_POINT('Ctrl Pts',(-58.2112279423871,20.,39.6825775962101));
#14695=CARTESIAN_POINT('Ctrl Pts',(-58.1879405651028,20.,39.2791849975286));
#14696=CARTESIAN_POINT('Ctrl Pts',(-57.9932215233825,20.,38.9255488984756));
#14697=CARTESIAN_POINT('Ctrl Pts',(-57.898555919528,20.,38.7536233663559));
#14698=CARTESIAN_POINT('',(-58.2231938093901,19.,39.8898547887802));
#14699=CARTESIAN_POINT('',(-58.2231938093901,20.,39.8898547887802));
#14700=CARTESIAN_POINT('Ctrl Pts',(-58.2231938093901,19.,39.8898547887802));
#14701=CARTESIAN_POINT('Ctrl Pts',(-58.2112279423871,19.,39.6825775962101));
#14702=CARTESIAN_POINT('Ctrl Pts',(-58.1879405651028,19.,39.2791849975286));
#14703=CARTESIAN_POINT('Ctrl Pts',(-57.9932215233825,19.,38.9255488984756));
#14704=CARTESIAN_POINT('Ctrl Pts',(-57.898555919528,19.,38.7536233663559));
#14705=CARTESIAN_POINT('Ctrl Pts',(-57.9739188402891,20.,40.8985513448715));
#14706=CARTESIAN_POINT('Ctrl Pts',(-57.9739188402891,19.,40.8985513448715));
#14707=CARTESIAN_POINT('Ctrl Pts',(-58.0465714908869,20.,40.7475591709449));
#14708=CARTESIAN_POINT('Ctrl Pts',(-58.0465714908869,19.,40.7475591709449));
#14709=CARTESIAN_POINT('Ctrl Pts',(-58.1997669801028,20.,40.4291768440491));
#14710=CARTESIAN_POINT('Ctrl Pts',(-58.1997669801028,19.,40.4291768440491));
#14711=CARTESIAN_POINT('Ctrl Pts',(-58.2151212637015,20.,40.0756973489767));
#14712=CARTESIAN_POINT('Ctrl Pts',(-58.2151212637015,19.,40.0756973489767));
#14713=CARTESIAN_POINT('Ctrl Pts',(-58.2231938093901,20.,39.8898547887802));
#14714=CARTESIAN_POINT('Ctrl Pts',(-58.2231938093901,19.,39.8898547887802));
#14715=CARTESIAN_POINT('',(-57.9739188402891,20.,40.8985513448715));
#14716=CARTESIAN_POINT('Ctrl Pts',(-57.9739188402891,20.,40.8985513448715));
#14717=CARTESIAN_POINT('Ctrl Pts',(-58.0465714908869,20.,40.7475591709449));
#14718=CARTESIAN_POINT('Ctrl Pts',(-58.1997669801028,20.,40.4291768440491));
#14719=CARTESIAN_POINT('Ctrl Pts',(-58.2151212637015,20.,40.0756973489767));
#14720=CARTESIAN_POINT('Ctrl Pts',(-58.2231938093901,20.,39.8898547887802));
#14721=CARTESIAN_POINT('',(-57.9739188402891,19.,40.8985513448715));
#14722=CARTESIAN_POINT('',(-57.9739188402891,20.,40.8985513448715));
#14723=CARTESIAN_POINT('Ctrl Pts',(-57.9739188402891,19.,40.8985513448715));
#14724=CARTESIAN_POINT('Ctrl Pts',(-58.0465714908869,19.,40.7475591709449));
#14725=CARTESIAN_POINT('Ctrl Pts',(-58.1997669801028,19.,40.4291768440491));
#14726=CARTESIAN_POINT('Ctrl Pts',(-58.2151212637015,19.,40.0756973489767));
#14727=CARTESIAN_POINT('Ctrl Pts',(-58.2231938093901,19.,39.8898547887802));
#14728=CARTESIAN_POINT('Ctrl Pts',(-57.1681212633848,20.,41.6000002622605));
#14729=CARTESIAN_POINT('Ctrl Pts',(-57.1681212633848,19.,41.6000002622605));
#14730=CARTESIAN_POINT('Ctrl Pts',(-57.3360734450606,20.,41.5034096594725));
#14731=CARTESIAN_POINT('Ctrl Pts',(-57.3360734450606,19.,41.5034096594725));
#14732=CARTESIAN_POINT('Ctrl Pts',(-57.6512471717343,20.,41.3221508038948));
#14733=CARTESIAN_POINT('Ctrl Pts',(-57.6512471717343,19.,41.3221508038948));
#14734=CARTESIAN_POINT('Ctrl Pts',(-57.8711837465673,20.,41.0334207318189));
#14735=CARTESIAN_POINT('Ctrl Pts',(-57.8711837465673,19.,41.0334207318189));
#14736=CARTESIAN_POINT('Ctrl Pts',(-57.9739188402891,20.,40.8985513448715));
#14737=CARTESIAN_POINT('Ctrl Pts',(-57.9739188402891,19.,40.8985513448715));
#14738=CARTESIAN_POINT('',(-57.1681212633848,20.,41.6000002622605));
#14739=CARTESIAN_POINT('Ctrl Pts',(-57.1681212633848,20.,41.6000002622605));
#14740=CARTESIAN_POINT('Ctrl Pts',(-57.3360734450606,20.,41.5034096594725));
#14741=CARTESIAN_POINT('Ctrl Pts',(-57.6512471717343,20.,41.3221508038948));
#14742=CARTESIAN_POINT('Ctrl Pts',(-57.8711837465673,20.,41.0334207318189));
#14743=CARTESIAN_POINT('Ctrl Pts',(-57.9739188402891,20.,40.8985513448715));
#14744=CARTESIAN_POINT('',(-57.1681212633848,19.,41.6000002622605));
#14745=CARTESIAN_POINT('',(-57.1681212633848,20.,41.6000002622605));
#14746=CARTESIAN_POINT('Ctrl Pts',(-57.1681212633848,19.,41.6000002622605));
#14747=CARTESIAN_POINT('Ctrl Pts',(-57.3360734450606,19.,41.5034096594725));
#14748=CARTESIAN_POINT('Ctrl Pts',(-57.6512471717343,19.,41.3221508038948));
#14749=CARTESIAN_POINT('Ctrl Pts',(-57.8711837465673,19.,41.0334207318189));
#14750=CARTESIAN_POINT('Ctrl Pts',(-57.9739188402891,19.,40.8985513448715));
#14751=CARTESIAN_POINT('Ctrl Pts',(-57.8521799296141,20.,42.7072471380234));
#14752=CARTESIAN_POINT('Ctrl Pts',(-57.8521799296141,19.,42.7072471380234));
#14753=CARTESIAN_POINT('Ctrl Pts',(-57.817088136908,20.,42.4918030695284));
#14754=CARTESIAN_POINT('Ctrl Pts',(-57.817088136908,19.,42.4918030695284));
#14755=CARTESIAN_POINT('Ctrl Pts',(-57.7421475406596,20.,42.0317095346545));
#14756=CARTESIAN_POINT('Ctrl Pts',(-57.7421475406596,19.,42.0317095346545));
#14757=CARTESIAN_POINT('Ctrl Pts',(-57.3673928023332,20.,41.7498668702782));
#14758=CARTESIAN_POINT('Ctrl Pts',(-57.3673928023332,19.,41.7498668702782));
#14759=CARTESIAN_POINT('Ctrl Pts',(-57.1681212633848,20.,41.6000002622605));
#14760=CARTESIAN_POINT('Ctrl Pts',(-57.1681212633848,19.,41.6000002622605));
#14761=CARTESIAN_POINT('',(-57.8521799296141,20.,42.7072471380234));
#14762=CARTESIAN_POINT('Ctrl Pts',(-57.8521799296141,20.,42.7072471380234));
#14763=CARTESIAN_POINT('Ctrl Pts',(-57.817088136908,20.,42.4918030695284));
#14764=CARTESIAN_POINT('Ctrl Pts',(-57.7421475406596,20.,42.0317095346545));
#14765=CARTESIAN_POINT('Ctrl Pts',(-57.3673928023332,20.,41.7498668702782));
#14766=CARTESIAN_POINT('Ctrl Pts',(-57.1681212633848,20.,41.6000002622605));
#14767=CARTESIAN_POINT('',(-57.8521799296141,19.,42.7072471380234));
#14768=CARTESIAN_POINT('',(-57.8521799296141,20.,42.7072471380234));
#14769=CARTESIAN_POINT('Ctrl Pts',(-57.8521799296141,19.,42.7072471380234));
#14770=CARTESIAN_POINT('Ctrl Pts',(-57.817088136908,19.,42.4918030695284));
#14771=CARTESIAN_POINT('Ctrl Pts',(-57.7421475406596,19.,42.0317095346545));
#14772=CARTESIAN_POINT('Ctrl Pts',(-57.3673928023332,19.,41.7498668702782));
#14773=CARTESIAN_POINT('Ctrl Pts',(-57.1681212633848,19.,41.6000002622605));
#14774=CARTESIAN_POINT('Ctrl Pts',(-57.4521791189909,20.,43.5304349660874));
#14775=CARTESIAN_POINT('Ctrl Pts',(-57.4521791189909,19.,43.5304349660874));
#14776=CARTESIAN_POINT('Ctrl Pts',(-57.5687995976562,20.,43.4108063512229));
#14777=CARTESIAN_POINT('Ctrl Pts',(-57.5687995976562,19.,43.4108063512229));
#14778=CARTESIAN_POINT('Ctrl Pts',(-57.7937861287357,20.,43.1800164643673));
#14779=CARTESIAN_POINT('Ctrl Pts',(-57.7937861287357,19.,43.1800164643673));
#14780=CARTESIAN_POINT('Ctrl Pts',(-57.8331973088096,20.,42.860934699288));
#14781=CARTESIAN_POINT('Ctrl Pts',(-57.8331973088096,19.,42.860934699288));
#14782=CARTESIAN_POINT('Ctrl Pts',(-57.8521799296141,20.,42.7072471380234));
#14783=CARTESIAN_POINT('Ctrl Pts',(-57.8521799296141,19.,42.7072471380234));
#14784=CARTESIAN_POINT('',(-57.4521791189909,20.,43.5304349660874));
#14785=CARTESIAN_POINT('Ctrl Pts',(-57.4521791189909,20.,43.5304349660874));
#14786=CARTESIAN_POINT('Ctrl Pts',(-57.5687995976562,20.,43.4108063512229));
#14787=CARTESIAN_POINT('Ctrl Pts',(-57.7937861287357,20.,43.1800164643673));
#14788=CARTESIAN_POINT('Ctrl Pts',(-57.8331973088096,20.,42.860934699288));
#14789=CARTESIAN_POINT('Ctrl Pts',(-57.8521799296141,20.,42.7072471380234));
#14790=CARTESIAN_POINT('',(-57.4521791189909,19.,43.5304349660874));
#14791=CARTESIAN_POINT('',(-57.4521791189909,20.,43.5304349660874));
#14792=CARTESIAN_POINT('Ctrl Pts',(-57.4521791189909,19.,43.5304349660874));
#14793=CARTESIAN_POINT('Ctrl Pts',(-57.5687995976562,19.,43.4108063512229));
#14794=CARTESIAN_POINT('Ctrl Pts',(-57.7937861287357,19.,43.1800164643673));
#14795=CARTESIAN_POINT('Ctrl Pts',(-57.8331973088096,19.,42.860934699288));
#14796=CARTESIAN_POINT('Ctrl Pts',(-57.8521799296141,19.,42.7072471380234));
#14797=CARTESIAN_POINT('Ctrl Pts',(-56.176817342639,20.,43.8840585947037));
#14798=CARTESIAN_POINT('Ctrl Pts',(-56.176817342639,19.,43.8840585947037));
#14799=CARTESIAN_POINT('Ctrl Pts',(-56.4352898969093,20.,43.8786246045255));
#14800=CARTESIAN_POINT('Ctrl Pts',(-56.4352898969093,19.,43.8786246045255));
#14801=CARTESIAN_POINT('Ctrl Pts',(-56.8931304311112,20.,43.8689992074576));
#14802=CARTESIAN_POINT('Ctrl Pts',(-56.8931304311112,19.,43.8689992074576));
#14803=CARTESIAN_POINT('Ctrl Pts',(-57.2825884865066,20.,43.6331403745346));
#14804=CARTESIAN_POINT('Ctrl Pts',(-57.2825884865066,19.,43.6331403745346));
#14805=CARTESIAN_POINT('Ctrl Pts',(-57.4521791189909,20.,43.5304349660874));
#14806=CARTESIAN_POINT('Ctrl Pts',(-57.4521791189909,19.,43.5304349660874));
#14807=CARTESIAN_POINT('',(-56.176817342639,20.,43.8840585947037));
#14808=CARTESIAN_POINT('Ctrl Pts',(-56.176817342639,20.,43.8840585947037));
#14809=CARTESIAN_POINT('Ctrl Pts',(-56.4352898969093,20.,43.8786246045255));
#14810=CARTESIAN_POINT('Ctrl Pts',(-56.8931304311112,20.,43.8689992074576));
#14811=CARTESIAN_POINT('Ctrl Pts',(-57.2825884865066,20.,43.6331403745346));
#14812=CARTESIAN_POINT('Ctrl Pts',(-57.4521791189909,20.,43.5304349660874));
#14813=CARTESIAN_POINT('',(-56.176817342639,19.,43.8840585947037));
#14814=CARTESIAN_POINT('',(-56.176817342639,20.,43.8840585947037));
#14815=CARTESIAN_POINT('Ctrl Pts',(-56.176817342639,19.,43.8840585947037));
#14816=CARTESIAN_POINT('Ctrl Pts',(-56.4352898969093,19.,43.8786246045255));
#14817=CARTESIAN_POINT('Ctrl Pts',(-56.8931304311112,19.,43.8689992074576));
#14818=CARTESIAN_POINT('Ctrl Pts',(-57.2825884865066,19.,43.6331403745346));
#14819=CARTESIAN_POINT('Ctrl Pts',(-57.4521791189909,19.,43.5304349660874));
#14820=CARTESIAN_POINT('Origin',(-55.1275431364775,20.,43.8840585947037));
#14821=CARTESIAN_POINT('',(-55.1275431364775,20.,43.8840585947037));
#14822=CARTESIAN_POINT('',(-27.5637715682387,20.,43.8840585947037));
#14823=CARTESIAN_POINT('',(-55.1275431364775,19.,43.8840585947037));
#14824=CARTESIAN_POINT('',(-55.1275431364775,20.,43.8840585947037));
#14825=CARTESIAN_POINT('',(-55.1275431364775,19.,43.8840585947037));
#14826=CARTESIAN_POINT('Ctrl Pts',(-54.2579757422209,20.,44.081159234047));
#14827=CARTESIAN_POINT('Ctrl Pts',(-54.2579757422209,19.,44.081159234047));
#14828=CARTESIAN_POINT('Ctrl Pts',(-54.3826058368234,20.,44.0238050299483));
#14829=CARTESIAN_POINT('Ctrl Pts',(-54.3826058368234,19.,44.0238050299483));
#14830=CARTESIAN_POINT('Ctrl Pts',(-54.6578196282044,20.,43.8971528917792));
#14831=CARTESIAN_POINT('Ctrl Pts',(-54.6578196282044,19.,43.8971528917792));
#14832=CARTESIAN_POINT('Ctrl Pts',(-54.9614249598643,20.,43.8886894056295));
#14833=CARTESIAN_POINT('Ctrl Pts',(-54.9614249598643,19.,43.8886894056295));
#14834=CARTESIAN_POINT('Ctrl Pts',(-55.1275431364775,20.,43.8840585947037));
#14835=CARTESIAN_POINT('Ctrl Pts',(-55.1275431364775,19.,43.8840585947037));
#14836=CARTESIAN_POINT('',(-54.2579757422209,20.,44.081159234047));
#14837=CARTESIAN_POINT('Ctrl Pts',(-54.2579757422209,20.,44.081159234047));
#14838=CARTESIAN_POINT('Ctrl Pts',(-54.3826058368234,20.,44.0238050299483));
#14839=CARTESIAN_POINT('Ctrl Pts',(-54.6578196282044,20.,43.8971528917792));
#14840=CARTESIAN_POINT('Ctrl Pts',(-54.9614249598643,20.,43.8886894056295));
#14841=CARTESIAN_POINT('Ctrl Pts',(-55.1275431364775,20.,43.8840585947037));
#14842=CARTESIAN_POINT('',(-54.2579757422209,19.,44.081159234047));
#14843=CARTESIAN_POINT('',(-54.2579757422209,20.,44.081159234047));
#14844=CARTESIAN_POINT('Ctrl Pts',(-54.2579757422209,19.,44.081159234047));
#14845=CARTESIAN_POINT('Ctrl Pts',(-54.3826058368234,19.,44.0238050299483));
#14846=CARTESIAN_POINT('Ctrl Pts',(-54.6578196282044,19.,43.8971528917792));
#14847=CARTESIAN_POINT('Ctrl Pts',(-54.9614249598643,19.,43.8886894056295));
#14848=CARTESIAN_POINT('Ctrl Pts',(-55.1275431364775,19.,43.8840585947037));
#14849=CARTESIAN_POINT('Ctrl Pts',(-53.9333378523588,20.,44.6608704328537));
#14850=CARTESIAN_POINT('Ctrl Pts',(-53.9333378523588,19.,44.6608704328537));
#14851=CARTESIAN_POINT('Ctrl Pts',(-53.9471228836704,20.,44.5423519704502));
#14852=CARTESIAN_POINT('Ctrl Pts',(-53.9471228836704,19.,44.5423519704502));
#14853=CARTESIAN_POINT('Ctrl Pts',(-53.9748260806745,20.,44.3041704068123));
#14854=CARTESIAN_POINT('Ctrl Pts',(-53.9748260806745,19.,44.3041704068123));
#14855=CARTESIAN_POINT('Ctrl Pts',(-54.1632906178074,20.,44.1557340738103));
#14856=CARTESIAN_POINT('Ctrl Pts',(-54.1632906178074,19.,44.1557340738103));
#14857=CARTESIAN_POINT('Ctrl Pts',(-54.2579757422209,20.,44.081159234047));
#14858=CARTESIAN_POINT('Ctrl Pts',(-54.2579757422209,19.,44.081159234047));
#14859=CARTESIAN_POINT('',(-53.9333378523588,20.,44.6608704328537));
#14860=CARTESIAN_POINT('Ctrl Pts',(-53.9333378523588,20.,44.6608704328537));
#14861=CARTESIAN_POINT('Ctrl Pts',(-53.9471228836704,20.,44.5423519704502));
#14862=CARTESIAN_POINT('Ctrl Pts',(-53.9748260806745,20.,44.3041704068123));
#14863=CARTESIAN_POINT('Ctrl Pts',(-54.1632906178074,20.,44.1557340738103));
#14864=CARTESIAN_POINT('Ctrl Pts',(-54.2579757422209,20.,44.081159234047));
#14865=CARTESIAN_POINT('',(-53.9333378523588,19.,44.6608704328537));
#14866=CARTESIAN_POINT('',(-53.9333378523588,20.,44.6608704328537));
#14867=CARTESIAN_POINT('Ctrl Pts',(-53.9333378523588,19.,44.6608704328537));
#14868=CARTESIAN_POINT('Ctrl Pts',(-53.9471228836704,19.,44.5423519704502));
#14869=CARTESIAN_POINT('Ctrl Pts',(-53.9748260806745,19.,44.3041704068123));
#14870=CARTESIAN_POINT('Ctrl Pts',(-54.1632906178074,19.,44.1557340738103));
#14871=CARTESIAN_POINT('Ctrl Pts',(-54.2579757422209,19.,44.081159234047));
#14872=CARTESIAN_POINT('Ctrl Pts',(-54.3275415152311,20.,45.3159421682358));
#14873=CARTESIAN_POINT('Ctrl Pts',(-54.3275415152311,19.,45.3159421682358));
#14874=CARTESIAN_POINT('Ctrl Pts',(-54.2125841927139,20.,45.2324269750652));
#14875=CARTESIAN_POINT('Ctrl Pts',(-54.2125841927139,19.,45.2324269750652));
#14876=CARTESIAN_POINT('Ctrl Pts',(-53.988012592121,20.,45.0692782500125));
#14877=CARTESIAN_POINT('Ctrl Pts',(-53.988012592121,19.,45.0692782500125));
#14878=CARTESIAN_POINT('Ctrl Pts',(-53.9512713813035,20.,44.794829797674));
#14879=CARTESIAN_POINT('Ctrl Pts',(-53.9512713813035,19.,44.794829797674));
#14880=CARTESIAN_POINT('Ctrl Pts',(-53.9333378523588,20.,44.6608704328537));
#14881=CARTESIAN_POINT('Ctrl Pts',(-53.9333378523588,19.,44.6608704328537));
#14882=CARTESIAN_POINT('',(-54.3275415152311,20.,45.3159421682358));
#14883=CARTESIAN_POINT('Ctrl Pts',(-54.3275415152311,20.,45.3159421682358));
#14884=CARTESIAN_POINT('Ctrl Pts',(-54.2125841927139,20.,45.2324269750652));
#14885=CARTESIAN_POINT('Ctrl Pts',(-53.988012592121,20.,45.0692782500125));
#14886=CARTESIAN_POINT('Ctrl Pts',(-53.9512713813035,20.,44.794829797674));
#14887=CARTESIAN_POINT('Ctrl Pts',(-53.9333378523588,20.,44.6608704328537));
#14888=CARTESIAN_POINT('',(-54.3275415152311,19.,45.3159421682358));
#14889=CARTESIAN_POINT('',(-54.3275415152311,20.,45.3159421682358));
#14890=CARTESIAN_POINT('Ctrl Pts',(-54.3275415152311,19.,45.3159421682358));
#14891=CARTESIAN_POINT('Ctrl Pts',(-54.2125841927139,19.,45.2324269750652));
#14892=CARTESIAN_POINT('Ctrl Pts',(-53.988012592121,19.,45.0692782500125));
#14893=CARTESIAN_POINT('Ctrl Pts',(-53.9512713813035,19.,44.794829797674));
#14894=CARTESIAN_POINT('Ctrl Pts',(-53.9333378523588,19.,44.6608704328537));
#14895=CARTESIAN_POINT('Ctrl Pts',(-55.6782662123442,20.,45.5536240339279));
#14896=CARTESIAN_POINT('Ctrl Pts',(-55.6782662123442,19.,45.5536240339279));
#14897=CARTESIAN_POINT('Ctrl Pts',(-55.4023559984123,20.,45.5534822178212));
#14898=CARTESIAN_POINT('Ctrl Pts',(-55.4023559984123,19.,45.5534822178212));
#14899=CARTESIAN_POINT('Ctrl Pts',(-54.9363309804983,20.,45.5532426839065));
#14900=CARTESIAN_POINT('Ctrl Pts',(-54.9363309804983,19.,45.5532426839065));
#14901=CARTESIAN_POINT('Ctrl Pts',(-54.5039366767398,20.,45.3846993744228));
#14902=CARTESIAN_POINT('Ctrl Pts',(-54.5039366767398,19.,45.3846993744228));
#14903=CARTESIAN_POINT('Ctrl Pts',(-54.3275415152311,20.,45.3159421682358));
#14904=CARTESIAN_POINT('Ctrl Pts',(-54.3275415152311,19.,45.3159421682358));
#14905=CARTESIAN_POINT('',(-55.6782662123442,20.,45.5536240339279));
#14906=CARTESIAN_POINT('Ctrl Pts',(-55.6782662123442,20.,45.5536240339279));
#14907=CARTESIAN_POINT('Ctrl Pts',(-55.4023559984123,20.,45.5534822178212));
#14908=CARTESIAN_POINT('Ctrl Pts',(-54.9363309804983,20.,45.5532426839065));
#14909=CARTESIAN_POINT('Ctrl Pts',(-54.5039366767398,20.,45.3846993744228));
#14910=CARTESIAN_POINT('Ctrl Pts',(-54.3275415152311,20.,45.3159421682358));
#14911=CARTESIAN_POINT('',(-55.6782662123442,19.,45.5536240339279));
#14912=CARTESIAN_POINT('',(-55.6782662123442,20.,45.5536240339279));
#14913=CARTESIAN_POINT('Ctrl Pts',(-55.6782662123442,19.,45.5536240339279));
#14914=CARTESIAN_POINT('Ctrl Pts',(-55.4023559984123,19.,45.5534822178212));
#14915=CARTESIAN_POINT('Ctrl Pts',(-54.9363309804983,19.,45.5532426839065));
#14916=CARTESIAN_POINT('Ctrl Pts',(-54.5039366767398,19.,45.3846993744228));
#14917=CARTESIAN_POINT('Ctrl Pts',(-54.3275415152311,19.,45.3159421682358));
#14918=CARTESIAN_POINT('Ctrl Pts',(-56.6637741774321,20.,45.4492753744126));
#14919=CARTESIAN_POINT('Ctrl Pts',(-56.6637741774321,19.,45.4492753744126));
#14920=CARTESIAN_POINT('Ctrl Pts',(-56.5251298126883,20.,45.4795504350502));
#14921=CARTESIAN_POINT('Ctrl Pts',(-56.5251298126883,19.,45.4795504350502));
#14922=CARTESIAN_POINT('Ctrl Pts',(-56.2008122953297,20.,45.5503699921382));
#14923=CARTESIAN_POINT('Ctrl Pts',(-56.2008122953297,19.,45.5503699921382));
#14924=CARTESIAN_POINT('Ctrl Pts',(-55.8685104350856,20.,45.5524393295139));
#14925=CARTESIAN_POINT('Ctrl Pts',(-55.8685104350856,19.,45.5524393295139));
#14926=CARTESIAN_POINT('Ctrl Pts',(-55.6782662123442,20.,45.5536240339279));
#14927=CARTESIAN_POINT('Ctrl Pts',(-55.6782662123442,19.,45.5536240339279));
#14928=CARTESIAN_POINT('',(-56.6637741774321,20.,45.4492753744126));
#14929=CARTESIAN_POINT('Ctrl Pts',(-56.6637741774321,20.,45.4492753744126));
#14930=CARTESIAN_POINT('Ctrl Pts',(-56.5251298126883,20.,45.4795504350502));
#14931=CARTESIAN_POINT('Ctrl Pts',(-56.2008122953297,20.,45.5503699921382));
#14932=CARTESIAN_POINT('Ctrl Pts',(-55.8685104350856,20.,45.5524393295139));
#14933=CARTESIAN_POINT('Ctrl Pts',(-55.6782662123442,20.,45.5536240339279));
#14934=CARTESIAN_POINT('',(-56.6637741774321,19.,45.4492753744126));
#14935=CARTESIAN_POINT('',(-56.6637741774321,20.,45.4492753744126));
#14936=CARTESIAN_POINT('Ctrl Pts',(-56.6637741774321,19.,45.4492753744126));
#14937=CARTESIAN_POINT('Ctrl Pts',(-56.5251298126883,19.,45.4795504350502));
#14938=CARTESIAN_POINT('Ctrl Pts',(-56.2008122953297,19.,45.5503699921382));
#14939=CARTESIAN_POINT('Ctrl Pts',(-55.8685104350856,19.,45.5524393295139));
#14940=CARTESIAN_POINT('Ctrl Pts',(-55.6782662123442,19.,45.5536240339279));
#14941=CARTESIAN_POINT('Ctrl Pts',(-57.1333395689726,20.,45.1420289278031));
#14942=CARTESIAN_POINT('Ctrl Pts',(-57.1333395689726,19.,45.1420289278031));
#14943=CARTESIAN_POINT('Ctrl Pts',(-57.0769603596348,20.,45.2082887195448));
#14944=CARTESIAN_POINT('Ctrl Pts',(-57.0769603596348,19.,45.2082887195448));
#14945=CARTESIAN_POINT('Ctrl Pts',(-56.9513143961163,20.,45.3559544188995));
#14946=CARTESIAN_POINT('Ctrl Pts',(-56.9513143961163,19.,45.3559544188995));
#14947=CARTESIAN_POINT('Ctrl Pts',(-56.7659582620817,20.,45.4161116087962));
#14948=CARTESIAN_POINT('Ctrl Pts',(-56.7659582620817,19.,45.4161116087962));
#14949=CARTESIAN_POINT('Ctrl Pts',(-56.6637741774321,20.,45.4492753744126));
#14950=CARTESIAN_POINT('Ctrl Pts',(-56.6637741774321,19.,45.4492753744126));
#14951=CARTESIAN_POINT('',(-57.1333395689726,20.,45.1420289278031));
#14952=CARTESIAN_POINT('Ctrl Pts',(-57.1333395689726,20.,45.1420289278031));
#14953=CARTESIAN_POINT('Ctrl Pts',(-57.0769603596348,20.,45.2082887195448));
#14954=CARTESIAN_POINT('Ctrl Pts',(-56.9513143961163,20.,45.3559544188995));
#14955=CARTESIAN_POINT('Ctrl Pts',(-56.7659582620817,20.,45.4161116087962));
#14956=CARTESIAN_POINT('Ctrl Pts',(-56.6637741774321,20.,45.4492753744126));
#14957=CARTESIAN_POINT('',(-57.1333395689726,19.,45.1420289278031));
#14958=CARTESIAN_POINT('',(-57.1333395689726,20.,45.1420289278031));
#14959=CARTESIAN_POINT('Ctrl Pts',(-57.1333395689726,19.,45.1420289278031));
#14960=CARTESIAN_POINT('Ctrl Pts',(-57.0769603596348,19.,45.2082887195448));
#14961=CARTESIAN_POINT('Ctrl Pts',(-56.9513143961163,19.,45.3559544188995));
#14962=CARTESIAN_POINT('Ctrl Pts',(-56.7659582620817,19.,45.4161116087962));
#14963=CARTESIAN_POINT('Ctrl Pts',(-56.6637741774321,19.,45.4492753744126));
#14964=CARTESIAN_POINT('Ctrl Pts',(-57.2550784796476,20.,44.608696103096));
#14965=CARTESIAN_POINT('Ctrl Pts',(-57.2550784796476,19.,44.608696103096));
#14966=CARTESIAN_POINT('Ctrl Pts',(-57.2517686019732,20.,44.7088809686424));
#14967=CARTESIAN_POINT('Ctrl Pts',(-57.2517686019732,19.,44.7088809686424));
#14968=CARTESIAN_POINT('Ctrl Pts',(-57.2456232569397,20.,44.8948910350179));
#14969=CARTESIAN_POINT('Ctrl Pts',(-57.2456232569397,19.,44.8948910350179));
#14970=CARTESIAN_POINT('Ctrl Pts',(-57.1687903409372,20.,45.0640013065202));
#14971=CARTESIAN_POINT('Ctrl Pts',(-57.1687903409372,19.,45.0640013065202));
#14972=CARTESIAN_POINT('Ctrl Pts',(-57.1333395689726,20.,45.1420289278031));
#14973=CARTESIAN_POINT('Ctrl Pts',(-57.1333395689726,19.,45.1420289278031));
#14974=CARTESIAN_POINT('',(-57.2550784796476,20.,44.608696103096));
#14975=CARTESIAN_POINT('Ctrl Pts',(-57.2550784796476,20.,44.608696103096));
#14976=CARTESIAN_POINT('Ctrl Pts',(-57.2517686019732,20.,44.7088809686424));
#14977=CARTESIAN_POINT('Ctrl Pts',(-57.2456232569397,20.,44.8948910350179));
#14978=CARTESIAN_POINT('Ctrl Pts',(-57.1687903409372,20.,45.0640013065202));
#14979=CARTESIAN_POINT('Ctrl Pts',(-57.1333395689726,20.,45.1420289278031));
#14980=CARTESIAN_POINT('',(-57.2550784796476,19.,44.608696103096));
#14981=CARTESIAN_POINT('',(-57.2550784796476,20.,44.608696103096));
#14982=CARTESIAN_POINT('Ctrl Pts',(-57.2550784796476,19.,44.608696103096));
#14983=CARTESIAN_POINT('Ctrl Pts',(-57.2517686019732,19.,44.7088809686424));
#14984=CARTESIAN_POINT('Ctrl Pts',(-57.2456232569397,19.,44.8948910350179));
#14985=CARTESIAN_POINT('Ctrl Pts',(-57.1687903409372,19.,45.0640013065202));
#14986=CARTESIAN_POINT('Ctrl Pts',(-57.1333395689726,19.,45.1420289278031));
#14987=CARTESIAN_POINT('Origin',(-58.4202956408262,20.,44.608696103096));
#14988=CARTESIAN_POINT('',(-58.4202956408262,20.,44.608696103096));
#14989=CARTESIAN_POINT('',(-29.2101478204131,20.,44.608696103096));
#14990=CARTESIAN_POINT('',(-58.4202956408262,19.,44.608696103096));
#14991=CARTESIAN_POINT('',(-58.4202956408262,20.,44.608696103096));
#14992=CARTESIAN_POINT('',(-58.4202956408262,19.,44.608696103096));
#14993=CARTESIAN_POINT('Ctrl Pts',(-58.1768178194761,20.,45.6463772058487));
#14994=CARTESIAN_POINT('Ctrl Pts',(-58.1768178194761,19.,45.6463772058487));
#14995=CARTESIAN_POINT('Ctrl Pts',(-58.247762759277,20.,45.4918214784013));
#14996=CARTESIAN_POINT('Ctrl Pts',(-58.247762759277,19.,45.4918214784013));
#14997=CARTESIAN_POINT('Ctrl Pts',(-58.3987465038841,20.,45.1628987596569));
#14998=CARTESIAN_POINT('Ctrl Pts',(-58.3987465038841,19.,45.1628987596569));
#14999=CARTESIAN_POINT('Ctrl Pts',(-58.4128298450854,20.,44.8007021144754));
#15000=CARTESIAN_POINT('Ctrl Pts',(-58.4128298450854,19.,44.8007021144754));
#15001=CARTESIAN_POINT('Ctrl Pts',(-58.4202956408262,20.,44.608696103096));
#15002=CARTESIAN_POINT('Ctrl Pts',(-58.4202956408262,19.,44.608696103096));
#15003=CARTESIAN_POINT('',(-58.1768178194761,20.,45.6463772058487));
#15004=CARTESIAN_POINT('Ctrl Pts',(-58.1768178194761,20.,45.6463772058487));
#15005=CARTESIAN_POINT('Ctrl Pts',(-58.247762759277,20.,45.4918214784013));
#15006=CARTESIAN_POINT('Ctrl Pts',(-58.3987465038841,20.,45.1628987596569));
#15007=CARTESIAN_POINT('Ctrl Pts',(-58.4128298450854,20.,44.8007021144754));
#15008=CARTESIAN_POINT('Ctrl Pts',(-58.4202956408262,20.,44.608696103096));
#15009=CARTESIAN_POINT('',(-58.1768178194761,19.,45.6463772058487));
#15010=CARTESIAN_POINT('',(-58.1768178194761,20.,45.6463772058487));
#15011=CARTESIAN_POINT('Ctrl Pts',(-58.1768178194761,19.,45.6463772058487));
#15012=CARTESIAN_POINT('Ctrl Pts',(-58.247762759277,19.,45.4918214784013));
#15013=CARTESIAN_POINT('Ctrl Pts',(-58.3987465038841,19.,45.1628987596569));
#15014=CARTESIAN_POINT('Ctrl Pts',(-58.4128298450854,19.,44.8007021144754));
#15015=CARTESIAN_POINT('Ctrl Pts',(-58.4202956408262,19.,44.608696103096));
#15016=CARTESIAN_POINT('Ctrl Pts',(-57.3420345038176,20.,46.2840586900711));
#15017=CARTESIAN_POINT('Ctrl Pts',(-57.3420345038176,19.,46.2840586900711));
#15018=CARTESIAN_POINT('Ctrl Pts',(-57.5212783342809,20.,46.209366846936));
#15019=CARTESIAN_POINT('Ctrl Pts',(-57.5212783342809,19.,46.209366846936));
#15020=CARTESIAN_POINT('Ctrl Pts',(-57.8566173164299,20.,46.0696293363783));
#15021=CARTESIAN_POINT('Ctrl Pts',(-57.8566173164299,19.,46.0696293363783));
#15022=CARTESIAN_POINT('Ctrl Pts',(-58.0751119292018,20.,45.7808155791069));
#15023=CARTESIAN_POINT('Ctrl Pts',(-58.0751119292018,19.,45.7808155791069));
#15024=CARTESIAN_POINT('Ctrl Pts',(-58.1768178194761,20.,45.6463772058487));
#15025=CARTESIAN_POINT('Ctrl Pts',(-58.1768178194761,19.,45.6463772058487));
#15026=CARTESIAN_POINT('',(-57.3420345038176,20.,46.2840586900711));
#15027=CARTESIAN_POINT('Ctrl Pts',(-57.3420345038176,20.,46.2840586900711));
#15028=CARTESIAN_POINT('Ctrl Pts',(-57.5212783342809,20.,46.209366846936));
#15029=CARTESIAN_POINT('Ctrl Pts',(-57.8566173164299,20.,46.0696293363783));
#15030=CARTESIAN_POINT('Ctrl Pts',(-58.0751119292018,20.,45.7808155791069));
#15031=CARTESIAN_POINT('Ctrl Pts',(-58.1768178194761,20.,45.6463772058487));
#15032=CARTESIAN_POINT('',(-57.3420345038176,19.,46.2840586900711));
#15033=CARTESIAN_POINT('',(-57.3420345038176,20.,46.2840586900711));
#15034=CARTESIAN_POINT('Ctrl Pts',(-57.3420345038176,19.,46.2840586900711));
#15035=CARTESIAN_POINT('Ctrl Pts',(-57.5212783342809,19.,46.209366846936));
#15036=CARTESIAN_POINT('Ctrl Pts',(-57.8566173164299,19.,46.0696293363783));
#15037=CARTESIAN_POINT('Ctrl Pts',(-58.0751119292018,19.,45.7808155791069));
#15038=CARTESIAN_POINT('Ctrl Pts',(-58.1768178194761,19.,45.6463772058487));
#15039=CARTESIAN_POINT('Ctrl Pts',(-55.6898605078459,20.,46.4985507726669));
#15040=CARTESIAN_POINT('Ctrl Pts',(-55.6898605078459,19.,46.4985507726669));
#15041=CARTESIAN_POINT('Ctrl Pts',(-56.0054219806001,20.,46.495152598645));
#15042=CARTESIAN_POINT('Ctrl Pts',(-56.0054219806001,19.,46.495152598645));
#15043=CARTESIAN_POINT('Ctrl Pts',(-56.5653484581987,20.,46.489122941115));
#15044=CARTESIAN_POINT('Ctrl Pts',(-56.5653484581987,19.,46.489122941115));
#15045=CARTESIAN_POINT('Ctrl Pts',(-57.1060567601223,20.,46.3463626281255));
#15046=CARTESIAN_POINT('Ctrl Pts',(-57.1060567601223,19.,46.3463626281255));
#15047=CARTESIAN_POINT('Ctrl Pts',(-57.3420345038176,20.,46.2840586900711));
#15048=CARTESIAN_POINT('Ctrl Pts',(-57.3420345038176,19.,46.2840586900711));
#15049=CARTESIAN_POINT('',(-55.6898605078459,20.,46.4985507726669));
#15050=CARTESIAN_POINT('Ctrl Pts',(-55.6898605078459,20.,46.4985507726669));
#15051=CARTESIAN_POINT('Ctrl Pts',(-56.0054219806001,20.,46.495152598645));
#15052=CARTESIAN_POINT('Ctrl Pts',(-56.5653484581987,20.,46.489122941115));
#15053=CARTESIAN_POINT('Ctrl Pts',(-57.1060567601223,20.,46.3463626281255));
#15054=CARTESIAN_POINT('Ctrl Pts',(-57.3420345038176,20.,46.2840586900711));
#15055=CARTESIAN_POINT('',(-55.6898605078459,19.,46.4985507726669));
#15056=CARTESIAN_POINT('',(-55.6898605078459,20.,46.4985507726669));
#15057=CARTESIAN_POINT('Ctrl Pts',(-55.6898605078459,19.,46.4985507726669));
#15058=CARTESIAN_POINT('Ctrl Pts',(-56.0054219806001,19.,46.495152598645));
#15059=CARTESIAN_POINT('Ctrl Pts',(-56.5653484581987,19.,46.489122941115));
#15060=CARTESIAN_POINT('Ctrl Pts',(-57.1060567601223,19.,46.3463626281255));
#15061=CARTESIAN_POINT('Ctrl Pts',(-57.3420345038176,19.,46.2840586900711));
#15062=CARTESIAN_POINT('Ctrl Pts',(-53.4173976629972,20.,45.9942036867142));
#15063=CARTESIAN_POINT('Ctrl Pts',(-53.4173976629972,19.,45.9942036867142));
#15064=CARTESIAN_POINT('Ctrl Pts',(-53.7332639448938,20.,46.1407640266031));
#15065=CARTESIAN_POINT('Ctrl Pts',(-53.7332639448938,19.,46.1407640266031));
#15066=CARTESIAN_POINT('Ctrl Pts',(-54.4512050123729,20.,46.4738850113382));
#15067=CARTESIAN_POINT('Ctrl Pts',(-54.4512050123729,19.,46.4738850113382));
#15068=CARTESIAN_POINT('Ctrl Pts',(-55.2451952458395,20.,46.489696004522));
#15069=CARTESIAN_POINT('Ctrl Pts',(-55.2451952458395,19.,46.489696004522));
#15070=CARTESIAN_POINT('Ctrl Pts',(-55.6898605078459,20.,46.4985507726669));
#15071=CARTESIAN_POINT('Ctrl Pts',(-55.6898605078459,19.,46.4985507726669));
#15072=CARTESIAN_POINT('',(-53.4173976629972,20.,45.9942036867142));
#15073=CARTESIAN_POINT('Ctrl Pts',(-53.4173976629972,20.,45.9942036867142));
#15074=CARTESIAN_POINT('Ctrl Pts',(-53.7332639448938,20.,46.1407640266031));
#15075=CARTESIAN_POINT('Ctrl Pts',(-54.4512050123729,20.,46.4738850113382));
#15076=CARTESIAN_POINT('Ctrl Pts',(-55.2451952458395,20.,46.489696004522));
#15077=CARTESIAN_POINT('Ctrl Pts',(-55.6898605078459,20.,46.4985507726669));
#15078=CARTESIAN_POINT('',(-53.4173976629972,19.,45.9942036867142));
#15079=CARTESIAN_POINT('',(-53.4173976629972,20.,45.9942036867142));
#15080=CARTESIAN_POINT('Ctrl Pts',(-53.4173976629972,19.,45.9942036867142));
#15081=CARTESIAN_POINT('Ctrl Pts',(-53.7332639448938,19.,46.1407640266031));
#15082=CARTESIAN_POINT('Ctrl Pts',(-54.4512050123729,19.,46.4738850113382));
#15083=CARTESIAN_POINT('Ctrl Pts',(-55.2451952458395,19.,46.489696004522));
#15084=CARTESIAN_POINT('Ctrl Pts',(-55.6898605078459,19.,46.4985507726669));
#15085=CARTESIAN_POINT('Ctrl Pts',(-52.6289903372526,20.,44.5739132165909));
#15086=CARTESIAN_POINT('Ctrl Pts',(-52.6289903372526,19.,44.5739132165909));
#15087=CARTESIAN_POINT('Ctrl Pts',(-52.6626898494848,20.,44.8626174681462));
#15088=CARTESIAN_POINT('Ctrl Pts',(-52.6626898494848,19.,44.8626174681462));
#15089=CARTESIAN_POINT('Ctrl Pts',(-52.7305313066866,20.,45.4438162994805));
#15090=CARTESIAN_POINT('Ctrl Pts',(-52.7305313066866,19.,45.4438162994805));
#15091=CARTESIAN_POINT('Ctrl Pts',(-53.187448937623,20.,45.8099453124414));
#15092=CARTESIAN_POINT('Ctrl Pts',(-53.187448937623,19.,45.8099453124414));
#15093=CARTESIAN_POINT('Ctrl Pts',(-53.4173976629972,20.,45.9942036867142));
#15094=CARTESIAN_POINT('Ctrl Pts',(-53.4173976629972,19.,45.9942036867142));
#15095=CARTESIAN_POINT('',(-52.6289903372526,20.,44.5739132165909));
#15096=CARTESIAN_POINT('Ctrl Pts',(-52.6289903372526,20.,44.5739132165909));
#15097=CARTESIAN_POINT('Ctrl Pts',(-52.6626898494848,20.,44.8626174681462));
#15098=CARTESIAN_POINT('Ctrl Pts',(-52.7305313066866,20.,45.4438162994805));
#15099=CARTESIAN_POINT('Ctrl Pts',(-53.187448937623,20.,45.8099453124414));
#15100=CARTESIAN_POINT('Ctrl Pts',(-53.4173976629972,20.,45.9942036867142));
#15101=CARTESIAN_POINT('',(-52.6289903372526,19.,44.5739132165909));
#15102=CARTESIAN_POINT('',(-52.6289903372526,20.,44.5739132165909));
#15103=CARTESIAN_POINT('Ctrl Pts',(-52.6289903372526,19.,44.5739132165909));
#15104=CARTESIAN_POINT('Ctrl Pts',(-52.6626898494848,19.,44.8626174681462));
#15105=CARTESIAN_POINT('Ctrl Pts',(-52.7305313066866,19.,45.4438162994805));
#15106=CARTESIAN_POINT('Ctrl Pts',(-53.187448937623,19.,45.8099453124414));
#15107=CARTESIAN_POINT('Ctrl Pts',(-53.4173976629972,19.,45.9942036867142));
#15108=CARTESIAN_POINT('Ctrl Pts',(-52.9188453406096,20.,43.7043482065201));
#15109=CARTESIAN_POINT('Ctrl Pts',(-52.9188453406096,19.,43.7043482065201));
#15110=CARTESIAN_POINT('Ctrl Pts',(-52.8343040677431,20.,43.8365453055392));
#15111=CARTESIAN_POINT('Ctrl Pts',(-52.8343040677431,19.,43.8365453055392));
#15112=CARTESIAN_POINT('Ctrl Pts',(-52.6645610469315,20.,44.1019722877599));
#15113=CARTESIAN_POINT('Ctrl Pts',(-52.6645610469315,19.,44.1019722877599));
#15114=CARTESIAN_POINT('Ctrl Pts',(-52.6408779576775,20.,44.4161920275689));
#15115=CARTESIAN_POINT('Ctrl Pts',(-52.6408779576775,19.,44.4161920275689));
#15116=CARTESIAN_POINT('Ctrl Pts',(-52.6289903372526,20.,44.5739132165909));
#15117=CARTESIAN_POINT('Ctrl Pts',(-52.6289903372526,19.,44.5739132165909));
#15118=CARTESIAN_POINT('',(-52.9188453406096,20.,43.7043482065201));
#15119=CARTESIAN_POINT('Ctrl Pts',(-52.9188453406096,20.,43.7043482065201));
#15120=CARTESIAN_POINT('Ctrl Pts',(-52.8343040677431,20.,43.8365453055392));
#15121=CARTESIAN_POINT('Ctrl Pts',(-52.6645610469315,20.,44.1019722877599));
#15122=CARTESIAN_POINT('Ctrl Pts',(-52.6408779576775,20.,44.4161920275689));
#15123=CARTESIAN_POINT('Ctrl Pts',(-52.6289903372526,20.,44.5739132165909));
#15124=CARTESIAN_POINT('',(-52.9188453406096,19.,43.7043482065201));
#15125=CARTESIAN_POINT('',(-52.9188453406096,20.,43.7043482065201));
#15126=CARTESIAN_POINT('Ctrl Pts',(-52.9188453406096,19.,43.7043482065201));
#15127=CARTESIAN_POINT('Ctrl Pts',(-52.8343040677431,19.,43.8365453055392));
#15128=CARTESIAN_POINT('Ctrl Pts',(-52.6645610469315,19.,44.1019722877599));
#15129=CARTESIAN_POINT('Ctrl Pts',(-52.6408779576775,19.,44.4161920275689));
#15130=CARTESIAN_POINT('Ctrl Pts',(-52.6289903372526,19.,44.5739132165909));
#15131=CARTESIAN_POINT('Ctrl Pts',(-53.7072526663542,20.,43.095652461052));
#15132=CARTESIAN_POINT('Ctrl Pts',(-53.7072526663542,19.,43.095652461052));
#15133=CARTESIAN_POINT('Ctrl Pts',(-53.5501335628407,20.,43.1736516143776));
#15134=CARTESIAN_POINT('Ctrl Pts',(-53.5501335628407,19.,43.1736516143776));
#15135=CARTESIAN_POINT('Ctrl Pts',(-53.2466152137792,20.,43.3243282266811));
#15136=CARTESIAN_POINT('Ctrl Pts',(-53.2466152137792,19.,43.3243282266811));
#15137=CARTESIAN_POINT('Ctrl Pts',(-53.0254987871969,20.,43.5806930327546));
#15138=CARTESIAN_POINT('Ctrl Pts',(-53.0254987871969,19.,43.5806930327546));
#15139=CARTESIAN_POINT('Ctrl Pts',(-52.9188453406096,20.,43.7043482065201));
#15140=CARTESIAN_POINT('Ctrl Pts',(-52.9188453406096,19.,43.7043482065201));
#15141=CARTESIAN_POINT('',(-53.7072526663542,20.,43.095652461052));
#15142=CARTESIAN_POINT('Ctrl Pts',(-53.7072526663542,20.,43.095652461052));
#15143=CARTESIAN_POINT('Ctrl Pts',(-53.5501335628407,20.,43.1736516143776));
#15144=CARTESIAN_POINT('Ctrl Pts',(-53.2466152137792,20.,43.3243282266811));
#15145=CARTESIAN_POINT('Ctrl Pts',(-53.0254987871969,20.,43.5806930327546));
#15146=CARTESIAN_POINT('Ctrl Pts',(-52.9188453406096,20.,43.7043482065201));
#15147=CARTESIAN_POINT('',(-53.7072526663542,19.,43.095652461052));
#15148=CARTESIAN_POINT('',(-53.7072526663542,20.,43.095652461052));
#15149=CARTESIAN_POINT('Ctrl Pts',(-53.7072526663542,19.,43.095652461052));
#15150=CARTESIAN_POINT('Ctrl Pts',(-53.5501335628407,19.,43.1736516143776));
#15151=CARTESIAN_POINT('Ctrl Pts',(-53.2466152137792,19.,43.3243282266811));
#15152=CARTESIAN_POINT('Ctrl Pts',(-53.0254987871969,19.,43.5806930327546));
#15153=CARTESIAN_POINT('Ctrl Pts',(-52.9188453406096,19.,43.7043482065201));
#15154=CARTESIAN_POINT('Ctrl Pts',(-54.8608743399382,20.,42.8695648908615));
#15155=CARTESIAN_POINT('Ctrl Pts',(-54.8608743399382,19.,42.8695648908615));
#15156=CARTESIAN_POINT('Ctrl Pts',(-54.6532887478802,20.,42.8771132912542));
#15157=CARTESIAN_POINT('Ctrl Pts',(-54.6532887478802,19.,42.8771132912542));
#15158=CARTESIAN_POINT('Ctrl Pts',(-54.2564913442858,20.,42.8915419693113));
#15159=CARTESIAN_POINT('Ctrl Pts',(-54.2564913442858,19.,42.8915419693113));
#15160=CARTESIAN_POINT('Ctrl Pts',(-53.884591934294,20.,43.0297488627831));
#15161=CARTESIAN_POINT('Ctrl Pts',(-53.884591934294,19.,43.0297488627831));
#15162=CARTESIAN_POINT('Ctrl Pts',(-53.7072526663542,20.,43.095652461052));
#15163=CARTESIAN_POINT('Ctrl Pts',(-53.7072526663542,19.,43.095652461052));
#15164=CARTESIAN_POINT('',(-54.8608743399382,20.,42.8695648908615));
#15165=CARTESIAN_POINT('Ctrl Pts',(-54.8608743399382,20.,42.8695648908615));
#15166=CARTESIAN_POINT('Ctrl Pts',(-54.6532887478802,20.,42.8771132912542));
#15167=CARTESIAN_POINT('Ctrl Pts',(-54.2564913442858,20.,42.8915419693113));
#15168=CARTESIAN_POINT('Ctrl Pts',(-53.884591934294,20.,43.0297488627831));
#15169=CARTESIAN_POINT('Ctrl Pts',(-53.7072526663542,20.,43.095652461052));
#15170=CARTESIAN_POINT('',(-54.8608743399382,19.,42.8695648908615));
#15171=CARTESIAN_POINT('',(-54.8608743399382,20.,42.8695648908615));
#15172=CARTESIAN_POINT('Ctrl Pts',(-54.8608743399382,19.,42.8695648908615));
#15173=CARTESIAN_POINT('Ctrl Pts',(-54.6532887478802,19.,42.8771132912542));
#15174=CARTESIAN_POINT('Ctrl Pts',(-54.2564913442858,19.,42.8915419693113));
#15175=CARTESIAN_POINT('Ctrl Pts',(-53.884591934294,19.,43.0297488627831));
#15176=CARTESIAN_POINT('Ctrl Pts',(-53.7072526663542,19.,43.095652461052));
#15177=CARTESIAN_POINT('Origin',(-55.927542373538,20.,42.8695648908615));
#15178=CARTESIAN_POINT('',(-55.927542373538,20.,42.8695648908615));
#15179=CARTESIAN_POINT('',(-27.963771186769,20.,42.8695648908615));
#15180=CARTESIAN_POINT('',(-55.927542373538,19.,42.8695648908615));
#15181=CARTESIAN_POINT('',(-55.927542373538,20.,42.8695648908615));
#15182=CARTESIAN_POINT('',(-55.927542373538,19.,42.8695648908615));
#15183=CARTESIAN_POINT('Ctrl Pts',(-56.542035266757,20.,42.7362316846848));
#15184=CARTESIAN_POINT('Ctrl Pts',(-56.542035266757,19.,42.7362316846848));
#15185=CARTESIAN_POINT('Ctrl Pts',(-56.4660422080693,20.,42.7747274224396));
#15186=CARTESIAN_POINT('Ctrl Pts',(-56.4660422080693,19.,42.7747274224396));
#15187=CARTESIAN_POINT('Ctrl Pts',(-56.2744751355353,20.,42.8717693880358));
#15188=CARTESIAN_POINT('Ctrl Pts',(-56.2744751355353,19.,42.8717693880358));
#15189=CARTESIAN_POINT('Ctrl Pts',(-56.058089583328,20.,42.8703944203457));
#15190=CARTESIAN_POINT('Ctrl Pts',(-56.058089583328,19.,42.8703944203457));
#15191=CARTESIAN_POINT('Ctrl Pts',(-55.927542373538,20.,42.8695648908615));
#15192=CARTESIAN_POINT('Ctrl Pts',(-55.927542373538,19.,42.8695648908615));
#15193=CARTESIAN_POINT('',(-56.542035266757,20.,42.7362316846848));
#15194=CARTESIAN_POINT('Ctrl Pts',(-56.542035266757,20.,42.7362316846848));
#15195=CARTESIAN_POINT('Ctrl Pts',(-56.4660422080693,20.,42.7747274224396));
#15196=CARTESIAN_POINT('Ctrl Pts',(-56.2744751355353,20.,42.8717693880358));
#15197=CARTESIAN_POINT('Ctrl Pts',(-56.058089583328,20.,42.8703944203457));
#15198=CARTESIAN_POINT('Ctrl Pts',(-55.927542373538,20.,42.8695648908615));
#15199=CARTESIAN_POINT('',(-56.542035266757,19.,42.7362316846848));
#15200=CARTESIAN_POINT('',(-56.542035266757,20.,42.7362316846848));
#15201=CARTESIAN_POINT('Ctrl Pts',(-56.542035266757,19.,42.7362316846848));
#15202=CARTESIAN_POINT('Ctrl Pts',(-56.4660422080693,19.,42.7747274224396));
#15203=CARTESIAN_POINT('Ctrl Pts',(-56.2744751355353,19.,42.8717693880358));
#15204=CARTESIAN_POINT('Ctrl Pts',(-56.058089583328,19.,42.8703944203457));
#15205=CARTESIAN_POINT('Ctrl Pts',(-55.927542373538,19.,42.8695648908615));
#15206=CARTESIAN_POINT('Ctrl Pts',(-56.6927587240934,20.,42.4115949869156));
#15207=CARTESIAN_POINT('Ctrl Pts',(-56.6927587240934,19.,42.4115949869156));
#15208=CARTESIAN_POINT('Ctrl Pts',(-56.6857919962063,20.,42.4721206101832));
#15209=CARTESIAN_POINT('Ctrl Pts',(-56.6857919962063,19.,42.4721206101832));
#15210=CARTESIAN_POINT('Ctrl Pts',(-56.6714491532668,20.,42.5967285355115));
#15211=CARTESIAN_POINT('Ctrl Pts',(-56.6714491532668,19.,42.5967285355115));
#15212=CARTESIAN_POINT('Ctrl Pts',(-56.5859863493379,20.,42.6888541227016));
#15213=CARTESIAN_POINT('Ctrl Pts',(-56.5859863493379,19.,42.6888541227016));
#15214=CARTESIAN_POINT('Ctrl Pts',(-56.542035266757,20.,42.7362316846848));
#15215=CARTESIAN_POINT('Ctrl Pts',(-56.542035266757,19.,42.7362316846848));
#15216=CARTESIAN_POINT('',(-56.6927587240934,20.,42.4115949869156));
#15217=CARTESIAN_POINT('Ctrl Pts',(-56.6927587240934,20.,42.4115949869156));
#15218=CARTESIAN_POINT('Ctrl Pts',(-56.6857919962063,20.,42.4721206101832));
#15219=CARTESIAN_POINT('Ctrl Pts',(-56.6714491532668,20.,42.5967285355115));
#15220=CARTESIAN_POINT('Ctrl Pts',(-56.5859863493379,20.,42.6888541227016));
#15221=CARTESIAN_POINT('Ctrl Pts',(-56.542035266757,20.,42.7362316846848));
#15222=CARTESIAN_POINT('',(-56.6927587240934,19.,42.4115949869156));
#15223=CARTESIAN_POINT('',(-56.6927587240934,20.,42.4115949869156));
#15224=CARTESIAN_POINT('Ctrl Pts',(-56.6927587240934,19.,42.4115949869156));
#15225=CARTESIAN_POINT('Ctrl Pts',(-56.6857919962063,19.,42.4721206101832));
#15226=CARTESIAN_POINT('Ctrl Pts',(-56.6714491532668,19.,42.5967285355115));
#15227=CARTESIAN_POINT('Ctrl Pts',(-56.5859863493379,19.,42.6888541227016));
#15228=CARTESIAN_POINT('Ctrl Pts',(-56.542035266757,19.,42.7362316846848));
#15229=CARTESIAN_POINT('Ctrl Pts',(-56.4202951639891,20.,41.9072467088699));
#15230=CARTESIAN_POINT('Ctrl Pts',(-56.4202951639891,19.,41.9072467088699));
#15231=CARTESIAN_POINT('Ctrl Pts',(-56.4997634935887,20.,41.9731006828508));
#15232=CARTESIAN_POINT('Ctrl Pts',(-56.4997634935887,19.,41.9731006828508));
#15233=CARTESIAN_POINT('Ctrl Pts',(-56.6584432916414,20.,42.104595774605));
#15234=CARTESIAN_POINT('Ctrl Pts',(-56.6584432916414,19.,42.104595774605));
#15235=CARTESIAN_POINT('Ctrl Pts',(-56.6813325972118,20.,42.3093724094404));
#15236=CARTESIAN_POINT('Ctrl Pts',(-56.6813325972118,19.,42.3093724094404));
#15237=CARTESIAN_POINT('Ctrl Pts',(-56.6927587240934,20.,42.4115949869156));
#15238=CARTESIAN_POINT('Ctrl Pts',(-56.6927587240934,19.,42.4115949869156));
#15239=CARTESIAN_POINT('',(-56.4202951639891,20.,41.9072467088699));
#15240=CARTESIAN_POINT('Ctrl Pts',(-56.4202951639891,20.,41.9072467088699));
#15241=CARTESIAN_POINT('Ctrl Pts',(-56.4997634935887,20.,41.9731006828508));
#15242=CARTESIAN_POINT('Ctrl Pts',(-56.6584432916414,20.,42.104595774605));
#15243=CARTESIAN_POINT('Ctrl Pts',(-56.6813325972118,20.,42.3093724094404));
#15244=CARTESIAN_POINT('Ctrl Pts',(-56.6927587240934,20.,42.4115949869156));
#15245=CARTESIAN_POINT('',(-56.4202951639891,19.,41.9072467088699));
#15246=CARTESIAN_POINT('',(-56.4202951639891,20.,41.9072467088699));
#15247=CARTESIAN_POINT('Ctrl Pts',(-56.4202951639891,19.,41.9072467088699));
#15248=CARTESIAN_POINT('Ctrl Pts',(-56.4997634935887,19.,41.9731006828508));
#15249=CARTESIAN_POINT('Ctrl Pts',(-56.6584432916414,19.,42.104595774605));
#15250=CARTESIAN_POINT('Ctrl Pts',(-56.6813325972118,19.,42.3093724094404));
#15251=CARTESIAN_POINT('Ctrl Pts',(-56.6927587240934,19.,42.4115949869156));
#15252=CARTESIAN_POINT('Ctrl Pts',(-56.0434841364622,20.,41.9826084375382));
#15253=CARTESIAN_POINT('Ctrl Pts',(-56.0434841364622,19.,41.9826084375382));
#15254=CARTESIAN_POINT('Ctrl Pts',(-56.1070107278543,20.,41.9736715267543));
#15255=CARTESIAN_POINT('Ctrl Pts',(-56.1070107278543,19.,41.9736715267543));
#15256=CARTESIAN_POINT('Ctrl Pts',(-56.2340637503332,20.,41.9557977277382));
#15257=CARTESIAN_POINT('Ctrl Pts',(-56.2340637503332,19.,41.9557977277382));
#15258=CARTESIAN_POINT('Ctrl Pts',(-56.3582180783197,20.,41.9234303682132));
#15259=CARTESIAN_POINT('Ctrl Pts',(-56.3582180783197,19.,41.9234303682132));
#15260=CARTESIAN_POINT('Ctrl Pts',(-56.4202951639891,20.,41.9072467088699));
#15261=CARTESIAN_POINT('Ctrl Pts',(-56.4202951639891,19.,41.9072467088699));
#15262=CARTESIAN_POINT('',(-56.0434841364622,20.,41.9826084375382));
#15263=CARTESIAN_POINT('Ctrl Pts',(-56.0434841364622,20.,41.9826084375382));
#15264=CARTESIAN_POINT('Ctrl Pts',(-56.1070107278543,20.,41.9736715267543));
#15265=CARTESIAN_POINT('Ctrl Pts',(-56.2340637503332,20.,41.9557977277382));
#15266=CARTESIAN_POINT('Ctrl Pts',(-56.3582180783197,20.,41.9234303682132));
#15267=CARTESIAN_POINT('Ctrl Pts',(-56.4202951639891,20.,41.9072467088699));
#15268=CARTESIAN_POINT('',(-56.0434841364622,19.,41.9826084375382));
#15269=CARTESIAN_POINT('',(-56.0434841364622,20.,41.9826084375382));
#15270=CARTESIAN_POINT('Ctrl Pts',(-56.0434841364622,19.,41.9826084375382));
#15271=CARTESIAN_POINT('Ctrl Pts',(-56.1070107278543,19.,41.9736715267543));
#15272=CARTESIAN_POINT('Ctrl Pts',(-56.2340637503332,19.,41.9557977277382));
#15273=CARTESIAN_POINT('Ctrl Pts',(-56.3582180783197,19.,41.9234303682132));
#15274=CARTESIAN_POINT('Ctrl Pts',(-56.4202951639891,19.,41.9072467088699));
#15275=CARTESIAN_POINT('Ctrl Pts',(-55.5797158926725,20.,42.0057970285416));
#15276=CARTESIAN_POINT('Ctrl Pts',(-55.5797158926725,19.,42.0057970285416));
#15277=CARTESIAN_POINT('Ctrl Pts',(-55.6628748804523,20.,42.0051487401628));
#15278=CARTESIAN_POINT('Ctrl Pts',(-55.6628748804523,19.,42.0051487401628));
#15279=CARTESIAN_POINT('Ctrl Pts',(-55.8178042438091,20.,42.0039409464116));
#15280=CARTESIAN_POINT('Ctrl Pts',(-55.8178042438091,19.,42.0039409464116));
#15281=CARTESIAN_POINT('Ctrl Pts',(-55.9720366317934,20.,41.9893620499642));
#15282=CARTESIAN_POINT('Ctrl Pts',(-55.9720366317934,19.,41.9893620499642));
#15283=CARTESIAN_POINT('Ctrl Pts',(-56.0434841364622,20.,41.9826084375382));
#15284=CARTESIAN_POINT('Ctrl Pts',(-56.0434841364622,19.,41.9826084375382));
#15285=CARTESIAN_POINT('',(-55.5797158926725,20.,42.0057970285416));
#15286=CARTESIAN_POINT('Ctrl Pts',(-55.5797158926725,20.,42.0057970285416));
#15287=CARTESIAN_POINT('Ctrl Pts',(-55.6628748804523,20.,42.0051487401628));
#15288=CARTESIAN_POINT('Ctrl Pts',(-55.8178042438091,20.,42.0039409464116));
#15289=CARTESIAN_POINT('Ctrl Pts',(-55.9720366317934,20.,41.9893620499642));
#15290=CARTESIAN_POINT('Ctrl Pts',(-56.0434841364622,20.,41.9826084375382));
#15291=CARTESIAN_POINT('',(-55.5797158926725,19.,42.0057970285416));
#15292=CARTESIAN_POINT('',(-55.5797158926725,20.,42.0057970285416));
#15293=CARTESIAN_POINT('Ctrl Pts',(-55.5797158926725,19.,42.0057970285416));
#15294=CARTESIAN_POINT('Ctrl Pts',(-55.6628748804523,19.,42.0051487401628));
#15295=CARTESIAN_POINT('Ctrl Pts',(-55.8178042438091,19.,42.0039409464116));
#15296=CARTESIAN_POINT('Ctrl Pts',(-55.9720366317934,19.,41.9893620499642));
#15297=CARTESIAN_POINT('Ctrl Pts',(-56.0434841364622,19.,41.9826084375382));
#15298=CARTESIAN_POINT('Ctrl Pts',(-54.292758628726,20.,41.7391306161881));
#15299=CARTESIAN_POINT('Ctrl Pts',(-54.292758628726,19.,41.7391306161881));
#15300=CARTESIAN_POINT('Ctrl Pts',(-54.4874962828702,20.,41.8168413920354));
#15301=CARTESIAN_POINT('Ctrl Pts',(-54.4874962828702,19.,41.8168413920354));
#15302=CARTESIAN_POINT('Ctrl Pts',(-54.9002535629665,20.,41.9815537000577));
#15303=CARTESIAN_POINT('Ctrl Pts',(-54.9002535629665,19.,41.9815537000577));
#15304=CARTESIAN_POINT('Ctrl Pts',(-55.3448687992698,20.,41.9974176453441));
#15305=CARTESIAN_POINT('Ctrl Pts',(-55.3448687992698,19.,41.9974176453441));
#15306=CARTESIAN_POINT('Ctrl Pts',(-55.5797158926725,20.,42.0057970285416));
#15307=CARTESIAN_POINT('Ctrl Pts',(-55.5797158926725,19.,42.0057970285416));
#15308=CARTESIAN_POINT('',(-54.292758628726,20.,41.7391306161881));
#15309=CARTESIAN_POINT('Ctrl Pts',(-54.292758628726,20.,41.7391306161881));
#15310=CARTESIAN_POINT('Ctrl Pts',(-54.4874962828702,20.,41.8168413920354));
#15311=CARTESIAN_POINT('Ctrl Pts',(-54.9002535629665,20.,41.9815537000577));
#15312=CARTESIAN_POINT('Ctrl Pts',(-55.3448687992698,20.,41.9974176453441));
#15313=CARTESIAN_POINT('Ctrl Pts',(-55.5797158926725,20.,42.0057970285416));
#15314=CARTESIAN_POINT('',(-54.292758628726,19.,41.7391306161881));
#15315=CARTESIAN_POINT('',(-54.292758628726,20.,41.7391306161881));
#15316=CARTESIAN_POINT('Ctrl Pts',(-54.292758628726,19.,41.7391306161881));
#15317=CARTESIAN_POINT('Ctrl Pts',(-54.4874962828702,19.,41.8168413920354));
#15318=CARTESIAN_POINT('Ctrl Pts',(-54.9002535629665,19.,41.9815537000577));
#15319=CARTESIAN_POINT('Ctrl Pts',(-55.3448687992698,19.,41.9974176453441));
#15320=CARTESIAN_POINT('Ctrl Pts',(-55.5797158926725,19.,42.0057970285416));
#15321=CARTESIAN_POINT('Ctrl Pts',(-53.4579765051603,20.,41.002898812294));
#15322=CARTESIAN_POINT('Ctrl Pts',(-53.4579765051603,19.,41.002898812294));
#15323=CARTESIAN_POINT('Ctrl Pts',(-53.5674057309823,20.,41.1520180312537));
#15324=CARTESIAN_POINT('Ctrl Pts',(-53.5674057309823,19.,41.1520180312537));
#15325=CARTESIAN_POINT('Ctrl Pts',(-53.7919048923658,20.,41.4579430650018));
#15326=CARTESIAN_POINT('Ctrl Pts',(-53.7919048923658,19.,41.4579430650018));
#15327=CARTESIAN_POINT('Ctrl Pts',(-54.1230340934629,20.,41.6438444618036));
#15328=CARTESIAN_POINT('Ctrl Pts',(-54.1230340934629,19.,41.6438444618036));
#15329=CARTESIAN_POINT('Ctrl Pts',(-54.292758628726,20.,41.7391306161881));
#15330=CARTESIAN_POINT('Ctrl Pts',(-54.292758628726,19.,41.7391306161881));
#15331=CARTESIAN_POINT('',(-53.4579765051603,20.,41.002898812294));
#15332=CARTESIAN_POINT('Ctrl Pts',(-53.4579765051603,20.,41.002898812294));
#15333=CARTESIAN_POINT('Ctrl Pts',(-53.5674057309823,20.,41.1520180312537));
#15334=CARTESIAN_POINT('Ctrl Pts',(-53.7919048923658,20.,41.4579430650018));
#15335=CARTESIAN_POINT('Ctrl Pts',(-54.1230340934629,20.,41.6438444618036));
#15336=CARTESIAN_POINT('Ctrl Pts',(-54.292758628726,20.,41.7391306161881));
#15337=CARTESIAN_POINT('',(-53.4579765051603,19.,41.002898812294));
#15338=CARTESIAN_POINT('',(-53.4579765051603,20.,41.002898812294));
#15339=CARTESIAN_POINT('Ctrl Pts',(-53.4579765051603,19.,41.002898812294));
#15340=CARTESIAN_POINT('Ctrl Pts',(-53.5674057309823,19.,41.1520180312537));
#15341=CARTESIAN_POINT('Ctrl Pts',(-53.7919048923658,19.,41.4579430650018));
#15342=CARTESIAN_POINT('Ctrl Pts',(-54.1230340934629,19.,41.6438444618036));
#15343=CARTESIAN_POINT('Ctrl Pts',(-54.292758628726,19.,41.7391306161881));
#15344=CARTESIAN_POINT('Ctrl Pts',(-53.1681215018034,20.,39.9362319707871));
#15345=CARTESIAN_POINT('Ctrl Pts',(-53.1681215018034,19.,39.9362319707871));
#15346=CARTESIAN_POINT('Ctrl Pts',(-53.1791588729466,20.,40.1282441464788));
#15347=CARTESIAN_POINT('Ctrl Pts',(-53.1791588729466,19.,40.1282441464788));
#15348=CARTESIAN_POINT('Ctrl Pts',(-53.2007823014722,20.,40.5044171955901));
#15349=CARTESIAN_POINT('Ctrl Pts',(-53.2007823014722,19.,40.5044171955901));
#15350=CARTESIAN_POINT('Ctrl Pts',(-53.3734463575374,20.,40.8390664862033));
#15351=CARTESIAN_POINT('Ctrl Pts',(-53.3734463575374,19.,40.8390664862033));
#15352=CARTESIAN_POINT('Ctrl Pts',(-53.4579765051603,20.,41.002898812294));
#15353=CARTESIAN_POINT('Ctrl Pts',(-53.4579765051603,19.,41.002898812294));
#15354=CARTESIAN_POINT('',(-53.1681215018034,20.,39.9362319707871));
#15355=CARTESIAN_POINT('Ctrl Pts',(-53.1681215018034,20.,39.9362319707871));
#15356=CARTESIAN_POINT('Ctrl Pts',(-53.1791588729466,20.,40.1282441464788));
#15357=CARTESIAN_POINT('Ctrl Pts',(-53.2007823014722,20.,40.5044171955901));
#15358=CARTESIAN_POINT('Ctrl Pts',(-53.3734463575374,20.,40.8390664862033));
#15359=CARTESIAN_POINT('Ctrl Pts',(-53.4579765051603,20.,41.002898812294));
#15360=CARTESIAN_POINT('',(-53.1681215018034,19.,39.9362319707871));
#15361=CARTESIAN_POINT('',(-53.1681215018034,20.,39.9362319707871));
#15362=CARTESIAN_POINT('Ctrl Pts',(-53.1681215018034,19.,39.9362319707871));
#15363=CARTESIAN_POINT('Ctrl Pts',(-53.1791588729466,19.,40.1282441464788));
#15364=CARTESIAN_POINT('Ctrl Pts',(-53.2007823014722,19.,40.5044171955901));
#15365=CARTESIAN_POINT('Ctrl Pts',(-53.3734463575374,19.,40.8390664862033));
#15366=CARTESIAN_POINT('Ctrl Pts',(-53.4579765051603,19.,41.002898812294));
#15367=CARTESIAN_POINT('Ctrl Pts',(-53.4463822096586,20.,39.0086954832077));
#15368=CARTESIAN_POINT('Ctrl Pts',(-53.4463822096586,19.,39.0086954832077));
#15369=CARTESIAN_POINT('Ctrl Pts',(-53.3652652874563,20.,39.1452366489081));
#15370=CARTESIAN_POINT('Ctrl Pts',(-53.3652652874563,19.,39.1452366489081));
#15371=CARTESIAN_POINT('Ctrl Pts',(-53.1956428283964,20.,39.4307559667052));
#15372=CARTESIAN_POINT('Ctrl Pts',(-53.1956428283964,19.,39.4307559667052));
#15373=CARTESIAN_POINT('Ctrl Pts',(-53.1775578660245,20.,39.7629170812072));
#15374=CARTESIAN_POINT('Ctrl Pts',(-53.1775578660245,19.,39.7629170812072));
#15375=CARTESIAN_POINT('Ctrl Pts',(-53.1681215018034,20.,39.9362319707871));
#15376=CARTESIAN_POINT('Ctrl Pts',(-53.1681215018034,19.,39.9362319707871));
#15377=CARTESIAN_POINT('',(-53.4463822096586,20.,39.0086954832077));
#15378=CARTESIAN_POINT('Ctrl Pts',(-53.4463822096586,20.,39.0086954832077));
#15379=CARTESIAN_POINT('Ctrl Pts',(-53.3652652874563,20.,39.1452366489081));
#15380=CARTESIAN_POINT('Ctrl Pts',(-53.1956428283964,20.,39.4307559667052));
#15381=CARTESIAN_POINT('Ctrl Pts',(-53.1775578660245,20.,39.7629170812072));
#15382=CARTESIAN_POINT('Ctrl Pts',(-53.1681215018034,20.,39.9362319707871));
#15383=CARTESIAN_POINT('',(-53.4463822096586,19.,39.0086954832077));
#15384=CARTESIAN_POINT('',(-53.4463822096586,20.,39.0086954832077));
#15385=CARTESIAN_POINT('Ctrl Pts',(-53.4463822096586,19.,39.0086954832077));
#15386=CARTESIAN_POINT('Ctrl Pts',(-53.3652652874563,19.,39.1452366489081));
#15387=CARTESIAN_POINT('Ctrl Pts',(-53.1956428283964,19.,39.4307559667052));
#15388=CARTESIAN_POINT('Ctrl Pts',(-53.1775578660245,19.,39.7629170812072));
#15389=CARTESIAN_POINT('Ctrl Pts',(-53.1681215018034,19.,39.9362319707871));
#15390=CARTESIAN_POINT('Ctrl Pts',(-54.2753683775663,20.,38.382608294487));
#15391=CARTESIAN_POINT('Ctrl Pts',(-54.2753683775663,19.,38.382608294487));
#15392=CARTESIAN_POINT('Ctrl Pts',(-54.1065676873106,20.,38.4650421792929));
#15393=CARTESIAN_POINT('Ctrl Pts',(-54.1065676873106,19.,38.4650421792929));
#15394=CARTESIAN_POINT('Ctrl Pts',(-53.7890270920836,20.,38.6201132563631));
#15395=CARTESIAN_POINT('Ctrl Pts',(-53.7890270920836,19.,38.6201132563631));
#15396=CARTESIAN_POINT('Ctrl Pts',(-53.5556833003736,20.,38.884740731787));
#15397=CARTESIAN_POINT('Ctrl Pts',(-53.5556833003736,19.,38.884740731787));
#15398=CARTESIAN_POINT('Ctrl Pts',(-53.4463822096586,20.,39.0086954832077));
#15399=CARTESIAN_POINT('Ctrl Pts',(-53.4463822096586,19.,39.0086954832077));
#15400=CARTESIAN_POINT('',(-54.2753683775663,20.,38.382608294487));
#15401=CARTESIAN_POINT('Ctrl Pts',(-54.2753683775663,20.,38.382608294487));
#15402=CARTESIAN_POINT('Ctrl Pts',(-54.1065676873106,20.,38.4650421792929));
#15403=CARTESIAN_POINT('Ctrl Pts',(-53.7890270920836,20.,38.6201132563631));
#15404=CARTESIAN_POINT('Ctrl Pts',(-53.5556833003736,20.,38.884740731787));
#15405=CARTESIAN_POINT('Ctrl Pts',(-53.4463822096586,20.,39.0086954832077));
#15406=CARTESIAN_POINT('',(-54.2753683775663,19.,38.382608294487));
#15407=CARTESIAN_POINT('',(-54.2753683775663,20.,38.382608294487));
#15408=CARTESIAN_POINT('Ctrl Pts',(-54.2753683775663,19.,38.382608294487));
#15409=CARTESIAN_POINT('Ctrl Pts',(-54.1065676873106,19.,38.4650421792929));
#15410=CARTESIAN_POINT('Ctrl Pts',(-53.7890270920836,19.,38.6201132563631));
#15411=CARTESIAN_POINT('Ctrl Pts',(-53.5556833003736,19.,38.884740731787));
#15412=CARTESIAN_POINT('Ctrl Pts',(-53.4463822096586,19.,39.0086954832077));
#15413=CARTESIAN_POINT('Ctrl Pts',(-53.3014547079802,20.,38.3420294523239));
#15414=CARTESIAN_POINT('Ctrl Pts',(-53.3014547079802,19.,38.3420294523239));
#15415=CARTESIAN_POINT('Ctrl Pts',(-53.4550060066315,20.,38.3538560649997));
#15416=CARTESIAN_POINT('Ctrl Pts',(-53.4550060066315,19.,38.3538560649997));
#15417=CARTESIAN_POINT('Ctrl Pts',(-53.7791533374995,20.,38.3788220859044));
#15418=CARTESIAN_POINT('Ctrl Pts',(-53.7791533374995,19.,38.3788220859044));
#15419=CARTESIAN_POINT('Ctrl Pts',(-54.1042648857806,20.,38.3813027445604));
#15420=CARTESIAN_POINT('Ctrl Pts',(-54.1042648857806,19.,38.3813027445604));
#15421=CARTESIAN_POINT('Ctrl Pts',(-54.2753683775663,20.,38.382608294487));
#15422=CARTESIAN_POINT('Ctrl Pts',(-54.2753683775663,19.,38.382608294487));
#15423=CARTESIAN_POINT('',(-53.3014547079802,20.,38.3420294523239));
#15424=CARTESIAN_POINT('Ctrl Pts',(-53.3014547079802,20.,38.3420294523239));
#15425=CARTESIAN_POINT('Ctrl Pts',(-53.4550060066315,20.,38.3538560649997));
#15426=CARTESIAN_POINT('Ctrl Pts',(-53.7791533374995,20.,38.3788220859044));
#15427=CARTESIAN_POINT('Ctrl Pts',(-54.1042648857806,20.,38.3813027445604));
#15428=CARTESIAN_POINT('Ctrl Pts',(-54.2753683775663,20.,38.382608294487));
#15429=CARTESIAN_POINT('',(-53.3014547079802,19.,38.3420294523239));
#15430=CARTESIAN_POINT('',(-53.3014547079802,20.,38.3420294523239));
#15431=CARTESIAN_POINT('Ctrl Pts',(-53.3014547079802,19.,38.3420294523239));
#15432=CARTESIAN_POINT('Ctrl Pts',(-53.4550060066315,19.,38.3538560649997));
#15433=CARTESIAN_POINT('Ctrl Pts',(-53.7791533374995,19.,38.3788220859044));
#15434=CARTESIAN_POINT('Ctrl Pts',(-54.1042648857806,19.,38.3813027445604));
#15435=CARTESIAN_POINT('Ctrl Pts',(-54.2753683775663,19.,38.382608294487));
#15436=CARTESIAN_POINT('Ctrl Pts',(-52.4956571310759,20.,38.1797093153));
#15437=CARTESIAN_POINT('Ctrl Pts',(-52.4956571310759,19.,38.1797093153));
#15438=CARTESIAN_POINT('Ctrl Pts',(-52.6229443185809,20.,38.217120514941));
#15439=CARTESIAN_POINT('Ctrl Pts',(-52.6229443185809,19.,38.217120514941));
#15440=CARTESIAN_POINT('Ctrl Pts',(-52.8867733812386,20.,38.2946629756367));
#15441=CARTESIAN_POINT('Ctrl Pts',(-52.8867733812386,19.,38.2946629756367));
#15442=CARTESIAN_POINT('Ctrl Pts',(-53.1600324402858,20.,38.3258756635859));
#15443=CARTESIAN_POINT('Ctrl Pts',(-53.1600324402858,19.,38.3258756635859));
#15444=CARTESIAN_POINT('Ctrl Pts',(-53.3014547079802,20.,38.3420294523239));
#15445=CARTESIAN_POINT('Ctrl Pts',(-53.3014547079802,19.,38.3420294523239));
#15446=CARTESIAN_POINT('',(-52.4956571310759,20.,38.1797093153));
#15447=CARTESIAN_POINT('Ctrl Pts',(-52.4956571310759,20.,38.1797093153));
#15448=CARTESIAN_POINT('Ctrl Pts',(-52.6229443185809,20.,38.217120514941));
#15449=CARTESIAN_POINT('Ctrl Pts',(-52.8867733812386,20.,38.2946629756367));
#15450=CARTESIAN_POINT('Ctrl Pts',(-53.1600324402858,20.,38.3258756635859));
#15451=CARTESIAN_POINT('Ctrl Pts',(-53.3014547079802,20.,38.3420294523239));
#15452=CARTESIAN_POINT('',(-52.4956571310759,19.,38.1797093153));
#15453=CARTESIAN_POINT('',(-52.4956571310759,20.,38.1797093153));
#15454=CARTESIAN_POINT('Ctrl Pts',(-52.4956571310759,19.,38.1797093153));
#15455=CARTESIAN_POINT('Ctrl Pts',(-52.6229443185809,19.,38.217120514941));
#15456=CARTESIAN_POINT('Ctrl Pts',(-52.8867733812386,19.,38.2946629756367));
#15457=CARTESIAN_POINT('Ctrl Pts',(-53.1600324402858,19.,38.3258756635859));
#15458=CARTESIAN_POINT('Ctrl Pts',(-53.3014547079802,19.,38.3420294523239));
#15459=CARTESIAN_POINT('Origin',(-52.8434836119413,20.,37.1014493703842));
#15460=CARTESIAN_POINT('',(-52.8434836119413,20.,37.1014493703842));
#15461=CARTESIAN_POINT('',(-55.7733141810401,20.,28.0189926805189));
#15462=CARTESIAN_POINT('',(-52.8434836119413,19.,37.1014493703842));
#15463=CARTESIAN_POINT('',(-52.8434836119413,20.,37.1014493703842));
#15464=CARTESIAN_POINT('',(-52.8434836119413,19.,37.1014493703842));
#15465=CARTESIAN_POINT('Ctrl Pts',(-53.5797154158354,20.,37.4260866641998));
#15466=CARTESIAN_POINT('Ctrl Pts',(-53.5797154158354,19.,37.4260866641998));
#15467=CARTESIAN_POINT('Ctrl Pts',(-53.4559589241161,20.,37.3761674601602));
#15468=CARTESIAN_POINT('Ctrl Pts',(-53.4559589241161,19.,37.3761674601602));
#15469=CARTESIAN_POINT('Ctrl Pts',(-53.2070968691854,20.,37.2757848820405));
#15470=CARTESIAN_POINT('Ctrl Pts',(-53.2070968691854,19.,37.2757848820405));
#15471=CARTESIAN_POINT('Ctrl Pts',(-52.9651252705551,20.,37.1597708434622));
#15472=CARTESIAN_POINT('Ctrl Pts',(-52.9651252705551,19.,37.1597708434622));
#15473=CARTESIAN_POINT('Ctrl Pts',(-52.8434836119413,20.,37.1014493703842));
#15474=CARTESIAN_POINT('Ctrl Pts',(-52.8434836119413,19.,37.1014493703842));
#15475=CARTESIAN_POINT('Ctrl Pts',(-53.5797154158354,20.,37.4260866641998));
#15476=CARTESIAN_POINT('Ctrl Pts',(-53.4559589241161,20.,37.3761674601602));
#15477=CARTESIAN_POINT('Ctrl Pts',(-53.2070968691854,20.,37.2757848820405));
#15478=CARTESIAN_POINT('Ctrl Pts',(-52.9651252705551,20.,37.1597708434622));
#15479=CARTESIAN_POINT('Ctrl Pts',(-52.8434836119413,20.,37.1014493703842));
#15480=CARTESIAN_POINT('Ctrl Pts',(-53.5797154158354,19.,37.4260866641998));
#15481=CARTESIAN_POINT('Ctrl Pts',(-53.4559589241161,19.,37.3761674601602));
#15482=CARTESIAN_POINT('Ctrl Pts',(-53.2070968691854,19.,37.2757848820405));
#15483=CARTESIAN_POINT('Ctrl Pts',(-52.9651252705551,19.,37.1597708434622));
#15484=CARTESIAN_POINT('Ctrl Pts',(-52.8434836119413,19.,37.1014493703842));
#15485=CARTESIAN_POINT('Origin',(-1.71363353729248E-6,19.,40.6927534937859));
#15486=CARTESIAN_POINT('Origin',(-1.77635683940025E-14,20.,0.));
#15487=CARTESIAN_POINT('',(-80.,20.,-60.));
#15488=CARTESIAN_POINT('',(-85.,20.,-55.));
#15489=CARTESIAN_POINT('Origin',(-80.,20.,-55.));
#15490=CARTESIAN_POINT('',(-85.,20.,-50.));
#15491=CARTESIAN_POINT('',(-85.,20.,55.));
#15492=CARTESIAN_POINT('',(-85.,20.,-40.));
#15493=CARTESIAN_POINT('Origin',(-85.,20.,-45.));
#15494=CARTESIAN_POINT('',(-85.,20.,40.));
#15495=CARTESIAN_POINT('',(-85.,20.,55.));
#15496=CARTESIAN_POINT('',(-85.,20.,50.));
#15497=CARTESIAN_POINT('Origin',(-85.0000000000001,20.,45.));
#15498=CARTESIAN_POINT('',(-85.,20.,55.));
#15499=CARTESIAN_POINT('',(-85.,20.,55.));
#15500=CARTESIAN_POINT('',(-80.,20.,60.));
#15501=CARTESIAN_POINT('Origin',(-80.,20.,55.));
#15502=CARTESIAN_POINT('',(80.,20.,60.));
#15503=CARTESIAN_POINT('',(80.,20.,60.));
#15504=CARTESIAN_POINT('',(85.,20.,55.));
#15505=CARTESIAN_POINT('Origin',(80.,20.,55.));
#15506=CARTESIAN_POINT('',(85.,20.,50.));
#15507=CARTESIAN_POINT('',(85.,20.,-55.));
#15508=CARTESIAN_POINT('',(85.,20.,40.));
#15509=CARTESIAN_POINT('Origin',(84.9999999999999,20.,45.));
#15510=CARTESIAN_POINT('',(85.,20.,-40.));
#15511=CARTESIAN_POINT('',(85.,20.,-55.));
#15512=CARTESIAN_POINT('',(85.,20.,-50.));
#15513=CARTESIAN_POINT('Origin',(85.,20.,-45.));
#15514=CARTESIAN_POINT('',(85.,20.,-55.));
#15515=CARTESIAN_POINT('',(85.,20.,-55.));
#15516=CARTESIAN_POINT('',(80.,20.,-60.));
#15517=CARTESIAN_POINT('Origin',(80.,20.,-55.));
#15518=CARTESIAN_POINT('',(-80.,20.,-60.));
#15519=CARTESIAN_POINT('',(-31.9175359259421,20.,25.9175359259421));
#15520=CARTESIAN_POINT('',(-31.9175359259421,20.,-25.9175359259421));
#15521=CARTESIAN_POINT('',(-31.9175359259421,20.,7.));
#15522=CARTESIAN_POINT('',(31.9175359259421,20.,-25.9175359259421));
#15523=CARTESIAN_POINT('',(-10.,20.,-25.9175359259421));
#15524=CARTESIAN_POINT('',(31.9175359259421,20.,25.9175359259421));
#15525=CARTESIAN_POINT('',(31.9175359259421,20.,-7.));
#15526=CARTESIAN_POINT('',(9.99999999999998,20.,25.9175359259421));
#15527=CARTESIAN_POINT('',(-68.,20.,-40.));
#15528=CARTESIAN_POINT('Origin',(-70.,20.,-40.));
#15529=CARTESIAN_POINT('',(72.,20.,-40.));
#15530=CARTESIAN_POINT('Origin',(70.,20.,-40.));
#15531=CARTESIAN_POINT('',(-68.,20.,40.));
#15532=CARTESIAN_POINT('Origin',(-70.,20.,40.));
#15533=CARTESIAN_POINT('',(72.,20.,40.));
#15534=CARTESIAN_POINT('Origin',(70.,20.,40.));
#15535=CARTESIAN_POINT('Origin',(-1.77635683940025E-14,20.,0.));
#15536=CARTESIAN_POINT('Origin',(-1.77635683940025E-14,20.,0.));
#15537=CARTESIAN_POINT('Origin',(-1.77635683940025E-14,20.,0.));
#15538=CARTESIAN_POINT('Origin',(-1.77635683940025E-14,20.,0.));
#15539=CARTESIAN_POINT('Origin',(85.,11.9,19.));
#15540=CARTESIAN_POINT('',(85.,10.,19.));
#15541=CARTESIAN_POINT('',(42.2679617717302,10.,10.6937331991041));
#15542=CARTESIAN_POINT('',(85.,11.9,19.));
#15543=CARTESIAN_POINT('',(81.5662534563987,11.2325472853542,18.3325472853542));
#15544=CARTESIAN_POINT('',(85.,10.95,19.));
#15545=CARTESIAN_POINT('Origin',(85.,8.00000011920929,-19.));
#15546=CARTESIAN_POINT('',(85.,10.,-19.));
#15547=CARTESIAN_POINT('',(42.2679617717302,10.,-10.6937331991041));
#15548=CARTESIAN_POINT('',(85.,11.9,-19.));
#15549=CARTESIAN_POINT('',(85.,9.00000005960464,-19.));
#15550=CARTESIAN_POINT('',(84.6475891812971,11.8314982761171,-18.931498276117));
#15551=CARTESIAN_POINT('Origin',(85.,11.9,-19.));
#15552=CARTESIAN_POINT('',(85.,11.9,10.5));
#15553=CARTESIAN_POINT('Origin',(85.,10.,17.));
#15554=CARTESIAN_POINT('',(-79.5050447926253,10.,17.));
#15555=CARTESIAN_POINT('',(42.5,10.,17.));
#15556=CARTESIAN_POINT('',(-77.4444370964998,9.25000013411046,17.));
#15557=CARTESIAN_POINT('',(-9.62171734104896,-15.4354510638519,17.));
#15558=CARTESIAN_POINT('',(-9.38067203051884,34.0231846502153,17.));
#15559=CARTESIAN_POINT('Origin',(-1.77635683940025E-14,10.,0.));
#15560=CARTESIAN_POINT('',(85.,10.,40.));
#15561=CARTESIAN_POINT('',(85.,10.,-55.));
#15562=CARTESIAN_POINT('',(85.,10.,50.));
#15563=CARTESIAN_POINT('Origin',(84.9999999999999,10.,45.));
#15564=CARTESIAN_POINT('',(85.,10.,55.));
#15565=CARTESIAN_POINT('',(85.,10.,-55.));
#15566=CARTESIAN_POINT('',(80.,10.,60.));
#15567=CARTESIAN_POINT('Origin',(80.,10.,55.));
#15568=CARTESIAN_POINT('',(-80.,10.,60.));
#15569=CARTESIAN_POINT('',(80.,10.,60.));
#15570=CARTESIAN_POINT('',(-85.,10.,55.));
#15571=CARTESIAN_POINT('Origin',(-80.,10.,55.));
#15572=CARTESIAN_POINT('',(-85.,10.,50.));
#15573=CARTESIAN_POINT('',(-85.,10.,55.));
#15574=CARTESIAN_POINT('',(-85.,10.,40.));
#15575=CARTESIAN_POINT('Origin',(-85.0000000000001,10.,45.));
#15576=CARTESIAN_POINT('',(-85.,10.,20.));
#15577=CARTESIAN_POINT('',(-85.,10.,55.));
#15578=CARTESIAN_POINT('',(-79.5050447926253,10.,17.9999998658896));
#15579=CARTESIAN_POINT('',(-44.257617535289,10.,5.17098550975595));
#15580=CARTESIAN_POINT('',(-79.5050447926253,10.,10.));
#15581=CARTESIAN_POINT('',(-60.,10.,45.));
#15582=CARTESIAN_POINT('',(60.,10.,45.));
#15583=CARTESIAN_POINT('',(30.,10.,45.));
#15584=CARTESIAN_POINT('',(60.,10.,35.));
#15585=CARTESIAN_POINT('Origin',(60.,10.,40.));
#15586=CARTESIAN_POINT('',(-60.,10.,35.));
#15587=CARTESIAN_POINT('',(-30.,10.,35.));
#15588=CARTESIAN_POINT('Origin',(-60.,10.,40.));
#15589=CARTESIAN_POINT('Origin',(-85.,6.50000013411045,-20.));
#15590=CARTESIAN_POINT('',(-77.4444370964998,9.25000013411046,1.83397391292538E-14));
#15591=CARTESIAN_POINT('Origin',(-85.,12.0000001341105,-20.));
#15592=CARTESIAN_POINT('',(-79.5050447926253,10.,-17.9999998658895));
#15593=CARTESIAN_POINT('',(-85.,10.,-20.));
#15594=CARTESIAN_POINT('',(-44.257617535289,10.,-5.17098550975592));
#15595=CARTESIAN_POINT('',(-85.,12.0000001341105,-20.));
#15596=CARTESIAN_POINT('',(-79.2452963515176,9.90545929903974,-17.9054591649293));
#15597=CARTESIAN_POINT('',(-85.,11.0000000670552,-20.));
#15598=CARTESIAN_POINT('Origin',(-85.,12.0000001341105,20.));
#15599=CARTESIAN_POINT('',(-85.,12.0000001341105,20.));
#15600=CARTESIAN_POINT('',(-84.2087282483337,11.7120007692882,19.7120006351778));
#15601=CARTESIAN_POINT('',(-85.,12.0000001341105,-9.99999999999999));
#15602=CARTESIAN_POINT('',(-79.5050447926253,10.,-17.));
#15603=CARTESIAN_POINT('',(-79.5050447926253,10.,10.));
#15604=CARTESIAN_POINT('',(-84.6786061736056,11.883022347826,-17.));
#15605=CARTESIAN_POINT('Origin',(-85.,6.50000013411045,20.));
#15606=CARTESIAN_POINT('',(-85.,8.25000006705523,20.));
#15607=CARTESIAN_POINT('Origin',(-85.,10.,-17.));
#15608=CARTESIAN_POINT('',(-42.5,10.,-17.));
#15609=CARTESIAN_POINT('Origin',(-1.77635683940025E-14,10.,0.));
#15610=CARTESIAN_POINT('',(-85.,10.,-40.));
#15611=CARTESIAN_POINT('',(-85.,10.,55.));
#15612=CARTESIAN_POINT('',(-85.,10.,-50.));
#15613=CARTESIAN_POINT('Origin',(-85.,10.,-45.));
#15614=CARTESIAN_POINT('',(-85.,10.,-55.));
#15615=CARTESIAN_POINT('',(-85.,10.,55.));
#15616=CARTESIAN_POINT('',(-80.,10.,-60.));
#15617=CARTESIAN_POINT('Origin',(-80.,10.,-55.));
#15618=CARTESIAN_POINT('',(80.,10.,-60.));
#15619=CARTESIAN_POINT('',(-80.,10.,-60.));
#15620=CARTESIAN_POINT('',(85.,10.,-55.));
#15621=CARTESIAN_POINT('Origin',(80.,10.,-55.));
#15622=CARTESIAN_POINT('',(85.,10.,-50.));
#15623=CARTESIAN_POINT('',(85.,10.,-55.));
#15624=CARTESIAN_POINT('',(85.,10.,-40.));
#15625=CARTESIAN_POINT('Origin',(85.,10.,-45.));
#15626=CARTESIAN_POINT('',(85.,10.,-55.));
#15627=CARTESIAN_POINT('',(-60.,10.,-35.));
#15628=CARTESIAN_POINT('',(60.,10.,-35.));
#15629=CARTESIAN_POINT('',(30.,10.,-35.));
#15630=CARTESIAN_POINT('',(60.,10.,-45.));
#15631=CARTESIAN_POINT('Origin',(60.,10.,-40.));
#15632=CARTESIAN_POINT('',(-60.,10.,-45.));
#15633=CARTESIAN_POINT('',(-30.,10.,-45.));
#15634=CARTESIAN_POINT('Origin',(-60.,10.,-40.));
#15635=CARTESIAN_POINT('Origin',(70.,20.,40.));
#15636=CARTESIAN_POINT('',(72.,13.3,40.));
#15637=CARTESIAN_POINT('',(72.,20.,40.));
#15638=CARTESIAN_POINT('Origin',(70.,13.3,40.));
#15639=CARTESIAN_POINT('Origin',(70.,13.3,40.));
#15640=CARTESIAN_POINT('Origin',(-70.,20.,40.));
#15641=CARTESIAN_POINT('',(-68.,13.3,40.));
#15642=CARTESIAN_POINT('',(-68.,20.,40.));
#15643=CARTESIAN_POINT('Origin',(-70.,13.3,40.));
#15644=CARTESIAN_POINT('Origin',(-70.,13.3,40.));
#15645=CARTESIAN_POINT('Origin',(70.,20.,-40.));
#15646=CARTESIAN_POINT('',(72.,13.3,-40.));
#15647=CARTESIAN_POINT('',(72.,20.,-40.));
#15648=CARTESIAN_POINT('Origin',(70.,13.3,-40.));
#15649=CARTESIAN_POINT('Origin',(70.,13.3,-40.));
#15650=CARTESIAN_POINT('Origin',(-70.,20.,-40.));
#15651=CARTESIAN_POINT('',(-68.,13.3,-40.));
#15652=CARTESIAN_POINT('',(-68.,20.,-40.));
#15653=CARTESIAN_POINT('Origin',(-70.,13.3,-40.));
#15654=CARTESIAN_POINT('Origin',(-70.,13.3,-40.));
#15655=CARTESIAN_POINT('Origin',(-2.5,-5.,42.5));
#15656=CARTESIAN_POINT('',(-2.5,-5.,42.5));
#15657=CARTESIAN_POINT('',(2.5,-5.,42.5));
#15658=CARTESIAN_POINT('',(-1.25,-5.,42.5));
#15659=CARTESIAN_POINT('',(-2.5,0.5,42.5));
#15660=CARTESIAN_POINT('',(-2.5,-5.,42.5));
#15661=CARTESIAN_POINT('',(2.5,0.5,42.5));
#15662=CARTESIAN_POINT('',(2.5,0.5,42.5));
#15663=CARTESIAN_POINT('',(2.5,-5.,42.5));
#15664=CARTESIAN_POINT('Origin',(-2.5,-5.,37.5));
#15665=CARTESIAN_POINT('',(-2.5,-5.,37.5));
#15666=CARTESIAN_POINT('',(-2.5,-5.,18.75));
#15667=CARTESIAN_POINT('',(-2.5,0.5,37.5));
#15668=CARTESIAN_POINT('',(-2.5,-5.,37.5));
#15669=CARTESIAN_POINT('',(-2.5,0.5,42.5));
#15670=CARTESIAN_POINT('Origin',(2.5,-5.,37.5));
#15671=CARTESIAN_POINT('',(2.5,-5.,37.5));
#15672=CARTESIAN_POINT('',(1.25,-5.,37.5));
#15673=CARTESIAN_POINT('',(2.5,0.5,37.5));
#15674=CARTESIAN_POINT('',(2.5,-5.,37.5));
#15675=CARTESIAN_POINT('',(-2.5,0.5,37.5));
#15676=CARTESIAN_POINT('Origin',(2.5,-5.,42.5));
#15677=CARTESIAN_POINT('',(2.5,-5.,21.25));
#15678=CARTESIAN_POINT('',(2.5,0.5,37.5));
#15679=CARTESIAN_POINT('Origin',(0.,0.5,40.));
#15680=CARTESIAN_POINT('Origin',(22.5000002980232,-5.,-37.5000005960464));
#15681=CARTESIAN_POINT('',(22.5000002980232,-5.,-37.5000005960464));
#15682=CARTESIAN_POINT('',(22.5000002980232,-5.,-42.5000005960464));
#15683=CARTESIAN_POINT('',(22.5000002980232,-5.,-18.7500002980232));
#15684=CARTESIAN_POINT('',(22.5000002980232,0.5,-37.5000005960464));
#15685=CARTESIAN_POINT('',(22.5000002980232,-5.,-37.5000005960464));
#15686=CARTESIAN_POINT('',(22.5000002980232,0.5,-42.5000005960464));
#15687=CARTESIAN_POINT('',(22.5000002980232,0.5,-37.5000005960464));
#15688=CARTESIAN_POINT('',(22.5000002980232,-5.,-42.5000005960464));
#15689=CARTESIAN_POINT('Origin',(17.5000002980232,-5.,-37.5000005960464));
#15690=CARTESIAN_POINT('',(17.5000002980232,-5.,-37.5000005960464));
#15691=CARTESIAN_POINT('',(8.75000014901161,-5.,-37.5000005960464));
#15692=CARTESIAN_POINT('',(17.5000002980232,0.5,-37.5000005960464));
#15693=CARTESIAN_POINT('',(17.5000002980232,-5.,-37.5000005960464));
#15694=CARTESIAN_POINT('',(17.5000002980232,0.5,-37.5000005960464));
#15695=CARTESIAN_POINT('Origin',(17.5000002980232,-5.,-42.5000005960464));
#15696=CARTESIAN_POINT('',(17.5000002980232,-5.,-42.5000005960464));
#15697=CARTESIAN_POINT('',(17.5000002980232,-5.,-21.2500002980232));
#15698=CARTESIAN_POINT('',(17.5000002980232,0.5,-42.5000005960464));
#15699=CARTESIAN_POINT('',(17.5000002980232,-5.,-42.5000005960464));
#15700=CARTESIAN_POINT('',(17.5000002980232,0.5,-42.5000005960464));
#15701=CARTESIAN_POINT('Origin',(22.5000002980232,-5.,-42.5000005960464));
#15702=CARTESIAN_POINT('',(11.2500001490116,-5.,-42.5000005960464));
#15703=CARTESIAN_POINT('',(22.5000002980232,0.5,-42.5000005960464));
#15704=CARTESIAN_POINT('Origin',(20.0000002980232,0.5,-40.0000005960464));
#15705=CARTESIAN_POINT('Origin',(-42.5000005960464,-5.,-42.5000005960464));
#15706=CARTESIAN_POINT('',(-42.5000005960464,-5.,-42.5000005960464));
#15707=CARTESIAN_POINT('',(-42.5000005960464,-5.,-37.5000005960464));
#15708=CARTESIAN_POINT('',(-42.5000005960464,-5.,-21.2500002980232));
#15709=CARTESIAN_POINT('',(-42.5000005960464,0.5,-42.5000005960464));
#15710=CARTESIAN_POINT('',(-42.5000005960464,-5.,-42.5000005960464));
#15711=CARTESIAN_POINT('',(-42.5000005960464,0.5,-37.5000005960464));
#15712=CARTESIAN_POINT('',(-42.5000005960464,0.5,-42.5000005960464));
#15713=CARTESIAN_POINT('',(-42.5000005960464,-5.,-37.5000005960464));
#15714=CARTESIAN_POINT('Origin',(-37.5000005960464,-5.,-42.5000005960464));
#15715=CARTESIAN_POINT('',(-37.5000005960464,-5.,-42.5000005960464));
#15716=CARTESIAN_POINT('',(-18.7500002980232,-5.,-42.5000005960464));
#15717=CARTESIAN_POINT('',(-37.5000005960464,0.5,-42.5000005960464));
#15718=CARTESIAN_POINT('',(-37.5000005960464,-5.,-42.5000005960464));
#15719=CARTESIAN_POINT('',(-37.5000005960464,0.5,-42.5000005960464));
#15720=CARTESIAN_POINT('Origin',(-37.5000005960464,-5.,-37.5000005960464));
#15721=CARTESIAN_POINT('',(-37.5000005960464,-5.,-37.5000005960464));
#15722=CARTESIAN_POINT('',(-37.5000005960464,-5.,-18.7500002980232));
#15723=CARTESIAN_POINT('',(-37.5000005960464,0.5,-37.5000005960464));
#15724=CARTESIAN_POINT('',(-37.5000005960464,-5.,-37.5000005960464));
#15725=CARTESIAN_POINT('',(-37.5000005960464,0.5,-37.5000005960464));
#15726=CARTESIAN_POINT('Origin',(-42.5000005960464,-5.,-37.5000005960464));
#15727=CARTESIAN_POINT('',(-21.2500002980232,-5.,-37.5000005960464));
#15728=CARTESIAN_POINT('',(-42.5000005960464,0.5,-37.5000005960464));
#15729=CARTESIAN_POINT('Origin',(-40.0000005960464,0.5,-40.0000005960464));
#15730=CARTESIAN_POINT('Origin',(42.5000005960464,-5.,-37.5000005960464));
#15731=CARTESIAN_POINT('',(42.5000005960464,-5.,-37.5000005960464));
#15732=CARTESIAN_POINT('',(42.5000005960464,-5.,-42.5000005960464));
#15733=CARTESIAN_POINT('',(42.5000005960464,-5.,-18.7500002980232));
#15734=CARTESIAN_POINT('',(42.5000005960464,0.5,-37.5000005960464));
#15735=CARTESIAN_POINT('',(42.5000005960464,-5.,-37.5000005960464));
#15736=CARTESIAN_POINT('',(42.5000005960464,0.5,-42.5000005960464));
#15737=CARTESIAN_POINT('',(42.5000005960464,0.5,-37.5000005960464));
#15738=CARTESIAN_POINT('',(42.5000005960464,-5.,-42.5000005960464));
#15739=CARTESIAN_POINT('Origin',(37.5000005960464,-5.,-37.5000005960464));
#15740=CARTESIAN_POINT('',(37.5000005960464,-5.,-37.5000005960464));
#15741=CARTESIAN_POINT('',(18.7500002980232,-5.,-37.5000005960464));
#15742=CARTESIAN_POINT('',(37.5000005960464,0.5,-37.5000005960464));
#15743=CARTESIAN_POINT('',(37.5000005960464,-5.,-37.5000005960464));
#15744=CARTESIAN_POINT('',(37.5000005960464,0.5,-37.5000005960464));
#15745=CARTESIAN_POINT('Origin',(37.5000005960464,-5.,-42.5000005960464));
#15746=CARTESIAN_POINT('',(37.5000005960464,-5.,-42.5000005960464));
#15747=CARTESIAN_POINT('',(37.5000005960464,-5.,-21.2500002980232));
#15748=CARTESIAN_POINT('',(37.5000005960464,0.5,-42.5000005960464));
#15749=CARTESIAN_POINT('',(37.5000005960464,-5.,-42.5000005960464));
#15750=CARTESIAN_POINT('',(37.5000005960464,0.5,-42.5000005960464));
#15751=CARTESIAN_POINT('Origin',(42.5000005960464,-5.,-42.5000005960464));
#15752=CARTESIAN_POINT('',(21.2500002980232,-5.,-42.5000005960464));
#15753=CARTESIAN_POINT('',(42.5000005960464,0.5,-42.5000005960464));
#15754=CARTESIAN_POINT('Origin',(40.0000005960464,0.5,-40.0000005960464));
#15755=CARTESIAN_POINT('Origin',(-22.5,-5.,42.5));
#15756=CARTESIAN_POINT('',(-22.5,-5.,42.5));
#15757=CARTESIAN_POINT('',(-17.5,-5.,42.5));
#15758=CARTESIAN_POINT('',(-11.25,-5.,42.5));
#15759=CARTESIAN_POINT('',(-22.5,0.5,42.5));
#15760=CARTESIAN_POINT('',(-22.5,-5.,42.5));
#15761=CARTESIAN_POINT('',(-17.5,0.5,42.5));
#15762=CARTESIAN_POINT('',(-17.5,0.5,42.5));
#15763=CARTESIAN_POINT('',(-17.5,-5.,42.5));
#15764=CARTESIAN_POINT('Origin',(-22.5,-5.,37.5));
#15765=CARTESIAN_POINT('',(-22.5,-5.,37.5));
#15766=CARTESIAN_POINT('',(-22.5,-5.,18.75));
#15767=CARTESIAN_POINT('',(-22.5,0.5,37.5));
#15768=CARTESIAN_POINT('',(-22.5,-5.,37.5));
#15769=CARTESIAN_POINT('',(-22.5,0.5,42.5));
#15770=CARTESIAN_POINT('Origin',(-17.5,-5.,37.5));
#15771=CARTESIAN_POINT('',(-17.5,-5.,37.5));
#15772=CARTESIAN_POINT('',(-8.75,-5.,37.5));
#15773=CARTESIAN_POINT('',(-17.5,0.5,37.5));
#15774=CARTESIAN_POINT('',(-17.5,-5.,37.5));
#15775=CARTESIAN_POINT('',(-22.5,0.5,37.5));
#15776=CARTESIAN_POINT('Origin',(-17.5,-5.,42.5));
#15777=CARTESIAN_POINT('',(-17.5,-5.,21.25));
#15778=CARTESIAN_POINT('',(-17.5,0.5,37.5));
#15779=CARTESIAN_POINT('Origin',(-20.,0.5,40.));
#15780=CARTESIAN_POINT('Origin',(22.5,-5.,42.5));
#15781=CARTESIAN_POINT('',(22.5,-5.,42.5));
#15782=CARTESIAN_POINT('',(22.5,-5.,37.5));
#15783=CARTESIAN_POINT('',(22.5,-5.,21.25));
#15784=CARTESIAN_POINT('',(22.5,0.5,42.5));
#15785=CARTESIAN_POINT('',(22.5,-5.,42.5));
#15786=CARTESIAN_POINT('',(22.5,0.5,37.5));
#15787=CARTESIAN_POINT('',(22.5,0.5,42.5));
#15788=CARTESIAN_POINT('',(22.5,-5.,37.5));
#15789=CARTESIAN_POINT('Origin',(17.5,-5.,42.5));
#15790=CARTESIAN_POINT('',(17.5,-5.,42.5));
#15791=CARTESIAN_POINT('',(8.75,-5.,42.5));
#15792=CARTESIAN_POINT('',(17.5,0.5,42.5));
#15793=CARTESIAN_POINT('',(17.5,-5.,42.5));
#15794=CARTESIAN_POINT('',(17.5,0.5,42.5));
#15795=CARTESIAN_POINT('Origin',(17.5,-5.,37.5));
#15796=CARTESIAN_POINT('',(17.5,-5.,37.5));
#15797=CARTESIAN_POINT('',(17.5,-5.,18.75));
#15798=CARTESIAN_POINT('',(17.5,0.5,37.5));
#15799=CARTESIAN_POINT('',(17.5,-5.,37.5));
#15800=CARTESIAN_POINT('',(17.5,0.5,37.5));
#15801=CARTESIAN_POINT('Origin',(22.5,-5.,37.5));
#15802=CARTESIAN_POINT('',(11.25,-5.,37.5));
#15803=CARTESIAN_POINT('',(22.5,0.5,37.5));
#15804=CARTESIAN_POINT('Origin',(20.,0.5,40.));
#15805=CARTESIAN_POINT('Origin',(2.5,-5.,-37.5000005960464));
#15806=CARTESIAN_POINT('',(2.5,-5.,-37.5000005960464));
#15807=CARTESIAN_POINT('',(2.5,-5.,-42.5000005960464));
#15808=CARTESIAN_POINT('',(2.5,-5.,-18.7500002980232));
#15809=CARTESIAN_POINT('',(2.5,0.5,-37.5000005960464));
#15810=CARTESIAN_POINT('',(2.5,-5.,-37.5000005960464));
#15811=CARTESIAN_POINT('',(2.5,0.5,-42.5000005960464));
#15812=CARTESIAN_POINT('',(2.5,0.5,-37.5000005960464));
#15813=CARTESIAN_POINT('',(2.5,-5.,-42.5000005960464));
#15814=CARTESIAN_POINT('Origin',(-2.5,-5.,-37.5000005960464));
#15815=CARTESIAN_POINT('',(-2.5,-5.,-37.5000005960464));
#15816=CARTESIAN_POINT('',(-1.25,-5.,-37.5000005960464));
#15817=CARTESIAN_POINT('',(-2.5,0.5,-37.5000005960464));
#15818=CARTESIAN_POINT('',(-2.5,-5.,-37.5000005960464));
#15819=CARTESIAN_POINT('',(-2.5,0.5,-37.5000005960464));
#15820=CARTESIAN_POINT('Origin',(-2.5,-5.,-42.5000005960464));
#15821=CARTESIAN_POINT('',(-2.5,-5.,-42.5000005960464));
#15822=CARTESIAN_POINT('',(-2.5,-5.,-21.2500002980232));
#15823=CARTESIAN_POINT('',(-2.5,0.5,-42.5000005960464));
#15824=CARTESIAN_POINT('',(-2.5,-5.,-42.5000005960464));
#15825=CARTESIAN_POINT('',(-2.5,0.5,-42.5000005960464));
#15826=CARTESIAN_POINT('Origin',(2.5,-5.,-42.5000005960464));
#15827=CARTESIAN_POINT('',(1.25,-5.,-42.5000005960464));
#15828=CARTESIAN_POINT('',(2.5,0.5,-42.5000005960464));
#15829=CARTESIAN_POINT('Origin',(0.,0.5,-40.0000005960464));
#15830=CARTESIAN_POINT('Origin',(-17.5000002980232,-5.,-37.5000005960464));
#15831=CARTESIAN_POINT('',(-17.5000002980232,-5.,-37.5000005960464));
#15832=CARTESIAN_POINT('',(-17.5000002980232,-5.,-42.5000005960464));
#15833=CARTESIAN_POINT('',(-17.5000002980232,-5.,-18.7500002980232));
#15834=CARTESIAN_POINT('',(-17.5000002980232,0.5,-37.5000005960464));
#15835=CARTESIAN_POINT('',(-17.5000002980232,-5.,-37.5000005960464));
#15836=CARTESIAN_POINT('',(-17.5000002980232,0.5,-42.5000005960464));
#15837=CARTESIAN_POINT('',(-17.5000002980232,0.5,-37.5000005960464));
#15838=CARTESIAN_POINT('',(-17.5000002980232,-5.,-42.5000005960464));
#15839=CARTESIAN_POINT('Origin',(-22.5000002980232,-5.,-37.5000005960464));
#15840=CARTESIAN_POINT('',(-22.5000002980232,-5.,-37.5000005960464));
#15841=CARTESIAN_POINT('',(-11.2500001490116,-5.,-37.5000005960464));
#15842=CARTESIAN_POINT('',(-22.5000002980232,0.5,-37.5000005960464));
#15843=CARTESIAN_POINT('',(-22.5000002980232,-5.,-37.5000005960464));
#15844=CARTESIAN_POINT('',(-22.5000002980232,0.5,-37.5000005960464));
#15845=CARTESIAN_POINT('Origin',(-22.5000002980232,-5.,-42.5000005960464));
#15846=CARTESIAN_POINT('',(-22.5000002980232,-5.,-42.5000005960464));
#15847=CARTESIAN_POINT('',(-22.5000002980232,-5.,-21.2500002980232));
#15848=CARTESIAN_POINT('',(-22.5000002980232,0.5,-42.5000005960464));
#15849=CARTESIAN_POINT('',(-22.5000002980232,-5.,-42.5000005960464));
#15850=CARTESIAN_POINT('',(-22.5000002980232,0.5,-42.5000005960464));
#15851=CARTESIAN_POINT('Origin',(-17.5000002980232,-5.,-42.5000005960464));
#15852=CARTESIAN_POINT('',(-8.75000014901161,-5.,-42.5000005960464));
#15853=CARTESIAN_POINT('',(-17.5000002980232,0.5,-42.5000005960464));
#15854=CARTESIAN_POINT('Origin',(-20.0000002980232,0.5,-40.0000005960464));
#15855=CARTESIAN_POINT('Origin',(37.5000005960464,-5.,37.5000005960464));
#15856=CARTESIAN_POINT('',(37.5000005960464,-5.,37.5000005960464));
#15857=CARTESIAN_POINT('',(37.5000005960464,-5.,42.5000005960464));
#15858=CARTESIAN_POINT('',(37.5000005960464,-5.,18.7500002980232));
#15859=CARTESIAN_POINT('',(37.5000005960464,0.5,37.5000005960464));
#15860=CARTESIAN_POINT('',(37.5000005960464,-5.,37.5000005960464));
#15861=CARTESIAN_POINT('',(37.5000005960464,0.5,42.5000005960464));
#15862=CARTESIAN_POINT('',(37.5000005960464,0.5,37.5000005960464));
#15863=CARTESIAN_POINT('',(37.5000005960464,-5.,42.5000005960464));
#15864=CARTESIAN_POINT('Origin',(42.5000005960464,-5.,37.5000005960464));
#15865=CARTESIAN_POINT('',(42.5000005960464,-5.,37.5000005960464));
#15866=CARTESIAN_POINT('',(21.2500002980232,-5.,37.5000005960464));
#15867=CARTESIAN_POINT('',(42.5000005960464,0.5,37.5000005960464));
#15868=CARTESIAN_POINT('',(42.5000005960464,-5.,37.5000005960464));
#15869=CARTESIAN_POINT('',(42.5000005960464,0.5,37.5000005960464));
#15870=CARTESIAN_POINT('Origin',(42.5000005960464,-5.,42.5000005960464));
#15871=CARTESIAN_POINT('',(42.5000005960464,-5.,42.5000005960464));
#15872=CARTESIAN_POINT('',(42.5000005960464,-5.,21.2500002980232));
#15873=CARTESIAN_POINT('',(42.5000005960464,0.5,42.5000005960464));
#15874=CARTESIAN_POINT('',(42.5000005960464,-5.,42.5000005960464));
#15875=CARTESIAN_POINT('',(42.5000005960464,0.5,42.5000005960464));
#15876=CARTESIAN_POINT('Origin',(37.5000005960464,-5.,42.5000005960464));
#15877=CARTESIAN_POINT('',(18.7500002980232,-5.,42.5000005960464));
#15878=CARTESIAN_POINT('',(37.5000005960464,0.5,42.5000005960464));
#15879=CARTESIAN_POINT('Origin',(40.0000005960464,0.5,40.0000005960464));
#15880=CARTESIAN_POINT('Origin',(-37.5,-5.,42.5));
#15881=CARTESIAN_POINT('',(-37.5,-5.,42.5));
#15882=CARTESIAN_POINT('',(-37.5,-5.,37.5));
#15883=CARTESIAN_POINT('',(-37.5,-5.,21.25));
#15884=CARTESIAN_POINT('',(-37.5,0.5,42.5));
#15885=CARTESIAN_POINT('',(-37.5,-5.,42.5));
#15886=CARTESIAN_POINT('',(-37.5,0.5,37.5));
#15887=CARTESIAN_POINT('',(-37.5,0.5,42.5));
#15888=CARTESIAN_POINT('',(-37.5,-5.,37.5));
#15889=CARTESIAN_POINT('Origin',(-42.5,-5.,42.5));
#15890=CARTESIAN_POINT('',(-42.5,-5.,42.5));
#15891=CARTESIAN_POINT('',(-21.25,-5.,42.5));
#15892=CARTESIAN_POINT('',(-42.5,0.5,42.5));
#15893=CARTESIAN_POINT('',(-42.5,-5.,42.5));
#15894=CARTESIAN_POINT('',(-42.5,0.5,42.5));
#15895=CARTESIAN_POINT('Origin',(-42.5,-5.,37.5));
#15896=CARTESIAN_POINT('',(-42.5,-5.,37.5));
#15897=CARTESIAN_POINT('',(-42.5,-5.,18.75));
#15898=CARTESIAN_POINT('',(-42.5,0.5,37.5));
#15899=CARTESIAN_POINT('',(-42.5,-5.,37.5));
#15900=CARTESIAN_POINT('',(-42.5,0.5,37.5));
#15901=CARTESIAN_POINT('Origin',(-37.5,-5.,37.5));
#15902=CARTESIAN_POINT('',(-18.75,-5.,37.5));
#15903=CARTESIAN_POINT('',(-37.5,0.5,37.5));
#15904=CARTESIAN_POINT('Origin',(-40.,0.5,40.));
#15905=CARTESIAN_POINT('Origin',(-65.0000009685755,0.,45.));
#15906=CARTESIAN_POINT('',(-60.,0.,-45.));
#15907=CARTESIAN_POINT('',(-60.,0.,-35.));
#15908=CARTESIAN_POINT('Origin',(-60.,0.,-40.));
#15909=CARTESIAN_POINT('',(-45.0000006705523,0.,-45.));
#15910=CARTESIAN_POINT('',(-62.5000004842877,0.,-45.));
#15911=CARTESIAN_POINT('',(-45.0000006705523,0.,-35.));
#15912=CARTESIAN_POINT('',(-45.0000006705523,0.,45.));
#15913=CARTESIAN_POINT('',(-2.50000048428774,0.,-35.));
#15914=CARTESIAN_POINT('Origin',(-65.0000009685755,0.,45.));
#15915=CARTESIAN_POINT('',(-60.,0.,35.));
#15916=CARTESIAN_POINT('',(-60.,0.,45.));
#15917=CARTESIAN_POINT('Origin',(-60.,0.,40.));
#15918=CARTESIAN_POINT('',(-45.0000006705523,0.,35.));
#15919=CARTESIAN_POINT('',(-62.5000004842877,0.,35.));
#15920=CARTESIAN_POINT('',(-45.0000006705523,0.,45.));
#15921=CARTESIAN_POINT('',(-45.0000006705523,0.,45.));
#15922=CARTESIAN_POINT('',(-2.50000048428774,0.,45.));
#15923=CARTESIAN_POINT('Origin',(-45.0000006705523,0.,45.));
#15924=CARTESIAN_POINT('',(-45.0000006705523,-5.,-35.));
#15925=CARTESIAN_POINT('',(-45.0000006705523,5.,-35.));
#15926=CARTESIAN_POINT('',(-45.0000006705523,-5.,-45.));
#15927=CARTESIAN_POINT('',(-45.0000006705523,5.,-45.));
#15928=CARTESIAN_POINT('',(-45.0000006705523,-5.,22.5));
#15929=CARTESIAN_POINT('Origin',(-45.0000006705523,0.,45.));
#15930=CARTESIAN_POINT('',(-45.0000006705523,-5.,35.));
#15931=CARTESIAN_POINT('',(-45.0000006705523,5.,35.));
#15932=CARTESIAN_POINT('',(-45.0000006705523,-5.,45.));
#15933=CARTESIAN_POINT('',(-45.0000006705523,-5.,22.5));
#15934=CARTESIAN_POINT('',(-45.0000006705523,5.,45.));
#15935=CARTESIAN_POINT('Origin',(45.0000006705523,0.,45.));
#15936=CARTESIAN_POINT('',(60.,0.,-35.));
#15937=CARTESIAN_POINT('',(60.,0.,-45.));
#15938=CARTESIAN_POINT('Origin',(60.,0.,-40.));
#15939=CARTESIAN_POINT('',(45.0000006705523,0.,-35.));
#15940=CARTESIAN_POINT('',(52.5000003352761,0.,-35.));
#15941=CARTESIAN_POINT('',(45.0000006705523,0.,-45.));
#15942=CARTESIAN_POINT('',(45.0000006705523,0.,45.));
#15943=CARTESIAN_POINT('',(-7.49999966472387,0.,-45.));
#15944=CARTESIAN_POINT('Origin',(45.0000006705523,0.,45.));
#15945=CARTESIAN_POINT('',(60.,0.,45.));
#15946=CARTESIAN_POINT('',(60.,0.,35.));
#15947=CARTESIAN_POINT('Origin',(60.,0.,40.));
#15948=CARTESIAN_POINT('',(45.0000006705523,0.,45.));
#15949=CARTESIAN_POINT('',(52.5000003352761,0.,45.));
#15950=CARTESIAN_POINT('',(45.0000006705523,0.,35.));
#15951=CARTESIAN_POINT('',(45.0000006705523,0.,45.));
#15952=CARTESIAN_POINT('',(-7.49999966472387,0.,35.));
#15953=CARTESIAN_POINT('Origin',(45.0000006705523,-5.,45.));
#15954=CARTESIAN_POINT('',(45.0000006705523,-5.,-35.));
#15955=CARTESIAN_POINT('',(45.0000006705523,2.5,-35.));
#15956=CARTESIAN_POINT('',(45.0000006705523,-5.,-45.));
#15957=CARTESIAN_POINT('',(45.0000006705523,-5.,22.5));
#15958=CARTESIAN_POINT('',(45.0000006705523,2.5,-45.));
#15959=CARTESIAN_POINT('Origin',(45.0000006705523,-5.,45.));
#15960=CARTESIAN_POINT('',(45.0000006705523,-5.,35.));
#15961=CARTESIAN_POINT('',(45.0000006705523,2.5,35.));
#15962=CARTESIAN_POINT('',(45.0000006705523,-5.,45.));
#15963=CARTESIAN_POINT('',(45.0000006705523,2.5,45.));
#15964=CARTESIAN_POINT('',(45.0000006705523,-5.,22.5));
#15965=CARTESIAN_POINT('Origin',(-60.,10.,40.));
#15966=CARTESIAN_POINT('',(-60.,10.,45.));
#15967=CARTESIAN_POINT('',(-60.,10.,35.));
#15968=CARTESIAN_POINT('Origin',(-60.,10.,-40.));
#15969=CARTESIAN_POINT('',(-60.,10.,-35.));
#15970=CARTESIAN_POINT('',(-60.,10.,-45.));
#15971=CARTESIAN_POINT('Origin',(60.,10.,40.));
#15972=CARTESIAN_POINT('',(60.,10.,35.));
#15973=CARTESIAN_POINT('',(60.,10.,45.));
#15974=CARTESIAN_POINT('Origin',(60.,10.,45.));
#15975=CARTESIAN_POINT('',(-35.0000005215406,-5.00000007450581,45.));
#15976=CARTESIAN_POINT('',(60.,-5.,45.));
#15977=CARTESIAN_POINT('',(-35.0000005215406,-3.00000004470348,45.));
#15978=CARTESIAN_POINT('',(-35.0000005215406,2.4999999627471,45.));
#15979=CARTESIAN_POINT('',(-25.000000372529,-5.00000007450581,45.));
#15980=CARTESIAN_POINT('',(9.42307664797856,-11.8846154786073,45.));
#15981=CARTESIAN_POINT('',(-15.0000002235174,-5.00000007450581,45.));
#15982=CARTESIAN_POINT('',(60.,-5.,45.));
#15983=CARTESIAN_POINT('',(-15.0000002235174,-3.00000004470348,45.));
#15984=CARTESIAN_POINT('',(-15.0000002235174,2.4999999627471,45.));
#15985=CARTESIAN_POINT('',(-5.00000007450581,-5.00000007450581,45.));
#15986=CARTESIAN_POINT('',(19.8076921873368,-9.96153852687432,45.));
#15987=CARTESIAN_POINT('',(5.00000007450581,-5.00000007450581,45.));
#15988=CARTESIAN_POINT('',(60.,-5.,45.));
#15989=CARTESIAN_POINT('',(5.00000007450581,-3.00000004470348,45.));
#15990=CARTESIAN_POINT('',(5.00000007450581,2.4999999627471,45.));
#15991=CARTESIAN_POINT('',(15.0000002235174,-5.00000007450581,45.));
#15992=CARTESIAN_POINT('',(30.192307726695,-8.03846157514132,45.));
#15993=CARTESIAN_POINT('',(25.000000372529,-5.00000007450581,45.));
#15994=CARTESIAN_POINT('',(60.,-5.,45.));
#15995=CARTESIAN_POINT('',(25.000000372529,-3.00000004470348,45.));
#15996=CARTESIAN_POINT('',(25.000000372529,2.4999999627471,45.));
#15997=CARTESIAN_POINT('',(35.0000005215406,-5.00000007450581,45.));
#15998=CARTESIAN_POINT('',(40.5769232660532,-6.11538462340832,45.));
#15999=CARTESIAN_POINT('',(60.,-5.,45.));
#16000=CARTESIAN_POINT('Origin',(60.,10.,-35.));
#16001=CARTESIAN_POINT('',(-35.0000005215406,-5.00000007450581,-35.));
#16002=CARTESIAN_POINT('',(60.,-5.,-35.));
#16003=CARTESIAN_POINT('',(-35.0000005215406,-3.00000004470348,-35.));
#16004=CARTESIAN_POINT('',(-35.0000005215406,2.4999999627471,-35.));
#16005=CARTESIAN_POINT('',(-25.000000372529,-5.00000007450581,-35.));
#16006=CARTESIAN_POINT('',(9.42307664797856,-11.8846154786073,-35.));
#16007=CARTESIAN_POINT('',(-15.0000002235174,-5.00000007450581,-35.));
#16008=CARTESIAN_POINT('',(60.,-5.,-35.));
#16009=CARTESIAN_POINT('',(-15.0000002235174,-3.00000004470348,-35.));
#16010=CARTESIAN_POINT('',(-15.0000002235174,2.4999999627471,-35.));
#16011=CARTESIAN_POINT('',(-5.00000007450581,-5.00000007450581,-35.));
#16012=CARTESIAN_POINT('',(19.8076921873368,-9.96153852687432,-35.));
#16013=CARTESIAN_POINT('',(5.00000007450581,-5.00000007450581,-35.));
#16014=CARTESIAN_POINT('',(60.,-5.,-35.));
#16015=CARTESIAN_POINT('',(5.00000007450581,-3.00000004470348,-35.));
#16016=CARTESIAN_POINT('',(5.00000007450581,2.4999999627471,-35.));
#16017=CARTESIAN_POINT('',(15.0000002235174,-5.00000007450581,-35.));
#16018=CARTESIAN_POINT('',(30.192307726695,-8.03846157514132,-35.));
#16019=CARTESIAN_POINT('',(25.000000372529,-5.00000007450581,-35.));
#16020=CARTESIAN_POINT('',(60.,-5.,-35.));
#16021=CARTESIAN_POINT('',(25.000000372529,-3.00000004470348,-35.));
#16022=CARTESIAN_POINT('',(25.000000372529,2.4999999627471,-35.));
#16023=CARTESIAN_POINT('',(35.0000005215406,-5.00000007450581,-35.));
#16024=CARTESIAN_POINT('',(40.5769232660532,-6.11538462340832,-35.));
#16025=CARTESIAN_POINT('',(60.,-5.,-35.));
#16026=CARTESIAN_POINT('',(60.,10.,-35.));
#16027=CARTESIAN_POINT('Origin',(60.,10.,-40.));
#16028=CARTESIAN_POINT('',(60.,10.,-45.));
#16029=CARTESIAN_POINT('Origin',(5.00000007450581,-3.00000004470348,45.));
#16030=CARTESIAN_POINT('',(5.00000007450581,-3.00000004470348,-45.));
#16031=CARTESIAN_POINT('',(5.00000007450581,-3.00000004470348,45.));
#16032=CARTESIAN_POINT('',(15.0000002235174,-5.00000007450581,-45.));
#16033=CARTESIAN_POINT('',(-27.4999999656127,3.49999996332022,-45.));
#16034=CARTESIAN_POINT('',(14.9999998509884,-5.,22.5));
#16035=CARTESIAN_POINT('Origin',(5.00000007450581,-5.00000007450581,45.));
#16036=CARTESIAN_POINT('',(5.00000007450581,-5.00000007450581,-45.));
#16037=CARTESIAN_POINT('',(5.00000007450581,-5.,22.5));
#16038=CARTESIAN_POINT('',(5.00000007450581,2.4999999627471,-45.));
#16039=CARTESIAN_POINT('Origin',(5.00000007450581,-5.00000007450581,45.));
#16040=CARTESIAN_POINT('',(5.00000007450581,-3.00000004470348,35.));
#16041=CARTESIAN_POINT('',(5.00000007450581,-5.00000007450581,35.));
#16042=CARTESIAN_POINT('',(5.00000007450581,2.4999999627471,35.));
#16043=CARTESIAN_POINT('',(5.00000007450581,-3.00000004470348,45.));
#16044=CARTESIAN_POINT('',(5.00000007450581,-5.,22.5));
#16045=CARTESIAN_POINT('Origin',(5.00000007450581,-3.00000004470348,45.));
#16046=CARTESIAN_POINT('',(15.0000002235174,-5.00000007450581,35.));
#16047=CARTESIAN_POINT('',(-27.4999999656127,3.49999996332022,35.));
#16048=CARTESIAN_POINT('',(14.9999998509884,-5.,22.5));
#16049=CARTESIAN_POINT('Origin',(25.000000372529,-3.00000004470348,45.));
#16050=CARTESIAN_POINT('',(25.000000372529,-3.00000004470348,-45.));
#16051=CARTESIAN_POINT('',(25.000000372529,-3.00000004470348,45.));
#16052=CARTESIAN_POINT('',(35.0000005215406,-5.00000007450581,-45.));
#16053=CARTESIAN_POINT('',(-17.1153844262545,5.42307691505322,-45.));
#16054=CARTESIAN_POINT('',(35.0000001490116,-5.,22.5));
#16055=CARTESIAN_POINT('Origin',(25.000000372529,-5.00000007450581,45.));
#16056=CARTESIAN_POINT('',(25.000000372529,-5.00000007450581,-45.));
#16057=CARTESIAN_POINT('',(25.000000372529,-5.,22.5));
#16058=CARTESIAN_POINT('',(25.000000372529,2.4999999627471,-45.));
#16059=CARTESIAN_POINT('Origin',(25.000000372529,-5.00000007450581,45.));
#16060=CARTESIAN_POINT('',(25.000000372529,-3.00000004470348,35.));
#16061=CARTESIAN_POINT('',(25.000000372529,-5.00000007450581,35.));
#16062=CARTESIAN_POINT('',(25.000000372529,2.4999999627471,35.));
#16063=CARTESIAN_POINT('',(25.000000372529,-3.00000004470348,45.));
#16064=CARTESIAN_POINT('',(25.000000372529,-5.,22.5));
#16065=CARTESIAN_POINT('Origin',(25.000000372529,-3.00000004470348,45.));
#16066=CARTESIAN_POINT('',(35.0000005215406,-5.00000007450581,35.));
#16067=CARTESIAN_POINT('',(-17.1153844262545,5.42307691505322,35.));
#16068=CARTESIAN_POINT('',(35.0000001490116,-5.,22.5));
#16069=CARTESIAN_POINT('Origin',(-15.0000002235174,-3.00000004470348,45.));
#16070=CARTESIAN_POINT('',(-15.0000002235174,-3.00000004470348,-45.));
#16071=CARTESIAN_POINT('',(-15.0000002235174,-3.00000004470348,45.));
#16072=CARTESIAN_POINT('',(-5.00000007450581,-5.00000007450581,-45.));
#16073=CARTESIAN_POINT('',(-37.8846155049709,1.57692301158722,-45.));
#16074=CARTESIAN_POINT('',(-5.00000044703484,-5.,22.5));
#16075=CARTESIAN_POINT('Origin',(-15.0000002235174,-5.00000007450581,45.));
#16076=CARTESIAN_POINT('',(-15.0000002235174,-5.00000007450581,-45.));
#16077=CARTESIAN_POINT('',(-15.0000002235174,-5.,22.5));
#16078=CARTESIAN_POINT('',(-15.0000002235174,2.4999999627471,-45.));
#16079=CARTESIAN_POINT('Origin',(-15.0000002235174,-5.00000007450581,45.));
#16080=CARTESIAN_POINT('',(-15.0000002235174,-3.00000004470348,35.));
#16081=CARTESIAN_POINT('',(-15.0000002235174,-5.00000007450581,35.));
#16082=CARTESIAN_POINT('',(-15.0000002235174,2.4999999627471,35.));
#16083=CARTESIAN_POINT('',(-15.0000002235174,-3.00000004470348,45.));
#16084=CARTESIAN_POINT('',(-15.0000002235174,-5.,22.5));
#16085=CARTESIAN_POINT('Origin',(-15.0000002235174,-3.00000004470348,45.));
#16086=CARTESIAN_POINT('',(-5.00000007450581,-5.00000007450581,35.));
#16087=CARTESIAN_POINT('',(-37.8846155049709,1.57692301158722,35.));
#16088=CARTESIAN_POINT('',(-5.00000044703484,-5.,22.5));
#16089=CARTESIAN_POINT('Origin',(-35.0000005215406,-3.00000004470348,45.));
#16090=CARTESIAN_POINT('',(-35.0000005215406,-3.00000004470348,-45.));
#16091=CARTESIAN_POINT('',(-35.0000005215406,-3.00000004470348,45.));
#16092=CARTESIAN_POINT('',(-25.000000372529,-5.00000007450581,-45.));
#16093=CARTESIAN_POINT('',(-48.2692310443291,-0.346153940145786,-45.));
#16094=CARTESIAN_POINT('',(-25.0000007450581,-5.,22.5));
#16095=CARTESIAN_POINT('Origin',(-35.0000005215406,-5.00000007450581,45.));
#16096=CARTESIAN_POINT('',(-35.0000005215406,-5.00000007450581,-45.));
#16097=CARTESIAN_POINT('',(-35.0000005215406,-5.,22.5));
#16098=CARTESIAN_POINT('',(-35.0000005215406,2.4999999627471,-45.));
#16099=CARTESIAN_POINT('Origin',(-35.0000005215406,-5.00000007450581,45.));
#16100=CARTESIAN_POINT('',(-35.0000005215406,-3.00000004470348,35.));
#16101=CARTESIAN_POINT('',(-35.0000005215406,-5.00000007450581,35.));
#16102=CARTESIAN_POINT('',(-35.0000005215406,2.4999999627471,35.));
#16103=CARTESIAN_POINT('',(-35.0000005215406,-3.00000004470348,45.));
#16104=CARTESIAN_POINT('',(-35.0000005215406,-5.,22.5));
#16105=CARTESIAN_POINT('Origin',(-35.0000005215406,-3.00000004470348,45.));
#16106=CARTESIAN_POINT('',(-25.000000372529,-5.00000007450581,35.));
#16107=CARTESIAN_POINT('',(-48.2692310443291,-0.346153940145786,35.));
#16108=CARTESIAN_POINT('',(-25.0000007450581,-5.,22.5));
#16109=CARTESIAN_POINT('Origin',(0.,-5.,0.));
#16110=CARTESIAN_POINT('',(-60.,-5.,35.));
#16111=CARTESIAN_POINT('Origin',(0.,-5.,0.));
#16112=CARTESIAN_POINT('',(-60.,-5.,35.));
#16113=CARTESIAN_POINT('Origin',(0.,-5.,0.));
#16114=CARTESIAN_POINT('',(-60.,-5.,35.));
#16115=CARTESIAN_POINT('Origin',(0.,-5.,0.));
#16116=CARTESIAN_POINT('',(-60.,-5.,35.));
#16117=CARTESIAN_POINT('Origin',(0.,-5.,0.));
#16118=CARTESIAN_POINT('',(-60.,-5.,35.));
#16119=CARTESIAN_POINT('Origin',(-60.,10.,35.));
#16120=CARTESIAN_POINT('Origin',(0.,-5.,0.));
#16121=CARTESIAN_POINT('',(-60.,-5.,-45.));
#16122=CARTESIAN_POINT('Origin',(0.,-5.,0.));
#16123=CARTESIAN_POINT('',(-60.,-5.,-45.));
#16124=CARTESIAN_POINT('Origin',(0.,-5.,0.));
#16125=CARTESIAN_POINT('',(-60.,-5.,-45.));
#16126=CARTESIAN_POINT('Origin',(0.,-5.,0.));
#16127=CARTESIAN_POINT('',(-60.,-5.,-45.));
#16128=CARTESIAN_POINT('Origin',(0.,-5.,0.));
#16129=CARTESIAN_POINT('',(-60.,-5.,-45.));
#16130=CARTESIAN_POINT('Origin',(-60.,10.,-45.));
#16131=CARTESIAN_POINT('Origin',(20.,10.,14.));
#16132=CARTESIAN_POINT('',(20.,10.,-14.));
#16133=CARTESIAN_POINT('',(20.,10.,14.));
#16134=CARTESIAN_POINT('',(20.,10.,-14.));
#16135=CARTESIAN_POINT('',(20.,10.,-14.));
#16136=CARTESIAN_POINT('',(20.,10.,14.));
#16137=CARTESIAN_POINT('Origin',(-20.,10.,14.));
#16138=CARTESIAN_POINT('',(-20.,10.,14.));
#16139=CARTESIAN_POINT('',(20.,10.,14.));
#16140=CARTESIAN_POINT('',(-20.,10.,14.));
#16141=CARTESIAN_POINT('Origin',(-20.,10.,-14.));
#16142=CARTESIAN_POINT('',(-20.,10.,-14.));
#16143=CARTESIAN_POINT('',(-20.,10.,14.));
#16144=CARTESIAN_POINT('',(-20.,10.,-14.));
#16145=CARTESIAN_POINT('Origin',(20.,10.,-14.));
#16146=CARTESIAN_POINT('',(-20.,10.,-14.));
#16147=CARTESIAN_POINT('Origin',(-20.,10.,14.));
#16148=CARTESIAN_POINT('',(-12.6037915234213,3.79384419519256,6.60379152342133));
#16149=CARTESIAN_POINT('',(-14.8226540663949,5.65569093663479,-8.82265406639493));
#16150=CARTESIAN_POINT('Origin',(-20.,10.,-14.));
#16151=CARTESIAN_POINT('',(12.6037915234213,3.79384419519257,-6.60379152342133));
#16152=CARTESIAN_POINT('Origin',(20.,10.,-14.));
#16153=CARTESIAN_POINT('',(14.8226540663949,5.65569093663479,8.82265406639493));
#16154=CARTESIAN_POINT('Origin',(20.,10.,14.));
#16155=CARTESIAN_POINT('Origin',(80.,10.,-60.));
#16156=CARTESIAN_POINT('',(-80.,10.,-60.));
#16157=CARTESIAN_POINT('',(80.,10.,-60.));
#16158=CARTESIAN_POINT('Origin',(80.,10.,-55.));
#16159=CARTESIAN_POINT('',(85.,10.,-55.));
#16160=CARTESIAN_POINT('Origin',(85.,10.,-50.));
#16161=CARTESIAN_POINT('',(85.,10.,-50.));
#16162=CARTESIAN_POINT('Origin',(85.,10.,-45.));
#16163=CARTESIAN_POINT('',(85.,10.,-40.));
#16164=CARTESIAN_POINT('Origin',(85.,10.,40.));
#16165=CARTESIAN_POINT('',(85.,10.,40.));
#16166=CARTESIAN_POINT('Origin',(84.9999999999999,10.,45.));
#16167=CARTESIAN_POINT('',(85.,10.,50.));
#16168=CARTESIAN_POINT('Origin',(85.,10.,55.));
#16169=CARTESIAN_POINT('',(85.,10.,55.));
#16170=CARTESIAN_POINT('Origin',(80.,10.,55.));
#16171=CARTESIAN_POINT('',(80.,10.,60.));
#16172=CARTESIAN_POINT('Origin',(-80.,10.,60.));
#16173=CARTESIAN_POINT('',(-80.,10.,60.));
#16174=CARTESIAN_POINT('Origin',(-80.,10.,55.));
#16175=CARTESIAN_POINT('',(-85.,10.,55.));
#16176=CARTESIAN_POINT('Origin',(-85.,10.,50.));
#16177=CARTESIAN_POINT('',(-85.,10.,50.));
#16178=CARTESIAN_POINT('Origin',(-85.0000000000001,10.,45.));
#16179=CARTESIAN_POINT('',(-85.,10.,40.));
#16180=CARTESIAN_POINT('Origin',(-85.,10.,-40.));
#16181=CARTESIAN_POINT('',(-85.,10.,-40.));
#16182=CARTESIAN_POINT('Origin',(-85.,10.,-45.));
#16183=CARTESIAN_POINT('',(-85.,10.,-50.));
#16184=CARTESIAN_POINT('Origin',(-85.,10.,-55.));
#16185=CARTESIAN_POINT('',(-85.,10.,-55.));
#16186=CARTESIAN_POINT('Origin',(-80.,10.,-55.));
#16187=CARTESIAN_POINT('Origin',(-1.77635683940025E-14,20.,0.));
#16188=UNCERTAINTY_MEASURE_WITH_UNIT(LENGTH_MEASURE(0.01),#16192,
'DISTANCE_ACCURACY_VALUE',
'Maximum model space distance between geometric entities at asserted c
onnectivities');
#16189=UNCERTAINTY_MEASURE_WITH_UNIT(LENGTH_MEASURE(0.01),#16192,
'DISTANCE_ACCURACY_VALUE',
'Maximum model space distance between geometric entities at asserted c
onnectivities');
#16190=(
GEOMETRIC_REPRESENTATION_CONTEXT(3)
GLOBAL_UNCERTAINTY_ASSIGNED_CONTEXT((#16188))
GLOBAL_UNIT_ASSIGNED_CONTEXT((#16192,#16194,#16195))
REPRESENTATION_CONTEXT('','3D')
);
#16191=(
GEOMETRIC_REPRESENTATION_CONTEXT(3)
GLOBAL_UNCERTAINTY_ASSIGNED_CONTEXT((#16189))
GLOBAL_UNIT_ASSIGNED_CONTEXT((#16192,#16194,#16195))
REPRESENTATION_CONTEXT('','3D')
);
#16192=(
LENGTH_UNIT()
NAMED_UNIT(*)
SI_UNIT(.MILLI.,.METRE.)
);
#16193=(
LENGTH_UNIT()
NAMED_UNIT(*)
SI_UNIT($,.METRE.)
);
#16194=(
NAMED_UNIT(*)
PLANE_ANGLE_UNIT()
SI_UNIT($,.RADIAN.)
);
#16195=(
NAMED_UNIT(*)
SI_UNIT($,.STERADIAN.)
SOLID_ANGLE_UNIT()
);
#16196=SHAPE_DEFINITION_REPRESENTATION(#16197,#16198);
#16197=PRODUCT_DEFINITION_SHAPE('',$,#16200);
#16198=SHAPE_REPRESENTATION('',(#8780),#16190);
#16199=PRODUCT_DEFINITION_CONTEXT('part definition',#16204,'design');
#16200=PRODUCT_DEFINITION('2026-04-07-12-11-14-946',
'Top Pressure Plate',#16201,#16199);
#16201=PRODUCT_DEFINITION_FORMATION('',$,#16206);
#16202=PRODUCT_RELATED_PRODUCT_CATEGORY('Top Pressure Plate',
'Top Pressure Plate',(#16206));
#16203=APPLICATION_PROTOCOL_DEFINITION('international standard',
'automotive_design',2009,#16204);
#16204=APPLICATION_CONTEXT(
'Core Data for Automotive Mechanical Design Process');
#16205=PRODUCT_CONTEXT('part definition',#16204,'mechanical');
#16206=PRODUCT('2026-04-07-12-11-14-946','Top Pressure Plate',$,(#16205));
#16207=PRESENTATION_STYLE_ASSIGNMENT((#16208));
#16208=SURFACE_STYLE_USAGE(.BOTH.,#16209);
#16209=SURFACE_SIDE_STYLE('',(#16210));
#16210=SURFACE_STYLE_FILL_AREA(#16211);
#16211=FILL_AREA_STYLE('Steel - Satin',(#16212));
#16212=FILL_AREA_STYLE_COLOUR('Steel - Satin',#16213);
#16213=COLOUR_RGB('Steel - Satin',0.627450980392157,0.627450980392157,0.627450980392157);
ENDSEC;
END-ISO-10303-21;
